user_id,transaction_id,transaction_amount,transaction_count_7d,transaction_count_30d,avg_transaction_amount_30d,is_weekend,device_type,location_city,is_fraud,event_timestamp,created_timestamp
1,1477,103.23,1,1,103.23,True,mobile,Surabaya,False,2026-01-17 04:33:45.293181,2026-03-02 03:05:12.293181
1,5000,69.77,2,2,86.5,False,web,Bandung,False,2026-01-23 02:41:14.293181,2026-03-02 03:05:12.293181
1,244,18.22,1,3,63.74,False,mobile,Surabaya,False,2026-02-05 17:14:26.293181,2026-03-02 03:05:12.293181
1,4962,91.95,2,4,70.79,False,mobile,Surabaya,False,2026-02-11 23:02:09.293181,2026-03-02 03:05:12.293181
1,2763,17.51,1,3,42.56,False,web,Jakarta,False,2026-02-23 06:02:15.293181,2026-03-02 03:05:12.293181
1,717,38.76,2,4,41.61,False,mobile,Semarang,False,2026-02-25 09:11:11.293181,2026-03-02 03:05:12.293181
1,769,43.95,3,5,42.08,False,mobile,Semarang,False,2026-02-27 04:01:52.293181,2026-03-02 03:05:12.293181
2,1565,263.75,1,1,263.75,True,web,Medan,False,2026-01-04 23:17:48.293181,2026-03-02 03:05:12.293181
2,1339,17.02,1,2,140.38,False,mobile,Semarang,False,2026-01-15 17:20:54.293181,2026-03-02 03:05:12.293181
2,565,86.55,1,3,122.44,False,mobile,Jakarta,False,2026-01-28 22:43:28.293181,2026-03-02 03:05:12.293181
2,213,101.57,2,4,117.22,True,mobile,Surabaya,False,2026-02-01 22:23:52.293181,2026-03-02 03:05:12.293181
2,408,69.55,1,4,68.67,False,mobile,Medan,False,2026-02-13 15:26:42.293181,2026-03-02 03:05:12.293181
2,2003,148.59,2,4,101.56,False,mobile,Semarang,False,2026-02-17 16:39:12.293181,2026-03-02 03:05:12.293181
2,4908,35.72,3,5,88.4,False,mobile,Bandung,False,2026-02-18 13:04:07.293181,2026-03-02 03:05:12.293181
2,3768,31.46,1,6,78.91,False,web,Medan,False,2026-02-26 22:26:17.293181,2026-03-02 03:05:12.293181
2,3825,171.48,2,6,93.06,True,mobile,Surabaya,False,2026-02-28 22:05:24.293181,2026-03-02 03:05:12.293181
3,2720,60.53,1,1,60.53,False,mobile,Medan,False,2026-02-03 10:19:15.293181,2026-03-02 03:05:12.293181
3,3529,15.37,2,2,37.95,False,mobile,Jakarta,False,2026-02-03 12:59:17.293181,2026-03-02 03:05:12.293181
3,834,35.46,3,3,37.12,False,web,Surabaya,False,2026-02-05 11:55:12.293181,2026-03-02 03:05:12.293181
3,4643,159.65,4,4,67.75,False,mobile,Medan,False,2026-02-06 11:29:29.293181,2026-03-02 03:05:12.293181
3,4333,42.79,1,5,62.76,False,web,Medan,False,2026-02-19 15:11:57.293181,2026-03-02 03:05:12.293181
4,39,67.0,1,1,67.0,True,mobile,Semarang,False,2026-01-04 16:06:15.293181,2026-03-02 03:05:12.293181
4,3645,11.0,2,2,39.0,True,web,Jakarta,True,2026-01-10 03:27:14.293181,2026-03-02 03:05:12.293181
4,4408,53.42,2,3,43.81,False,mobile,Medan,False,2026-01-12 05:57:20.293181,2026-03-02 03:05:12.293181
4,4137,738.08,3,4,217.38,False,mobile,Surabaya,False,2026-01-13 02:13:27.293181,2026-03-02 03:05:12.293181
4,2282,92.66,2,5,192.43,False,web,Jakarta,False,2026-01-19 23:13:06.293181,2026-03-02 03:05:12.293181
4,2213,19.79,1,6,163.66,True,mobile,Jakarta,False,2026-01-31 12:34:08.293181,2026-03-02 03:05:12.293181
4,4112,30.19,2,7,144.59,True,mobile,Semarang,False,2026-02-01 13:09:54.293181,2026-03-02 03:05:12.293181
4,941,23.14,3,7,138.33,True,mobile,Bandung,False,2026-02-07 02:40:51.293181,2026-03-02 03:05:12.293181
4,2294,102.38,2,5,53.63,False,mobile,Bandung,False,2026-02-12 21:34:01.293181,2026-03-02 03:05:12.293181
4,312,51.33,1,5,45.37,False,mobile,Surabaya,True,2026-02-20 15:01:46.293181,2026-03-02 03:05:12.293181
5,1724,346.45,1,1,346.45,False,mobile,Surabaya,False,2025-12-31 06:52:55.293181,2026-03-02 03:05:12.293181
5,4200,27.0,2,2,186.72,False,mobile,Surabaya,False,2026-01-02 22:33:17.293181,2026-03-02 03:05:12.293181
5,3585,61.73,1,3,145.06,False,mobile,Surabaya,False,2026-01-12 08:43:17.293181,2026-03-02 03:05:12.293181
5,3259,152.64,2,4,146.95,False,mobile,Jakarta,False,2026-01-12 10:42:17.293181,2026-03-02 03:05:12.293181
5,4121,19.98,3,5,121.56,False,mobile,Medan,False,2026-01-12 18:13:10.293181,2026-03-02 03:05:12.293181
5,1765,27.61,1,6,105.9,False,mobile,Surabaya,False,2026-01-21 18:40:46.293181,2026-03-02 03:05:12.293181
5,578,55.36,1,5,63.46,False,mobile,Jakarta,False,2026-02-09 03:59:07.293181,2026-03-02 03:05:12.293181
5,523,415.49,2,6,122.14,False,mobile,Jakarta,False,2026-02-10 20:13:44.293181,2026-03-02 03:05:12.293181
5,494,97.61,3,4,149.02,False,web,Surabaya,False,2026-02-12 03:21:48.293181,2026-03-02 03:05:12.293181
5,4735,94.4,1,4,165.72,True,web,Medan,False,2026-02-21 04:09:55.293181,2026-03-02 03:05:12.293181
6,1172,128.24,1,1,128.24,False,mobile,Semarang,False,2026-01-01 12:29:59.293181,2026-03-02 03:05:12.293181
6,4546,20.57,2,2,74.4,False,web,Jakarta,False,2026-01-05 16:49:11.293181,2026-03-02 03:05:12.293181
6,3658,16.49,1,3,55.1,False,mobile,Jakarta,False,2026-01-12 16:51:04.293181,2026-03-02 03:05:12.293181
6,196,50.84,1,1,50.84,True,web,Surabaya,False,2026-02-28 12:21:48.293181,2026-03-02 03:05:12.293181
7,4362,46.35,1,1,46.35,False,mobile,Jakarta,False,2026-02-05 06:04:55.293181,2026-03-02 03:05:12.293181
7,1266,196.9,2,2,121.62,True,mobile,Bandung,True,2026-02-07 12:45:07.293181,2026-03-02 03:05:12.293181
7,1103,97.01,1,3,113.42,False,web,Jakarta,False,2026-02-18 09:45:39.293181,2026-03-02 03:05:12.293181
7,4141,35.5,1,4,93.94,False,mobile,Surabaya,False,2026-02-26 18:02:42.293181,2026-03-02 03:05:12.293181
8,390,105.91,1,1,105.91,True,mobile,Surabaya,False,2026-01-17 09:47:56.293181,2026-03-02 03:05:12.293181
8,1515,17.92,2,2,61.92,True,mobile,Surabaya,False,2026-01-18 07:27:50.293181,2026-03-02 03:05:12.293181
8,1629,77.78,1,3,67.2,False,mobile,Semarang,False,2026-01-28 19:02:52.293181,2026-03-02 03:05:12.293181
8,1247,2.16,1,4,50.94,True,mobile,Surabaya,False,2026-02-07 21:24:26.293181,2026-03-02 03:05:12.293181
8,4000,35.98,2,5,47.95,False,mobile,Medan,False,2026-02-11 03:33:21.293181,2026-03-02 03:05:12.293181
8,3616,52.03,2,6,48.63,False,web,Bandung,False,2026-02-16 05:46:55.293181,2026-03-02 03:05:12.293181
8,2017,84.06,2,5,50.4,False,mobile,Semarang,False,2026-02-20 00:29:35.293181,2026-03-02 03:05:12.293181
8,1867,70.39,2,6,53.73,False,web,Bandung,True,2026-02-26 20:21:25.293181,2026-03-02 03:05:12.293181
9,4242,15.77,1,1,15.77,False,mobile,Surabaya,False,2026-01-08 09:11:01.293181,2026-03-02 03:05:12.293181
9,4142,16.41,2,2,16.09,False,web,Jakarta,False,2026-01-09 18:59:16.293181,2026-03-02 03:05:12.293181
9,4136,208.58,1,3,80.25,False,mobile,Semarang,False,2026-01-19 16:35:04.293181,2026-03-02 03:05:12.293181
9,4955,80.88,1,4,80.41,False,mobile,Bandung,False,2026-01-30 21:59:08.293181,2026-03-02 03:05:12.293181
9,2794,155.58,2,5,95.44,False,web,Semarang,False,2026-02-03 16:30:24.293181,2026-03-02 03:05:12.293181
9,1191,91.82,2,5,110.65,True,web,Surabaya,False,2026-02-07 12:42:00.293181,2026-03-02 03:05:12.293181
9,3346,34.98,2,5,114.37,False,web,Medan,False,2026-02-10 18:32:27.293181,2026-03-02 03:05:12.293181
9,4053,47.7,2,6,103.26,False,mobile,Surabaya,False,2026-02-17 01:49:58.293181,2026-03-02 03:05:12.293181
9,2754,8.01,2,7,89.65,False,web,Medan,False,2026-02-18 14:17:16.293181,2026-03-02 03:05:12.293181
9,2024,24.25,3,7,63.32,False,mobile,Surabaya,False,2026-02-23 13:07:13.293181,2026-03-02 03:05:12.293181
9,4148,45.06,2,8,61.04,False,mobile,Surabaya,False,2026-02-25 20:04:46.293181,2026-03-02 03:05:12.293181
9,3858,182.25,3,9,74.5,False,web,Jakarta,False,2026-02-25 20:59:27.293181,2026-03-02 03:05:12.293181
10,2723,73.37,1,1,73.37,False,mobile,Medan,False,2026-01-02 02:27:15.293181,2026-03-02 03:05:12.293181
10,248,265.69,2,2,169.53,True,mobile,Surabaya,False,2026-01-03 16:51:30.293181,2026-03-02 03:05:12.293181
10,2316,37.69,1,3,125.58,True,mobile,Semarang,False,2026-01-18 20:07:57.293181,2026-03-02 03:05:12.293181
10,2558,50.24,1,2,43.96,False,mobile,Medan,False,2026-02-03 06:01:01.293181,2026-03-02 03:05:12.293181
10,3394,212.35,2,3,100.09,False,mobile,Surabaya,False,2026-02-03 18:46:44.293181,2026-03-02 03:05:12.293181
10,1014,56.58,3,4,89.21,False,mobile,Medan,False,2026-02-06 08:48:12.293181,2026-03-02 03:05:12.293181
11,1033,32.9,1,1,32.9,False,mobile,Jakarta,False,2026-01-02 10:32:01.293181,2026-03-02 03:05:12.293181
11,2784,17.01,1,2,24.96,False,mobile,Medan,False,2026-01-12 13:56:03.293181,2026-03-02 03:05:12.293181
11,1420,40.38,1,3,30.1,False,web,Medan,False,2026-01-21 10:36:07.293181,2026-03-02 03:05:12.293181
11,934,21.75,1,4,28.01,False,mobile,Semarang,False,2026-01-30 21:23:43.293181,2026-03-02 03:05:12.293181
11,306,56.1,1,2,38.92,False,mobile,Surabaya,False,2026-02-27 20:27:27.293181,2026-03-02 03:05:12.293181
11,1978,144.59,2,3,74.15,True,mobile,Surabaya,False,2026-02-28 09:30:49.293181,2026-03-02 03:05:12.293181
11,2332,48.04,3,4,67.62,True,web,Semarang,False,2026-03-01 01:44:17.293181,2026-03-02 03:05:12.293181
12,3827,31.37,1,1,31.37,True,mobile,Medan,False,2026-01-10 23:02:48.293181,2026-03-02 03:05:12.293181
12,3764,64.66,1,2,48.02,False,mobile,Medan,False,2026-01-30 04:28:56.293181,2026-03-02 03:05:12.293181
12,4604,24.42,1,3,40.15,False,mobile,Jakarta,False,2026-02-06 22:13:58.293181,2026-03-02 03:05:12.293181
12,3236,47.03,2,3,45.37,False,mobile,Bandung,False,2026-02-10 21:40:34.293181,2026-03-02 03:05:12.293181
12,1760,77.95,1,4,53.52,False,web,Bandung,False,2026-02-23 22:17:51.293181,2026-03-02 03:05:12.293181
13,1887,14.71,1,1,14.71,False,mobile,Jakarta,False,2026-01-09 00:37:23.293181,2026-03-02 03:05:12.293181
13,632,97.03,1,2,55.87,True,mobile,Bandung,False,2026-01-18 08:08:35.293181,2026-03-02 03:05:12.293181
13,3,20.5,2,3,44.08,False,web,Surabaya,False,2026-01-23 18:51:05.293181,2026-03-02 03:05:12.293181
13,4569,7.85,2,4,35.02,False,web,Semarang,False,2026-01-28 16:38:38.293181,2026-03-02 03:05:12.293181
13,811,76.61,1,4,50.5,False,mobile,Surabaya,False,2026-02-11 11:42:29.293181,2026-03-02 03:05:12.293181
13,668,53.26,1,3,45.91,False,web,Semarang,False,2026-02-24 01:24:58.293181,2026-03-02 03:05:12.293181
14,4351,43.42,1,1,43.42,False,mobile,Medan,False,2026-01-06 11:10:39.293181,2026-03-02 03:05:12.293181
14,3360,17.65,2,2,30.54,True,mobile,Bandung,False,2026-01-11 06:48:22.293181,2026-03-02 03:05:12.293181
14,1063,45.82,2,3,35.63,False,mobile,Jakarta,False,2026-01-14 22:57:37.293181,2026-03-02 03:05:12.293181
14,3038,48.15,3,4,38.76,False,web,Bandung,False,2026-01-16 17:35:07.293181,2026-03-02 03:05:12.293181
14,25,20.4,3,5,35.09,False,mobile,Surabaya,False,2026-01-21 10:58:48.293181,2026-03-02 03:05:12.293181
14,1410,183.07,2,6,59.75,False,mobile,Bandung,False,2026-01-27 04:45:37.293181,2026-03-02 03:05:12.293181
14,4467,349.33,3,7,101.12,False,web,Surabaya,False,2026-01-27 05:47:52.293181,2026-03-02 03:05:12.293181
14,2197,41.38,3,8,93.65,False,web,Bandung,False,2026-01-29 20:30:13.293181,2026-03-02 03:05:12.293181
14,986,4.48,4,9,83.74,True,mobile,Surabaya,True,2026-01-31 10:52:19.293181,2026-03-02 03:05:12.293181
14,980,129.68,1,7,110.93,True,web,Semarang,False,2026-02-14 19:01:17.293181,2026-03-02 03:05:12.293181
14,2685,47.05,2,7,110.77,False,mobile,Semarang,False,2026-02-19 05:54:34.293181,2026-03-02 03:05:12.293181
14,2015,21.1,3,7,110.87,False,mobile,Jakarta,False,2026-02-20 16:46:24.293181,2026-03-02 03:05:12.293181
14,2974,70.66,2,6,52.39,False,web,Semarang,False,2026-02-27 00:01:52.293181,2026-03-02 03:05:12.293181
15,1687,12.39,1,1,12.39,True,mobile,Surabaya,False,2026-01-03 07:54:24.293181,2026-03-02 03:05:12.293181
15,1154,63.64,2,2,38.02,False,mobile,Bandung,False,2026-01-06 22:45:04.293181,2026-03-02 03:05:12.293181
15,2204,57.55,2,3,44.53,False,mobile,Bandung,False,2026-01-12 12:03:07.293181,2026-03-02 03:05:12.293181
15,3140,55.69,1,4,47.32,False,web,Medan,False,2026-01-21 17:29:01.293181,2026-03-02 03:05:12.293181
15,1505,73.35,2,5,52.52,False,mobile,Jakarta,False,2026-01-26 13:43:14.293181,2026-03-02 03:05:12.293181
15,4634,320.29,3,6,97.15,False,web,Surabaya,False,2026-01-27 08:21:40.293181,2026-03-02 03:05:12.293181
15,2696,31.17,3,7,87.73,False,web,Jakarta,False,2026-01-28 20:01:49.293181,2026-03-02 03:05:12.293181
15,965,40.88,4,8,81.87,False,mobile,Semarang,False,2026-01-29 15:02:27.293181,2026-03-02 03:05:12.293181
15,688,64.37,5,9,79.93,False,mobile,Surabaya,True,2026-01-30 06:22:20.293181,2026-03-02 03:05:12.293181
16,4757,16.94,1,1,16.94,False,mobile,Medan,False,2026-01-01 08:44:29.293181,2026-03-02 03:05:12.293181
16,2058,88.07,1,2,52.5,False,mobile,Jakarta,False,2026-01-20 00:30:16.293181,2026-03-02 03:05:12.293181
16,2934,44.01,2,3,49.67,False,mobile,Bandung,False,2026-01-20 08:17:30.293181,2026-03-02 03:05:12.293181
16,19,39.64,3,4,47.16,True,mobile,Semarang,False,2026-01-25 02:46:42.293181,2026-03-02 03:05:12.293181
16,1028,144.16,1,4,78.97,False,mobile,Jakarta,False,2026-02-13 13:38:10.293181,2026-03-02 03:05:12.293181
16,2225,59.18,1,3,80.99,False,mobile,Semarang,False,2026-02-23 07:44:35.293181,2026-03-02 03:05:12.293181
16,3155,515.61,2,3,239.65,False,mobile,Medan,False,2026-02-27 11:00:42.293181,2026-03-02 03:05:12.293181
16,4294,213.01,3,4,232.99,True,web,Medan,False,2026-02-28 05:10:19.293181,2026-03-02 03:05:12.293181
17,1944,99.94,1,1,99.94,True,mobile,Medan,False,2026-01-03 07:32:11.293181,2026-03-02 03:05:12.293181
17,2952,63.55,2,2,81.74,False,web,Surabaya,False,2026-01-06 12:04:13.293181,2026-03-02 03:05:12.293181
17,4237,45.9,3,3,69.8,False,mobile,Medan,False,2026-01-08 21:53:27.293181,2026-03-02 03:05:12.293181
17,4803,21.34,4,4,57.68,False,mobile,Bandung,False,2026-01-09 02:42:28.293181,2026-03-02 03:05:12.293181
17,4191,53.76,3,5,56.9,False,mobile,Surabaya,False,2026-01-14 13:27:38.293181,2026-03-02 03:05:12.293181
17,4762,141.56,1,6,71.01,True,web,Bandung,False,2026-01-25 00:52:24.293181,2026-03-02 03:05:12.293181
17,3388,53.75,2,7,68.54,False,mobile,Medan,False,2026-01-28 20:51:05.293181,2026-03-02 03:05:12.293181
17,1346,39.97,2,7,59.98,False,mobile,Semarang,False,2026-02-03 20:59:42.293181,2026-03-02 03:05:12.293181
17,3849,15.27,2,5,60.86,False,mobile,Medan,False,2026-02-09 18:05:15.293181,2026-03-02 03:05:12.293181
17,133,65.95,3,6,61.71,False,web,Bandung,False,2026-02-09 23:56:30.293181,2026-03-02 03:05:12.293181
17,320,50.83,3,6,61.22,False,web,Jakarta,False,2026-02-13 19:27:09.293181,2026-03-02 03:05:12.293181
17,3785,60.02,2,7,61.05,False,web,Surabaya,False,2026-02-17 19:47:29.293181,2026-03-02 03:05:12.293181
17,18,10.22,1,7,42.29,False,mobile,Jakarta,False,2026-02-25 07:46:18.293181,2026-03-02 03:05:12.293181
18,2941,23.48,1,1,23.48,False,mobile,Medan,False,2026-01-01 06:28:30.293181,2026-03-02 03:05:12.293181
18,1809,37.37,1,1,37.37,False,mobile,Medan,False,2026-02-04 15:59:54.293181,2026-03-02 03:05:12.293181
18,4103,25.3,2,2,31.34,False,mobile,Medan,False,2026-02-09 04:07:03.293181,2026-03-02 03:05:12.293181
18,3864,180.1,1,3,80.92,False,web,Jakarta,False,2026-02-18 15:22:10.293181,2026-03-02 03:05:12.293181
19,2832,61.88,1,1,61.88,False,web,Bandung,False,2026-01-08 00:36:10.293181,2026-03-02 03:05:12.293181
19,3571,125.75,1,2,93.82,True,web,Surabaya,False,2026-01-17 20:55:36.293181,2026-03-02 03:05:12.293181
19,1664,56.61,2,3,81.41,False,mobile,Jakarta,False,2026-01-21 10:59:11.293181,2026-03-02 03:05:12.293181
19,587,28.88,1,4,68.28,False,mobile,Bandung,False,2026-02-02 09:42:19.293181,2026-03-02 03:05:12.293181
19,2849,941.79,2,5,242.98,False,mobile,Jakarta,False,2026-02-02 22:44:57.293181,2026-03-02 03:05:12.293181
19,1614,29.41,3,6,207.39,False,mobile,Medan,True,2026-02-06 00:13:46.293181,2026-03-02 03:05:12.293181
19,1464,100.93,1,4,275.25,True,mobile,Medan,False,2026-02-22 18:29:44.293181,2026-03-02 03:05:12.293181
19,4512,11.36,2,5,222.47,False,mobile,Bandung,False,2026-02-24 17:49:57.293181,2026-03-02 03:05:12.293181
20,3311,249.61,1,1,249.61,False,mobile,Medan,False,2026-01-01 09:19:22.293181,2026-03-02 03:05:12.293181
20,653,170.68,2,2,210.14,False,mobile,Bandung,False,2026-01-07 06:10:57.293181,2026-03-02 03:05:12.293181
20,2584,545.83,1,3,322.04,False,mobile,Semarang,False,2026-01-26 01:49:26.293181,2026-03-02 03:05:12.293181
20,3584,93.4,2,4,264.88,False,mobile,Surabaya,False,2026-01-29 08:34:06.293181,2026-03-02 03:05:12.293181
20,1910,41.26,3,5,220.16,False,web,Jakarta,False,2026-01-29 09:09:19.293181,2026-03-02 03:05:12.293181
20,2432,30.31,1,5,176.3,False,web,Semarang,False,2026-02-05 19:03:10.293181,2026-03-02 03:05:12.293181
20,697,10.62,1,4,43.9,False,mobile,Jakarta,False,2026-02-25 17:33:42.293181,2026-03-02 03:05:12.293181
20,3561,67.42,2,5,48.6,True,mobile,Surabaya,False,2026-02-28 07:51:59.293181,2026-03-02 03:05:12.293181
20,2707,264.84,3,4,93.3,True,mobile,Semarang,False,2026-03-01 22:06:02.293181,2026-03-02 03:05:12.293181
21,466,187.15,1,1,187.15,True,mobile,Bandung,False,2026-01-04 06:22:55.293181,2026-03-02 03:05:12.293181
21,1026,12.75,1,2,99.95,False,mobile,Bandung,False,2026-01-12 09:19:56.293181,2026-03-02 03:05:12.293181
21,1805,41.97,1,3,80.62,True,mobile,Semarang,False,2026-01-25 12:58:55.293181,2026-03-02 03:05:12.293181
21,3309,83.83,2,4,81.42,False,mobile,Bandung,False,2026-01-29 08:23:46.293181,2026-03-02 03:05:12.293181
21,2478,94.29,3,5,84.0,True,mobile,Semarang,False,2026-02-01 09:03:14.293181,2026-03-02 03:05:12.293181
21,1403,31.53,3,6,75.25,False,mobile,Semarang,False,2026-02-02 12:42:52.293181,2026-03-02 03:05:12.293181
21,3981,64.85,3,6,54.87,False,mobile,Medan,False,2026-02-05 19:34:09.293181,2026-03-02 03:05:12.293181
21,603,79.0,2,7,58.32,False,mobile,Surabaya,False,2026-02-10 16:29:53.293181,2026-03-02 03:05:12.293181
21,1426,21.25,1,7,59.53,False,web,Bandung,True,2026-02-18 23:21:47.293181,2026-03-02 03:05:12.293181
22,4217,266.95,1,1,266.95,False,mobile,Surabaya,False,2025-12-31 21:43:17.293181,2026-03-02 03:05:12.293181
22,1093,175.03,2,2,220.99,False,mobile,Medan,False,2026-01-01 10:34:35.293181,2026-03-02 03:05:12.293181
22,2911,103.99,3,3,181.99,False,mobile,Medan,False,2026-01-07 07:34:40.293181,2026-03-02 03:05:12.293181
22,2453,37.18,2,4,145.79,True,mobile,Medan,False,2026-01-10 03:51:29.293181,2026-03-02 03:05:12.293181
22,3137,153.83,3,5,147.4,False,web,Surabaya,False,2026-01-13 13:57:29.293181,2026-03-02 03:05:12.293181
22,595,233.5,2,6,161.75,True,mobile,Bandung,False,2026-01-18 02:56:12.293181,2026-03-02 03:05:12.293181
22,2839,25.08,3,7,142.22,True,mobile,Surabaya,False,2026-01-18 08:09:22.293181,2026-03-02 03:05:12.293181
22,3484,33.74,1,6,97.89,True,web,Bandung,False,2026-02-01 09:15:47.293181,2026-03-02 03:05:12.293181
22,2314,65.59,1,2,49.67,False,web,Medan,False,2026-02-18 06:53:56.293181,2026-03-02 03:05:12.293181
22,4788,302.71,2,3,134.01,False,web,Semarang,False,2026-02-20 16:58:26.293181,2026-03-02 03:05:12.293181
23,4533,5.28,1,1,5.28,False,mobile,Semarang,False,2026-01-02 14:56:38.293181,2026-03-02 03:05:12.293181
23,3873,11.02,2,2,8.15,True,mobile,Medan,False,2026-01-03 19:41:45.293181,2026-03-02 03:05:12.293181
23,564,71.3,3,3,29.2,True,mobile,Semarang,False,2026-01-04 20:00:13.293181,2026-03-02 03:05:12.293181
23,2605,92.58,1,4,45.04,False,mobile,Jakarta,True,2026-01-14 09:38:51.293181,2026-03-02 03:05:12.293181
23,2835,112.82,1,5,58.6,False,mobile,Bandung,False,2026-01-22 15:10:58.293181,2026-03-02 03:05:12.293181
23,714,62.87,2,6,59.31,False,web,Semarang,False,2026-01-28 10:00:02.293181,2026-03-02 03:05:12.293181
23,62,75.01,3,7,61.55,False,mobile,Surabaya,False,2026-01-28 16:39:22.293181,2026-03-02 03:05:12.293181
23,2788,101.28,3,8,66.52,False,web,Jakarta,False,2026-01-29 22:52:25.293181,2026-03-02 03:05:12.293181
23,2047,19.35,4,9,61.28,True,mobile,Medan,False,2026-01-31 09:20:14.293181,2026-03-02 03:05:12.293181
23,4600,67.26,5,9,68.17,True,web,Medan,False,2026-02-01 20:57:03.293181,2026-03-02 03:05:12.293181
23,2810,20.08,1,7,65.52,False,mobile,Bandung,False,2026-02-17 14:45:27.293181,2026-03-02 03:05:12.293181
23,1598,96.57,2,7,63.2,True,web,Semarang,False,2026-02-21 17:26:20.293181,2026-03-02 03:05:12.293181
24,3773,27.13,1,1,27.13,True,web,Surabaya,False,2026-01-04 07:23:04.293181,2026-03-02 03:05:12.293181
24,4227,162.96,2,2,95.04,True,mobile,Bandung,False,2026-01-04 11:41:16.293181,2026-03-02 03:05:12.293181
24,3271,8.03,3,3,66.04,False,mobile,Surabaya,False,2026-01-05 03:08:24.293181,2026-03-02 03:05:12.293181
24,812,18.41,4,4,54.13,True,web,Surabaya,False,2026-01-10 02:37:19.293181,2026-03-02 03:05:12.293181
24,1252,153.17,2,5,73.94,False,mobile,Bandung,False,2026-01-12 07:22:20.293181,2026-03-02 03:05:12.293181
24,4047,33.93,3,6,67.27,False,mobile,Semarang,False,2026-01-13 12:51:23.293181,2026-03-02 03:05:12.293181
24,83,17.25,1,7,60.13,False,mobile,Jakarta,False,2026-01-21 04:55:12.293181,2026-03-02 03:05:12.293181
24,3310,213.17,2,8,79.26,False,mobile,Medan,False,2026-01-23 04:49:23.293181,2026-03-02 03:05:12.293181
24,1908,49.2,2,9,75.92,False,mobile,Bandung,False,2026-01-29 08:09:54.293181,2026-03-02 03:05:12.293181
24,3142,61.08,2,10,74.43,False,web,Surabaya,False,2026-02-02 21:04:48.293181,2026-03-02 03:05:12.293181
24,2277,17.55,1,5,71.65,False,mobile,Jakarta,False,2026-02-18 03:35:08.293181,2026-03-02 03:05:12.293181
24,1688,28.82,1,4,39.16,False,mobile,Semarang,False,2026-02-27 17:47:09.293181,2026-03-02 03:05:12.293181
24,4949,37.3,2,4,36.19,True,mobile,Semarang,False,2026-02-28 21:44:20.293181,2026-03-02 03:05:12.293181
25,4948,120.26,1,1,120.26,False,web,Bandung,False,2026-01-05 21:19:40.293181,2026-03-02 03:05:12.293181
25,3247,153.47,2,2,136.86,False,mobile,Bandung,False,2026-01-08 17:51:41.293181,2026-03-02 03:05:12.293181
25,2740,31.59,3,3,101.77,False,web,Surabaya,False,2026-01-12 11:23:08.293181,2026-03-02 03:05:12.293181
25,3921,107.0,3,4,103.08,False,web,Medan,False,2026-01-12 21:39:06.293181,2026-03-02 03:05:12.293181
25,3870,23.17,1,5,87.1,False,web,Medan,True,2026-01-20 05:49:29.293181,2026-03-02 03:05:12.293181
25,2857,75.85,1,6,85.22,False,mobile,Bandung,False,2026-01-29 11:24:22.293181,2026-03-02 03:05:12.293181
25,175,30.23,1,2,53.04,True,web,Semarang,False,2026-02-21 05:47:54.293181,2026-03-02 03:05:12.293181
25,4110,16.48,2,3,40.85,True,mobile,Jakarta,False,2026-02-28 04:55:51.293181,2026-03-02 03:05:12.293181
26,1979,135.56,1,1,135.56,True,web,Bandung,True,2026-01-03 08:52:49.293181,2026-03-02 03:05:12.293181
26,438,199.75,2,2,167.66,True,web,Jakarta,False,2026-01-04 15:01:03.293181,2026-03-02 03:05:12.293181
26,3512,98.65,3,3,144.65,False,web,Semarang,False,2026-01-08 09:17:25.293181,2026-03-02 03:05:12.293181
26,1772,34.61,1,4,117.14,False,web,Bandung,False,2026-01-30 03:26:12.293181,2026-03-02 03:05:12.293181
26,3248,4.3,1,2,19.45,True,mobile,Semarang,False,2026-02-07 17:48:27.293181,2026-03-02 03:05:12.293181
26,3208,73.59,2,3,37.5,False,web,Bandung,False,2026-02-10 09:12:56.293181,2026-03-02 03:05:12.293181
26,386,90.68,2,4,50.8,True,mobile,Semarang,False,2026-02-15 06:55:51.293181,2026-03-02 03:05:12.293181
26,994,15.56,2,5,43.75,False,web,Semarang,False,2026-02-17 17:30:10.293181,2026-03-02 03:05:12.293181
26,850,16.38,2,6,39.19,True,web,Semarang,False,2026-02-22 13:21:12.293181,2026-03-02 03:05:12.293181
26,2250,55.39,2,7,41.5,False,mobile,Jakarta,False,2026-02-26 05:27:18.293181,2026-03-02 03:05:12.293181
27,3519,35.43,1,1,35.43,True,mobile,Surabaya,False,2026-01-03 14:47:13.293181,2026-03-02 03:05:12.293181
27,3273,141.37,1,2,88.4,False,mobile,Surabaya,False,2026-01-14 09:21:57.293181,2026-03-02 03:05:12.293181
27,1017,45.24,2,3,74.01,True,web,Semarang,False,2026-01-17 21:02:55.293181,2026-03-02 03:05:12.293181
27,4987,36.19,3,4,64.56,False,mobile,Surabaya,False,2026-01-19 03:42:59.293181,2026-03-02 03:05:12.293181
27,3373,60.35,4,5,63.72,False,mobile,Jakarta,False,2026-01-20 22:47:18.293181,2026-03-02 03:05:12.293181
27,1493,38.19,3,6,59.46,True,mobile,Surabaya,False,2026-01-25 16:21:24.293181,2026-03-02 03:05:12.293181
27,558,18.44,2,7,53.6,True,web,Jakarta,False,2026-01-31 22:47:55.293181,2026-03-02 03:05:12.293181
27,2652,15.87,2,7,50.81,False,web,Surabaya,True,2026-02-03 20:43:09.293181,2026-03-02 03:05:12.293181
27,1275,100.37,3,8,57.0,False,mobile,Jakarta,False,2026-02-06 04:46:34.293181,2026-03-02 03:05:12.293181
27,2245,132.93,4,9,65.44,True,web,Surabaya,False,2026-02-07 19:05:53.293181,2026-03-02 03:05:12.293181
27,2027,5.17,1,7,53.05,False,mobile,Semarang,False,2026-02-18 05:22:58.293181,2026-03-02 03:05:12.293181
27,3975,37.82,2,8,51.14,False,web,Jakarta,False,2026-02-19 15:11:22.293181,2026-03-02 03:05:12.293181
27,2160,101.58,3,7,58.88,False,mobile,Semarang,False,2026-02-24 18:09:30.293181,2026-03-02 03:05:12.293181
27,2497,13.45,2,8,53.2,True,mobile,Jakarta,False,2026-03-01 04:14:50.293181,2026-03-02 03:05:12.293181
28,1289,105.35,1,1,105.35,True,mobile,Jakarta,False,2026-01-17 18:45:54.293181,2026-03-02 03:05:12.293181
28,4731,28.37,2,2,66.86,False,mobile,Jakarta,False,2026-01-19 17:02:24.293181,2026-03-02 03:05:12.293181
28,4278,22.0,1,3,51.91,False,mobile,Semarang,False,2026-01-27 17:24:29.293181,2026-03-02 03:05:12.293181
28,1254,11.12,1,4,41.71,False,mobile,Surabaya,False,2026-02-06 04:29:20.293181,2026-03-02 03:05:12.293181
28,2687,38.62,2,5,41.09,False,mobile,Jakarta,False,2026-02-09 10:18:03.293181,2026-03-02 03:05:12.293181
28,354,35.2,2,6,40.11,False,mobile,Medan,False,2026-02-13 16:50:13.293181,2026-03-02 03:05:12.293181
28,1483,442.58,1,5,109.9,True,mobile,Semarang,False,2026-02-21 09:19:30.293181,2026-03-02 03:05:12.293181
29,3750,72.15,1,1,72.15,True,mobile,Jakarta,False,2026-01-04 04:30:20.293181,2026-03-02 03:05:12.293181
29,1691,33.57,2,2,52.86,True,mobile,Surabaya,False,2026-01-10 04:35:15.293181,2026-03-02 03:05:12.293181
29,3882,193.32,2,3,99.68,False,mobile,Medan,False,2026-01-13 00:01:39.293181,2026-03-02 03:05:12.293181
29,4198,57.52,1,4,89.14,True,mobile,Surabaya,False,2026-01-24 00:29:36.293181,2026-03-02 03:05:12.293181
29,2425,15.32,1,3,88.72,False,web,Semarang,True,2026-02-09 11:49:45.293181,2026-03-02 03:05:12.293181
29,2281,40.18,2,3,37.67,False,web,Jakarta,False,2026-02-16 04:43:59.293181,2026-03-02 03:05:12.293181
29,3088,52.64,2,4,41.42,True,mobile,Semarang,False,2026-02-22 18:54:49.293181,2026-03-02 03:05:12.293181
29,130,15.04,2,4,30.8,False,mobile,Jakarta,False,2026-02-25 10:09:12.293181,2026-03-02 03:05:12.293181
30,446,300.86,1,1,300.86,False,mobile,Semarang,False,2026-01-07 09:11:15.293181,2026-03-02 03:05:12.293181
30,3951,6.59,2,2,153.72,False,mobile,Semarang,False,2026-01-09 05:07:56.293181,2026-03-02 03:05:12.293181
30,257,75.08,3,3,127.51,False,mobile,Semarang,False,2026-01-12 19:05:54.293181,2026-03-02 03:05:12.293181
30,430,54.33,2,4,109.21,False,web,Medan,False,2026-01-19 09:24:26.293181,2026-03-02 03:05:12.293181
30,2922,21.25,1,5,91.62,False,mobile,Semarang,False,2026-01-30 11:32:11.293181,2026-03-02 03:05:12.293181
30,3757,409.25,1,2,215.25,False,mobile,Medan,False,2026-02-24 02:38:22.293181,2026-03-02 03:05:12.293181
30,2433,189.35,2,3,206.62,False,web,Surabaya,False,2026-02-25 09:56:19.293181,2026-03-02 03:05:12.293181
30,437,287.7,3,4,226.89,False,mobile,Semarang,False,2026-02-27 12:40:35.293181,2026-03-02 03:05:12.293181
31,3549,15.57,1,1,15.57,False,mobile,Surabaya,False,2026-01-01 07:43:21.293181,2026-03-02 03:05:12.293181
31,1378,162.88,2,2,89.22,True,mobile,Surabaya,False,2026-01-04 06:33:10.293181,2026-03-02 03:05:12.293181
31,3174,38.82,3,3,72.42,True,mobile,Bandung,False,2026-01-04 15:07:15.293181,2026-03-02 03:05:12.293181
31,405,57.54,1,4,68.7,True,mobile,Bandung,False,2026-01-17 11:14:05.293181,2026-03-02 03:05:12.293181
31,316,76.73,2,5,70.31,False,mobile,Semarang,False,2026-01-20 23:51:23.293181,2026-03-02 03:05:12.293181
31,1320,4.84,3,6,59.4,True,mobile,Surabaya,False,2026-01-24 03:25:33.293181,2026-03-02 03:05:12.293181
31,4862,110.47,3,7,66.69,False,mobile,Bandung,False,2026-01-26 17:20:56.293181,2026-03-02 03:05:12.293181
31,3779,272.42,4,8,92.41,False,web,Medan,False,2026-01-27 05:44:07.293181,2026-03-02 03:05:12.293181
31,4835,99.12,2,8,102.85,False,mobile,Surabaya,False,2026-02-02 18:09:27.293181,2026-03-02 03:05:12.293181
31,2142,102.79,1,7,103.42,True,mobile,Medan,False,2026-02-15 20:19:20.293181,2026-03-02 03:05:12.293181
31,4101,34.01,2,7,100.05,False,mobile,Bandung,True,2026-02-19 17:54:50.293181,2026-03-02 03:05:12.293181
31,4126,18.2,3,7,91.69,False,web,Bandung,True,2026-02-20 13:24:22.293181,2026-03-02 03:05:12.293181
32,3725,64.63,1,1,64.63,False,web,Surabaya,False,2026-01-01 00:25:56.293181,2026-03-02 03:05:12.293181
32,2059,30.42,1,2,47.52,True,web,Medan,False,2026-01-10 16:05:13.293181,2026-03-02 03:05:12.293181
32,924,28.32,1,3,41.12,False,web,Medan,False,2026-01-19 04:34:24.293181,2026-03-02 03:05:12.293181
32,434,3.91,1,3,20.88,False,web,Bandung,False,2026-02-04 21:50:57.293181,2026-03-02 03:05:12.293181
32,1961,186.27,2,4,62.23,False,mobile,Surabaya,False,2026-02-05 20:15:52.293181,2026-03-02 03:05:12.293181
32,3908,15.57,1,4,58.52,False,web,Bandung,False,2026-02-13 16:03:55.293181,2026-03-02 03:05:12.293181
32,2466,21.74,2,5,51.16,True,web,Surabaya,False,2026-02-14 15:10:13.293181,2026-03-02 03:05:12.293181
32,3664,50.84,3,6,51.11,True,mobile,Bandung,True,2026-02-15 09:06:28.293181,2026-03-02 03:05:12.293181
32,359,238.25,3,6,86.1,True,mobile,Bandung,False,2026-02-21 01:06:08.293181,2026-03-02 03:05:12.293181
32,3412,21.47,2,7,76.86,False,mobile,Semarang,False,2026-02-26 04:05:26.293181,2026-03-02 03:05:12.293181
33,304,33.36,1,1,33.36,False,mobile,Jakarta,False,2025-12-31 06:13:50.293181,2026-03-02 03:05:12.293181
33,917,76.82,2,2,55.09,False,web,Bandung,False,2026-01-02 17:40:11.293181,2026-03-02 03:05:12.293181
33,4922,26.52,1,3,45.57,False,web,Bandung,False,2026-01-23 11:43:41.293181,2026-03-02 03:05:12.293181
33,3777,80.87,1,2,53.7,True,web,Medan,False,2026-02-08 16:29:22.293181,2026-03-02 03:05:12.293181
33,4385,13.43,2,3,40.27,False,web,Jakarta,False,2026-02-12 06:11:21.293181,2026-03-02 03:05:12.293181
33,2827,37.59,3,4,39.6,False,web,Surabaya,False,2026-02-13 09:16:14.293181,2026-03-02 03:05:12.293181
33,4652,74.27,1,4,51.54,True,mobile,Medan,False,2026-02-22 20:11:06.293181,2026-03-02 03:05:12.293181
33,1897,61.93,2,5,53.62,False,web,Bandung,True,2026-02-23 06:17:02.293181,2026-03-02 03:05:12.293181
33,2034,171.62,3,6,73.29,False,mobile,Jakarta,False,2026-02-24 10:07:53.293181,2026-03-02 03:05:12.293181
33,185,17.98,4,7,65.38,False,mobile,Jakarta,False,2026-02-24 21:20:54.293181,2026-03-02 03:05:12.293181
33,2747,108.42,5,8,70.76,True,mobile,Surabaya,False,2026-02-28 00:40:29.293181,2026-03-02 03:05:12.293181
34,2502,44.07,1,1,44.07,False,mobile,Surabaya,False,2026-01-12 17:15:51.293181,2026-03-02 03:05:12.293181
34,138,46.6,2,2,45.34,False,web,Jakarta,False,2026-01-13 04:24:52.293181,2026-03-02 03:05:12.293181
34,3013,588.41,3,3,226.36,False,mobile,Medan,False,2026-01-16 18:21:38.293181,2026-03-02 03:05:12.293181
34,3050,31.32,2,4,177.6,False,mobile,Semarang,False,2026-01-20 15:57:44.293181,2026-03-02 03:05:12.293181
34,1282,72.48,1,5,156.58,False,web,Medan,False,2026-01-29 11:39:05.293181,2026-03-02 03:05:12.293181
34,2076,22.09,1,6,134.16,False,mobile,Semarang,False,2026-02-09 06:52:36.293181,2026-03-02 03:05:12.293181
35,2417,13.46,1,1,13.46,False,mobile,Surabaya,False,2026-01-01 07:31:20.293181,2026-03-02 03:05:12.293181
35,2797,64.02,2,2,38.74,True,mobile,Medan,False,2026-01-03 09:46:05.293181,2026-03-02 03:05:12.293181
35,3861,112.31,1,3,63.26,False,mobile,Surabaya,False,2026-01-12 08:32:56.293181,2026-03-02 03:05:12.293181
35,2129,50.8,2,4,60.15,False,mobile,Medan,False,2026-01-14 09:22:00.293181,2026-03-02 03:05:12.293181
35,318,80.3,3,5,64.18,False,mobile,Surabaya,False,2026-01-14 14:51:45.293181,2026-03-02 03:05:12.293181
35,4598,20.62,4,6,56.92,True,mobile,Semarang,False,2026-01-17 04:54:24.293181,2026-03-02 03:05:12.293181
35,4118,52.06,2,7,56.22,False,mobile,Surabaya,False,2026-01-21 22:34:12.293181,2026-03-02 03:05:12.293181
35,2776,172.09,1,2,112.08,False,web,Medan,False,2026-02-18 14:10:05.293181,2026-03-02 03:05:12.293181
35,454,54.03,2,2,113.06,False,mobile,Medan,False,2026-02-24 20:14:39.293181,2026-03-02 03:05:12.293181
35,2943,419.86,2,3,215.33,False,web,Bandung,False,2026-02-26 08:04:18.293181,2026-03-02 03:05:12.293181
36,2220,33.26,1,1,33.26,False,mobile,Jakarta,False,2026-01-05 11:15:31.293181,2026-03-02 03:05:12.293181
36,1022,50.27,1,2,41.76,True,mobile,Semarang,False,2026-01-18 21:45:50.293181,2026-03-02 03:05:12.293181
36,267,66.86,2,3,50.13,True,mobile,Surabaya,False,2026-01-24 20:14:00.293181,2026-03-02 03:05:12.293181
36,4479,22.89,3,4,43.32,True,mobile,Bandung,False,2026-01-25 17:44:18.293181,2026-03-02 03:05:12.293181
36,1099,41.71,3,5,43.0,False,web,Surabaya,False,2026-01-27 08:43:25.293181,2026-03-02 03:05:12.293181
36,3782,49.3,4,6,44.05,False,mobile,Jakarta,False,2026-01-28 06:43:04.293181,2026-03-02 03:05:12.293181
36,1666,18.36,3,7,40.38,False,web,Jakarta,False,2026-02-02 01:27:10.293181,2026-03-02 03:05:12.293181
36,675,199.0,2,7,64.06,False,mobile,Jakarta,False,2026-02-06 14:36:31.293181,2026-03-02 03:05:12.293181
36,508,308.5,2,8,94.61,False,web,Bandung,False,2026-02-10 08:07:51.293181,2026-03-02 03:05:12.293181
36,452,273.17,3,9,114.45,False,mobile,Jakarta,False,2026-02-12 11:54:45.293181,2026-03-02 03:05:12.293181
36,1987,39.69,3,10,106.98,False,mobile,Semarang,False,2026-02-17 01:45:21.293181,2026-03-02 03:05:12.293181
36,82,75.62,2,10,109.51,True,mobile,Medan,False,2026-02-22 10:34:48.293181,2026-03-02 03:05:12.293181
36,1553,136.26,3,11,111.94,False,mobile,Semarang,False,2026-02-23 18:40:33.293181,2026-03-02 03:05:12.293181
36,731,51.54,3,8,137.77,True,mobile,Surabaya,False,2026-02-28 23:20:59.293181,2026-03-02 03:05:12.293181
37,1354,52.65,1,1,52.65,False,mobile,Bandung,False,2026-01-01 09:51:31.293181,2026-03-02 03:05:12.293181
37,323,29.45,1,2,41.05,True,web,Semarang,False,2026-01-10 23:09:12.293181,2026-03-02 03:05:12.293181
37,109,17.2,2,3,33.1,True,mobile,Medan,False,2026-01-11 23:20:25.293181,2026-03-02 03:05:12.293181
37,313,47.81,3,4,36.78,False,mobile,Surabaya,False,2026-01-14 00:15:14.293181,2026-03-02 03:05:12.293181
37,1377,46.11,2,5,38.64,False,web,Semarang,False,2026-01-20 03:56:10.293181,2026-03-02 03:05:12.293181
37,2310,561.91,2,6,125.86,False,web,Medan,False,2026-01-26 14:42:20.293181,2026-03-02 03:05:12.293181
38,4318,67.68,1,1,67.68,False,mobile,Bandung,False,2026-01-05 08:09:08.293181,2026-03-02 03:05:12.293181
38,818,44.75,1,2,56.22,False,mobile,Bandung,False,2026-01-12 21:13:38.293181,2026-03-02 03:05:12.293181
38,3062,10.05,2,3,40.83,True,web,Medan,False,2026-01-17 05:29:44.293181,2026-03-02 03:05:12.293181
38,493,55.06,3,4,44.39,True,web,Medan,False,2026-01-17 19:33:36.293181,2026-03-02 03:05:12.293181
38,4498,97.57,4,5,55.02,False,mobile,Semarang,False,2026-01-19 01:27:29.293181,2026-03-02 03:05:12.293181
38,499,22.09,4,6,49.53,False,mobile,Surabaya,False,2026-01-23 02:46:43.293181,2026-03-02 03:05:12.293181
38,2070,20.74,2,7,45.42,False,web,Bandung,False,2026-01-26 18:29:19.293181,2026-03-02 03:05:12.293181
38,2998,107.94,2,8,53.24,True,mobile,Bandung,False,2026-02-01 12:13:06.293181,2026-03-02 03:05:12.293181
38,1733,104.2,2,9,58.9,False,mobile,Jakarta,False,2026-02-03 18:20:08.293181,2026-03-02 03:05:12.293181
38,1285,6.23,3,9,52.07,False,web,Bandung,True,2026-02-06 12:30:06.293181,2026-03-02 03:05:12.293181
38,2428,81.4,3,10,55.0,False,mobile,Jakarta,False,2026-02-09 18:47:37.293181,2026-03-02 03:05:12.293181
38,3772,47.37,4,11,54.31,False,mobile,Medan,False,2026-02-10 05:50:10.293181,2026-03-02 03:05:12.293181
38,3983,329.34,5,12,77.23,False,mobile,Semarang,True,2026-02-10 11:21:03.293181,2026-03-02 03:05:12.293181
38,3172,147.75,4,12,85.81,True,web,Surabaya,False,2026-02-14 08:57:04.293181,2026-03-02 03:05:12.293181
38,3280,21.32,2,11,89.63,False,mobile,Jakarta,False,2026-02-17 23:00:44.293181,2026-03-02 03:05:12.293181
38,3067,180.89,3,11,97.21,False,mobile,Jakarta,False,2026-02-18 12:45:36.293181,2026-03-02 03:05:12.293181
39,4889,76.56,1,1,76.56,True,mobile,Bandung,False,2026-01-17 11:36:15.293181,2026-03-02 03:05:12.293181
39,4283,46.13,2,2,61.34,True,mobile,Medan,False,2026-01-17 14:35:45.293181,2026-03-02 03:05:12.293181
39,2391,92.1,3,3,71.6,False,web,Medan,False,2026-01-22 20:31:59.293181,2026-03-02 03:05:12.293181
39,379,125.25,1,4,85.01,True,web,Bandung,False,2026-01-31 17:29:48.293181,2026-03-02 03:05:12.293181
39,580,47.15,2,5,77.44,True,mobile,Jakarta,False,2026-02-01 17:07:41.293181,2026-03-02 03:05:12.293181
39,4106,67.82,1,6,75.83,True,mobile,Jakarta,False,2026-02-08 20:42:12.293181,2026-03-02 03:05:12.293181
39,1337,172.13,2,7,89.59,False,mobile,Bandung,False,2026-02-09 15:32:59.293181,2026-03-02 03:05:12.293181
39,4229,19.72,3,8,80.86,False,mobile,Jakarta,False,2026-02-13 16:05:00.293181,2026-03-02 03:05:12.293181
39,2923,63.95,3,8,79.28,False,web,Surabaya,False,2026-02-16 14:26:29.293181,2026-03-02 03:05:12.293181
39,1849,25.67,3,8,76.72,False,mobile,Jakarta,False,2026-02-18 22:48:24.293181,2026-03-02 03:05:12.293181
39,1075,34.49,4,9,72.03,False,mobile,Bandung,False,2026-02-19 17:41:02.293181,2026-03-02 03:05:12.293181
39,1637,105.17,4,10,75.34,False,web,Jakarta,False,2026-02-20 22:16:26.293181,2026-03-02 03:05:12.293181
40,4253,79.82,1,1,79.82,False,web,Semarang,False,2025-12-31 23:04:23.293181,2026-03-02 03:05:12.293181
40,2437,78.51,2,2,79.16,False,mobile,Jakarta,False,2026-01-01 04:53:53.293181,2026-03-02 03:05:12.293181
40,4393,36.34,1,3,64.89,True,mobile,Surabaya,False,2026-01-17 01:10:23.293181,2026-03-02 03:05:12.293181
40,2319,59.51,2,4,63.54,False,mobile,Medan,False,2026-01-20 14:00:23.293181,2026-03-02 03:05:12.293181
40,2962,7.39,2,5,52.31,True,mobile,Medan,False,2026-01-25 11:12:28.293181,2026-03-02 03:05:12.293181
40,3721,391.79,2,6,108.89,False,mobile,Jakarta,False,2026-01-30 18:24:30.293181,2026-03-02 03:05:12.293181
40,2363,52.5,1,5,109.51,False,web,Bandung,False,2026-02-09 19:19:24.293181,2026-03-02 03:05:12.293181
40,2572,68.68,2,6,102.7,False,mobile,Medan,False,2026-02-11 10:29:13.293181,2026-03-02 03:05:12.293181
40,899,28.08,1,6,101.32,False,mobile,Semarang,False,2026-02-19 07:29:59.293181,2026-03-02 03:05:12.293181
41,2888,61.36,1,1,61.36,False,mobile,Surabaya,False,2026-01-05 15:59:07.293181,2026-03-02 03:05:12.293181
41,3965,14.92,2,2,38.14,False,web,Surabaya,False,2026-01-08 05:07:08.293181,2026-03-02 03:05:12.293181
41,4173,43.44,3,3,39.91,False,mobile,Jakarta,False,2026-01-08 09:32:16.293181,2026-03-02 03:05:12.293181
41,262,36.88,4,4,39.15,False,mobile,Semarang,False,2026-01-09 14:01:26.293181,2026-03-02 03:05:12.293181
41,88,17.12,2,5,34.74,False,mobile,Bandung,True,2026-01-15 22:05:28.293181,2026-03-02 03:05:12.293181
41,2897,37.57,3,6,35.21,False,mobile,Medan,False,2026-01-16 09:59:08.293181,2026-03-02 03:05:12.293181
41,4273,12.97,3,7,32.04,True,mobile,Semarang,False,2026-01-18 05:52:50.293181,2026-03-02 03:05:12.293181
41,1706,131.71,1,8,44.5,False,web,Jakarta,False,2026-01-26 23:52:55.293181,2026-03-02 03:05:12.293181
41,70,240.25,1,5,87.92,False,web,Surabaya,False,2026-02-11 00:12:35.293181,2026-03-02 03:05:12.293181
41,3488,45.46,1,3,139.14,True,mobile,Bandung,False,2026-02-21 09:26:13.293181,2026-03-02 03:05:12.293181
41,3107,79.93,2,4,124.34,True,mobile,Surabaya,False,2026-02-21 15:19:04.293181,2026-03-02 03:05:12.293181
41,2722,29.88,3,5,105.45,True,web,Jakarta,False,2026-02-22 22:18:32.293181,2026-03-02 03:05:12.293181
41,2353,37.49,4,6,94.12,False,mobile,Medan,False,2026-02-25 23:12:55.293181,2026-03-02 03:05:12.293181
42,2252,16.34,1,1,16.34,False,mobile,Medan,False,2025-12-31 05:15:50.293181,2026-03-02 03:05:12.293181
42,2072,13.93,1,2,15.14,False,web,Bandung,False,2026-01-13 06:10:52.293181,2026-03-02 03:05:12.293181
42,908,545.6,2,3,191.96,False,mobile,Bandung,False,2026-01-20 00:27:40.293181,2026-03-02 03:05:12.293181
42,3141,33.47,1,4,152.34,False,mobile,Semarang,False,2026-01-27 15:41:26.293181,2026-03-02 03:05:12.293181
42,1012,241.34,2,5,170.14,False,mobile,Surabaya,True,2026-01-28 08:30:12.293181,2026-03-02 03:05:12.293181
42,1332,67.34,3,5,180.34,False,web,Medan,False,2026-02-03 04:06:10.293181,2026-03-02 03:05:12.293181
42,2519,284.89,1,5,234.53,True,web,Bandung,False,2026-02-14 07:26:22.293181,2026-03-02 03:05:12.293181
42,3806,36.2,2,6,201.47,False,mobile,Semarang,False,2026-02-16 12:30:43.293181,2026-03-02 03:05:12.293181
42,1647,10.83,3,7,174.24,False,mobile,Medan,False,2026-02-17 09:19:28.293181,2026-03-02 03:05:12.293181
42,1401,85.94,4,8,163.2,False,web,Semarang,True,2026-02-17 12:05:45.293181,2026-03-02 03:05:12.293181
42,468,5.78,5,9,145.71,False,mobile,Bandung,False,2026-02-17 19:46:43.293181,2026-03-02 03:05:12.293181
42,4186,171.86,5,9,104.18,True,mobile,Medan,False,2026-02-21 10:00:06.293181,2026-03-02 03:05:12.293181
42,449,381.2,6,10,131.88,True,mobile,Bandung,False,2026-02-21 16:08:48.293181,2026-03-02 03:05:12.293181
42,2693,135.92,3,10,142.13,False,mobile,Semarang,False,2026-02-26 16:32:00.293181,2026-03-02 03:05:12.293181
42,3715,98.29,4,10,127.82,True,mobile,Surabaya,False,2026-02-28 09:36:42.293181,2026-03-02 03:05:12.293181
43,4319,47.2,1,1,47.2,True,mobile,Surabaya,False,2026-01-04 06:15:53.293181,2026-03-02 03:05:12.293181
43,4203,19.4,1,2,33.3,False,mobile,Surabaya,False,2026-01-12 11:12:06.293181,2026-03-02 03:05:12.293181
43,2885,202.19,1,3,89.6,False,mobile,Medan,False,2026-01-19 15:43:25.293181,2026-03-02 03:05:12.293181
43,987,21.48,1,3,81.02,True,mobile,Semarang,False,2026-02-07 15:57:54.293181,2026-03-02 03:05:12.293181
43,2666,20.34,1,2,20.91,False,mobile,Jakarta,False,2026-02-20 17:31:23.293181,2026-03-02 03:05:12.293181
43,4755,66.47,2,3,36.1,False,mobile,Semarang,False,2026-02-25 09:30:28.293181,2026-03-02 03:05:12.293181
43,4981,174.93,3,4,70.81,False,web,Jakarta,False,2026-02-26 19:07:00.293181,2026-03-02 03:05:12.293181
44,263,408.55,1,1,408.55,False,web,Surabaya,False,2026-01-02 05:32:55.293181,2026-03-02 03:05:12.293181
44,2772,25.84,2,2,217.2,False,mobile,Medan,False,2026-01-06 09:48:11.293181,2026-03-02 03:05:12.293181
44,4576,29.37,3,3,154.59,False,mobile,Bandung,False,2026-01-06 23:48:18.293181,2026-03-02 03:05:12.293181
44,1296,77.42,3,4,135.29,False,web,Bandung,False,2026-01-09 21:38:31.293181,2026-03-02 03:05:12.293181
44,4311,21.35,4,5,112.51,True,web,Surabaya,False,2026-01-11 00:07:27.293181,2026-03-02 03:05:12.293181
44,2474,52.83,3,6,102.56,False,mobile,Jakarta,False,2026-01-14 08:43:44.293181,2026-03-02 03:05:12.293181
44,793,3.03,1,7,88.34,False,mobile,Jakarta,False,2026-01-22 08:26:05.293181,2026-03-02 03:05:12.293181
44,2535,10.25,1,8,78.58,True,mobile,Medan,False,2026-02-01 04:28:43.293181,2026-03-02 03:05:12.293181
44,4367,19.55,2,8,29.96,False,web,Surabaya,False,2026-02-02 15:26:56.293181,2026-03-02 03:05:12.293181
44,4523,58.14,3,9,33.09,False,mobile,Semarang,False,2026-02-03 21:29:54.293181,2026-03-02 03:05:12.293181
44,4692,108.12,4,10,40.59,False,mobile,Bandung,False,2026-02-05 01:41:24.293181,2026-03-02 03:05:12.293181
44,2132,138.7,1,6,56.3,True,mobile,Medan,False,2026-02-21 03:42:12.293181,2026-03-02 03:05:12.293181
44,2243,33.98,2,6,61.46,False,mobile,Jakarta,False,2026-02-23 07:57:45.293181,2026-03-02 03:05:12.293181
44,1176,9.11,3,7,53.98,False,mobile,Bandung,False,2026-02-26 20:42:19.293181,2026-03-02 03:05:12.293181
45,3004,24.76,1,1,24.76,False,mobile,Jakarta,False,2026-02-02 09:47:52.293181,2026-03-02 03:05:12.293181
45,3049,102.78,2,2,63.77,False,mobile,Jakarta,False,2026-02-04 19:48:08.293181,2026-03-02 03:05:12.293181
45,1142,87.43,3,3,71.66,False,mobile,Jakarta,False,2026-02-06 04:48:32.293181,2026-03-02 03:05:12.293181
45,3635,14.58,4,4,57.39,False,mobile,Jakarta,False,2026-02-09 02:30:32.293181,2026-03-02 03:05:12.293181
45,15,18.03,1,5,49.52,True,mobile,Surabaya,False,2026-02-21 13:09:08.293181,2026-03-02 03:05:12.293181
45,4809,17.29,2,6,44.15,False,mobile,Bandung,False,2026-02-23 13:10:45.293181,2026-03-02 03:05:12.293181
45,4342,20.31,3,7,40.74,False,mobile,Bandung,False,2026-02-24 14:58:12.293181,2026-03-02 03:05:12.293181
46,2344,79.29,1,1,79.29,False,mobile,Jakarta,False,2026-01-02 04:34:21.293181,2026-03-02 03:05:12.293181
46,4352,150.11,1,2,114.7,False,web,Jakarta,False,2026-01-09 18:35:25.293181,2026-03-02 03:05:12.293181
46,1466,21.08,1,1,21.08,False,mobile,Bandung,True,2026-02-10 02:32:18.293181,2026-03-02 03:05:12.293181
46,3552,18.08,2,2,19.58,True,mobile,Surabaya,False,2026-02-14 05:59:09.293181,2026-03-02 03:05:12.293181
47,1411,60.9,1,1,60.9,False,web,Medan,False,2026-01-09 17:11:19.293181,2026-03-02 03:05:12.293181
47,2441,103.84,2,2,82.37,False,web,Semarang,False,2026-01-14 20:01:04.293181,2026-03-02 03:05:12.293181
47,4332,11.05,3,3,58.6,False,mobile,Surabaya,False,2026-01-16 02:01:22.293181,2026-03-02 03:05:12.293181
47,1814,44.81,4,4,55.15,False,mobile,Surabaya,False,2026-01-16 08:15:52.293181,2026-03-02 03:05:12.293181
47,2130,241.35,4,5,92.39,True,web,Jakarta,False,2026-01-18 11:11:09.293181,2026-03-02 03:05:12.293181
47,2226,27.42,5,6,81.56,False,web,Surabaya,False,2026-01-20 14:12:16.293181,2026-03-02 03:05:12.293181
47,2676,472.43,5,7,137.4,False,mobile,Semarang,False,2026-01-22 13:54:56.293181,2026-03-02 03:05:12.293181
47,4997,221.52,1,7,160.35,False,mobile,Medan,False,2026-02-11 21:09:39.293181,2026-03-02 03:05:12.293181
47,1864,72.86,2,8,149.41,False,web,Semarang,False,2026-02-12 04:31:19.293181,2026-03-02 03:05:12.293181
47,173,56.75,3,9,139.11,False,web,Surabaya,False,2026-02-12 18:34:53.293181,2026-03-02 03:05:12.293181
47,3745,24.52,4,8,145.21,True,mobile,Surabaya,False,2026-02-15 05:15:25.293181,2026-03-02 03:05:12.293181
47,1971,21.36,5,8,142.28,False,mobile,Jakarta,False,2026-02-16 07:58:07.293181,2026-03-02 03:05:12.293181
47,1443,34.45,6,8,116.41,False,mobile,Semarang,False,2026-02-17 17:58:54.293181,2026-03-02 03:05:12.293181
47,3237,74.48,4,7,72.28,True,mobile,Medan,False,2026-02-21 16:08:57.293181,2026-03-02 03:05:12.293181
47,1674,191.62,1,8,87.2,True,web,Bandung,False,2026-03-01 14:35:19.293181,2026-03-02 03:05:12.293181
48,2133,212.26,1,1,212.26,False,web,Semarang,False,2026-01-09 11:56:45.293181,2026-03-02 03:05:12.293181
48,2552,12.26,2,2,112.26,False,mobile,Bandung,False,2026-01-13 03:36:52.293181,2026-03-02 03:05:12.293181
48,3119,35.96,3,3,86.83,False,web,Semarang,False,2026-01-16 01:25:47.293181,2026-03-02 03:05:12.293181
48,1518,19.58,3,4,70.01,True,mobile,Medan,False,2026-01-17 08:58:18.293181,2026-03-02 03:05:12.293181
48,800,45.01,4,5,65.01,True,mobile,Medan,False,2026-01-17 14:30:54.293181,2026-03-02 03:05:12.293181
48,4894,254.07,5,6,96.52,True,mobile,Bandung,False,2026-01-18 13:38:52.293181,2026-03-02 03:05:12.293181
48,20,116.19,5,7,99.33,False,web,Medan,False,2026-01-21 03:25:13.293181,2026-03-02 03:05:12.293181
48,4977,20.41,2,8,89.47,False,mobile,Jakarta,False,2026-01-27 13:20:25.293181,2026-03-02 03:05:12.293181
48,4192,38.83,2,9,83.84,False,web,Surabaya,False,2026-01-29 12:21:27.293181,2026-03-02 03:05:12.293181
48,392,5.22,3,10,75.98,False,web,Medan,False,2026-01-30 16:12:21.293181,2026-03-02 03:05:12.293181
48,559,9.68,4,11,69.95,True,mobile,Bandung,False,2026-01-31 01:07:57.293181,2026-03-02 03:05:12.293181
48,53,11.18,4,12,65.05,False,mobile,Surabaya,False,2026-02-03 13:46:57.293181,2026-03-02 03:05:12.293181
48,1192,238.03,5,13,78.36,False,web,Medan,False,2026-02-04 05:44:54.293181,2026-03-02 03:05:12.293181
48,4913,31.29,3,13,64.44,True,mobile,Semarang,False,2026-02-08 22:03:16.293181,2026-03-02 03:05:12.293181
48,3970,467.51,2,12,104.75,True,mobile,Surabaya,False,2026-02-15 16:29:17.293181,2026-03-02 03:05:12.293181
48,4355,22.35,1,9,93.83,False,mobile,Jakarta,False,2026-02-24 23:01:53.293181,2026-03-02 03:05:12.293181
49,4213,71.19,1,1,71.19,False,mobile,Medan,False,2026-01-21 02:03:29.293181,2026-03-02 03:05:12.293181
49,344,14.83,2,2,43.01,False,web,Jakarta,False,2026-01-21 09:30:39.293181,2026-03-02 03:05:12.293181
49,3638,55.97,3,3,47.33,False,mobile,Bandung,False,2026-01-22 09:44:13.293181,2026-03-02 03:05:12.293181
49,2504,33.94,4,4,43.98,False,web,Bandung,False,2026-01-26 06:08:36.293181,2026-03-02 03:05:12.293181
49,2117,140.88,1,5,63.36,False,mobile,Medan,False,2026-02-04 13:11:40.293181,2026-03-02 03:05:12.293181
49,4855,387.87,1,6,117.45,False,web,Bandung,False,2026-02-17 22:01:03.293181,2026-03-02 03:05:12.293181
49,4999,21.99,1,3,183.58,False,mobile,Surabaya,False,2026-02-25 19:22:17.293181,2026-03-02 03:05:12.293181
50,2135,114.82,1,1,114.82,True,web,Jakarta,False,2026-01-03 05:04:49.293181,2026-03-02 03:05:12.293181
50,3294,34.72,2,2,74.77,True,web,Jakarta,False,2026-01-03 21:32:14.293181,2026-03-02 03:05:12.293181
50,1801,8.18,3,3,52.57,False,mobile,Surabaya,False,2026-01-09 01:32:33.293181,2026-03-02 03:05:12.293181
50,55,70.04,2,4,56.94,False,mobile,Bandung,False,2026-01-12 09:56:16.293181,2026-03-02 03:05:12.293181
50,345,144.67,2,5,74.49,False,mobile,Surabaya,False,2026-01-16 01:57:30.293181,2026-03-02 03:05:12.293181
50,4592,59.41,2,6,71.97,False,mobile,Bandung,False,2026-01-21 20:09:45.293181,2026-03-02 03:05:12.293181
50,1914,56.46,1,2,57.94,False,mobile,Bandung,False,2026-02-18 03:01:45.293181,2026-03-02 03:05:12.293181
50,4160,38.83,2,3,51.57,False,web,Bandung,False,2026-02-18 05:01:42.293181,2026-03-02 03:05:12.293181
50,3207,102.22,3,3,65.84,False,mobile,Bandung,False,2026-02-20 22:41:45.293181,2026-03-02 03:05:12.293181
51,4279,21.08,1,1,21.08,False,web,Semarang,False,2026-01-01 09:23:41.293181,2026-03-02 03:05:12.293181
51,1954,72.43,1,2,46.76,False,web,Bandung,False,2026-01-09 14:12:46.293181,2026-03-02 03:05:12.293181
51,1324,32.25,1,3,41.92,True,web,Jakarta,False,2026-01-17 08:30:08.293181,2026-03-02 03:05:12.293181
51,2699,193.0,2,4,79.69,False,mobile,Surabaya,False,2026-01-22 21:00:06.293181,2026-03-02 03:05:12.293181
51,358,12.7,2,5,66.29,True,mobile,Bandung,False,2026-01-25 09:12:43.293181,2026-03-02 03:05:12.293181
51,4547,58.85,3,6,65.05,True,mobile,Medan,False,2026-01-25 17:13:05.293181,2026-03-02 03:05:12.293181
51,385,4.88,1,6,62.35,False,mobile,Medan,False,2026-02-03 05:36:56.293181,2026-03-02 03:05:12.293181
51,4950,34.14,2,7,58.32,False,mobile,Bandung,False,2026-02-06 21:56:35.293181,2026-03-02 03:05:12.293181
51,4035,8.19,3,7,49.14,False,mobile,Jakarta,False,2026-02-09 10:11:03.293181,2026-03-02 03:05:12.293181
51,1676,35.33,3,8,47.42,False,mobile,Semarang,False,2026-02-10 10:42:02.293181,2026-03-02 03:05:12.293181
51,2093,88.35,4,9,51.97,False,web,Surabaya,False,2026-02-11 12:53:17.293181,2026-03-02 03:05:12.293181
51,1936,10.35,2,9,49.53,False,mobile,Jakarta,False,2026-02-17 15:03:11.293181,2026-03-02 03:05:12.293181
52,1621,151.75,1,1,151.75,False,web,Jakarta,False,2026-01-06 05:09:28.293181,2026-03-02 03:05:12.293181
52,3520,32.67,2,2,92.21,True,web,Jakarta,False,2026-01-10 13:20:58.293181,2026-03-02 03:05:12.293181
52,3525,424.9,1,3,203.11,True,mobile,Jakarta,False,2026-01-18 10:44:11.293181,2026-03-02 03:05:12.293181
52,498,75.76,2,4,171.27,False,web,Surabaya,False,2026-01-19 20:46:51.293181,2026-03-02 03:05:12.293181
52,1681,39.52,2,5,144.92,False,mobile,Bandung,False,2026-01-26 08:02:07.293181,2026-03-02 03:05:12.293181
52,92,103.64,2,6,138.04,False,mobile,Medan,False,2026-01-27 08:15:19.293181,2026-03-02 03:05:12.293181
52,3862,72.87,1,6,124.89,False,mobile,Jakarta,False,2026-02-06 08:56:02.293181,2026-03-02 03:05:12.293181
52,1625,37.28,2,6,125.66,False,mobile,Medan,False,2026-02-10 07:59:41.293181,2026-03-02 03:05:12.293181
52,2576,23.59,3,7,111.08,False,mobile,Bandung,False,2026-02-11 20:27:01.293181,2026-03-02 03:05:12.293181
52,1239,32.05,4,8,101.2,False,mobile,Medan,False,2026-02-12 20:25:55.293181,2026-03-02 03:05:12.293181
53,1081,15.8,1,1,15.8,False,mobile,Bandung,False,2025-12-31 23:57:53.293181,2026-03-02 03:05:12.293181
53,4340,148.53,2,2,82.16,False,mobile,Jakarta,False,2026-01-01 07:37:29.293181,2026-03-02 03:05:12.293181
53,52,21.95,3,3,62.09,False,mobile,Semarang,False,2026-01-05 06:23:34.293181,2026-03-02 03:05:12.293181
53,4350,37.35,2,4,55.91,True,mobile,Medan,False,2026-01-10 06:37:43.293181,2026-03-02 03:05:12.293181
53,2381,159.84,2,5,76.69,False,mobile,Semarang,False,2026-01-15 03:21:26.293181,2026-03-02 03:05:12.293181
53,2659,37.4,1,6,70.14,False,mobile,Bandung,False,2026-01-30 01:32:57.293181,2026-03-02 03:05:12.293181
53,1264,82.5,2,7,71.91,False,web,Bandung,True,2026-01-30 07:23:53.293181,2026-03-02 03:05:12.293181
53,10,82.22,3,7,81.4,True,web,Semarang,False,2026-01-31 00:30:29.293181,2026-03-02 03:05:12.293181
53,4795,103.02,1,6,83.72,True,web,Medan,False,2026-02-07 04:03:05.293181,2026-03-02 03:05:12.293181
53,2896,47.07,2,6,85.34,False,web,Surabaya,False,2026-02-13 02:20:38.293181,2026-03-02 03:05:12.293181
53,2468,32.4,2,6,64.1,True,web,Semarang,False,2026-02-15 05:32:28.293181,2026-03-02 03:05:12.293181
53,610,27.35,3,7,58.85,False,mobile,Bandung,False,2026-02-19 12:23:59.293181,2026-03-02 03:05:12.293181
53,4654,25.34,3,8,54.66,True,web,Medan,False,2026-02-21 12:43:19.293181,2026-03-02 03:05:12.293181
54,1450,289.96,1,1,289.96,False,mobile,Jakarta,False,2026-01-13 23:39:57.293181,2026-03-02 03:05:12.293181
54,530,28.88,2,2,159.42,False,web,Bandung,False,2026-01-15 02:09:36.293181,2026-03-02 03:05:12.293181
54,2803,37.77,1,3,118.87,False,mobile,Semarang,False,2026-01-27 03:06:35.293181,2026-03-02 03:05:12.293181
54,4571,56.6,2,4,103.3,False,mobile,Jakarta,False,2026-01-27 18:45:28.293181,2026-03-02 03:05:12.293181
54,2166,32.21,1,2,44.4,False,mobile,Jakarta,False,2026-02-26 14:34:43.293181,2026-03-02 03:05:12.293181
55,840,159.38,1,1,159.38,False,mobile,Jakarta,False,2026-01-07 18:52:29.293181,2026-03-02 03:05:12.293181
55,537,131.4,2,2,145.39,False,mobile,Bandung,False,2026-01-08 20:10:20.293181,2026-03-02 03:05:12.293181
55,4158,45.34,2,3,112.04,False,mobile,Bandung,False,2026-01-14 19:53:41.293181,2026-03-02 03:05:12.293181
55,4405,37.38,2,4,93.38,False,web,Bandung,False,2026-01-16 07:08:04.293181,2026-03-02 03:05:12.293181
55,3589,19.45,1,5,78.59,True,mobile,Medan,False,2026-01-25 12:15:56.293181,2026-03-02 03:05:12.293181
55,225,76.34,1,6,78.21,True,mobile,Medan,False,2026-02-01 21:40:31.293181,2026-03-02 03:05:12.293181
55,3198,20.89,2,7,70.03,False,mobile,Jakarta,False,2026-02-04 17:47:48.293181,2026-03-02 03:05:12.293181
55,4545,22.17,3,7,50.42,True,mobile,Semarang,True,2026-02-07 06:15:19.293181,2026-03-02 03:05:12.293181
55,1751,21.89,1,5,32.15,False,mobile,Surabaya,False,2026-02-18 15:31:24.293181,2026-03-02 03:05:12.293181
55,2347,25.12,2,6,30.98,True,mobile,Bandung,False,2026-02-22 02:33:50.293181,2026-03-02 03:05:12.293181
55,4331,584.61,3,7,110.07,False,mobile,Semarang,False,2026-02-23 11:15:10.293181,2026-03-02 03:05:12.293181
55,1108,303.19,4,8,134.21,False,web,Jakarta,False,2026-02-24 09:31:44.293181,2026-03-02 03:05:12.293181
56,2041,86.12,1,1,86.12,False,mobile,Bandung,False,2025-12-31 18:56:19.293181,2026-03-02 03:05:12.293181
56,3506,67.5,1,2,76.81,True,mobile,Medan,False,2026-01-10 21:53:06.293181,2026-03-02 03:05:12.293181
56,2175,36.78,2,3,63.47,False,mobile,Surabaya,True,2026-01-13 16:00:57.293181,2026-03-02 03:05:12.293181
56,1061,533.68,2,4,181.02,True,mobile,Semarang,False,2026-01-18 18:42:01.293181,2026-03-02 03:05:12.293181
56,698,46.16,3,5,154.05,False,mobile,Medan,False,2026-01-19 15:38:45.293181,2026-03-02 03:05:12.293181
56,2065,19.73,1,6,131.66,False,mobile,Surabaya,False,2026-01-30 13:06:45.293181,2026-03-02 03:05:12.293181
56,4608,97.48,2,6,133.55,False,web,Bandung,False,2026-02-05 20:52:47.293181,2026-03-02 03:05:12.293181
56,1883,55.52,2,7,122.41,True,mobile,Medan,False,2026-02-07 01:46:55.293181,2026-03-02 03:05:12.293181
56,3261,86.49,3,8,117.92,True,mobile,Jakarta,False,2026-02-08 20:16:17.293181,2026-03-02 03:05:12.293181
56,4524,276.18,4,9,135.5,False,mobile,Semarang,False,2026-02-09 11:17:56.293181,2026-03-02 03:05:12.293181
56,365,10.08,1,6,90.91,True,mobile,Semarang,False,2026-02-28 19:33:07.293181,2026-03-02 03:05:12.293181
56,650,114.38,2,6,106.69,False,mobile,Jakarta,False,2026-03-02 02:37:21.293181,2026-03-02 03:05:12.293181
57,2268,307.51,1,1,307.51,False,mobile,Medan,False,2026-01-12 00:23:34.293181,2026-03-02 03:05:12.293181
57,3392,20.11,2,2,163.81,True,mobile,Jakarta,False,2026-01-18 18:09:01.293181,2026-03-02 03:05:12.293181
57,3350,33.97,1,3,120.53,True,mobile,Medan,False,2026-02-07 21:18:44.293181,2026-03-02 03:05:12.293181
57,2734,411.95,2,4,193.38,False,mobile,Surabaya,False,2026-02-10 22:31:23.293181,2026-03-02 03:05:12.293181
57,2748,34.28,3,4,125.08,False,mobile,Semarang,False,2026-02-11 02:42:46.293181,2026-03-02 03:05:12.293181
57,2012,61.88,3,5,112.44,False,mobile,Bandung,False,2026-02-16 07:20:02.293181,2026-03-02 03:05:12.293181
57,177,21.14,1,5,112.64,False,mobile,Jakarta,True,2026-02-23 21:06:08.293181,2026-03-02 03:05:12.293181
58,4777,28.34,1,1,28.34,True,web,Jakarta,False,2026-01-04 08:24:59.293181,2026-03-02 03:05:12.293181
58,3724,81.23,1,2,54.78,False,mobile,Semarang,False,2026-01-27 18:28:02.293181,2026-03-02 03:05:12.293181
58,3607,50.46,2,3,53.34,False,mobile,Semarang,False,2026-02-02 01:33:55.293181,2026-03-02 03:05:12.293181
58,3848,24.92,1,3,52.2,False,mobile,Surabaya,False,2026-02-11 21:40:40.293181,2026-03-02 03:05:12.293181
58,208,28.51,1,4,46.28,False,web,Bandung,False,2026-02-24 05:53:06.293181,2026-03-02 03:05:12.293181
58,2,48.13,2,5,46.65,False,mobile,Medan,False,2026-02-25 22:15:19.293181,2026-03-02 03:05:12.293181
58,249,40.95,3,6,45.7,False,mobile,Jakarta,False,2026-02-26 09:54:48.293181,2026-03-02 03:05:12.293181
58,579,52.66,4,6,40.94,False,mobile,Bandung,False,2026-02-27 02:54:55.293181,2026-03-02 03:05:12.293181
59,2032,100.86,1,1,100.86,False,mobile,Medan,False,2026-01-08 19:52:21.293181,2026-03-02 03:05:12.293181
59,2973,180.12,2,2,140.49,True,mobile,Jakarta,False,2026-01-11 02:21:43.293181,2026-03-02 03:05:12.293181
59,2265,74.82,3,3,118.6,True,web,Bandung,False,2026-01-11 11:32:27.293181,2026-03-02 03:05:12.293181
59,4779,49.96,4,4,101.44,False,mobile,Jakarta,False,2026-01-15 07:58:10.293181,2026-03-02 03:05:12.293181
59,1368,257.9,2,5,132.73,True,web,Semarang,False,2026-01-18 14:05:41.293181,2026-03-02 03:05:12.293181
59,1280,47.33,3,6,118.5,False,mobile,Jakarta,False,2026-01-21 14:35:42.293181,2026-03-02 03:05:12.293181
59,1040,52.9,3,7,109.13,False,web,Jakarta,False,2026-01-23 07:16:03.293181,2026-03-02 03:05:12.293181
59,2180,28.75,4,8,99.08,True,mobile,Jakarta,False,2026-01-25 01:12:27.293181,2026-03-02 03:05:12.293181
59,2330,61.35,3,9,94.89,False,mobile,Bandung,True,2026-01-29 07:38:48.293181,2026-03-02 03:05:12.293181
59,1522,102.67,2,10,95.67,False,mobile,Semarang,False,2026-02-03 03:45:08.293181,2026-03-02 03:05:12.293181
59,1846,32.65,3,11,89.94,False,web,Bandung,True,2026-02-03 15:52:14.293181,2026-03-02 03:05:12.293181
59,2366,46.27,3,11,84.97,False,mobile,Bandung,False,2026-02-09 00:47:06.293181,2026-03-02 03:05:12.293181
59,4663,143.57,4,12,89.86,False,mobile,Medan,False,2026-02-09 12:31:40.293181,2026-03-02 03:05:12.293181
59,4457,98.79,4,12,83.08,False,web,Medan,False,2026-02-10 06:16:55.293181,2026-03-02 03:05:12.293181
59,4677,120.33,4,12,86.87,True,web,Bandung,False,2026-02-14 04:36:01.293181,2026-03-02 03:05:12.293181
59,199,38.02,5,12,85.88,True,mobile,Jakarta,False,2026-02-14 23:38:17.293181,2026-03-02 03:05:12.293181
59,1055,26.56,6,13,81.31,False,web,Bandung,False,2026-02-16 00:16:48.293181,2026-03-02 03:05:12.293181
59,2096,72.96,5,14,80.72,False,mobile,Medan,False,2026-02-16 15:33:35.293181,2026-03-02 03:05:12.293181
59,4603,65.61,5,14,66.98,False,mobile,Surabaya,False,2026-02-19 00:21:06.293181,2026-03-02 03:05:12.293181
60,535,375.96,1,1,375.96,False,mobile,Bandung,False,2026-01-14 01:48:03.293181,2026-03-02 03:05:12.293181
60,689,71.02,2,2,223.49,True,mobile,Bandung,False,2026-01-17 11:08:02.293181,2026-03-02 03:05:12.293181
60,708,57.41,3,3,168.13,True,mobile,Jakarta,False,2026-01-18 03:44:02.293181,2026-03-02 03:05:12.293181
60,4577,29.56,4,4,133.49,False,web,Jakarta,False,2026-01-21 00:11:36.293181,2026-03-02 03:05:12.293181
60,4699,84.49,2,5,123.69,False,mobile,Surabaya,False,2026-01-27 15:55:46.293181,2026-03-02 03:05:12.293181
60,3739,5.28,2,6,103.95,False,web,Jakarta,False,2026-02-03 00:41:29.293181,2026-03-02 03:05:12.293181
60,1906,156.62,2,7,111.48,True,mobile,Semarang,False,2026-02-07 22:21:51.293181,2026-03-02 03:05:12.293181
60,1913,8.76,1,7,59.02,True,mobile,Medan,True,2026-02-15 16:30:38.293181,2026-03-02 03:05:12.293181
60,1470,17.59,1,4,47.06,False,mobile,Jakarta,False,2026-03-02 01:33:28.293181,2026-03-02 03:05:12.293181
61,1525,52.95,1,1,52.95,False,mobile,Jakarta,False,2026-01-19 00:39:33.293181,2026-03-02 03:05:12.293181
61,4812,35.08,2,2,44.02,False,web,Surabaya,False,2026-01-20 05:05:00.293181,2026-03-02 03:05:12.293181
61,4696,101.58,3,3,63.2,False,web,Medan,False,2026-01-21 19:49:05.293181,2026-03-02 03:05:12.293181
61,3666,34.97,1,4,56.14,False,mobile,Medan,False,2026-02-12 09:08:35.293181,2026-03-02 03:05:12.293181
61,2982,224.44,2,5,89.8,True,mobile,Jakarta,False,2026-02-14 23:00:41.293181,2026-03-02 03:05:12.293181
61,3816,35.47,3,6,80.75,False,mobile,Medan,False,2026-02-17 19:53:03.293181,2026-03-02 03:05:12.293181
61,4006,117.91,4,6,91.57,False,mobile,Jakarta,False,2026-02-18 04:35:45.293181,2026-03-02 03:05:12.293181
61,1298,67.5,5,7,88.14,False,mobile,Semarang,False,2026-02-18 11:44:23.293181,2026-03-02 03:05:12.293181
61,3291,384.23,5,7,138.01,False,mobile,Medan,False,2026-02-20 09:49:46.293181,2026-03-02 03:05:12.293181
61,3680,14.44,6,7,125.57,True,mobile,Jakarta,False,2026-02-21 17:38:03.293181,2026-03-02 03:05:12.293181
62,459,33.91,1,1,33.91,False,mobile,Medan,False,2026-01-05 13:28:23.293181,2026-03-02 03:05:12.293181
62,1221,55.8,2,2,44.86,False,mobile,Bandung,False,2026-01-06 02:05:28.293181,2026-03-02 03:05:12.293181
62,1089,33.58,3,3,41.1,False,mobile,Medan,False,2026-01-08 20:27:53.293181,2026-03-02 03:05:12.293181
62,1217,16.85,3,4,35.03,False,mobile,Semarang,False,2026-01-12 14:43:12.293181,2026-03-02 03:05:12.293181
62,301,50.95,3,5,38.22,False,mobile,Surabaya,False,2026-01-14 16:21:50.293181,2026-03-02 03:05:12.293181
62,2293,66.86,3,6,42.99,True,mobile,Bandung,False,2026-01-18 12:52:11.293181,2026-03-02 03:05:12.293181
63,855,244.26,1,1,244.26,False,mobile,Surabaya,False,2026-01-06 17:48:07.293181,2026-03-02 03:05:12.293181
63,3202,54.14,2,2,149.2,False,web,Surabaya,False,2026-01-06 19:30:20.293181,2026-03-02 03:05:12.293181
63,1504,33.73,3,3,110.71,False,mobile,Medan,False,2026-01-08 17:29:55.293181,2026-03-02 03:05:12.293181
63,2739,22.97,4,4,88.78,True,mobile,Bandung,True,2026-01-11 09:27:20.293181,2026-03-02 03:05:12.293181
63,2149,211.18,1,5,113.26,True,web,Jakarta,False,2026-01-24 13:43:33.293181,2026-03-02 03:05:12.293181
63,1966,26.33,1,2,118.76,False,mobile,Jakarta,False,2026-02-12 12:01:06.293181,2026-03-02 03:05:12.293181
63,3031,73.95,2,3,103.82,False,mobile,Jakarta,False,2026-02-13 00:10:14.293181,2026-03-02 03:05:12.293181
63,2995,12.06,3,4,80.88,False,mobile,Bandung,False,2026-02-16 21:50:02.293181,2026-03-02 03:05:12.293181
63,3470,53.34,2,5,75.37,False,mobile,Semarang,False,2026-02-20 11:35:16.293181,2026-03-02 03:05:12.293181
64,4956,10.97,1,1,10.97,False,mobile,Medan,False,2026-01-13 07:52:59.293181,2026-03-02 03:05:12.293181
64,2862,46.34,2,2,28.66,True,mobile,Surabaya,False,2026-01-18 06:55:27.293181,2026-03-02 03:05:12.293181
64,740,63.37,3,3,40.23,False,mobile,Semarang,False,2026-01-19 10:28:36.293181,2026-03-02 03:05:12.293181
64,2664,100.82,1,3,70.18,False,mobile,Medan,False,2026-02-16 02:06:35.293181,2026-03-02 03:05:12.293181
64,3090,33.5,2,3,65.9,False,mobile,Semarang,False,2026-02-17 17:23:41.293181,2026-03-02 03:05:12.293181
64,66,22.57,2,3,52.3,False,web,Jakarta,True,2026-02-24 03:45:56.293181,2026-03-02 03:05:12.293181
64,1870,65.94,2,4,55.71,False,mobile,Medan,False,2026-02-27 21:47:38.293181,2026-03-02 03:05:12.293181
64,1389,459.94,3,5,136.55,True,web,Bandung,False,2026-03-01 08:02:00.293181,2026-03-02 03:05:12.293181
65,2028,61.18,1,1,61.18,True,mobile,Jakarta,False,2026-01-03 05:30:19.293181,2026-03-02 03:05:12.293181
65,3063,80.2,2,2,70.69,False,mobile,Bandung,False,2026-01-08 15:09:36.293181,2026-03-02 03:05:12.293181
65,1615,114.2,2,3,85.19,False,mobile,Semarang,False,2026-01-12 01:03:03.293181,2026-03-02 03:05:12.293181
65,1259,94.4,3,4,87.5,False,mobile,Medan,False,2026-01-12 08:28:37.293181,2026-03-02 03:05:12.293181
65,2942,92.38,4,5,88.47,False,mobile,Semarang,False,2026-01-14 04:16:02.293181,2026-03-02 03:05:12.293181
65,1037,90.97,5,6,88.89,False,mobile,Surabaya,False,2026-01-15 08:06:15.293181,2026-03-02 03:05:12.293181
65,1250,13.83,5,7,78.17,True,web,Bandung,False,2026-01-17 09:08:58.293181,2026-03-02 03:05:12.293181
65,1983,50.02,1,6,75.97,False,mobile,Medan,False,2026-02-10 15:10:08.293181,2026-03-02 03:05:12.293181
65,3114,62.46,1,2,56.24,False,mobile,Surabaya,False,2026-02-23 06:48:25.293181,2026-03-02 03:05:12.293181
65,4866,29.44,2,3,47.31,False,mobile,Jakarta,False,2026-02-23 07:15:25.293181,2026-03-02 03:05:12.293181
65,2077,103.0,3,4,61.23,False,mobile,Semarang,False,2026-02-23 10:52:37.293181,2026-03-02 03:05:12.293181
65,271,74.76,4,5,63.94,False,web,Jakarta,False,2026-02-27 23:48:02.293181,2026-03-02 03:05:12.293181
66,977,73.71,1,1,73.71,False,mobile,Medan,False,2026-01-09 15:34:10.293181,2026-03-02 03:05:12.293181
66,2543,57.41,1,2,65.56,False,web,Semarang,False,2026-01-16 21:42:00.293181,2026-03-02 03:05:12.293181
66,3073,108.3,2,3,79.81,False,web,Medan,False,2026-01-19 04:48:16.293181,2026-03-02 03:05:12.293181
66,3292,57.08,1,4,74.12,False,mobile,Medan,False,2026-02-03 02:17:33.293181,2026-03-02 03:05:12.293181
66,753,20.12,2,5,63.32,True,mobile,Bandung,False,2026-02-08 14:09:24.293181,2026-03-02 03:05:12.293181
66,3821,109.86,2,5,70.55,True,mobile,Medan,False,2026-02-14 20:35:11.293181,2026-03-02 03:05:12.293181
66,594,69.77,2,5,73.03,False,mobile,Medan,False,2026-02-18 02:26:04.293181,2026-03-02 03:05:12.293181
66,272,12.93,1,5,53.95,False,web,Surabaya,False,2026-02-26 18:37:02.293181,2026-03-02 03:05:12.293181
67,3083,179.3,1,1,179.3,False,mobile,Semarang,False,2025-12-31 06:26:03.293181,2026-03-02 03:05:12.293181
67,2140,9.48,1,2,94.39,False,mobile,Jakarta,False,2026-01-08 10:42:04.293181,2026-03-02 03:05:12.293181
67,2531,60.15,1,3,82.98,False,mobile,Surabaya,False,2026-01-27 22:37:09.293181,2026-03-02 03:05:12.293181
67,2299,13.24,2,3,27.62,False,mobile,Medan,False,2026-01-30 11:12:38.293181,2026-03-02 03:05:12.293181
67,568,22.04,2,4,26.23,False,mobile,Semarang,False,2026-02-04 01:07:06.293181,2026-03-02 03:05:12.293181
67,3193,62.25,1,4,39.42,False,web,Surabaya,False,2026-02-11 15:19:14.293181,2026-03-02 03:05:12.293181
67,2007,1169.44,2,5,265.42,False,mobile,Medan,False,2026-02-12 21:39:01.293181,2026-03-02 03:05:12.293181
67,3046,6.31,3,6,222.24,False,mobile,Semarang,False,2026-02-18 04:08:37.293181,2026-03-02 03:05:12.293181
67,4939,249.55,1,7,226.14,False,mobile,Semarang,False,2026-02-26 22:04:11.293181,2026-03-02 03:05:12.293181
68,504,22.48,1,1,22.48,True,mobile,Bandung,False,2026-01-03 13:22:47.293181,2026-03-02 03:05:12.293181
68,331,43.7,2,2,33.09,False,mobile,Semarang,False,2026-01-07 09:37:45.293181,2026-03-02 03:05:12.293181
68,4341,67.13,1,3,44.44,False,web,Jakarta,False,2026-01-20 09:10:30.293181,2026-03-02 03:05:12.293181
68,1813,94.59,2,4,56.98,False,web,Bandung,False,2026-01-22 01:06:03.293181,2026-03-02 03:05:12.293181
68,2016,34.71,3,5,52.52,True,mobile,Bandung,False,2026-01-24 18:10:23.293181,2026-03-02 03:05:12.293181
68,484,187.57,1,4,96.0,True,mobile,Jakarta,False,2026-02-07 14:33:11.293181,2026-03-02 03:05:12.293181
68,1497,107.92,2,5,98.38,True,mobile,Bandung,False,2026-02-07 15:18:07.293181,2026-03-02 03:05:12.293181
68,3752,171.41,3,6,110.56,True,mobile,Jakarta,False,2026-02-08 03:23:15.293181,2026-03-02 03:05:12.293181
68,4869,7.51,1,5,101.82,True,web,Bandung,False,2026-02-21 03:02:34.293181,2026-03-02 03:05:12.293181
68,1822,373.03,2,6,147.02,True,mobile,Bandung,False,2026-02-21 12:46:32.293181,2026-03-02 03:05:12.293181
68,2590,51.68,3,7,133.4,False,mobile,Semarang,False,2026-02-23 02:10:46.293181,2026-03-02 03:05:12.293181
68,4968,26.41,2,7,132.22,True,mobile,Jakarta,False,2026-03-01 12:39:17.293181,2026-03-02 03:05:12.293181
69,4694,141.14,1,1,141.14,False,mobile,Jakarta,False,2026-01-01 21:45:49.293181,2026-03-02 03:05:12.293181
69,533,56.59,2,2,98.86,False,mobile,Semarang,False,2026-01-02 11:50:50.293181,2026-03-02 03:05:12.293181
69,3958,83.12,1,3,93.62,False,mobile,Semarang,False,2026-01-30 23:07:53.293181,2026-03-02 03:05:12.293181
69,857,54.64,2,4,83.87,True,mobile,Surabaya,False,2026-01-31 21:27:02.293181,2026-03-02 03:05:12.293181
69,3812,64.44,1,3,67.4,False,web,Bandung,False,2026-02-11 11:03:07.293181,2026-03-02 03:05:12.293181
69,3600,37.57,1,4,59.94,False,web,Semarang,False,2026-02-24 03:56:17.293181,2026-03-02 03:05:12.293181
69,3263,27.78,2,5,53.51,False,mobile,Medan,False,2026-02-24 05:05:38.293181,2026-03-02 03:05:12.293181
69,2809,85.72,3,6,58.88,False,web,Bandung,False,2026-02-25 13:50:40.293181,2026-03-02 03:05:12.293181
69,3690,525.49,4,7,125.54,True,mobile,Surabaya,False,2026-03-01 11:32:10.293181,2026-03-02 03:05:12.293181
70,4427,66.92,1,1,66.92,False,web,Jakarta,False,2026-01-01 01:10:35.293181,2026-03-02 03:05:12.293181
70,1918,263.9,1,2,165.41,False,mobile,Semarang,False,2026-01-13 19:32:17.293181,2026-03-02 03:05:12.293181
70,3790,65.1,2,3,131.97,False,mobile,Semarang,False,2026-01-16 10:04:09.293181,2026-03-02 03:05:12.293181
70,990,41.8,3,4,109.43,False,mobile,Surabaya,False,2026-01-19 05:00:01.293181,2026-03-02 03:05:12.293181
70,4856,35.46,1,5,94.64,False,web,Bandung,False,2026-01-30 06:35:38.293181,2026-03-02 03:05:12.293181
70,4406,159.88,2,5,113.23,False,mobile,Bandung,False,2026-02-04 23:32:37.293181,2026-03-02 03:05:12.293181
70,4737,17.9,1,3,71.08,False,mobile,Jakarta,False,2026-02-23 01:35:33.293181,2026-03-02 03:05:12.293181
70,2996,42.71,2,4,63.99,False,mobile,Bandung,False,2026-02-23 20:42:35.293181,2026-03-02 03:05:12.293181
70,2826,44.27,3,5,60.04,False,mobile,Surabaya,False,2026-02-23 22:38:17.293181,2026-03-02 03:05:12.293181
70,1551,18.11,4,6,53.06,False,mobile,Semarang,False,2026-02-25 19:13:34.293181,2026-03-02 03:05:12.293181
71,170,65.99,1,1,65.99,False,mobile,Surabaya,False,2026-01-01 12:46:47.293181,2026-03-02 03:05:12.293181
71,2964,26.03,2,2,46.01,True,web,Semarang,False,2026-01-04 01:44:22.293181,2026-03-02 03:05:12.293181
71,2706,17.63,2,3,36.55,False,web,Medan,False,2026-01-08 21:51:15.293181,2026-03-02 03:05:12.293181
71,2288,52.9,2,4,40.64,True,mobile,Surabaya,False,2026-01-11 10:51:10.293181,2026-03-02 03:05:12.293181
71,2570,5.72,3,5,33.65,False,mobile,Semarang,False,2026-01-12 01:21:50.293181,2026-03-02 03:05:12.293181
71,4114,113.61,4,6,46.98,False,mobile,Surabaya,False,2026-01-13 18:37:28.293181,2026-03-02 03:05:12.293181
71,909,22.31,5,7,43.46,False,mobile,Medan,False,2026-01-13 21:29:20.293181,2026-03-02 03:05:12.293181
71,3528,14.02,5,8,39.78,True,mobile,Jakarta,False,2026-01-18 04:22:57.293181,2026-03-02 03:05:12.293181
71,1799,130.84,1,9,49.89,False,web,Semarang,False,2026-01-27 23:06:24.293181,2026-03-02 03:05:12.293181
71,3505,792.27,2,10,124.13,False,web,Medan,False,2026-01-30 02:04:05.293181,2026-03-02 03:05:12.293181
71,3414,87.49,1,6,193.42,False,web,Bandung,False,2026-02-11 11:49:13.293181,2026-03-02 03:05:12.293181
71,4708,19.62,2,7,168.59,False,web,Jakarta,False,2026-02-12 14:18:23.293181,2026-03-02 03:05:12.293181
71,3312,74.53,3,6,186.46,False,mobile,Jakarta,False,2026-02-16 00:52:36.293181,2026-03-02 03:05:12.293181
71,2649,167.11,1,6,211.98,False,mobile,Semarang,False,2026-02-25 02:50:45.293181,2026-03-02 03:05:12.293181
72,3034,83.83,1,1,83.83,False,web,Medan,True,2026-01-01 14:58:22.293181,2026-03-02 03:05:12.293181
72,371,47.75,2,2,65.79,True,mobile,Jakarta,False,2026-01-03 17:26:18.293181,2026-03-02 03:05:12.293181
72,8,19.2,3,3,50.26,False,mobile,Surabaya,False,2026-01-05 11:42:39.293181,2026-03-02 03:05:12.293181
72,4725,5.95,2,4,39.18,True,web,Bandung,False,2026-01-11 22:20:33.293181,2026-03-02 03:05:12.293181
72,156,30.03,2,5,37.35,False,mobile,Bandung,False,2026-01-15 16:53:55.293181,2026-03-02 03:05:12.293181
72,3640,29.08,3,6,35.97,True,web,Jakarta,False,2026-01-17 20:46:07.293181,2026-03-02 03:05:12.293181
72,1907,118.66,3,7,47.79,False,mobile,Bandung,False,2026-01-21 06:36:07.293181,2026-03-02 03:05:12.293181
72,4269,50.81,1,8,48.16,False,mobile,Bandung,False,2026-01-30 09:25:17.293181,2026-03-02 03:05:12.293181
72,4487,14.6,1,5,48.64,False,mobile,Surabaya,False,2026-02-11 01:24:21.293181,2026-03-02 03:05:12.293181
72,3883,102.83,2,6,57.67,False,mobile,Semarang,False,2026-02-11 10:54:10.293181,2026-03-02 03:05:12.293181
72,2714,43.19,3,6,59.86,True,web,Surabaya,False,2026-02-15 20:13:36.293181,2026-03-02 03:05:12.293181
72,4379,90.99,2,6,70.18,False,mobile,Semarang,False,2026-02-20 05:11:17.293181,2026-03-02 03:05:12.293181
72,4091,275.29,2,6,96.29,False,mobile,Jakarta,False,2026-02-25 03:07:52.293181,2026-03-02 03:05:12.293181
72,4829,127.93,2,7,100.81,True,mobile,Surabaya,True,2026-02-28 15:47:39.293181,2026-03-02 03:05:12.293181
72,3323,90.56,3,8,99.52,True,mobile,Medan,False,2026-02-28 21:12:46.293181,2026-03-02 03:05:12.293181
73,1850,28.71,1,1,28.71,True,web,Jakarta,False,2026-01-03 22:17:47.293181,2026-03-02 03:05:12.293181
73,2522,36.28,2,2,32.5,False,web,Medan,False,2026-01-05 19:26:54.293181,2026-03-02 03:05:12.293181
73,3206,24.89,2,3,29.96,False,web,Medan,False,2026-01-12 03:16:23.293181,2026-03-02 03:05:12.293181
73,4881,86.56,1,4,44.11,False,mobile,Semarang,False,2026-01-21 14:56:11.293181,2026-03-02 03:05:12.293181
73,1376,52.4,2,5,45.77,False,mobile,Surabaya,False,2026-01-22 10:27:52.293181,2026-03-02 03:05:12.293181
73,4703,26.47,1,6,42.55,True,mobile,Jakarta,False,2026-01-31 00:51:11.293181,2026-03-02 03:05:12.293181
73,4581,43.21,1,2,34.84,False,mobile,Surabaya,False,2026-02-27 00:00:26.293181,2026-03-02 03:05:12.293181
73,2221,139.04,2,3,69.57,True,mobile,Surabaya,False,2026-03-01 16:34:20.293181,2026-03-02 03:05:12.293181
74,2935,59.29,1,1,59.29,False,web,Semarang,False,2026-01-05 20:17:42.293181,2026-03-02 03:05:12.293181
74,3901,92.86,2,2,76.08,True,web,Bandung,False,2026-01-10 17:01:21.293181,2026-03-02 03:05:12.293181
74,2760,10.27,3,3,54.14,True,mobile,Jakarta,True,2026-01-11 04:46:11.293181,2026-03-02 03:05:12.293181
74,1631,56.71,3,4,54.78,True,mobile,Medan,False,2026-01-17 12:46:57.293181,2026-03-02 03:05:12.293181
74,1716,95.13,4,5,62.85,True,mobile,Semarang,False,2026-01-17 14:16:27.293181,2026-03-02 03:05:12.293181
74,4246,102.75,3,6,69.5,False,mobile,Bandung,False,2026-01-19 16:35:19.293181,2026-03-02 03:05:12.293181
74,3303,51.56,4,7,66.94,False,mobile,Medan,False,2026-01-20 11:21:57.293181,2026-03-02 03:05:12.293181
74,3947,7.91,3,8,59.56,True,mobile,Medan,False,2026-01-25 01:54:51.293181,2026-03-02 03:05:12.293181
74,3183,29.21,2,9,56.19,True,web,Semarang,False,2026-01-31 04:12:33.293181,2026-03-02 03:05:12.293181
74,154,69.22,2,10,57.49,False,mobile,Medan,False,2026-02-03 09:10:21.293181,2026-03-02 03:05:12.293181
74,2216,32.82,1,8,55.66,True,mobile,Jakarta,False,2026-02-15 13:15:31.293181,2026-03-02 03:05:12.293181
75,4384,298.8,1,1,298.8,False,mobile,Bandung,False,2026-01-16 22:35:30.293181,2026-03-02 03:05:12.293181
75,1696,12.69,2,2,155.74,True,mobile,Semarang,False,2026-01-18 17:12:31.293181,2026-03-02 03:05:12.293181
75,2006,24.4,3,3,111.96,True,web,Surabaya,False,2026-01-18 22:48:12.293181,2026-03-02 03:05:12.293181
75,3482,29.27,4,4,91.29,False,mobile,Bandung,False,2026-01-23 08:55:30.293181,2026-03-02 03:05:12.293181
75,2705,144.89,5,5,102.01,False,mobile,Bandung,False,2026-01-23 14:17:04.293181,2026-03-02 03:05:12.293181
75,2382,68.76,6,6,96.47,False,mobile,Medan,False,2026-01-23 16:45:23.293181,2026-03-02 03:05:12.293181
75,4052,19.28,1,7,85.44,True,web,Semarang,False,2026-02-07 20:36:30.293181,2026-03-02 03:05:12.293181
75,1543,27.74,1,2,23.51,False,mobile,Bandung,False,2026-02-26 13:56:45.293181,2026-03-02 03:05:12.293181
75,4871,22.98,2,3,23.33,True,mobile,Jakarta,False,2026-02-28 18:50:02.293181,2026-03-02 03:05:12.293181
76,592,220.26,1,1,220.26,True,web,Medan,False,2026-01-03 15:21:19.293181,2026-03-02 03:05:12.293181
76,831,29.96,1,2,125.11,True,mobile,Jakarta,False,2026-01-10 16:36:51.293181,2026-03-02 03:05:12.293181
76,810,200.27,2,3,150.16,True,web,Surabaya,False,2026-01-17 07:38:53.293181,2026-03-02 03:05:12.293181
76,2075,10.4,2,4,115.22,False,mobile,Bandung,False,2026-01-22 10:13:58.293181,2026-03-02 03:05:12.293181
76,3384,89.71,1,5,110.12,True,mobile,Semarang,False,2026-02-01 11:56:59.293181,2026-03-02 03:05:12.293181
76,2673,175.59,1,4,118.99,True,mobile,Surabaya,True,2026-02-15 02:03:04.293181,2026-03-02 03:05:12.293181
76,1999,543.07,1,3,269.46,True,mobile,Surabaya,False,2026-02-28 06:03:31.293181,2026-03-02 03:05:12.293181
76,2379,50.16,2,4,214.63,True,mobile,Surabaya,False,2026-03-01 20:33:16.293181,2026-03-02 03:05:12.293181
77,1372,139.81,1,1,139.81,False,web,Semarang,False,2026-01-01 17:10:07.293181,2026-03-02 03:05:12.293181
77,2727,21.27,2,2,80.54,True,web,Semarang,False,2026-01-04 05:19:37.293181,2026-03-02 03:05:12.293181
77,1291,31.21,1,3,64.1,False,mobile,Medan,False,2026-01-14 17:15:30.293181,2026-03-02 03:05:12.293181
77,2517,13.61,1,4,51.48,True,web,Bandung,False,2026-01-25 19:38:00.293181,2026-03-02 03:05:12.293181
77,3934,140.85,2,4,51.74,True,web,Semarang,False,2026-02-01 06:45:16.293181,2026-03-02 03:05:12.293181
77,585,51.45,2,5,51.68,False,mobile,Surabaya,False,2026-02-02 04:01:20.293181,2026-03-02 03:05:12.293181
77,1575,46.53,3,6,50.82,False,mobile,Medan,False,2026-02-03 04:01:52.293181,2026-03-02 03:05:12.293181
77,3733,302.88,4,6,97.76,False,mobile,Medan,False,2026-02-05 15:40:50.293181,2026-03-02 03:05:12.293181
77,4162,243.01,2,7,118.51,False,mobile,Bandung,True,2026-02-11 06:06:00.293181,2026-03-02 03:05:12.293181
77,3319,91.91,1,7,127.18,True,web,Semarang,False,2026-02-22 09:04:20.293181,2026-03-02 03:05:12.293181
78,3398,417.67,1,1,417.67,False,mobile,Semarang,False,2025-12-31 08:17:39.293181,2026-03-02 03:05:12.293181
78,1290,44.11,1,2,230.89,False,mobile,Surabaya,False,2026-01-08 23:27:02.293181,2026-03-02 03:05:12.293181
78,4120,12.99,2,3,158.26,False,web,Semarang,False,2026-01-13 11:29:08.293181,2026-03-02 03:05:12.293181
78,2464,148.02,3,4,155.7,False,mobile,Semarang,False,2026-01-14 11:29:59.293181,2026-03-02 03:05:12.293181
78,1611,16.13,1,5,127.78,False,mobile,Semarang,False,2026-01-22 03:42:11.293181,2026-03-02 03:05:12.293181
78,4567,113.11,1,2,64.62,False,mobile,Medan,True,2026-02-18 11:06:17.293181,2026-03-02 03:05:12.293181
78,2415,11.54,1,2,62.32,False,web,Medan,False,2026-02-27 23:17:06.293181,2026-03-02 03:05:12.293181
78,910,117.2,2,3,80.62,True,web,Jakarta,False,2026-02-28 10:22:01.293181,2026-03-02 03:05:12.293181
79,2593,406.16,1,1,406.16,False,web,Medan,False,2025-12-31 10:24:36.293181,2026-03-02 03:05:12.293181
79,2125,25.42,2,2,215.79,False,mobile,Surabaya,False,2026-01-05 22:30:57.293181,2026-03-02 03:05:12.293181
79,4493,22.7,1,3,151.43,False,web,Jakarta,True,2026-01-16 15:41:35.293181,2026-03-02 03:05:12.293181
79,2954,24.64,2,4,119.73,False,web,Semarang,False,2026-01-19 21:14:24.293181,2026-03-02 03:05:12.293181
79,4062,45.68,3,5,104.92,False,web,Medan,False,2026-01-23 02:55:01.293181,2026-03-02 03:05:12.293181
79,2387,18.42,2,6,90.5,False,mobile,Surabaya,False,2026-01-27 10:41:15.293181,2026-03-02 03:05:12.293181
79,178,46.5,2,6,30.56,True,web,Jakarta,False,2026-02-01 10:07:06.293181,2026-03-02 03:05:12.293181
79,1117,360.34,3,7,77.67,False,mobile,Semarang,False,2026-02-02 18:43:53.293181,2026-03-02 03:05:12.293181
79,234,51.13,3,8,74.35,False,mobile,Jakarta,False,2026-02-03 19:49:29.293181,2026-03-02 03:05:12.293181
79,3092,77.88,4,8,80.91,False,mobile,Surabaya,False,2026-02-05 22:20:47.293181,2026-03-02 03:05:12.293181
79,1528,15.98,1,8,80.07,False,web,Bandung,False,2026-02-17 23:11:21.293181,2026-03-02 03:05:12.293181
79,3126,67.22,2,9,78.64,False,mobile,Surabaya,False,2026-02-18 17:36:36.293181,2026-03-02 03:05:12.293181
79,914,46.93,3,10,75.47,False,mobile,Medan,False,2026-02-18 17:54:54.293181,2026-03-02 03:05:12.293181
79,4326,204.13,4,9,98.73,True,mobile,Surabaya,False,2026-02-22 09:31:54.293181,2026-03-02 03:05:12.293181
79,3692,106.47,2,9,108.51,False,web,Surabaya,False,2026-02-26 15:19:36.293181,2026-03-02 03:05:12.293181
79,1035,17.61,3,10,99.42,False,mobile,Semarang,False,2026-02-27 03:28:29.293181,2026-03-02 03:05:12.293181
79,4321,134.27,4,11,102.59,False,mobile,Surabaya,False,2026-02-27 22:25:53.293181,2026-03-02 03:05:12.293181
80,1636,47.65,1,1,47.65,True,mobile,Surabaya,False,2026-01-10 12:43:48.293181,2026-03-02 03:05:12.293181
80,425,51.0,2,2,49.32,True,web,Medan,False,2026-01-10 16:40:14.293181,2026-03-02 03:05:12.293181
80,2246,60.02,3,3,52.89,False,web,Semarang,False,2026-01-14 16:46:20.293181,2026-03-02 03:05:12.293181
80,540,59.63,2,4,54.58,False,web,Medan,False,2026-01-20 09:45:57.293181,2026-03-02 03:05:12.293181
80,620,77.69,2,5,59.2,False,web,Bandung,False,2026-01-22 01:19:04.293181,2026-03-02 03:05:12.293181
80,2170,66.2,3,6,60.36,True,web,Bandung,False,2026-01-24 15:01:00.293181,2026-03-02 03:05:12.293181
80,47,391.66,2,7,107.69,False,web,Medan,False,2026-01-29 03:51:18.293181,2026-03-02 03:05:12.293181
80,3841,50.34,1,8,100.52,False,mobile,Medan,False,2026-02-05 13:27:38.293181,2026-03-02 03:05:12.293181
80,1932,35.65,2,9,93.32,True,mobile,Jakarta,False,2026-02-08 12:40:02.293181,2026-03-02 03:05:12.293181
80,2571,53.08,1,6,112.44,False,web,Bandung,False,2026-02-20 14:13:48.293181,2026-03-02 03:05:12.293181
81,3533,458.9,1,1,458.9,False,mobile,Bandung,False,2026-01-13 16:59:16.293181,2026-03-02 03:05:12.293181
81,4959,28.75,2,2,243.82,False,mobile,Semarang,False,2026-01-14 14:48:17.293181,2026-03-02 03:05:12.293181
81,1732,7.89,3,3,165.18,True,mobile,Bandung,False,2026-01-17 18:48:23.293181,2026-03-02 03:05:12.293181
81,1338,59.7,4,4,138.81,False,mobile,Jakarta,False,2026-01-19 16:28:44.293181,2026-03-02 03:05:12.293181
81,1333,42.53,4,5,119.55,False,mobile,Jakarta,False,2026-01-21 06:16:27.293181,2026-03-02 03:05:12.293181
81,513,23.89,3,6,103.61,True,mobile,Semarang,False,2026-01-25 03:31:04.293181,2026-03-02 03:05:12.293181
81,2234,70.5,2,7,98.88,True,mobile,Jakarta,False,2026-01-31 18:17:00.293181,2026-03-02 03:05:12.293181
81,3020,34.1,2,8,90.78,False,mobile,Bandung,True,2026-02-06 02:48:01.293181,2026-03-02 03:05:12.293181
81,445,81.52,2,9,89.75,False,mobile,Semarang,False,2026-02-10 16:52:47.293181,2026-03-02 03:05:12.293181
81,2247,83.84,2,8,50.5,False,mobile,Medan,False,2026-02-13 20:03:25.293181,2026-03-02 03:05:12.293181
81,3175,126.2,1,5,79.23,True,mobile,Medan,False,2026-02-28 16:44:11.293181,2026-03-02 03:05:12.293181
81,211,50.54,2,6,74.45,True,mobile,Surabaya,False,2026-03-01 00:44:22.293181,2026-03-02 03:05:12.293181
82,4972,42.28,1,1,42.28,False,mobile,Bandung,False,2026-01-02 06:15:31.293181,2026-03-02 03:05:12.293181
82,1512,157.65,1,2,99.96,True,mobile,Surabaya,False,2026-01-11 04:30:22.293181,2026-03-02 03:05:12.293181
82,3228,47.66,2,3,82.53,True,mobile,Semarang,False,2026-01-17 18:55:22.293181,2026-03-02 03:05:12.293181
82,2932,154.42,2,4,100.5,True,mobile,Semarang,False,2026-01-18 07:09:02.293181,2026-03-02 03:05:12.293181
82,3219,513.07,3,5,183.02,True,web,Bandung,False,2026-01-24 05:13:45.293181,2026-03-02 03:05:12.293181
82,647,151.41,2,6,177.75,False,mobile,Bandung,False,2026-01-29 19:31:30.293181,2026-03-02 03:05:12.293181
82,4618,24.19,1,5,178.15,False,mobile,Medan,False,2026-02-16 15:59:19.293181,2026-03-02 03:05:12.293181
82,3669,30.31,2,5,174.68,False,web,Jakarta,False,2026-02-17 03:50:31.293181,2026-03-02 03:05:12.293181
82,42,64.41,3,5,156.68,False,mobile,Jakarta,False,2026-02-17 12:49:25.293181,2026-03-02 03:05:12.293181
82,180,6.13,4,6,131.59,True,mobile,Surabaya,False,2026-02-22 07:34:28.293181,2026-03-02 03:05:12.293181
82,2486,36.26,2,6,52.12,True,web,Bandung,False,2026-02-28 09:37:06.293181,2026-03-02 03:05:12.293181
82,880,120.83,2,6,47.02,True,web,Medan,False,2026-03-01 22:54:36.293181,2026-03-02 03:05:12.293181
83,2668,368.84,1,1,368.84,False,mobile,Semarang,False,2026-01-07 03:54:37.293181,2026-03-02 03:05:12.293181
83,3095,17.03,2,2,192.94,False,mobile,Semarang,False,2026-01-08 16:47:03.293181,2026-03-02 03:05:12.293181
83,237,398.88,3,3,261.58,False,mobile,Semarang,False,2026-01-09 07:17:34.293181,2026-03-02 03:05:12.293181
83,1452,83.12,1,4,216.97,False,mobile,Medan,False,2026-01-30 12:55:09.293181,2026-03-02 03:05:12.293181
83,571,46.42,1,2,64.77,True,web,Semarang,False,2026-02-08 12:11:19.293181,2026-03-02 03:05:12.293181
83,2644,46.11,2,3,58.55,False,mobile,Bandung,False,2026-02-10 09:48:24.293181,2026-03-02 03:05:12.293181
84,2594,20.15,1,1,20.15,False,web,Surabaya,False,2026-01-01 15:25:41.293181,2026-03-02 03:05:12.293181
84,3609,180.8,2,2,100.48,False,mobile,Bandung,False,2026-01-07 04:29:12.293181,2026-03-02 03:05:12.293181
84,4255,39.59,2,3,80.18,False,mobile,Surabaya,False,2026-01-08 19:20:50.293181,2026-03-02 03:05:12.293181
84,3328,15.43,1,4,63.99,False,web,Bandung,False,2026-01-23 14:44:19.293181,2026-03-02 03:05:12.293181
84,116,212.98,2,5,93.79,False,mobile,Semarang,False,2026-01-30 13:50:05.293181,2026-03-02 03:05:12.293181
84,625,77.05,2,5,105.17,False,mobile,Bandung,True,2026-02-03 10:54:35.293181,2026-03-02 03:05:12.293181
84,99,3.62,1,4,77.27,False,web,Medan,False,2026-02-12 08:00:50.293181,2026-03-02 03:05:12.293181
84,1058,15.36,1,5,64.89,False,mobile,Semarang,False,2026-02-20 20:16:54.293181,2026-03-02 03:05:12.293181
85,3734,33.98,1,1,33.98,False,mobile,Jakarta,False,2026-01-05 00:43:09.293181,2026-03-02 03:05:12.293181
85,4611,42.37,2,2,38.17,False,web,Bandung,False,2026-01-07 07:27:29.293181,2026-03-02 03:05:12.293181
85,2602,10.57,3,3,28.97,False,mobile,Semarang,False,2026-01-09 06:30:26.293181,2026-03-02 03:05:12.293181
85,1833,81.35,2,4,42.07,False,web,Jakarta,False,2026-01-15 10:43:29.293181,2026-03-02 03:05:12.293181
85,973,64.12,2,5,46.48,False,mobile,Jakarta,False,2026-01-21 15:57:27.293181,2026-03-02 03:05:12.293181
85,3094,39.77,2,6,45.36,False,mobile,Surabaya,False,2026-01-22 19:14:18.293181,2026-03-02 03:05:12.293181
85,4827,20.63,1,7,41.83,False,mobile,Surabaya,False,2026-01-29 20:31:06.293181,2026-03-02 03:05:12.293181
85,4986,22.61,2,8,39.42,False,mobile,Semarang,False,2026-01-30 15:41:02.293181,2026-03-02 03:05:12.293181
85,1379,66.03,3,9,42.38,False,web,Medan,False,2026-02-02 08:01:42.293181,2026-03-02 03:05:12.293181
85,406,10.93,1,6,37.35,False,mobile,Bandung,False,2026-02-17 04:15:01.293181,2026-03-02 03:05:12.293181
85,277,63.29,2,7,41.05,False,web,Bandung,False,2026-02-17 22:20:09.293181,2026-03-02 03:05:12.293181
86,4754,106.87,1,1,106.87,False,mobile,Jakarta,False,2026-01-02 11:12:29.293181,2026-03-02 03:05:12.293181
86,397,29.05,2,2,67.96,False,web,Jakarta,False,2026-01-09 06:16:47.293181,2026-03-02 03:05:12.293181
86,1683,38.46,1,3,58.13,True,mobile,Medan,True,2026-01-25 09:30:01.293181,2026-03-02 03:05:12.293181
86,4386,33.57,2,4,51.99,False,web,Jakarta,False,2026-01-30 04:06:36.293181,2026-03-02 03:05:12.293181
86,4530,27.85,2,4,32.23,False,web,Surabaya,False,2026-02-04 00:41:07.293181,2026-03-02 03:05:12.293181
86,1049,14.7,2,5,28.73,True,web,Surabaya,False,2026-02-07 14:31:28.293181,2026-03-02 03:05:12.293181
86,4722,53.7,3,5,33.66,False,mobile,Semarang,False,2026-02-10 23:01:34.293181,2026-03-02 03:05:12.293181
86,2906,150.85,1,6,53.19,False,mobile,Semarang,False,2026-02-19 04:42:06.293181,2026-03-02 03:05:12.293181
87,2362,132.2,1,1,132.2,False,mobile,Surabaya,False,2026-01-26 22:05:12.293181,2026-03-02 03:05:12.293181
87,4378,25.11,2,2,78.66,False,mobile,Jakarta,False,2026-01-29 10:29:32.293181,2026-03-02 03:05:12.293181
87,4090,32.1,3,3,63.14,True,mobile,Bandung,False,2026-01-31 19:04:24.293181,2026-03-02 03:05:12.293181
87,791,30.67,4,4,55.02,True,mobile,Surabaya,False,2026-02-01 22:13:51.293181,2026-03-02 03:05:12.293181
87,3122,216.95,3,5,87.41,False,mobile,Surabaya,False,2026-02-05 16:04:22.293181,2026-03-02 03:05:12.293181
87,4375,100.89,2,6,89.65,False,mobile,Jakarta,False,2026-02-09 21:49:06.293181,2026-03-02 03:05:12.293181
87,4086,10.68,1,7,78.37,False,web,Medan,False,2026-02-19 02:32:27.293181,2026-03-02 03:05:12.293181
87,4767,36.59,2,8,73.15,False,mobile,Surabaya,False,2026-02-25 21:03:38.293181,2026-03-02 03:05:12.293181
87,4842,68.38,2,7,70.89,True,web,Medan,False,2026-02-28 23:04:50.293181,2026-03-02 03:05:12.293181
88,1704,17.92,1,1,17.92,True,mobile,Medan,False,2026-01-03 15:36:05.293181,2026-03-02 03:05:12.293181
88,2335,98.52,1,1,98.52,False,mobile,Semarang,True,2026-02-04 22:47:01.293181,2026-03-02 03:05:12.293181
88,112,21.74,1,2,60.13,True,mobile,Bandung,False,2026-02-15 08:33:40.293181,2026-03-02 03:05:12.293181
88,3127,119.02,2,3,79.76,False,mobile,Semarang,False,2026-02-19 08:44:45.293181,2026-03-02 03:05:12.293181
88,3376,35.51,3,4,68.7,False,mobile,Semarang,False,2026-02-19 16:27:03.293181,2026-03-02 03:05:12.293181
88,4202,128.17,4,5,80.59,False,web,Bandung,False,2026-02-19 20:00:55.293181,2026-03-02 03:05:12.293181
89,4720,49.99,1,1,49.99,False,mobile,Bandung,False,2025-12-31 09:11:59.293181,2026-03-02 03:05:12.293181
89,4683,54.62,1,2,52.3,True,mobile,Medan,False,2026-01-18 11:27:42.293181,2026-03-02 03:05:12.293181
89,3425,71.29,2,3,58.63,False,web,Surabaya,False,2026-01-21 04:34:45.293181,2026-03-02 03:05:12.293181
89,2477,9.7,1,3,45.2,False,mobile,Bandung,False,2026-01-30 23:31:08.293181,2026-03-02 03:05:12.293181
89,2385,535.13,1,4,167.68,False,mobile,Bandung,True,2026-02-16 21:52:38.293181,2026-03-02 03:05:12.293181
89,1335,15.42,1,3,186.75,False,mobile,Jakarta,False,2026-02-24 21:11:19.293181,2026-03-02 03:05:12.293181
89,3000,12.81,2,4,143.26,False,mobile,Medan,False,2026-02-26 09:14:00.293181,2026-03-02 03:05:12.293181
90,3026,93.85,1,1,93.85,False,mobile,Surabaya,False,2026-01-05 21:15:11.293181,2026-03-02 03:05:12.293181
90,3915,11.32,2,2,52.58,True,mobile,Semarang,False,2026-01-10 12:23:04.293181,2026-03-02 03:05:12.293181
90,1820,94.48,3,3,66.55,True,mobile,Medan,False,2026-01-11 05:46:17.293181,2026-03-02 03:05:12.293181
90,1429,20.47,3,4,55.03,False,mobile,Bandung,False,2026-01-15 02:47:17.293181,2026-03-02 03:05:12.293181
90,762,112.64,2,5,66.55,False,mobile,Surabaya,False,2026-01-21 19:57:13.293181,2026-03-02 03:05:12.293181
90,2298,116.84,2,6,74.93,False,mobile,Surabaya,False,2026-01-28 09:13:18.293181,2026-03-02 03:05:12.293181
90,2011,85.56,2,7,76.45,False,mobile,Jakarta,False,2026-01-28 23:21:34.293181,2026-03-02 03:05:12.293181
90,1705,25.66,3,8,70.1,False,web,Bandung,False,2026-01-29 05:20:49.293181,2026-03-02 03:05:12.293181
90,2816,5.31,1,6,61.08,False,mobile,Semarang,False,2026-02-12 05:53:59.293181,2026-03-02 03:05:12.293181
90,3625,89.1,2,7,65.08,False,mobile,Surabaya,False,2026-02-12 11:21:34.293181,2026-03-02 03:05:12.293181
90,3564,20.75,1,6,57.2,True,mobile,Medan,False,2026-02-22 23:28:13.293181,2026-03-02 03:05:12.293181
90,2025,103.74,2,7,63.85,False,web,Medan,False,2026-02-26 23:57:05.293181,2026-03-02 03:05:12.293181
90,4616,7.92,3,5,45.36,True,mobile,Jakarta,False,2026-03-01 04:06:23.293181,2026-03-02 03:05:12.293181
91,1119,53.56,1,1,53.56,True,web,Jakarta,False,2026-01-10 13:12:23.293181,2026-03-02 03:05:12.293181
91,3568,30.44,2,2,42.0,True,mobile,Bandung,False,2026-01-11 23:49:25.293181,2026-03-02 03:05:12.293181
91,2392,34.94,3,3,39.65,False,mobile,Surabaya,False,2026-01-15 08:53:11.293181,2026-03-02 03:05:12.293181
91,844,120.65,1,4,59.9,False,web,Surabaya,False,2026-01-26 05:07:05.293181,2026-03-02 03:05:12.293181
91,4436,107.63,1,4,73.41,False,mobile,Bandung,False,2026-02-10 05:22:53.293181,2026-03-02 03:05:12.293181
91,629,23.37,2,3,83.88,False,web,Semarang,False,2026-02-16 04:08:16.293181,2026-03-02 03:05:12.293181
92,693,25.52,1,1,25.52,False,mobile,Jakarta,False,2026-01-05 22:19:47.293181,2026-03-02 03:05:12.293181
92,4157,39.16,1,1,39.16,False,mobile,Surabaya,False,2026-02-10 21:06:36.293181,2026-03-02 03:05:12.293181
92,3817,84.59,2,2,61.88,False,web,Jakarta,False,2026-02-11 20:44:47.293181,2026-03-02 03:05:12.293181
92,633,47.17,3,3,56.97,False,mobile,Jakarta,False,2026-02-12 04:24:41.293181,2026-03-02 03:05:12.293181
92,4238,215.14,4,4,96.52,False,web,Semarang,False,2026-02-12 19:27:30.293181,2026-03-02 03:05:12.293181
92,1245,23.18,5,5,81.85,False,mobile,Semarang,False,2026-02-17 17:59:44.293181,2026-03-02 03:05:12.293181
92,222,31.6,5,6,73.47,False,web,Jakarta,False,2026-02-18 14:12:00.293181,2026-03-02 03:05:12.293181
93,2205,24.21,1,1,24.21,True,mobile,Semarang,False,2026-01-11 13:08:10.293181,2026-03-02 03:05:12.293181
93,1703,12.43,2,2,18.32,False,mobile,Jakarta,False,2026-01-15 23:27:37.293181,2026-03-02 03:05:12.293181
93,1436,35.75,3,3,24.13,True,mobile,Semarang,False,2026-01-17 01:55:53.293181,2026-03-02 03:05:12.293181
93,2561,23.05,1,4,23.86,False,web,Jakarta,False,2026-01-29 05:29:00.293181,2026-03-02 03:05:12.293181
93,2214,32.81,2,5,25.65,False,web,Semarang,False,2026-01-30 16:06:52.293181,2026-03-02 03:05:12.293181
93,4463,184.53,3,6,52.13,False,mobile,Medan,False,2026-02-04 06:50:29.293181,2026-03-02 03:05:12.293181
93,3788,16.52,2,7,47.04,True,mobile,Semarang,False,2026-02-08 20:11:33.293181,2026-03-02 03:05:12.293181
93,2595,36.91,1,5,58.76,True,mobile,Bandung,False,2026-02-21 02:55:50.293181,2026-03-02 03:05:12.293181
93,2892,28.35,2,6,53.69,False,mobile,Surabaya,False,2026-02-27 10:18:20.293181,2026-03-02 03:05:12.293181
94,993,524.96,1,1,524.96,True,web,Bandung,False,2026-01-03 07:28:35.293181,2026-03-02 03:05:12.293181
94,4700,81.44,1,2,303.2,False,web,Semarang,False,2026-01-16 04:01:43.293181,2026-03-02 03:05:12.293181
94,3080,24.55,2,3,210.32,False,mobile,Jakarta,False,2026-01-22 17:36:53.293181,2026-03-02 03:05:12.293181
94,373,57.61,2,4,172.14,False,mobile,Bandung,False,2026-01-26 12:58:39.293181,2026-03-02 03:05:12.293181
94,1158,11.94,3,5,140.1,False,web,Surabaya,False,2026-01-28 12:30:10.293181,2026-03-02 03:05:12.293181
94,2824,45.0,1,5,44.11,False,mobile,Bandung,False,2026-02-12 21:43:16.293181,2026-03-02 03:05:12.293181
95,3937,39.9,1,1,39.9,False,web,Surabaya,False,2026-01-05 22:24:50.293181,2026-03-02 03:05:12.293181
95,1227,66.45,2,2,53.18,False,web,Jakarta,False,2026-01-09 15:35:29.293181,2026-03-02 03:05:12.293181
95,1273,63.57,1,2,65.01,False,mobile,Jakarta,False,2026-02-05 05:55:59.293181,2026-03-02 03:05:12.293181
95,4628,10.96,1,2,37.26,False,mobile,Medan,False,2026-02-24 02:53:57.293181,2026-03-02 03:05:12.293181
95,4095,138.65,2,3,71.06,False,mobile,Jakarta,False,2026-02-25 19:07:45.293181,2026-03-02 03:05:12.293181
95,3639,13.34,3,4,56.63,False,mobile,Medan,False,2026-03-02 02:44:17.293181,2026-03-02 03:05:12.293181
96,4658,50.47,1,1,50.47,False,mobile,Surabaya,False,2025-12-31 09:38:10.293181,2026-03-02 03:05:12.293181
96,4343,82.92,2,2,66.69,False,mobile,Medan,False,2026-01-05 18:56:18.293181,2026-03-02 03:05:12.293181
96,4306,22.98,2,3,52.12,False,web,Surabaya,False,2026-01-09 15:14:05.293181,2026-03-02 03:05:12.293181
96,451,232.41,3,4,97.2,True,mobile,Semarang,False,2026-01-11 15:24:16.293181,2026-03-02 03:05:12.293181
96,3615,20.59,1,3,91.99,True,mobile,Semarang,False,2026-02-07 04:04:08.293181,2026-03-02 03:05:12.293181
96,4629,77.56,2,4,88.38,True,mobile,Semarang,False,2026-02-07 20:18:32.293181,2026-03-02 03:05:12.293181
96,4726,47.83,3,5,80.27,True,mobile,Surabaya,False,2026-02-08 13:57:32.293181,2026-03-02 03:05:12.293181
96,2976,110.92,4,4,64.23,False,mobile,Jakarta,False,2026-02-11 00:46:19.293181,2026-03-02 03:05:12.293181
96,4712,72.67,1,5,65.91,False,web,Jakarta,True,2026-02-19 01:35:53.293181,2026-03-02 03:05:12.293181
96,3576,17.56,2,6,57.86,False,web,Medan,False,2026-02-23 15:26:04.293181,2026-03-02 03:05:12.293181
96,2875,21.04,2,7,52.6,False,mobile,Semarang,False,2026-02-27 22:25:09.293181,2026-03-02 03:05:12.293181
96,2769,72.55,3,8,55.09,True,mobile,Semarang,False,2026-03-01 23:29:38.293181,2026-03-02 03:05:12.293181
97,2459,78.33,1,1,78.33,False,mobile,Surabaya,False,2026-01-06 08:05:23.293181,2026-03-02 03:05:12.293181
97,3984,76.91,2,2,77.62,False,web,Medan,False,2026-01-08 09:48:02.293181,2026-03-02 03:05:12.293181
97,3843,17.7,1,3,57.65,False,mobile,Semarang,False,2026-02-02 03:55:32.293181,2026-03-02 03:05:12.293181
97,1484,90.16,1,2,53.93,True,mobile,Jakarta,False,2026-02-15 15:33:17.293181,2026-03-02 03:05:12.293181
97,1589,4.1,2,3,37.32,True,mobile,Medan,False,2026-02-15 19:15:55.293181,2026-03-02 03:05:12.293181
98,1789,30.14,1,1,30.14,True,web,Semarang,False,2026-01-04 18:06:06.293181,2026-03-02 03:05:12.293181
98,426,63.56,2,2,46.85,False,mobile,Bandung,False,2026-01-05 07:35:06.293181,2026-03-02 03:05:12.293181
98,1545,242.78,3,3,112.16,False,mobile,Surabaya,False,2026-01-08 13:38:58.293181,2026-03-02 03:05:12.293181
98,1175,51.39,2,4,96.97,False,web,Jakarta,False,2026-01-15 05:20:01.293181,2026-03-02 03:05:12.293181
98,1964,14.7,2,5,80.51,False,mobile,Semarang,False,2026-01-15 15:38:10.293181,2026-03-02 03:05:12.293181
98,3974,41.72,1,6,74.05,False,mobile,Surabaya,False,2026-01-28 02:41:05.293181,2026-03-02 03:05:12.293181
98,368,59.2,2,7,71.93,False,web,Semarang,False,2026-01-30 22:52:53.293181,2026-03-02 03:05:12.293181
98,2852,410.26,3,8,114.22,True,mobile,Bandung,False,2026-02-01 10:21:04.293181,2026-03-02 03:05:12.293181
98,4003,20.34,3,8,112.99,False,mobile,Medan,False,2026-02-04 04:46:02.293181,2026-03-02 03:05:12.293181
98,343,28.29,3,7,89.41,True,mobile,Surabaya,False,2026-02-08 05:27:32.293181,2026-03-02 03:05:12.293181
98,3393,20.63,1,6,96.74,False,web,Surabaya,False,2026-02-20 07:48:10.293181,2026-03-02 03:05:12.293181
98,712,84.61,2,7,95.01,False,mobile,Jakarta,False,2026-02-27 02:39:46.293181,2026-03-02 03:05:12.293181
98,3226,27.05,2,7,92.91,False,mobile,Surabaya,False,2026-02-27 08:23:48.293181,2026-03-02 03:05:12.293181
99,754,461.13,1,1,461.13,False,web,Jakarta,False,2026-01-07 04:00:57.293181,2026-03-02 03:05:12.293181
99,3624,257.35,1,2,359.24,False,web,Jakarta,False,2026-01-14 06:49:34.293181,2026-03-02 03:05:12.293181
99,1219,517.55,2,3,412.01,True,mobile,Semarang,False,2026-01-17 10:18:45.293181,2026-03-02 03:05:12.293181
99,670,39.08,3,4,318.78,True,web,Jakarta,False,2026-01-18 03:31:23.293181,2026-03-02 03:05:12.293181
99,3605,36.82,1,5,262.39,False,mobile,Bandung,False,2026-01-26 11:39:30.293181,2026-03-02 03:05:12.293181
99,1228,35.11,1,6,224.51,False,mobile,Surabaya,False,2026-02-03 14:13:51.293181,2026-03-02 03:05:12.293181
99,367,117.27,1,6,167.2,False,web,Surabaya,False,2026-02-12 00:06:13.293181,2026-03-02 03:05:12.293181
99,3443,44.2,2,6,131.67,True,web,Semarang,False,2026-02-14 16:01:14.293181,2026-03-02 03:05:12.293181
99,2568,30.03,3,7,117.15,True,mobile,Semarang,True,2026-02-15 09:27:22.293181,2026-03-02 03:05:12.293181
99,4164,15.02,4,6,46.41,False,web,Semarang,False,2026-02-17 17:11:19.293181,2026-03-02 03:05:12.293181
99,80,9.35,1,6,41.83,False,mobile,Surabaya,False,2026-02-26 18:11:08.293181,2026-03-02 03:05:12.293181
100,824,31.13,1,1,31.13,False,web,Surabaya,False,2026-01-08 10:36:30.293181,2026-03-02 03:05:12.293181
100,4738,12.66,1,2,21.9,False,mobile,Medan,False,2026-01-23 03:15:45.293181,2026-03-02 03:05:12.293181
100,1241,27.67,2,3,23.82,False,web,Medan,False,2026-01-29 19:49:02.293181,2026-03-02 03:05:12.293181
100,3276,28.31,1,4,24.94,False,mobile,Semarang,False,2026-02-06 12:42:19.293181,2026-03-02 03:05:12.293181
100,2629,56.55,2,5,31.26,False,mobile,Semarang,False,2026-02-06 13:01:44.293181,2026-03-02 03:05:12.293181
100,2369,22.4,1,5,29.52,False,web,Surabaya,False,2026-02-19 13:37:05.293181,2026-03-02 03:05:12.293181
101,3109,30.71,1,1,30.71,True,web,Semarang,False,2026-01-17 19:21:37.293181,2026-03-02 03:05:12.293181
101,4403,111.72,1,2,71.22,False,mobile,Bandung,False,2026-01-27 16:46:54.293181,2026-03-02 03:05:12.293181
101,4661,131.11,2,3,91.18,False,web,Medan,False,2026-01-29 07:03:27.293181,2026-03-02 03:05:12.293181
101,728,214.32,3,4,121.96,True,web,Bandung,False,2026-02-01 15:34:46.293181,2026-03-02 03:05:12.293181
101,4063,20.93,1,4,119.52,False,mobile,Jakarta,False,2026-02-26 13:20:47.293181,2026-03-02 03:05:12.293181
102,809,43.01,1,1,43.01,False,web,Bandung,False,2025-12-31 11:53:13.293181,2026-03-02 03:05:12.293181
102,1747,76.01,2,2,59.51,False,mobile,Surabaya,False,2026-01-02 21:19:57.293181,2026-03-02 03:05:12.293181
102,2384,2.91,1,3,40.64,False,mobile,Medan,False,2026-01-16 22:28:00.293181,2026-03-02 03:05:12.293181
102,1366,102.98,1,4,56.23,False,mobile,Semarang,False,2026-01-27 20:52:31.293181,2026-03-02 03:05:12.293181
102,3304,122.18,2,3,76.02,False,mobile,Jakarta,False,2026-02-03 09:02:20.293181,2026-03-02 03:05:12.293181
102,233,27.03,2,4,63.78,False,mobile,Surabaya,False,2026-02-05 22:05:25.293181,2026-03-02 03:05:12.293181
102,1074,35.47,1,4,71.92,True,mobile,Surabaya,False,2026-02-21 01:03:04.293181,2026-03-02 03:05:12.293181
102,27,21.4,2,5,61.81,False,mobile,Semarang,False,2026-02-24 23:25:44.293181,2026-03-02 03:05:12.293181
102,4638,92.39,2,5,59.69,True,mobile,Jakarta,False,2026-03-01 21:25:14.293181,2026-03-02 03:05:12.293181
103,1821,22.75,1,1,22.75,False,web,Jakarta,False,2025-12-31 07:11:34.293181,2026-03-02 03:05:12.293181
103,2994,90.09,2,2,56.42,False,mobile,Medan,False,2026-01-01 11:41:26.293181,2026-03-02 03:05:12.293181
103,3032,298.72,2,3,137.19,False,mobile,Surabaya,False,2026-01-08 09:11:05.293181,2026-03-02 03:05:12.293181
103,4460,6.19,2,4,104.44,False,web,Medan,False,2026-01-15 07:31:00.293181,2026-03-02 03:05:12.293181
103,2837,191.35,2,5,121.82,False,mobile,Semarang,False,2026-01-21 04:23:44.293181,2026-03-02 03:05:12.293181
103,1031,122.57,2,6,121.94,False,mobile,Medan,False,2026-01-27 13:56:03.293181,2026-03-02 03:05:12.293181
103,2646,49.36,1,4,92.37,False,web,Surabaya,False,2026-02-09 00:40:47.293181,2026-03-02 03:05:12.293181
103,290,22.45,2,5,78.38,False,web,Medan,False,2026-02-09 22:07:08.293181,2026-03-02 03:05:12.293181
103,4433,87.37,3,5,94.62,True,mobile,Medan,False,2026-02-15 01:50:57.293181,2026-03-02 03:05:12.293181
103,3542,18.02,2,6,81.85,False,mobile,Bandung,False,2026-02-17 04:33:38.293181,2026-03-02 03:05:12.293181
103,657,38.62,1,6,56.4,False,mobile,Semarang,False,2026-02-25 23:23:56.293181,2026-03-02 03:05:12.293181
104,3497,10.55,1,1,10.55,False,web,Bandung,False,2026-01-22 12:12:34.293181,2026-03-02 03:05:12.293181
104,3730,233.36,2,2,121.96,False,mobile,Semarang,False,2026-01-23 22:32:31.293181,2026-03-02 03:05:12.293181
104,2834,12.49,1,3,85.47,False,web,Jakarta,False,2026-02-18 13:09:20.293181,2026-03-02 03:05:12.293181
104,4965,10.81,1,2,11.65,False,mobile,Surabaya,False,2026-02-27 05:05:22.293181,2026-03-02 03:05:12.293181
105,2283,625.33,1,1,625.33,False,mobile,Semarang,False,2026-01-02 11:00:34.293181,2026-03-02 03:05:12.293181
105,477,52.87,1,2,339.1,False,mobile,Surabaya,False,2026-01-20 22:34:36.293181,2026-03-02 03:05:12.293181
105,1494,130.07,2,3,269.42,False,web,Medan,False,2026-01-26 09:14:35.293181,2026-03-02 03:05:12.293181
105,4015,152.63,3,4,240.22,False,mobile,Semarang,True,2026-01-26 16:27:34.293181,2026-03-02 03:05:12.293181
105,3401,349.2,3,4,171.19,True,web,Surabaya,False,2026-02-01 21:47:10.293181,2026-03-02 03:05:12.293181
105,4043,46.35,1,4,169.56,False,mobile,Medan,False,2026-02-20 02:25:45.293181,2026-03-02 03:05:12.293181
105,3180,27.13,2,5,141.08,True,web,Semarang,False,2026-02-21 02:02:08.293181,2026-03-02 03:05:12.293181
105,547,176.38,3,6,146.96,False,mobile,Surabaya,False,2026-02-23 09:56:46.293181,2026-03-02 03:05:12.293181
105,3962,30.51,4,7,130.32,False,mobile,Bandung,False,2026-02-24 20:50:44.293181,2026-03-02 03:05:12.293181
106,4587,342.96,1,1,342.96,False,mobile,Surabaya,False,2026-01-01 22:07:11.293181,2026-03-02 03:05:12.293181
106,4831,48.5,2,2,195.73,False,web,Semarang,False,2026-01-08 12:44:04.293181,2026-03-02 03:05:12.293181
106,3860,62.12,2,3,151.19,False,web,Semarang,False,2026-01-12 03:36:02.293181,2026-03-02 03:05:12.293181
106,1986,23.98,2,4,119.39,True,mobile,Medan,False,2026-01-17 22:15:17.293181,2026-03-02 03:05:12.293181
106,3741,32.06,1,5,101.92,False,mobile,Jakarta,False,2026-01-26 01:11:10.293181,2026-03-02 03:05:12.293181
106,4833,85.17,1,2,58.62,False,mobile,Semarang,False,2026-02-18 00:33:29.293181,2026-03-02 03:05:12.293181
106,4646,43.97,2,3,53.73,False,web,Bandung,False,2026-02-23 11:07:08.293181,2026-03-02 03:05:12.293181
106,925,162.09,2,3,97.08,False,mobile,Jakarta,False,2026-02-25 05:45:56.293181,2026-03-02 03:05:12.293181
107,3416,6.8,1,1,6.8,False,mobile,Semarang,False,2026-01-05 16:00:24.293181,2026-03-02 03:05:12.293181
107,3993,114.83,1,2,60.82,False,mobile,Surabaya,False,2026-01-22 18:05:59.293181,2026-03-02 03:05:12.293181
107,1327,98.49,1,2,106.66,False,mobile,Surabaya,False,2026-02-05 04:44:38.293181,2026-03-02 03:05:12.293181
107,1991,168.32,2,3,127.21,False,mobile,Surabaya,False,2026-02-11 01:29:01.293181,2026-03-02 03:05:12.293181
107,3456,154.84,2,4,134.12,True,mobile,Jakarta,False,2026-02-14 05:54:42.293181,2026-03-02 03:05:12.293181
107,4244,174.12,1,4,148.94,False,mobile,Semarang,False,2026-02-25 11:52:25.293181,2026-03-02 03:05:12.293181
108,544,36.18,1,1,36.18,False,web,Jakarta,False,2026-01-07 03:08:38.293181,2026-03-02 03:05:12.293181
108,102,26.67,1,2,31.42,False,mobile,Bandung,False,2026-01-21 00:16:51.293181,2026-03-02 03:05:12.293181
108,772,45.69,1,3,36.18,True,mobile,Bandung,False,2026-01-31 03:06:47.293181,2026-03-02 03:05:12.293181
108,606,142.05,1,3,71.47,True,mobile,Bandung,False,2026-02-08 11:17:51.293181,2026-03-02 03:05:12.293181
108,4816,40.95,2,4,63.84,False,mobile,Surabaya,False,2026-02-12 19:39:44.293181,2026-03-02 03:05:12.293181
108,3149,185.15,2,5,88.1,True,mobile,Bandung,False,2026-02-15 20:25:08.293181,2026-03-02 03:05:12.293181
108,4473,136.64,1,5,110.1,True,mobile,Bandung,False,2026-03-01 06:53:24.293181,2026-03-02 03:05:12.293181
109,4001,37.51,1,1,37.51,True,web,Bandung,False,2026-01-04 10:28:23.293181,2026-03-02 03:05:12.293181
109,284,106.09,2,2,71.8,False,mobile,Bandung,False,2026-01-06 07:55:30.293181,2026-03-02 03:05:12.293181
109,998,46.91,3,3,63.5,False,mobile,Jakarta,False,2026-01-06 08:37:16.293181,2026-03-02 03:05:12.293181
109,1160,24.16,4,4,53.67,False,mobile,Surabaya,False,2026-01-09 07:02:27.293181,2026-03-02 03:05:12.293181
109,1329,98.96,1,5,62.73,False,mobile,Jakarta,False,2026-01-20 21:48:47.293181,2026-03-02 03:05:12.293181
109,4219,84.65,2,6,66.38,False,web,Jakarta,False,2026-01-22 06:01:48.293181,2026-03-02 03:05:12.293181
109,2169,90.06,2,7,69.76,False,web,Bandung,False,2026-01-28 10:00:09.293181,2026-03-02 03:05:12.293181
109,4930,52.08,2,8,67.55,False,mobile,Jakarta,False,2026-01-30 22:13:22.293181,2026-03-02 03:05:12.293181
109,139,102.21,1,5,85.59,True,mobile,Bandung,False,2026-02-14 10:11:45.293181,2026-03-02 03:05:12.293181
109,1973,121.93,1,4,91.57,True,mobile,Semarang,False,2026-02-22 13:27:43.293181,2026-03-02 03:05:12.293181
109,2286,34.03,2,5,80.06,False,web,Medan,False,2026-02-26 00:31:23.293181,2026-03-02 03:05:12.293181
109,146,50.68,3,5,72.19,True,mobile,Surabaya,False,2026-02-28 18:36:13.293181,2026-03-02 03:05:12.293181
110,2988,130.06,1,1,130.06,True,web,Surabaya,False,2026-01-04 23:48:03.293181,2026-03-02 03:05:12.293181
110,2563,141.23,2,2,135.64,False,mobile,Medan,False,2026-01-07 07:07:04.293181,2026-03-02 03:05:12.293181
110,501,25.99,1,3,99.09,False,web,Medan,False,2026-01-22 15:57:55.293181,2026-03-02 03:05:12.293181
110,916,7.39,2,4,76.17,True,web,Medan,False,2026-01-24 18:47:55.293181,2026-03-02 03:05:12.293181
110,4645,38.17,3,5,68.57,False,mobile,Bandung,False,2026-01-26 17:16:31.293181,2026-03-02 03:05:12.293181
110,3496,158.78,1,4,57.58,False,mobile,Bandung,False,2026-02-06 22:45:46.293181,2026-03-02 03:05:12.293181
110,329,79.33,2,5,61.93,True,mobile,Surabaya,False,2026-02-07 07:12:24.293181,2026-03-02 03:05:12.293181
110,401,24.03,1,6,55.61,False,mobile,Semarang,False,2026-02-18 21:00:02.293181,2026-03-02 03:05:12.293181
110,783,61.99,2,6,61.62,False,web,Surabaya,False,2026-02-23 12:58:54.293181,2026-03-02 03:05:12.293181
111,1993,7.87,1,1,7.87,False,web,Bandung,False,2026-01-05 23:54:59.293181,2026-03-02 03:05:12.293181
111,2105,88.17,2,2,48.02,False,mobile,Jakarta,False,2026-01-06 16:22:33.293181,2026-03-02 03:05:12.293181
111,2229,84.73,3,3,60.26,False,mobile,Surabaya,False,2026-01-06 17:09:44.293181,2026-03-02 03:05:12.293181
111,48,45.91,1,4,56.67,False,web,Bandung,False,2026-01-23 00:30:05.293181,2026-03-02 03:05:12.293181
111,1229,104.64,2,5,66.26,False,web,Medan,False,2026-01-27 07:35:04.293181,2026-03-02 03:05:12.293181
111,3244,17.24,3,6,58.09,False,web,Semarang,False,2026-01-28 11:36:58.293181,2026-03-02 03:05:12.293181
111,2262,22.47,3,7,53.0,True,web,Medan,False,2026-02-01 00:19:48.293181,2026-03-02 03:05:12.293181
111,2725,141.86,1,5,66.42,False,mobile,Semarang,False,2026-02-10 13:53:10.293181,2026-03-02 03:05:12.293181
112,1947,13.25,1,1,13.25,False,mobile,Semarang,False,2026-01-02 01:02:50.293181,2026-03-02 03:05:12.293181
112,428,4.06,2,2,8.65,True,web,Jakarta,False,2026-01-04 12:07:36.293181,2026-03-02 03:05:12.293181
112,3707,32.28,2,3,16.53,True,mobile,Jakarta,False,2026-01-10 02:09:47.293181,2026-03-02 03:05:12.293181
112,4122,57.48,1,4,26.77,False,web,Jakarta,False,2026-01-22 00:11:47.293181,2026-03-02 03:05:12.293181
112,3878,15.36,2,5,24.49,True,web,Semarang,False,2026-01-24 21:21:47.293181,2026-03-02 03:05:12.293181
112,4793,58.72,3,6,30.19,False,mobile,Jakarta,False,2026-01-26 22:51:24.293181,2026-03-02 03:05:12.293181
112,3991,88.93,2,6,42.8,False,mobile,Jakarta,False,2026-02-02 00:45:28.293181,2026-03-02 03:05:12.293181
112,3770,29.67,3,7,40.93,False,mobile,Surabaya,False,2026-02-02 08:24:16.293181,2026-03-02 03:05:12.293181
112,1043,83.33,3,7,52.25,False,web,Semarang,False,2026-02-05 13:47:12.293181,2026-03-02 03:05:12.293181
112,4926,108.53,1,7,63.15,True,mobile,Jakarta,False,2026-02-14 13:55:03.293181,2026-03-02 03:05:12.293181
112,21,46.92,2,8,61.12,False,mobile,Semarang,False,2026-02-19 11:03:48.293181,2026-03-02 03:05:12.293181
113,311,115.73,1,1,115.73,False,web,Bandung,False,2026-01-01 09:01:17.293181,2026-03-02 03:05:12.293181
113,959,31.39,2,2,73.56,False,mobile,Semarang,False,2026-01-06 07:06:13.293181,2026-03-02 03:05:12.293181
113,3688,145.44,1,3,97.52,True,mobile,Medan,False,2026-01-17 06:41:37.293181,2026-03-02 03:05:12.293181
113,33,12.69,2,4,76.31,False,web,Semarang,False,2026-01-20 00:01:10.293181,2026-03-02 03:05:12.293181
113,124,22.75,2,5,65.6,True,mobile,Surabaya,False,2026-01-24 13:30:48.293181,2026-03-02 03:05:12.293181
113,961,11.15,3,6,56.52,False,web,Surabaya,False,2026-01-26 00:25:25.293181,2026-03-02 03:05:12.293181
113,1787,99.64,3,7,62.68,False,web,Surabaya,False,2026-01-29 15:15:28.293181,2026-03-02 03:05:12.293181
113,2278,170.23,4,8,76.13,False,web,Semarang,False,2026-01-29 23:08:20.293181,2026-03-02 03:05:12.293181
113,843,91.24,1,7,79.02,False,mobile,Surabaya,False,2026-02-06 05:39:52.293181,2026-03-02 03:05:12.293181
113,4760,36.79,2,8,73.74,False,web,Bandung,False,2026-02-12 22:23:33.293181,2026-03-02 03:05:12.293181
113,169,438.22,2,9,114.24,False,web,Semarang,False,2026-02-13 15:37:04.293181,2026-03-02 03:05:12.293181
114,4549,44.38,1,1,44.38,True,mobile,Jakarta,False,2026-01-04 01:20:26.293181,2026-03-02 03:05:12.293181
114,2679,28.97,2,2,36.67,False,web,Bandung,False,2026-01-05 17:41:48.293181,2026-03-02 03:05:12.293181
114,2359,99.82,3,3,57.72,False,mobile,Bandung,False,2026-01-09 12:27:00.293181,2026-03-02 03:05:12.293181
114,656,26.8,3,4,49.99,True,mobile,Jakarta,False,2026-01-11 08:27:22.293181,2026-03-02 03:05:12.293181
114,4050,52.34,2,5,50.46,True,mobile,Jakarta,False,2026-01-17 17:08:17.293181,2026-03-02 03:05:12.293181
114,3687,182.46,2,6,72.46,False,mobile,Surabaya,False,2026-01-21 17:52:42.293181,2026-03-02 03:05:12.293181
114,2044,69.53,1,5,86.19,False,web,Surabaya,False,2026-02-04 20:24:40.293181,2026-03-02 03:05:12.293181
114,1895,15.0,1,3,89.0,False,mobile,Jakarta,False,2026-02-16 19:28:32.293181,2026-03-02 03:05:12.293181
114,4557,59.69,2,3,48.07,True,mobile,Semarang,False,2026-02-21 17:39:17.293181,2026-03-02 03:05:12.293181
114,3904,10.64,2,4,38.72,False,mobile,Surabaya,False,2026-02-25 13:58:16.293181,2026-03-02 03:05:12.293181
114,1194,163.57,2,5,63.69,False,mobile,Medan,False,2026-03-02 00:35:19.293181,2026-03-02 03:05:12.293181
115,7,134.86,1,1,134.86,False,mobile,Surabaya,False,2026-01-08 22:41:46.293181,2026-03-02 03:05:12.293181
115,2695,152.52,1,2,143.69,False,web,Medan,False,2026-01-21 00:17:23.293181,2026-03-02 03:05:12.293181
115,667,70.04,1,3,119.14,False,mobile,Surabaya,False,2026-02-02 22:52:01.293181,2026-03-02 03:05:12.293181
115,3030,84.63,2,4,110.51,False,mobile,Bandung,False,2026-02-04 01:51:12.293181,2026-03-02 03:05:12.293181
115,2173,56.54,1,4,90.93,False,mobile,Bandung,False,2026-02-11 20:59:17.293181,2026-03-02 03:05:12.293181
115,3823,28.63,2,5,78.47,False,mobile,Surabaya,False,2026-02-18 17:33:19.293181,2026-03-02 03:05:12.293181
115,1020,23.04,2,6,69.23,False,mobile,Semarang,False,2026-02-19 20:33:52.293181,2026-03-02 03:05:12.293181
116,1370,12.38,1,1,12.38,False,web,Medan,False,2026-01-05 09:45:02.293181,2026-03-02 03:05:12.293181
116,1519,3.43,2,2,7.9,True,mobile,Medan,False,2026-01-11 07:00:31.293181,2026-03-02 03:05:12.293181
116,4764,30.35,2,3,15.39,False,mobile,Medan,False,2026-01-13 12:36:52.293181,2026-03-02 03:05:12.293181
116,303,194.63,3,4,60.2,False,mobile,Semarang,False,2026-01-15 03:01:17.293181,2026-03-02 03:05:12.293181
116,3943,2.74,4,5,48.71,True,mobile,Jakarta,False,2026-01-17 12:24:02.293181,2026-03-02 03:05:12.293181
116,807,115.54,1,6,59.84,True,mobile,Bandung,False,2026-01-25 09:35:49.293181,2026-03-02 03:05:12.293181
116,3449,29.14,2,7,55.46,False,web,Surabaya,False,2026-01-28 14:10:51.293181,2026-03-02 03:05:12.293181
116,2184,67.7,3,8,56.99,False,mobile,Medan,False,2026-01-30 00:04:58.293181,2026-03-02 03:05:12.293181
116,4181,40.2,4,9,55.12,True,mobile,Semarang,False,2026-01-31 15:57:04.293181,2026-03-02 03:05:12.293181
116,3516,280.12,4,10,77.62,False,mobile,Jakarta,False,2026-02-03 09:34:04.293181,2026-03-02 03:05:12.293181
116,2569,42.98,3,10,80.68,False,web,Semarang,False,2026-02-06 16:35:45.293181,2026-03-02 03:05:12.293181
116,1306,11.37,1,6,78.59,False,web,Bandung,False,2026-02-26 12:34:53.293181,2026-03-02 03:05:12.293181
116,3099,199.01,2,6,106.9,True,mobile,Surabaya,False,2026-02-28 16:31:16.293181,2026-03-02 03:05:12.293181
116,1853,90.74,3,6,110.74,True,mobile,Jakarta,False,2026-03-01 10:23:17.293181,2026-03-02 03:05:12.293181
117,1672,127.97,1,1,127.97,False,mobile,Surabaya,False,2026-01-01 21:42:36.293181,2026-03-02 03:05:12.293181
117,1243,51.24,2,2,89.6,False,web,Jakarta,False,2026-01-05 17:25:25.293181,2026-03-02 03:05:12.293181
117,2109,20.9,1,3,66.7,False,mobile,Semarang,False,2026-01-15 06:41:48.293181,2026-03-02 03:05:12.293181
117,85,15.14,2,4,53.81,True,mobile,Jakarta,False,2026-01-18 03:07:40.293181,2026-03-02 03:05:12.293181
117,4300,573.5,1,5,157.75,False,mobile,Jakarta,False,2026-01-28 12:02:43.293181,2026-03-02 03:05:12.293181
117,666,151.58,1,4,190.28,False,mobile,Jakarta,False,2026-02-06 15:42:05.293181,2026-03-02 03:05:12.293181
117,3371,218.73,1,3,314.6,False,mobile,Medan,False,2026-02-27 08:36:59.293181,2026-03-02 03:05:12.293181
118,4065,43.3,1,1,43.3,False,web,Surabaya,False,2026-01-01 17:59:44.293181,2026-03-02 03:05:12.293181
118,131,163.74,2,2,103.52,False,mobile,Medan,False,2026-01-05 16:48:30.293181,2026-03-02 03:05:12.293181
118,317,18.67,3,3,75.24,False,mobile,Semarang,False,2026-01-08 03:49:04.293181,2026-03-02 03:05:12.293181
118,1783,187.57,2,4,103.32,False,mobile,Medan,False,2026-01-12 19:38:20.293181,2026-03-02 03:05:12.293181
118,2303,38.05,2,5,90.27,False,mobile,Surabaya,False,2026-01-16 09:32:07.293181,2026-03-02 03:05:12.293181
118,1412,82.84,1,3,102.82,False,web,Semarang,False,2026-02-11 03:28:38.293181,2026-03-02 03:05:12.293181
118,4218,80.84,2,3,67.24,False,web,Medan,False,2026-02-13 18:04:43.293181,2026-03-02 03:05:12.293181
118,309,50.19,3,4,62.98,True,mobile,Surabaya,False,2026-02-15 03:47:53.293181,2026-03-02 03:05:12.293181
118,3837,37.57,1,4,62.86,True,web,Medan,False,2026-02-22 21:49:41.293181,2026-03-02 03:05:12.293181
119,911,211.34,1,1,211.34,False,mobile,Surabaya,False,2026-01-15 15:00:34.293181,2026-03-02 03:05:12.293181
119,4281,47.54,2,2,129.44,False,mobile,Jakarta,False,2026-01-22 11:27:03.293181,2026-03-02 03:05:12.293181
119,3555,442.22,2,3,233.7,False,mobile,Bandung,False,2026-01-22 15:25:13.293181,2026-03-02 03:05:12.293181
119,1216,442.02,1,4,285.78,False,mobile,Jakarta,False,2026-01-30 18:13:46.293181,2026-03-02 03:05:12.293181
119,1717,32.24,1,5,235.07,True,mobile,Surabaya,False,2026-02-07 04:19:22.293181,2026-03-02 03:05:12.293181
119,4117,71.28,1,5,207.06,False,web,Semarang,True,2026-02-16 02:18:52.293181,2026-03-02 03:05:12.293181
119,1347,361.76,2,6,232.84,False,mobile,Jakarta,False,2026-02-19 02:14:45.293181,2026-03-02 03:05:12.293181
119,4624,37.67,1,5,188.99,False,web,Surabaya,False,2026-02-26 14:08:04.293181,2026-03-02 03:05:12.293181
120,2619,130.36,1,1,130.36,False,mobile,Semarang,False,2026-01-06 10:52:05.293181,2026-03-02 03:05:12.293181
120,1594,92.83,1,2,111.6,True,mobile,Bandung,False,2026-01-24 06:16:30.293181,2026-03-02 03:05:12.293181
120,3518,22.98,2,3,82.06,True,web,Semarang,False,2026-01-24 10:36:59.293181,2026-03-02 03:05:12.293181
120,22,23.52,1,3,46.44,True,web,Jakarta,False,2026-02-07 19:19:47.293181,2026-03-02 03:05:12.293181
120,1885,22.79,2,4,40.53,False,mobile,Jakarta,False,2026-02-09 13:40:03.293181,2026-03-02 03:05:12.293181
120,3876,87.12,3,5,49.85,False,web,Jakarta,False,2026-02-10 11:36:44.293181,2026-03-02 03:05:12.293181
120,90,123.26,1,6,62.08,False,web,Bandung,False,2026-02-19 09:00:47.293181,2026-03-02 03:05:12.293181
120,1996,138.02,2,6,69.62,False,web,Medan,False,2026-02-23 08:07:59.293181,2026-03-02 03:05:12.293181
120,4994,84.37,3,6,79.85,False,mobile,Bandung,False,2026-02-25 13:52:52.293181,2026-03-02 03:05:12.293181
120,3886,32.93,3,7,73.14,False,mobile,Bandung,False,2026-02-27 10:08:51.293181,2026-03-02 03:05:12.293181
120,1356,115.69,4,8,78.46,True,mobile,Medan,False,2026-02-28 12:37:55.293181,2026-03-02 03:05:12.293181
121,1667,342.26,1,1,342.26,False,web,Semarang,False,2026-01-01 18:35:09.293181,2026-03-02 03:05:12.293181
121,2380,26.31,2,2,184.28,False,web,Jakarta,False,2026-01-01 23:50:29.293181,2026-03-02 03:05:12.293181
121,3648,180.93,3,3,183.17,True,mobile,Semarang,False,2026-01-03 10:52:42.293181,2026-03-02 03:05:12.293181
121,3663,26.76,2,4,144.06,False,web,Jakarta,False,2026-01-09 19:02:06.293181,2026-03-02 03:05:12.293181
121,457,15.86,2,5,118.42,False,mobile,Bandung,False,2026-01-13 09:26:53.293181,2026-03-02 03:05:12.293181
121,1951,225.04,1,6,136.19,True,web,Bandung,False,2026-01-25 07:34:33.293181,2026-03-02 03:05:12.293181
121,804,104.91,2,7,131.72,False,mobile,Bandung,False,2026-01-26 03:53:56.293181,2026-03-02 03:05:12.293181
121,2691,231.51,1,5,120.82,False,mobile,Medan,False,2026-02-06 11:48:46.293181,2026-03-02 03:05:12.293181
121,902,230.26,1,4,197.93,False,mobile,Medan,False,2026-02-16 04:10:01.293181,2026-03-02 03:05:12.293181
121,2944,369.26,2,5,232.2,False,mobile,Bandung,False,2026-02-17 13:49:26.293181,2026-03-02 03:05:12.293181
121,1915,121.88,3,6,213.81,False,web,Surabaya,False,2026-02-23 02:12:49.293181,2026-03-02 03:05:12.293181
122,396,125.54,1,1,125.54,True,web,Surabaya,False,2026-01-03 08:16:12.293181,2026-03-02 03:05:12.293181
122,1752,49.54,2,2,87.54,False,mobile,Surabaya,False,2026-01-07 21:47:19.293181,2026-03-02 03:05:12.293181
122,3035,7.62,1,3,60.9,False,mobile,Bandung,False,2026-01-15 11:42:32.293181,2026-03-02 03:05:12.293181
122,2737,6.2,2,4,47.22,False,mobile,Surabaya,False,2026-01-16 23:01:09.293181,2026-03-02 03:05:12.293181
122,623,61.53,3,5,50.09,False,web,Jakarta,False,2026-01-20 02:22:05.293181,2026-03-02 03:05:12.293181
122,2610,42.1,4,6,48.76,False,web,Semarang,False,2026-01-21 19:03:49.293181,2026-03-02 03:05:12.293181
122,3898,136.78,1,5,50.85,False,web,Surabaya,False,2026-02-11 08:49:05.293181,2026-03-02 03:05:12.293181
122,4815,117.64,2,5,72.85,True,mobile,Medan,False,2026-02-15 15:16:51.293181,2026-03-02 03:05:12.293181
122,325,115.21,1,3,123.21,False,web,Surabaya,False,2026-02-26 13:02:07.293181,2026-03-02 03:05:12.293181
122,2021,102.25,2,4,117.97,False,mobile,Semarang,False,2026-02-26 22:21:03.293181,2026-03-02 03:05:12.293181
123,4018,156.96,1,1,156.96,False,mobile,Medan,False,2026-01-02 09:07:10.293181,2026-03-02 03:05:12.293181
123,3510,28.84,2,2,92.9,True,web,Semarang,False,2026-01-04 16:45:56.293181,2026-03-02 03:05:12.293181
123,1510,22.83,3,3,69.54,False,mobile,Surabaya,False,2026-01-05 02:24:19.293181,2026-03-02 03:05:12.293181
123,256,13.74,4,4,55.59,False,web,Surabaya,False,2026-01-09 01:03:04.293181,2026-03-02 03:05:12.293181
123,2621,14.58,1,5,47.39,False,mobile,Jakarta,False,2026-01-28 12:43:35.293181,2026-03-02 03:05:12.293181
123,481,174.77,2,5,50.95,True,mobile,Semarang,False,2026-02-01 20:37:16.293181,2026-03-02 03:05:12.293181
123,1334,11.09,2,4,53.54,False,mobile,Surabaya,False,2026-02-05 00:29:21.293181,2026-03-02 03:05:12.293181
123,1036,83.65,2,4,71.02,False,web,Jakarta,False,2026-02-09 23:19:43.293181,2026-03-02 03:05:12.293181
123,896,60.89,1,5,69.0,False,mobile,Bandung,False,2026-02-17 15:25:28.293181,2026-03-02 03:05:12.293181
123,4697,83.0,1,6,71.33,False,mobile,Jakarta,False,2026-02-25 01:13:54.293181,2026-03-02 03:05:12.293181
123,2741,9.51,2,6,70.48,False,web,Medan,False,2026-02-27 19:56:16.293181,2026-03-02 03:05:12.293181
123,1591,161.76,3,7,83.52,True,mobile,Medan,False,2026-02-28 17:02:22.293181,2026-03-02 03:05:12.293181
124,3200,13.08,1,1,13.08,True,mobile,Medan,False,2026-01-11 12:33:46.293181,2026-03-02 03:05:12.293181
124,2766,59.94,2,2,36.51,False,mobile,Jakarta,False,2026-01-15 20:06:46.293181,2026-03-02 03:05:12.293181
124,4490,139.96,3,3,70.99,True,mobile,Medan,False,2026-01-18 07:38:27.293181,2026-03-02 03:05:12.293181
124,1177,62.24,3,4,68.81,False,web,Surabaya,True,2026-01-20 09:05:15.293181,2026-03-02 03:05:12.293181
124,258,9.56,3,5,56.96,True,mobile,Medan,False,2026-01-24 12:56:41.293181,2026-03-02 03:05:12.293181
124,1183,81.1,2,6,60.98,False,mobile,Medan,False,2026-01-28 08:18:24.293181,2026-03-02 03:05:12.293181
124,3859,51.59,3,7,59.64,False,mobile,Bandung,False,2026-01-28 12:57:21.293181,2026-03-02 03:05:12.293181
124,3243,14.36,4,8,53.98,False,mobile,Semarang,False,2026-01-28 23:10:05.293181,2026-03-02 03:05:12.293181
124,4163,179.09,4,9,67.88,True,mobile,Surabaya,False,2026-02-01 03:56:43.293181,2026-03-02 03:05:12.293181
124,2758,39.38,2,10,65.03,True,mobile,Semarang,False,2026-02-07 14:15:49.293181,2026-03-02 03:05:12.293181
124,3941,66.6,2,11,65.17,True,mobile,Bandung,False,2026-02-08 18:52:37.293181,2026-03-02 03:05:12.293181
124,1712,226.8,3,11,84.6,False,mobile,Surabaya,False,2026-02-10 14:56:31.293181,2026-03-02 03:05:12.293181
124,2799,387.52,1,10,111.82,False,mobile,Medan,False,2026-02-19 02:37:17.293181,2026-03-02 03:05:12.293181
124,4257,110.7,1,9,128.57,False,mobile,Semarang,False,2026-02-26 20:26:02.293181,2026-03-02 03:05:12.293181
125,338,5.89,1,1,5.89,False,mobile,Bandung,False,2025-12-31 23:16:26.293181,2026-03-02 03:05:12.293181
125,1080,164.44,2,2,85.16,True,mobile,Surabaya,False,2026-01-04 16:46:00.293181,2026-03-02 03:05:12.293181
125,1146,58.87,2,3,76.4,True,mobile,Semarang,False,2026-01-10 06:47:12.293181,2026-03-02 03:05:12.293181
125,1197,55.95,2,4,71.29,False,web,Jakarta,False,2026-01-14 06:43:48.293181,2026-03-02 03:05:12.293181
125,1982,10.38,3,5,59.11,False,mobile,Jakarta,False,2026-01-14 08:01:20.293181,2026-03-02 03:05:12.293181
125,4179,103.34,4,6,66.48,False,mobile,Jakarta,False,2026-01-14 20:41:23.293181,2026-03-02 03:05:12.293181
125,1540,156.22,4,7,79.3,False,mobile,Surabaya,False,2026-01-19 09:11:43.293181,2026-03-02 03:05:12.293181
125,4614,47.47,1,8,75.32,False,mobile,Medan,False,2026-01-30 16:23:57.293181,2026-03-02 03:05:12.293181
125,3960,54.12,2,8,81.35,True,mobile,Medan,False,2026-02-01 03:49:17.293181,2026-03-02 03:05:12.293181
125,3387,68.94,1,8,69.41,True,mobile,Surabaya,False,2026-02-08 16:38:47.293181,2026-03-02 03:05:12.293181
125,830,17.06,2,5,68.76,True,web,Bandung,False,2026-02-14 08:29:05.293181,2026-03-02 03:05:12.293181
125,4449,114.44,2,6,76.38,False,mobile,Medan,False,2026-02-16 02:14:54.293181,2026-03-02 03:05:12.293181
125,3511,76.26,3,7,76.36,False,web,Surabaya,False,2026-02-16 20:25:16.293181,2026-03-02 03:05:12.293181
125,2348,130.67,4,8,83.15,False,mobile,Jakarta,False,2026-02-18 04:03:08.293181,2026-03-02 03:05:12.293181
125,4372,112.13,3,8,77.64,False,mobile,Semarang,False,2026-02-23 12:41:38.293181,2026-03-02 03:05:12.293181
125,4011,45.7,4,9,74.09,False,web,Semarang,False,2026-02-23 12:45:29.293181,2026-03-02 03:05:12.293181
126,3165,85.42,1,1,85.42,False,mobile,Surabaya,False,2026-01-08 17:09:17.293181,2026-03-02 03:05:12.293181
126,6,143.48,1,2,114.45,False,mobile,Semarang,False,2026-01-16 14:34:40.293181,2026-03-02 03:05:12.293181
126,1697,67.58,2,3,98.83,True,web,Surabaya,False,2026-01-18 13:58:18.293181,2026-03-02 03:05:12.293181
126,3871,104.91,3,4,100.35,False,web,Surabaya,False,2026-01-20 01:45:15.293181,2026-03-02 03:05:12.293181
126,1139,41.43,3,5,88.56,False,web,Jakarta,True,2026-01-23 17:51:08.293181,2026-03-02 03:05:12.293181
126,813,65.99,2,6,84.8,False,mobile,Bandung,False,2026-01-27 23:12:37.293181,2026-03-02 03:05:12.293181
126,510,92.86,1,7,85.95,False,mobile,Jakarta,False,2026-02-04 05:48:23.293181,2026-03-02 03:05:12.293181
126,115,112.41,1,7,89.81,True,mobile,Surabaya,False,2026-02-15 01:24:46.293181,2026-03-02 03:05:12.293181
126,4069,27.89,1,3,77.72,True,mobile,Surabaya,False,2026-03-01 02:33:24.293181,2026-03-02 03:05:12.293181
127,3838,90.7,1,1,90.7,True,web,Jakarta,False,2026-01-04 22:19:29.293181,2026-03-02 03:05:12.293181
127,463,329.2,1,2,209.95,False,web,Jakarta,False,2026-01-15 08:38:06.293181,2026-03-02 03:05:12.293181
127,3709,192.01,2,3,203.97,False,mobile,Bandung,False,2026-01-16 11:39:22.293181,2026-03-02 03:05:12.293181
127,1030,32.39,3,4,161.07,True,mobile,Semarang,False,2026-01-18 19:33:30.293181,2026-03-02 03:05:12.293181
127,3445,21.24,1,5,133.11,False,mobile,Medan,False,2026-01-28 23:03:57.293181,2026-03-02 03:05:12.293181
127,4800,18.63,2,6,114.03,False,mobile,Bandung,False,2026-02-03 04:49:24.293181,2026-03-02 03:05:12.293181
127,887,54.56,2,6,108.0,False,web,Semarang,False,2026-02-05 22:57:32.293181,2026-03-02 03:05:12.293181
127,4397,43.87,2,7,98.84,False,mobile,Medan,False,2026-02-10 21:17:27.293181,2026-03-02 03:05:12.293181
127,3205,18.03,3,8,88.74,False,mobile,Jakarta,False,2026-02-11 03:31:27.293181,2026-03-02 03:05:12.293181
127,4316,56.93,4,9,85.21,False,mobile,Semarang,False,2026-02-11 04:58:49.293181,2026-03-02 03:05:12.293181
127,2479,16.34,4,9,50.44,True,mobile,Semarang,False,2026-02-15 00:03:42.293181,2026-03-02 03:05:12.293181
127,4875,57.41,5,9,35.49,True,mobile,Medan,True,2026-02-15 13:04:43.293181,2026-03-02 03:05:12.293181
127,302,44.55,3,9,36.84,True,mobile,Medan,False,2026-02-21 20:37:00.293181,2026-03-02 03:05:12.293181
127,157,268.22,2,10,59.98,False,web,Semarang,False,2026-02-25 01:29:18.293181,2026-03-02 03:05:12.293181
128,4870,13.34,1,1,13.34,False,mobile,Medan,False,2026-01-02 18:55:11.293181,2026-03-02 03:05:12.293181
128,2971,27.16,2,2,20.25,False,mobile,Semarang,False,2026-01-07 01:32:57.293181,2026-03-02 03:05:12.293181
128,4526,6.85,1,3,15.78,False,web,Medan,False,2026-01-22 18:04:32.293181,2026-03-02 03:05:12.293181
128,3644,320.02,2,4,91.84,False,mobile,Jakarta,True,2026-01-27 00:07:56.293181,2026-03-02 03:05:12.293181
128,3215,175.76,3,5,108.63,False,mobile,Surabaya,False,2026-01-28 19:48:35.293181,2026-03-02 03:05:12.293181
128,1297,28.5,3,6,95.27,True,web,Semarang,False,2026-01-31 02:43:56.293181,2026-03-02 03:05:12.293181
128,376,9.86,2,5,108.2,False,mobile,Bandung,False,2026-02-06 20:17:37.293181,2026-03-02 03:05:12.293181
128,608,117.41,2,6,109.73,True,mobile,Medan,False,2026-02-08 09:14:24.293181,2026-03-02 03:05:12.293181
128,645,31.51,3,7,98.56,False,mobile,Bandung,False,2026-02-11 21:14:52.293181,2026-03-02 03:05:12.293181
128,852,17.49,4,8,88.42,False,mobile,Medan,False,2026-02-12 06:49:18.293181,2026-03-02 03:05:12.293181
128,366,214.17,2,9,102.4,False,web,Medan,False,2026-02-19 03:51:04.293181,2026-03-02 03:05:12.293181
129,2651,277.74,1,1,277.74,False,web,Medan,False,2026-01-02 17:08:07.293181,2026-03-02 03:05:12.293181
129,4395,38.65,2,2,158.2,False,mobile,Surabaya,False,2026-01-06 09:20:14.293181,2026-03-02 03:05:12.293181
129,1791,12.46,2,3,109.62,False,mobile,Semarang,False,2026-01-12 01:33:50.293181,2026-03-02 03:05:12.293181
129,191,35.26,2,4,91.03,False,mobile,Jakarta,False,2026-01-15 18:02:58.293181,2026-03-02 03:05:12.293181
129,3108,4.71,3,5,73.76,False,web,Medan,False,2026-01-16 12:36:44.293181,2026-03-02 03:05:12.293181
129,1409,22.25,3,6,65.18,False,mobile,Jakarta,False,2026-01-20 18:21:53.293181,2026-03-02 03:05:12.293181
129,4980,2.96,1,6,19.38,False,web,Medan,True,2026-02-04 04:32:53.293181,2026-03-02 03:05:12.293181
129,1215,60.41,2,7,25.24,False,mobile,Surabaya,False,2026-02-05 06:34:57.293181,2026-03-02 03:05:12.293181
129,1743,28.47,3,7,23.79,False,mobile,Semarang,False,2026-02-10 08:00:56.293181,2026-03-02 03:05:12.293181
129,554,71.89,2,5,37.2,True,mobile,Surabaya,False,2026-02-15 15:54:22.293181,2026-03-02 03:05:12.293181
129,2009,36.59,1,5,40.06,False,web,Surabaya,False,2026-02-23 02:31:53.293181,2026-03-02 03:05:12.293181
130,2848,25.67,1,1,25.67,False,mobile,Jakarta,False,2026-01-01 01:56:11.293181,2026-03-02 03:05:12.293181
130,1276,48.84,2,2,37.26,False,mobile,Semarang,False,2026-01-05 17:37:53.293181,2026-03-02 03:05:12.293181
130,1010,206.12,1,3,93.54,False,mobile,Medan,False,2026-01-14 16:29:31.293181,2026-03-02 03:05:12.293181
130,2792,48.36,2,4,82.25,True,mobile,Surabaya,False,2026-01-17 10:55:22.293181,2026-03-02 03:05:12.293181
130,1468,71.46,2,5,80.09,False,mobile,Semarang,False,2026-01-23 22:43:50.293181,2026-03-02 03:05:12.293181
130,2509,414.4,2,6,135.81,False,mobile,Bandung,False,2026-01-28 13:50:04.293181,2026-03-02 03:05:12.293181
130,4491,112.42,2,6,150.27,True,mobile,Surabaya,False,2026-02-01 21:59:41.293181,2026-03-02 03:05:12.293181
130,4167,24.48,3,7,132.3,False,mobile,Jakarta,False,2026-02-04 13:20:04.293181,2026-03-02 03:05:12.293181
131,3961,245.16,1,1,245.16,True,mobile,Semarang,False,2026-01-03 15:59:42.293181,2026-03-02 03:05:12.293181
131,1722,138.0,2,2,191.58,True,web,Medan,False,2026-01-04 12:59:25.293181,2026-03-02 03:05:12.293181
131,1720,58.08,3,3,147.08,True,mobile,Medan,True,2026-01-10 00:49:45.293181,2026-03-02 03:05:12.293181
131,713,36.0,1,4,119.31,False,mobile,Semarang,False,2026-01-19 21:22:24.293181,2026-03-02 03:05:12.293181
131,2122,128.98,1,3,74.35,False,mobile,Medan,False,2026-02-05 13:58:09.293181,2026-03-02 03:05:12.293181
131,3766,22.71,1,3,62.56,True,mobile,Medan,False,2026-02-14 22:04:27.293181,2026-03-02 03:05:12.293181
131,2290,21.76,2,3,57.82,False,mobile,Semarang,False,2026-02-20 03:19:00.293181,2026-03-02 03:05:12.293181
132,1834,13.48,1,1,13.48,False,mobile,Medan,False,2026-01-20 13:52:21.293181,2026-03-02 03:05:12.293181
132,1046,10.77,1,2,12.12,False,mobile,Surabaya,False,2026-01-27 17:55:37.293181,2026-03-02 03:05:12.293181
132,4076,5.0,2,3,9.75,False,web,Bandung,False,2026-01-28 23:09:58.293181,2026-03-02 03:05:12.293181
132,2724,14.07,3,4,10.83,False,web,Medan,False,2026-01-30 14:24:32.293181,2026-03-02 03:05:12.293181
132,3493,14.68,4,5,11.6,True,mobile,Medan,False,2026-01-31 09:51:09.293181,2026-03-02 03:05:12.293181
132,2383,169.91,5,6,37.98,False,web,Medan,False,2026-02-03 09:45:21.293181,2026-03-02 03:05:12.293181
132,3613,132.7,1,7,51.52,False,web,Jakarta,False,2026-02-12 05:19:09.293181,2026-03-02 03:05:12.293181
133,1163,71.68,1,1,71.68,False,web,Surabaya,False,2026-01-21 02:53:39.293181,2026-03-02 03:05:12.293181
133,4548,15.49,2,2,43.58,False,mobile,Medan,False,2026-01-22 23:28:48.293181,2026-03-02 03:05:12.293181
133,885,42.69,1,3,43.29,True,mobile,Jakarta,False,2026-02-15 01:38:06.293181,2026-03-02 03:05:12.293181
134,4054,157.86,1,1,157.86,True,web,Bandung,False,2026-01-03 07:42:23.293181,2026-03-02 03:05:12.293181
134,995,86.48,1,2,122.17,False,mobile,Bandung,False,2026-01-14 04:16:20.293181,2026-03-02 03:05:12.293181
134,3659,30.27,2,3,91.54,True,web,Jakarta,False,2026-01-17 14:03:32.293181,2026-03-02 03:05:12.293181
134,3646,42.14,3,4,79.19,False,mobile,Semarang,False,2026-01-20 00:15:51.293181,2026-03-02 03:05:12.293181
134,692,14.71,3,5,66.29,False,mobile,Medan,True,2026-01-22 02:02:15.293181,2026-03-02 03:05:12.293181
134,2985,53.3,2,6,64.13,False,mobile,Jakarta,False,2026-01-27 05:57:16.293181,2026-03-02 03:05:12.293181
134,476,14.74,3,7,57.07,False,web,Medan,False,2026-01-28 12:38:04.293181,2026-03-02 03:05:12.293181
134,4029,186.34,1,7,61.14,False,web,Bandung,False,2026-02-05 14:34:29.293181,2026-03-02 03:05:12.293181
135,218,59.56,1,1,59.56,False,mobile,Semarang,False,2026-01-01 06:11:32.293181,2026-03-02 03:05:12.293181
135,2983,62.48,1,2,61.02,True,mobile,Surabaya,False,2026-01-24 08:52:24.293181,2026-03-02 03:05:12.293181
135,4664,65.83,2,3,62.62,False,web,Surabaya,False,2026-01-28 12:55:45.293181,2026-03-02 03:05:12.293181
135,161,51.43,2,3,59.91,True,mobile,Jakarta,False,2026-01-31 23:59:44.293181,2026-03-02 03:05:12.293181
135,4805,5.59,1,4,46.33,True,mobile,Medan,False,2026-02-15 16:54:13.293181,2026-03-02 03:05:12.293181
135,570,109.21,2,5,58.91,True,mobile,Medan,False,2026-02-21 19:47:39.293181,2026-03-02 03:05:12.293181
135,1876,77.64,2,5,61.94,False,mobile,Semarang,False,2026-02-26 23:07:20.293181,2026-03-02 03:05:12.293181
136,551,11.93,1,1,11.93,False,mobile,Surabaya,False,2025-12-31 14:52:00.293181,2026-03-02 03:05:12.293181
136,482,96.0,2,2,53.96,False,web,Surabaya,False,2026-01-05 09:48:28.293181,2026-03-02 03:05:12.293181
136,1330,26.36,3,3,44.76,False,mobile,Semarang,False,2026-01-05 20:59:08.293181,2026-03-02 03:05:12.293181
136,3363,542.31,1,4,169.15,False,web,Semarang,False,2026-01-22 23:17:42.293181,2026-03-02 03:05:12.293181
136,1641,166.26,2,5,168.57,True,mobile,Surabaya,False,2026-01-25 12:33:10.293181,2026-03-02 03:05:12.293181
136,696,12.9,1,5,168.77,False,mobile,Bandung,False,2026-02-02 01:24:47.293181,2026-03-02 03:05:12.293181
136,3265,43.81,2,6,147.94,False,mobile,Bandung,False,2026-02-02 07:37:51.293181,2026-03-02 03:05:12.293181
136,2026,37.28,3,7,132.13,False,mobile,Surabaya,False,2026-02-02 12:49:03.293181,2026-03-02 03:05:12.293181
136,534,27.86,4,7,122.4,False,mobile,Jakarta,False,2026-02-04 12:57:01.293181,2026-03-02 03:05:12.293181
136,278,88.51,5,7,131.28,True,web,Medan,False,2026-02-08 20:37:32.293181,2026-03-02 03:05:12.293181
136,503,21.65,2,8,117.57,False,mobile,Medan,False,2026-02-12 11:39:23.293181,2026-03-02 03:05:12.293181
136,3440,61.18,1,9,111.31,False,mobile,Bandung,False,2026-02-20 02:14:03.293181,2026-03-02 03:05:12.293181
136,1868,93.43,2,10,109.52,True,web,Bandung,False,2026-02-21 01:04:55.293181,2026-03-02 03:05:12.293181
136,1358,63.7,3,10,61.66,False,mobile,Jakarta,False,2026-02-23 17:31:52.293181,2026-03-02 03:05:12.293181
136,410,42.11,4,10,49.24,False,mobile,Jakarta,False,2026-02-24 12:57:24.293181,2026-03-02 03:05:12.293181
136,3147,22.49,5,11,46.81,False,web,Surabaya,False,2026-02-26 20:12:30.293181,2026-03-02 03:05:12.293181
136,155,34.26,6,12,45.76,False,web,Bandung,False,2026-02-26 21:54:11.293181,2026-03-02 03:05:12.293181
136,60,559.3,6,13,85.27,True,web,Bandung,False,2026-02-28 00:53:07.293181,2026-03-02 03:05:12.293181
137,2203,23.54,1,1,23.54,False,mobile,Semarang,False,2026-01-07 09:01:48.293181,2026-03-02 03:05:12.293181
137,3651,90.41,2,2,56.97,False,mobile,Semarang,False,2026-01-08 05:11:37.293181,2026-03-02 03:05:12.293181
137,1563,77.18,1,3,63.71,True,web,Jakarta,False,2026-01-17 10:23:07.293181,2026-03-02 03:05:12.293181
137,4170,78.39,1,4,67.38,False,mobile,Surabaya,False,2026-01-28 04:53:58.293181,2026-03-02 03:05:12.293181
137,104,208.93,2,5,95.69,False,web,Bandung,False,2026-01-28 13:58:30.293181,2026-03-02 03:05:12.293181
137,4848,73.33,1,4,109.46,False,mobile,Semarang,False,2026-02-12 21:53:37.293181,2026-03-02 03:05:12.293181
137,1495,253.66,2,4,153.58,False,mobile,Medan,True,2026-02-17 06:27:14.293181,2026-03-02 03:05:12.293181
137,3203,60.2,3,5,134.9,False,mobile,Bandung,False,2026-02-19 12:56:31.293181,2026-03-02 03:05:12.293181
137,1374,10.17,3,6,114.11,True,mobile,Medan,True,2026-02-21 07:27:07.293181,2026-03-02 03:05:12.293181
137,204,43.33,4,7,104.0,True,mobile,Jakarta,False,2026-02-21 19:52:23.293181,2026-03-02 03:05:12.293181
137,2883,100.7,3,8,103.59,False,mobile,Surabaya,False,2026-02-26 18:11:41.293181,2026-03-02 03:05:12.293181
137,646,43.05,4,8,99.17,False,mobile,Jakarta,False,2026-02-27 07:07:47.293181,2026-03-02 03:05:12.293181
138,4884,59.87,1,1,59.87,True,mobile,Jakarta,False,2026-01-04 01:30:31.293181,2026-03-02 03:05:12.293181
138,3976,19.12,2,2,39.49,False,web,Surabaya,False,2026-01-05 12:07:40.293181,2026-03-02 03:05:12.293181
138,4320,43.28,3,3,40.76,True,web,Jakarta,False,2026-01-10 08:42:49.293181,2026-03-02 03:05:12.293181
138,4382,112.19,1,4,58.61,False,mobile,Semarang,False,2026-01-22 15:25:51.293181,2026-03-02 03:05:12.293181
138,137,40.42,2,5,54.98,True,web,Jakarta,False,2026-01-24 16:01:18.293181,2026-03-02 03:05:12.293181
138,1136,33.23,1,5,49.65,False,web,Medan,False,2026-02-03 13:53:49.293181,2026-03-02 03:05:12.293181
138,4380,88.45,1,4,68.57,False,web,Surabaya,False,2026-02-11 21:46:33.293181,2026-03-02 03:05:12.293181
138,4780,29.96,2,5,60.85,False,mobile,Jakarta,False,2026-02-13 16:02:24.293181,2026-03-02 03:05:12.293181
138,1424,111.85,1,6,69.35,True,mobile,Semarang,False,2026-02-21 01:16:47.293181,2026-03-02 03:05:12.293181
138,4932,249.69,2,5,102.64,False,mobile,Jakarta,False,2026-02-26 14:22:03.293181,2026-03-02 03:05:12.293181
139,1213,117.36,1,1,117.36,False,web,Jakarta,False,2026-01-08 06:09:20.293181,2026-03-02 03:05:12.293181
139,4339,74.75,1,2,96.06,True,web,Surabaya,False,2026-01-18 22:08:39.293181,2026-03-02 03:05:12.293181
139,119,79.3,2,3,90.47,True,mobile,Bandung,False,2026-01-25 03:12:48.293181,2026-03-02 03:05:12.293181
139,4226,68.27,2,4,84.92,False,mobile,Surabaya,False,2026-01-27 20:12:43.293181,2026-03-02 03:05:12.293181
139,1124,18.5,3,5,71.64,False,mobile,Bandung,False,2026-01-30 18:37:17.293181,2026-03-02 03:05:12.293181
139,3500,20.98,1,5,52.36,False,mobile,Semarang,False,2026-02-12 01:37:13.293181,2026-03-02 03:05:12.293181
140,541,56.64,1,1,56.64,False,mobile,Jakarta,False,2026-01-02 14:02:04.293181,2026-03-02 03:05:12.293181
140,1396,39.66,1,2,48.15,True,web,Surabaya,False,2026-01-11 11:24:54.293181,2026-03-02 03:05:12.293181
140,903,30.34,2,3,42.21,True,mobile,Bandung,False,2026-01-11 19:19:31.293181,2026-03-02 03:05:12.293181
140,1831,11.81,3,4,34.61,False,mobile,Surabaya,False,2026-01-15 22:35:19.293181,2026-03-02 03:05:12.293181
140,1535,62.1,4,5,40.11,False,mobile,Semarang,False,2026-01-16 05:35:41.293181,2026-03-02 03:05:12.293181
140,2253,25.24,3,6,37.63,False,mobile,Medan,True,2026-01-20 22:39:09.293181,2026-03-02 03:05:12.293181
140,2861,22.63,2,7,35.49,True,mobile,Jakarta,False,2026-01-24 09:13:35.293181,2026-03-02 03:05:12.293181
140,2669,36.29,2,8,35.59,False,mobile,Medan,False,2026-01-30 22:33:56.293181,2026-03-02 03:05:12.293181
140,3504,113.07,1,7,43.07,False,mobile,Bandung,False,2026-02-10 16:23:00.293181,2026-03-02 03:05:12.293181
140,962,400.05,2,7,95.88,False,mobile,Jakarta,False,2026-02-12 00:38:03.293181,2026-03-02 03:05:12.293181
140,4296,93.55,3,8,95.59,False,mobile,Semarang,False,2026-02-12 18:02:16.293181,2026-03-02 03:05:12.293181
140,2261,29.97,4,9,88.3,False,mobile,Bandung,False,2026-02-13 16:21:43.293181,2026-03-02 03:05:12.293181
140,2206,4.09,5,10,79.88,True,mobile,Semarang,False,2026-02-14 11:03:37.293181,2026-03-02 03:05:12.293181
140,3604,125.66,3,9,94.51,False,mobile,Surabaya,False,2026-02-19 18:09:39.293181,2026-03-02 03:05:12.293181
141,4763,47.27,1,1,47.27,True,web,Medan,False,2026-01-10 20:09:44.293181,2026-03-02 03:05:12.293181
141,2423,36.55,2,2,41.91,False,mobile,Semarang,False,2026-01-14 10:53:29.293181,2026-03-02 03:05:12.293181
141,1251,159.25,1,3,81.02,False,mobile,Surabaya,False,2026-01-22 02:50:44.293181,2026-03-02 03:05:12.293181
141,1764,19.67,2,4,65.68,False,web,Jakarta,False,2026-01-22 06:26:29.293181,2026-03-02 03:05:12.293181
141,897,63.13,3,5,65.17,False,mobile,Semarang,False,2026-01-29 00:05:19.293181,2026-03-02 03:05:12.293181
141,4976,14.74,1,5,58.67,False,mobile,Semarang,False,2026-02-12 23:44:22.293181,2026-03-02 03:05:12.293181
141,3113,2.39,2,5,51.84,True,mobile,Medan,False,2026-02-14 00:25:37.293181,2026-03-02 03:05:12.293181
141,3468,18.32,3,6,46.25,False,web,Surabaya,False,2026-02-17 13:56:00.293181,2026-03-02 03:05:12.293181
141,3907,90.69,4,7,52.6,False,mobile,Surabaya,False,2026-02-17 15:05:58.293181,2026-03-02 03:05:12.293181
141,4145,39.29,5,8,50.94,False,mobile,Medan,False,2026-02-18 10:58:51.293181,2026-03-02 03:05:12.293181
141,2078,321.42,6,9,80.99,False,mobile,Bandung,False,2026-02-18 15:52:18.293181,2026-03-02 03:05:12.293181
141,2918,324.07,5,8,109.26,False,mobile,Jakarta,False,2026-02-23 05:32:16.293181,2026-03-02 03:05:12.293181
141,5,148.64,2,8,119.94,False,mobile,Jakarta,False,2026-03-02 02:47:36.293181,2026-03-02 03:05:12.293181
142,1963,31.02,1,1,31.02,False,mobile,Medan,False,2026-01-05 15:51:45.293181,2026-03-02 03:05:12.293181
142,4863,246.56,1,2,138.79,False,mobile,Medan,False,2026-01-20 07:17:40.293181,2026-03-02 03:05:12.293181
142,1554,175.16,2,3,150.91,False,mobile,Bandung,False,2026-01-26 13:03:26.293181,2026-03-02 03:05:12.293181
142,4388,9.02,2,4,115.44,False,mobile,Bandung,False,2026-01-29 16:28:26.293181,2026-03-02 03:05:12.293181
142,3842,172.8,1,4,150.88,False,mobile,Surabaya,False,2026-02-09 05:15:28.293181,2026-03-02 03:05:12.293181
142,2004,26.2,2,5,125.95,False,mobile,Medan,False,2026-02-12 07:42:26.293181,2026-03-02 03:05:12.293181
142,1170,82.84,1,5,93.2,False,mobile,Medan,False,2026-02-24 04:54:46.293181,2026-03-02 03:05:12.293181
142,1232,45.18,2,6,85.2,False,mobile,Medan,False,2026-02-24 12:33:44.293181,2026-03-02 03:05:12.293181
142,563,19.89,3,7,75.87,False,web,Bandung,False,2026-02-25 09:53:38.293181,2026-03-02 03:05:12.293181
142,890,29.91,4,7,55.12,True,web,Jakarta,False,2026-02-28 08:16:06.293181,2026-03-02 03:05:12.293181
143,4898,48.43,1,1,48.43,False,mobile,Semarang,False,2026-01-05 21:40:30.293181,2026-03-02 03:05:12.293181
143,2182,325.46,2,2,186.94,False,web,Surabaya,False,2026-01-09 04:21:22.293181,2026-03-02 03:05:12.293181
143,36,50.49,2,3,141.46,False,mobile,Surabaya,False,2026-01-14 04:57:54.293181,2026-03-02 03:05:12.293181
143,3446,60.41,3,4,121.2,False,mobile,Medan,False,2026-01-15 00:54:15.293181,2026-03-02 03:05:12.293181
143,4647,6.4,3,5,98.24,True,mobile,Jakarta,False,2026-01-18 11:05:25.293181,2026-03-02 03:05:12.293181
143,673,44.1,3,6,89.21,False,mobile,Jakarta,False,2026-01-21 17:19:05.293181,2026-03-02 03:05:12.293181
143,1005,144.43,2,7,97.1,False,mobile,Bandung,False,2026-01-26 07:26:16.293181,2026-03-02 03:05:12.293181
143,678,13.03,2,8,86.59,True,mobile,Bandung,False,2026-01-31 17:11:23.293181,2026-03-02 03:05:12.293181
143,326,42.86,3,9,81.73,True,mobile,Bandung,False,2026-02-01 11:48:28.293181,2026-03-02 03:05:12.293181
143,1435,65.09,3,9,83.59,False,mobile,Bandung,False,2026-02-06 10:12:16.293181,2026-03-02 03:05:12.293181
143,1143,82.97,2,9,56.64,False,mobile,Semarang,False,2026-02-12 12:36:57.293181,2026-03-02 03:05:12.293181
143,2970,55.53,2,7,64.0,False,mobile,Jakarta,False,2026-02-18 03:37:44.293181,2026-03-02 03:05:12.293181
143,374,42.24,3,8,61.28,False,mobile,Jakarta,False,2026-02-18 13:34:42.293181,2026-03-02 03:05:12.293181
143,94,566.1,3,9,117.37,False,mobile,Bandung,False,2026-02-19 13:32:51.293181,2026-03-02 03:05:12.293181
143,46,287.15,4,9,144.38,True,mobile,Jakarta,False,2026-02-22 18:18:33.293181,2026-03-02 03:05:12.293181
144,1165,11.28,1,1,11.28,False,mobile,Bandung,False,2026-01-08 21:47:44.293181,2026-03-02 03:05:12.293181
144,3286,177.93,1,2,94.6,False,web,Surabaya,False,2026-01-19 18:17:02.293181,2026-03-02 03:05:12.293181
144,1943,84.56,2,3,91.26,False,web,Medan,False,2026-01-20 10:18:58.293181,2026-03-02 03:05:12.293181
144,4232,86.44,3,4,90.05,False,web,Jakarta,False,2026-01-23 15:52:25.293181,2026-03-02 03:05:12.293181
144,4452,18.88,1,4,91.95,False,mobile,Bandung,False,2026-02-12 23:38:39.293181,2026-03-02 03:05:12.293181
144,4839,60.1,1,3,55.14,True,web,Bandung,False,2026-02-22 02:39:27.293181,2026-03-02 03:05:12.293181
145,1350,68.19,1,1,68.19,False,mobile,Surabaya,False,2026-01-01 00:10:18.293181,2026-03-02 03:05:12.293181
145,1238,17.77,2,2,42.98,True,mobile,Bandung,False,2026-01-03 06:11:55.293181,2026-03-02 03:05:12.293181
145,2637,27.3,2,3,37.75,False,mobile,Surabaya,False,2026-01-09 10:58:33.293181,2026-03-02 03:05:12.293181
145,2490,14.38,2,4,31.91,False,mobile,Medan,False,2026-01-13 05:50:11.293181,2026-03-02 03:05:12.293181
145,3249,79.56,1,5,41.44,True,web,Jakarta,False,2026-01-24 00:06:35.293181,2026-03-02 03:05:12.293181
145,4022,24.75,2,6,38.66,False,mobile,Semarang,True,2026-01-28 15:13:01.293181,2026-03-02 03:05:12.293181
145,542,96.48,3,7,46.92,False,mobile,Medan,False,2026-01-28 16:09:25.293181,2026-03-02 03:05:12.293181
145,1566,77.72,1,4,69.63,False,mobile,Surabaya,False,2026-02-19 20:31:08.293181,2026-03-02 03:05:12.293181
146,2665,28.73,1,1,28.73,True,web,Medan,False,2026-01-11 02:59:52.293181,2026-03-02 03:05:12.293181
146,2508,447.66,2,2,238.2,False,mobile,Bandung,False,2026-01-14 01:05:28.293181,2026-03-02 03:05:12.293181
146,2614,63.55,2,3,179.98,False,mobile,Semarang,False,2026-01-19 19:58:54.293181,2026-03-02 03:05:12.293181
146,3592,159.68,3,4,174.91,False,web,Jakarta,False,2026-01-20 18:34:36.293181,2026-03-02 03:05:12.293181
146,512,87.04,1,5,157.33,False,web,Medan,False,2026-01-28 13:27:41.293181,2026-03-02 03:05:12.293181
146,1268,17.4,2,6,134.01,True,web,Surabaya,False,2026-01-31 22:42:16.293181,2026-03-02 03:05:12.293181
146,3105,156.19,3,7,137.18,True,mobile,Medan,False,2026-01-31 23:57:55.293181,2026-03-02 03:05:12.293181
146,794,269.87,1,7,171.63,False,web,Surabaya,False,2026-02-10 07:08:30.293181,2026-03-02 03:05:12.293181
146,2269,9.82,2,8,151.4,False,mobile,Jakarta,False,2026-02-13 00:48:55.293181,2026-03-02 03:05:12.293181
146,4935,167.1,1,6,117.9,False,mobile,Bandung,False,2026-02-20 07:00:26.293181,2026-03-02 03:05:12.293181
147,1780,143.36,1,1,143.36,False,mobile,Semarang,False,2026-01-01 17:15:42.293181,2026-03-02 03:05:12.293181
147,415,19.89,2,2,81.62,True,web,Jakarta,False,2026-01-03 02:38:12.293181,2026-03-02 03:05:12.293181
147,3786,157.77,1,3,107.01,False,mobile,Surabaya,False,2026-01-20 19:45:33.293181,2026-03-02 03:05:12.293181
147,901,121.47,2,4,110.62,False,mobile,Semarang,False,2026-01-21 00:42:11.293181,2026-03-02 03:05:12.293181
147,2708,54.48,3,5,99.39,False,mobile,Bandung,False,2026-01-27 16:50:27.293181,2026-03-02 03:05:12.293181
147,3547,15.07,2,6,85.34,False,mobile,Jakarta,False,2026-01-29 02:24:26.293181,2026-03-02 03:05:12.293181
147,3257,16.24,1,5,73.01,False,web,Semarang,False,2026-02-09 05:42:26.293181,2026-03-02 03:05:12.293181
147,2436,48.83,1,4,33.66,False,web,Surabaya,False,2026-02-20 19:12:59.293181,2026-03-02 03:05:12.293181
147,771,247.28,2,5,76.38,True,mobile,Bandung,False,2026-02-22 10:41:04.293181,2026-03-02 03:05:12.293181
147,2990,190.52,3,6,95.4,True,mobile,Semarang,False,2026-02-22 15:40:33.293181,2026-03-02 03:05:12.293181
147,4147,47.4,4,7,88.55,False,mobile,Jakarta,False,2026-02-25 09:11:12.293181,2026-03-02 03:05:12.293181
147,2853,22.08,4,7,83.92,True,mobile,Surabaya,False,2026-02-28 01:53:26.293181,2026-03-02 03:05:12.293181
148,4766,45.83,1,1,45.83,False,web,Bandung,False,2026-01-05 08:23:29.293181,2026-03-02 03:05:12.293181
148,1457,239.34,1,2,142.58,False,web,Medan,False,2026-01-13 07:04:38.293181,2026-03-02 03:05:12.293181
148,2162,13.75,2,3,99.64,False,web,Bandung,False,2026-01-14 00:14:38.293181,2026-03-02 03:05:12.293181
148,3485,29.99,3,4,82.23,False,mobile,Surabaya,True,2026-01-14 11:54:26.293181,2026-03-02 03:05:12.293181
148,4724,43.84,4,5,74.55,True,mobile,Surabaya,False,2026-01-17 06:59:51.293181,2026-03-02 03:05:12.293181
148,3545,41.05,1,6,68.97,True,web,Bandung,False,2026-01-24 08:05:25.293181,2026-03-02 03:05:12.293181
148,3454,41.87,2,7,65.1,True,mobile,Jakarta,False,2026-01-25 02:53:49.293181,2026-03-02 03:05:12.293181
148,3469,308.82,2,8,95.56,True,mobile,Jakarta,False,2026-01-31 23:31:09.293181,2026-03-02 03:05:12.293181
148,1499,21.98,1,8,92.58,False,web,Surabaya,False,2026-02-12 05:17:22.293181,2026-03-02 03:05:12.293181
148,1387,107.42,2,6,94.16,False,mobile,Jakarta,False,2026-02-13 21:25:02.293181,2026-03-02 03:05:12.293181
148,1671,30.59,3,7,85.08,True,mobile,Semarang,False,2026-02-14 04:28:36.293181,2026-03-02 03:05:12.293181
148,1348,34.04,1,7,83.68,True,mobile,Semarang,False,2026-02-21 18:32:39.293181,2026-03-02 03:05:12.293181
148,3279,47.21,2,8,79.12,True,mobile,Jakarta,False,2026-02-22 02:34:54.293181,2026-03-02 03:05:12.293181
148,2736,36.91,3,7,83.85,False,mobile,Surabaya,False,2026-02-24 11:37:12.293181,2026-03-02 03:05:12.293181
148,1729,110.87,4,8,87.23,False,mobile,Jakarta,False,2026-02-24 13:10:16.293181,2026-03-02 03:05:12.293181
149,3209,47.53,1,1,47.53,False,mobile,Surabaya,False,2026-01-09 11:20:42.293181,2026-03-02 03:05:12.293181
149,2329,22.53,1,2,35.03,False,web,Bandung,False,2026-01-19 15:52:58.293181,2026-03-02 03:05:12.293181
149,3483,403.06,2,3,157.71,False,mobile,Jakarta,False,2026-01-20 11:40:14.293181,2026-03-02 03:05:12.293181
149,3016,147.05,3,4,155.04,False,web,Jakarta,False,2026-01-20 13:52:32.293181,2026-03-02 03:05:12.293181
149,2291,46.72,4,5,133.38,False,web,Surabaya,False,2026-01-21 03:03:19.293181,2026-03-02 03:05:12.293181
149,3582,26.06,1,5,129.08,True,mobile,Bandung,False,2026-02-14 05:21:02.293181,2026-03-02 03:05:12.293181
149,3885,68.25,2,6,118.94,True,mobile,Surabaya,False,2026-02-15 05:49:31.293181,2026-03-02 03:05:12.293181
149,4846,38.1,2,3,44.14,True,web,Semarang,False,2026-02-21 18:02:42.293181,2026-03-02 03:05:12.293181
149,3160,21.26,2,4,38.42,True,mobile,Surabaya,False,2026-02-22 14:21:29.293181,2026-03-02 03:05:12.293181
149,87,17.42,3,5,34.22,False,web,Surabaya,False,2026-02-23 02:37:32.293181,2026-03-02 03:05:12.293181
150,4845,4.47,1,1,4.47,False,web,Medan,False,2026-01-02 01:29:39.293181,2026-03-02 03:05:12.293181
150,1256,52.62,2,2,28.54,True,mobile,Semarang,False,2026-01-03 06:10:09.293181,2026-03-02 03:05:12.293181
150,4441,10.12,3,3,22.4,False,mobile,Surabaya,False,2026-01-05 03:24:35.293181,2026-03-02 03:05:12.293181
150,1532,68.77,4,4,33.99,False,mobile,Medan,False,2026-01-07 12:56:18.293181,2026-03-02 03:05:12.293181
150,4363,52.5,2,5,37.7,False,mobile,Jakarta,False,2026-01-14 03:01:32.293181,2026-03-02 03:05:12.293181
150,1345,26.33,1,6,35.8,False,web,Surabaya,False,2026-01-27 10:41:32.293181,2026-03-02 03:05:12.293181
150,4761,533.96,1,3,204.26,False,web,Bandung,False,2026-02-12 01:25:56.293181,2026-03-02 03:05:12.293181
150,2761,34.88,2,3,198.39,True,mobile,Jakarta,False,2026-02-14 08:42:13.293181,2026-03-02 03:05:12.293181
150,4476,16.7,2,4,152.97,True,web,Surabaya,True,2026-02-21 06:08:55.293181,2026-03-02 03:05:12.293181
151,2088,10.05,1,1,10.05,True,mobile,Surabaya,False,2026-01-03 03:55:33.293181,2026-03-02 03:05:12.293181
151,72,52.72,2,2,31.38,False,mobile,Semarang,False,2026-01-09 21:25:47.293181,2026-03-02 03:05:12.293181
151,209,30.77,1,3,31.18,False,mobile,Medan,False,2026-01-23 17:39:48.293181,2026-03-02 03:05:12.293181
151,2894,77.8,2,4,42.83,True,mobile,Jakarta,False,2026-01-24 08:20:42.293181,2026-03-02 03:05:12.293181
151,2833,66.04,3,5,47.48,False,mobile,Medan,True,2026-01-30 02:06:46.293181,2026-03-02 03:05:12.293181
151,1692,248.12,1,4,105.68,False,web,Jakarta,False,2026-02-13 01:09:15.293181,2026-03-02 03:05:12.293181
151,1193,9.18,2,5,86.38,False,mobile,Jakarta,False,2026-02-17 08:14:11.293181,2026-03-02 03:05:12.293181
152,427,26.36,1,1,26.36,True,web,Medan,False,2026-01-04 14:34:01.293181,2026-03-02 03:05:12.293181
152,1841,163.16,1,2,94.76,True,web,Bandung,False,2026-01-11 20:51:54.293181,2026-03-02 03:05:12.293181
152,751,14.14,2,3,67.89,False,mobile,Semarang,False,2026-01-12 03:05:48.293181,2026-03-02 03:05:12.293181
152,3684,88.73,3,4,73.1,False,mobile,Semarang,False,2026-01-14 17:05:56.293181,2026-03-02 03:05:12.293181
152,4314,106.33,3,5,79.74,True,mobile,Medan,False,2026-01-18 23:25:46.293181,2026-03-02 03:05:12.293181
152,2900,21.62,2,6,70.06,True,mobile,Bandung,False,2026-01-24 12:52:35.293181,2026-03-02 03:05:12.293181
152,3620,14.75,3,7,62.16,True,mobile,Semarang,False,2026-01-25 00:32:26.293181,2026-03-02 03:05:12.293181
152,1816,49.62,3,8,60.59,True,mobile,Surabaya,False,2026-01-31 03:33:47.293181,2026-03-02 03:05:12.293181
152,1757,62.99,2,9,60.86,True,web,Surabaya,False,2026-02-01 03:54:00.293181,2026-03-02 03:05:12.293181
152,4061,17.57,3,10,56.53,False,web,Jakarta,False,2026-02-02 01:10:42.293181,2026-03-02 03:05:12.293181
152,4572,68.84,1,10,60.78,False,mobile,Semarang,False,2026-02-10 03:56:39.293181,2026-03-02 03:05:12.293181
152,1242,82.71,2,8,53.05,True,web,Semarang,False,2026-02-14 18:16:26.293181,2026-03-02 03:05:12.293181
152,2573,8.89,2,8,40.87,False,mobile,Medan,False,2026-02-19 04:33:47.293181,2026-03-02 03:05:12.293181
152,1759,17.93,3,9,38.32,False,mobile,Medan,False,2026-02-20 20:14:40.293181,2026-03-02 03:05:12.293181
153,3452,70.87,1,1,70.87,False,web,Bandung,False,2025-12-31 22:32:41.293181,2026-03-02 03:05:12.293181
153,1568,83.88,1,2,77.38,False,web,Semarang,False,2026-01-28 14:47:54.293181,2026-03-02 03:05:12.293181
153,3586,15.6,1,2,49.74,False,mobile,Surabaya,False,2026-02-05 22:53:49.293181,2026-03-02 03:05:12.293181
153,3828,146.5,2,3,81.99,True,mobile,Medan,False,2026-02-08 19:25:56.293181,2026-03-02 03:05:12.293181
153,4801,34.03,3,4,70.0,False,mobile,Jakarta,False,2026-02-11 15:16:02.293181,2026-03-02 03:05:12.293181
153,3448,127.47,3,5,81.5,False,mobile,Jakarta,False,2026-02-13 04:15:32.293181,2026-03-02 03:05:12.293181
153,1313,64.25,4,6,78.62,False,mobile,Medan,False,2026-02-13 13:56:40.293181,2026-03-02 03:05:12.293181
153,228,81.68,5,7,79.06,True,web,Semarang,False,2026-02-14 03:31:12.293181,2026-03-02 03:05:12.293181
153,4688,145.17,5,8,87.32,False,mobile,Semarang,False,2026-02-17 05:33:43.293181,2026-03-02 03:05:12.293181
153,3170,31.83,6,9,81.16,False,mobile,Surabaya,False,2026-02-18 11:55:32.293181,2026-03-02 03:05:12.293181
153,944,95.72,1,9,82.47,True,mobile,Bandung,False,2026-02-28 02:54:13.293181,2026-03-02 03:05:12.293181
154,743,29.13,1,1,29.13,False,web,Surabaya,False,2026-01-08 18:58:14.293181,2026-03-02 03:05:12.293181
154,527,54.68,2,2,41.9,False,mobile,Jakarta,False,2026-01-09 05:14:25.293181,2026-03-02 03:05:12.293181
154,3944,206.79,3,3,96.87,False,mobile,Semarang,False,2026-01-12 07:30:48.293181,2026-03-02 03:05:12.293181
154,3333,52.44,4,4,85.76,False,mobile,Jakarta,False,2026-01-14 12:52:26.293181,2026-03-02 03:05:12.293181
154,1685,115.76,3,5,91.76,True,mobile,Medan,False,2026-01-17 02:25:02.293181,2026-03-02 03:05:12.293181
154,3343,16.49,2,6,79.22,False,mobile,Surabaya,False,2026-01-22 09:10:01.293181,2026-03-02 03:05:12.293181
154,3018,68.14,2,7,77.63,False,mobile,Semarang,False,2026-01-26 18:28:49.293181,2026-03-02 03:05:12.293181
154,1738,123.73,3,8,83.4,False,web,Bandung,False,2026-01-26 22:17:21.293181,2026-03-02 03:05:12.293181
154,4182,18.87,3,9,76.23,True,mobile,Jakarta,False,2026-01-31 16:46:30.293181,2026-03-02 03:05:12.293181
154,4254,23.45,4,10,70.95,True,web,Medan,False,2026-02-01 06:26:23.293181,2026-03-02 03:05:12.293181
154,487,55.82,1,8,59.34,False,web,Jakarta,False,2026-02-12 02:05:15.293181,2026-03-02 03:05:12.293181
154,3906,14.81,2,7,45.9,False,mobile,Semarang,False,2026-02-17 14:56:06.293181,2026-03-02 03:05:12.293181
154,4428,35.8,2,7,48.66,True,mobile,Surabaya,False,2026-02-22 08:19:13.293181,2026-03-02 03:05:12.293181
154,4390,34.23,2,6,30.5,False,mobile,Medan,False,2026-02-26 14:57:27.293181,2026-03-02 03:05:12.293181
154,4599,90.8,3,7,39.11,False,mobile,Bandung,True,2026-02-27 04:58:23.293181,2026-03-02 03:05:12.293181
154,3935,56.49,4,8,41.28,True,mobile,Medan,False,2026-02-28 13:26:40.293181,2026-03-02 03:05:12.293181
155,1084,416.56,1,1,416.56,False,mobile,Jakarta,False,2026-01-05 09:32:59.293181,2026-03-02 03:05:12.293181
155,1903,121.83,2,2,269.2,False,mobile,Medan,False,2026-01-06 15:33:50.293181,2026-03-02 03:05:12.293181
155,1246,87.93,3,3,208.77,False,mobile,Medan,False,2026-01-07 04:33:52.293181,2026-03-02 03:05:12.293181
155,4381,315.17,2,4,235.37,False,mobile,Jakarta,False,2026-01-14 01:50:11.293181,2026-03-02 03:05:12.293181
155,2284,42.42,2,5,196.78,False,mobile,Bandung,False,2026-01-15 17:39:25.293181,2026-03-02 03:05:12.293181
155,1746,89.97,3,6,178.98,False,web,Surabaya,False,2026-01-19 06:31:17.293181,2026-03-02 03:05:12.293181
155,4971,131.89,2,7,172.25,True,mobile,Jakarta,False,2026-01-25 17:41:29.293181,2026-03-02 03:05:12.293181
155,3899,56.13,2,8,157.74,False,mobile,Jakarta,False,2026-01-28 07:11:02.293181,2026-03-02 03:05:12.293181
155,518,30.15,1,6,110.96,True,web,Jakarta,False,2026-02-08 17:01:13.293181,2026-03-02 03:05:12.293181
155,765,30.9,1,5,67.81,False,mobile,Semarang,False,2026-02-16 10:26:47.293181,2026-03-02 03:05:12.293181
155,3163,210.06,2,5,91.83,False,mobile,Medan,False,2026-02-18 20:57:34.293181,2026-03-02 03:05:12.293181
155,2054,48.49,3,6,84.6,True,mobile,Semarang,False,2026-02-21 08:35:35.293181,2026-03-02 03:05:12.293181
155,3654,50.18,4,7,79.69,True,mobile,Medan,False,2026-02-22 10:14:26.293181,2026-03-02 03:05:12.293181
155,2738,249.61,3,7,96.5,False,mobile,Bandung,False,2026-02-26 02:24:08.293181,2026-03-02 03:05:12.293181
156,4489,18.29,1,1,18.29,True,web,Bandung,False,2026-01-03 16:24:16.293181,2026-03-02 03:05:12.293181
156,770,105.8,2,2,62.04,False,web,Jakarta,True,2026-01-07 05:38:56.293181,2026-03-02 03:05:12.293181
156,1911,18.36,3,3,47.48,False,mobile,Surabaya,False,2026-01-09 20:32:12.293181,2026-03-02 03:05:12.293181
156,1392,38.09,1,4,45.14,False,mobile,Surabaya,False,2026-01-30 07:36:16.293181,2026-03-02 03:05:12.293181
156,3997,25.55,2,5,41.22,True,mobile,Jakarta,False,2026-01-31 10:14:26.293181,2026-03-02 03:05:12.293181
156,3093,18.35,3,5,41.23,False,web,Surabaya,False,2026-02-02 19:33:52.293181,2026-03-02 03:05:12.293181
156,3116,9.09,2,5,21.89,True,web,Semarang,False,2026-02-08 18:32:11.293181,2026-03-02 03:05:12.293181
156,1295,29.1,1,5,24.04,False,mobile,Surabaya,False,2026-02-17 21:46:36.293181,2026-03-02 03:05:12.293181
156,4407,110.83,2,6,38.5,True,mobile,Semarang,False,2026-02-21 15:18:41.293181,2026-03-02 03:05:12.293181
156,2421,479.63,3,7,101.52,False,mobile,Surabaya,False,2026-02-23 00:30:25.293181,2026-03-02 03:05:12.293181
157,1198,61.3,1,1,61.3,False,mobile,Medan,False,2026-01-02 05:51:46.293181,2026-03-02 03:05:12.293181
157,4990,83.05,1,2,72.18,False,mobile,Medan,False,2026-01-09 13:33:42.293181,2026-03-02 03:05:12.293181
157,1317,41.17,1,2,62.11,False,mobile,Jakarta,True,2026-02-03 22:40:22.293181,2026-03-02 03:05:12.293181
157,4698,13.48,2,3,45.9,False,mobile,Jakarta,False,2026-02-05 12:15:27.293181,2026-03-02 03:05:12.293181
157,2901,50.84,3,3,35.16,False,web,Surabaya,True,2026-02-09 06:14:29.293181,2026-03-02 03:05:12.293181
157,1214,87.44,2,4,48.23,False,mobile,Medan,False,2026-02-13 10:57:58.293181,2026-03-02 03:05:12.293181
157,662,16.21,1,5,41.83,False,web,Jakarta,False,2026-02-26 23:27:10.293181,2026-03-02 03:05:12.293181
158,4335,303.62,1,1,303.62,True,mobile,Surabaya,False,2026-01-11 16:52:45.293181,2026-03-02 03:05:12.293181
158,4028,116.55,1,2,210.08,False,web,Surabaya,False,2026-01-20 10:16:10.293181,2026-03-02 03:05:12.293181
158,596,76.74,2,3,165.64,False,mobile,Bandung,False,2026-01-20 18:01:39.293181,2026-03-02 03:05:12.293181
158,2276,317.65,3,4,203.64,False,mobile,Jakarta,False,2026-01-21 12:47:29.293181,2026-03-02 03:05:12.293181
158,1381,97.82,4,5,182.48,False,mobile,Medan,False,2026-01-26 15:48:45.293181,2026-03-02 03:05:12.293181
158,3762,17.89,2,6,155.04,False,mobile,Jakarta,False,2026-01-28 17:45:21.293181,2026-03-02 03:05:12.293181
158,3234,182.75,3,7,159.0,True,mobile,Bandung,False,2026-01-31 11:09:47.293181,2026-03-02 03:05:12.293181
158,3353,5.96,1,8,139.87,True,mobile,Surabaya,False,2026-02-08 11:24:30.293181,2026-03-02 03:05:12.293181
158,255,127.1,2,8,117.81,False,mobile,Semarang,False,2026-02-12 07:39:21.293181,2026-03-02 03:05:12.293181
158,3668,23.27,2,9,107.3,False,web,Medan,False,2026-02-17 02:49:37.293181,2026-03-02 03:05:12.293181
159,2525,37.34,1,1,37.34,True,mobile,Medan,False,2026-01-03 17:21:09.293181,2026-03-02 03:05:12.293181
159,806,93.5,1,2,65.42,False,web,Surabaya,False,2026-01-12 14:15:44.293181,2026-03-02 03:05:12.293181
159,2560,795.38,1,3,308.74,False,mobile,Bandung,False,2026-01-19 15:12:23.293181,2026-03-02 03:05:12.293181
159,2209,90.83,2,4,254.26,True,web,Semarang,False,2026-01-24 14:31:23.293181,2026-03-02 03:05:12.293181
159,1806,33.42,2,5,210.09,False,mobile,Medan,False,2026-01-27 04:07:32.293181,2026-03-02 03:05:12.293181
159,2536,45.45,1,5,211.72,True,mobile,Medan,False,2026-02-07 00:41:51.293181,2026-03-02 03:05:12.293181
159,745,903.15,2,6,326.96,True,mobile,Surabaya,True,2026-02-08 06:41:32.293181,2026-03-02 03:05:12.293181
159,3051,26.06,3,7,283.97,False,web,Jakarta,False,2026-02-09 06:07:20.293181,2026-03-02 03:05:12.293181
159,2356,19.94,2,7,273.46,False,mobile,Bandung,False,2026-02-16 00:47:21.293181,2026-03-02 03:05:12.293181
159,2622,63.89,2,8,247.26,False,mobile,Semarang,False,2026-02-17 09:13:46.293181,2026-03-02 03:05:12.293181
159,2842,64.96,3,9,227.01,False,web,Jakarta,False,2026-02-17 16:23:55.293181,2026-03-02 03:05:12.293181
159,2429,244.61,3,8,175.18,False,mobile,Semarang,False,2026-02-23 18:27:13.293181,2026-03-02 03:05:12.293181
160,292,200.62,1,1,200.62,True,mobile,Jakarta,False,2026-01-10 03:48:43.293181,2026-03-02 03:05:12.293181
160,2236,143.49,2,2,172.06,True,web,Jakarta,False,2026-01-11 19:59:23.293181,2026-03-02 03:05:12.293181
160,1060,8.75,1,3,117.62,False,mobile,Jakarta,False,2026-01-22 22:46:43.293181,2026-03-02 03:05:12.293181
160,4583,68.0,2,4,105.22,True,web,Semarang,False,2026-01-25 09:08:34.293181,2026-03-02 03:05:12.293181
160,2164,25.98,3,5,89.37,False,mobile,Medan,False,2026-01-26 05:58:59.293181,2026-03-02 03:05:12.293181
160,1065,28.92,3,6,79.29,False,mobile,Bandung,False,2026-01-30 19:24:55.293181,2026-03-02 03:05:12.293181
160,1513,8.35,1,5,28.0,True,web,Medan,False,2026-02-14 15:24:38.293181,2026-03-02 03:05:12.293181
160,3678,33.79,1,4,24.26,False,mobile,Bandung,False,2026-02-25 05:40:21.293181,2026-03-02 03:05:12.293181
161,2321,125.88,1,1,125.88,True,web,Bandung,False,2026-01-04 04:02:51.293181,2026-03-02 03:05:12.293181
161,2968,55.07,2,2,90.48,True,mobile,Bandung,False,2026-01-10 16:58:24.293181,2026-03-02 03:05:12.293181
161,704,151.18,2,3,110.71,False,mobile,Jakarta,False,2026-01-16 04:34:39.293181,2026-03-02 03:05:12.293181
161,436,21.73,3,4,88.46,True,web,Semarang,False,2026-01-17 12:27:38.293181,2026-03-02 03:05:12.293181
161,737,59.13,3,5,82.6,False,mobile,Surabaya,False,2026-01-21 03:52:29.293181,2026-03-02 03:05:12.293181
161,480,4.91,1,6,69.65,False,mobile,Bandung,False,2026-01-29 05:27:30.293181,2026-03-02 03:05:12.293181
161,2120,20.39,2,7,62.61,False,mobile,Medan,False,2026-01-30 22:01:24.293181,2026-03-02 03:05:12.293181
161,3423,208.19,3,8,80.81,True,mobile,Surabaya,False,2026-02-01 03:38:38.293181,2026-03-02 03:05:12.293181
161,4671,36.25,4,9,75.86,False,mobile,Surabaya,False,2026-02-02 05:20:51.293181,2026-03-02 03:05:12.293181
161,2118,88.67,5,10,77.14,False,mobile,Surabaya,False,2026-02-02 07:14:23.293181,2026-03-02 03:05:12.293181
161,3225,42.81,6,11,74.02,False,web,Medan,False,2026-02-02 23:42:10.293181,2026-03-02 03:05:12.293181
161,4695,40.49,7,12,71.23,False,mobile,Semarang,False,2026-02-03 02:26:38.293181,2026-03-02 03:05:12.293181
161,3396,49.6,8,12,64.87,False,mobile,Jakarta,False,2026-02-03 12:11:04.293181,2026-03-02 03:05:12.293181
161,4435,11.65,9,13,60.77,False,mobile,Surabaya,False,2026-02-04 09:17:47.293181,2026-03-02 03:05:12.293181
161,3184,16.76,1,13,57.83,False,mobile,Surabaya,False,2026-02-12 05:27:09.293181,2026-03-02 03:05:12.293181
161,4045,149.22,2,12,60.67,False,web,Bandung,False,2026-02-18 16:22:38.293181,2026-03-02 03:05:12.293181
162,145,58.8,1,1,58.8,False,mobile,Medan,False,2026-01-01 12:09:28.293181,2026-03-02 03:05:12.293181
162,1220,127.99,2,2,93.4,True,web,Medan,False,2026-01-03 05:43:16.293181,2026-03-02 03:05:12.293181
162,2840,53.67,1,3,80.15,True,mobile,Bandung,False,2026-01-11 09:10:00.293181,2026-03-02 03:05:12.293181
162,4727,11.66,2,4,63.03,False,web,Surabaya,False,2026-01-13 13:55:45.293181,2026-03-02 03:05:12.293181
162,2414,205.6,1,5,91.54,False,mobile,Semarang,False,2026-01-21 10:35:18.293181,2026-03-02 03:05:12.293181
162,474,59.25,1,3,92.17,False,mobile,Jakarta,False,2026-02-12 13:40:32.293181,2026-03-02 03:05:12.293181
162,489,211.22,2,3,158.69,False,mobile,Semarang,False,2026-02-19 06:15:05.293181,2026-03-02 03:05:12.293181
162,1467,206.14,2,4,170.55,False,mobile,Semarang,False,2026-02-19 17:02:04.293181,2026-03-02 03:05:12.293181
162,135,95.89,1,4,143.12,True,mobile,Medan,False,2026-03-01 13:39:18.293181,2026-03-02 03:05:12.293181
162,4241,12.63,2,5,117.03,True,mobile,Medan,True,2026-03-01 20:57:20.293181,2026-03-02 03:05:12.293181
163,864,118.7,1,1,118.7,True,mobile,Medan,False,2026-01-25 14:02:58.293181,2026-03-02 03:05:12.293181
163,1599,46.76,1,2,82.73,False,web,Semarang,True,2026-02-06 05:53:28.293181,2026-03-02 03:05:12.293181
163,3460,45.08,1,3,70.18,True,mobile,Medan,False,2026-02-15 14:19:53.293181,2026-03-02 03:05:12.293181
163,4329,44.32,2,4,63.72,False,mobile,Jakarta,False,2026-02-16 20:52:54.293181,2026-03-02 03:05:12.293181
163,3065,4.23,3,5,51.82,False,web,Semarang,False,2026-02-18 00:00:50.293181,2026-03-02 03:05:12.293181
163,1656,72.04,2,5,42.49,False,mobile,Medan,False,2026-02-24 22:59:23.293181,2026-03-02 03:05:12.293181
164,905,88.85,1,1,88.85,False,mobile,Bandung,False,2026-01-07 23:18:11.293181,2026-03-02 03:05:12.293181
164,3009,46.7,2,2,67.78,False,mobile,Surabaya,True,2026-01-08 15:52:00.293181,2026-03-02 03:05:12.293181
164,4041,35.75,3,3,57.1,False,mobile,Surabaya,False,2026-01-08 16:55:25.293181,2026-03-02 03:05:12.293181
164,2697,31.88,4,4,50.8,True,mobile,Semarang,False,2026-01-11 04:13:15.293181,2026-03-02 03:05:12.293181
164,3187,24.72,1,5,45.58,False,mobile,Semarang,False,2026-01-19 04:25:38.293181,2026-03-02 03:05:12.293181
164,3327,112.47,1,6,56.73,False,mobile,Semarang,False,2026-01-28 19:05:16.293181,2026-03-02 03:05:12.293181
164,3891,53.32,1,7,56.24,False,mobile,Jakarta,False,2026-02-06 08:58:19.293181,2026-03-02 03:05:12.293181
164,3930,631.74,2,5,170.83,True,mobile,Jakarta,True,2026-02-08 23:57:37.293181,2026-03-02 03:05:12.293181
164,4597,22.98,2,5,169.05,True,mobile,Medan,False,2026-02-14 07:51:32.293181,2026-03-02 03:05:12.293181
164,3199,117.75,2,5,187.65,False,mobile,Jakarta,False,2026-02-18 18:20:45.293181,2026-03-02 03:05:12.293181
164,4440,39.76,2,6,163.0,False,web,Bandung,False,2026-02-24 10:12:18.293181,2026-03-02 03:05:12.293181
165,2895,315.0,1,1,315.0,True,mobile,Surabaya,False,2026-01-03 11:45:09.293181,2026-03-02 03:05:12.293181
165,778,46.17,2,2,180.58,False,web,Jakarta,False,2026-01-07 05:47:00.293181,2026-03-02 03:05:12.293181
165,2073,62.87,3,3,141.35,False,mobile,Jakarta,False,2026-01-07 09:22:09.293181,2026-03-02 03:05:12.293181
165,4429,70.73,1,4,123.69,False,mobile,Medan,False,2026-01-19 14:45:46.293181,2026-03-02 03:05:12.293181
165,2460,51.28,1,5,109.21,False,web,Surabaya,False,2026-01-29 19:12:23.293181,2026-03-02 03:05:12.293181
165,3897,64.72,1,3,62.24,True,mobile,Jakarta,False,2026-02-08 00:05:10.293181,2026-03-02 03:05:12.293181
165,1448,19.85,1,4,51.64,True,mobile,Surabaya,False,2026-02-15 01:52:00.293181,2026-03-02 03:05:12.293181
165,3546,180.95,2,5,77.51,False,mobile,Medan,False,2026-02-17 09:45:44.293181,2026-03-02 03:05:12.293181
165,4873,6.71,3,5,64.7,False,mobile,Semarang,False,2026-02-20 14:13:23.293181,2026-03-02 03:05:12.293181
165,1587,25.13,4,6,58.11,True,mobile,Medan,False,2026-02-21 16:05:50.293181,2026-03-02 03:05:12.293181
165,4020,78.28,4,7,60.99,True,web,Surabaya,False,2026-02-22 13:39:42.293181,2026-03-02 03:05:12.293181
166,3642,40.65,1,1,40.65,True,mobile,Jakarta,False,2026-01-03 09:17:01.293181,2026-03-02 03:05:12.293181
166,2023,21.77,2,2,31.21,True,mobile,Bandung,False,2026-01-04 01:14:59.293181,2026-03-02 03:05:12.293181
166,4843,62.38,3,3,41.6,False,mobile,Jakarta,False,2026-01-09 02:35:36.293181,2026-03-02 03:05:12.293181
166,3096,27.17,2,4,37.99,False,web,Surabaya,False,2026-01-14 20:11:32.293181,2026-03-02 03:05:12.293181
166,1469,7.47,1,3,32.34,False,web,Semarang,False,2026-02-04 18:14:10.293181,2026-03-02 03:05:12.293181
166,4933,63.31,2,4,40.08,False,mobile,Surabaya,False,2026-02-06 22:00:48.293181,2026-03-02 03:05:12.293181
166,246,116.3,3,4,53.56,False,mobile,Jakarta,False,2026-02-09 05:20:47.293181,2026-03-02 03:05:12.293181
166,1407,103.23,2,4,72.58,True,mobile,Medan,False,2026-02-15 17:30:43.293181,2026-03-02 03:05:12.293181
166,1137,50.25,1,5,68.11,False,web,Bandung,False,2026-02-23 21:27:05.293181,2026-03-02 03:05:12.293181
166,2410,17.75,2,6,59.72,False,web,Medan,False,2026-02-26 03:36:29.293181,2026-03-02 03:05:12.293181
167,3418,89.93,1,1,89.93,False,mobile,Semarang,False,2026-01-02 14:33:23.293181,2026-03-02 03:05:12.293181
167,4359,100.53,1,2,95.23,False,web,Bandung,False,2026-01-13 22:51:34.293181,2026-03-02 03:05:12.293181
167,2238,14.8,2,3,68.42,True,web,Surabaya,False,2026-01-17 20:32:10.293181,2026-03-02 03:05:12.293181
167,126,335.91,3,4,135.29,True,mobile,Surabaya,False,2026-01-18 01:10:09.293181,2026-03-02 03:05:12.293181
167,2084,63.48,4,5,120.93,False,mobile,Semarang,False,2026-01-20 00:50:54.293181,2026-03-02 03:05:12.293181
167,4450,40.2,4,6,107.48,False,mobile,Medan,False,2026-01-23 06:13:31.293181,2026-03-02 03:05:12.293181
167,2334,35.4,1,6,98.39,False,mobile,Surabaya,False,2026-02-09 01:31:41.293181,2026-03-02 03:05:12.293181
167,1689,22.12,1,3,32.57,False,web,Bandung,False,2026-02-20 00:53:54.293181,2026-03-02 03:05:12.293181
167,4660,33.92,2,3,30.48,True,mobile,Jakarta,False,2026-02-22 11:45:19.293181,2026-03-02 03:05:12.293181
167,1157,10.38,3,4,25.46,False,mobile,Semarang,False,2026-02-23 19:16:43.293181,2026-03-02 03:05:12.293181
168,2292,152.08,1,1,152.08,False,web,Medan,True,2026-01-02 01:42:33.293181,2026-03-02 03:05:12.293181
168,997,12.6,2,2,82.34,True,mobile,Jakarta,False,2026-01-04 02:24:31.293181,2026-03-02 03:05:12.293181
168,1000,10.96,3,3,58.55,False,mobile,Surabaya,False,2026-01-08 05:54:03.293181,2026-03-02 03:05:12.293181
168,3735,48.47,3,4,56.03,True,mobile,Jakarta,False,2026-01-10 22:26:36.293181,2026-03-02 03:05:12.293181
168,3221,119.86,3,5,68.79,False,mobile,Medan,False,2026-01-12 11:42:10.293181,2026-03-02 03:05:12.293181
168,4293,80.22,4,6,70.7,False,mobile,Semarang,False,2026-01-14 22:01:51.293181,2026-03-02 03:05:12.293181
168,748,38.79,5,7,66.14,False,web,Surabaya,False,2026-01-15 03:09:36.293181,2026-03-02 03:05:12.293181
168,2898,26.43,1,8,61.18,True,mobile,Semarang,False,2026-01-24 02:16:38.293181,2026-03-02 03:05:12.293181
168,3634,35.56,1,9,58.33,True,mobile,Jakarta,False,2026-01-31 05:15:33.293181,2026-03-02 03:05:12.293181
168,1817,263.71,2,9,70.73,True,mobile,Surabaya,False,2026-02-01 23:47:38.293181,2026-03-02 03:05:12.293181
168,3324,11.98,1,6,76.11,False,mobile,Bandung,False,2026-02-11 20:05:20.293181,2026-03-02 03:05:12.293181
168,4906,157.72,1,5,99.08,False,mobile,Bandung,False,2026-02-20 23:47:37.293181,2026-03-02 03:05:12.293181
168,1892,343.8,2,6,139.87,True,web,Jakarta,False,2026-02-22 17:05:44.293181,2026-03-02 03:05:12.293181
169,4417,104.42,1,1,104.42,False,web,Medan,False,2026-01-09 19:57:48.293181,2026-03-02 03:05:12.293181
169,1997,51.53,2,2,77.97,True,mobile,Bandung,False,2026-01-11 03:05:38.293181,2026-03-02 03:05:12.293181
169,4064,53.15,3,3,69.7,True,mobile,Jakarta,False,2026-01-11 19:44:30.293181,2026-03-02 03:05:12.293181
169,2503,59.09,4,4,67.05,False,mobile,Bandung,False,2026-01-16 04:47:11.293181,2026-03-02 03:05:12.293181
169,1453,30.5,4,5,59.74,True,mobile,Jakarta,False,2026-01-17 15:43:24.293181,2026-03-02 03:05:12.293181
169,1649,31.44,1,6,55.02,True,web,Jakarta,False,2026-01-24 19:56:49.293181,2026-03-02 03:05:12.293181
169,672,56.47,1,7,55.23,True,web,Jakarta,False,2026-02-07 11:09:00.293181,2026-03-02 03:05:12.293181
169,2147,64.96,2,5,48.49,False,mobile,Medan,False,2026-02-12 12:07:43.293181,2026-03-02 03:05:12.293181
169,3653,8.11,2,4,40.25,False,mobile,Bandung,False,2026-02-19 02:46:47.293181,2026-03-02 03:05:12.293181
169,2541,57.48,2,4,46.76,False,web,Semarang,False,2026-02-23 21:05:16.293181,2026-03-02 03:05:12.293181
170,4619,27.03,1,1,27.03,False,mobile,Jakarta,False,2026-01-01 03:40:37.293181,2026-03-02 03:05:12.293181
170,4209,177.35,2,2,102.19,False,mobile,Semarang,False,2026-01-01 11:38:53.293181,2026-03-02 03:05:12.293181
170,1619,105.3,3,3,103.23,False,mobile,Bandung,False,2026-01-05 18:49:56.293181,2026-03-02 03:05:12.293181
170,735,90.26,2,4,99.98,False,mobile,Medan,False,2026-01-08 23:46:39.293181,2026-03-02 03:05:12.293181
170,2860,60.83,1,5,92.15,False,mobile,Semarang,False,2026-01-29 23:06:16.293181,2026-03-02 03:05:12.293181
170,920,185.38,2,4,110.44,False,mobile,Bandung,False,2026-02-04 11:19:15.293181,2026-03-02 03:05:12.293181
170,4265,7.14,3,4,85.9,False,mobile,Jakarta,False,2026-02-05 22:32:50.293181,2026-03-02 03:05:12.293181
170,322,325.55,3,5,133.83,True,mobile,Jakarta,False,2026-02-07 17:44:32.293181,2026-03-02 03:05:12.293181
170,1209,4.94,3,5,116.77,False,web,Medan,False,2026-02-11 14:42:32.293181,2026-03-02 03:05:12.293181
170,4541,109.27,2,6,115.52,False,mobile,Medan,False,2026-02-18 07:55:06.293181,2026-03-02 03:05:12.293181
170,3522,90.28,2,7,111.91,True,web,Surabaya,False,2026-02-21 22:02:36.293181,2026-03-02 03:05:12.293181
170,3963,23.42,3,8,100.85,False,mobile,Bandung,False,2026-02-23 06:57:22.293181,2026-03-02 03:05:12.293181
170,686,21.96,4,9,92.09,False,mobile,Semarang,False,2026-02-23 11:56:23.293181,2026-03-02 03:05:12.293181
170,3348,58.86,4,10,88.76,False,web,Jakarta,False,2026-02-27 02:25:36.293181,2026-03-02 03:05:12.293181
170,3608,69.63,4,10,89.64,True,web,Semarang,False,2026-03-01 10:10:10.293181,2026-03-02 03:05:12.293181
171,3996,209.78,1,1,209.78,True,mobile,Surabaya,False,2026-01-04 09:12:42.293181,2026-03-02 03:05:12.293181
171,566,22.55,2,2,116.16,False,mobile,Bandung,False,2026-01-05 13:11:26.293181,2026-03-02 03:05:12.293181
171,1580,74.6,3,3,102.31,True,mobile,Medan,False,2026-01-11 07:03:12.293181,2026-03-02 03:05:12.293181
171,636,43.8,1,4,87.68,False,mobile,Medan,False,2026-01-28 04:35:50.293181,2026-03-02 03:05:12.293181
171,4411,23.18,2,5,74.78,True,mobile,Bandung,False,2026-01-31 03:15:08.293181,2026-03-02 03:05:12.293181
171,3314,124.48,3,6,83.07,False,mobile,Semarang,False,2026-02-02 06:06:02.293181,2026-03-02 03:05:12.293181
171,1447,61.17,3,5,65.45,False,web,Medan,False,2026-02-05 10:57:33.293181,2026-03-02 03:05:12.293181
171,1981,81.69,3,6,68.15,True,web,Bandung,False,2026-02-08 09:29:03.293181,2026-03-02 03:05:12.293181
171,2360,256.93,3,7,95.12,False,mobile,Jakarta,False,2026-02-09 22:41:19.293181,2026-03-02 03:05:12.293181
171,2518,15.34,1,7,86.66,True,web,Bandung,False,2026-02-21 14:53:33.293181,2026-03-02 03:05:12.293181
171,2808,73.34,2,8,84.99,False,mobile,Semarang,False,2026-02-23 20:56:38.293181,2026-03-02 03:05:12.293181
172,904,46.69,1,1,46.69,False,web,Medan,False,2026-01-05 11:38:31.293181,2026-03-02 03:05:12.293181
172,799,87.59,1,2,67.14,False,web,Bandung,False,2026-01-21 16:30:26.293181,2026-03-02 03:05:12.293181
172,2501,22.32,1,2,54.96,False,mobile,Medan,False,2026-02-11 11:34:49.293181,2026-03-02 03:05:12.293181
172,2703,108.76,2,3,72.89,False,mobile,Semarang,False,2026-02-12 13:53:16.293181,2026-03-02 03:05:12.293181
172,3591,62.48,1,3,64.52,True,web,Bandung,False,2026-02-28 12:15:01.293181,2026-03-02 03:05:12.293181
172,4419,4.6,2,4,49.54,True,mobile,Semarang,False,2026-03-01 13:53:55.293181,2026-03-02 03:05:12.293181
173,4936,109.94,1,1,109.94,False,mobile,Surabaya,False,2026-01-01 11:45:21.293181,2026-03-02 03:05:12.293181
173,3335,53.19,1,2,81.56,False,mobile,Bandung,False,2026-01-13 13:58:13.293181,2026-03-02 03:05:12.293181
173,1153,116.81,2,3,93.31,False,web,Medan,False,2026-01-13 22:03:36.293181,2026-03-02 03:05:12.293181
173,967,50.24,3,4,82.54,True,web,Medan,False,2026-01-18 03:13:18.293181,2026-03-02 03:05:12.293181
173,1001,26.62,2,5,71.36,False,web,Jakarta,False,2026-01-23 12:20:11.293181,2026-03-02 03:05:12.293181
173,2586,22.54,1,5,53.88,True,web,Bandung,False,2026-02-07 21:42:01.293181,2026-03-02 03:05:12.293181
173,3618,24.99,2,6,49.07,False,mobile,Jakarta,False,2026-02-12 01:25:51.293181,2026-03-02 03:05:12.293181
173,3133,72.16,3,5,39.31,False,mobile,Surabaya,False,2026-02-13 22:49:58.293181,2026-03-02 03:05:12.293181
173,51,31.61,1,5,35.58,True,mobile,Surabaya,False,2026-02-21 13:00:09.293181,2026-03-02 03:05:12.293181
173,4075,37.41,2,5,37.74,False,mobile,Jakarta,False,2026-02-27 11:57:08.293181,2026-03-02 03:05:12.293181
174,3298,32.63,1,1,32.63,False,web,Bandung,False,2026-01-23 18:15:11.293181,2026-03-02 03:05:12.293181
174,2358,34.88,1,2,33.76,False,mobile,Semarang,False,2026-02-02 14:48:16.293181,2026-03-02 03:05:12.293181
174,305,50.95,2,3,39.49,False,web,Semarang,False,2026-02-04 06:25:31.293181,2026-03-02 03:05:12.293181
174,2873,58.01,2,4,44.12,False,mobile,Surabaya,False,2026-02-10 00:51:02.293181,2026-03-02 03:05:12.293181
174,362,54.36,3,5,46.17,False,web,Medan,False,2026-02-11 04:19:41.293181,2026-03-02 03:05:12.293181
174,2211,238.58,3,6,78.24,False,mobile,Medan,False,2026-02-13 22:51:49.293181,2026-03-02 03:05:12.293181
174,1642,26.18,4,7,70.8,False,mobile,Bandung,False,2026-02-13 23:59:21.293181,2026-03-02 03:05:12.293181
174,2494,97.05,3,8,74.08,False,mobile,Jakarta,False,2026-02-18 13:36:01.293181,2026-03-02 03:05:12.293181
174,1844,20.28,4,9,68.1,False,mobile,Semarang,False,2026-02-19 21:49:19.293181,2026-03-02 03:05:12.293181
174,2111,26.24,3,10,63.92,True,mobile,Semarang,False,2026-02-22 16:48:43.293181,2026-03-02 03:05:12.293181
174,2813,43.96,4,10,65.05,True,mobile,Bandung,False,2026-02-22 18:36:30.293181,2026-03-02 03:05:12.293181
175,207,34.23,1,1,34.23,False,web,Semarang,False,2025-12-31 03:36:52.293181,2026-03-02 03:05:12.293181
175,1164,75.56,1,2,54.9,False,web,Medan,False,2026-01-09 23:46:13.293181,2026-03-02 03:05:12.293181
175,1102,12.78,1,3,40.86,False,mobile,Surabaya,False,2026-01-22 23:34:50.293181,2026-03-02 03:05:12.293181
175,2233,36.24,2,4,39.7,False,web,Bandung,False,2026-01-23 12:50:43.293181,2026-03-02 03:05:12.293181
175,1559,40.81,3,5,39.92,True,mobile,Jakarta,False,2026-01-25 06:45:56.293181,2026-03-02 03:05:12.293181
175,45,36.56,4,6,39.36,False,mobile,Bandung,False,2026-01-29 13:02:14.293181,2026-03-02 03:05:12.293181
175,2564,21.22,2,6,37.2,True,web,Medan,True,2026-02-01 10:24:41.293181,2026-03-02 03:05:12.293181
175,4284,26.18,1,6,28.97,False,web,Medan,False,2026-02-09 18:21:48.293181,2026-03-02 03:05:12.293181
175,3181,101.55,1,4,46.38,False,mobile,Medan,False,2026-02-24 10:19:49.293181,2026-03-02 03:05:12.293181
175,1272,199.07,2,4,87.0,True,mobile,Bandung,False,2026-03-01 19:24:49.293181,2026-03-02 03:05:12.293181
176,4606,89.25,1,1,89.25,False,mobile,Bandung,False,2026-01-01 01:14:00.293181,2026-03-02 03:05:12.293181
176,4584,77.69,1,2,83.47,True,mobile,Jakarta,False,2026-01-10 02:41:51.293181,2026-03-02 03:05:12.293181
176,4944,48.72,2,3,71.89,False,mobile,Bandung,False,2026-01-16 23:13:38.293181,2026-03-02 03:05:12.293181
176,2472,128.05,1,3,84.82,False,web,Bandung,False,2026-02-04 01:28:36.293181,2026-03-02 03:05:12.293181
176,3429,137.78,2,4,98.06,False,mobile,Surabaya,False,2026-02-04 19:54:13.293181,2026-03-02 03:05:12.293181
176,546,27.83,1,3,97.89,False,mobile,Semarang,False,2026-02-18 16:23:26.293181,2026-03-02 03:05:12.293181
177,2798,32.89,1,1,32.89,False,web,Bandung,False,2025-12-31 13:42:31.293181,2026-03-02 03:05:12.293181
177,3072,225.5,2,2,129.2,False,mobile,Medan,False,2026-01-01 06:45:05.293181,2026-03-02 03:05:12.293181
177,1736,132.56,3,3,130.32,False,mobile,Bandung,False,2026-01-02 05:02:46.293181,2026-03-02 03:05:12.293181
177,701,105.23,1,4,124.04,False,mobile,Bandung,False,2026-01-14 06:30:55.293181,2026-03-02 03:05:12.293181
177,2266,80.72,2,5,115.38,False,web,Surabaya,False,2026-01-16 15:18:43.293181,2026-03-02 03:05:12.293181
177,3478,29.1,1,3,71.68,False,mobile,Jakarta,False,2026-02-04 05:40:11.293181,2026-03-02 03:05:12.293181
177,4568,41.73,2,4,64.19,True,mobile,Semarang,False,2026-02-07 10:01:24.293181,2026-03-02 03:05:12.293181
177,1205,85.79,2,4,59.33,False,mobile,Surabaya,False,2026-02-13 20:42:50.293181,2026-03-02 03:05:12.293181
177,3923,145.88,2,4,75.62,True,mobile,Jakarta,False,2026-02-15 18:49:29.293181,2026-03-02 03:05:12.293181
177,1579,139.59,3,5,88.42,False,web,Medan,False,2026-02-16 13:25:52.293181,2026-03-02 03:05:12.293181
177,3775,10.39,4,6,75.41,False,mobile,Bandung,False,2026-02-20 09:59:31.293181,2026-03-02 03:05:12.293181
177,3190,209.71,4,7,94.6,True,mobile,Bandung,False,2026-02-21 19:23:28.293181,2026-03-02 03:05:12.293181
177,58,33.05,3,8,86.9,False,web,Surabaya,False,2026-02-26 02:35:05.293181,2026-03-02 03:05:12.293181
178,3011,29.19,1,1,29.19,True,mobile,Jakarta,True,2026-01-03 05:01:47.293181,2026-03-02 03:05:12.293181
178,3489,16.44,1,2,22.82,False,mobile,Jakarta,False,2026-01-15 10:25:19.293181,2026-03-02 03:05:12.293181
178,1094,87.18,2,3,44.27,False,mobile,Surabaya,False,2026-01-22 05:35:02.293181,2026-03-02 03:05:12.293181
178,4277,39.07,1,3,47.56,False,web,Bandung,False,2026-02-05 05:07:58.293181,2026-03-02 03:05:12.293181
178,3100,90.32,1,4,58.25,False,web,Bandung,False,2026-02-13 18:30:47.293181,2026-03-02 03:05:12.293181
178,3840,61.52,2,4,69.52,False,mobile,Medan,True,2026-02-17 07:41:49.293181,2026-03-02 03:05:12.293181
179,2372,169.7,1,1,169.7,False,mobile,Bandung,False,2026-01-01 05:53:50.293181,2026-03-02 03:05:12.293181
179,1445,177.16,2,2,173.43,False,mobile,Semarang,False,2026-01-08 02:37:39.293181,2026-03-02 03:05:12.293181
179,4582,103.83,2,3,150.23,False,web,Bandung,False,2026-01-13 16:40:45.293181,2026-03-02 03:05:12.293181
179,2683,305.59,3,4,189.07,False,mobile,Surabaya,False,2026-01-14 06:08:32.293181,2026-03-02 03:05:12.293181
179,4590,58.44,3,5,162.94,False,mobile,Bandung,False,2026-01-16 22:32:49.293181,2026-03-02 03:05:12.293181
179,3462,55.19,4,6,144.99,True,web,Semarang,False,2026-01-18 06:13:59.293181,2026-03-02 03:05:12.293181
179,506,105.57,1,6,134.3,True,web,Jakarta,False,2026-01-31 17:54:43.293181,2026-03-02 03:05:12.293181
179,4806,71.57,1,2,88.57,False,mobile,Medan,False,2026-02-18 17:46:00.293181,2026-03-02 03:05:12.293181
179,4678,22.78,2,3,66.64,False,mobile,Medan,False,2026-02-20 08:28:23.293181,2026-03-02 03:05:12.293181
179,3815,42.92,1,4,60.71,True,web,Semarang,False,2026-02-28 02:00:22.293181,2026-03-02 03:05:12.293181
180,679,39.79,1,1,39.79,False,mobile,Surabaya,True,2026-01-07 13:02:36.293181,2026-03-02 03:05:12.293181
180,2176,40.21,2,2,40.0,False,mobile,Jakarta,False,2026-01-14 06:33:46.293181,2026-03-02 03:05:12.293181
180,2909,398.4,1,3,159.47,False,mobile,Surabaya,False,2026-01-29 03:57:04.293181,2026-03-02 03:05:12.293181
180,4837,78.76,2,4,139.29,False,mobile,Jakarta,False,2026-02-04 23:26:15.293181,2026-03-02 03:05:12.293181
180,4821,23.7,2,4,135.27,False,mobile,Medan,True,2026-02-06 21:41:10.293181,2026-03-02 03:05:12.293181
180,2524,52.33,3,5,118.68,False,mobile,Surabaya,False,2026-02-09 14:14:42.293181,2026-03-02 03:05:12.293181
180,661,32.87,3,5,117.21,False,web,Semarang,True,2026-02-13 10:10:59.293181,2026-03-02 03:05:12.293181
180,1019,49.02,1,6,105.85,True,mobile,Jakarta,False,2026-02-21 10:50:25.293181,2026-03-02 03:05:12.293181
180,2212,37.69,2,7,96.11,False,mobile,Semarang,False,2026-02-26 20:59:05.293181,2026-03-02 03:05:12.293181
180,2373,49.52,3,8,90.29,False,web,Bandung,False,2026-02-27 22:13:51.293181,2026-03-02 03:05:12.293181
181,1210,86.88,1,1,86.88,False,mobile,Surabaya,False,2025-12-31 22:49:36.293181,2026-03-02 03:05:12.293181
181,1786,70.89,2,2,78.88,False,mobile,Surabaya,False,2026-01-05 04:37:13.293181,2026-03-02 03:05:12.293181
181,2765,56.9,1,3,71.56,False,mobile,Medan,False,2026-01-27 19:11:10.293181,2026-03-02 03:05:12.293181
181,3246,51.71,2,3,59.83,True,web,Medan,False,2026-01-31 06:23:21.293181,2026-03-02 03:05:12.293181
181,2915,6.67,2,3,38.43,False,web,Bandung,False,2026-02-04 18:51:45.293181,2026-03-02 03:05:12.293181
181,4089,19.93,3,4,33.8,False,web,Surabaya,False,2026-02-05 19:20:25.293181,2026-03-02 03:05:12.293181
181,2165,13.9,3,5,29.82,False,mobile,Bandung,False,2026-02-10 04:46:00.293181,2026-03-02 03:05:12.293181
181,2811,141.01,1,6,48.35,False,web,Semarang,False,2026-02-17 05:25:30.293181,2026-03-02 03:05:12.293181
181,2426,73.12,2,7,51.89,False,mobile,Semarang,False,2026-02-17 15:13:44.293181,2026-03-02 03:05:12.293181
181,4679,11.08,3,8,46.79,False,mobile,Medan,False,2026-02-18 18:00:14.293181,2026-03-02 03:05:12.293181
181,943,17.28,4,9,43.51,False,mobile,Surabaya,False,2026-02-20 22:36:00.293181,2026-03-02 03:05:12.293181
182,348,49.87,1,1,49.87,True,web,Surabaya,False,2026-01-04 11:16:41.293181,2026-03-02 03:05:12.293181
182,101,134.91,1,2,92.39,False,mobile,Surabaya,False,2026-01-15 06:05:30.293181,2026-03-02 03:05:12.293181
182,1161,180.18,2,3,121.65,False,mobile,Semarang,False,2026-01-22 01:11:30.293181,2026-03-02 03:05:12.293181
182,2151,89.29,2,4,113.56,True,web,Jakarta,False,2026-01-24 09:29:30.293181,2026-03-02 03:05:12.293181
182,4169,91.92,1,5,109.23,True,mobile,Bandung,False,2026-02-01 11:41:49.293181,2026-03-02 03:05:12.293181
182,4353,17.59,1,4,94.74,True,mobile,Medan,False,2026-02-15 17:39:13.293181,2026-03-02 03:05:12.293181
182,4529,45.19,2,4,61.0,True,mobile,Semarang,False,2026-02-22 07:07:17.293181,2026-03-02 03:05:12.293181
182,2309,16.17,2,4,42.72,False,mobile,Jakarta,False,2026-02-24 13:47:05.293181,2026-03-02 03:05:12.293181
182,3431,24.24,3,5,39.02,False,web,Surabaya,False,2026-02-25 01:44:27.293181,2026-03-02 03:05:12.293181
182,611,14.59,4,6,34.95,True,mobile,Bandung,True,2026-02-28 18:46:13.293181,2026-03-02 03:05:12.293181
183,2795,126.23,1,1,126.23,False,web,Surabaya,False,2026-01-06 11:30:19.293181,2026-03-02 03:05:12.293181
183,4301,52.89,1,2,89.56,True,mobile,Semarang,True,2026-01-18 20:14:39.293181,2026-03-02 03:05:12.293181
183,2854,3.03,1,1,3.03,False,web,Medan,False,2026-02-18 06:49:09.293181,2026-03-02 03:05:12.293181
184,1755,230.17,1,1,230.17,True,mobile,Jakarta,False,2026-01-04 12:00:43.293181,2026-03-02 03:05:12.293181
184,56,14.39,1,2,122.28,False,web,Surabaya,False,2026-01-12 00:25:45.293181,2026-03-02 03:05:12.293181
184,605,326.38,1,3,190.31,False,mobile,Semarang,False,2026-01-22 08:00:15.293181,2026-03-02 03:05:12.293181
184,1960,156.59,2,4,181.88,True,mobile,Surabaya,False,2026-01-24 05:02:04.293181,2026-03-02 03:05:12.293181
184,4920,135.18,3,5,172.54,False,web,Surabaya,False,2026-01-26 18:42:31.293181,2026-03-02 03:05:12.293181
184,1693,122.2,3,6,164.15,True,mobile,Surabaya,False,2026-01-31 03:14:52.293181,2026-03-02 03:05:12.293181
184,4733,99.27,2,6,142.34,False,mobile,Medan,False,2026-02-05 23:54:39.293181,2026-03-02 03:05:12.293181
184,2018,313.54,2,7,166.79,False,mobile,Semarang,False,2026-02-10 04:45:31.293181,2026-03-02 03:05:12.293181
184,4027,88.7,1,4,155.93,True,web,Jakarta,False,2026-03-01 00:25:19.293181,2026-03-02 03:05:12.293181
185,4394,583.63,1,1,583.63,False,web,Semarang,False,2026-01-01 20:34:08.293181,2026-03-02 03:05:12.293181
185,3661,5.15,2,2,294.39,False,mobile,Surabaya,False,2026-01-08 04:45:07.293181,2026-03-02 03:05:12.293181
185,4330,46.72,2,3,211.83,False,mobile,Bandung,False,2026-01-12 23:49:50.293181,2026-03-02 03:05:12.293181
185,4030,160.62,3,4,199.03,False,mobile,Jakarta,False,2026-01-13 12:32:50.293181,2026-03-02 03:05:12.293181
185,4979,8.29,4,5,160.88,False,mobile,Semarang,False,2026-01-13 19:22:23.293181,2026-03-02 03:05:12.293181
185,2775,109.63,4,6,152.34,True,web,Surabaya,False,2026-01-17 23:10:45.293181,2026-03-02 03:05:12.293181
185,4337,190.45,5,7,157.78,True,mobile,Jakarta,False,2026-01-18 09:44:43.293181,2026-03-02 03:05:12.293181
185,4515,116.36,1,8,152.61,False,mobile,Surabaya,False,2026-01-26 19:40:05.293181,2026-03-02 03:05:12.293181
185,3039,235.33,2,9,161.8,False,web,Bandung,False,2026-01-29 00:40:14.293181,2026-03-02 03:05:12.293181
185,1244,61.17,1,5,142.59,False,mobile,Medan,False,2026-02-16 18:44:30.293181,2026-03-02 03:05:12.293181
186,2948,111.77,1,1,111.77,False,mobile,Medan,False,2026-01-06 11:14:05.293181,2026-03-02 03:05:12.293181
186,3277,39.84,2,2,75.81,False,web,Bandung,False,2026-01-09 16:04:03.293181,2026-03-02 03:05:12.293181
186,251,17.88,3,3,56.5,True,mobile,Jakarta,False,2026-01-11 05:49:28.293181,2026-03-02 03:05:12.293181
186,1486,3.05,4,4,43.14,False,mobile,Semarang,False,2026-01-12 14:26:29.293181,2026-03-02 03:05:12.293181
186,78,30.05,4,5,40.52,False,mobile,Bandung,True,2026-01-16 11:09:30.293181,2026-03-02 03:05:12.293181
186,2557,17.7,2,6,36.72,False,web,Medan,False,2026-01-19 14:51:28.293181,2026-03-02 03:05:12.293181
186,3028,23.18,3,7,34.78,False,web,Jakarta,False,2026-01-20 15:32:19.293181,2026-03-02 03:05:12.293181
186,1953,196.35,3,8,54.98,True,web,Semarang,False,2026-01-24 15:00:33.293181,2026-03-02 03:05:12.293181
186,1111,18.56,3,9,50.93,False,mobile,Semarang,False,2026-01-27 03:02:35.293181,2026-03-02 03:05:12.293181
186,2559,21.31,1,9,40.88,True,web,Bandung,False,2026-02-08 03:12:41.293181,2026-03-02 03:05:12.293181
186,2038,27.56,2,9,39.52,False,mobile,Surabaya,False,2026-02-10 03:37:27.293181,2026-03-02 03:05:12.293181
186,168,33.92,3,8,46.08,True,web,Bandung,False,2026-02-14 16:28:02.293181,2026-03-02 03:05:12.293181
186,3720,62.58,4,9,47.91,True,mobile,Semarang,False,2026-02-14 23:09:38.293181,2026-03-02 03:05:12.293181
186,2343,245.04,1,5,78.08,True,mobile,Bandung,False,2026-02-28 09:55:49.293181,2026-03-02 03:05:12.293181
187,4456,28.84,1,1,28.84,False,web,Semarang,False,2026-01-16 11:17:52.293181,2026-03-02 03:05:12.293181
187,2487,202.44,2,2,115.64,True,mobile,Semarang,False,2026-01-18 15:59:17.293181,2026-03-02 03:05:12.293181
187,1811,343.27,1,3,191.52,True,mobile,Surabaya,False,2026-01-31 21:01:31.293181,2026-03-02 03:05:12.293181
187,2927,30.81,2,4,151.34,False,web,Medan,False,2026-02-02 07:25:40.293181,2026-03-02 03:05:12.293181
187,98,40.32,2,5,129.14,True,mobile,Semarang,True,2026-02-08 11:27:20.293181,2026-03-02 03:05:12.293181
187,597,163.81,1,5,156.13,True,mobile,Bandung,False,2026-02-15 14:32:58.293181,2026-03-02 03:05:12.293181
187,2607,28.9,2,5,121.42,True,mobile,Semarang,False,2026-02-21 07:01:37.293181,2026-03-02 03:05:12.293181
187,729,10.43,3,6,102.92,True,web,Surabaya,False,2026-02-22 08:58:41.293181,2026-03-02 03:05:12.293181
188,1863,82.92,1,1,82.92,True,mobile,Surabaya,False,2026-01-04 07:09:31.293181,2026-03-02 03:05:12.293181
188,1827,120.96,2,2,101.94,True,mobile,Jakarta,False,2026-01-04 10:31:56.293181,2026-03-02 03:05:12.293181
188,2947,8.21,1,3,70.7,False,mobile,Medan,False,2026-01-13 16:09:15.293181,2026-03-02 03:05:12.293181
188,4659,17.2,2,4,57.32,True,web,Medan,False,2026-01-18 17:24:34.293181,2026-03-02 03:05:12.293181
188,3270,79.8,1,5,61.82,True,mobile,Surabaya,False,2026-01-31 12:20:16.293181,2026-03-02 03:05:12.293181
188,3267,98.24,2,4,50.86,False,mobile,Medan,False,2026-02-04 22:50:19.293181,2026-03-02 03:05:12.293181
188,2966,138.08,1,4,83.33,False,web,Jakarta,False,2026-02-12 22:07:10.293181,2026-03-02 03:05:12.293181
188,4784,125.22,2,4,110.34,False,mobile,Surabaya,False,2026-02-19 18:56:02.293181,2026-03-02 03:05:12.293181
188,3301,55.79,2,5,99.43,False,mobile,Semarang,False,2026-02-26 14:55:54.293181,2026-03-02 03:05:12.293181
189,3042,98.41,1,1,98.41,False,mobile,Surabaya,False,2026-01-13 15:11:22.293181,2026-03-02 03:05:12.293181
189,1872,108.69,2,2,103.55,True,mobile,Semarang,False,2026-01-18 06:02:21.293181,2026-03-02 03:05:12.293181
189,2434,181.94,2,3,129.68,False,mobile,Semarang,False,2026-01-23 09:27:00.293181,2026-03-02 03:05:12.293181
189,2179,36.9,3,4,106.48,False,mobile,Medan,False,2026-01-23 20:55:51.293181,2026-03-02 03:05:12.293181
189,2864,26.75,4,5,90.54,True,web,Medan,False,2026-01-24 09:58:52.293181,2026-03-02 03:05:12.293181
189,1048,9.49,4,6,77.03,False,mobile,Medan,False,2026-01-27 12:18:38.293181,2026-03-02 03:05:12.293181
189,4902,49.25,2,7,73.06,True,mobile,Semarang,False,2026-02-01 09:40:03.293181,2026-03-02 03:05:12.293181
189,2630,117.38,2,8,78.6,True,mobile,Surabaya,False,2026-02-07 02:38:35.293181,2026-03-02 03:05:12.293181
189,2879,106.09,2,9,81.66,True,mobile,Surabaya,False,2026-02-08 13:13:50.293181,2026-03-02 03:05:12.293181
189,1956,8.84,3,9,71.7,False,mobile,Bandung,False,2026-02-13 01:57:07.293181,2026-03-02 03:05:12.293181
189,1201,297.44,3,10,94.28,True,mobile,Jakarta,False,2026-02-15 05:00:35.293181,2026-03-02 03:05:12.293181
189,3347,604.24,3,11,140.64,False,web,Medan,False,2026-02-16 06:48:48.293181,2026-03-02 03:05:12.293181
189,3685,21.22,4,11,132.69,False,mobile,Bandung,False,2026-02-18 02:14:42.293181,2026-03-02 03:05:12.293181
190,3195,32.37,1,1,32.37,False,mobile,Jakarta,False,2026-01-14 00:30:43.293181,2026-03-02 03:05:12.293181
190,2235,53.95,2,2,43.16,False,mobile,Medan,False,2026-01-14 05:39:07.293181,2026-03-02 03:05:12.293181
190,4044,29.83,1,3,38.72,False,mobile,Bandung,False,2026-01-22 23:25:38.293181,2026-03-02 03:05:12.293181
190,1946,38.51,1,4,38.66,True,mobile,Surabaya,True,2026-01-31 12:00:55.293181,2026-03-02 03:05:12.293181
190,3969,44.95,1,5,39.92,False,web,Medan,False,2026-02-11 19:35:26.293181,2026-03-02 03:05:12.293181
190,2958,282.74,1,4,99.01,False,mobile,Bandung,False,2026-02-20 20:05:58.293181,2026-03-02 03:05:12.293181
190,511,41.2,2,4,101.85,False,mobile,Jakarta,False,2026-02-24 02:49:09.293181,2026-03-02 03:05:12.293181
190,100,129.97,3,5,107.47,False,mobile,Bandung,False,2026-02-25 17:30:47.293181,2026-03-02 03:05:12.293181
190,589,29.52,4,6,94.48,False,mobile,Medan,False,2026-02-27 07:39:09.293181,2026-03-02 03:05:12.293181
190,1921,119.32,5,7,98.03,False,mobile,Bandung,False,2026-02-27 14:56:02.293181,2026-03-02 03:05:12.293181
190,1098,124.14,5,8,101.29,True,mobile,Surabaya,False,2026-02-28 19:43:10.293181,2026-03-02 03:05:12.293181
191,1882,166.53,1,1,166.53,False,mobile,Medan,False,2026-01-13 06:00:26.293181,2026-03-02 03:05:12.293181
191,2138,25.98,1,2,96.26,True,mobile,Jakarta,False,2026-01-31 08:32:22.293181,2026-03-02 03:05:12.293181
191,4982,153.42,2,3,115.31,False,web,Bandung,False,2026-02-04 20:23:55.293181,2026-03-02 03:05:12.293181
191,2656,55.6,1,3,78.33,False,mobile,Surabaya,False,2026-02-17 20:18:52.293181,2026-03-02 03:05:12.293181
191,2488,89.8,2,4,81.2,False,mobile,Jakarta,False,2026-02-19 10:21:53.293181,2026-03-02 03:05:12.293181
191,2959,5.91,1,5,66.14,True,web,Surabaya,False,2026-02-28 18:08:43.293181,2026-03-02 03:05:12.293181
192,1694,140.49,1,1,140.49,False,mobile,Jakarta,False,2026-01-01 02:47:00.293181,2026-03-02 03:05:12.293181
192,2123,125.21,2,2,132.85,False,mobile,Jakarta,False,2026-01-07 11:53:45.293181,2026-03-02 03:05:12.293181
192,2791,71.7,2,3,112.47,False,mobile,Jakarta,False,2026-01-13 15:43:37.293181,2026-03-02 03:05:12.293181
192,4559,16.93,2,4,88.58,False,web,Surabaya,False,2026-01-15 21:25:32.293181,2026-03-02 03:05:12.293181
192,296,35.65,3,5,78.0,False,web,Semarang,False,2026-01-16 04:44:32.293181,2026-03-02 03:05:12.293181
192,235,141.56,4,6,88.59,False,mobile,Medan,False,2026-01-19 07:56:33.293181,2026-03-02 03:05:12.293181
192,3296,335.56,1,7,123.87,False,mobile,Semarang,False,2026-01-29 09:55:13.293181,2026-03-02 03:05:12.293181
192,3696,27.83,2,7,107.78,True,web,Semarang,False,2026-01-31 09:02:37.293181,2026-03-02 03:05:12.293181
192,3797,72.47,3,8,103.36,True,mobile,Medan,False,2026-02-01 01:33:02.293181,2026-03-02 03:05:12.293181
192,2694,20.4,1,8,90.26,False,web,Jakarta,False,2026-02-11 07:48:15.293181,2026-03-02 03:05:12.293181
192,4125,138.39,2,9,95.61,False,mobile,Medan,False,2026-02-11 19:43:54.293181,2026-03-02 03:05:12.293181
192,4701,23.16,3,7,108.48,True,mobile,Bandung,False,2026-02-15 19:00:44.293181,2026-03-02 03:05:12.293181
192,2690,47.26,1,7,95.01,False,mobile,Semarang,False,2026-02-26 17:09:33.293181,2026-03-02 03:05:12.293181
192,4174,3.0,2,7,47.5,True,mobile,Jakarta,False,2026-02-28 13:11:59.293181,2026-03-02 03:05:12.293181
193,3805,111.52,1,1,111.52,False,mobile,Medan,False,2026-01-09 13:24:01.293181,2026-03-02 03:05:12.293181
193,2592,179.39,2,2,145.45,True,mobile,Jakarta,False,2026-01-11 21:47:37.293181,2026-03-02 03:05:12.293181
193,3422,40.99,3,3,110.63,False,mobile,Surabaya,False,2026-01-16 12:22:48.293181,2026-03-02 03:05:12.293181
193,1070,77.19,1,4,102.27,True,mobile,Surabaya,False,2026-01-24 05:31:12.293181,2026-03-02 03:05:12.293181
193,4451,65.45,2,5,94.91,True,web,Bandung,False,2026-01-24 09:37:44.293181,2026-03-02 03:05:12.293181
193,4887,80.51,3,6,92.51,False,mobile,Medan,False,2026-01-27 14:53:44.293181,2026-03-02 03:05:12.293181
193,2230,23.08,1,6,77.77,True,web,Semarang,False,2026-02-08 17:14:40.293181,2026-03-02 03:05:12.293181
193,3936,28.61,1,5,54.97,True,mobile,Bandung,False,2026-02-21 06:03:37.293181,2026-03-02 03:05:12.293181
193,2538,10.67,2,4,35.72,False,mobile,Medan,False,2026-02-25 00:10:04.293181,2026-03-02 03:05:12.293181
193,4304,16.26,3,4,19.66,True,mobile,Semarang,False,2026-02-28 04:00:42.293181,2026-03-02 03:05:12.293181
194,4195,90.41,1,1,90.41,False,mobile,Medan,False,2026-01-13 13:30:04.293181,2026-03-02 03:05:12.293181
194,4497,130.98,2,2,110.7,False,mobile,Bandung,False,2026-01-16 23:28:55.293181,2026-03-02 03:05:12.293181
194,3804,28.82,1,3,83.4,False,mobile,Bandung,False,2026-01-30 15:01:00.293181,2026-03-02 03:05:12.293181
194,3977,159.59,2,4,102.45,False,mobile,Semarang,True,2026-02-04 21:22:10.293181,2026-03-02 03:05:12.293181
194,69,64.13,1,4,95.88,False,web,Bandung,False,2026-02-13 00:02:35.293181,2026-03-02 03:05:12.293181
194,1584,558.63,1,3,260.78,False,mobile,Surabaya,False,2026-03-02 01:49:29.293181,2026-03-02 03:05:12.293181
195,4194,16.3,1,1,16.3,False,mobile,Medan,False,2025-12-31 12:43:05.293181,2026-03-02 03:05:12.293181
195,3835,133.87,2,2,75.09,True,web,Jakarta,False,2026-01-04 11:17:44.293181,2026-03-02 03:05:12.293181
195,3474,7.75,3,3,52.64,True,web,Medan,True,2026-01-04 22:21:05.293181,2026-03-02 03:05:12.293181
195,4377,36.06,3,4,48.5,False,web,Surabaya,False,2026-01-07 19:07:00.293181,2026-03-02 03:05:12.293181
195,1309,117.52,4,5,62.3,False,mobile,Jakarta,False,2026-01-08 17:49:42.293181,2026-03-02 03:05:12.293181
195,93,43.07,5,6,59.1,True,web,Surabaya,False,2026-01-10 17:38:52.293181,2026-03-02 03:05:12.293181
195,1654,349.6,5,7,100.6,True,mobile,Medan,False,2026-01-11 11:25:43.293181,2026-03-02 03:05:12.293181
195,1152,30.98,6,8,91.89,True,web,Jakarta,False,2026-01-11 12:35:29.293181,2026-03-02 03:05:12.293181
195,4310,81.74,6,9,90.77,False,web,Semarang,False,2026-01-13 04:46:59.293181,2026-03-02 03:05:12.293181
195,4414,37.1,5,10,85.4,False,mobile,Bandung,False,2026-01-16 09:31:18.293181,2026-03-02 03:05:12.293181
195,1004,25.01,1,11,79.91,True,mobile,Jakarta,False,2026-01-25 17:35:53.293181,2026-03-02 03:05:12.293181
195,54,13.53,2,12,74.38,False,mobile,Medan,False,2026-01-26 20:47:47.293181,2026-03-02 03:05:12.293181
195,4322,107.68,3,13,76.94,False,mobile,Jakarta,True,2026-01-29 23:54:57.293181,2026-03-02 03:05:12.293181
195,4023,12.6,2,13,76.65,False,mobile,Jakarta,False,2026-02-03 10:40:07.293181,2026-03-02 03:05:12.293181
195,2300,350.61,3,12,100.46,False,mobile,Medan,False,2026-02-05 00:32:04.293181,2026-03-02 03:05:12.293181
195,4066,13.92,3,13,93.8,False,mobile,Semarang,False,2026-02-06 18:24:07.293181,2026-03-02 03:05:12.293181
195,118,221.6,1,7,106.42,False,mobile,Bandung,False,2026-02-19 01:47:57.293181,2026-03-02 03:05:12.293181
195,407,116.55,2,8,107.69,False,mobile,Surabaya,False,2026-02-20 05:25:18.293181,2026-03-02 03:05:12.293181
195,939,74.09,3,9,103.95,False,web,Surabaya,False,2026-02-20 16:14:06.293181,2026-03-02 03:05:12.293181
195,3383,12.98,4,10,94.86,True,mobile,Medan,False,2026-02-22 19:44:10.293181,2026-03-02 03:05:12.293181
195,996,14.57,5,9,102.73,False,mobile,Medan,False,2026-02-26 00:20:30.293181,2026-03-02 03:05:12.293181
195,758,84.48,3,10,100.91,False,web,Bandung,False,2026-02-27 21:06:36.293181,2026-03-02 03:05:12.293181
196,3799,233.16,1,1,233.16,True,mobile,Bandung,False,2026-01-03 02:57:08.293181,2026-03-02 03:05:12.293181
196,187,61.51,2,2,147.34,False,mobile,Jakarta,False,2026-01-08 05:07:16.293181,2026-03-02 03:05:12.293181
196,2639,15.87,3,3,103.51,False,web,Bandung,False,2026-01-09 11:39:20.293181,2026-03-02 03:05:12.293181
196,3927,26.35,3,4,84.22,True,mobile,Jakarta,False,2026-01-10 06:58:00.293181,2026-03-02 03:05:12.293181
196,1605,34.6,4,5,74.3,False,mobile,Medan,False,2026-01-15 00:16:34.293181,2026-03-02 03:05:12.293181
196,1753,119.37,5,6,81.81,False,mobile,Bandung,False,2026-01-15 02:00:48.293181,2026-03-02 03:05:12.293181
196,651,23.58,3,7,73.49,True,mobile,Medan,True,2026-01-18 23:50:47.293181,2026-03-02 03:05:12.293181
196,1709,42.78,1,8,69.65,False,mobile,Jakarta,False,2026-01-26 02:18:16.293181,2026-03-02 03:05:12.293181
196,1878,34.23,1,2,38.5,False,web,Surabaya,False,2026-02-19 16:43:58.293181,2026-03-02 03:05:12.293181
196,2085,11.51,2,3,29.51,False,mobile,Surabaya,False,2026-02-24 19:09:50.293181,2026-03-02 03:05:12.293181
197,3211,19.03,1,1,19.03,True,web,Bandung,False,2026-01-03 05:06:49.293181,2026-03-02 03:05:12.293181
197,827,186.44,2,2,102.74,False,mobile,Semarang,False,2026-01-05 18:55:12.293181,2026-03-02 03:05:12.293181
197,1544,883.94,1,3,363.14,True,mobile,Medan,False,2026-01-25 11:56:33.293181,2026-03-02 03:05:12.293181
197,3647,352.05,2,4,360.36,False,mobile,Jakarta,False,2026-01-27 01:57:36.293181,2026-03-02 03:05:12.293181
197,1593,140.63,3,5,316.42,False,web,Semarang,False,2026-01-28 06:49:54.293181,2026-03-02 03:05:12.293181
197,2949,21.24,2,5,316.86,False,mobile,Medan,False,2026-02-03 15:29:06.293181,2026-03-02 03:05:12.293181
197,1748,4.24,2,5,280.42,False,web,Medan,False,2026-02-10 00:37:04.293181,2026-03-02 03:05:12.293181
197,4266,27.35,2,6,238.24,False,web,Semarang,False,2026-02-13 00:44:49.293181,2026-03-02 03:05:12.293181
197,4710,106.76,3,7,219.46,True,mobile,Bandung,False,2026-02-14 15:26:30.293181,2026-03-02 03:05:12.293181
197,4740,4.86,3,8,192.63,False,mobile,Semarang,False,2026-02-17 10:51:25.293181,2026-03-02 03:05:12.293181
197,2445,65.88,1,7,52.99,False,mobile,Semarang,False,2026-02-27 06:22:56.293181,2026-03-02 03:05:12.293181
197,912,66.6,2,7,42.42,False,mobile,Medan,False,2026-02-27 23:54:01.293181,2026-03-02 03:05:12.293181
198,3281,86.92,1,1,86.92,False,mobile,Medan,False,2026-01-09 02:30:30.293181,2026-03-02 03:05:12.293181
198,186,62.05,2,2,74.48,False,mobile,Jakarta,False,2026-01-09 16:00:38.293181,2026-03-02 03:05:12.293181
198,2872,36.59,3,3,61.85,True,web,Jakarta,False,2026-01-11 16:43:51.293181,2026-03-02 03:05:12.293181
198,1606,35.95,4,4,55.38,False,web,Jakarta,False,2026-01-14 15:15:54.293181,2026-03-02 03:05:12.293181
198,2692,64.69,2,5,57.24,False,web,Medan,False,2026-01-20 14:07:33.293181,2026-03-02 03:05:12.293181
198,2507,50.68,3,6,56.15,False,mobile,Bandung,False,2026-01-21 14:51:52.293181,2026-03-02 03:05:12.293181
198,709,32.46,1,7,52.76,False,web,Medan,False,2026-02-05 21:40:28.293181,2026-03-02 03:05:12.293181
198,4361,20.32,1,2,26.39,True,web,Semarang,False,2026-02-21 15:40:38.293181,2026-03-02 03:05:12.293181
199,1919,90.91,1,1,90.91,False,mobile,Bandung,False,2026-01-09 04:41:03.293181,2026-03-02 03:05:12.293181
199,2979,98.6,1,2,94.76,True,mobile,Jakarta,False,2026-01-18 03:09:02.293181,2026-03-02 03:05:12.293181
199,4705,300.08,2,3,163.2,False,web,Surabaya,False,2026-01-20 01:12:22.293181,2026-03-02 03:05:12.293181
199,4365,83.92,3,4,143.38,False,mobile,Bandung,False,2026-01-23 07:35:10.293181,2026-03-02 03:05:12.293181
199,2790,271.71,1,5,169.04,True,mobile,Surabaya,False,2026-01-31 05:13:38.293181,2026-03-02 03:05:12.293181
199,4673,8.22,2,6,142.24,False,mobile,Jakarta,False,2026-02-02 09:36:13.293181,2026-03-02 03:05:12.293181
199,3959,97.84,2,6,143.4,True,mobile,Semarang,False,2026-02-08 06:21:05.293181,2026-03-02 03:05:12.293181
199,2491,59.55,1,4,109.33,True,mobile,Jakarta,False,2026-02-28 10:31:36.293181,2026-03-02 03:05:12.293181
200,4261,12.33,1,1,12.33,False,mobile,Jakarta,False,2026-01-02 04:21:08.293181,2026-03-02 03:05:12.293181
200,409,17.86,2,2,15.1,True,mobile,Medan,False,2026-01-03 00:38:49.293181,2026-03-02 03:05:12.293181
200,2785,34.86,1,3,21.68,False,web,Surabaya,False,2026-01-15 16:35:28.293181,2026-03-02 03:05:12.293181
200,946,312.52,1,2,173.69,False,mobile,Jakarta,False,2026-02-04 07:31:47.293181,2026-03-02 03:05:12.293181
200,4642,33.61,2,3,127.0,False,mobile,Surabaya,False,2026-02-06 16:11:25.293181,2026-03-02 03:05:12.293181
200,966,109.72,3,4,122.68,True,mobile,Medan,False,2026-02-07 22:25:07.293181,2026-03-02 03:05:12.293181
200,4328,37.0,2,4,123.21,True,mobile,Medan,False,2026-02-14 18:13:35.293181,2026-03-02 03:05:12.293181
200,928,45.62,1,5,107.69,False,mobile,Bandung,False,2026-02-23 16:32:03.293181,2026-03-02 03:05:12.293181
201,4560,44.69,1,1,44.69,True,mobile,Jakarta,False,2026-01-18 22:29:09.293181,2026-03-02 03:05:12.293181
201,2530,33.58,1,2,39.14,False,mobile,Jakarta,False,2026-01-29 08:49:46.293181,2026-03-02 03:05:12.293181
201,4675,12.09,2,3,30.12,False,web,Semarang,False,2026-01-30 00:04:44.293181,2026-03-02 03:05:12.293181
202,3329,7.53,1,1,7.53,False,mobile,Medan,False,2026-01-02 05:09:54.293181,2026-03-02 03:05:12.293181
202,3295,191.66,1,2,99.6,False,mobile,Semarang,False,2026-01-13 10:52:31.293181,2026-03-02 03:05:12.293181
202,3819,24.4,2,3,74.53,False,mobile,Bandung,True,2026-01-14 20:44:29.293181,2026-03-02 03:05:12.293181
202,3239,137.18,1,4,90.19,False,mobile,Surabaya,False,2026-01-27 11:30:49.293181,2026-03-02 03:05:12.293181
202,4455,23.35,2,5,76.82,False,mobile,Bandung,False,2026-01-30 03:37:04.293181,2026-03-02 03:05:12.293181
202,982,5.97,3,5,76.51,False,web,Bandung,False,2026-02-02 17:00:48.293181,2026-03-02 03:05:12.293181
202,4879,32.8,1,4,49.82,False,mobile,Jakarta,False,2026-02-23 16:49:35.293181,2026-03-02 03:05:12.293181
203,149,128.51,1,1,128.51,False,web,Bandung,False,2025-12-31 14:53:21.293181,2026-03-02 03:05:12.293181
203,2688,48.35,2,2,88.43,True,web,Surabaya,False,2026-01-04 22:09:13.293181,2026-03-02 03:05:12.293181
203,4410,73.12,3,3,83.33,False,web,Medan,False,2026-01-06 16:00:57.293181,2026-03-02 03:05:12.293181
203,1866,7.87,3,4,64.46,False,mobile,Surabaya,False,2026-01-08 19:31:37.293181,2026-03-02 03:05:12.293181
203,1763,336.72,1,5,118.91,False,web,Medan,False,2026-01-21 17:22:14.293181,2026-03-02 03:05:12.293181
203,483,38.85,2,6,105.57,False,web,Medan,False,2026-01-23 07:00:48.293181,2026-03-02 03:05:12.293181
203,3765,47.3,1,6,92.04,True,mobile,Bandung,False,2026-02-01 20:19:03.293181,2026-03-02 03:05:12.293181
203,3476,47.66,2,7,85.7,False,mobile,Semarang,False,2026-02-02 00:14:39.293181,2026-03-02 03:05:12.293181
203,4988,133.69,3,7,97.89,False,mobile,Bandung,False,2026-02-04 13:14:04.293181,2026-03-02 03:05:12.293181
203,4633,30.84,1,6,105.84,False,mobile,Surabaya,False,2026-02-18 00:00:05.293181,2026-03-02 03:05:12.293181
203,2279,32.8,2,7,95.41,False,web,Bandung,False,2026-02-20 07:24:11.293181,2026-03-02 03:05:12.293181
203,2354,4.96,3,6,49.54,True,mobile,Surabaya,False,2026-02-22 08:59:11.293181,2026-03-02 03:05:12.293181
204,4290,45.0,1,1,45.0,False,web,Bandung,False,2026-01-09 23:26:22.293181,2026-03-02 03:05:12.293181
204,4172,13.92,2,2,29.46,False,web,Semarang,False,2026-01-12 21:24:41.293181,2026-03-02 03:05:12.293181
204,1645,35.33,3,3,31.42,False,web,Medan,False,2026-01-12 22:10:35.293181,2026-03-02 03:05:12.293181
204,4438,25.52,4,4,29.94,False,mobile,Semarang,False,2026-01-13 13:25:12.293181,2026-03-02 03:05:12.293181
204,4925,48.3,4,5,33.61,False,mobile,Medan,False,2026-01-16 23:54:36.293181,2026-03-02 03:05:12.293181
204,4016,212.47,5,6,63.42,False,mobile,Medan,False,2026-01-19 00:39:24.293181,2026-03-02 03:05:12.293181
204,1962,69.96,3,7,64.36,False,mobile,Semarang,False,2026-01-22 22:49:57.293181,2026-03-02 03:05:12.293181
204,1858,23.75,4,8,59.28,False,mobile,Jakarta,False,2026-01-23 09:46:00.293181,2026-03-02 03:05:12.293181
204,2844,40.55,3,9,57.2,False,mobile,Semarang,False,2026-01-29 08:42:28.293181,2026-03-02 03:05:12.293181
204,3573,56.88,1,9,58.52,False,web,Semarang,False,2026-02-09 20:28:48.293181,2026-03-02 03:05:12.293181
204,4251,45.77,1,6,74.9,False,web,Semarang,False,2026-02-17 09:22:30.293181,2026-03-02 03:05:12.293181
204,1071,136.28,2,6,62.2,False,mobile,Semarang,False,2026-02-19 22:10:54.293181,2026-03-02 03:05:12.293181
204,2311,295.68,2,5,115.03,False,mobile,Bandung,False,2026-02-24 10:21:07.293181,2026-03-02 03:05:12.293181
204,3052,381.0,3,6,159.36,False,web,Semarang,False,2026-02-24 23:03:06.293181,2026-03-02 03:05:12.293181
204,2967,175.86,3,6,181.91,True,mobile,Jakarta,False,2026-02-28 17:40:44.293181,2026-03-02 03:05:12.293181
205,3192,113.21,1,1,113.21,False,mobile,Surabaya,False,2026-01-09 03:39:09.293181,2026-03-02 03:05:12.293181
205,2114,30.27,1,2,71.74,False,mobile,Semarang,False,2026-01-16 05:35:59.293181,2026-03-02 03:05:12.293181
205,682,13.35,2,3,52.28,False,mobile,Surabaya,False,2026-01-19 21:00:52.293181,2026-03-02 03:05:12.293181
205,829,6.14,2,4,40.74,True,mobile,Bandung,False,2026-01-25 12:55:40.293181,2026-03-02 03:05:12.293181
205,2867,81.32,2,5,48.86,False,web,Jakarta,False,2026-01-29 01:03:27.293181,2026-03-02 03:05:12.293181
205,293,64.97,3,6,51.54,False,mobile,Jakarta,False,2026-01-29 03:27:03.293181,2026-03-02 03:05:12.293181
205,167,31.54,3,7,48.69,False,mobile,Jakarta,False,2026-02-02 22:19:40.293181,2026-03-02 03:05:12.293181
205,4538,147.15,1,6,57.41,True,mobile,Medan,False,2026-02-15 13:18:04.293181,2026-03-02 03:05:12.293181
205,671,141.8,2,6,78.82,False,mobile,Surabaya,False,2026-02-19 15:07:14.293181,2026-03-02 03:05:12.293181
206,3636,141.19,1,1,141.19,False,web,Jakarta,False,2026-01-02 22:13:05.293181,2026-03-02 03:05:12.293181
206,3272,53.48,1,2,97.34,False,web,Medan,False,2026-01-13 05:10:22.293181,2026-03-02 03:05:12.293181
206,1460,77.11,1,3,90.59,False,mobile,Jakarta,False,2026-01-20 16:12:26.293181,2026-03-02 03:05:12.293181
206,4503,23.07,2,4,73.71,True,mobile,Bandung,False,2026-01-25 19:13:16.293181,2026-03-02 03:05:12.293181
206,2351,48.59,2,5,68.69,True,mobile,Semarang,True,2026-01-31 04:49:58.293181,2026-03-02 03:05:12.293181
206,3874,92.06,3,6,72.58,True,web,Bandung,False,2026-02-01 18:33:11.293181,2026-03-02 03:05:12.293181
206,2062,21.54,3,6,52.64,False,web,Surabaya,False,2026-02-03 18:24:02.293181,2026-03-02 03:05:12.293181
206,3307,183.87,1,7,71.39,False,mobile,Medan,False,2026-02-12 01:44:21.293181,2026-03-02 03:05:12.293181
206,1283,67.46,2,7,73.39,False,mobile,Surabaya,False,2026-02-16 11:49:41.293181,2026-03-02 03:05:12.293181
206,136,18.8,3,8,66.56,False,mobile,Bandung,False,2026-02-17 16:28:13.293181,2026-03-02 03:05:12.293181
206,2219,23.4,3,8,59.85,False,mobile,Medan,False,2026-02-20 07:46:26.293181,2026-03-02 03:05:12.293181
206,403,34.5,4,9,57.03,True,mobile,Jakarta,False,2026-02-22 01:31:59.293181,2026-03-02 03:05:12.293181
207,1394,277.81,1,1,277.81,False,mobile,Jakarta,False,2025-12-31 09:43:02.293181,2026-03-02 03:05:12.293181
207,4895,228.71,2,2,253.26,False,web,Medan,False,2026-01-01 17:25:26.293181,2026-03-02 03:05:12.293181
207,458,55.05,1,3,187.19,False,mobile,Semarang,False,2026-01-12 08:16:54.293181,2026-03-02 03:05:12.293181
207,3269,145.39,1,4,176.74,False,mobile,Jakarta,False,2026-01-19 09:42:55.293181,2026-03-02 03:05:12.293181
207,749,6.02,1,3,68.82,False,mobile,Medan,False,2026-02-06 10:36:38.293181,2026-03-02 03:05:12.293181
207,360,77.9,2,4,71.09,True,mobile,Semarang,False,2026-02-07 02:56:52.293181,2026-03-02 03:05:12.293181
207,1473,112.4,1,3,65.44,False,mobile,Bandung,False,2026-02-20 13:33:53.293181,2026-03-02 03:05:12.293181
208,4193,109.92,1,1,109.92,False,mobile,Medan,False,2026-01-01 11:56:50.293181,2026-03-02 03:05:12.293181
208,1195,37.54,2,2,73.73,False,mobile,Jakarta,False,2026-01-02 23:48:14.293181,2026-03-02 03:05:12.293181
208,2331,43.5,3,3,63.65,False,mobile,Bandung,False,2026-01-07 10:43:41.293181,2026-03-02 03:05:12.293181
208,766,100.17,3,4,72.78,False,web,Medan,False,2026-01-08 20:08:53.293181,2026-03-02 03:05:12.293181
208,3169,344.64,3,5,127.15,True,web,Medan,False,2026-01-11 06:18:18.293181,2026-03-02 03:05:12.293181
208,3630,150.01,4,6,130.96,False,mobile,Semarang,False,2026-01-12 10:36:14.293181,2026-03-02 03:05:12.293181
208,4176,379.02,5,7,166.4,False,web,Semarang,False,2026-01-12 16:09:21.293181,2026-03-02 03:05:12.293181
208,2325,21.32,6,8,148.26,False,mobile,Surabaya,False,2026-01-14 05:29:54.293181,2026-03-02 03:05:12.293181
208,2926,47.03,1,9,137.02,False,mobile,Medan,False,2026-01-28 16:10:03.293181,2026-03-02 03:05:12.293181
208,4626,42.19,2,9,129.49,True,web,Bandung,False,2026-01-31 15:07:29.293181,2026-03-02 03:05:12.293181
208,3670,82.34,2,9,134.47,False,mobile,Semarang,False,2026-02-04 23:02:51.293181,2026-03-02 03:05:12.293181
208,971,196.48,2,8,157.88,False,mobile,Semarang,False,2026-02-09 09:23:50.293181,2026-03-02 03:05:12.293181
209,1940,222.2,1,1,222.2,True,web,Medan,False,2026-01-10 01:47:32.293181,2026-03-02 03:05:12.293181
209,398,294.25,1,2,258.23,True,web,Surabaya,False,2026-01-17 04:30:12.293181,2026-03-02 03:05:12.293181
209,4349,32.04,2,3,182.83,False,mobile,Medan,False,2026-01-19 03:42:31.293181,2026-03-02 03:05:12.293181
209,3534,219.23,3,4,191.93,False,web,Semarang,False,2026-01-19 23:51:49.293181,2026-03-02 03:05:12.293181
209,342,77.56,3,5,169.06,True,mobile,Bandung,False,2026-01-25 23:41:49.293181,2026-03-02 03:05:12.293181
209,919,49.13,2,6,149.07,True,mobile,Bandung,False,2026-02-01 04:08:29.293181,2026-03-02 03:05:12.293181
209,616,154.6,2,7,149.86,False,web,Semarang,False,2026-02-06 03:24:05.293181,2026-03-02 03:05:12.293181
209,1179,24.46,1,6,92.84,False,mobile,Semarang,False,2026-02-17 03:10:13.293181,2026-03-02 03:05:12.293181
209,1517,111.76,2,7,95.54,False,web,Surabaya,False,2026-02-17 08:00:22.293181,2026-03-02 03:05:12.293181
210,3787,11.68,1,1,11.68,True,web,Jakarta,False,2026-01-11 00:35:47.293181,2026-03-02 03:05:12.293181
210,1340,51.1,1,2,31.39,False,mobile,Medan,False,2026-01-22 03:36:58.293181,2026-03-02 03:05:12.293181
210,747,108.48,2,3,57.09,False,mobile,Bandung,False,2026-01-22 09:51:38.293181,2026-03-02 03:05:12.293181
210,1905,130.54,3,4,75.45,True,mobile,Medan,True,2026-01-24 04:23:43.293181,2026-03-02 03:05:12.293181
210,4746,219.82,4,5,104.32,False,mobile,Semarang,False,2026-01-26 21:29:30.293181,2026-03-02 03:05:12.293181
210,2492,32.59,2,6,92.37,True,mobile,Surabaya,False,2026-01-31 22:02:23.293181,2026-03-02 03:05:12.293181
210,1632,398.77,3,7,136.14,True,mobile,Jakarta,False,2026-02-01 05:25:07.293181,2026-03-02 03:05:12.293181
210,3059,209.98,4,8,145.37,True,mobile,Surabaya,False,2026-02-01 09:40:12.293181,2026-03-02 03:05:12.293181
210,3933,11.19,1,8,145.31,False,mobile,Medan,False,2026-02-16 11:06:54.293181,2026-03-02 03:05:12.293181
210,4484,12.13,2,9,130.51,False,mobile,Medan,False,2026-02-19 11:41:02.293181,2026-03-02 03:05:12.293181
210,1446,21.25,3,8,129.53,True,mobile,Bandung,False,2026-02-22 18:01:21.293181,2026-03-02 03:05:12.293181
211,1454,88.95,1,1,88.95,False,mobile,Surabaya,False,2026-01-01 15:19:28.293181,2026-03-02 03:05:12.293181
211,2606,11.76,2,2,50.36,True,web,Jakarta,False,2026-01-04 01:37:39.293181,2026-03-02 03:05:12.293181
211,3402,107.11,1,3,69.27,False,mobile,Semarang,False,2026-01-12 02:43:29.293181,2026-03-02 03:05:12.293181
211,3057,284.79,2,4,123.15,True,mobile,Bandung,False,2026-01-17 12:08:52.293181,2026-03-02 03:05:12.293181
211,639,46.01,1,5,107.72,False,mobile,Jakarta,False,2026-01-29 19:51:15.293181,2026-03-02 03:05:12.293181
211,4860,70.08,2,6,101.45,False,mobile,Surabaya,False,2026-01-30 21:27:40.293181,2026-03-02 03:05:12.293181
211,1597,124.94,1,5,126.59,True,mobile,Semarang,False,2026-02-07 21:24:11.293181,2026-03-02 03:05:12.293181
211,4140,40.94,1,5,113.35,False,mobile,Medan,False,2026-02-16 07:27:04.293181,2026-03-02 03:05:12.293181
211,350,72.96,1,5,70.99,False,mobile,Surabaya,False,2026-02-23 15:01:55.293181,2026-03-02 03:05:12.293181
211,2150,15.55,2,6,61.75,True,mobile,Semarang,False,2026-02-28 01:42:29.293181,2026-03-02 03:05:12.293181
211,1699,195.52,3,7,80.86,True,mobile,Semarang,False,2026-02-28 16:26:15.293181,2026-03-02 03:05:12.293181
212,2110,22.55,1,1,22.55,False,mobile,Bandung,False,2026-01-08 14:00:26.293181,2026-03-02 03:05:12.293181
212,3399,156.9,2,2,89.72,True,mobile,Semarang,False,2026-01-10 13:54:54.293181,2026-03-02 03:05:12.293181
212,1482,19.36,3,3,66.27,True,mobile,Semarang,False,2026-01-10 23:10:36.293181,2026-03-02 03:05:12.293181
212,3953,160.58,1,4,89.85,True,web,Semarang,False,2026-01-24 12:51:18.293181,2026-03-02 03:05:12.293181
212,4113,20.5,2,5,75.98,False,mobile,Semarang,False,2026-01-28 03:45:49.293181,2026-03-02 03:05:12.293181
212,3521,151.3,3,6,88.53,False,mobile,Semarang,False,2026-01-30 05:02:01.293181,2026-03-02 03:05:12.293181
212,631,32.81,3,7,80.57,False,mobile,Semarang,False,2026-02-03 23:24:37.293181,2026-03-02 03:05:12.293181
212,4364,15.08,1,5,76.05,False,mobile,Jakarta,False,2026-02-11 00:50:01.293181,2026-03-02 03:05:12.293181
212,4046,8.85,1,6,64.85,True,mobile,Jakarta,False,2026-02-22 07:37:14.293181,2026-03-02 03:05:12.293181
212,3905,60.12,2,5,53.63,False,web,Bandung,False,2026-02-27 07:12:24.293181,2026-03-02 03:05:12.293181
213,4573,64.35,1,1,64.35,False,mobile,Medan,False,2026-01-06 23:55:17.293181,2026-03-02 03:05:12.293181
213,2260,20.97,1,2,42.66,False,web,Bandung,False,2026-01-16 20:22:41.293181,2026-03-02 03:05:12.293181
213,1558,15.41,2,3,33.58,False,mobile,Jakarta,False,2026-01-20 20:34:24.293181,2026-03-02 03:05:12.293181
213,1934,13.53,3,4,28.56,False,mobile,Medan,False,2026-01-22 02:01:36.293181,2026-03-02 03:05:12.293181
213,4749,28.03,3,5,28.46,True,web,Bandung,False,2026-01-25 17:53:33.293181,2026-03-02 03:05:12.293181
213,923,35.66,4,6,29.66,False,web,Medan,False,2026-01-27 02:52:19.293181,2026-03-02 03:05:12.293181
213,3754,57.86,3,7,33.69,True,mobile,Semarang,False,2026-01-31 08:15:20.293181,2026-03-02 03:05:12.293181
213,918,37.63,2,8,34.18,False,web,Bandung,False,2026-02-03 12:57:32.293181,2026-03-02 03:05:12.293181
213,2115,32.05,3,9,33.94,False,mobile,Medan,False,2026-02-04 04:19:24.293181,2026-03-02 03:05:12.293181
213,3177,32.71,4,10,33.82,False,web,Bandung,True,2026-02-04 13:29:09.293181,2026-03-02 03:05:12.293181
213,3697,22.12,5,10,29.6,False,web,Medan,False,2026-02-06 08:15:15.293181,2026-03-02 03:05:12.293181
213,1536,15.08,1,11,28.28,True,mobile,Surabaya,False,2026-02-14 01:17:59.293181,2026-03-02 03:05:12.293181
213,4886,119.47,2,11,37.23,False,mobile,Jakarta,False,2026-02-18 11:28:51.293181,2026-03-02 03:05:12.293181
213,820,68.48,3,11,42.06,True,mobile,Bandung,False,2026-02-21 00:49:42.293181,2026-03-02 03:05:12.293181
213,1819,23.35,3,11,42.95,True,mobile,Surabaya,False,2026-02-22 20:32:30.293181,2026-03-02 03:05:12.293181
213,2686,217.6,3,10,62.64,False,web,Surabaya,False,2026-02-26 21:45:58.293181,2026-03-02 03:05:12.293181
214,3955,141.03,1,1,141.03,False,mobile,Medan,False,2025-12-31 12:51:51.293181,2026-03-02 03:05:12.293181
214,2768,133.43,2,2,137.23,True,web,Bandung,False,2026-01-03 07:31:50.293181,2026-03-02 03:05:12.293181
214,2328,19.68,2,3,98.05,True,web,Medan,False,2026-01-10 07:24:21.293181,2026-03-02 03:05:12.293181
214,3152,17.72,2,4,77.96,False,web,Jakarta,False,2026-01-15 10:04:44.293181,2026-03-02 03:05:12.293181
214,3565,12.79,1,5,64.93,False,mobile,Surabaya,False,2026-01-26 20:57:52.293181,2026-03-02 03:05:12.293181
214,1301,57.43,2,6,63.68,False,web,Medan,False,2026-01-27 07:38:42.293181,2026-03-02 03:05:12.293181
214,3932,73.01,3,5,36.13,False,web,Medan,False,2026-02-02 11:52:45.293181,2026-03-02 03:05:12.293181
214,4060,114.94,2,6,49.26,False,mobile,Bandung,False,2026-02-05 15:51:40.293181,2026-03-02 03:05:12.293181
214,3351,253.12,1,5,102.26,False,mobile,Medan,False,2026-02-18 08:45:21.293181,2026-03-02 03:05:12.293181
215,951,251.2,1,1,251.2,True,mobile,Bandung,False,2026-01-03 03:34:09.293181,2026-03-02 03:05:12.293181
215,3397,22.52,2,2,136.86,True,mobile,Bandung,False,2026-01-03 10:23:03.293181,2026-03-02 03:05:12.293181
215,3852,57.51,3,3,110.41,False,mobile,Medan,False,2026-01-05 22:28:57.293181,2026-03-02 03:05:12.293181
215,3214,34.08,4,4,91.33,False,web,Bandung,False,2026-01-07 13:42:29.293181,2026-03-02 03:05:12.293181
215,469,72.95,5,5,87.65,False,web,Medan,False,2026-01-08 00:59:19.293181,2026-03-02 03:05:12.293181
215,4510,14.62,1,6,75.48,False,mobile,Jakarta,False,2026-01-19 21:08:26.293181,2026-03-02 03:05:12.293181
215,2642,160.64,2,7,87.65,False,web,Semarang,False,2026-01-22 23:57:10.293181,2026-03-02 03:05:12.293181
215,1928,45.23,1,3,73.5,False,mobile,Semarang,False,2026-02-10 16:09:14.293181,2026-03-02 03:05:12.293181
215,4706,25.52,2,4,61.5,False,web,Surabaya,False,2026-02-10 23:04:47.293181,2026-03-02 03:05:12.293181
215,2231,98.42,3,5,68.89,False,mobile,Bandung,False,2026-02-12 23:30:31.293181,2026-03-02 03:05:12.293181
215,32,123.86,4,6,78.05,True,web,Surabaya,False,2026-02-14 17:00:10.293181,2026-03-02 03:05:12.293181
215,2742,26.82,1,5,63.97,False,mobile,Surabaya,False,2026-02-24 01:53:34.293181,2026-03-02 03:05:12.293181
216,755,91.85,1,1,91.85,False,web,Surabaya,False,2026-01-09 16:27:22.293181,2026-03-02 03:05:12.293181
216,4389,40.74,2,2,66.3,False,mobile,Bandung,False,2026-01-15 13:22:17.293181,2026-03-02 03:05:12.293181
216,2030,321.12,2,3,151.24,False,web,Semarang,False,2026-01-21 14:08:20.293181,2026-03-02 03:05:12.293181
216,1105,44.03,2,4,124.44,False,web,Bandung,False,2026-01-23 01:39:56.293181,2026-03-02 03:05:12.293181
216,927,86.21,1,5,116.79,True,mobile,Surabaya,False,2026-02-07 08:46:45.293181,2026-03-02 03:05:12.293181
216,1009,85.2,1,4,134.14,True,web,Medan,True,2026-02-15 05:37:12.293181,2026-03-02 03:05:12.293181
216,3796,38.18,2,5,114.95,False,mobile,Medan,False,2026-02-19 23:16:10.293181,2026-03-02 03:05:12.293181
217,4711,32.06,1,1,32.06,True,mobile,Semarang,False,2026-01-04 01:21:19.293181,2026-03-02 03:05:12.293181
217,2156,110.06,2,2,71.06,False,mobile,Semarang,False,2026-01-06 16:54:48.293181,2026-03-02 03:05:12.293181
217,416,60.9,3,3,67.67,True,mobile,Bandung,False,2026-01-10 04:24:07.293181,2026-03-02 03:05:12.293181
217,3774,309.04,3,4,128.02,True,mobile,Medan,True,2026-01-11 21:47:05.293181,2026-03-02 03:05:12.293181
217,282,32.83,3,5,108.98,False,mobile,Surabaya,False,2026-01-15 21:55:46.293181,2026-03-02 03:05:12.293181
217,2733,54.71,4,6,99.93,False,mobile,Jakarta,False,2026-01-16 18:50:15.293181,2026-03-02 03:05:12.293181
217,17,188.25,3,7,112.55,False,web,Semarang,False,2026-01-19 21:53:08.293181,2026-03-02 03:05:12.293181
217,4495,248.88,4,8,129.59,False,mobile,Bandung,False,2026-01-22 07:29:28.293181,2026-03-02 03:05:12.293181
217,561,76.37,4,9,123.68,False,mobile,Jakarta,False,2026-01-23 05:57:30.293181,2026-03-02 03:05:12.293181
217,183,76.71,1,10,118.98,True,mobile,Semarang,False,2026-01-31 17:26:17.293181,2026-03-02 03:05:12.293181
217,349,120.96,1,4,130.73,False,mobile,Semarang,False,2026-02-20 01:08:13.293181,2026-03-02 03:05:12.293181
217,372,134.72,2,3,110.8,False,mobile,Semarang,False,2026-02-24 03:43:02.293181,2026-03-02 03:05:12.293181
217,44,110.5,3,4,110.72,False,mobile,Semarang,False,2026-02-26 18:22:22.293181,2026-03-02 03:05:12.293181
217,2555,116.66,3,5,111.91,True,web,Surabaya,False,2026-02-28 18:37:41.293181,2026-03-02 03:05:12.293181
218,3833,18.36,1,1,18.36,False,mobile,Surabaya,False,2025-12-31 07:54:07.293181,2026-03-02 03:05:12.293181
218,2887,43.29,2,2,30.82,True,mobile,Medan,False,2026-01-03 00:42:07.293181,2026-03-02 03:05:12.293181
218,842,9.6,1,3,23.75,False,mobile,Medan,False,2026-01-15 03:30:26.293181,2026-03-02 03:05:12.293181
218,1741,64.16,1,4,33.85,False,mobile,Medan,False,2026-01-26 19:43:15.293181,2026-03-02 03:05:12.293181
218,1206,161.1,1,3,78.29,False,mobile,Medan,False,2026-02-03 08:39:19.293181,2026-03-02 03:05:12.293181
218,2256,68.57,1,3,97.94,True,mobile,Semarang,False,2026-02-21 13:23:55.293181,2026-03-02 03:05:12.293181
218,1367,84.24,1,3,104.64,True,mobile,Semarang,False,2026-03-01 01:48:25.293181,2026-03-02 03:05:12.293181
218,4794,28.18,2,4,85.52,True,mobile,Medan,False,2026-03-01 03:28:13.293181,2026-03-02 03:05:12.293181
219,4621,42.92,1,1,42.92,False,mobile,Semarang,False,2026-01-01 10:13:39.293181,2026-03-02 03:05:12.293181
219,3918,492.9,1,2,267.91,False,mobile,Surabaya,False,2026-01-12 03:13:40.293181,2026-03-02 03:05:12.293181
219,874,80.45,2,3,205.42,True,mobile,Medan,False,2026-01-18 15:00:12.293181,2026-03-02 03:05:12.293181
219,3632,105.54,3,4,180.45,True,web,Jakarta,False,2026-01-18 15:22:35.293181,2026-03-02 03:05:12.293181
219,2063,38.37,3,5,152.04,False,mobile,Surabaya,False,2026-01-21 18:12:51.293181,2026-03-02 03:05:12.293181
219,2905,54.71,2,6,135.82,False,web,Surabaya,False,2026-01-28 14:43:28.293181,2026-03-02 03:05:12.293181
219,576,105.95,2,7,131.55,False,mobile,Semarang,False,2026-01-29 14:58:34.293181,2026-03-02 03:05:12.293181
219,2119,494.46,1,6,146.58,False,mobile,Surabaya,False,2026-02-16 20:46:23.293181,2026-03-02 03:05:12.293181
220,4964,27.0,1,1,27.0,True,web,Surabaya,False,2026-01-04 03:41:45.293181,2026-03-02 03:05:12.293181
220,4928,46.52,2,2,36.76,False,web,Medan,False,2026-01-07 02:27:44.293181,2026-03-02 03:05:12.293181
220,164,31.02,1,3,34.85,False,web,Semarang,False,2026-01-20 12:43:44.293181,2026-03-02 03:05:12.293181
220,4995,105.61,2,4,52.54,False,web,Medan,False,2026-01-22 14:52:22.293181,2026-03-02 03:05:12.293181
220,2762,25.1,3,5,47.05,True,mobile,Jakarta,False,2026-01-25 00:35:55.293181,2026-03-02 03:05:12.293181
220,4641,97.37,2,6,55.44,False,web,Jakarta,False,2026-01-30 12:41:32.293181,2026-03-02 03:05:12.293181
220,1096,18.16,2,6,53.96,False,web,Medan,False,2026-02-05 13:03:09.293181,2026-03-02 03:05:12.293181
220,1316,66.37,2,6,57.27,True,mobile,Bandung,False,2026-02-08 02:21:53.293181,2026-03-02 03:05:12.293181
220,4826,24.69,1,7,52.62,False,mobile,Bandung,False,2026-02-17 06:20:46.293181,2026-03-02 03:05:12.293181
220,2323,25.03,2,6,42.79,True,mobile,Semarang,False,2026-02-22 01:47:13.293181,2026-03-02 03:05:12.293181
220,989,42.95,3,7,42.81,False,mobile,Jakarta,False,2026-02-23 20:41:14.293181,2026-03-02 03:05:12.293181
220,2186,100.47,3,7,53.58,False,web,Bandung,False,2026-02-25 16:58:14.293181,2026-03-02 03:05:12.293181
221,4344,45.07,1,1,45.07,False,mobile,Surabaya,False,2026-01-01 06:06:59.293181,2026-03-02 03:05:12.293181
221,593,79.04,1,2,62.06,False,mobile,Jakarta,False,2026-01-12 07:45:09.293181,2026-03-02 03:05:12.293181
221,730,14.39,2,3,46.17,False,web,Surabaya,False,2026-01-13 03:17:54.293181,2026-03-02 03:05:12.293181
221,4420,33.58,3,4,43.02,False,mobile,Bandung,False,2026-01-14 06:07:37.293181,2026-03-02 03:05:12.293181
221,773,571.87,1,5,148.79,False,web,Medan,False,2026-01-23 08:43:46.293181,2026-03-02 03:05:12.293181
221,2297,26.16,2,6,128.35,True,mobile,Jakarta,False,2026-01-25 02:57:07.293181,2026-03-02 03:05:12.293181
221,4153,29.1,3,7,114.17,True,mobile,Jakarta,False,2026-01-25 19:38:45.293181,2026-03-02 03:05:12.293181
221,2092,252.17,2,7,143.76,True,web,Surabaya,False,2026-02-01 07:44:40.293181,2026-03-02 03:05:12.293181
221,2267,112.16,1,5,198.29,False,mobile,Surabaya,False,2026-02-13 21:11:23.293181,2026-03-02 03:05:12.293181
221,3262,53.43,2,6,174.15,False,mobile,Semarang,False,2026-02-16 20:20:53.293181,2026-03-02 03:05:12.293181
221,347,32.14,3,7,153.86,False,mobile,Medan,False,2026-02-19 04:58:30.293181,2026-03-02 03:05:12.293181
221,2889,23.68,3,7,75.55,True,mobile,Bandung,False,2026-02-22 14:47:43.293181,2026-03-02 03:05:12.293181
221,4544,18.35,4,8,68.4,False,mobile,Bandung,False,2026-02-23 07:49:41.293181,2026-03-02 03:05:12.293181
221,1695,16.29,4,7,72.6,False,mobile,Jakarta,False,2026-02-25 12:56:12.293181,2026-03-02 03:05:12.293181
221,2106,23.75,4,8,66.5,False,mobile,Jakarta,False,2026-02-26 13:38:38.293181,2026-03-02 03:05:12.293181
222,2134,14.09,1,1,14.09,False,mobile,Bandung,False,2026-01-05 10:29:00.293181,2026-03-02 03:05:12.293181
222,1405,55.65,1,2,34.87,False,mobile,Surabaya,False,2026-01-15 03:34:01.293181,2026-03-02 03:05:12.293181
222,1109,69.42,2,3,46.39,True,mobile,Semarang,False,2026-01-18 22:20:30.293181,2026-03-02 03:05:12.293181
222,4632,153.8,1,4,73.24,False,mobile,Bandung,False,2026-02-02 09:10:19.293181,2026-03-02 03:05:12.293181
222,4305,160.6,2,4,109.87,True,mobile,Medan,False,2026-02-07 01:25:15.293181,2026-03-02 03:05:12.293181
222,3084,121.65,1,3,145.35,False,mobile,Surabaya,False,2026-02-23 02:34:22.293181,2026-03-02 03:05:12.293181
223,1118,25.67,1,1,25.67,False,mobile,Jakarta,False,2025-12-31 09:32:00.293181,2026-03-02 03:05:12.293181
223,210,113.45,2,2,69.56,True,web,Semarang,False,2026-01-03 00:21:24.293181,2026-03-02 03:05:12.293181
223,4387,59.31,2,3,66.14,False,mobile,Bandung,False,2026-01-07 19:14:00.293181,2026-03-02 03:05:12.293181
223,700,13.57,2,4,53.0,True,web,Jakarta,False,2026-01-11 06:05:30.293181,2026-03-02 03:05:12.293181
223,2917,68.33,2,5,56.07,False,mobile,Surabaya,False,2026-01-15 06:02:08.293181,2026-03-02 03:05:12.293181
223,1675,18.48,3,6,49.8,False,mobile,Semarang,False,2026-01-16 23:02:07.293181,2026-03-02 03:05:12.293181
223,4206,167.72,3,7,66.65,False,mobile,Semarang,False,2026-01-20 13:40:54.293181,2026-03-02 03:05:12.293181
224,716,19.1,1,1,19.1,False,web,Semarang,False,2026-01-05 21:03:53.293181,2026-03-02 03:05:12.293181
224,1438,385.38,2,2,202.24,False,mobile,Surabaya,False,2026-01-07 21:46:04.293181,2026-03-02 03:05:12.293181
224,2675,107.05,1,3,170.51,False,mobile,Semarang,False,2026-01-30 00:39:27.293181,2026-03-02 03:05:12.293181
224,2865,6.18,2,4,129.43,False,mobile,Semarang,False,2026-01-30 06:36:57.293181,2026-03-02 03:05:12.293181
224,4280,36.07,3,5,110.76,False,mobile,Bandung,False,2026-01-30 14:48:57.293181,2026-03-02 03:05:12.293181
224,963,480.62,1,4,157.48,False,mobile,Semarang,False,2026-02-13 23:30:41.293181,2026-03-02 03:05:12.293181
224,1132,38.01,1,5,133.59,True,mobile,Jakarta,False,2026-02-22 08:09:46.293181,2026-03-02 03:05:12.293181
224,705,266.31,2,6,155.71,False,mobile,Medan,False,2026-02-23 11:19:38.293181,2026-03-02 03:05:12.293181
224,2349,150.07,3,7,154.9,False,mobile,Medan,False,2026-02-26 15:53:49.293181,2026-03-02 03:05:12.293181
224,2315,200.79,4,8,160.64,False,mobile,Jakarta,False,2026-02-27 13:05:59.293181,2026-03-02 03:05:12.293181
224,2345,12.51,5,9,144.18,False,mobile,Bandung,False,2026-02-27 18:15:04.293181,2026-03-02 03:05:12.293181
225,4810,79.4,1,1,79.4,False,web,Jakarta,False,2025-12-31 03:16:54.293181,2026-03-02 03:05:12.293181
225,2482,62.69,2,2,71.04,False,web,Medan,False,2025-12-31 19:08:58.293181,2026-03-02 03:05:12.293181
225,1500,64.0,3,3,68.7,False,mobile,Jakarta,False,2026-01-02 06:53:50.293181,2026-03-02 03:05:12.293181
225,4593,96.92,4,4,75.75,True,web,Bandung,True,2026-01-03 02:49:17.293181,2026-03-02 03:05:12.293181
225,2940,6.27,5,5,61.86,False,web,Bandung,False,2026-01-06 11:17:43.293181,2026-03-02 03:05:12.293181
225,297,125.37,2,6,72.44,True,web,Semarang,False,2026-01-10 14:05:43.293181,2026-03-02 03:05:12.293181
225,2481,884.42,2,7,188.44,False,mobile,Medan,True,2026-01-16 12:16:56.293181,2026-03-02 03:05:12.293181
225,514,10.54,2,8,166.2,False,web,Medan,False,2026-01-22 04:54:43.293181,2026-03-02 03:05:12.293181
225,1400,48.13,2,9,153.08,True,mobile,Medan,False,2026-01-25 13:28:58.293181,2026-03-02 03:05:12.293181
225,4474,356.47,1,7,218.3,True,web,Bandung,False,2026-02-01 15:38:37.293181,2026-03-02 03:05:12.293181
225,3875,26.75,2,7,208.28,False,web,Medan,False,2026-02-04 19:07:41.293181,2026-03-02 03:05:12.293181
225,2604,16.68,2,7,209.77,True,mobile,Medan,False,2026-02-08 22:59:51.293181,2026-03-02 03:05:12.293181
225,1388,22.52,3,7,195.07,False,mobile,Medan,True,2026-02-11 02:42:09.293181,2026-03-02 03:05:12.293181
226,898,403.51,1,1,403.51,False,mobile,Medan,False,2025-12-31 23:35:35.293181,2026-03-02 03:05:12.293181
226,4418,227.0,1,2,315.26,False,mobile,Jakarta,False,2026-01-13 03:22:33.293181,2026-03-02 03:05:12.293181
226,2416,100.96,2,3,243.82,False,web,Jakarta,False,2026-01-14 01:10:37.293181,2026-03-02 03:05:12.293181
226,1271,34.82,3,4,191.57,True,web,Medan,False,2026-01-17 02:46:49.293181,2026-03-02 03:05:12.293181
226,3176,268.0,4,5,206.86,True,web,Bandung,False,2026-01-17 22:38:43.293181,2026-03-02 03:05:12.293181
226,4791,48.6,5,6,180.48,False,mobile,Medan,False,2026-01-19 18:01:15.293181,2026-03-02 03:05:12.293181
226,2869,613.97,1,7,242.41,False,mobile,Medan,False,2026-01-29 05:34:03.293181,2026-03-02 03:05:12.293181
226,4960,27.69,2,7,188.72,True,mobile,Jakarta,False,2026-02-01 03:36:31.293181,2026-03-02 03:05:12.293181
226,1624,59.71,2,8,172.59,False,mobile,Medan,False,2026-02-06 01:06:58.293181,2026-03-02 03:05:12.293181
226,1808,74.03,2,9,161.64,False,web,Medan,False,2026-02-11 11:04:59.293181,2026-03-02 03:05:12.293181
226,3395,66.91,1,5,168.46,True,mobile,Bandung,False,2026-02-21 11:28:26.293181,2026-03-02 03:05:12.293181
226,2634,26.56,2,6,144.81,False,mobile,Medan,False,2026-02-24 19:14:01.293181,2026-03-02 03:05:12.293181
227,2259,138.01,1,1,138.01,True,mobile,Surabaya,False,2026-01-03 23:03:04.293181,2026-03-02 03:05:12.293181
227,3491,95.04,2,2,116.52,False,mobile,Jakarta,False,2026-01-05 07:49:17.293181,2026-03-02 03:05:12.293181
227,2419,117.68,2,3,116.91,True,web,Jakarta,False,2026-01-11 02:01:43.293181,2026-03-02 03:05:12.293181
227,780,120.41,3,4,117.78,True,mobile,Medan,False,2026-01-11 20:38:06.293181,2026-03-02 03:05:12.293181
227,1312,12.68,3,5,96.76,False,mobile,Surabaya,False,2026-01-13 14:54:08.293181,2026-03-02 03:05:12.293181
227,2254,5.34,4,6,81.53,False,mobile,Medan,False,2026-01-15 22:43:07.293181,2026-03-02 03:05:12.293181
227,781,57.96,5,7,78.16,False,mobile,Medan,False,2026-01-16 06:01:20.293181,2026-03-02 03:05:12.293181
227,3738,171.44,3,8,89.82,False,web,Semarang,False,2026-01-21 04:17:17.293181,2026-03-02 03:05:12.293181
227,1734,209.09,2,9,103.07,True,mobile,Semarang,False,2026-01-24 21:31:31.293181,2026-03-02 03:05:12.293181
227,1433,31.3,1,8,90.74,True,mobile,Medan,False,2026-02-08 11:47:10.293181,2026-03-02 03:05:12.293181
227,1491,14.08,2,6,81.54,True,web,Semarang,False,2026-02-14 01:38:57.293181,2026-03-02 03:05:12.293181
227,380,43.52,2,5,93.89,True,mobile,Surabaya,False,2026-02-15 17:18:32.293181,2026-03-02 03:05:12.293181
227,573,71.99,3,5,74.0,False,web,Bandung,False,2026-02-20 15:34:03.293181,2026-03-02 03:05:12.293181
227,868,69.43,2,5,46.06,False,mobile,Surabaya,False,2026-02-25 08:41:43.293181,2026-03-02 03:05:12.293181
228,1948,84.04,1,1,84.04,False,mobile,Jakarta,False,2026-01-07 08:06:54.293181,2026-03-02 03:05:12.293181
228,2960,45.05,2,2,64.54,False,web,Semarang,False,2026-01-09 15:46:49.293181,2026-03-02 03:05:12.293181
228,1682,71.98,3,3,67.02,False,web,Bandung,False,2026-01-12 17:40:10.293181,2026-03-02 03:05:12.293181
228,2069,70.4,1,4,67.87,True,mobile,Bandung,False,2026-01-24 14:37:40.293181,2026-03-02 03:05:12.293181
228,4752,45.69,1,5,63.43,True,mobile,Medan,False,2026-02-01 04:09:15.293181,2026-03-02 03:05:12.293181
228,2908,90.57,2,6,67.96,False,web,Semarang,False,2026-02-02 19:44:28.293181,2026-03-02 03:05:12.293181
228,3003,53.81,2,5,66.49,False,mobile,Semarang,False,2026-02-09 07:13:01.293181,2026-03-02 03:05:12.293181
228,1949,34.9,2,6,61.22,False,mobile,Bandung,False,2026-02-10 06:31:04.293181,2026-03-02 03:05:12.293181
228,4336,106.41,3,6,66.96,True,mobile,Bandung,False,2026-02-15 17:42:25.293181,2026-03-02 03:05:12.293181
228,2612,19.38,1,6,58.46,False,mobile,Semarang,False,2026-02-24 15:12:15.293181,2026-03-02 03:05:12.293181
229,2910,363.28,1,1,363.28,False,mobile,Surabaya,False,2026-01-07 00:20:40.293181,2026-03-02 03:05:12.293181
229,3865,70.25,1,2,216.76,False,web,Surabaya,False,2026-01-15 13:28:27.293181,2026-03-02 03:05:12.293181
229,3649,60.63,2,3,164.72,True,mobile,Jakarta,False,2026-01-17 22:35:36.293181,2026-03-02 03:05:12.293181
229,3717,287.82,2,4,195.5,False,mobile,Jakarta,False,2026-01-23 04:17:02.293181,2026-03-02 03:05:12.293181
229,878,81.97,2,5,172.79,False,mobile,Bandung,False,2026-01-27 09:47:52.293181,2026-03-02 03:05:12.293181
229,1576,50.05,2,6,152.33,False,mobile,Jakarta,False,2026-02-02 15:18:37.293181,2026-03-02 03:05:12.293181
229,3748,39.74,2,7,136.25,False,mobile,Surabaya,True,2026-02-05 10:11:08.293181,2026-03-02 03:05:12.293181
229,2987,214.4,1,7,114.98,False,mobile,Surabaya,False,2026-02-13 09:00:42.293181,2026-03-02 03:05:12.293181
229,2902,41.93,1,5,85.62,False,mobile,Medan,False,2026-02-23 09:18:22.293181,2026-03-02 03:05:12.293181
229,4558,25.37,2,5,74.3,True,mobile,Surabaya,False,2026-03-01 08:23:18.293181,2026-03-02 03:05:12.293181
230,4345,182.33,1,1,182.33,True,web,Jakarta,False,2026-01-11 05:13:00.293181,2026-03-02 03:05:12.293181
230,2718,48.33,2,2,115.33,False,mobile,Jakarta,False,2026-01-15 07:01:17.293181,2026-03-02 03:05:12.293181
230,3800,202.31,2,3,144.32,False,mobile,Jakarta,False,2026-01-20 18:58:00.293181,2026-03-02 03:05:12.293181
230,370,20.88,1,4,113.46,False,web,Jakarta,False,2026-01-30 09:16:46.293181,2026-03-02 03:05:12.293181
230,2402,238.97,2,5,138.56,True,mobile,Medan,False,2026-01-31 04:16:41.293181,2026-03-02 03:05:12.293181
230,34,24.23,1,5,106.94,True,mobile,Surabaya,False,2026-02-14 06:56:18.293181,2026-03-02 03:05:12.293181
230,4499,87.04,2,5,114.69,True,web,Surabaya,False,2026-02-15 01:44:58.293181,2026-03-02 03:05:12.293181
230,1189,62.93,3,5,86.81,False,mobile,Surabaya,False,2026-02-19 23:55:30.293181,2026-03-02 03:05:12.293181
230,2618,132.27,2,6,94.39,False,mobile,Bandung,False,2026-02-24 07:29:02.293181,2026-03-02 03:05:12.293181
230,2036,46.29,3,7,87.52,False,web,Bandung,False,2026-02-24 10:02:15.293181,2026-03-02 03:05:12.293181
231,2454,13.48,1,1,13.48,False,mobile,Surabaya,False,2025-12-31 04:49:18.293181,2026-03-02 03:05:12.293181
231,3068,350.37,2,2,181.92,True,mobile,Surabaya,False,2026-01-04 13:20:56.293181,2026-03-02 03:05:12.293181
231,3283,37.55,3,3,133.8,False,mobile,Surabaya,False,2026-01-07 02:06:38.293181,2026-03-02 03:05:12.293181
231,4804,124.72,3,4,131.53,False,mobile,Medan,False,2026-01-08 14:08:39.293181,2026-03-02 03:05:12.293181
231,4639,71.58,4,5,119.54,True,mobile,Bandung,False,2026-01-11 03:10:46.293181,2026-03-02 03:05:12.293181
231,3204,386.98,5,6,164.11,True,web,Jakarta,False,2026-01-11 12:26:10.293181,2026-03-02 03:05:12.293181
231,2681,283.06,3,7,181.11,False,mobile,Bandung,False,2026-01-16 22:43:58.293181,2026-03-02 03:05:12.293181
231,2670,102.06,2,8,171.23,False,web,Bandung,False,2026-01-19 16:36:45.293181,2026-03-02 03:05:12.293181
231,4298,18.27,3,9,154.23,False,mobile,Semarang,False,2026-01-21 03:05:52.293181,2026-03-02 03:05:12.293181
231,884,73.56,4,10,146.16,False,mobile,Bandung,False,2026-01-21 04:28:20.293181,2026-03-02 03:05:12.293181
231,4729,51.65,3,11,137.57,False,mobile,Medan,False,2026-01-27 05:04:11.293181,2026-03-02 03:05:12.293181
231,1310,69.3,2,12,131.88,False,web,Medan,False,2026-01-30 04:09:15.293181,2026-03-02 03:05:12.293181
231,2467,26.29,3,12,132.95,False,mobile,Surabaya,False,2026-02-02 05:59:21.293181,2026-03-02 03:05:12.293181
231,1145,220.43,3,13,139.68,False,web,Semarang,False,2026-02-03 06:59:07.293181,2026-03-02 03:05:12.293181
231,1341,9.59,4,13,113.46,False,mobile,Medan,True,2026-02-04 17:12:39.293181,2026-03-02 03:05:12.293181
231,2956,39.61,1,10,89.38,True,web,Bandung,False,2026-02-14 12:18:35.293181,2026-03-02 03:05:12.293181
231,3967,8.48,2,9,57.46,False,web,Semarang,False,2026-02-18 19:50:29.293181,2026-03-02 03:05:12.293181
232,2107,179.65,1,1,179.65,True,mobile,Surabaya,False,2026-01-03 07:06:09.293181,2026-03-02 03:05:12.293181
232,2431,105.44,2,2,142.55,False,mobile,Bandung,False,2026-01-05 19:48:24.293181,2026-03-02 03:05:12.293181
232,4596,41.86,1,3,108.98,False,mobile,Surabaya,False,2026-01-13 14:31:25.293181,2026-03-02 03:05:12.293181
232,4888,3.66,1,4,82.65,False,web,Jakarta,False,2026-01-22 20:29:01.293181,2026-03-02 03:05:12.293181
232,300,25.5,1,3,23.67,False,web,Surabaya,False,2026-02-05 15:54:57.293181,2026-03-02 03:05:12.293181
232,2999,95.83,1,3,41.66,False,mobile,Medan,False,2026-02-13 05:37:28.293181,2026-03-02 03:05:12.293181
232,2042,120.31,2,4,61.32,False,mobile,Medan,False,2026-02-20 04:37:29.293181,2026-03-02 03:05:12.293181
233,3171,12.45,1,1,12.45,True,mobile,Semarang,False,2026-01-03 00:17:22.293181,2026-03-02 03:05:12.293181
233,3593,38.43,2,2,25.44,True,mobile,Surabaya,False,2026-01-03 02:24:32.293181,2026-03-02 03:05:12.293181
233,1871,45.06,3,3,31.98,False,mobile,Bandung,False,2026-01-07 01:54:22.293181,2026-03-02 03:05:12.293181
233,1970,65.37,4,4,40.33,False,mobile,Surabaya,False,2026-01-07 16:04:06.293181,2026-03-02 03:05:12.293181
233,4903,39.55,5,5,40.17,False,mobile,Semarang,False,2026-01-09 00:38:10.293181,2026-03-02 03:05:12.293181
233,2089,64.6,4,6,44.24,True,mobile,Jakarta,False,2026-01-10 03:04:48.293181,2026-03-02 03:05:12.293181
233,1465,108.16,1,7,53.37,False,web,Medan,False,2026-01-20 11:16:46.293181,2026-03-02 03:05:12.293181
233,999,27.2,2,8,50.1,False,mobile,Surabaya,False,2026-01-21 01:57:04.293181,2026-03-02 03:05:12.293181
233,3751,71.01,3,9,52.43,False,mobile,Surabaya,False,2026-01-21 23:23:58.293181,2026-03-02 03:05:12.293181
233,414,59.23,4,10,53.11,False,mobile,Jakarta,False,2026-01-27 10:24:21.293181,2026-03-02 03:05:12.293181
233,3693,16.69,2,9,55.21,False,web,Jakarta,False,2026-02-02 12:16:22.293181,2026-03-02 03:05:12.293181
233,1920,175.32,2,10,67.22,False,mobile,Surabaya,False,2026-02-03 12:00:43.293181,2026-03-02 03:05:12.293181
233,2232,994.8,1,7,207.49,False,mobile,Surabaya,False,2026-02-13 03:15:46.293181,2026-03-02 03:05:12.293181
233,1212,94.26,2,8,193.33,False,mobile,Bandung,False,2026-02-13 07:30:08.293181,2026-03-02 03:05:12.293181
233,2113,55.58,3,9,178.03,True,mobile,Medan,False,2026-02-14 11:22:07.293181,2026-03-02 03:05:12.293181
233,212,19.06,4,10,162.13,False,mobile,Bandung,False,2026-02-17 03:34:02.293181,2026-03-02 03:05:12.293181
233,95,57.77,2,8,184.09,True,web,Semarang,False,2026-02-21 17:18:05.293181,2026-03-02 03:05:12.293181
233,1353,77.68,3,9,172.27,False,web,Jakarta,False,2026-02-24 00:45:51.293181,2026-03-02 03:05:12.293181
234,4585,45.52,1,1,45.52,False,mobile,Medan,False,2025-12-31 11:39:00.293181,2026-03-02 03:05:12.293181
234,1541,37.31,2,2,41.42,False,web,Bandung,False,2026-01-02 00:10:32.293181,2026-03-02 03:05:12.293181
234,1744,46.7,3,3,43.18,False,mobile,Surabaya,False,2026-01-02 22:09:45.293181,2026-03-02 03:05:12.293181
234,4961,41.4,1,4,42.73,True,web,Bandung,True,2026-01-17 02:36:21.293181,2026-03-02 03:05:12.293181
234,3318,5.7,1,2,23.55,False,mobile,Semarang,False,2026-02-03 09:51:11.293181,2026-03-02 03:05:12.293181
234,4124,71.96,2,3,39.69,False,mobile,Surabaya,False,2026-02-06 08:55:43.293181,2026-03-02 03:05:12.293181
234,3755,71.77,3,4,47.71,True,web,Bandung,False,2026-02-08 05:41:07.293181,2026-03-02 03:05:12.293181
234,1585,272.52,3,5,92.67,False,mobile,Bandung,False,2026-02-11 05:23:45.293181,2026-03-02 03:05:12.293181
234,819,59.72,4,6,87.18,False,web,Semarang,False,2026-02-11 17:57:51.293181,2026-03-02 03:05:12.293181
234,1628,11.07,1,6,82.12,False,mobile,Bandung,False,2026-02-20 15:11:14.293181,2026-03-02 03:05:12.293181
234,856,230.84,1,7,103.37,True,web,Surabaya,False,2026-03-01 15:03:05.293181,2026-03-02 03:05:12.293181
235,2746,85.04,1,1,85.04,False,mobile,Semarang,False,2026-01-02 17:52:30.293181,2026-03-02 03:05:12.293181
235,4681,126.85,2,2,105.94,False,mobile,Bandung,False,2026-01-05 17:29:31.293181,2026-03-02 03:05:12.293181
235,2831,70.83,1,3,94.24,False,mobile,Surabaya,False,2026-01-14 01:09:45.293181,2026-03-02 03:05:12.293181
235,153,422.21,1,4,176.23,False,mobile,Medan,False,2026-01-27 18:24:55.293181,2026-03-02 03:05:12.293181
235,4662,64.92,2,5,153.97,False,mobile,Semarang,False,2026-01-29 22:26:49.293181,2026-03-02 03:05:12.293181
235,495,246.37,3,5,186.24,False,web,Jakarta,False,2026-02-03 08:23:56.293181,2026-03-02 03:05:12.293181
235,4769,26.05,3,5,166.08,False,web,Medan,False,2026-02-05 06:36:25.293181,2026-03-02 03:05:12.293181
235,4916,384.95,4,6,202.55,False,mobile,Semarang,False,2026-02-05 11:50:38.293181,2026-03-02 03:05:12.293181
235,488,27.33,4,7,177.52,False,mobile,Jakarta,False,2026-02-06 01:16:45.293181,2026-03-02 03:05:12.293181
235,4404,32.11,4,8,159.35,False,mobile,Jakarta,False,2026-02-11 19:59:01.293181,2026-03-02 03:05:12.293181
235,3611,6.09,1,8,151.25,False,mobile,Surabaya,False,2026-02-20 03:04:01.293181,2026-03-02 03:05:12.293181
235,2055,124.77,2,9,148.31,False,mobile,Medan,False,2026-02-23 12:18:58.293181,2026-03-02 03:05:12.293181
235,3241,17.41,3,10,135.22,False,mobile,Jakarta,False,2026-02-26 07:01:33.293181,2026-03-02 03:05:12.293181
236,1115,48.85,1,1,48.85,False,web,Bandung,False,2026-01-06 01:30:19.293181,2026-03-02 03:05:12.293181
236,3839,69.04,2,2,58.95,True,mobile,Surabaya,False,2026-01-10 20:10:56.293181,2026-03-02 03:05:12.293181
236,64,182.72,3,3,100.2,True,mobile,Surabaya,False,2026-01-11 11:57:41.293181,2026-03-02 03:05:12.293181
236,3426,113.13,1,4,103.44,False,mobile,Semarang,False,2026-01-19 10:59:20.293181,2026-03-02 03:05:12.293181
236,1721,288.76,2,5,140.5,False,web,Surabaya,False,2026-01-20 17:42:18.293181,2026-03-02 03:05:12.293181
236,4177,273.59,3,6,162.68,False,mobile,Medan,False,2026-01-22 07:31:41.293181,2026-03-02 03:05:12.293181
236,660,17.39,1,7,141.93,True,mobile,Surabaya,False,2026-01-31 16:18:32.293181,2026-03-02 03:05:12.293181
236,4085,14.87,2,7,137.07,True,web,Medan,False,2026-02-07 15:18:48.293181,2026-03-02 03:05:12.293181
236,2317,131.29,2,6,139.84,False,mobile,Semarang,False,2026-02-10 12:53:01.293181,2026-03-02 03:05:12.293181
236,2339,274.83,1,5,142.39,False,mobile,Bandung,False,2026-02-20 05:59:36.293181,2026-03-02 03:05:12.293181
236,4954,190.5,2,6,150.41,False,mobile,Jakarta,False,2026-02-20 20:26:42.293181,2026-03-02 03:05:12.293181
237,375,145.93,1,1,145.93,True,web,Semarang,False,2026-01-04 13:11:56.293181,2026-03-02 03:05:12.293181
237,4623,90.77,2,2,118.35,False,mobile,Bandung,False,2026-01-06 09:18:34.293181,2026-03-02 03:05:12.293181
237,992,98.55,3,3,111.75,False,mobile,Semarang,False,2026-01-06 21:59:22.293181,2026-03-02 03:05:12.293181
237,2430,96.82,2,4,108.02,False,mobile,Medan,False,2026-01-13 12:03:53.293181,2026-03-02 03:05:12.293181
237,2635,114.74,2,5,109.36,False,mobile,Jakarta,False,2026-01-14 10:54:48.293181,2026-03-02 03:05:12.293181
237,4470,313.45,3,6,143.38,True,mobile,Bandung,False,2026-01-18 22:48:54.293181,2026-03-02 03:05:12.293181
237,3759,16.07,2,7,125.19,False,mobile,Semarang,False,2026-01-23 20:02:15.293181,2026-03-02 03:05:12.293181
237,117,51.13,1,6,115.13,False,mobile,Jakarta,False,2026-02-05 21:37:21.293181,2026-03-02 03:05:12.293181
237,1523,111.99,2,6,117.37,False,mobile,Semarang,False,2026-02-09 23:03:54.293181,2026-03-02 03:05:12.293181
237,1718,13.32,3,7,102.5,False,mobile,Jakarta,False,2026-02-10 18:29:13.293181,2026-03-02 03:05:12.293181
237,1481,7.33,1,5,39.97,False,mobile,Medan,True,2026-02-20 07:33:32.293181,2026-03-02 03:05:12.293181
237,2446,57.39,2,5,48.23,False,web,Semarang,False,2026-02-26 16:52:13.293181,2026-03-02 03:05:12.293181
238,859,51.29,1,1,51.29,False,mobile,Jakarta,False,2026-01-01 15:20:25.293181,2026-03-02 03:05:12.293181
238,3179,10.75,2,2,31.02,False,mobile,Jakarta,False,2026-01-07 15:18:26.293181,2026-03-02 03:05:12.293181
238,849,126.47,2,3,62.84,False,mobile,Medan,False,2026-01-13 08:22:42.293181,2026-03-02 03:05:12.293181
238,1900,113.91,1,4,75.6,False,web,Medan,False,2026-01-30 05:04:03.293181,2026-03-02 03:05:12.293181
238,1148,33.47,1,4,71.15,False,web,Bandung,False,2026-02-06 06:43:51.293181,2026-03-02 03:05:12.293181
238,2820,48.52,2,4,80.59,True,mobile,Jakarta,False,2026-02-07 09:45:45.293181,2026-03-02 03:05:12.293181
238,3829,39.21,3,5,72.32,False,web,Semarang,False,2026-02-10 10:28:37.293181,2026-03-02 03:05:12.293181
238,2397,101.45,2,5,67.31,True,mobile,Semarang,False,2026-02-14 20:05:59.293181,2026-03-02 03:05:12.293181
238,4561,41.73,2,6,63.05,False,mobile,Medan,False,2026-02-20 13:17:42.293181,2026-03-02 03:05:12.293181
238,3949,57.7,3,7,62.28,False,mobile,Medan,False,2026-02-20 15:03:46.293181,2026-03-02 03:05:12.293181
239,3069,23.28,1,1,23.28,False,web,Bandung,False,2025-12-31 06:19:10.293181,2026-03-02 03:05:12.293181
239,3667,3.98,2,2,13.63,True,mobile,Medan,False,2026-01-03 05:01:19.293181,2026-03-02 03:05:12.293181
239,1044,140.91,1,3,56.06,False,mobile,Surabaya,False,2026-01-23 03:17:58.293181,2026-03-02 03:05:12.293181
239,1131,34.42,2,4,50.65,True,mobile,Medan,False,2026-01-24 08:03:42.293181,2026-03-02 03:05:12.293181
239,779,11.15,2,4,47.62,False,mobile,Surabaya,False,2026-01-30 08:34:44.293181,2026-03-02 03:05:12.293181
239,922,51.96,2,4,59.61,False,mobile,Semarang,False,2026-02-05 22:46:46.293181,2026-03-02 03:05:12.293181
239,1727,86.43,2,5,64.97,True,mobile,Medan,False,2026-02-08 12:47:01.293181,2026-03-02 03:05:12.293181
239,4024,51.84,1,6,62.78,False,mobile,Medan,False,2026-02-19 17:53:02.293181,2026-03-02 03:05:12.293181
239,4034,75.2,2,6,51.83,True,mobile,Jakarta,False,2026-02-22 22:07:04.293181,2026-03-02 03:05:12.293181
239,3201,40.01,3,6,52.77,False,mobile,Bandung,False,2026-02-25 02:20:24.293181,2026-03-02 03:05:12.293181
240,189,21.52,1,1,21.52,False,mobile,Medan,False,2026-01-07 15:09:08.293181,2026-03-02 03:05:12.293181
240,1390,47.9,2,2,34.71,False,mobile,Bandung,False,2026-01-08 22:07:27.293181,2026-03-02 03:05:12.293181
240,3231,14.49,1,3,27.97,False,mobile,Medan,False,2026-01-27 04:09:55.293181,2026-03-02 03:05:12.293181
240,3043,57.58,2,4,35.37,True,web,Surabaya,False,2026-02-01 02:05:28.293181,2026-03-02 03:05:12.293181
240,3603,46.78,2,5,37.65,False,web,Medan,False,2026-02-06 07:24:36.293181,2026-03-02 03:05:12.293181
240,1847,36.05,2,4,38.72,False,mobile,Jakarta,False,2026-02-10 10:50:21.293181,2026-03-02 03:05:12.293181
240,351,53.58,2,5,41.7,False,mobile,Surabaya,False,2026-02-16 20:10:11.293181,2026-03-02 03:05:12.293181
240,975,18.6,2,6,37.85,False,mobile,Medan,False,2026-02-20 06:29:44.293181,2026-03-02 03:05:12.293181
241,2626,102.85,1,1,102.85,False,mobile,Semarang,False,2026-01-02 13:56:27.293181,2026-03-02 03:05:12.293181
241,2717,27.98,2,2,65.41,False,mobile,Surabaya,False,2026-01-06 07:42:50.293181,2026-03-02 03:05:12.293181
241,1444,18.34,3,3,49.72,False,web,Surabaya,False,2026-01-08 13:11:38.293181,2026-03-02 03:05:12.293181
241,1344,69.21,3,4,54.6,False,mobile,Semarang,False,2026-01-13 05:43:04.293181,2026-03-02 03:05:12.293181
241,1269,139.38,2,5,71.55,False,web,Semarang,False,2026-01-16 08:13:10.293181,2026-03-02 03:05:12.293181
241,4038,39.13,1,6,66.15,True,mobile,Surabaya,False,2026-01-25 03:09:55.293181,2026-03-02 03:05:12.293181
241,3256,41.1,1,6,55.86,False,web,Medan,False,2026-02-03 16:14:59.293181,2026-03-02 03:05:12.293181
241,1638,75.88,2,5,72.94,False,web,Semarang,False,2026-02-09 00:04:53.293181,2026-03-02 03:05:12.293181
241,1430,15.1,2,4,42.8,True,mobile,Medan,False,2026-02-15 23:48:10.293181,2026-03-02 03:05:12.293181
241,2418,91.23,2,5,52.49,False,mobile,Surabaya,False,2026-02-18 21:19:57.293181,2026-03-02 03:05:12.293181
241,655,29.78,3,6,48.7,False,mobile,Surabaya,False,2026-02-20 23:48:25.293181,2026-03-02 03:05:12.293181
241,1013,5.66,3,6,43.12,False,mobile,Semarang,False,2026-02-24 12:38:25.293181,2026-03-02 03:05:12.293181
241,2787,58.49,4,7,45.32,False,mobile,Bandung,False,2026-02-24 15:08:26.293181,2026-03-02 03:05:12.293181
242,3701,52.87,1,1,52.87,False,mobile,Surabaya,False,2026-01-02 11:47:34.293181,2026-03-02 03:05:12.293181
242,2711,22.98,2,2,37.92,False,mobile,Jakarta,False,2026-01-02 21:09:04.293181,2026-03-02 03:05:12.293181
242,1886,83.22,3,3,53.02,True,mobile,Medan,False,2026-01-03 13:17:24.293181,2026-03-02 03:05:12.293181
242,3407,34.01,1,4,48.27,True,web,Jakarta,True,2026-01-11 21:06:14.293181,2026-03-02 03:05:12.293181
242,3524,89.31,1,5,56.48,True,mobile,Surabaya,False,2026-01-31 10:42:19.293181,2026-03-02 03:05:12.293181
242,3784,41.08,2,3,54.8,False,mobile,Jakarta,False,2026-02-02 14:34:08.293181,2026-03-02 03:05:12.293181
242,1539,287.01,1,3,139.13,True,mobile,Surabaya,False,2026-03-01 19:29:13.293181,2026-03-02 03:05:12.293181
243,3362,102.86,1,1,102.86,False,mobile,Bandung,False,2026-01-06 08:19:20.293181,2026-03-02 03:05:12.293181
243,3940,81.87,2,2,92.36,False,mobile,Semarang,False,2026-01-07 14:10:26.293181,2026-03-02 03:05:12.293181
243,1038,90.23,1,3,91.65,False,mobile,Semarang,False,2026-01-20 17:07:45.293181,2026-03-02 03:05:12.293181
243,785,21.38,2,4,74.09,False,mobile,Jakarta,False,2026-01-22 15:22:08.293181,2026-03-02 03:05:12.293181
243,2847,17.78,3,5,62.82,False,mobile,Semarang,False,2026-01-27 02:26:36.293181,2026-03-02 03:05:12.293181
243,337,30.15,1,4,39.88,False,mobile,Medan,False,2026-02-09 17:34:46.293181,2026-03-02 03:05:12.293181
243,1601,6.93,2,5,33.29,False,mobile,Semarang,False,2026-02-13 16:09:11.293181,2026-03-02 03:05:12.293181
243,1202,51.18,2,6,36.28,False,mobile,Surabaya,False,2026-02-17 10:31:46.293181,2026-03-02 03:05:12.293181
243,340,18.4,3,7,33.72,False,mobile,Jakarta,False,2026-02-19 13:25:00.293181,2026-03-02 03:05:12.293181
243,3316,56.55,2,6,30.17,False,mobile,Medan,False,2026-02-25 17:20:05.293181,2026-03-02 03:05:12.293181
243,2128,38.32,2,6,33.59,True,web,Medan,False,2026-02-28 21:50:39.293181,2026-03-02 03:05:12.293181
244,883,204.25,1,1,204.25,True,web,Surabaya,False,2026-01-03 03:42:10.293181,2026-03-02 03:05:12.293181
244,4225,16.22,2,2,110.24,True,web,Bandung,False,2026-01-04 00:09:41.293181,2026-03-02 03:05:12.293181
244,2462,29.06,3,3,83.18,False,mobile,Semarang,False,2026-01-07 10:14:17.293181,2026-03-02 03:05:12.293181
244,1185,52.21,1,4,75.44,False,mobile,Bandung,False,2026-01-21 20:54:58.293181,2026-03-02 03:05:12.293181
244,2035,24.9,2,5,65.33,True,mobile,Bandung,False,2026-01-24 22:17:18.293181,2026-03-02 03:05:12.293181
244,3539,59.35,3,6,64.33,True,mobile,Medan,False,2026-01-25 03:35:50.293181,2026-03-02 03:05:12.293181
244,4591,93.04,1,5,51.71,False,web,Semarang,False,2026-02-05 02:34:51.293181,2026-03-02 03:05:12.293181
244,4197,253.8,2,5,96.66,False,mobile,Semarang,False,2026-02-10 03:44:49.293181,2026-03-02 03:05:12.293181
244,3344,104.4,1,5,107.1,False,web,Bandung,False,2026-02-23 11:56:29.293181,2026-03-02 03:05:12.293181
244,274,60.55,2,4,127.95,True,mobile,Semarang,False,2026-02-28 07:55:10.293181,2026-03-02 03:05:12.293181
244,814,48.52,3,5,112.06,True,mobile,Semarang,False,2026-02-28 13:13:11.293181,2026-03-02 03:05:12.293181
245,3420,51.56,1,1,51.56,True,mobile,Semarang,False,2026-01-03 07:52:14.293181,2026-03-02 03:05:12.293181
245,940,81.55,1,2,66.56,True,mobile,Jakarta,False,2026-01-17 03:29:46.293181,2026-03-02 03:05:12.293181
245,3691,334.79,2,3,155.97,False,mobile,Bandung,False,2026-01-19 03:25:12.293181,2026-03-02 03:05:12.293181
245,3641,161.46,1,3,192.6,False,mobile,Semarang,False,2026-02-03 06:51:04.293181,2026-03-02 03:05:12.293181
245,1279,14.48,1,4,148.07,False,mobile,Surabaya,False,2026-02-12 09:55:32.293181,2026-03-02 03:05:12.293181
245,3540,73.54,1,3,83.16,True,web,Jakarta,False,2026-02-22 03:38:33.293181,2026-03-02 03:05:12.293181
245,440,244.34,2,4,123.46,False,mobile,Medan,False,2026-02-26 09:47:05.293181,2026-03-02 03:05:12.293181
246,3495,81.97,1,1,81.97,False,web,Semarang,False,2025-12-31 06:44:00.293181,2026-03-02 03:05:12.293181
246,2822,19.95,2,2,50.96,False,mobile,Jakarta,False,2025-12-31 12:21:41.293181,2026-03-02 03:05:12.293181
246,4009,31.74,3,3,44.55,False,mobile,Surabaya,False,2026-01-02 03:05:26.293181,2026-03-02 03:05:12.293181
246,3375,132.16,4,4,66.46,False,mobile,Surabaya,False,2026-01-02 13:55:12.293181,2026-03-02 03:05:12.293181
246,3992,19.34,3,5,57.03,False,mobile,Semarang,False,2026-01-08 12:33:04.293181,2026-03-02 03:05:12.293181
246,3055,127.66,2,6,68.8,False,mobile,Semarang,False,2026-01-12 22:21:01.293181,2026-03-02 03:05:12.293181
246,2060,62.72,1,7,67.93,False,mobile,Jakarta,False,2026-01-26 10:18:12.293181,2026-03-02 03:05:12.293181
246,1270,41.44,2,6,69.18,True,mobile,Surabaya,False,2026-01-31 15:35:39.293181,2026-03-02 03:05:12.293181
246,3461,140.28,1,4,93.02,False,mobile,Bandung,False,2026-02-10 16:43:38.293181,2026-03-02 03:05:12.293181
246,4501,126.48,2,5,99.72,False,mobile,Semarang,False,2026-02-10 19:15:04.293181,2026-03-02 03:05:12.293181
246,4434,114.96,1,5,97.18,True,mobile,Medan,False,2026-02-22 18:19:03.293181,2026-03-02 03:05:12.293181
247,400,319.67,1,1,319.67,False,mobile,Medan,False,2025-12-31 10:44:16.293181,2026-03-02 03:05:12.293181
247,2172,31.52,1,2,175.6,False,mobile,Semarang,False,2026-01-09 16:21:36.293181,2026-03-02 03:05:12.293181
247,2654,583.31,2,3,311.5,False,mobile,Jakarta,False,2026-01-15 06:24:35.293181,2026-03-02 03:05:12.293181
247,1838,109.27,2,4,260.94,False,mobile,Surabaya,False,2026-01-21 21:15:54.293181,2026-03-02 03:05:12.293181
248,1750,20.27,1,1,20.27,False,mobile,Surabaya,False,2025-12-31 22:46:35.293181,2026-03-02 03:05:12.293181
248,3164,47.98,1,2,34.12,False,mobile,Surabaya,False,2026-01-13 08:33:51.293181,2026-03-02 03:05:12.293181
248,1130,19.84,2,3,29.36,False,mobile,Semarang,False,2026-01-16 02:49:40.293181,2026-03-02 03:05:12.293181
248,1538,199.25,2,4,71.84,False,mobile,Bandung,False,2026-01-23 00:30:23.293181,2026-03-02 03:05:12.293181
248,3442,59.87,2,5,69.44,False,mobile,Bandung,False,2026-01-23 17:40:05.293181,2026-03-02 03:05:12.293181
248,3178,14.82,3,6,60.34,False,web,Bandung,False,2026-01-23 23:13:30.293181,2026-03-02 03:05:12.293181
248,1578,149.56,4,7,73.08,True,mobile,Bandung,False,2026-01-24 07:13:16.293181,2026-03-02 03:05:12.293181
248,4589,74.37,5,8,73.24,False,mobile,Medan,False,2026-01-28 07:42:09.293181,2026-03-02 03:05:12.293181
248,4133,139.84,1,8,88.19,False,web,Bandung,False,2026-02-09 03:39:14.293181,2026-03-02 03:05:12.293181
248,4570,88.32,2,8,93.23,False,web,Surabaya,False,2026-02-12 11:30:44.293181,2026-03-02 03:05:12.293181
248,1231,125.77,3,9,96.85,True,mobile,Semarang,False,2026-02-14 16:37:37.293181,2026-03-02 03:05:12.293181
248,4391,60.31,2,9,101.35,False,web,Medan,False,2026-02-20 19:25:07.293181,2026-03-02 03:05:12.293181
249,265,133.65,1,1,133.65,False,mobile,Jakarta,False,2025-12-31 06:25:09.293181,2026-03-02 03:05:12.293181
249,4736,69.16,1,2,101.4,False,mobile,Jakarta,False,2026-01-13 05:10:29.293181,2026-03-02 03:05:12.293181
249,4942,58.25,2,3,87.02,False,mobile,Medan,False,2026-01-16 11:37:25.293181,2026-03-02 03:05:12.293181
249,2257,65.48,3,4,81.64,True,web,Medan,False,2026-01-18 03:29:50.293181,2026-03-02 03:05:12.293181
249,328,8.09,1,5,66.93,False,web,Bandung,False,2026-01-29 13:17:54.293181,2026-03-02 03:05:12.293181
249,1503,95.59,2,5,59.31,True,mobile,Medan,False,2026-02-01 16:19:18.293181,2026-03-02 03:05:12.293181
249,964,56.27,1,3,53.32,False,mobile,Semarang,False,2026-02-17 05:56:53.293181,2026-03-02 03:05:12.293181
249,2567,80.58,2,4,60.13,False,mobile,Medan,False,2026-02-19 17:37:13.293181,2026-03-02 03:05:12.293181
249,399,97.26,3,5,67.56,False,mobile,Surabaya,False,2026-02-20 22:42:27.293181,2026-03-02 03:05:12.293181
249,894,31.65,2,6,61.57,False,web,Jakarta,False,2026-02-27 16:17:38.293181,2026-03-02 03:05:12.293181
250,1159,62.95,1,1,62.95,True,mobile,Jakarta,False,2026-01-10 14:45:53.293181,2026-03-02 03:05:12.293181
250,1661,26.26,1,2,44.6,False,mobile,Medan,False,2026-01-22 03:13:27.293181,2026-03-02 03:05:12.293181
250,424,13.15,2,3,34.12,True,web,Surabaya,False,2026-01-24 23:24:35.293181,2026-03-02 03:05:12.293181
250,4135,321.37,3,4,105.93,False,mobile,Jakarta,False,2026-01-27 11:58:52.293181,2026-03-02 03:05:12.293181
250,960,68.63,3,5,98.47,True,web,Bandung,False,2026-01-31 03:36:54.293181,2026-03-02 03:05:12.293181
250,4905,16.93,3,6,84.88,False,mobile,Semarang,False,2026-02-02 16:56:52.293181,2026-03-02 03:05:12.293181
250,2273,48.95,1,6,82.55,False,mobile,Medan,False,2026-02-18 11:02:45.293181,2026-03-02 03:05:12.293181
250,4713,89.95,1,4,56.11,False,mobile,Bandung,False,2026-03-02 01:11:20.293181,2026-03-02 03:05:12.293181
251,1180,69.36,1,1,69.36,False,web,Jakarta,False,2026-01-01 08:13:17.293181,2026-03-02 03:05:12.293181
251,1938,12.76,2,2,41.06,False,web,Surabaya,False,2026-01-01 09:38:35.293181,2026-03-02 03:05:12.293181
251,3459,51.16,3,3,44.43,False,web,Jakarta,False,2026-01-06 05:24:13.293181,2026-03-02 03:05:12.293181
251,4753,65.16,1,4,49.61,False,mobile,Surabaya,False,2026-01-15 22:48:41.293181,2026-03-02 03:05:12.293181
251,3340,25.7,2,5,44.83,True,mobile,Bandung,False,2026-01-18 09:30:19.293181,2026-03-02 03:05:12.293181
251,4079,6.74,3,6,38.48,False,web,Surabaya,False,2026-01-20 20:11:08.293181,2026-03-02 03:05:12.293181
251,3744,103.24,4,7,47.73,False,mobile,Semarang,False,2026-01-21 12:07:08.293181,2026-03-02 03:05:12.293181
251,1573,46.12,3,8,47.53,True,web,Semarang,False,2026-01-25 15:15:59.293181,2026-03-02 03:05:12.293181
251,1107,86.78,2,9,51.89,False,mobile,Bandung,False,2026-01-28 22:48:29.293181,2026-03-02 03:05:12.293181
251,4094,17.95,1,7,50.24,True,mobile,Semarang,False,2026-02-07 01:29:13.293181,2026-03-02 03:05:12.293181
251,4880,25.13,2,8,47.1,True,mobile,Semarang,False,2026-02-08 00:18:33.293181,2026-03-02 03:05:12.293181
251,553,39.2,1,8,43.86,True,mobile,Bandung,False,2026-02-15 14:09:05.293181,2026-03-02 03:05:12.293181
251,247,13.81,2,9,40.52,False,mobile,Bandung,False,2026-02-16 02:01:12.293181,2026-03-02 03:05:12.293181
251,4667,67.82,3,7,42.4,True,web,Semarang,False,2026-02-21 21:25:25.293181,2026-03-02 03:05:12.293181
251,4723,29.91,2,8,40.84,False,mobile,Medan,False,2026-02-24 02:35:22.293181,2026-03-02 03:05:12.293181
252,4299,90.47,1,1,90.47,False,web,Bandung,False,2026-01-05 09:47:07.293181,2026-03-02 03:05:12.293181
252,2993,92.71,2,2,91.59,False,mobile,Bandung,False,2026-01-09 18:29:48.293181,2026-03-02 03:05:12.293181
252,1284,102.69,2,3,95.29,False,mobile,Semarang,False,2026-01-16 13:31:53.293181,2026-03-02 03:05:12.293181
252,1188,20.95,2,4,76.7,False,web,Bandung,False,2026-01-20 03:04:35.293181,2026-03-02 03:05:12.293181
252,1263,262.1,1,5,113.78,False,mobile,Medan,False,2026-01-27 11:40:46.293181,2026-03-02 03:05:12.293181
252,4084,70.12,1,3,117.72,False,mobile,Medan,False,2026-02-16 23:13:54.293181,2026-03-02 03:05:12.293181
252,4748,23.54,2,4,94.18,False,mobile,Jakarta,False,2026-02-17 11:51:37.293181,2026-03-02 03:05:12.293181
252,1441,92.18,1,4,111.99,False,web,Medan,False,2026-02-25 07:18:35.293181,2026-03-02 03:05:12.293181
252,2066,584.34,2,5,206.46,False,mobile,Jakarta,False,2026-02-25 14:40:54.293181,2026-03-02 03:05:12.293181
252,4445,214.34,3,5,196.9,True,mobile,Jakarta,False,2026-03-01 22:43:04.293181,2026-03-02 03:05:12.293181
253,1912,12.55,1,1,12.55,True,mobile,Medan,False,2026-01-04 04:53:56.293181,2026-03-02 03:05:12.293181
253,3037,65.98,2,2,39.26,False,mobile,Semarang,False,2026-01-08 21:14:56.293181,2026-03-02 03:05:12.293181
253,1399,105.95,3,3,61.49,True,web,Jakarta,False,2026-01-11 02:49:26.293181,2026-03-02 03:05:12.293181
253,3597,27.98,1,4,53.12,False,mobile,Jakarta,False,2026-01-19 22:30:54.293181,2026-03-02 03:05:12.293181
253,172,38.12,1,3,57.35,False,mobile,Bandung,False,2026-02-09 10:36:09.293181,2026-03-02 03:05:12.293181
253,4383,39.25,2,3,35.12,False,web,Medan,False,2026-02-10 08:47:45.293181,2026-03-02 03:05:12.293181
253,2396,137.43,1,3,71.6,True,web,Semarang,False,2026-03-01 06:46:52.293181,2026-03-02 03:05:12.293181
254,4931,195.94,1,1,195.94,False,web,Jakarta,False,2026-01-02 23:04:34.293181,2026-03-02 03:05:12.293181
254,3250,41.15,1,2,118.54,True,web,Jakarta,True,2026-01-11 08:45:25.293181,2026-03-02 03:05:12.293181
254,4745,21.88,2,3,86.32,False,web,Jakarta,False,2026-01-12 19:43:56.293181,2026-03-02 03:05:12.293181
254,828,8.32,3,4,66.82,False,mobile,Bandung,False,2026-01-13 03:31:33.293181,2026-03-02 03:05:12.293181
254,1155,221.29,4,5,97.72,False,mobile,Semarang,False,2026-01-13 18:43:16.293181,2026-03-02 03:05:12.293181
254,1456,32.02,5,6,86.77,False,web,Medan,True,2026-01-15 01:33:03.293181,2026-03-02 03:05:12.293181
254,3920,18.69,5,7,77.04,False,web,Semarang,False,2026-01-19 08:25:19.293181,2026-03-02 03:05:12.293181
254,4400,155.46,1,7,71.26,False,web,Jakarta,False,2026-02-02 09:51:00.293181,2026-03-02 03:05:12.293181
254,3575,324.39,1,7,111.72,False,mobile,Medan,False,2026-02-10 12:53:22.293181,2026-03-02 03:05:12.293181
254,1612,74.67,2,8,107.09,False,mobile,Jakarta,False,2026-02-11 01:43:34.293181,2026-03-02 03:05:12.293181
254,4774,90.47,1,4,161.25,False,web,Jakarta,False,2026-02-19 06:15:53.293181,2026-03-02 03:05:12.293181
255,2876,33.43,1,1,33.43,False,mobile,Surabaya,False,2026-01-07 13:44:46.293181,2026-03-02 03:05:12.293181
255,2295,475.88,1,2,254.66,False,mobile,Semarang,False,2026-01-16 15:04:41.293181,2026-03-02 03:05:12.293181
255,1713,39.58,1,3,182.96,False,mobile,Jakarta,False,2026-01-29 12:45:49.293181,2026-03-02 03:05:12.293181
255,3156,392.67,1,3,302.71,True,web,Jakarta,False,2026-02-07 06:40:00.293181,2026-03-02 03:05:12.293181
255,1776,6.63,1,3,146.29,True,mobile,Semarang,False,2026-02-21 21:07:25.293181,2026-03-02 03:05:12.293181
255,3235,38.41,2,4,119.32,False,web,Surabaya,True,2026-02-24 09:41:51.293181,2026-03-02 03:05:12.293181
255,2878,40.29,3,5,103.52,True,mobile,Jakarta,False,2026-02-28 04:19:32.293181,2026-03-02 03:05:12.293181
255,4033,212.82,3,5,138.16,True,mobile,Semarang,False,2026-03-01 17:57:45.293181,2026-03-02 03:05:12.293181
256,2751,46.75,1,1,46.75,False,web,Medan,False,2026-01-02 05:10:34.293181,2026-03-02 03:05:12.293181
256,2977,23.64,2,2,35.2,True,mobile,Medan,False,2026-01-03 12:16:05.293181,2026-03-02 03:05:12.293181
256,3232,25.67,1,3,32.02,False,mobile,Medan,True,2026-01-19 07:59:02.293181,2026-03-02 03:05:12.293181
256,3229,12.17,2,4,27.06,False,mobile,Surabaya,False,2026-01-19 21:26:27.293181,2026-03-02 03:05:12.293181
256,148,532.47,3,5,128.14,False,mobile,Bandung,False,2026-01-21 02:44:15.293181,2026-03-02 03:05:12.293181
256,1529,56.0,1,6,116.12,False,web,Semarang,False,2026-01-29 20:06:37.293181,2026-03-02 03:05:12.293181
256,4070,168.14,1,5,158.89,True,web,Surabaya,True,2026-02-08 20:05:27.293181,2026-03-02 03:05:12.293181
256,4204,17.46,2,6,135.32,False,web,Jakarta,False,2026-02-13 14:23:44.293181,2026-03-02 03:05:12.293181
256,1489,89.71,1,4,82.83,True,mobile,Semarang,False,2026-02-28 13:19:58.293181,2026-03-02 03:05:12.293181
256,4486,16.46,2,4,72.94,True,web,Jakarta,False,2026-03-01 18:02:42.293181,2026-03-02 03:05:12.293181
257,1397,63.92,1,1,63.92,False,mobile,Surabaya,False,2026-01-09 16:25:19.293181,2026-03-02 03:05:12.293181
257,4274,277.18,2,2,170.55,True,mobile,Semarang,False,2026-01-11 01:33:46.293181,2026-03-02 03:05:12.293181
257,3403,49.15,3,3,130.08,False,web,Surabaya,True,2026-01-15 08:15:03.293181,2026-03-02 03:05:12.293181
257,3308,50.51,1,4,110.19,False,mobile,Bandung,False,2026-01-29 12:32:06.293181,2026-03-02 03:05:12.293181
257,220,13.0,2,5,90.75,False,mobile,Medan,False,2026-01-30 02:00:48.293181,2026-03-02 03:05:12.293181
257,4566,24.33,3,6,79.68,False,mobile,Surabaya,False,2026-02-03 10:25:09.293181,2026-03-02 03:05:12.293181
257,1829,32.96,2,6,74.52,False,web,Surabaya,False,2026-02-09 03:28:22.293181,2026-03-02 03:05:12.293181
257,2463,32.86,2,6,33.8,False,mobile,Jakarta,False,2026-02-13 02:33:31.293181,2026-03-02 03:05:12.293181
257,2304,31.49,1,6,30.86,True,web,Bandung,False,2026-02-22 06:26:03.293181,2026-03-02 03:05:12.293181
258,1616,102.1,1,1,102.1,False,web,Bandung,False,2026-01-02 14:54:43.293181,2026-03-02 03:05:12.293181
258,441,62.59,2,2,82.34,False,mobile,Jakarta,False,2026-01-02 17:18:29.293181,2026-03-02 03:05:12.293181
258,2640,61.27,1,3,75.32,False,mobile,Surabaya,False,2026-01-14 12:00:23.293181,2026-03-02 03:05:12.293181
258,3085,35.44,2,4,65.35,False,mobile,Medan,False,2026-01-15 07:56:30.293181,2026-03-02 03:05:12.293181
258,3672,46.43,1,5,61.57,True,mobile,Jakarta,False,2026-01-24 08:52:14.293181,2026-03-02 03:05:12.293181
258,3884,542.14,2,6,141.66,False,mobile,Jakarta,False,2026-01-27 14:17:11.293181,2026-03-02 03:05:12.293181
258,2689,23.09,1,5,141.67,True,web,Bandung,False,2026-02-07 21:08:27.293181,2026-03-02 03:05:12.293181
258,2043,47.5,2,5,138.92,False,web,Bandung,False,2026-02-13 13:51:14.293181,2026-03-02 03:05:12.293181
258,4149,45.75,1,4,164.62,False,mobile,Semarang,False,2026-02-26 03:59:25.293181,2026-03-02 03:05:12.293181
258,3120,74.24,2,4,47.64,True,mobile,Bandung,False,2026-03-01 17:51:05.293181,2026-03-02 03:05:12.293181
259,873,360.59,1,1,360.59,True,mobile,Semarang,False,2026-01-04 19:19:08.293181,2026-03-02 03:05:12.293181
259,3602,52.23,2,2,206.41,True,mobile,Bandung,False,2026-01-10 21:54:12.293181,2026-03-02 03:05:12.293181
259,2090,216.76,2,3,209.86,False,web,Bandung,False,2026-01-12 21:44:41.293181,2026-03-02 03:05:12.293181
259,3282,45.37,3,4,168.74,False,mobile,Surabaya,False,2026-01-16 20:14:02.293181,2026-03-02 03:05:12.293181
259,552,26.88,2,5,140.37,False,mobile,Semarang,False,2026-01-19 23:50:08.293181,2026-03-02 03:05:12.293181
259,3729,462.12,3,6,193.99,False,web,Jakarta,False,2026-01-20 10:49:55.293181,2026-03-02 03:05:12.293181
259,23,8.38,4,7,167.48,False,web,Medan,False,2026-01-20 21:34:32.293181,2026-03-02 03:05:12.293181
259,4743,75.66,5,8,156.0,False,mobile,Medan,False,2026-01-21 14:36:08.293181,2026-03-02 03:05:12.293181
259,3240,103.76,1,7,134.13,False,mobile,Surabaya,False,2026-02-11 06:23:13.293181,2026-03-02 03:05:12.293181
259,4123,197.59,1,2,150.68,False,mobile,Jakarta,False,2026-02-26 22:04:43.293181,2026-03-02 03:05:12.293181
259,2475,74.28,2,3,125.21,False,web,Bandung,False,2026-02-27 11:35:15.293181,2026-03-02 03:05:12.293181
260,744,79.9,1,1,79.9,False,mobile,Jakarta,False,2026-01-06 10:32:26.293181,2026-03-02 03:05:12.293181
260,3336,115.8,2,2,97.85,True,mobile,Jakarta,False,2026-01-10 09:53:24.293181,2026-03-02 03:05:12.293181
260,502,184.42,2,3,126.71,False,web,Jakarta,False,2026-01-15 03:41:07.293181,2026-03-02 03:05:12.293181
260,1100,107.44,2,4,121.89,True,web,Medan,False,2026-01-17 11:48:09.293181,2026-03-02 03:05:12.293181
260,1562,15.46,1,5,100.6,True,web,Jakarta,False,2026-01-24 14:03:14.293181,2026-03-02 03:05:12.293181
260,2168,300.27,2,6,133.88,False,mobile,Jakarta,False,2026-01-30 10:33:21.293181,2026-03-02 03:05:12.293181
260,231,34.62,3,7,119.7,True,web,Semarang,False,2026-01-31 00:52:00.293181,2026-03-02 03:05:12.293181
260,2444,29.85,1,7,112.55,True,mobile,Semarang,False,2026-02-08 22:27:19.293181,2026-03-02 03:05:12.293181
260,4505,43.61,2,7,102.24,False,mobile,Surabaya,True,2026-02-12 22:24:31.293181,2026-03-02 03:05:12.293181
260,2427,27.6,2,7,79.84,True,mobile,Semarang,False,2026-02-15 23:04:37.293181,2026-03-02 03:05:12.293181
260,223,12.34,3,7,66.25,False,web,Surabaya,False,2026-02-16 20:16:22.293181,2026-03-02 03:05:12.293181
260,2577,32.36,4,8,62.01,False,web,Jakarta,False,2026-02-18 21:29:55.293181,2026-03-02 03:05:12.293181
260,2782,23.93,4,9,57.78,True,mobile,Medan,False,2026-02-22 08:09:51.293181,2026-03-02 03:05:12.293181
260,2780,6.91,5,10,52.69,True,mobile,Semarang,False,2026-02-22 15:38:39.293181,2026-03-02 03:05:12.293181
261,3029,80.74,1,1,80.74,True,mobile,Semarang,False,2026-01-04 03:37:26.293181,2026-03-02 03:05:12.293181
261,448,49.7,2,2,65.22,False,mobile,Jakarta,False,2026-01-05 18:47:14.293181,2026-03-02 03:05:12.293181
261,2556,19.9,3,3,50.11,False,mobile,Surabaya,False,2026-01-07 08:10:05.293181,2026-03-02 03:05:12.293181
261,681,11.88,4,4,40.56,False,mobile,Semarang,False,2026-01-09 11:43:54.293181,2026-03-02 03:05:12.293181
261,171,63.32,1,5,45.11,False,mobile,Surabaya,False,2026-01-16 15:12:30.293181,2026-03-02 03:05:12.293181
261,1533,59.38,2,6,47.49,True,web,Medan,False,2026-01-18 09:14:59.293181,2026-03-02 03:05:12.293181
261,3338,9.47,3,7,42.06,False,mobile,Bandung,False,2026-01-21 19:32:33.293181,2026-03-02 03:05:12.293181
261,3306,69.56,4,8,45.49,False,mobile,Surabaya,False,2026-01-22 06:54:19.293181,2026-03-02 03:05:12.293181
261,1548,12.95,1,5,42.94,False,web,Semarang,False,2026-02-12 07:49:33.293181,2026-03-02 03:05:12.293181
262,2364,149.12,1,1,149.12,False,mobile,Surabaya,False,2026-01-13 01:25:37.293181,2026-03-02 03:05:12.293181
262,4776,226.7,2,2,187.91,True,mobile,Surabaya,False,2026-01-17 02:45:51.293181,2026-03-02 03:05:12.293181
262,784,130.48,3,3,168.77,True,mobile,Medan,False,2026-01-18 05:13:18.293181,2026-03-02 03:05:12.293181
262,4704,27.59,1,4,133.47,False,web,Medan,False,2026-01-28 11:32:15.293181,2026-03-02 03:05:12.293181
262,707,128.6,2,5,132.5,False,mobile,Jakarta,False,2026-01-30 14:29:54.293181,2026-03-02 03:05:12.293181
262,4550,242.83,1,3,133.01,False,web,Medan,False,2026-02-19 15:30:32.293181,2026-03-02 03:05:12.293181
262,2368,144.27,2,4,135.82,False,web,Medan,False,2026-02-20 11:58:17.293181,2026-03-02 03:05:12.293181
262,3747,27.18,1,4,135.72,True,web,Medan,False,2026-03-01 10:34:43.293181,2026-03-02 03:05:12.293181
263,3753,32.88,1,1,32.88,False,web,Medan,False,2026-01-01 02:08:28.293181,2026-03-02 03:05:12.293181
263,2264,301.35,2,2,167.12,False,web,Surabaya,False,2026-01-01 17:01:26.293181,2026-03-02 03:05:12.293181
263,4348,44.37,3,3,126.2,False,mobile,Medan,False,2026-01-02 13:11:29.293181,2026-03-02 03:05:12.293181
263,4031,49.0,4,4,106.9,False,mobile,Medan,False,2026-01-06 20:00:32.293181,2026-03-02 03:05:12.293181
263,2039,35.42,1,5,92.6,False,mobile,Medan,False,2026-01-15 10:08:32.293181,2026-03-02 03:05:12.293181
263,2672,50.22,1,6,85.54,False,mobile,Medan,False,2026-01-29 03:36:39.293181,2026-03-02 03:05:12.293181
263,2928,140.75,1,3,75.46,False,web,Surabaya,True,2026-02-09 19:48:08.293181,2026-03-02 03:05:12.293181
264,3230,9.39,1,1,9.39,False,mobile,Surabaya,False,2026-01-01 09:03:10.293181,2026-03-02 03:05:12.293181
264,795,7.46,2,2,8.43,False,mobile,Bandung,False,2026-01-05 15:39:28.293181,2026-03-02 03:05:12.293181
264,4896,428.24,2,3,148.36,True,web,Bandung,False,2026-01-10 00:18:23.293181,2026-03-02 03:05:12.293181
264,4851,114.88,3,4,139.99,True,mobile,Bandung,False,2026-01-11 02:44:41.293181,2026-03-02 03:05:12.293181
264,324,73.5,3,5,126.69,False,mobile,Medan,False,2026-01-15 03:02:25.293181,2026-03-02 03:05:12.293181
264,3322,103.38,4,6,122.81,False,mobile,Surabaya,False,2026-01-16 11:12:15.293181,2026-03-02 03:05:12.293181
264,2843,323.61,3,7,151.49,True,mobile,Semarang,False,2026-01-18 08:57:32.293181,2026-03-02 03:05:12.293181
264,3196,22.87,2,8,135.42,True,mobile,Jakarta,False,2026-01-25 05:09:29.293181,2026-03-02 03:05:12.293181
264,3633,7.57,1,7,153.44,True,mobile,Jakarta,False,2026-02-08 19:25:06.293181,2026-03-02 03:05:12.293181
264,1475,129.46,2,5,117.38,True,mobile,Surabaya,False,2026-02-14 21:20:43.293181,2026-03-02 03:05:12.293181
264,2756,42.06,2,4,50.49,False,web,Surabaya,False,2026-02-20 16:59:16.293181,2026-03-02 03:05:12.293181
265,3071,371.13,1,1,371.13,False,mobile,Jakarta,False,2026-01-01 02:15:02.293181,2026-03-02 03:05:12.293181
265,299,25.18,1,2,198.16,False,mobile,Medan,True,2026-01-08 20:42:09.293181,2026-03-02 03:05:12.293181
265,1173,63.42,1,3,153.24,False,mobile,Semarang,False,2026-01-21 03:11:46.293181,2026-03-02 03:05:12.293181
265,2662,43.14,1,2,53.28,False,mobile,Bandung,False,2026-02-10 09:05:50.293181,2026-03-02 03:05:12.293181
265,4615,318.89,2,3,141.82,False,web,Jakarta,True,2026-02-13 19:19:46.293181,2026-03-02 03:05:12.293181
266,3317,331.66,1,1,331.66,True,mobile,Bandung,False,2026-01-03 03:28:58.293181,2026-03-02 03:05:12.293181
266,2978,73.4,2,2,202.53,True,mobile,Surabaya,False,2026-01-03 13:51:16.293181,2026-03-02 03:05:12.293181
266,1485,438.88,1,3,281.31,True,mobile,Jakarta,False,2026-01-25 03:36:57.293181,2026-03-02 03:05:12.293181
266,2882,21.03,1,2,229.96,False,mobile,Jakarta,False,2026-02-03 14:17:51.293181,2026-03-02 03:05:12.293181
266,3415,41.87,2,3,167.26,False,mobile,Semarang,False,2026-02-04 06:55:50.293181,2026-03-02 03:05:12.293181
266,3103,19.31,3,4,130.27,False,mobile,Bandung,False,2026-02-06 05:51:50.293181,2026-03-02 03:05:12.293181
266,3091,12.33,2,5,106.68,False,web,Bandung,False,2026-02-11 09:05:41.293181,2026-03-02 03:05:12.293181
266,4552,38.7,1,6,95.35,False,mobile,Medan,False,2026-02-18 14:31:10.293181,2026-03-02 03:05:12.293181
266,848,196.58,2,7,109.81,False,mobile,Surabaya,False,2026-02-18 20:45:33.293181,2026-03-02 03:05:12.293181
266,1431,704.06,3,8,184.09,True,mobile,Jakarta,False,2026-02-21 02:33:02.293181,2026-03-02 03:05:12.293181
267,4374,38.47,1,1,38.47,False,mobile,Bandung,False,2026-01-06 10:19:00.293181,2026-03-02 03:05:12.293181
267,2053,14.98,1,2,26.72,False,mobile,Semarang,False,2026-01-22 06:09:48.293181,2026-03-02 03:05:12.293181
267,4588,99.64,1,3,51.03,False,web,Semarang,False,2026-01-30 08:57:44.293181,2026-03-02 03:05:12.293181
267,893,19.59,2,4,43.17,True,mobile,Jakarta,False,2026-02-01 09:21:46.293181,2026-03-02 03:05:12.293181
267,718,61.11,1,4,48.83,False,web,Semarang,False,2026-02-09 18:18:58.293181,2026-03-02 03:05:12.293181
267,3903,280.19,1,4,115.13,False,web,Bandung,False,2026-02-23 22:46:09.293181,2026-03-02 03:05:12.293181
267,3737,23.6,2,5,96.83,False,mobile,Medan,False,2026-02-26 16:06:38.293181,2026-03-02 03:05:12.293181
268,1121,1.3,1,1,1.3,False,mobile,Medan,False,2026-01-09 06:06:39.293181,2026-03-02 03:05:12.293181
268,473,119.34,2,2,60.32,False,mobile,Surabaya,False,2026-01-15 19:50:15.293181,2026-03-02 03:05:12.293181
268,2484,68.44,1,2,93.89,False,mobile,Surabaya,False,2026-02-11 18:22:58.293181,2026-03-02 03:05:12.293181
268,1308,68.42,1,2,68.43,False,web,Bandung,False,2026-02-26 19:14:31.293181,2026-03-02 03:05:12.293181
269,3929,35.27,1,1,35.27,False,web,Surabaya,False,2026-01-14 10:17:16.293181,2026-03-02 03:05:12.293181
269,3377,214.4,2,2,124.84,False,web,Bandung,False,2026-01-15 11:00:42.293181,2026-03-02 03:05:12.293181
269,1236,270.42,1,3,173.36,False,web,Medan,False,2026-01-30 15:39:33.293181,2026-03-02 03:05:12.293181
269,2773,20.12,2,4,135.05,False,mobile,Surabaya,False,2026-02-06 05:37:41.293181,2026-03-02 03:05:12.293181
269,3596,137.52,1,4,160.62,True,mobile,Surabaya,False,2026-02-14 06:53:26.293181,2026-03-02 03:05:12.293181
269,4161,82.51,2,4,127.64,True,mobile,Medan,False,2026-02-14 16:03:04.293181,2026-03-02 03:05:12.293181
269,2352,9.44,3,5,104.0,False,mobile,Bandung,False,2026-02-19 05:34:03.293181,2026-03-02 03:05:12.293181
269,2483,152.62,3,6,112.11,True,mobile,Bandung,False,2026-02-21 14:02:16.293181,2026-03-02 03:05:12.293181
269,4102,21.13,3,7,99.11,False,mobile,Semarang,False,2026-02-23 05:14:47.293181,2026-03-02 03:05:12.293181
270,3056,19.25,1,1,19.25,False,mobile,Medan,False,2026-01-06 05:27:34.293181,2026-03-02 03:05:12.293181
270,3421,31.67,1,2,25.46,False,web,Medan,False,2026-01-21 21:44:23.293181,2026-03-02 03:05:12.293181
270,3716,27.21,1,3,26.04,False,mobile,Medan,False,2026-02-03 02:12:44.293181,2026-03-02 03:05:12.293181
270,2551,19.83,2,4,24.49,False,mobile,Semarang,False,2026-02-03 10:55:35.293181,2026-03-02 03:05:12.293181
270,2031,66.21,1,4,36.23,False,mobile,Surabaya,False,2026-02-10 14:59:13.293181,2026-03-02 03:05:12.293181
270,2778,40.22,2,5,37.03,False,web,Medan,False,2026-02-16 08:21:49.293181,2026-03-02 03:05:12.293181
270,2583,352.72,2,6,89.64,False,mobile,Jakarta,False,2026-02-18 19:37:02.293181,2026-03-02 03:05:12.293181
270,4166,23.02,2,6,88.2,False,mobile,Jakarta,False,2026-02-24 13:59:41.293181,2026-03-02 03:05:12.293181
270,2274,71.21,3,7,85.77,False,web,Medan,False,2026-02-25 09:11:02.293181,2026-03-02 03:05:12.293181
270,1626,89.46,3,8,86.24,False,mobile,Jakarta,False,2026-02-27 15:27:39.293181,2026-03-02 03:05:12.293181
271,3718,175.46,1,1,175.46,False,web,Bandung,False,2026-01-01 14:54:55.293181,2026-03-02 03:05:12.293181
271,279,60.17,2,2,117.82,False,mobile,Jakarta,False,2026-01-02 15:18:19.293181,2026-03-02 03:05:12.293181
271,2732,20.31,3,3,85.31,False,mobile,Jakarta,False,2026-01-06 21:54:13.293181,2026-03-02 03:05:12.293181
271,522,734.52,1,4,247.62,False,web,Bandung,True,2026-01-15 03:22:03.293181,2026-03-02 03:05:12.293181
271,4668,67.05,1,2,400.78,True,web,Jakarta,False,2026-02-07 08:52:56.293181,2026-03-02 03:05:12.293181
271,3820,76.51,2,3,292.69,True,mobile,Surabaya,False,2026-02-08 06:53:52.293181,2026-03-02 03:05:12.293181
271,4215,34.18,1,3,59.25,False,mobile,Semarang,False,2026-02-20 17:34:19.293181,2026-03-02 03:05:12.293181
271,190,12.57,2,4,47.58,False,mobile,Medan,False,2026-02-20 23:45:57.293181,2026-03-02 03:05:12.293181
271,2641,40.59,3,5,46.18,True,web,Bandung,False,2026-02-21 05:42:30.293181,2026-03-02 03:05:12.293181
272,2087,37.68,1,1,37.68,True,web,Medan,False,2026-01-04 05:56:30.293181,2026-03-02 03:05:12.293181
272,1698,21.32,2,2,29.5,False,mobile,Surabaya,False,2026-01-05 23:09:31.293181,2026-03-02 03:05:12.293181
272,444,9.69,3,3,22.9,False,web,Surabaya,False,2026-01-08 16:03:10.293181,2026-03-02 03:05:12.293181
272,861,179.54,4,4,62.06,True,web,Bandung,False,2026-01-11 04:19:04.293181,2026-03-02 03:05:12.293181
272,2228,51.43,1,5,59.93,False,web,Medan,True,2026-01-21 03:20:45.293181,2026-03-02 03:05:12.293181
272,4143,94.29,2,6,65.66,False,mobile,Jakarta,False,2026-01-22 13:11:50.293181,2026-03-02 03:05:12.293181
272,1204,91.38,3,7,69.33,True,web,Surabaya,False,2026-01-25 02:55:03.293181,2026-03-02 03:05:12.293181
272,3957,76.27,1,6,83.77,False,mobile,Semarang,False,2026-02-05 20:13:47.293181,2026-03-02 03:05:12.293181
272,242,187.59,2,7,98.6,True,web,Semarang,False,2026-02-07 06:29:31.293181,2026-03-02 03:05:12.293181
272,2965,612.63,1,6,185.6,False,web,Medan,False,2026-02-17 21:17:05.293181,2026-03-02 03:05:12.293181
272,2367,26.24,2,5,198.82,True,web,Semarang,False,2026-02-22 17:06:53.293181,2026-03-02 03:05:12.293181
272,1828,32.25,3,5,187.0,False,web,Medan,False,2026-02-24 17:58:54.293181,2026-03-02 03:05:12.293181
272,3515,14.54,3,6,158.25,False,mobile,Bandung,False,2026-02-26 01:27:36.293181,2026-03-02 03:05:12.293181
273,3428,28.32,1,1,28.32,True,mobile,Bandung,False,2026-01-04 03:27:59.293181,2026-03-02 03:05:12.293181
273,3834,12.41,2,2,20.37,False,mobile,Medan,False,2026-01-09 04:23:48.293181,2026-03-02 03:05:12.293181
273,4838,79.16,2,3,39.96,False,web,Semarang,False,2026-01-14 07:54:27.293181,2026-03-02 03:05:12.293181
273,269,14.44,1,4,33.58,False,web,Semarang,False,2026-01-26 15:50:04.293181,2026-03-02 03:05:12.293181
273,2301,64.58,2,5,39.78,False,web,Bandung,False,2026-01-26 18:51:50.293181,2026-03-02 03:05:12.293181
273,3339,30.92,1,4,47.28,False,mobile,Bandung,False,2026-02-11 23:56:55.293181,2026-03-02 03:05:12.293181
273,4138,11.13,2,4,30.27,True,mobile,Surabaya,False,2026-02-15 15:01:32.293181,2026-03-02 03:05:12.293181
273,1095,360.67,1,4,116.82,False,web,Medan,True,2026-02-25 18:43:10.293181,2026-03-02 03:05:12.293181
274,4924,64.86,1,1,64.86,True,mobile,Jakarta,False,2026-01-11 19:06:04.293181,2026-03-02 03:05:12.293181
274,2620,54.35,2,2,59.6,True,web,Semarang,False,2026-01-17 23:54:20.293181,2026-03-02 03:05:12.293181
274,3118,106.95,2,3,75.39,False,mobile,Medan,False,2026-01-22 05:18:21.293181,2026-03-02 03:05:12.293181
274,4504,31.08,3,4,64.31,False,mobile,Medan,False,2026-01-23 14:00:49.293181,2026-03-02 03:05:12.293181
274,3556,20.99,1,5,55.65,False,mobile,Bandung,False,2026-02-04 05:38:45.293181,2026-03-02 03:05:12.293181
274,4025,4.25,1,5,43.52,False,mobile,Surabaya,False,2026-02-16 08:39:42.293181,2026-03-02 03:05:12.293181
274,1249,95.75,2,3,40.33,False,mobile,Medan,False,2026-02-23 00:13:45.293181,2026-03-02 03:05:12.293181
274,1653,33.71,2,4,38.67,False,web,Bandung,False,2026-02-25 17:23:34.293181,2026-03-02 03:05:12.293181
274,979,6.11,3,5,32.16,True,mobile,Bandung,False,2026-03-01 15:40:59.293181,2026-03-02 03:05:12.293181
274,113,17.94,3,6,29.79,False,web,Semarang,False,2026-03-02 01:29:00.293181,2026-03-02 03:05:12.293181
275,685,115.02,1,1,115.02,False,mobile,Bandung,False,2025-12-31 21:17:00.293181,2026-03-02 03:05:12.293181
275,3732,34.27,2,2,74.64,True,mobile,Semarang,False,2026-01-03 01:52:22.293181,2026-03-02 03:05:12.293181
275,2753,15.38,3,3,54.89,True,mobile,Surabaya,False,2026-01-03 19:48:15.293181,2026-03-02 03:05:12.293181
275,3258,26.39,1,4,47.76,False,mobile,Surabaya,False,2026-01-14 10:31:15.293181,2026-03-02 03:05:12.293181
275,3971,152.79,2,5,68.77,True,mobile,Bandung,False,2026-01-18 07:59:39.293181,2026-03-02 03:05:12.293181
275,1869,26.66,3,6,61.75,False,mobile,Surabaya,False,2026-01-19 14:22:46.293181,2026-03-02 03:05:12.293181
275,4146,24.78,4,7,56.47,False,mobile,Semarang,False,2026-01-21 02:52:00.293181,2026-03-02 03:05:12.293181
275,65,19.33,1,6,44.22,False,mobile,Bandung,False,2026-02-02 12:26:25.293181,2026-03-02 03:05:12.293181
275,369,102.77,1,6,58.79,False,mobile,Medan,False,2026-02-10 12:36:56.293181,2026-03-02 03:05:12.293181
275,1223,26.65,2,6,58.83,True,web,Jakarta,False,2026-02-14 00:37:38.293181,2026-03-02 03:05:12.293181
275,4519,75.09,2,6,45.88,False,mobile,Bandung,False,2026-02-17 13:32:15.293181,2026-03-02 03:05:12.293181
275,4657,23.9,3,6,45.42,False,mobile,Surabaya,False,2026-02-19 19:50:30.293181,2026-03-02 03:05:12.293181
275,202,81.34,3,6,54.85,False,mobile,Surabaya,False,2026-02-23 02:39:05.293181,2026-03-02 03:05:12.293181
276,952,62.34,1,1,62.34,False,web,Jakarta,False,2026-01-06 08:25:31.293181,2026-03-02 03:05:12.293181
276,1917,61.48,2,2,61.91,True,mobile,Surabaya,False,2026-01-10 22:47:36.293181,2026-03-02 03:05:12.293181
276,1577,44.52,1,3,56.11,False,web,Surabaya,False,2026-01-22 18:19:21.293181,2026-03-02 03:05:12.293181
276,3939,11.21,2,4,44.89,False,web,Bandung,False,2026-01-29 03:05:56.293181,2026-03-02 03:05:12.293181
276,4765,57.18,3,5,47.35,False,web,Bandung,False,2026-01-29 07:42:01.293181,2026-03-02 03:05:12.293181
276,160,13.63,3,6,41.73,False,mobile,Medan,False,2026-02-03 13:31:29.293181,2026-03-02 03:05:12.293181
276,1128,213.42,4,7,66.25,False,mobile,Semarang,False,2026-02-03 17:42:01.293181,2026-03-02 03:05:12.293181
276,4841,139.09,3,7,77.22,False,web,Medan,False,2026-02-05 13:06:22.293181,2026-03-02 03:05:12.293181
276,3499,228.95,4,8,96.18,False,web,Jakarta,False,2026-02-06 06:16:10.293181,2026-03-02 03:05:12.293181
276,3703,33.58,5,8,92.7,False,mobile,Surabaya,False,2026-02-10 02:53:56.293181,2026-03-02 03:05:12.293181
276,721,10.74,2,9,83.59,True,web,Semarang,False,2026-02-15 07:02:38.293181,2026-03-02 03:05:12.293181
276,3818,7.88,3,10,76.02,True,web,Semarang,False,2026-02-15 17:32:52.293181,2026-03-02 03:05:12.293181
276,500,52.08,4,11,73.84,True,mobile,Semarang,False,2026-02-15 17:53:51.293181,2026-03-02 03:05:12.293181
276,4715,28.69,5,12,70.08,False,mobile,Bandung,False,2026-02-16 16:41:55.293181,2026-03-02 03:05:12.293181
277,3877,24.75,1,1,24.75,True,mobile,Medan,False,2026-01-04 13:21:27.293181,2026-03-02 03:05:12.293181
277,1016,9.6,2,2,17.18,False,mobile,Surabaya,False,2026-01-06 04:43:50.293181,2026-03-02 03:05:12.293181
277,907,40.17,3,3,24.84,False,mobile,Medan,False,2026-01-07 11:14:25.293181,2026-03-02 03:05:12.293181
277,388,56.54,4,4,32.76,False,mobile,Medan,False,2026-01-08 08:03:37.293181,2026-03-02 03:05:12.293181
277,238,12.68,5,5,28.75,True,mobile,Surabaya,False,2026-01-11 02:22:33.293181,2026-03-02 03:05:12.293181
277,1398,130.04,1,6,45.63,False,mobile,Bandung,False,2026-01-22 18:40:07.293181,2026-03-02 03:05:12.293181
277,1824,151.14,1,7,60.7,False,mobile,Medan,False,2026-02-02 02:10:47.293181,2026-03-02 03:05:12.293181
277,330,45.84,2,6,72.74,False,mobile,Semarang,False,2026-02-05 23:23:38.293181,2026-03-02 03:05:12.293181
277,4264,28.39,2,4,88.85,False,web,Semarang,True,2026-02-11 23:57:59.293181,2026-03-02 03:05:12.293181
277,1927,39.48,2,5,78.98,True,mobile,Semarang,False,2026-02-14 00:37:01.293181,2026-03-02 03:05:12.293181
277,2008,6.91,2,6,66.97,False,mobile,Medan,False,2026-02-19 17:07:26.293181,2026-03-02 03:05:12.293181
277,3811,36.91,2,6,51.45,True,mobile,Semarang,False,2026-02-22 21:54:08.293181,2026-03-02 03:05:12.293181
277,2579,115.26,3,7,60.56,False,mobile,Medan,False,2026-02-23 01:35:19.293181,2026-03-02 03:05:12.293181
277,286,167.96,4,8,73.99,False,mobile,Jakarta,False,2026-02-25 13:29:05.293181,2026-03-02 03:05:12.293181
278,4098,15.36,1,1,15.36,False,mobile,Bandung,False,2026-01-29 23:22:48.293181,2026-03-02 03:05:12.293181
278,3015,399.35,2,2,207.36,False,mobile,Semarang,False,2026-02-05 15:49:36.293181,2026-03-02 03:05:12.293181
278,3778,29.25,2,3,147.99,True,mobile,Bandung,False,2026-02-07 02:47:33.293181,2026-03-02 03:05:12.293181
278,1480,140.04,3,4,146.0,True,mobile,Surabaya,False,2026-02-07 03:37:07.293181,2026-03-02 03:05:12.293181
278,921,53.57,4,5,127.51,False,mobile,Jakarta,False,2026-02-10 02:28:19.293181,2026-03-02 03:05:12.293181
278,433,225.31,1,6,143.81,False,mobile,Jakarta,False,2026-02-18 17:03:33.293181,2026-03-02 03:05:12.293181
278,1663,42.57,2,7,129.35,False,web,Semarang,False,2026-02-19 14:21:14.293181,2026-03-02 03:05:12.293181
278,4785,13.53,1,8,114.87,False,mobile,Medan,False,2026-02-27 07:39:37.293181,2026-03-02 03:05:12.293181
279,1369,158.44,1,1,158.44,False,web,Surabaya,False,2026-01-05 15:14:48.293181,2026-03-02 03:05:12.293181
279,4234,73.61,1,2,116.02,False,web,Jakarta,False,2026-01-12 23:51:04.293181,2026-03-02 03:05:12.293181
279,516,24.42,2,3,85.49,True,mobile,Semarang,False,2026-01-17 23:09:03.293181,2026-03-02 03:05:12.293181
279,3832,104.8,3,4,90.32,True,mobile,Medan,False,2026-01-18 20:50:52.293181,2026-03-02 03:05:12.293181
279,3595,116.35,3,5,95.52,False,mobile,Jakarta,False,2026-01-23 23:23:27.293181,2026-03-02 03:05:12.293181
279,1583,10.79,1,6,81.4,True,mobile,Semarang,False,2026-02-01 12:37:45.293181,2026-03-02 03:05:12.293181
279,4511,365.57,2,7,122.0,False,mobile,Medan,False,2026-02-04 10:28:55.293181,2026-03-02 03:05:12.293181
279,2846,59.65,3,7,107.88,True,web,Semarang,False,2026-02-08 07:24:24.293181,2026-03-02 03:05:12.293181
279,1957,38.93,3,8,99.26,True,mobile,Bandung,False,2026-02-08 13:25:29.293181,2026-03-02 03:05:12.293181
279,4782,133.98,3,9,103.12,False,mobile,Medan,False,2026-02-11 17:18:38.293181,2026-03-02 03:05:12.293181
279,2779,25.69,3,9,97.8,True,mobile,Jakarta,False,2026-02-15 12:14:50.293181,2026-03-02 03:05:12.293181
279,3473,26.73,1,7,94.48,False,web,Semarang,False,2026-02-26 11:37:02.293181,2026-03-02 03:05:12.293181
280,3430,110.81,1,1,110.81,True,web,Surabaya,False,2026-01-04 16:06:30.293181,2026-03-02 03:05:12.293181
280,1731,60.0,2,2,85.4,False,mobile,Medan,False,2026-01-05 04:18:44.293181,2026-03-02 03:05:12.293181
280,2812,8.38,3,3,59.73,False,web,Surabaya,False,2026-01-06 12:22:02.293181,2026-03-02 03:05:12.293181
280,3159,10.58,4,4,47.44,False,mobile,Semarang,False,2026-01-06 21:41:47.293181,2026-03-02 03:05:12.293181
280,4792,59.83,5,5,49.92,False,web,Medan,False,2026-01-08 19:26:31.293181,2026-03-02 03:05:12.293181
280,4462,201.86,6,6,75.24,False,mobile,Surabaya,False,2026-01-09 02:22:04.293181,2026-03-02 03:05:12.293181
280,2893,259.73,1,7,101.6,True,mobile,Medan,False,2026-01-18 11:42:18.293181,2026-03-02 03:05:12.293181
280,4093,18.18,2,8,91.17,False,mobile,Bandung,False,2026-01-19 04:22:15.293181,2026-03-02 03:05:12.293181
280,955,17.92,3,9,83.03,False,web,Jakarta,False,2026-01-21 17:53:05.293181,2026-03-02 03:05:12.293181
280,586,55.25,1,10,80.25,False,mobile,Semarang,False,2026-02-02 12:23:59.293181,2026-03-02 03:05:12.293181
280,14,182.47,2,7,113.61,False,mobile,Semarang,False,2026-02-06 16:11:29.293181,2026-03-02 03:05:12.293181
280,31,40.1,2,6,95.61,False,mobile,Medan,False,2026-02-09 21:59:45.293181,2026-03-02 03:05:12.293181
281,877,56.23,1,1,56.23,False,mobile,Semarang,False,2025-12-31 04:34:33.293181,2026-03-02 03:05:12.293181
281,2082,466.04,1,2,261.14,True,mobile,Bandung,False,2026-01-11 13:17:28.293181,2026-03-02 03:05:12.293181
281,767,25.65,2,3,182.64,False,mobile,Medan,False,2026-01-15 14:46:59.293181,2026-03-02 03:05:12.293181
281,3727,16.29,2,4,141.05,False,web,Semarang,False,2026-01-21 11:07:14.293181,2026-03-02 03:05:12.293181
281,2728,27.02,2,5,118.25,False,mobile,Bandung,False,2026-01-27 14:38:00.293181,2026-03-02 03:05:12.293181
281,4937,20.13,1,3,21.15,True,mobile,Surabaya,False,2026-02-14 19:24:51.293181,2026-03-02 03:05:12.293181
282,3699,145.09,1,1,145.09,True,mobile,Medan,False,2026-01-04 18:54:41.293181,2026-03-02 03:05:12.293181
282,1463,108.51,2,2,126.8,False,mobile,Medan,False,2026-01-05 19:09:27.293181,2026-03-02 03:05:12.293181
282,384,30.58,3,3,94.73,False,web,Surabaya,False,2026-01-09 07:22:24.293181,2026-03-02 03:05:12.293181
282,4071,102.09,1,4,96.57,True,web,Surabaya,False,2026-01-18 00:47:12.293181,2026-03-02 03:05:12.293181
282,3285,25.62,2,5,82.38,False,mobile,Medan,False,2026-01-19 21:48:07.293181,2026-03-02 03:05:12.293181
282,4466,62.18,1,6,79.01,False,mobile,Semarang,False,2026-01-30 00:45:33.293181,2026-03-02 03:05:12.293181
282,276,94.38,1,5,62.97,True,web,Jakarta,False,2026-02-08 04:43:37.293181,2026-03-02 03:05:12.293181
282,3531,19.83,2,5,60.82,True,web,Bandung,False,2026-02-08 07:23:23.293181,2026-03-02 03:05:12.293181
282,3014,316.15,3,6,103.38,False,mobile,Surabaya,False,2026-02-13 06:57:45.293181,2026-03-02 03:05:12.293181
282,4775,56.06,2,7,96.62,False,mobile,Bandung,False,2026-02-16 05:31:43.293181,2026-03-02 03:05:12.293181
282,1496,319.0,3,7,127.6,False,web,Bandung,False,2026-02-18 07:17:39.293181,2026-03-02 03:05:12.293181
282,1208,28.55,1,7,128.02,False,mobile,Jakarta,False,2026-02-25 08:46:01.293181,2026-03-02 03:05:12.293181
283,591,38.64,1,1,38.64,False,mobile,Semarang,False,2026-01-01 02:34:27.293181,2026-03-02 03:05:12.293181
283,1581,56.65,2,2,47.64,False,mobile,Bandung,False,2026-01-01 17:50:09.293181,2026-03-02 03:05:12.293181
283,574,106.24,3,3,67.18,False,mobile,Jakarta,False,2026-01-05 20:31:13.293181,2026-03-02 03:05:12.293181
283,1516,148.13,3,4,87.42,False,web,Surabaya,False,2026-01-08 12:58:43.293181,2026-03-02 03:05:12.293181
283,3112,44.82,2,5,78.9,False,web,Jakarta,False,2026-01-13 05:20:37.293181,2026-03-02 03:05:12.293181
283,1514,19.81,3,6,69.05,False,mobile,Jakarta,False,2026-01-15 00:46:50.293181,2026-03-02 03:05:12.293181
283,3045,18.63,3,7,61.85,False,mobile,Bandung,False,2026-01-19 03:43:38.293181,2026-03-02 03:05:12.293181
283,4617,19.76,2,8,56.58,True,mobile,Medan,False,2026-01-24 12:45:20.293181,2026-03-02 03:05:12.293181
283,71,71.14,2,9,58.2,False,mobile,Semarang,False,2026-01-28 19:41:19.293181,2026-03-02 03:05:12.293181
283,1542,55.62,3,9,60.09,True,mobile,Medan,False,2026-01-31 03:49:28.293181,2026-03-02 03:05:12.293181
283,4019,51.85,3,9,59.56,False,web,Jakarta,False,2026-02-03 06:57:33.293181,2026-03-02 03:05:12.293181
283,4196,73.82,3,9,55.95,False,mobile,Jakarta,False,2026-02-05 09:15:46.293181,2026-03-02 03:05:12.293181
283,4139,4.72,3,9,40.02,True,mobile,Jakarta,False,2026-02-08 18:16:00.293181,2026-03-02 03:05:12.293181
283,1336,135.11,4,10,49.53,True,web,Jakarta,False,2026-02-08 18:46:40.293181,2026-03-02 03:05:12.293181
283,3077,5.59,3,10,45.6,False,web,Medan,False,2026-02-13 20:56:33.293181,2026-03-02 03:05:12.293181
283,2102,44.66,1,7,53.05,True,web,Surabaya,False,2026-03-01 04:49:23.293181,2026-03-02 03:05:12.293181
284,1203,16.3,1,1,16.3,False,mobile,Jakarta,False,2026-01-01 12:22:45.293181,2026-03-02 03:05:12.293181
284,308,71.48,2,2,43.89,False,web,Medan,False,2026-01-02 04:49:38.293181,2026-03-02 03:05:12.293181
284,526,97.02,3,3,61.6,True,mobile,Semarang,False,2026-01-04 01:01:11.293181,2026-03-02 03:05:12.293181
284,2448,47.12,4,4,57.98,False,mobile,Bandung,False,2026-01-06 10:08:14.293181,2026-03-02 03:05:12.293181
284,2657,151.19,5,5,76.62,False,mobile,Medan,False,2026-01-07 13:11:13.293181,2026-03-02 03:05:12.293181
284,539,28.28,1,6,68.56,True,mobile,Surabaya,False,2026-01-17 07:37:17.293181,2026-03-02 03:05:12.293181
284,193,172.76,1,7,83.45,False,web,Medan,False,2026-01-29 01:18:16.293181,2026-03-02 03:05:12.293181
284,3040,9.25,1,3,70.1,True,web,Bandung,False,2026-02-07 11:45:48.293181,2026-03-02 03:05:12.293181
284,1255,321.76,2,4,133.01,False,web,Bandung,False,2026-02-09 09:09:40.293181,2026-03-02 03:05:12.293181
284,752,131.74,2,5,132.76,False,mobile,Semarang,False,2026-02-16 03:00:25.293181,2026-03-02 03:05:12.293181
284,4055,56.81,2,5,138.46,False,mobile,Surabaya,False,2026-02-16 10:59:31.293181,2026-03-02 03:05:12.293181
284,2783,384.96,3,6,179.55,True,web,Semarang,False,2026-02-21 09:02:05.293181,2026-03-02 03:05:12.293181
284,4354,41.84,4,7,159.87,True,web,Jakarta,False,2026-02-22 16:29:34.293181,2026-03-02 03:05:12.293181
284,1990,36.2,5,8,144.42,False,mobile,Medan,False,2026-02-23 02:56:14.293181,2026-03-02 03:05:12.293181
284,3278,62.55,4,9,135.32,False,mobile,Semarang,False,2026-02-24 22:31:57.293181,2026-03-02 03:05:12.293181
284,4302,70.01,4,9,123.9,True,web,Surabaya,False,2026-03-01 03:51:19.293181,2026-03-02 03:05:12.293181
285,2178,128.11,1,1,128.11,False,mobile,Semarang,False,2026-01-20 09:51:34.293181,2026-03-02 03:05:12.293181
285,421,60.6,2,2,94.36,True,web,Medan,False,2026-01-24 05:40:51.293181,2026-03-02 03:05:12.293181
285,2141,67.18,1,3,85.3,False,mobile,Semarang,False,2026-02-05 14:09:02.293181,2026-03-02 03:05:12.293181
285,4721,71.04,2,4,81.73,False,mobile,Jakarta,False,2026-02-06 14:54:57.293181,2026-03-02 03:05:12.293181
285,4347,63.9,3,5,78.17,True,mobile,Bandung,False,2026-02-08 13:21:37.293181,2026-03-02 03:05:12.293181
285,1181,165.05,4,6,92.65,False,mobile,Surabaya,False,2026-02-11 19:59:47.293181,2026-03-02 03:05:12.293181
285,1171,135.57,1,5,100.55,False,web,Semarang,False,2026-02-27 13:05:38.293181,2026-03-02 03:05:12.293181
285,3919,12.12,2,6,85.81,True,web,Jakarta,False,2026-03-01 09:54:06.293181,2026-03-02 03:05:12.293181
286,3447,172.9,1,1,172.9,False,web,Bandung,False,2026-01-07 13:30:25.293181,2026-03-02 03:05:12.293181
286,4553,110.61,2,2,141.76,False,mobile,Medan,True,2026-01-09 07:43:44.293181,2026-03-02 03:05:12.293181
286,2505,277.01,3,3,186.84,True,mobile,Semarang,False,2026-01-10 19:32:41.293181,2026-03-02 03:05:12.293181
286,3909,119.7,4,4,170.06,False,mobile,Medan,False,2026-01-13 17:05:38.293181,2026-03-02 03:05:12.293181
286,1299,160.68,1,5,168.18,False,mobile,Semarang,False,2026-01-29 22:11:27.293181,2026-03-02 03:05:12.293181
286,123,49.37,1,2,105.02,False,mobile,Bandung,False,2026-02-13 00:15:04.293181,2026-03-02 03:05:12.293181
286,2196,48.2,2,3,86.08,False,mobile,Medan,False,2026-02-13 18:29:14.293181,2026-03-02 03:05:12.293181
286,3299,159.87,3,4,104.53,False,web,Semarang,False,2026-02-17 16:21:08.293181,2026-03-02 03:05:12.293181
286,4346,22.57,1,5,88.14,False,mobile,Medan,False,2026-02-25 03:38:24.293181,2026-03-02 03:05:12.293181
286,3956,122.89,2,6,93.93,False,mobile,Semarang,False,2026-02-25 07:37:36.293181,2026-03-02 03:05:12.293181
286,851,196.44,3,7,108.57,False,mobile,Jakarta,False,2026-02-27 11:29:07.293181,2026-03-02 03:05:12.293181
286,1862,20.85,4,7,88.6,True,web,Bandung,False,2026-03-01 18:10:37.293181,2026-03-02 03:05:12.293181
287,3463,761.48,1,1,761.48,True,web,Medan,True,2026-01-17 21:59:26.293181,2026-03-02 03:05:12.293181
287,862,47.75,2,2,404.62,False,web,Semarang,False,2026-01-21 16:07:20.293181,2026-03-02 03:05:12.293181
287,3758,27.4,3,3,278.88,False,mobile,Semarang,False,2026-01-23 00:37:39.293181,2026-03-02 03:05:12.293181
287,2305,34.44,3,4,217.77,False,mobile,Medan,False,2026-01-26 14:01:08.293181,2026-03-02 03:05:12.293181
287,4370,12.12,4,5,176.64,False,mobile,Jakarta,False,2026-01-27 05:10:57.293181,2026-03-02 03:05:12.293181
287,4620,34.41,4,6,152.93,False,mobile,Medan,False,2026-01-29 01:47:49.293181,2026-03-02 03:05:12.293181
287,613,127.6,1,6,47.29,False,mobile,Bandung,False,2026-02-17 02:17:20.293181,2026-03-02 03:05:12.293181
287,2537,27.42,2,7,44.45,False,mobile,Surabaya,False,2026-02-17 10:24:58.293181,2026-03-02 03:05:12.293181
287,3990,126.96,1,3,93.99,True,web,Semarang,False,2026-03-01 21:53:30.293181,2026-03-02 03:05:12.293181
288,3952,94.53,1,1,94.53,False,web,Bandung,False,2026-01-02 04:57:22.293181,2026-03-02 03:05:12.293181
288,159,108.77,2,2,101.65,True,web,Surabaya,False,2026-01-03 08:09:47.293181,2026-03-02 03:05:12.293181
288,26,138.94,3,3,114.08,False,mobile,Surabaya,False,2026-01-05 19:10:38.293181,2026-03-02 03:05:12.293181
288,3275,386.53,4,4,182.19,False,mobile,Jakarta,False,2026-01-08 04:37:55.293181,2026-03-02 03:05:12.293181
288,3417,15.69,2,5,148.89,False,web,Semarang,False,2026-01-14 15:39:56.293181,2026-03-02 03:05:12.293181
288,2146,2.39,2,6,124.48,False,mobile,Jakarta,False,2026-01-15 08:49:10.293181,2026-03-02 03:05:12.293181
288,577,49.98,3,7,113.83,False,mobile,Medan,False,2026-01-20 20:38:56.293181,2026-03-02 03:05:12.293181
288,2188,51.29,3,8,106.02,False,web,Bandung,False,2026-01-21 16:51:25.293181,2026-03-02 03:05:12.293181
288,2145,14.67,1,9,95.87,False,web,Surabaya,False,2026-01-29 18:28:01.293181,2026-03-02 03:05:12.293181
288,1891,18.96,2,10,88.18,False,web,Medan,False,2026-01-30 22:11:17.293181,2026-03-02 03:05:12.293181
288,2981,12.56,3,8,69.01,False,mobile,Semarang,False,2026-02-04 21:58:09.293181,2026-03-02 03:05:12.293181
288,3197,9.5,3,9,62.4,False,mobile,Surabaya,False,2026-02-05 23:43:02.293181,2026-03-02 03:05:12.293181
288,3502,89.14,1,5,28.97,True,web,Semarang,False,2026-02-22 13:33:44.293181,2026-03-02 03:05:12.293181
288,4742,18.63,2,6,27.24,False,mobile,Surabaya,False,2026-02-25 07:11:11.293181,2026-03-02 03:05:12.293181
289,3136,3.09,1,1,3.09,False,mobile,Jakarta,False,2026-01-05 16:51:21.293181,2026-03-02 03:05:12.293181
289,3723,35.88,2,2,19.48,False,mobile,Jakarta,False,2026-01-08 14:56:28.293181,2026-03-02 03:05:12.293181
289,4534,17.0,3,3,18.66,True,web,Medan,True,2026-01-11 17:08:17.293181,2026-03-02 03:05:12.293181
289,1041,77.85,1,4,33.46,True,web,Surabaya,False,2026-01-24 20:45:26.293181,2026-03-02 03:05:12.293181
289,1293,183.65,2,5,63.49,True,mobile,Jakarta,False,2026-01-25 11:21:01.293181,2026-03-02 03:05:12.293181
289,497,98.87,3,6,69.39,False,mobile,Bandung,False,2026-01-30 22:16:10.293181,2026-03-02 03:05:12.293181
289,4459,4.24,1,5,76.32,False,mobile,Bandung,False,2026-02-10 00:46:30.293181,2026-03-02 03:05:12.293181
289,3342,63.37,1,5,85.6,False,mobile,Semarang,False,2026-02-17 21:23:44.293181,2026-03-02 03:05:12.293181
289,3756,45.85,2,6,78.97,False,mobile,Jakarta,False,2026-02-17 23:09:16.293181,2026-03-02 03:05:12.293181
289,4256,13.52,3,7,69.62,False,web,Bandung,False,2026-02-18 19:46:15.293181,2026-03-02 03:05:12.293181
289,4048,56.45,4,8,67.97,False,mobile,Medan,False,2026-02-20 00:15:43.293181,2026-03-02 03:05:12.293181
289,984,63.91,5,9,67.52,True,web,Bandung,True,2026-02-21 15:00:54.293181,2026-03-02 03:05:12.293181
289,4235,8.37,6,10,61.61,False,mobile,Semarang,False,2026-02-23 03:55:27.293181,2026-03-02 03:05:12.293181
289,2399,13.14,7,11,57.2,False,mobile,Jakarta,False,2026-02-23 04:33:09.293181,2026-03-02 03:05:12.293181
290,472,47.77,1,1,47.77,False,mobile,Bandung,False,2026-01-02 13:57:57.293181,2026-03-02 03:05:12.293181
290,1700,138.4,2,2,93.08,False,mobile,Bandung,False,2026-01-05 03:26:33.293181,2026-03-02 03:05:12.293181
290,1985,45.9,3,3,77.36,False,mobile,Surabaya,False,2026-01-08 08:17:40.293181,2026-03-02 03:05:12.293181
290,2406,118.86,3,4,87.73,True,mobile,Surabaya,True,2026-01-10 21:39:14.293181,2026-03-02 03:05:12.293181
290,4770,153.82,4,5,100.95,True,mobile,Bandung,False,2026-01-11 12:52:42.293181,2026-03-02 03:05:12.293181
290,4210,16.94,4,6,86.95,False,web,Bandung,False,2026-01-13 18:06:05.293181,2026-03-02 03:05:12.293181
290,2217,82.77,4,7,86.35,True,web,Medan,False,2026-01-17 12:53:05.293181,2026-03-02 03:05:12.293181
290,1766,30.58,2,8,79.38,False,mobile,Jakarta,False,2026-01-22 18:38:00.293181,2026-03-02 03:05:12.293181
290,4756,69.7,1,8,82.12,False,web,Jakarta,False,2026-02-03 08:01:02.293181,2026-03-02 03:05:12.293181
290,1091,19.64,1,4,50.67,False,web,Jakarta,False,2026-02-13 20:58:49.293181,2026-03-02 03:05:12.293181
290,4178,327.53,2,4,111.86,False,mobile,Semarang,False,2026-02-20 06:57:29.293181,2026-03-02 03:05:12.293181
290,4940,43.64,2,4,115.13,True,mobile,Semarang,False,2026-02-22 21:52:39.293181,2026-03-02 03:05:12.293181
291,2241,129.4,1,1,129.4,False,web,Medan,False,2026-01-08 00:36:46.293181,2026-03-02 03:05:12.293181
291,4258,115.67,2,2,122.54,False,web,Semarang,False,2026-01-09 20:06:02.293181,2026-03-02 03:05:12.293181
291,142,59.53,3,3,101.53,False,web,Bandung,False,2026-01-14 07:11:14.293181,2026-03-02 03:05:12.293181
291,2951,23.17,2,4,81.94,False,web,Surabaya,False,2026-01-20 19:40:32.293181,2026-03-02 03:05:12.293181
291,4224,13.65,1,5,68.28,False,web,Surabaya,False,2026-02-04 05:44:43.293181,2026-03-02 03:05:12.293181
291,3621,17.08,2,4,28.36,False,mobile,Medan,False,2026-02-10 23:49:13.293181,2026-03-02 03:05:12.293181
291,3587,55.3,2,5,33.75,False,mobile,Semarang,False,2026-02-13 00:52:45.293181,2026-03-02 03:05:12.293181
291,260,177.02,2,5,57.24,False,mobile,Surabaya,False,2026-02-18 18:28:27.293181,2026-03-02 03:05:12.293181
292,764,217.69,1,1,217.69,False,mobile,Jakarta,False,2026-01-01 12:46:55.293181,2026-03-02 03:05:12.293181
292,1149,149.92,1,2,183.8,True,mobile,Surabaya,False,2026-01-25 09:28:25.293181,2026-03-02 03:05:12.293181
292,4836,32.67,2,3,133.43,True,mobile,Medan,False,2026-01-31 03:35:55.293181,2026-03-02 03:05:12.293181
292,1385,47.85,2,3,76.81,True,web,Jakarta,False,2026-02-01 15:52:40.293181,2026-03-02 03:05:12.293181
292,1318,16.34,2,4,61.69,True,mobile,Jakarta,False,2026-02-07 05:02:18.293181,2026-03-02 03:05:12.293181
292,3274,75.01,2,5,64.36,False,web,Jakarta,False,2026-02-10 04:34:05.293181,2026-03-02 03:05:12.293181
292,4067,37.1,1,6,59.82,False,web,Semarang,False,2026-02-17 23:45:34.293181,2026-03-02 03:05:12.293181
292,462,29.45,1,6,39.74,False,mobile,Semarang,False,2026-02-25 15:45:33.293181,2026-03-02 03:05:12.293181
293,1592,215.3,1,1,215.3,False,mobile,Surabaya,True,2026-01-02 06:55:43.293181,2026-03-02 03:05:12.293181
293,2457,60.65,2,2,137.98,False,web,Surabaya,False,2026-01-06 18:43:25.293181,2026-03-02 03:05:12.293181
293,1754,90.96,2,3,122.3,False,mobile,Jakarta,False,2026-01-12 15:29:01.293181,2026-03-02 03:05:12.293181
293,2633,52.57,1,4,104.87,True,web,Jakarta,False,2026-02-01 06:39:37.293181,2026-03-02 03:05:12.293181
293,2767,178.54,1,2,115.56,False,mobile,Surabaya,False,2026-02-11 20:49:58.293181,2026-03-02 03:05:12.293181
293,3151,258.18,2,3,163.1,False,web,Jakarta,False,2026-02-13 21:07:55.293181,2026-03-02 03:05:12.293181
293,335,35.97,1,4,131.32,False,mobile,Medan,False,2026-02-26 01:52:13.293181,2026-03-02 03:05:12.293181
293,4373,98.69,2,5,124.79,True,mobile,Surabaya,False,2026-03-01 07:29:17.293181,2026-03-02 03:05:12.293181
294,1267,4.47,1,1,4.47,False,mobile,Bandung,False,2026-01-05 20:43:21.293181,2026-03-02 03:05:12.293181
294,3471,22.9,2,2,13.68,False,mobile,Semarang,False,2026-01-07 12:05:04.293181,2026-03-02 03:05:12.293181
294,3554,17.94,3,3,15.1,False,mobile,Bandung,False,2026-01-09 07:39:40.293181,2026-03-02 03:05:12.293181
294,4847,11.59,4,4,14.23,False,mobile,Surabaya,False,2026-01-12 00:02:35.293181,2026-03-02 03:05:12.293181
294,3041,131.97,1,5,37.77,False,web,Medan,False,2026-01-22 07:08:41.293181,2026-03-02 03:05:12.293181
294,4778,25.71,1,6,35.76,True,web,Surabaya,False,2026-01-31 08:44:36.293181,2026-03-02 03:05:12.293181
294,2963,23.34,2,7,33.99,False,web,Surabaya,False,2026-02-02 03:31:59.293181,2026-03-02 03:05:12.293181
294,3657,86.57,1,4,66.9,False,web,Bandung,False,2026-02-16 02:22:00.293181,2026-03-02 03:05:12.293181
294,2324,127.25,2,5,78.97,False,mobile,Surabaya,False,2026-02-18 02:09:48.293181,2026-03-02 03:05:12.293181
294,3389,17.71,2,5,56.12,False,web,Bandung,False,2026-02-24 17:24:05.293181,2026-03-02 03:05:12.293181
294,3731,67.25,3,6,57.97,False,mobile,Jakarta,True,2026-02-25 00:52:38.293181,2026-03-02 03:05:12.293181
294,2183,51.62,3,7,57.06,True,mobile,Surabaya,False,2026-02-28 16:38:39.293181,2026-03-02 03:05:12.293181
295,2757,519.56,1,1,519.56,False,web,Semarang,False,2025-12-31 05:58:43.293181,2026-03-02 03:05:12.293181
295,4709,47.53,1,2,283.54,False,mobile,Surabaya,False,2026-01-15 11:51:55.293181,2026-03-02 03:05:12.293181
295,1066,69.64,1,3,212.24,False,web,Medan,False,2026-01-23 21:12:58.293181,2026-03-02 03:05:12.293181
295,4556,86.57,2,4,180.82,False,web,Jakarta,False,2026-01-30 05:31:17.293181,2026-03-02 03:05:12.293181
295,2322,13.67,2,4,54.35,True,mobile,Semarang,False,2026-02-01 20:11:19.293181,2026-03-02 03:05:12.293181
295,3890,169.93,3,5,77.47,False,mobile,Medan,False,2026-02-02 12:11:50.293181,2026-03-02 03:05:12.293181
295,1756,56.65,4,6,74.0,False,mobile,Semarang,False,2026-02-03 16:02:32.293181,2026-03-02 03:05:12.293181
295,938,88.0,1,7,76.0,False,web,Bandung,False,2026-02-11 04:00:07.293181,2026-03-02 03:05:12.293181
295,3061,66.46,2,8,74.81,False,mobile,Surabaya,False,2026-02-13 20:46:14.293181,2026-03-02 03:05:12.293181
295,1417,194.18,2,8,93.14,False,web,Medan,False,2026-02-18 22:06:45.293181,2026-03-02 03:05:12.293181
295,4447,340.72,2,9,120.65,True,web,Bandung,False,2026-02-22 09:16:30.293181,2026-03-02 03:05:12.293181
295,823,186.99,2,9,133.69,False,mobile,Medan,False,2026-02-27 14:01:39.293181,2026-03-02 03:05:12.293181
296,711,98.46,1,1,98.46,True,web,Surabaya,False,2026-01-03 04:46:17.293181,2026-03-02 03:05:12.293181
296,3370,33.11,2,2,65.78,False,web,Bandung,False,2026-01-08 06:36:28.293181,2026-03-02 03:05:12.293181
296,4938,21.13,3,3,50.9,False,mobile,Jakarta,False,2026-01-08 18:54:35.293181,2026-03-02 03:05:12.293181
296,79,79.37,3,4,58.02,False,mobile,Surabaya,False,2026-01-14 18:23:54.293181,2026-03-02 03:05:12.293181
296,3146,40.17,2,5,54.45,False,mobile,Surabaya,False,2026-01-20 11:04:02.293181,2026-03-02 03:05:12.293181
296,3223,10.28,2,6,47.09,False,mobile,Surabaya,False,2026-01-21 20:18:06.293181,2026-03-02 03:05:12.293181
296,1425,111.37,3,7,56.27,False,mobile,Medan,False,2026-01-27 02:16:52.293181,2026-03-02 03:05:12.293181
296,2167,23.32,4,8,52.15,False,web,Medan,False,2026-01-27 02:41:39.293181,2026-03-02 03:05:12.293181
296,3892,15.65,1,6,46.69,False,web,Bandung,False,2026-02-09 17:08:47.293181,2026-03-02 03:05:12.293181
296,4653,104.33,2,7,54.93,False,web,Medan,False,2026-02-12 01:37:16.293181,2026-03-02 03:05:12.293181
296,336,23.01,3,8,50.94,False,web,Medan,False,2026-02-12 02:21:21.293181,2026-03-02 03:05:12.293181
296,1286,194.67,4,9,66.91,False,mobile,Semarang,False,2026-02-12 10:40:35.293181,2026-03-02 03:05:12.293181
296,4882,53.23,1,7,75.08,True,mobile,Semarang,False,2026-02-22 13:57:42.293181,2026-03-02 03:05:12.293181
297,4058,110.88,1,1,110.88,False,mobile,Jakarta,False,2026-01-09 08:02:58.293181,2026-03-02 03:05:12.293181
297,1810,37.45,2,2,74.16,True,mobile,Jakarta,False,2026-01-11 16:40:37.293181,2026-03-02 03:05:12.293181
297,3771,206.19,1,3,118.17,False,mobile,Medan,False,2026-01-19 14:03:42.293181,2026-03-02 03:05:12.293181
297,3369,21.53,2,4,94.01,False,web,Jakarta,False,2026-01-21 23:22:40.293181,2026-03-02 03:05:12.293181
297,431,41.37,3,5,83.48,True,mobile,Semarang,False,2026-01-24 04:54:55.293181,2026-03-02 03:05:12.293181
297,2401,126.24,3,6,90.61,False,mobile,Medan,False,2026-01-28 19:06:12.293181,2026-03-02 03:05:12.293181
297,1571,12.66,2,7,79.47,True,web,Semarang,False,2026-02-01 14:15:33.293181,2026-03-02 03:05:12.293181
297,1062,82.13,3,8,79.81,False,mobile,Jakarta,False,2026-02-03 15:03:49.293181,2026-03-02 03:05:12.293181
297,464,111.82,3,9,83.36,False,mobile,Semarang,False,2026-02-04 22:08:53.293181,2026-03-02 03:05:12.293181
297,775,36.04,1,4,60.66,True,web,Semarang,False,2026-03-01 07:46:37.293181,2026-03-02 03:05:12.293181
298,1200,146.63,1,1,146.63,False,mobile,Jakarta,False,2026-01-08 17:01:10.293181,2026-03-02 03:05:12.293181
298,4554,232.54,1,2,189.58,True,mobile,Surabaya,False,2026-01-25 05:26:15.293181,2026-03-02 03:05:12.293181
298,694,32.47,2,3,137.21,False,mobile,Semarang,False,2026-01-30 09:18:53.293181,2026-03-02 03:05:12.293181
298,4907,43.11,1,3,102.71,False,mobile,Bandung,False,2026-02-09 22:26:36.293181,2026-03-02 03:05:12.293181
298,2447,17.03,1,4,81.29,True,mobile,Surabaya,False,2026-02-21 23:02:29.293181,2026-03-02 03:05:12.293181
298,2805,40.31,2,5,73.09,True,mobile,Bandung,False,2026-02-22 21:52:01.293181,2026-03-02 03:05:12.293181
298,3125,246.32,3,5,75.85,False,web,Bandung,False,2026-02-27 05:57:07.293181,2026-03-02 03:05:12.293181
299,3374,9.59,1,1,9.59,False,mobile,Medan,False,2026-01-05 19:36:32.293181,2026-03-02 03:05:12.293181
299,166,72.13,1,2,40.86,True,mobile,Jakarta,False,2026-01-25 00:49:09.293181,2026-03-02 03:05:12.293181
299,471,151.94,1,3,77.89,True,web,Semarang,False,2026-02-01 01:14:46.293181,2026-03-02 03:05:12.293181
299,3245,660.53,2,4,223.55,False,mobile,Bandung,False,2026-02-03 23:38:48.293181,2026-03-02 03:05:12.293181
299,3743,20.57,3,4,226.29,False,web,Jakarta,False,2026-02-04 23:35:52.293181,2026-03-02 03:05:12.293181
299,3655,56.74,4,5,192.38,False,mobile,Semarang,False,2026-02-06 20:03:37.293181,2026-03-02 03:05:12.293181
299,590,48.34,1,6,168.38,False,web,Medan,False,2026-02-17 13:30:09.293181,2026-03-02 03:05:12.293181
299,4502,18.72,2,7,147.0,True,web,Medan,False,2026-02-21 05:09:48.293181,2026-03-02 03:05:12.293181
299,2520,7.21,3,8,129.52,True,mobile,Bandung,False,2026-02-22 03:27:22.293181,2026-03-02 03:05:12.293181
299,3352,60.72,3,8,128.1,True,mobile,Bandung,False,2026-02-28 00:46:08.293181,2026-03-02 03:05:12.293181
299,1715,3.45,3,9,114.25,True,mobile,Surabaya,False,2026-02-28 14:27:39.293181,2026-03-02 03:05:12.293181
300,4057,87.07,1,1,87.07,False,mobile,Surabaya,False,2026-01-07 03:58:29.293181,2026-03-02 03:05:12.293181
300,439,3.25,1,2,45.16,False,web,Medan,False,2026-01-16 18:26:13.293181,2026-03-02 03:05:12.293181
300,2081,152.3,2,3,80.87,True,mobile,Medan,False,2026-01-17 05:22:20.293181,2026-03-02 03:05:12.293181
300,163,113.98,1,4,89.15,False,web,Surabaya,False,2026-01-28 22:13:33.293181,2026-03-02 03:05:12.293181
300,1877,33.1,2,5,77.94,False,mobile,Bandung,False,2026-02-03 20:35:49.293181,2026-03-02 03:05:12.293181
300,1437,54.97,2,5,71.52,False,mobile,Medan,False,2026-02-09 00:09:57.293181,2026-03-02 03:05:12.293181
300,931,33.43,2,6,65.17,False,mobile,Surabaya,False,2026-02-11 11:09:05.293181,2026-03-02 03:05:12.293181
300,4308,9.54,3,7,57.22,True,mobile,Semarang,False,2026-02-15 04:59:43.293181,2026-03-02 03:05:12.293181
301,3509,15.16,1,1,15.16,False,web,Surabaya,False,2026-01-01 15:58:34.293181,2026-03-02 03:05:12.293181
301,4676,101.13,1,2,58.14,False,mobile,Surabaya,False,2026-01-12 11:28:09.293181,2026-03-02 03:05:12.293181
301,1992,80.34,2,3,65.54,True,mobile,Jakarta,False,2026-01-17 05:26:58.293181,2026-03-02 03:05:12.293181
301,3079,60.37,2,4,64.25,False,web,Medan,False,2026-01-21 11:28:15.293181,2026-03-02 03:05:12.293181
301,3987,38.09,3,5,59.02,False,mobile,Semarang,False,2026-01-23 19:41:48.293181,2026-03-02 03:05:12.293181
301,1570,74.67,3,6,61.63,False,mobile,Jakarta,False,2026-01-26 05:14:40.293181,2026-03-02 03:05:12.293181
301,4245,68.53,4,7,62.61,False,mobile,Medan,False,2026-01-27 11:54:36.293181,2026-03-02 03:05:12.293181
301,1929,62.21,5,8,62.56,False,mobile,Bandung,False,2026-01-28 07:03:44.293181,2026-03-02 03:05:12.293181
301,2143,255.94,4,8,92.66,False,mobile,Bandung,False,2026-02-02 05:04:30.293181,2026-03-02 03:05:12.293181
301,1737,220.04,2,9,106.81,True,web,Semarang,False,2026-02-08 10:43:59.293181,2026-03-02 03:05:12.293181
301,1418,112.14,2,9,108.04,False,web,Semarang,False,2026-02-11 23:04:08.293181,2026-03-02 03:05:12.293181
302,2350,172.25,1,1,172.25,False,mobile,Semarang,False,2026-01-08 23:32:40.293181,2026-03-02 03:05:12.293181
302,35,56.19,1,2,114.22,False,mobile,Semarang,False,2026-01-22 05:14:28.293181,2026-03-02 03:05:12.293181
302,307,91.86,2,3,106.77,False,web,Semarang,False,2026-01-22 15:30:03.293181,2026-03-02 03:05:12.293181
302,310,9.93,3,4,82.56,True,mobile,Bandung,False,2026-01-24 23:17:47.293181,2026-03-02 03:05:12.293181
302,1315,83.59,4,5,82.76,True,web,Bandung,False,2026-01-25 17:42:13.293181,2026-03-02 03:05:12.293181
302,4564,206.89,1,6,103.45,False,mobile,Bandung,False,2026-02-06 18:01:01.293181,2026-03-02 03:05:12.293181
302,1362,13.75,2,6,77.04,False,mobile,Medan,False,2026-02-10 18:44:10.293181,2026-03-02 03:05:12.293181
302,4819,24.78,1,7,69.57,False,mobile,Semarang,False,2026-02-20 10:50:47.293181,2026-03-02 03:05:12.293181
302,1234,25.93,2,4,67.84,False,mobile,Medan,False,2026-02-25 06:53:46.293181,2026-03-02 03:05:12.293181
302,2022,33.74,2,5,61.02,True,mobile,Semarang,False,2026-02-28 09:56:52.293181,2026-03-02 03:05:12.293181
303,16,57.28,1,1,57.28,True,web,Semarang,False,2026-01-11 22:14:21.293181,2026-03-02 03:05:12.293181
303,2424,3.01,1,2,30.14,False,mobile,Bandung,False,2026-01-23 05:58:42.293181,2026-03-02 03:05:12.293181
303,1618,29.83,1,3,30.04,False,mobile,Surabaya,False,2026-02-03 22:41:53.293181,2026-03-02 03:05:12.293181
303,3911,9.79,1,3,14.21,True,mobile,Surabaya,False,2026-02-21 07:18:44.293181,2026-03-02 03:05:12.293181
303,4691,31.35,2,3,23.66,True,mobile,Medan,False,2026-02-22 22:16:12.293181,2026-03-02 03:05:12.293181
304,1076,114.6,1,1,114.6,False,mobile,Surabaya,False,2026-01-01 20:31:55.293181,2026-03-02 03:05:12.293181
304,983,108.73,2,2,111.66,False,mobile,Medan,False,2026-01-07 13:59:54.293181,2026-03-02 03:05:12.293181
304,1135,128.05,1,3,117.13,False,mobile,Surabaya,False,2026-01-16 15:35:07.293181,2026-03-02 03:05:12.293181
304,2040,80.63,1,4,108.0,False,web,Bandung,False,2026-01-30 18:39:04.293181,2026-03-02 03:05:12.293181
304,3334,94.28,2,4,102.92,False,mobile,Medan,False,2026-02-03 03:19:48.293181,2026-03-02 03:05:12.293181
304,3123,19.12,3,5,86.16,False,mobile,Surabaya,False,2026-02-04 13:34:58.293181,2026-03-02 03:05:12.293181
304,2272,19.28,1,5,68.27,False,mobile,Medan,False,2026-02-13 17:27:02.293181,2026-03-02 03:05:12.293181
304,4640,10.64,2,6,58.67,False,mobile,Jakarta,False,2026-02-13 18:51:18.293181,2026-03-02 03:05:12.293181
304,4461,127.76,3,6,58.62,False,mobile,Medan,False,2026-02-18 12:19:45.293181,2026-03-02 03:05:12.293181
305,1382,104.96,1,1,104.96,False,web,Surabaya,False,2026-01-02 14:26:48.293181,2026-03-02 03:05:12.293181
305,4289,153.96,2,2,129.46,False,mobile,Bandung,False,2026-01-05 15:03:45.293181,2026-03-02 03:05:12.293181
305,465,4.26,2,3,87.73,True,mobile,Medan,False,2026-01-11 07:59:53.293181,2026-03-02 03:05:12.293181
305,1343,12.21,3,4,68.85,True,mobile,Jakarta,False,2026-01-11 13:51:52.293181,2026-03-02 03:05:12.293181
305,453,72.85,1,5,69.65,False,mobile,Bandung,False,2026-01-22 03:34:58.293181,2026-03-02 03:05:12.293181
305,4520,443.02,2,6,131.88,True,mobile,Jakarta,False,2026-01-24 03:09:17.293181,2026-03-02 03:05:12.293181
305,3863,119.56,3,7,130.12,False,mobile,Jakarta,False,2026-01-27 10:11:00.293181,2026-03-02 03:05:12.293181
305,863,32.02,3,8,117.86,False,mobile,Jakarta,False,2026-01-29 06:14:11.293181,2026-03-02 03:05:12.293181
305,2532,113.94,4,9,117.42,False,mobile,Semarang,False,2026-01-30 07:43:15.293181,2026-03-02 03:05:12.293181
305,4426,135.76,5,10,119.25,False,mobile,Surabaya,False,2026-01-30 20:32:48.293181,2026-03-02 03:05:12.293181
305,4401,4.19,1,9,104.2,True,web,Bandung,False,2026-02-07 12:50:16.293181,2026-03-02 03:05:12.293181
305,2443,555.8,2,8,184.64,False,mobile,Medan,False,2026-02-12 19:43:28.293181,2026-03-02 03:05:12.293181
306,1976,16.24,1,1,16.24,False,mobile,Bandung,False,2026-01-02 23:42:55.293181,2026-03-02 03:05:12.293181
306,184,14.3,2,2,15.27,False,mobile,Semarang,False,2026-01-06 22:43:15.293181,2026-03-02 03:05:12.293181
306,2086,104.47,3,3,45.0,False,mobile,Surabaya,False,2026-01-08 22:01:44.293181,2026-03-02 03:05:12.293181
306,1303,15.25,3,4,37.56,True,mobile,Jakarta,True,2026-01-10 09:22:10.293181,2026-03-02 03:05:12.293181
306,4672,54.76,3,5,41.0,False,mobile,Semarang,False,2026-01-14 02:47:40.293181,2026-03-02 03:05:12.293181
306,4840,63.77,1,6,44.8,False,mobile,Medan,False,2026-01-22 23:27:21.293181,2026-03-02 03:05:12.293181
306,1167,199.44,1,6,75.33,False,mobile,Bandung,False,2026-02-02 23:52:40.293181,2026-03-02 03:05:12.293181
306,2591,27.96,2,7,68.56,False,mobile,Surabaya,False,2026-02-04 08:54:13.293181,2026-03-02 03:05:12.293181
306,1237,56.51,3,7,74.59,True,web,Surabaya,False,2026-02-07 19:07:45.293181,2026-03-02 03:05:12.293181
306,3712,38.84,4,7,65.22,True,web,Surabaya,False,2026-02-08 15:46:15.293181,2026-03-02 03:05:12.293181
306,2002,11.67,5,7,64.71,False,mobile,Bandung,False,2026-02-09 19:47:05.293181,2026-03-02 03:05:12.293181
306,4707,16.07,4,8,58.63,False,web,Surabaya,False,2026-02-12 13:50:58.293181,2026-03-02 03:05:12.293181
306,3361,45.69,5,9,57.19,False,mobile,Jakarta,False,2026-02-12 21:34:57.293181,2026-03-02 03:05:12.293181
306,2752,68.12,4,9,58.67,False,mobile,Semarang,False,2026-02-16 05:41:34.293181,2026-03-02 03:05:12.293181
306,4356,24.29,1,9,54.29,False,mobile,Jakarta,False,2026-02-24 14:41:57.293181,2026-03-02 03:05:12.293181
306,188,37.1,2,10,52.57,False,mobile,Surabaya,False,2026-02-27 19:15:29.293181,2026-03-02 03:05:12.293181
306,3251,25.41,3,11,50.1,True,mobile,Jakarta,True,2026-02-28 22:56:19.293181,2026-03-02 03:05:12.293181
306,699,21.51,4,12,47.72,True,web,Bandung,False,2026-03-01 07:58:44.293181,2026-03-02 03:05:12.293181
306,2242,25.2,5,13,45.99,True,mobile,Medan,False,2026-03-01 12:06:49.293181,2026-03-02 03:05:12.293181
307,1402,45.73,1,1,45.73,True,web,Bandung,False,2026-01-04 06:40:40.293181,2026-03-02 03:05:12.293181
307,1547,128.91,2,2,87.32,False,mobile,Medan,False,2026-01-08 04:37:30.293181,2026-03-02 03:05:12.293181
307,2280,130.38,2,3,101.67,True,web,Jakarta,False,2026-01-11 11:23:07.293181,2026-03-02 03:05:12.293181
307,4357,34.06,3,4,84.77,False,mobile,Bandung,False,2026-01-13 05:31:32.293181,2026-03-02 03:05:12.293181
307,2496,424.66,4,5,152.75,False,mobile,Jakarta,False,2026-01-15 04:01:31.293181,2026-03-02 03:05:12.293181
307,3866,61.21,1,6,137.49,False,mobile,Surabaya,False,2026-01-27 09:29:26.293181,2026-03-02 03:05:12.293181
307,3893,118.67,1,6,149.65,False,mobile,Bandung,False,2026-02-06 02:11:13.293181,2026-03-02 03:05:12.293181
307,4500,28.58,1,3,69.49,False,mobile,Medan,False,2026-02-17 21:55:44.293181,2026-03-02 03:05:12.293181
307,245,94.15,2,4,75.65,False,mobile,Jakarta,False,2026-02-19 02:08:16.293181,2026-03-02 03:05:12.293181
308,2163,32.87,1,1,32.87,True,mobile,Medan,False,2026-01-17 04:00:54.293181,2026-03-02 03:05:12.293181
308,1087,37.96,2,2,35.42,False,mobile,Medan,False,2026-01-22 21:53:27.293181,2026-03-02 03:05:12.293181
309,24,42.75,1,1,42.75,False,mobile,Jakarta,False,2026-01-02 12:05:49.293181,2026-03-02 03:05:12.293181
309,3305,58.56,1,2,50.66,False,mobile,Medan,False,2026-01-13 06:01:06.293181,2026-03-02 03:05:12.293181
309,2386,32.64,1,3,44.65,False,mobile,Surabaya,False,2026-01-20 17:13:19.293181,2026-03-02 03:05:12.293181
309,4430,33.7,2,4,41.91,False,mobile,Surabaya,False,2026-01-23 11:17:31.293181,2026-03-02 03:05:12.293181
309,3980,59.37,1,5,45.4,True,web,Medan,False,2026-01-31 00:35:00.293181,2026-03-02 03:05:12.293181
309,3588,25.29,1,5,41.91,False,mobile,Semarang,True,2026-02-09 10:09:47.293181,2026-03-02 03:05:12.293181
309,2515,35.91,1,5,37.38,False,mobile,Jakarta,False,2026-02-18 03:29:15.293181,2026-03-02 03:05:12.293181
309,957,63.4,2,6,41.72,False,web,Jakarta,False,2026-02-18 06:25:56.293181,2026-03-02 03:05:12.293181
309,2890,32.1,3,6,41.63,False,mobile,Medan,False,2026-02-20 02:22:09.293181,2026-03-02 03:05:12.293181
309,2903,225.3,4,6,73.56,False,mobile,Bandung,False,2026-02-23 19:35:24.293181,2026-03-02 03:05:12.293181
310,4285,109.67,1,1,109.67,False,web,Surabaya,False,2025-12-31 13:56:08.293181,2026-03-02 03:05:12.293181
310,543,39.85,2,2,74.76,False,mobile,Bandung,False,2026-01-06 20:53:52.293181,2026-03-02 03:05:12.293181
310,2648,35.87,2,3,61.8,False,web,Jakarta,False,2026-01-12 13:24:19.293181,2026-03-02 03:05:12.293181
310,2091,149.86,2,4,83.81,True,mobile,Semarang,False,2026-01-18 21:39:14.293181,2026-03-02 03:05:12.293181
310,2461,338.62,2,5,134.77,False,mobile,Surabaya,False,2026-01-23 09:50:51.293181,2026-03-02 03:05:12.293181
310,3979,61.98,2,6,122.64,False,web,Medan,False,2026-01-26 11:51:10.293181,2026-03-02 03:05:12.293181
310,3132,21.2,1,6,107.9,False,web,Medan,False,2026-02-02 21:55:27.293181,2026-03-02 03:05:12.293181
310,2953,36.26,1,5,121.58,False,mobile,Jakarta,False,2026-02-12 16:38:09.293181,2026-03-02 03:05:12.293181
310,59,35.63,2,6,107.26,False,mobile,Bandung,False,2026-02-13 19:13:55.293181,2026-03-02 03:05:12.293181
310,4013,106.02,3,7,107.08,True,mobile,Surabaya,False,2026-02-14 21:20:12.293181,2026-03-02 03:05:12.293181
310,1408,289.78,1,6,91.81,False,mobile,Surabaya,False,2026-02-24 11:42:49.293181,2026-03-02 03:05:12.293181
311,1051,37.94,1,1,37.94,True,mobile,Jakarta,False,2026-01-04 05:05:17.293181,2026-03-02 03:05:12.293181
311,1774,17.57,2,2,27.76,False,mobile,Jakarta,False,2026-01-06 12:58:47.293181,2026-03-02 03:05:12.293181
311,3182,69.63,3,3,41.71,False,web,Jakarta,False,2026-01-07 09:36:57.293181,2026-03-02 03:05:12.293181
311,776,323.4,2,4,112.14,False,mobile,Semarang,False,2026-01-14 01:19:06.293181,2026-03-02 03:05:12.293181
311,1302,17.57,2,5,93.22,False,mobile,Jakarta,False,2026-01-14 15:35:29.293181,2026-03-02 03:05:12.293181
311,3695,24.11,3,6,81.7,True,mobile,Medan,False,2026-01-17 08:12:59.293181,2026-03-02 03:05:12.293181
311,706,24.49,4,7,73.53,True,web,Bandung,False,2026-01-18 18:02:11.293181,2026-03-02 03:05:12.293181
311,3320,2.84,4,8,64.69,False,mobile,Bandung,True,2026-01-21 03:33:36.293181,2026-03-02 03:05:12.293181
311,2258,66.06,3,9,64.85,True,mobile,Surabaya,False,2026-01-24 20:21:35.293181,2026-03-02 03:05:12.293181
311,1050,118.74,2,10,70.23,False,mobile,Jakarta,True,2026-01-29 09:32:01.293181,2026-03-02 03:05:12.293181
311,281,34.64,1,3,73.15,False,web,Surabaya,False,2026-02-20 05:43:44.293181,2026-03-02 03:05:12.293181
311,1784,81.19,2,3,78.19,False,web,Surabaya,False,2026-02-25 20:38:23.293181,2026-03-02 03:05:12.293181
312,110,63.21,1,1,63.21,True,web,Jakarta,False,2026-01-03 06:11:29.293181,2026-03-02 03:05:12.293181
312,2198,99.4,2,2,81.31,False,mobile,Medan,True,2026-01-09 07:53:07.293181,2026-03-02 03:05:12.293181
312,1508,78.56,1,3,80.39,False,web,Surabaya,False,2026-01-28 13:17:11.293181,2026-03-02 03:05:12.293181
312,2731,19.46,1,2,49.01,True,mobile,Bandung,False,2026-02-15 22:24:02.293181,2026-03-02 03:05:12.293181
312,2937,59.89,2,3,52.64,False,web,Semarang,False,2026-02-16 10:04:23.293181,2026-03-02 03:05:12.293181
312,2074,153.21,3,4,77.78,True,web,Bandung,False,2026-02-22 05:31:36.293181,2026-03-02 03:05:12.293181
312,232,21.65,2,5,66.55,False,web,Semarang,False,2026-02-24 16:54:02.293181,2026-03-02 03:05:12.293181
313,1321,166.93,1,1,166.93,False,mobile,Semarang,False,2026-01-19 07:28:58.293181,2026-03-02 03:05:12.293181
313,2485,181.06,2,2,174.0,False,mobile,Medan,False,2026-01-19 23:47:00.293181,2026-03-02 03:05:12.293181
313,1894,3.88,1,3,117.29,False,mobile,Jakarta,False,2026-02-03 07:59:06.293181,2026-03-02 03:05:12.293181
313,3290,121.94,1,4,118.45,False,mobile,Bandung,False,2026-02-10 10:12:50.293181,2026-03-02 03:05:12.293181
313,4674,11.7,2,5,97.1,False,web,Bandung,True,2026-02-11 16:48:41.293181,2026-03-02 03:05:12.293181
313,1150,73.18,3,6,93.12,False,web,Jakarta,False,2026-02-13 15:55:19.293181,2026-03-02 03:05:12.293181
313,3626,216.99,4,7,110.81,False,web,Semarang,False,2026-02-16 04:51:40.293181,2026-03-02 03:05:12.293181
313,4824,9.69,4,7,88.35,False,mobile,Semarang,False,2026-02-18 10:21:39.293181,2026-03-02 03:05:12.293181
313,1707,110.71,4,8,91.14,False,web,Jakarta,False,2026-02-18 19:50:46.293181,2026-03-02 03:05:12.293181
313,815,45.91,4,8,74.25,True,mobile,Medan,False,2026-02-21 01:09:17.293181,2026-03-02 03:05:12.293181
313,2613,68.11,2,9,73.57,False,mobile,Semarang,False,2026-02-26 04:56:41.293181,2026-03-02 03:05:12.293181
313,3441,37.63,2,10,69.97,True,web,Surabaya,True,2026-02-28 07:25:42.293181,2026-03-02 03:05:12.293181
314,519,51.33,1,1,51.33,False,mobile,Surabaya,False,2026-01-20 15:14:56.293181,2026-03-02 03:05:12.293181
314,3047,399.51,1,2,225.42,True,web,Bandung,False,2026-02-01 03:44:42.293181,2026-03-02 03:05:12.293181
314,3326,350.73,2,3,267.19,True,mobile,Bandung,False,2026-02-01 18:38:10.293181,2026-03-02 03:05:12.293181
314,2989,28.57,1,4,207.54,True,mobile,Jakarta,False,2026-02-14 05:14:53.293181,2026-03-02 03:05:12.293181
314,869,72.57,2,5,180.54,False,web,Medan,False,2026-02-19 11:56:36.293181,2026-03-02 03:05:12.293181
314,4532,114.87,2,5,193.25,False,mobile,Surabaya,False,2026-02-24 13:52:37.293181,2026-03-02 03:05:12.293181
314,3405,21.68,3,6,164.66,False,web,Medan,False,2026-02-24 14:46:10.293181,2026-03-02 03:05:12.293181
315,3853,21.84,1,1,21.84,False,mobile,Medan,False,2026-01-06 08:34:53.293181,2026-03-02 03:05:12.293181
315,2046,17.08,2,2,19.46,True,web,Bandung,False,2026-01-10 15:15:45.293181,2026-03-02 03:05:12.293181
315,2764,142.36,3,3,60.43,False,mobile,Bandung,False,2026-01-13 02:34:40.293181,2026-03-02 03:05:12.293181
315,2193,69.38,3,4,62.67,False,web,Medan,False,2026-01-13 21:35:03.293181,2026-03-02 03:05:12.293181
315,3686,28.64,4,5,55.86,False,web,Jakarta,False,2026-01-16 07:40:59.293181,2026-03-02 03:05:12.293181
315,2442,75.46,3,6,59.13,False,mobile,Jakarta,False,2026-01-20 14:01:51.293181,2026-03-02 03:05:12.293181
315,2916,7.46,3,7,51.75,False,mobile,Semarang,False,2026-01-21 23:44:19.293181,2026-03-02 03:05:12.293181
315,3117,67.55,1,8,53.72,False,web,Medan,False,2026-01-30 14:11:13.293181,2026-03-02 03:05:12.293181
315,4636,807.89,2,9,137.52,False,mobile,Jakarta,False,2026-02-03 22:34:40.293181,2026-03-02 03:05:12.293181
315,4287,114.77,3,10,135.24,False,web,Jakarta,False,2026-02-05 04:50:53.293181,2026-03-02 03:05:12.293181
315,4690,5.08,1,5,200.55,False,mobile,Medan,False,2026-02-20 18:44:07.293181,2026-03-02 03:05:12.293181
316,1939,77.27,1,1,77.27,False,web,Bandung,False,2026-01-02 09:48:39.293181,2026-03-02 03:05:12.293181
316,1125,31.57,2,2,54.42,True,mobile,Bandung,False,2026-01-03 00:02:06.293181,2026-03-02 03:05:12.293181
316,3330,155.66,3,3,88.17,False,mobile,Semarang,False,2026-01-06 03:10:04.293181,2026-03-02 03:05:12.293181
316,4131,39.37,1,4,75.97,False,web,Medan,False,2026-01-13 15:07:10.293181,2026-03-02 03:05:12.293181
316,2719,17.94,2,5,64.36,False,mobile,Semarang,False,2026-01-16 22:56:15.293181,2026-03-02 03:05:12.293181
316,3213,35.0,3,6,59.47,True,mobile,Semarang,False,2026-01-18 23:35:15.293181,2026-03-02 03:05:12.293181
316,4828,29.7,4,7,55.22,False,web,Jakarta,False,2026-01-19 16:49:04.293181,2026-03-02 03:05:12.293181
316,4402,42.32,1,6,53.33,False,mobile,Semarang,False,2026-02-05 00:28:18.293181,2026-03-02 03:05:12.293181
316,763,251.25,1,4,89.57,False,mobile,Jakarta,False,2026-02-17 22:41:26.293181,2026-03-02 03:05:12.293181
316,3507,13.95,2,3,102.51,False,mobile,Surabaya,False,2026-02-20 05:37:09.293181,2026-03-02 03:05:12.293181
317,4313,95.75,1,1,95.75,False,mobile,Semarang,False,2025-12-31 09:45:06.293181,2026-03-02 03:05:12.293181
317,4682,55.23,1,2,75.49,False,web,Bandung,False,2026-01-16 18:04:51.293181,2026-03-02 03:05:12.293181
317,75,145.48,2,3,98.82,False,mobile,Jakarta,False,2026-01-20 03:25:37.293181,2026-03-02 03:05:12.293181
317,1665,14.1,3,4,77.64,False,mobile,Bandung,False,2026-01-21 21:46:40.293181,2026-03-02 03:05:12.293181
317,2249,72.05,4,5,76.52,False,web,Semarang,False,2026-01-21 23:44:22.293181,2026-03-02 03:05:12.293181
317,1305,331.18,4,6,118.96,True,mobile,Surabaya,False,2026-01-25 06:24:45.293181,2026-03-02 03:05:12.293181
317,2589,37.24,5,7,107.29,False,web,Semarang,False,2026-01-26 16:06:26.293181,2026-03-02 03:05:12.293181
317,2338,136.85,3,7,113.16,True,mobile,Medan,False,2026-01-31 07:33:04.293181,2026-03-02 03:05:12.293181
317,3153,16.06,2,8,101.02,False,mobile,Surabaya,False,2026-02-02 22:51:45.293181,2026-03-02 03:05:12.293181
317,4127,24.51,1,8,97.18,False,web,Medan,False,2026-02-16 03:42:39.293181,2026-03-02 03:05:12.293181
318,4165,80.35,1,1,80.35,False,mobile,Semarang,False,2026-01-05 09:34:04.293181,2026-03-02 03:05:12.293181
318,1888,56.78,1,2,68.56,False,mobile,Jakarta,False,2026-01-12 11:31:42.293181,2026-03-02 03:05:12.293181
318,1790,101.13,1,3,79.42,False,mobile,Semarang,False,2026-02-02 12:20:46.293181,2026-03-02 03:05:12.293181
318,618,81.54,2,3,79.82,False,web,Medan,False,2026-02-05 03:46:24.293181,2026-03-02 03:05:12.293181
318,4730,134.23,3,4,93.42,False,mobile,Semarang,False,2026-02-06 18:24:44.293181,2026-03-02 03:05:12.293181
318,1319,115.86,1,4,108.19,False,mobile,Surabaya,False,2026-02-17 06:05:03.293181,2026-03-02 03:05:12.293181
318,798,204.71,2,5,127.49,False,mobile,Semarang,False,2026-02-17 19:27:05.293181,2026-03-02 03:05:12.293181
318,3380,16.8,3,6,109.04,False,mobile,Semarang,False,2026-02-20 03:31:37.293181,2026-03-02 03:05:12.293181
318,4413,12.92,4,7,95.31,True,web,Bandung,False,2026-02-21 10:59:54.293181,2026-03-02 03:05:12.293181
318,1710,135.11,2,8,100.29,False,web,Jakarta,False,2026-02-27 18:04:46.293181,2026-03-02 03:05:12.293181
318,467,45.57,2,9,94.21,True,mobile,Medan,False,2026-02-28 20:45:40.293181,2026-03-02 03:05:12.293181
319,2192,58.81,1,1,58.81,False,mobile,Semarang,False,2026-01-02 05:32:28.293181,2026-03-02 03:05:12.293181
319,1034,101.49,2,2,80.15,False,mobile,Medan,False,2026-01-05 01:23:46.293181,2026-03-02 03:05:12.293181
319,1487,22.46,2,3,60.92,False,mobile,Medan,False,2026-01-09 11:06:49.293181,2026-03-02 03:05:12.293181
319,2745,52.66,1,4,58.86,False,mobile,Bandung,False,2026-01-30 22:45:25.293181,2026-03-02 03:05:12.293181
319,978,209.84,2,4,96.61,False,mobile,Bandung,False,2026-02-02 20:56:49.293181,2026-03-02 03:05:12.293181
319,496,77.62,1,3,113.37,True,mobile,Semarang,False,2026-03-01 02:45:46.293181,2026-03-02 03:05:12.293181
320,3129,39.31,1,1,39.31,True,mobile,Surabaya,False,2026-01-04 10:02:40.293181,2026-03-02 03:05:12.293181
320,3288,78.65,2,2,58.98,False,mobile,Semarang,False,2026-01-06 07:28:39.293181,2026-03-02 03:05:12.293181
320,736,159.07,3,3,92.34,True,web,Medan,False,2026-01-10 05:05:18.293181,2026-03-02 03:05:12.293181
320,2599,42.67,1,4,79.92,False,mobile,Surabaya,False,2026-01-30 16:32:04.293181,2026-03-02 03:05:12.293181
320,1643,361.32,2,4,160.43,False,mobile,Jakarta,False,2026-02-04 08:48:58.293181,2026-03-02 03:05:12.293181
320,2079,17.37,3,5,131.82,False,mobile,Semarang,False,2026-02-05 00:33:09.293181,2026-03-02 03:05:12.293181
320,2409,98.2,1,4,129.89,False,mobile,Semarang,False,2026-02-20 01:31:01.293181,2026-03-02 03:05:12.293181
321,3916,36.78,1,1,36.78,False,mobile,Bandung,False,2025-12-31 12:18:49.293181,2026-03-02 03:05:12.293181
321,1361,82.06,2,2,59.42,False,web,Semarang,False,2026-01-01 12:53:35.293181,2026-03-02 03:05:12.293181
321,895,219.38,3,3,112.74,True,web,Jakarta,False,2026-01-03 03:21:55.293181,2026-03-02 03:05:12.293181
321,1657,34.01,1,4,93.06,True,mobile,Bandung,False,2026-01-18 12:01:43.293181,2026-03-02 03:05:12.293181
321,227,66.76,2,5,87.8,False,mobile,Bandung,False,2026-01-21 04:37:24.293181,2026-03-02 03:05:12.293181
321,4399,27.72,1,3,42.83,False,mobile,Semarang,False,2026-02-04 14:48:07.293181,2026-03-02 03:05:12.293181
321,1490,40.47,2,4,42.24,True,web,Jakarta,False,2026-02-07 22:10:53.293181,2026-03-02 03:05:12.293181
321,1328,52.5,3,5,44.29,False,mobile,Surabaya,False,2026-02-11 10:12:08.293181,2026-03-02 03:05:12.293181
321,4989,23.71,1,5,42.23,False,web,Medan,False,2026-02-20 01:05:47.293181,2026-03-02 03:05:12.293181
321,4951,47.78,2,5,38.44,False,web,Jakarta,False,2026-02-24 18:09:54.293181,2026-03-02 03:05:12.293181
321,3115,72.86,2,6,44.17,False,web,Medan,False,2026-02-27 01:11:22.293181,2026-03-02 03:05:12.293181
322,1079,84.06,1,1,84.06,False,web,Semarang,False,2026-01-21 02:24:32.293181,2026-03-02 03:05:12.293181
322,4885,89.56,2,2,86.81,False,mobile,Jakarta,False,2026-01-22 21:35:07.293181,2026-03-02 03:05:12.293181
322,1803,5.75,3,3,59.79,False,mobile,Bandung,False,2026-01-27 07:30:13.293181,2026-03-02 03:05:12.293181
322,3158,38.34,2,4,54.43,False,mobile,Surabaya,False,2026-01-29 22:59:28.293181,2026-03-02 03:05:12.293181
322,1800,83.54,3,5,60.25,True,web,Jakarta,False,2026-02-01 10:27:06.293181,2026-03-02 03:05:12.293181
322,74,69.33,3,6,61.76,False,mobile,Surabaya,False,2026-02-04 05:44:07.293181,2026-03-02 03:05:12.293181
322,2802,30.44,4,7,57.29,False,mobile,Medan,False,2026-02-04 11:08:15.293181,2026-03-02 03:05:12.293181
322,2395,52.91,4,8,56.74,True,mobile,Semarang,False,2026-02-07 11:50:21.293181,2026-03-02 03:05:12.293181
322,179,8.93,4,9,51.43,False,web,Medan,False,2026-02-09 12:17:10.293181,2026-03-02 03:05:12.293181
322,2413,93.18,3,10,55.6,False,web,Medan,False,2026-02-13 14:54:56.293181,2026-03-02 03:05:12.293181
323,1507,121.8,1,1,121.8,True,web,Bandung,False,2026-01-11 03:51:25.293181,2026-03-02 03:05:12.293181
323,3359,61.17,2,2,91.48,False,mobile,Bandung,False,2026-01-12 01:23:15.293181,2026-03-02 03:05:12.293181
323,3378,61.46,3,3,81.48,False,mobile,Medan,False,2026-01-12 08:40:04.293181,2026-03-02 03:05:12.293181
323,4116,37.68,4,4,70.53,False,web,Jakarta,False,2026-01-16 02:36:10.293181,2026-03-02 03:05:12.293181
323,4627,38.02,1,4,49.58,False,mobile,Surabaya,True,2026-02-10 14:12:07.293181,2026-03-02 03:05:12.293181
323,822,210.54,2,2,124.28,False,mobile,Surabaya,False,2026-02-16 07:23:00.293181,2026-03-02 03:05:12.293181
323,1287,29.26,2,3,92.61,False,web,Surabaya,False,2026-02-18 06:16:57.293181,2026-03-02 03:05:12.293181
324,4883,136.59,1,1,136.59,False,mobile,Jakarta,True,2026-01-01 23:59:57.293181,2026-03-02 03:05:12.293181
324,2499,66.61,2,2,101.6,True,mobile,Medan,False,2026-01-03 14:57:58.293181,2026-03-02 03:05:12.293181
324,2420,219.41,1,3,140.87,False,mobile,Surabaya,False,2026-01-29 08:20:23.293181,2026-03-02 03:05:12.293181
324,2823,40.07,2,4,115.67,False,mobile,Semarang,False,2026-01-29 08:28:00.293181,2026-03-02 03:05:12.293181
324,315,42.13,1,3,100.54,False,web,Jakarta,False,2026-02-09 20:58:27.293181,2026-03-02 03:05:12.293181
324,1668,90.23,1,4,97.96,False,mobile,Jakarta,False,2026-02-17 13:28:35.293181,2026-03-02 03:05:12.293181
324,4825,36.69,2,5,85.71,False,web,Semarang,False,2026-02-18 20:40:29.293181,2026-03-02 03:05:12.293181
324,2755,438.6,1,4,151.91,True,web,Semarang,False,2026-02-28 23:46:54.293181,2026-03-02 03:05:12.293181
325,4488,132.03,1,1,132.03,False,mobile,Bandung,False,2025-12-31 08:10:28.293181,2026-03-02 03:05:12.293181
325,560,23.45,2,2,77.74,False,web,Semarang,False,2026-01-05 03:59:21.293181,2026-03-02 03:05:12.293181
325,549,14.15,1,3,56.54,False,mobile,Surabaya,False,2026-01-14 06:43:59.293181,2026-03-02 03:05:12.293181
325,797,23.62,2,4,48.31,False,mobile,Semarang,False,2026-01-20 19:10:25.293181,2026-03-02 03:05:12.293181
325,2080,51.78,2,5,49.01,False,mobile,Jakarta,False,2026-01-22 23:07:39.293181,2026-03-02 03:05:12.293181
325,2365,73.04,3,6,53.01,False,mobile,Bandung,False,2026-01-23 20:46:18.293181,2026-03-02 03:05:12.293181
325,4444,226.22,1,6,68.71,True,mobile,Jakarta,False,2026-02-01 13:42:47.293181,2026-03-02 03:05:12.293181
325,2223,8.73,2,6,66.26,False,web,Medan,False,2026-02-05 15:35:35.293181,2026-03-02 03:05:12.293181
325,1678,73.59,2,7,67.3,True,web,Bandung,False,2026-02-08 19:28:37.293181,2026-03-02 03:05:12.293181
325,4325,84.14,1,7,77.3,False,mobile,Surabaya,False,2026-02-19 10:50:17.293181,2026-03-02 03:05:12.293181
325,4890,10.46,2,7,75.42,False,mobile,Bandung,True,2026-02-20 16:06:26.293181,2026-03-02 03:05:12.293181
325,4295,96.66,3,7,81.83,True,mobile,Jakarta,False,2026-02-22 07:46:02.293181,2026-03-02 03:05:12.293181
326,1112,23.42,1,1,23.42,True,mobile,Surabaya,False,2026-01-03 03:26:56.293181,2026-03-02 03:05:12.293181
326,1788,27.32,2,2,25.37,False,mobile,Bandung,False,2026-01-05 10:25:41.293181,2026-03-02 03:05:12.293181
326,1898,45.29,1,3,32.01,False,mobile,Surabaya,True,2026-01-14 04:11:11.293181,2026-03-02 03:05:12.293181
326,96,262.6,2,4,89.66,False,web,Jakarta,False,2026-01-14 22:47:19.293181,2026-03-02 03:05:12.293181
326,3110,358.74,3,5,143.47,False,mobile,Surabaya,False,2026-01-15 13:07:27.293181,2026-03-02 03:05:12.293181
326,111,69.25,4,6,131.1,True,mobile,Jakarta,False,2026-01-17 22:53:15.293181,2026-03-02 03:05:12.293181
326,4714,34.28,5,7,117.27,True,web,Surabaya,False,2026-01-18 15:22:35.293181,2026-03-02 03:05:12.293181
326,4917,188.12,2,8,126.13,True,mobile,Jakarta,False,2026-01-25 08:59:16.293181,2026-03-02 03:05:12.293181
326,2408,46.53,2,9,117.28,False,mobile,Jakarta,False,2026-01-29 20:40:01.293181,2026-03-02 03:05:12.293181
326,2789,36.82,2,8,130.2,False,mobile,Semarang,False,2026-02-05 16:45:39.293181,2026-03-02 03:05:12.293181
326,1439,100.25,1,3,61.2,False,web,Jakarta,False,2026-02-26 17:23:01.293181,2026-03-02 03:05:12.293181
327,569,34.85,1,1,34.85,False,web,Surabaya,False,2026-01-05 21:35:50.293181,2026-03-02 03:05:12.293181
327,4521,315.41,1,2,175.13,False,mobile,Bandung,False,2026-01-19 08:27:59.293181,2026-03-02 03:05:12.293181
327,2925,4.53,2,3,118.26,False,mobile,Jakarta,False,2026-01-19 16:05:49.293181,2026-03-02 03:05:12.293181
327,1880,101.36,3,4,114.04,True,mobile,Bandung,False,2026-01-24 06:37:07.293181,2026-03-02 03:05:12.293181
327,3517,12.17,4,5,93.66,True,mobile,Medan,False,2026-01-24 15:48:39.293181,2026-03-02 03:05:12.293181
327,889,127.41,3,6,99.29,False,mobile,Semarang,False,2026-01-26 16:47:22.293181,2026-03-02 03:05:12.293181
327,1719,48.96,4,7,92.1,False,mobile,Medan,False,2026-01-28 17:02:33.293181,2026-03-02 03:05:12.293181
327,4199,23.23,2,8,83.49,False,web,Semarang,False,2026-02-04 01:40:23.293181,2026-03-02 03:05:12.293181
327,3025,131.81,2,8,95.61,False,web,Surabaya,False,2026-02-10 19:25:37.293181,2026-03-02 03:05:12.293181
327,1260,61.76,2,9,91.85,False,mobile,Bandung,False,2026-02-12 12:36:02.293181,2026-03-02 03:05:12.293181
327,4128,17.2,1,4,58.5,False,mobile,Jakarta,False,2026-02-27 18:25:09.293181,2026-03-02 03:05:12.293181
328,3681,38.58,1,1,38.58,False,mobile,Semarang,False,2026-01-01 06:20:14.293181,2026-03-02 03:05:12.293181
328,3154,29.73,2,2,34.16,True,mobile,Medan,False,2026-01-03 09:04:04.293181,2026-03-02 03:05:12.293181
328,3628,69.97,3,3,46.09,True,web,Semarang,False,2026-01-04 14:36:43.293181,2026-03-02 03:05:12.293181
328,2743,71.57,3,4,52.46,True,mobile,Jakarta,False,2026-01-10 08:23:30.293181,2026-03-02 03:05:12.293181
328,1975,32.25,2,5,48.42,True,web,Semarang,False,2026-01-11 19:43:43.293181,2026-03-02 03:05:12.293181
328,230,264.13,1,4,109.48,False,mobile,Surabaya,False,2026-02-03 07:02:13.293181,2026-03-02 03:05:12.293181
328,4630,6.95,2,4,93.72,False,web,Semarang,False,2026-02-04 14:10:43.293181,2026-03-02 03:05:12.293181
328,2327,15.39,3,5,78.06,False,mobile,Semarang,False,2026-02-06 00:47:36.293181,2026-03-02 03:05:12.293181
328,2919,17.05,4,6,67.89,True,mobile,Jakarta,False,2026-02-08 17:08:02.293181,2026-03-02 03:05:12.293181
328,121,226.48,5,6,93.71,False,mobile,Semarang,False,2026-02-09 18:02:52.293181,2026-03-02 03:05:12.293181
328,1739,13.12,2,6,90.52,False,mobile,Jakarta,False,2026-02-16 03:19:52.293181,2026-03-02 03:05:12.293181
328,1,118.51,3,7,94.52,False,mobile,Jakarta,False,2026-02-16 09:43:36.293181,2026-03-02 03:05:12.293181
328,3078,48.75,1,8,88.8,False,mobile,Surabaya,False,2026-02-26 12:29:08.293181,2026-03-02 03:05:12.293181
328,4670,110.46,2,9,91.2,False,mobile,Semarang,False,2026-02-26 14:37:47.293181,2026-03-02 03:05:12.293181
329,3792,27.91,1,1,27.91,False,mobile,Surabaya,False,2026-01-06 06:01:39.293181,2026-03-02 03:05:12.293181
329,1974,11.58,2,2,19.74,True,mobile,Bandung,True,2026-01-11 01:43:31.293181,2026-03-02 03:05:12.293181
329,3144,104.07,3,3,47.85,False,mobile,Bandung,False,2026-01-12 21:34:46.293181,2026-03-02 03:05:12.293181
329,4099,41.0,3,4,46.14,False,mobile,Medan,False,2026-01-15 07:33:54.293181,2026-03-02 03:05:12.293181
329,680,34.23,4,5,43.76,False,mobile,Jakarta,False,2026-01-16 09:40:28.293181,2026-03-02 03:05:12.293181
329,2653,205.68,1,6,70.74,True,mobile,Surabaya,False,2026-01-25 10:15:42.293181,2026-03-02 03:05:12.293181
329,3121,66.76,2,7,70.18,False,mobile,Semarang,False,2026-01-28 04:31:33.293181,2026-03-02 03:05:12.293181
329,3066,79.82,2,8,71.38,False,mobile,Medan,False,2026-02-03 13:42:10.293181,2026-03-02 03:05:12.293181
329,4082,64.5,2,9,70.62,False,mobile,Jakarta,False,2026-02-04 11:30:29.293181,2026-03-02 03:05:12.293181
329,206,1598.79,3,9,245.16,False,mobile,Bandung,False,2026-02-06 04:08:18.293181,2026-03-02 03:05:12.293181
329,3594,28.76,2,8,264.94,False,mobile,Bandung,False,2026-02-12 06:54:49.293181,2026-03-02 03:05:12.293181
329,3161,34.22,1,6,312.14,False,mobile,Surabaya,False,2026-02-24 19:40:09.293181,2026-03-02 03:05:12.293181
330,2056,33.64,1,1,33.64,False,web,Medan,False,2026-01-08 23:11:30.293181,2026-03-02 03:05:12.293181
330,2815,21.83,2,2,27.74,False,mobile,Semarang,False,2026-01-14 08:54:53.293181,2026-03-02 03:05:12.293181
330,2407,61.23,2,3,38.9,True,web,Surabaya,False,2026-01-17 09:48:50.293181,2026-03-02 03:05:12.293181
330,3437,139.64,1,4,64.08,True,mobile,Jakarta,False,2026-01-25 15:43:05.293181,2026-03-02 03:05:12.293181
330,988,9.17,2,5,53.1,False,mobile,Jakarta,False,2026-01-29 07:00:04.293181,2026-03-02 03:05:12.293181
330,3925,20.8,3,6,47.72,False,mobile,Surabaya,False,2026-01-30 18:34:38.293181,2026-03-02 03:05:12.293181
330,2539,21.84,3,7,44.02,False,mobile,Surabaya,False,2026-02-04 20:34:35.293181,2026-03-02 03:05:12.293181
330,2195,71.72,2,8,47.48,False,web,Bandung,False,2026-02-06 20:42:03.293181,2026-03-02 03:05:12.293181
330,152,23.64,1,6,47.8,False,mobile,Bandung,False,2026-02-23 19:36:57.293181,2026-03-02 03:05:12.293181
331,1959,71.88,1,1,71.88,False,web,Jakarta,False,2026-01-07 21:02:39.293181,2026-03-02 03:05:12.293181
331,486,288.6,2,2,180.24,False,mobile,Surabaya,False,2026-01-13 23:47:45.293181,2026-03-02 03:05:12.293181
331,4207,20.14,2,3,126.87,True,web,Medan,False,2026-01-17 00:59:09.293181,2026-03-02 03:05:12.293181
331,1186,133.8,3,4,128.61,True,mobile,Bandung,True,2026-01-18 01:46:26.293181,2026-03-02 03:05:12.293181
331,3794,265.4,3,5,155.96,False,mobile,Bandung,False,2026-01-21 16:10:39.293181,2026-03-02 03:05:12.293181
331,2476,11.87,2,6,131.95,False,web,Surabaya,False,2026-01-27 12:43:48.293181,2026-03-02 03:05:12.293181
331,2438,96.95,2,7,126.95,True,mobile,Medan,False,2026-01-31 20:36:14.293181,2026-03-02 03:05:12.293181
331,357,94.09,2,8,122.84,False,web,Medan,False,2026-02-04 06:16:09.293181,2026-03-02 03:05:12.293181
331,1804,6.41,3,9,109.9,False,mobile,Bandung,False,2026-02-05 01:39:28.293181,2026-03-02 03:05:12.293181
331,2946,20.46,1,8,81.14,True,web,Semarang,False,2026-02-14 21:36:30.293181,2026-03-02 03:05:12.293181
331,4535,217.92,2,6,74.62,False,mobile,Medan,False,2026-02-20 18:52:01.293181,2026-03-02 03:05:12.293181
331,3548,29.41,2,7,68.16,True,web,Surabaya,False,2026-02-22 03:07:14.293181,2026-03-02 03:05:12.293181
331,4718,6.04,3,8,60.39,False,mobile,Medan,False,2026-02-23 11:23:53.293181,2026-03-02 03:05:12.293181
331,2377,270.99,3,8,92.78,True,mobile,Jakarta,False,2026-02-28 09:21:25.293181,2026-03-02 03:05:12.293181
331,2553,95.03,4,9,93.03,True,mobile,Surabaya,False,2026-02-28 16:28:23.293181,2026-03-02 03:05:12.293181
332,1101,72.01,1,1,72.01,False,mobile,Bandung,False,2026-01-08 21:38:29.293181,2026-03-02 03:05:12.293181
332,1896,26.55,1,2,49.28,False,mobile,Surabaya,False,2026-01-22 00:58:06.293181,2026-03-02 03:05:12.293181
332,2500,30.14,2,3,42.9,False,mobile,Semarang,False,2026-01-28 01:53:45.293181,2026-03-02 03:05:12.293181
332,1371,24.65,2,4,38.34,True,mobile,Bandung,False,2026-01-31 07:24:17.293181,2026-03-02 03:05:12.293181
332,4607,90.98,3,5,48.87,False,mobile,Bandung,False,2026-02-02 09:02:45.293181,2026-03-02 03:05:12.293181
332,4531,17.89,2,5,38.04,True,mobile,Surabaya,False,2026-02-08 03:46:43.293181,2026-03-02 03:05:12.293181
332,2851,16.82,2,6,34.5,False,mobile,Semarang,False,2026-02-09 13:23:05.293181,2026-03-02 03:05:12.293181
332,3964,116.43,1,7,46.21,False,mobile,Bandung,False,2026-02-19 01:55:10.293181,2026-03-02 03:05:12.293181
332,108,19.04,2,8,42.81,False,web,Bandung,False,2026-02-19 17:47:54.293181,2026-03-02 03:05:12.293181
332,4537,43.12,3,8,44.88,False,mobile,Bandung,False,2026-02-23 13:21:18.293181,2026-03-02 03:05:12.293181
332,3612,18.1,3,9,41.91,False,mobile,Semarang,False,2026-02-26 09:31:51.293181,2026-03-02 03:05:12.293181
332,1526,674.75,3,9,113.53,False,web,Semarang,False,2026-02-27 22:21:43.293181,2026-03-02 03:05:12.293181
333,4985,62.01,1,1,62.01,False,mobile,Bandung,False,2026-01-08 10:01:54.293181,2026-03-02 03:05:12.293181
333,2702,49.71,2,2,55.86,False,mobile,Medan,False,2026-01-08 16:07:30.293181,2026-03-02 03:05:12.293181
333,295,40.98,3,3,50.9,False,mobile,Jakarta,False,2026-01-15 06:37:33.293181,2026-03-02 03:05:12.293181
333,4970,120.23,2,4,68.23,True,web,Jakarta,False,2026-01-17 10:32:47.293181,2026-03-02 03:05:12.293181
333,2969,36.05,3,5,61.8,True,mobile,Bandung,False,2026-01-18 07:02:10.293181,2026-03-02 03:05:12.293181
333,29,191.43,3,6,83.4,False,web,Bandung,False,2026-01-23 13:06:17.293181,2026-03-02 03:05:12.293181
333,1021,32.3,4,7,76.1,True,mobile,Surabaya,False,2026-01-24 06:29:10.293181,2026-03-02 03:05:12.293181
333,1646,120.85,3,8,81.69,False,mobile,Jakarta,False,2026-01-30 06:43:24.293181,2026-03-02 03:05:12.293181
333,1904,8.66,1,7,78.64,False,mobile,Semarang,False,2026-02-13 07:57:28.293181,2026-03-02 03:05:12.293181
333,4026,76.31,1,3,68.61,False,mobile,Bandung,False,2026-02-27 10:15:35.293181,2026-03-02 03:05:12.293181
333,4189,12.52,2,3,32.5,False,mobile,Medan,False,2026-03-02 02:37:10.293181,2026-03-02 03:05:12.293181
334,4424,190.75,1,1,190.75,False,mobile,Medan,False,2026-01-02 01:02:09.293181,2026-03-02 03:05:12.293181
334,2099,92.29,2,2,141.52,False,web,Jakarta,False,2026-01-02 11:15:32.293181,2026-03-02 03:05:12.293181
334,1610,101.17,3,3,128.07,False,mobile,Semarang,False,2026-01-08 23:36:53.293181,2026-03-02 03:05:12.293181
334,3541,23.25,1,4,101.86,True,web,Surabaya,False,2026-01-25 23:59:11.293181,2026-03-02 03:05:12.293181
334,1432,51.07,2,5,91.71,False,mobile,Semarang,False,2026-01-29 19:10:45.293181,2026-03-02 03:05:12.293181
334,3553,38.02,2,4,53.38,False,web,Bandung,False,2026-02-02 00:00:18.293181,2026-03-02 03:05:12.293181
334,3148,22.35,1,4,33.67,True,mobile,Semarang,False,2026-02-21 01:06:00.293181,2026-03-02 03:05:12.293181
334,1123,10.42,2,5,29.02,True,web,Bandung,False,2026-02-21 17:49:12.293181,2026-03-02 03:05:12.293181
334,2458,87.37,3,6,38.75,False,mobile,Jakarta,False,2026-02-24 12:05:51.293181,2026-03-02 03:05:12.293181
334,387,84.64,4,6,48.98,False,web,Surabaya,False,2026-02-26 12:59:34.293181,2026-03-02 03:05:12.293181
334,1025,182.8,5,7,68.1,False,web,Surabaya,False,2026-02-27 19:07:11.293181,2026-03-02 03:05:12.293181
335,4798,282.47,1,1,282.47,False,web,Surabaya,False,2025-12-31 07:05:18.293181,2026-03-02 03:05:12.293181
335,3535,346.21,2,2,314.34,False,mobile,Surabaya,False,2026-01-05 21:03:25.293181,2026-03-02 03:05:12.293181
335,3254,29.56,2,3,219.41,False,mobile,Bandung,False,2026-01-07 12:46:47.293181,2026-03-02 03:05:12.293181
335,4744,71.8,1,1,71.8,False,web,Jakarta,False,2026-02-10 09:49:18.293181,2026-03-02 03:05:12.293181
335,521,29.39,2,2,50.6,False,mobile,Surabaya,False,2026-02-13 03:11:54.293181,2026-03-02 03:05:12.293181
335,3813,20.69,3,3,40.63,False,mobile,Bandung,False,2026-02-17 04:06:02.293181,2026-03-02 03:05:12.293181
335,4187,112.23,3,4,58.53,False,mobile,Jakarta,True,2026-02-17 21:27:12.293181,2026-03-02 03:05:12.293181
335,3660,24.39,4,5,51.7,False,mobile,Surabaya,False,2026-02-17 23:48:40.293181,2026-03-02 03:05:12.293181
335,356,144.87,4,6,67.23,False,mobile,Medan,False,2026-02-24 01:16:47.293181,2026-03-02 03:05:12.293181
336,4978,28.99,1,1,28.99,False,web,Semarang,True,2025-12-31 22:31:51.293181,2026-03-02 03:05:12.293181
336,3365,55.03,2,2,42.01,False,web,Jakarta,False,2026-01-01 11:08:46.293181,2026-03-02 03:05:12.293181
336,1935,56.54,3,3,46.85,False,mobile,Medan,False,2026-01-07 20:41:32.293181,2026-03-02 03:05:12.293181
336,4865,36.65,2,4,44.3,False,web,Bandung,False,2026-01-09 01:27:56.293181,2026-03-02 03:05:12.293181
336,2098,270.47,3,5,89.54,True,mobile,Medan,False,2026-01-10 15:59:55.293181,2026-03-02 03:05:12.293181
336,2859,35.64,3,6,80.55,False,web,Medan,False,2026-01-15 12:55:15.293181,2026-03-02 03:05:12.293181
336,832,28.05,3,7,73.05,True,web,Bandung,False,2026-01-17 01:22:35.293181,2026-03-02 03:05:12.293181
336,2390,120.74,3,8,79.01,False,web,Bandung,False,2026-01-22 01:43:01.293181,2026-03-02 03:05:12.293181
336,777,101.5,2,9,81.51,True,web,Jakarta,False,2026-01-25 11:19:43.293181,2026-03-02 03:05:12.293181
336,147,497.28,3,10,123.09,False,mobile,Jakarta,False,2026-01-26 14:28:26.293181,2026-03-02 03:05:12.293181
336,2527,33.7,1,6,136.15,False,web,Semarang,False,2026-02-13 01:06:14.293181,2026-03-02 03:05:12.293181
336,4072,69.78,2,6,141.84,True,mobile,Bandung,False,2026-02-15 23:34:11.293181,2026-03-02 03:05:12.293181
336,3492,31.14,2,5,146.68,True,web,Medan,False,2026-02-22 19:20:41.293181,2026-03-02 03:05:12.293181
336,1634,215.82,2,5,169.54,False,web,Surabaya,False,2026-02-24 19:00:03.293181,2026-03-02 03:05:12.293181
336,4996,99.69,3,5,90.03,True,web,Jakarta,False,2026-02-28 18:21:57.293181,2026-03-02 03:05:12.293181
337,2801,41.0,1,1,41.0,True,mobile,Surabaya,False,2026-01-17 23:15:27.293181,2026-03-02 03:05:12.293181
337,4236,16.01,2,2,28.51,True,mobile,Medan,False,2026-01-24 14:32:52.293181,2026-03-02 03:05:12.293181
337,2218,41.17,2,3,32.73,False,mobile,Jakarta,False,2026-01-30 17:31:30.293181,2026-03-02 03:05:12.293181
337,2171,100.79,2,4,49.74,False,web,Bandung,False,2026-02-03 14:14:15.293181,2026-03-02 03:05:12.293181
337,2512,101.37,3,5,60.07,False,web,Jakarta,False,2026-02-06 10:08:38.293181,2026-03-02 03:05:12.293181
337,1478,36.76,3,6,56.18,True,mobile,Bandung,False,2026-02-08 04:19:35.293181,2026-03-02 03:05:12.293181
337,2200,98.45,4,7,62.22,False,mobile,Medan,False,2026-02-09 00:00:50.293181,2026-03-02 03:05:12.293181
337,470,22.74,3,8,57.29,True,mobile,Semarang,False,2026-02-15 01:52:58.293181,2026-03-02 03:05:12.293181
337,4527,239.32,1,7,91.51,False,mobile,Jakarta,True,2026-02-25 17:15:07.293181,2026-03-02 03:05:12.293181
337,4631,40.55,2,7,91.43,True,web,Semarang,False,2026-03-01 23:23:50.293181,2026-03-02 03:05:12.293181
338,1572,43.59,1,1,43.59,True,web,Bandung,False,2026-01-03 15:36:45.293181,2026-03-02 03:05:12.293181
338,4134,20.02,1,2,31.8,True,mobile,Surabaya,False,2026-01-11 01:38:41.293181,2026-03-02 03:05:12.293181
338,1762,412.03,2,3,158.55,False,mobile,Jakarta,False,2026-01-12 04:48:19.293181,2026-03-02 03:05:12.293181
338,1796,15.5,1,4,122.78,False,mobile,Surabaya,False,2026-01-22 07:33:57.293181,2026-03-02 03:05:12.293181
338,273,37.28,2,5,105.68,False,mobile,Semarang,False,2026-01-22 19:07:13.293181,2026-03-02 03:05:12.293181
338,4492,58.54,3,6,97.83,True,mobile,Semarang,False,2026-01-24 09:13:49.293181,2026-03-02 03:05:12.293181
338,3128,60.18,3,7,92.45,False,mobile,Medan,False,2026-01-29 14:44:16.293181,2026-03-02 03:05:12.293181
338,346,30.96,2,8,84.76,False,mobile,Medan,False,2026-02-02 03:17:19.293181,2026-03-02 03:05:12.293181
338,2052,165.19,1,6,61.28,False,mobile,Bandung,False,2026-02-11 14:23:39.293181,2026-03-02 03:05:12.293181
338,792,18.47,1,6,61.77,True,mobile,Semarang,False,2026-02-21 12:03:33.293181,2026-03-02 03:05:12.293181
338,669,81.16,1,4,73.94,True,web,Jakarta,False,2026-03-01 22:02:53.293181,2026-03-02 03:05:12.293181
339,3902,82.76,1,1,82.76,False,mobile,Jakarta,False,2026-01-01 18:47:42.293181,2026-03-02 03:05:12.293181
339,3851,39.98,1,2,61.37,True,mobile,Medan,False,2026-01-10 16:53:23.293181,2026-03-02 03:05:12.293181
339,2585,598.97,1,3,240.57,True,web,Surabaya,False,2026-01-18 15:32:50.293181,2026-03-02 03:05:12.293181
339,1331,119.69,2,4,210.35,False,mobile,Medan,False,2026-01-20 14:48:10.293181,2026-03-02 03:05:12.293181
339,422,219.04,3,5,212.09,False,web,Jakarta,False,2026-01-23 23:26:19.293181,2026-03-02 03:05:12.293181
339,4309,90.73,2,6,191.86,False,mobile,Jakarta,True,2026-01-29 12:31:02.293181,2026-03-02 03:05:12.293181
339,2013,27.94,1,6,182.73,True,mobile,Bandung,False,2026-02-07 07:05:06.293181,2026-03-02 03:05:12.293181
339,2899,18.24,2,7,159.23,False,mobile,Surabaya,False,2026-02-09 13:20:02.293181,2026-03-02 03:05:12.293181
339,1363,37.15,2,7,158.82,True,mobile,Surabaya,False,2026-02-14 16:44:25.293181,2026-03-02 03:05:12.293181
339,1097,100.95,1,6,82.34,True,web,Bandung,False,2026-02-21 23:08:02.293181,2026-03-02 03:05:12.293181
339,2255,54.04,2,6,54.84,False,mobile,Bandung,False,2026-02-24 05:04:15.293181,2026-03-02 03:05:12.293181
339,3809,44.72,3,7,53.4,False,mobile,Medan,False,2026-02-25 14:03:24.293181,2026-03-02 03:05:12.293181
339,84,64.01,4,8,54.72,False,mobile,Medan,False,2026-02-26 15:49:33.293181,2026-03-02 03:05:12.293181
340,985,364.53,1,1,364.53,True,mobile,Semarang,False,2026-01-04 09:36:44.293181,2026-03-02 03:05:12.293181
340,1607,17.14,2,2,190.83,True,mobile,Semarang,False,2026-01-10 09:31:06.293181,2026-03-02 03:05:12.293181
340,796,22.12,2,3,134.6,False,mobile,Semarang,False,2026-01-15 06:55:53.293181,2026-03-02 03:05:12.293181
340,529,13.35,2,4,104.28,True,web,Medan,False,2026-01-17 21:59:32.293181,2026-03-02 03:05:12.293181
340,1458,104.97,1,5,104.42,False,web,Surabaya,False,2026-01-27 22:38:23.293181,2026-03-02 03:05:12.293181
340,2521,24.95,2,6,91.18,False,mobile,Medan,False,2026-01-30 05:57:55.293181,2026-03-02 03:05:12.293181
340,2529,19.2,1,6,33.62,True,mobile,Bandung,False,2026-02-07 10:36:54.293181,2026-03-02 03:05:12.293181
340,1199,82.23,2,7,40.57,True,mobile,Semarang,False,2026-02-07 14:26:08.293181,2026-03-02 03:05:12.293181
340,738,96.74,3,7,51.94,False,mobile,Bandung,False,2026-02-10 08:34:44.293181,2026-03-02 03:05:12.293181
340,1972,286.42,4,8,81.25,False,mobile,Bandung,False,2026-02-10 20:42:53.293181,2026-03-02 03:05:12.293181
340,3419,32.28,1,5,103.37,True,mobile,Semarang,False,2026-03-01 16:54:01.293181,2026-03-02 03:05:12.293181
341,2770,36.17,1,1,36.17,False,mobile,Semarang,False,2026-01-01 19:17:41.293181,2026-03-02 03:05:12.293181
341,4983,169.41,2,2,102.79,False,mobile,Jakarta,False,2026-01-08 06:43:25.293181,2026-03-02 03:05:12.293181
341,756,78.42,1,3,94.67,True,web,Bandung,False,2026-01-25 08:04:55.293181,2026-03-02 03:05:12.293181
341,4918,7.94,2,4,72.98,False,mobile,Jakarta,False,2026-01-26 07:39:10.293181,2026-03-02 03:05:12.293181
341,3705,12.4,1,3,32.92,False,web,Medan,False,2026-02-09 00:06:30.293181,2026-03-02 03:05:12.293181
341,2121,47.64,1,4,36.6,False,web,Jakarta,False,2026-02-17 06:51:52.293181,2026-03-02 03:05:12.293181
341,2153,80.49,2,5,45.38,True,mobile,Jakarta,False,2026-02-22 05:57:36.293181,2026-03-02 03:05:12.293181
341,4528,59.35,3,6,47.71,True,mobile,Surabaya,False,2026-02-22 07:44:12.293181,2026-03-02 03:05:12.293181
341,733,13.41,3,5,42.66,False,mobile,Semarang,False,2026-02-27 06:48:08.293181,2026-03-02 03:05:12.293181
342,4129,38.0,1,1,38.0,False,web,Surabaya,False,2026-01-01 05:18:42.293181,2026-03-02 03:05:12.293181
342,2275,21.49,2,2,29.74,False,mobile,Bandung,False,2026-01-01 19:46:50.293181,2026-03-02 03:05:12.293181
342,1723,11.4,3,3,23.63,False,web,Surabaya,False,2026-01-05 02:00:50.293181,2026-03-02 03:05:12.293181
342,746,290.4,2,4,90.32,True,web,Semarang,False,2026-01-11 04:31:20.293181,2026-03-02 03:05:12.293181
342,860,20.15,1,5,76.29,False,mobile,Semarang,False,2026-01-23 01:14:07.293181,2026-03-02 03:05:12.293181
342,3665,103.76,1,3,138.1,True,mobile,Medan,False,2026-02-07 01:44:50.293181,2026-03-02 03:05:12.293181
342,609,425.03,2,4,209.83,True,mobile,Medan,False,2026-02-07 20:13:35.293181,2026-03-02 03:05:12.293181
342,524,13.91,1,4,140.71,False,mobile,Jakarta,False,2026-02-20 08:15:10.293181,2026-03-02 03:05:12.293181
342,3010,60.5,1,4,150.8,True,web,Jakarta,False,2026-02-28 03:35:19.293181,2026-03-02 03:05:12.293181
343,2771,529.04,1,1,529.04,False,mobile,Semarang,False,2026-01-02 08:43:47.293181,2026-03-02 03:05:12.293181
343,1039,15.7,2,2,272.37,False,mobile,Surabaya,False,2026-01-07 17:29:59.293181,2026-03-02 03:05:12.293181
343,641,56.02,2,3,200.25,True,mobile,Surabaya,False,2026-01-11 17:30:41.293181,2026-03-02 03:05:12.293181
343,478,688.21,2,4,322.24,True,mobile,Surabaya,False,2026-01-18 01:58:27.293181,2026-03-02 03:05:12.293181
343,3637,29.16,2,5,263.63,False,web,Jakarta,False,2026-01-20 03:00:44.293181,2026-03-02 03:05:12.293181
343,1151,56.07,3,6,229.03,True,web,Semarang,False,2026-01-24 14:32:57.293181,2026-03-02 03:05:12.293181
343,2307,95.45,1,6,156.77,False,mobile,Medan,False,2026-02-05 01:04:38.293181,2026-03-02 03:05:12.293181
343,968,49.26,1,5,183.63,True,web,Semarang,False,2026-02-14 23:26:39.293181,2026-03-02 03:05:12.293181
343,327,710.4,2,4,227.8,False,web,Bandung,False,2026-02-19 12:00:46.293181,2026-03-02 03:05:12.293181
343,4109,11.22,2,4,216.58,False,web,Bandung,False,2026-02-25 14:53:10.293181,2026-03-02 03:05:12.293181
343,3513,102.02,2,5,193.67,True,web,Jakarta,False,2026-03-01 22:37:59.293181,2026-03-02 03:05:12.293181
344,2148,16.39,1,1,16.39,False,mobile,Bandung,False,2026-01-01 07:12:05.293181,2026-03-02 03:05:12.293181
344,727,12.22,2,2,14.3,False,mobile,Surabaya,True,2026-01-06 08:56:19.293181,2026-03-02 03:05:12.293181
344,2924,87.91,2,3,38.84,True,web,Surabaya,False,2026-01-11 00:17:44.293181,2026-03-02 03:05:12.293181
344,3926,39.73,1,4,39.06,False,web,Jakarta,False,2026-01-27 05:42:53.293181,2026-03-02 03:05:12.293181
344,103,244.12,2,5,80.07,False,mobile,Jakarta,False,2026-01-29 10:30:49.293181,2026-03-02 03:05:12.293181
344,2544,13.04,3,6,68.9,False,mobile,Medan,False,2026-01-29 21:36:26.293181,2026-03-02 03:05:12.293181
344,1922,248.49,1,5,126.66,True,mobile,Surabaya,False,2026-02-07 06:40:58.293181,2026-03-02 03:05:12.293181
344,294,244.68,2,6,146.33,False,web,Surabaya,False,2026-02-09 20:44:39.293181,2026-03-02 03:05:12.293181
344,3989,31.14,3,6,136.87,False,mobile,Jakarta,False,2026-02-12 19:44:35.293181,2026-03-02 03:05:12.293181
344,1449,38.15,2,7,122.76,False,mobile,Surabaya,False,2026-02-17 10:18:30.293181,2026-03-02 03:05:12.293181
344,2554,32.05,3,8,111.43,False,mobile,Surabaya,False,2026-02-18 00:47:42.293181,2026-03-02 03:05:12.293181
344,485,58.73,4,9,105.57,False,web,Medan,False,2026-02-19 17:40:09.293181,2026-03-02 03:05:12.293181
344,4665,78.3,4,10,102.84,True,mobile,Semarang,False,2026-02-21 23:05:30.293181,2026-03-02 03:05:12.293181
345,4485,185.71,1,1,185.71,False,mobile,Jakarta,False,2025-12-31 03:07:26.293181,2026-03-02 03:05:12.293181
345,1875,49.32,2,2,117.52,False,mobile,Medan,False,2026-01-02 23:53:37.293181,2026-03-02 03:05:12.293181
345,3760,40.97,3,3,92.0,True,mobile,Bandung,False,2026-01-03 06:13:00.293181,2026-03-02 03:05:12.293181
345,1873,54.93,3,4,82.73,False,web,Surabaya,False,2026-01-07 05:07:19.293181,2026-03-02 03:05:12.293181
345,3867,218.68,1,5,109.92,False,mobile,Jakarta,False,2026-01-15 09:04:19.293181,2026-03-02 03:05:12.293181
345,4685,298.45,2,6,141.34,False,mobile,Medan,False,2026-01-15 23:20:04.293181,2026-03-02 03:05:12.293181
345,1422,60.36,1,7,129.77,False,web,Semarang,False,2026-01-29 20:14:59.293181,2026-03-02 03:05:12.293181
345,3349,76.37,1,4,163.46,True,web,Surabaya,False,2026-02-07 17:35:28.293181,2026-03-02 03:05:12.293181
345,805,104.61,2,5,151.69,False,web,Jakarta,False,2026-02-09 22:53:06.293181,2026-03-02 03:05:12.293181
345,355,40.58,3,6,133.18,False,mobile,Jakarta,False,2026-02-10 18:26:17.293181,2026-03-02 03:05:12.293181
345,4693,199.26,4,7,142.62,False,web,Semarang,False,2026-02-12 20:05:23.293181,2026-03-02 03:05:12.293181
345,3830,42.99,5,7,117.52,True,web,Medan,False,2026-02-14 13:37:43.293181,2026-03-02 03:05:12.293181
345,3895,242.77,5,7,109.56,True,web,Semarang,False,2026-02-15 17:24:57.293181,2026-03-02 03:05:12.293181
345,3978,19.51,1,8,98.31,True,mobile,Surabaya,False,2026-02-22 22:23:06.293181,2026-03-02 03:05:12.293181
345,3255,14.52,2,9,89.0,True,mobile,Surabaya,False,2026-02-28 00:03:15.293181,2026-03-02 03:05:12.293181
346,1414,236.98,1,1,236.98,False,mobile,Semarang,False,2026-01-09 17:17:57.293181,2026-03-02 03:05:12.293181
346,1651,23.12,2,2,130.05,False,web,Bandung,False,2026-01-13 07:59:58.293181,2026-03-02 03:05:12.293181
346,2194,93.12,2,3,117.74,True,mobile,Surabaya,False,2026-01-18 10:49:29.293181,2026-03-02 03:05:12.293181
346,2251,47.66,3,4,100.22,True,mobile,Surabaya,False,2026-01-18 19:11:33.293181,2026-03-02 03:05:12.293181
346,455,45.56,1,5,89.29,True,mobile,Surabaya,False,2026-02-01 19:23:25.293181,2026-03-02 03:05:12.293181
346,3622,37.77,2,6,80.7,False,web,Bandung,False,2026-02-04 22:36:34.293181,2026-03-02 03:05:12.293181
346,1857,41.28,1,5,53.08,True,mobile,Medan,False,2026-02-14 19:11:26.293181,2026-03-02 03:05:12.293181
346,4152,51.37,2,4,44.0,False,mobile,Bandung,False,2026-02-18 05:30:35.293181,2026-03-02 03:05:12.293181
346,782,68.42,3,5,48.88,False,mobile,Bandung,False,2026-02-18 22:24:45.293181,2026-03-02 03:05:12.293181
346,1884,19.42,3,6,43.97,False,mobile,Medan,False,2026-02-24 16:11:23.293181,2026-03-02 03:05:12.293181
347,1067,28.54,1,1,28.54,False,mobile,Jakarta,False,2026-01-19 12:07:35.293181,2026-03-02 03:05:12.293181
347,3432,87.45,1,2,58.0,False,web,Surabaya,False,2026-01-26 14:54:30.293181,2026-03-02 03:05:12.293181
347,1855,45.83,2,3,53.94,False,mobile,Jakarta,False,2026-01-27 02:52:39.293181,2026-03-02 03:05:12.293181
347,1730,59.07,3,4,55.22,False,mobile,Bandung,False,2026-01-27 04:47:18.293181,2026-03-02 03:05:12.293181
347,759,15.87,4,5,47.35,False,web,Surabaya,False,2026-01-29 21:58:24.293181,2026-03-02 03:05:12.293181
347,4609,27.98,1,6,44.12,False,mobile,Semarang,False,2026-02-06 22:57:51.293181,2026-03-02 03:05:12.293181
347,4536,174.04,2,7,62.68,False,web,Bandung,True,2026-02-13 02:43:40.293181,2026-03-02 03:05:12.293181
347,11,36.04,2,8,59.35,True,mobile,Jakarta,False,2026-02-15 13:08:23.293181,2026-03-02 03:05:12.293181
347,2608,98.73,1,8,68.13,True,mobile,Semarang,False,2026-02-22 15:52:12.293181,2026-03-02 03:05:12.293181
347,4878,21.88,2,9,62.99,True,web,Surabaya,False,2026-02-22 18:54:44.293181,2026-03-02 03:05:12.293181
347,4262,59.07,3,10,62.6,False,mobile,Surabaya,False,2026-02-23 03:54:54.293181,2026-03-02 03:05:12.293181
347,3472,11.94,4,11,57.99,False,mobile,Medan,False,2026-02-24 23:43:41.293181,2026-03-02 03:05:12.293181
348,3917,11.15,1,1,11.15,False,mobile,Bandung,False,2026-01-08 05:58:17.293181,2026-03-02 03:05:12.293181
348,2506,38.14,2,2,24.64,True,mobile,Bandung,False,2026-01-11 00:08:21.293181,2026-03-02 03:05:12.293181
348,2495,27.94,1,3,25.74,False,mobile,Surabaya,False,2026-01-20 10:10:56.293181,2026-03-02 03:05:12.293181
348,1792,48.55,2,4,31.44,False,mobile,Medan,False,2026-01-22 13:14:16.293181,2026-03-02 03:05:12.293181
348,4853,22.08,3,5,29.57,False,mobile,Semarang,False,2026-01-26 14:45:59.293181,2026-03-02 03:05:12.293181
348,2931,16.73,3,6,27.43,False,mobile,Surabaya,False,2026-01-28 10:35:07.293181,2026-03-02 03:05:12.293181
348,2270,22.55,1,7,26.73,False,mobile,Jakarta,False,2026-02-05 12:56:19.293181,2026-03-02 03:05:12.293181
348,2271,248.68,2,7,60.67,False,web,Surabaya,False,2026-02-09 00:54:00.293181,2026-03-02 03:05:12.293181
348,969,11.12,3,7,56.81,False,mobile,Surabaya,False,2026-02-11 04:31:51.293181,2026-03-02 03:05:12.293181
348,2631,11.93,4,8,51.2,False,mobile,Semarang,False,2026-02-11 14:31:43.293181,2026-03-02 03:05:12.293181
348,2938,101.81,5,9,56.82,False,mobile,Surabaya,False,2026-02-12 03:51:38.293181,2026-03-02 03:05:12.293181
348,2955,17.92,5,10,52.93,False,mobile,Semarang,False,2026-02-13 05:11:48.293181,2026-03-02 03:05:12.293181
348,683,41.66,1,9,54.94,True,web,Surabaya,False,2026-02-22 22:15:44.293181,2026-03-02 03:05:12.293181
348,4563,87.12,2,9,62.17,False,mobile,Bandung,False,2026-02-26 03:48:52.293181,2026-03-02 03:05:12.293181
349,197,32.1,1,1,32.1,False,mobile,Surabaya,False,2026-01-06 10:37:22.293181,2026-03-02 03:05:12.293181
349,4307,11.73,1,2,21.92,True,web,Semarang,False,2026-01-17 10:54:36.293181,2026-03-02 03:05:12.293181
349,2403,263.1,2,3,102.31,True,mobile,Surabaya,False,2026-01-18 19:30:35.293181,2026-03-02 03:05:12.293181
349,1797,36.35,1,4,85.82,False,mobile,Semarang,False,2026-01-27 03:44:04.293181,2026-03-02 03:05:12.293181
349,182,262.56,2,5,121.17,True,mobile,Medan,False,2026-02-01 15:51:42.293181,2026-03-02 03:05:12.293181
349,3386,70.33,1,5,128.81,True,web,Semarang,False,2026-02-14 09:50:28.293181,2026-03-02 03:05:12.293181
349,3070,190.59,2,6,139.11,False,mobile,Medan,False,2026-02-16 02:19:55.293181,2026-03-02 03:05:12.293181
349,3289,24.43,3,5,116.85,False,mobile,Surabaya,False,2026-02-17 23:57:08.293181,2026-03-02 03:05:12.293181
349,3526,96.27,4,6,113.42,False,mobile,Surabaya,False,2026-02-20 15:14:46.293181,2026-03-02 03:05:12.293181
349,3740,43.34,3,7,103.41,False,mobile,Medan,False,2026-02-24 01:03:20.293181,2026-03-02 03:05:12.293181
349,3436,41.64,4,8,95.69,False,mobile,Surabaya,False,2026-02-24 08:27:27.293181,2026-03-02 03:05:12.293181
349,3710,55.08,4,9,91.18,False,mobile,Semarang,False,2026-02-25 17:59:07.293181,2026-03-02 03:05:12.293181
350,1711,15.79,1,1,15.79,False,mobile,Surabaya,False,2026-01-01 07:48:41.293181,2026-03-02 03:05:12.293181
350,607,36.2,2,2,26.0,True,mobile,Jakarta,False,2026-01-04 22:12:56.293181,2026-03-02 03:05:12.293181
350,4464,115.56,3,3,55.85,False,mobile,Semarang,False,2026-01-08 07:33:23.293181,2026-03-02 03:05:12.293181
350,200,11.45,1,3,54.4,True,mobile,Semarang,False,2026-01-31 23:22:35.293181,2026-03-02 03:05:12.293181
350,1701,11.96,2,3,46.32,False,web,Medan,False,2026-02-05 18:40:13.293181,2026-03-02 03:05:12.293181
350,3006,225.67,1,3,83.03,False,mobile,Bandung,False,2026-02-12 21:48:39.293181,2026-03-02 03:05:12.293181
350,3807,130.73,2,4,94.95,False,mobile,Semarang,False,2026-02-19 02:50:31.293181,2026-03-02 03:05:12.293181
350,107,38.27,3,5,83.62,False,mobile,Surabaya,False,2026-02-19 13:41:59.293181,2026-03-02 03:05:12.293181
350,4946,76.6,3,6,82.45,False,mobile,Semarang,False,2026-02-25 09:43:34.293181,2026-03-02 03:05:12.293181
351,2819,51.63,1,1,51.63,False,mobile,Surabaya,True,2025-12-31 12:30:53.293181,2026-03-02 03:05:12.293181
351,2549,46.73,2,2,49.18,False,mobile,Surabaya,False,2026-01-01 22:16:47.293181,2026-03-02 03:05:12.293181
351,1086,72.23,3,3,56.86,False,web,Bandung,False,2026-01-07 12:07:52.293181,2026-03-02 03:05:12.293181
351,4376,14.32,3,4,46.23,False,mobile,Medan,False,2026-01-08 16:16:47.293181,2026-03-02 03:05:12.293181
351,4074,89.08,2,5,54.8,False,web,Semarang,False,2026-01-14 21:00:17.293181,2026-03-02 03:05:12.293181
351,4230,10.9,1,6,47.48,False,web,Bandung,False,2026-01-28 07:40:25.293181,2026-03-02 03:05:12.293181
351,4183,51.68,1,5,47.64,False,web,Medan,True,2026-02-05 06:37:11.293181,2026-03-02 03:05:12.293181
351,1669,68.31,1,3,43.63,False,mobile,Medan,False,2026-02-20 23:57:45.293181,2026-03-02 03:05:12.293181
351,125,25.98,2,4,39.22,True,mobile,Jakarta,False,2026-02-22 08:48:29.293181,2026-03-02 03:05:12.293181
351,4747,70.57,3,4,54.14,False,mobile,Jakarta,False,2026-02-27 22:25:57.293181,2026-03-02 03:05:12.293181
351,3168,30.15,3,5,49.34,True,web,Bandung,False,2026-03-01 07:56:07.293181,2026-03-02 03:05:12.293181
352,3671,169.06,1,1,169.06,False,mobile,Bandung,False,2026-01-05 16:59:20.293181,2026-03-02 03:05:12.293181
352,722,90.17,1,2,129.62,False,web,Semarang,False,2026-01-19 13:18:04.293181,2026-03-02 03:05:12.293181
352,2064,108.07,2,3,122.43,True,mobile,Semarang,False,2026-01-25 21:17:49.293181,2026-03-02 03:05:12.293181
352,1355,110.6,3,4,119.48,False,mobile,Surabaya,False,2026-01-26 01:07:37.293181,2026-03-02 03:05:12.293181
352,1768,410.31,1,4,179.79,True,mobile,Semarang,False,2026-02-08 00:11:35.293181,2026-03-02 03:05:12.293181
352,1288,83.61,1,4,178.15,True,mobile,Bandung,False,2026-02-21 06:07:09.293181,2026-03-02 03:05:12.293181
352,548,62.56,2,5,155.03,True,web,Medan,False,2026-02-21 17:40:10.293181,2026-03-02 03:05:12.293181
352,2126,28.06,3,6,133.87,True,mobile,Medan,False,2026-02-22 02:39:52.293181,2026-03-02 03:05:12.293181
352,1955,21.22,4,5,121.15,False,mobile,Surabaya,False,2026-02-25 21:39:03.293181,2026-03-02 03:05:12.293181
353,833,61.07,1,1,61.07,False,web,Surabaya,False,2026-01-01 13:11:38.293181,2026-03-02 03:05:12.293181
353,1342,67.26,2,2,64.17,True,mobile,Medan,False,2026-01-04 10:53:19.293181,2026-03-02 03:05:12.293181
353,4555,87.86,3,3,72.06,True,web,Bandung,False,2026-01-04 12:25:36.293181,2026-03-02 03:05:12.293181
353,4966,92.86,1,4,77.26,False,mobile,Jakarta,False,2026-01-12 20:46:01.293181,2026-03-02 03:05:12.293181
353,3173,34.2,2,5,68.65,True,web,Bandung,False,2026-01-17 23:39:12.293181,2026-03-02 03:05:12.293181
353,122,40.57,1,3,55.88,False,mobile,Bandung,False,2026-02-03 15:26:18.293181,2026-03-02 03:05:12.293181
353,1391,38.01,2,4,51.41,True,mobile,Surabaya,False,2026-02-07 16:38:46.293181,2026-03-02 03:05:12.293181
353,3358,48.03,3,5,50.73,True,mobile,Semarang,False,2026-02-08 14:09:10.293181,2026-03-02 03:05:12.293181
353,4820,44.39,2,5,41.04,True,mobile,Bandung,False,2026-02-15 11:17:20.293181,2026-03-02 03:05:12.293181
353,4271,79.02,1,5,50.0,False,mobile,Medan,False,2026-03-02 00:51:50.293181,2026-03-02 03:05:12.293181
354,3400,18.24,1,1,18.24,False,mobile,Jakarta,False,2026-01-01 02:00:11.293181,2026-03-02 03:05:12.293181
354,1945,66.24,2,2,42.24,True,mobile,Jakarta,False,2026-01-03 14:53:09.293181,2026-03-02 03:05:12.293181
354,1742,85.52,3,3,56.67,False,web,Surabaya,False,2026-01-05 22:03:30.293181,2026-03-02 03:05:12.293181
354,1184,137.24,1,4,76.81,False,mobile,Bandung,False,2026-01-16 18:39:07.293181,2026-03-02 03:05:12.293181
354,4565,38.4,2,5,69.13,True,mobile,Jakarta,False,2026-01-17 04:55:29.293181,2026-03-02 03:05:12.293181
354,1226,185.49,3,6,88.52,True,web,Surabaya,True,2026-01-17 18:42:55.293181,2026-03-02 03:05:12.293181
354,3457,26.43,3,7,79.65,True,mobile,Bandung,False,2026-01-24 04:13:53.293181,2026-03-02 03:05:12.293181
354,1077,129.54,2,8,85.89,False,mobile,Jakarta,False,2026-01-27 12:19:29.293181,2026-03-02 03:05:12.293181
354,583,31.23,3,9,79.81,False,mobile,Surabaya,False,2026-01-29 23:52:53.293181,2026-03-02 03:05:12.293181
354,289,58.89,1,7,86.75,True,mobile,Semarang,False,2026-02-08 16:06:00.293181,2026-03-02 03:05:12.293181
354,2907,23.98,2,8,78.9,False,web,Medan,False,2026-02-10 13:51:30.293181,2026-03-02 03:05:12.293181
354,3679,83.52,1,6,58.93,True,web,Medan,False,2026-02-22 00:43:06.293181,2026-03-02 03:05:12.293181
354,2341,1136.33,2,5,266.79,False,mobile,Bandung,False,2026-02-27 21:55:54.293181,2026-03-02 03:05:12.293181
355,4222,230.12,1,1,230.12,True,mobile,Surabaya,False,2026-01-11 23:43:34.293181,2026-03-02 03:05:12.293181
355,3439,12.06,2,2,121.09,False,web,Medan,False,2026-01-12 03:56:32.293181,2026-03-02 03:05:12.293181
355,3662,58.71,1,3,100.3,False,web,Medan,False,2026-01-20 16:02:54.293181,2026-03-02 03:05:12.293181
355,1196,144.19,2,4,111.27,True,mobile,Medan,False,2026-01-25 16:43:43.293181,2026-03-02 03:05:12.293181
355,2597,52.3,2,5,99.48,False,mobile,Jakarta,False,2026-01-28 15:01:31.293181,2026-03-02 03:05:12.293181
355,1644,147.4,2,6,107.46,False,mobile,Jakarta,True,2026-02-02 22:20:24.293181,2026-03-02 03:05:12.293181
355,2877,38.99,2,7,97.68,True,mobile,Medan,False,2026-02-07 05:49:31.293181,2026-03-02 03:05:12.293181
355,4509,20.4,2,6,77.0,False,mobile,Surabaya,False,2026-02-13 13:11:12.293181,2026-03-02 03:05:12.293181
355,4478,33.28,2,6,72.76,False,mobile,Surabaya,False,2026-02-19 23:53:22.293181,2026-03-02 03:05:12.293181
356,2202,116.64,1,1,116.64,False,mobile,Medan,False,2026-01-01 21:28:28.293181,2026-03-02 03:05:12.293181
356,4899,159.91,1,2,138.28,True,mobile,Medan,False,2026-01-11 03:12:28.293181,2026-03-02 03:05:12.293181
356,4432,11.36,2,3,95.97,False,web,Surabaya,False,2026-01-14 12:22:40.293181,2026-03-02 03:05:12.293181
356,4443,16.93,2,4,76.21,False,mobile,Surabaya,False,2026-01-20 03:18:17.293181,2026-03-02 03:05:12.293181
356,1684,51.81,2,5,71.33,False,mobile,Jakarta,False,2026-01-21 21:56:26.293181,2026-03-02 03:05:12.293181
356,4716,192.22,1,6,91.48,False,mobile,Jakarta,False,2026-01-30 16:53:11.293181,2026-03-02 03:05:12.293181
356,2991,112.63,1,6,90.81,True,mobile,Jakarta,False,2026-02-08 05:48:44.293181,2026-03-02 03:05:12.293181
356,4702,42.6,2,7,83.92,True,mobile,Semarang,False,2026-02-08 11:34:26.293181,2026-03-02 03:05:12.293181
356,1455,198.27,1,5,119.51,False,mobile,Semarang,False,2026-02-19 04:10:47.293181,2026-03-02 03:05:12.293181
356,913,18.52,2,5,112.85,False,mobile,Medan,False,2026-02-26 01:06:39.293181,2026-03-02 03:05:12.293181
357,826,23.95,1,1,23.95,False,web,Jakarta,False,2026-01-05 06:37:45.293181,2026-03-02 03:05:12.293181
357,933,77.82,2,2,50.88,False,mobile,Bandung,False,2026-01-09 01:57:53.293181,2026-03-02 03:05:12.293181
357,4595,329.54,1,3,143.77,False,mobile,Jakarta,False,2026-01-16 07:37:57.293181,2026-03-02 03:05:12.293181
357,4012,27.2,2,4,114.63,True,mobile,Jakarta,False,2026-01-17 01:29:49.293181,2026-03-02 03:05:12.293181
357,2821,100.94,3,5,111.89,True,web,Medan,False,2026-01-18 05:07:34.293181,2026-03-02 03:05:12.293181
357,1925,78.74,4,6,106.36,False,web,Semarang,False,2026-01-20 19:45:42.293181,2026-03-02 03:05:12.293181
357,417,61.81,4,7,100.0,False,web,Jakarta,False,2026-01-23 08:03:39.293181,2026-03-02 03:05:12.293181
357,3931,50.28,1,6,108.08,False,mobile,Jakarta,True,2026-02-09 20:14:51.293181,2026-03-02 03:05:12.293181
357,3503,58.56,2,7,101.01,False,mobile,Bandung,False,2026-02-10 13:27:11.293181,2026-03-02 03:05:12.293181
357,4180,7.76,3,8,89.35,False,mobile,Medan,False,2026-02-13 13:14:06.293181,2026-03-02 03:05:12.293181
357,1082,61.38,4,7,59.92,False,mobile,Jakarta,False,2026-02-16 10:43:55.293181,2026-03-02 03:05:12.293181
357,847,81.19,3,7,57.1,False,web,Surabaya,False,2026-02-19 00:22:32.293181,2026-03-02 03:05:12.293181
357,750,24.48,3,6,47.28,True,mobile,Surabaya,False,2026-02-22 23:32:21.293181,2026-03-02 03:05:12.293181
357,2712,107.26,3,7,55.84,False,web,Bandung,False,2026-02-23 19:09:15.293181,2026-03-02 03:05:12.293181
358,1257,157.18,1,1,157.18,False,mobile,Surabaya,False,2026-01-05 17:05:03.293181,2026-03-02 03:05:12.293181
358,1590,70.31,2,2,113.74,False,web,Semarang,False,2026-01-06 15:37:17.293181,2026-03-02 03:05:12.293181
358,1502,127.77,1,3,118.42,False,mobile,Surabaya,False,2026-01-27 21:26:33.293181,2026-03-02 03:05:12.293181
358,4919,19.81,2,4,93.77,False,mobile,Semarang,True,2026-01-29 07:42:00.293181,2026-03-02 03:05:12.293181
358,43,31.78,1,3,59.79,False,mobile,Jakarta,False,2026-02-11 03:33:38.293181,2026-03-02 03:05:12.293181
358,4151,18.28,1,4,49.41,True,mobile,Semarang,False,2026-02-21 23:44:45.293181,2026-03-02 03:05:12.293181
358,2528,93.2,2,5,58.17,False,mobile,Jakarta,False,2026-02-25 13:30:47.293181,2026-03-02 03:05:12.293181
359,1758,337.74,1,1,337.74,False,mobile,Jakarta,False,2026-01-01 17:07:05.293181,2026-03-02 03:05:12.293181
359,3024,119.51,2,2,228.62,False,mobile,Surabaya,False,2026-01-01 18:30:50.293181,2026-03-02 03:05:12.293181
359,1045,66.18,3,3,174.48,True,mobile,Jakarta,False,2026-01-04 00:15:10.293181,2026-03-02 03:05:12.293181
359,1902,195.34,1,2,130.76,False,mobile,Semarang,False,2026-02-02 04:55:10.293181,2026-03-02 03:05:12.293181
359,3391,27.03,2,2,111.18,False,mobile,Semarang,False,2026-02-06 04:10:10.293181,2026-03-02 03:05:12.293181
359,3776,616.32,2,3,279.56,False,mobile,Surabaya,False,2026-02-10 05:07:13.293181,2026-03-02 03:05:12.293181
359,4992,20.07,1,4,214.69,False,mobile,Jakarta,False,2026-02-17 17:15:34.293181,2026-03-02 03:05:12.293181
359,1393,209.51,1,5,213.65,True,mobile,Jakarta,False,2026-03-01 09:10:34.293181,2026-03-02 03:05:12.293181
360,2545,36.91,1,1,36.91,False,mobile,Semarang,False,2026-01-05 19:39:00.293181,2026-03-02 03:05:12.293181
360,1211,73.7,2,2,55.3,False,mobile,Bandung,False,2026-01-09 08:23:55.293181,2026-03-02 03:05:12.293181
360,3698,55.66,2,3,55.42,False,mobile,Medan,False,2026-01-13 01:30:15.293181,2026-03-02 03:05:12.293181
360,2207,107.3,3,4,68.39,False,mobile,Medan,False,2026-01-14 03:52:24.293181,2026-03-02 03:05:12.293181
360,2095,21.1,1,5,58.93,True,mobile,Jakarta,False,2026-02-01 19:57:46.293181,2026-03-02 03:05:12.293181
360,4201,281.59,2,5,107.87,False,mobile,Jakarta,False,2026-02-05 06:29:37.293181,2026-03-02 03:05:12.293181
360,30,59.84,3,6,99.86,True,web,Bandung,False,2026-02-07 11:27:12.293181,2026-03-02 03:05:12.293181
360,649,294.91,4,6,136.73,True,mobile,Surabaya,False,2026-02-08 18:32:55.293181,2026-03-02 03:05:12.293181
360,4867,238.35,4,7,151.25,False,mobile,Surabaya,False,2026-02-11 23:21:09.293181,2026-03-02 03:05:12.293181
360,1351,122.88,2,6,169.78,False,mobile,Medan,False,2026-02-16 21:00:35.293181,2026-03-02 03:05:12.293181
360,4516,153.1,1,7,167.4,False,mobile,Bandung,False,2026-02-25 04:09:54.293181,2026-03-02 03:05:12.293181
360,1168,67.36,2,8,154.89,False,mobile,Bandung,False,2026-02-25 17:30:29.293181,2026-03-02 03:05:12.293181
360,105,316.12,3,9,172.81,False,web,Jakarta,False,2026-02-26 08:53:48.293181,2026-03-02 03:05:12.293181
361,2986,5.63,1,1,5.63,False,web,Medan,False,2025-12-31 07:57:46.293181,2026-03-02 03:05:12.293181
361,4644,28.58,2,2,17.1,True,web,Medan,False,2026-01-03 20:27:14.293181,2026-03-02 03:05:12.293181
361,3719,315.22,2,3,116.48,False,mobile,Medan,False,2026-01-07 17:58:11.293181,2026-03-02 03:05:12.293181
361,4844,42.89,2,4,98.08,False,web,Surabaya,False,2026-01-12 03:37:19.293181,2026-03-02 03:05:12.293181
361,1679,219.84,3,5,122.43,False,mobile,Semarang,False,2026-01-13 07:29:55.293181,2026-03-02 03:05:12.293181
361,3676,11.01,3,6,103.86,True,web,Jakarta,False,2026-01-17 05:08:00.293181,2026-03-02 03:05:12.293181
361,3458,23.22,4,7,92.34,True,web,Medan,False,2026-01-18 07:40:13.293181,2026-03-02 03:05:12.293181
361,4998,63.21,1,8,88.7,False,mobile,Medan,False,2026-01-26 23:12:38.293181,2026-03-02 03:05:12.293181
361,3868,293.86,2,8,124.73,False,mobile,Medan,False,2026-01-30 17:19:01.293181,2026-03-02 03:05:12.293181
361,517,21.45,3,9,113.25,True,mobile,Medan,False,2026-01-31 00:45:45.293181,2026-03-02 03:05:12.293181
361,3455,38.06,4,10,105.73,True,web,Bandung,False,2026-01-31 14:44:42.293181,2026-03-02 03:05:12.293181
361,4649,81.48,2,9,88.34,True,mobile,Bandung,False,2026-02-07 11:17:12.293181,2026-03-02 03:05:12.293181
361,4014,10.88,2,9,84.78,False,mobile,Jakarta,False,2026-02-12 04:13:08.293181,2026-03-02 03:05:12.293181
361,81,471.96,1,7,140.13,False,mobile,Semarang,False,2026-02-24 11:16:04.293181,2026-03-02 03:05:12.293181
361,2302,17.0,2,7,133.53,True,mobile,Surabaya,False,2026-03-01 13:05:25.293181,2026-03-02 03:05:12.293181
362,575,138.21,1,1,138.21,False,web,Medan,False,2026-01-12 00:08:40.293181,2026-03-02 03:05:12.293181
362,3413,86.84,2,2,112.52,False,mobile,Jakarta,False,2026-01-15 08:09:44.293181,2026-03-02 03:05:12.293181
362,4686,17.74,3,3,80.93,False,mobile,Semarang,False,2026-01-16 08:47:51.293181,2026-03-02 03:05:12.293181
362,1349,267.22,4,4,127.5,True,mobile,Semarang,False,2026-01-18 17:55:29.293181,2026-03-02 03:05:12.293181
362,2716,54.03,4,5,112.81,False,mobile,Semarang,False,2026-01-21 07:56:54.293181,2026-03-02 03:05:12.293181
362,915,7.56,2,6,95.27,False,mobile,Semarang,False,2026-01-26 00:31:20.293181,2026-03-02 03:05:12.293181
362,1534,56.9,3,7,89.79,False,mobile,Bandung,False,2026-01-27 04:22:07.293181,2026-03-02 03:05:12.293181
362,1602,63.32,1,3,42.59,False,web,Bandung,False,2026-02-24 06:18:58.293181,2026-03-02 03:05:12.293181
363,715,17.1,1,1,17.1,False,mobile,Surabaya,False,2026-01-06 09:02:02.293181,2026-03-02 03:05:12.293181
363,1248,139.6,2,2,78.35,True,mobile,Surabaya,False,2026-01-11 23:12:09.293181,2026-03-02 03:05:12.293181
363,1116,1224.73,2,3,460.48,False,mobile,Bandung,False,2026-01-16 07:47:48.293181,2026-03-02 03:05:12.293181
363,4472,45.19,3,4,356.66,False,mobile,Bandung,True,2026-01-16 20:32:08.293181,2026-03-02 03:05:12.293181
363,2533,226.35,4,5,330.59,True,mobile,Surabaya,False,2026-01-17 07:41:10.293181,2026-03-02 03:05:12.293181
363,3946,15.71,2,6,278.11,True,mobile,Semarang,False,2026-01-24 02:14:26.293181,2026-03-02 03:05:12.293181
363,2480,22.83,2,7,241.64,False,mobile,Surabaya,False,2026-01-26 02:38:04.293181,2026-03-02 03:05:12.293181
363,4119,23.93,1,7,242.62,False,web,Bandung,False,2026-02-10 18:28:48.293181,2026-03-02 03:05:12.293181
363,314,30.18,2,7,226.99,True,mobile,Jakarta,True,2026-02-14 14:27:35.293181,2026-03-02 03:05:12.293181
363,3341,75.22,1,5,33.57,True,mobile,Jakarta,False,2026-02-21 20:46:39.293181,2026-03-02 03:05:12.293181
364,3022,15.24,1,1,15.24,False,mobile,Medan,False,2026-01-01 17:46:59.293181,2026-03-02 03:05:12.293181
364,4750,22.92,2,2,19.08,True,mobile,Semarang,False,2026-01-03 06:41:07.293181,2026-03-02 03:05:12.293181
364,4602,32.77,3,3,23.64,True,web,Jakarta,False,2026-01-03 18:53:32.293181,2026-03-02 03:05:12.293181
364,1511,62.34,1,4,33.32,False,web,Jakarta,False,2026-01-21 13:49:52.293181,2026-03-02 03:05:12.293181
364,3098,113.65,1,2,88.0,False,web,Medan,False,2026-02-03 21:46:23.293181,2026-03-02 03:05:12.293181
364,2326,26.19,1,3,67.39,True,mobile,Semarang,False,2026-02-14 09:16:28.293181,2026-03-02 03:05:12.293181
364,4823,41.2,1,3,60.35,False,mobile,Semarang,False,2026-02-24 09:01:46.293181,2026-03-02 03:05:12.293181
364,3012,46.71,2,4,56.94,True,web,Semarang,False,2026-02-28 01:05:46.293181,2026-03-02 03:05:12.293181
365,3021,15.2,1,1,15.2,False,mobile,Medan,False,2026-01-02 12:46:44.293181,2026-03-02 03:05:12.293181
365,2660,72.99,2,2,44.1,False,mobile,Medan,False,2026-01-08 16:05:30.293181,2026-03-02 03:05:12.293181
365,4872,76.25,1,2,74.62,False,mobile,Jakarta,False,2026-02-02 13:03:20.293181,2026-03-02 03:05:12.293181
365,1187,184.49,2,3,111.24,False,web,Jakarta,False,2026-02-06 18:22:33.293181,2026-03-02 03:05:12.293181
365,4249,103.63,3,4,109.34,False,web,Bandung,False,2026-02-06 20:18:01.293181,2026-03-02 03:05:12.293181
365,2083,43.02,4,4,101.85,False,mobile,Jakarta,False,2026-02-09 09:05:24.293181,2026-03-02 03:05:12.293181
365,4323,248.49,4,5,131.18,False,web,Jakarta,False,2026-02-10 07:06:27.293181,2026-03-02 03:05:12.293181
365,2067,8.48,3,6,110.73,False,mobile,Surabaya,False,2026-02-16 05:34:13.293181,2026-03-02 03:05:12.293181
366,2701,94.98,1,1,94.98,False,mobile,Medan,False,2026-01-05 15:34:26.293181,2026-03-02 03:05:12.293181
366,3002,61.41,1,2,78.19,False,mobile,Medan,False,2026-01-16 22:58:26.293181,2026-03-02 03:05:12.293181
366,900,117.55,1,3,91.31,False,web,Medan,False,2026-01-27 02:49:12.293181,2026-03-02 03:05:12.293181
366,3313,305.89,2,4,144.96,False,web,Surabaya,False,2026-01-28 02:23:40.293181,2026-03-02 03:05:12.293181
366,4317,62.49,1,3,161.98,False,web,Surabaya,False,2026-02-17 21:52:28.293181,2026-03-02 03:05:12.293181
366,291,54.01,2,4,134.99,False,web,Surabaya,False,2026-02-19 11:10:51.293181,2026-03-02 03:05:12.293181
366,3487,285.89,3,5,165.17,False,web,Medan,False,2026-02-20 08:40:18.293181,2026-03-02 03:05:12.293181
366,2473,17.6,1,4,105.0,False,mobile,Surabaya,False,2026-02-27 09:57:03.293181,2026-03-02 03:05:12.293181
367,1531,102.14,1,1,102.14,True,web,Surabaya,False,2026-01-24 03:43:17.293181,2026-03-02 03:05:12.293181
367,4494,78.05,2,2,90.1,False,mobile,Semarang,False,2026-01-27 14:16:00.293181,2026-03-02 03:05:12.293181
367,2828,30.54,3,3,70.24,False,mobile,Jakarta,False,2026-01-29 18:40:58.293181,2026-03-02 03:05:12.293181
367,479,446.9,1,4,164.41,True,web,Semarang,False,2026-02-14 13:31:33.293181,2026-03-02 03:05:12.293181
367,28,146.99,1,5,160.92,True,mobile,Medan,False,2026-02-21 22:36:10.293181,2026-03-02 03:05:12.293181
367,1073,53.07,2,4,169.38,False,mobile,Semarang,False,2026-02-27 06:15:04.293181,2026-03-02 03:05:12.293181
368,423,421.5,1,1,421.5,False,mobile,Bandung,False,2026-01-01 23:14:27.293181,2026-03-02 03:05:12.293181
368,545,410.79,2,2,416.14,True,mobile,Semarang,False,2026-01-04 06:45:42.293181,2026-03-02 03:05:12.293181
368,3523,17.33,1,3,283.21,False,mobile,Bandung,False,2026-01-28 03:54:50.293181,2026-03-02 03:05:12.293181
368,1054,19.91,2,3,149.34,True,mobile,Jakarta,True,2026-02-01 21:03:26.293181,2026-03-02 03:05:12.293181
368,1658,56.92,3,4,126.24,False,mobile,Jakarta,False,2026-02-02 13:47:16.293181,2026-03-02 03:05:12.293181
368,2904,53.25,3,4,36.85,True,web,Jakarta,False,2026-02-08 09:00:05.293181,2026-03-02 03:05:12.293181
368,3186,37.12,3,5,36.91,False,mobile,Semarang,False,2026-02-09 01:29:25.293181,2026-03-02 03:05:12.293181
368,3742,25.37,3,6,34.98,False,web,Medan,False,2026-02-11 13:11:54.293181,2026-03-02 03:05:12.293181
368,3614,123.14,4,7,47.58,False,web,Jakarta,False,2026-02-13 13:14:45.293181,2026-03-02 03:05:12.293181
368,2759,101.89,2,8,54.37,False,web,Surabaya,False,2026-02-19 08:51:33.293181,2026-03-02 03:05:12.293181
368,3053,140.41,3,9,63.93,False,web,Medan,False,2026-02-19 17:59:56.293181,2026-03-02 03:05:12.293181
368,144,69.21,3,10,64.46,True,mobile,Medan,False,2026-02-21 02:51:17.293181,2026-03-02 03:05:12.293181
368,825,26.13,4,11,60.97,False,web,Semarang,False,2026-02-23 04:39:18.293181,2026-03-02 03:05:12.293181
369,741,33.62,1,1,33.62,False,mobile,Surabaya,False,2025-12-31 14:40:36.293181,2026-03-02 03:05:12.293181
369,4092,18.72,1,2,26.17,False,mobile,Medan,False,2026-01-08 16:56:55.293181,2026-03-02 03:05:12.293181
369,3831,75.26,2,3,42.53,False,web,Medan,False,2026-01-09 13:31:48.293181,2026-03-02 03:05:12.293181
369,4059,109.04,1,4,59.16,False,mobile,Surabaya,False,2026-01-19 23:20:39.293181,2026-03-02 03:05:12.293181
369,3054,34.51,1,5,54.23,False,web,Medan,False,2026-01-27 03:27:03.293181,2026-03-02 03:05:12.293181
369,1178,156.09,2,5,78.72,False,mobile,Medan,False,2026-02-02 02:41:49.293181,2026-03-02 03:05:12.293181
369,723,121.35,2,6,85.83,False,mobile,Jakarta,False,2026-02-04 18:31:51.293181,2026-03-02 03:05:12.293181
369,871,62.35,3,7,82.47,False,web,Surabaya,False,2026-02-04 23:44:21.293181,2026-03-02 03:05:12.293181
369,4790,19.93,1,6,83.88,False,mobile,Medan,False,2026-02-13 01:12:40.293181,2026-03-02 03:05:12.293181
369,3130,280.3,1,6,112.42,True,web,Bandung,False,2026-02-21 23:49:22.293181,2026-03-02 03:05:12.293181
369,217,12.67,2,6,108.78,False,mobile,Surabaya,False,2026-02-26 20:58:14.293181,2026-03-02 03:05:12.293181
369,2609,68.11,3,7,102.97,True,mobile,Medan,False,2026-02-28 12:27:50.293181,2026-03-02 03:05:12.293181
370,2159,71.47,1,1,71.47,True,mobile,Semarang,False,2026-01-04 04:52:29.293181,2026-03-02 03:05:12.293181
370,1218,140.18,1,2,105.82,True,mobile,Surabaya,False,2026-01-11 10:22:50.293181,2026-03-02 03:05:12.293181
370,2603,47.33,2,3,86.33,False,mobile,Bandung,True,2026-01-14 10:59:25.293181,2026-03-02 03:05:12.293181
370,4594,117.76,3,4,94.18,False,mobile,Semarang,False,2026-01-15 11:36:50.293181,2026-03-02 03:05:12.293181
370,198,238.23,1,5,122.99,True,mobile,Semarang,False,2026-01-25 07:03:27.293181,2026-03-02 03:05:12.293181
370,3467,29.49,2,6,107.41,False,web,Medan,False,2026-01-27 05:53:00.293181,2026-03-02 03:05:12.293181
370,2237,12.99,3,7,93.92,False,mobile,Semarang,False,2026-01-27 14:48:08.293181,2026-03-02 03:05:12.293181
370,4144,36.46,4,8,86.74,False,mobile,Jakarta,False,2026-01-27 15:22:35.293181,2026-03-02 03:05:12.293181
370,2103,33.41,5,9,80.81,False,web,Bandung,False,2026-01-28 12:22:14.293181,2026-03-02 03:05:12.293181
370,3379,360.93,6,10,108.82,False,web,Medan,False,2026-01-29 23:28:18.293181,2026-03-02 03:05:12.293181
370,3224,23.46,6,11,101.06,False,mobile,Bandung,False,2026-02-02 04:07:27.293181,2026-03-02 03:05:12.293181
370,1794,38.3,4,11,98.05,False,mobile,Bandung,False,2026-02-04 04:49:21.293181,2026-03-02 03:05:12.293181
370,3435,82.26,1,11,92.78,False,mobile,Bandung,False,2026-02-11 19:18:18.293181,2026-03-02 03:05:12.293181
370,1630,51.9,1,10,90.74,True,web,Bandung,False,2026-02-21 01:14:51.293181,2026-03-02 03:05:12.293181
370,215,31.03,2,11,85.31,False,mobile,Jakarta,False,2026-02-23 01:31:56.293181,2026-03-02 03:05:12.293181
370,3372,113.91,3,12,87.7,False,mobile,Semarang,False,2026-02-23 21:00:17.293181,2026-03-02 03:05:12.293181
370,4037,46.04,4,12,71.68,False,mobile,Surabaya,False,2026-02-26 00:04:53.293181,2026-03-02 03:05:12.293181
370,4398,63.57,4,9,90.16,True,mobile,Surabaya,False,2026-02-28 07:08:13.293181,2026-03-02 03:05:12.293181
371,4081,11.35,1,1,11.35,False,mobile,Bandung,False,2026-01-01 07:21:50.293181,2026-03-02 03:05:12.293181
371,2510,65.73,2,2,38.54,False,mobile,Semarang,False,2026-01-05 01:12:34.293181,2026-03-02 03:05:12.293181
371,3558,21.83,3,3,32.97,False,mobile,Surabaya,False,2026-01-06 02:14:23.293181,2026-03-02 03:05:12.293181
371,332,13.29,3,4,28.05,True,mobile,Surabaya,False,2026-01-10 06:02:26.293181,2026-03-02 03:05:12.293181
371,1233,45.96,1,5,31.63,True,web,Semarang,False,2026-01-17 14:38:07.293181,2026-03-02 03:05:12.293181
371,1856,12.74,2,6,28.48,False,mobile,Medan,False,2026-01-22 09:07:13.293181,2026-03-02 03:05:12.293181
371,3988,28.38,2,7,28.47,False,web,Bandung,False,2026-01-28 10:22:36.293181,2026-03-02 03:05:12.293181
371,972,61.09,2,7,35.57,True,mobile,Jakarta,False,2026-02-01 15:07:56.293181,2026-03-02 03:05:12.293181
371,3656,10.98,3,8,32.5,False,mobile,Medan,False,2026-02-02 02:44:45.293181,2026-03-02 03:05:12.293181
371,3763,369.78,3,7,77.46,True,web,Medan,False,2026-02-07 11:45:30.293181,2026-03-02 03:05:12.293181
371,4272,54.1,2,7,83.29,False,mobile,Bandung,False,2026-02-13 02:49:25.293181,2026-03-02 03:05:12.293181
371,3972,339.99,1,6,144.05,False,mobile,Semarang,False,2026-02-25 10:31:59.293181,2026-03-02 03:05:12.293181
372,4368,24.5,1,1,24.5,True,web,Semarang,False,2026-01-11 13:47:48.293181,2026-03-02 03:05:12.293181
372,4991,52.2,1,2,38.35,False,mobile,Medan,False,2026-01-19 11:38:29.293181,2026-03-02 03:05:12.293181
372,3846,31.42,2,3,36.04,False,web,Surabaya,False,2026-01-23 20:12:07.293181,2026-03-02 03:05:12.293181
372,1567,555.23,3,4,165.84,True,mobile,Jakarta,False,2026-01-25 12:28:00.293181,2026-03-02 03:05:12.293181
372,3356,10.36,4,5,134.74,True,mobile,Semarang,False,2026-01-25 18:55:40.293181,2026-03-02 03:05:12.293181
373,2886,127.18,1,1,127.18,False,web,Medan,False,2026-01-23 23:59:39.293181,2026-03-02 03:05:12.293181
373,361,9.64,1,2,68.41,False,web,Semarang,False,2026-02-02 23:53:47.293181,2026-03-02 03:05:12.293181
373,2912,15.42,1,3,50.75,False,mobile,Bandung,False,2026-02-16 16:37:28.293181,2026-03-02 03:05:12.293181
373,3822,16.66,2,4,42.22,False,mobile,Semarang,False,2026-02-18 02:18:15.293181,2026-03-02 03:05:12.293181
373,3411,90.96,3,5,51.97,False,mobile,Surabaya,False,2026-02-20 06:10:04.293181,2026-03-02 03:05:12.293181
373,1931,141.0,4,6,66.81,True,mobile,Semarang,False,2026-02-22 14:57:08.293181,2026-03-02 03:05:12.293181
373,4469,8.23,5,7,58.44,True,mobile,Semarang,False,2026-02-22 19:32:00.293181,2026-03-02 03:05:12.293181
373,2374,144.35,6,7,60.89,False,mobile,Jakarta,False,2026-02-23 04:04:09.293181,2026-03-02 03:05:12.293181
373,2730,13.04,4,8,54.91,True,web,Bandung,False,2026-02-28 22:46:08.293181,2026-03-02 03:05:12.293181
373,2048,29.6,5,9,52.1,True,web,Medan,False,2026-03-01 00:42:25.293181,2026-03-02 03:05:12.293181
373,3266,79.47,6,10,54.84,True,mobile,Jakarta,False,2026-03-01 02:52:26.293181,2026-03-02 03:05:12.293181
374,114,51.66,1,1,51.66,False,web,Surabaya,False,2026-01-07 02:38:22.293181,2026-03-02 03:05:12.293181
374,353,39.46,1,2,45.56,False,web,Bandung,False,2026-01-14 07:25:17.293181,2026-03-02 03:05:12.293181
374,63,32.28,2,3,41.13,False,mobile,Medan,False,2026-01-20 08:50:39.293181,2026-03-02 03:05:12.293181
374,288,11.12,2,4,33.63,False,web,Jakarta,False,2026-01-23 23:24:30.293181,2026-03-02 03:05:12.293181
374,3793,123.5,3,5,51.6,True,web,Jakarta,False,2026-01-24 14:51:57.293181,2026-03-02 03:05:12.293181
374,2116,61.35,1,5,53.54,False,mobile,Surabaya,False,2026-02-09 13:08:59.293181,2026-03-02 03:05:12.293181
374,702,101.31,2,5,65.91,True,mobile,Surabaya,False,2026-02-15 14:46:11.293181,2026-03-02 03:05:12.293181
374,4580,80.98,2,6,68.42,False,web,Medan,False,2026-02-19 06:08:25.293181,2026-03-02 03:05:12.293181
375,4914,41.08,1,1,41.08,False,mobile,Jakarta,False,2026-01-09 03:16:37.293181,2026-03-02 03:05:12.293181
375,1134,19.69,1,2,30.38,False,mobile,Bandung,False,2026-01-19 19:36:28.293181,2026-03-02 03:05:12.293181
375,3889,16.56,1,3,25.78,True,mobile,Bandung,False,2026-02-01 10:03:50.293181,2026-03-02 03:05:12.293181
375,1812,54.62,2,4,32.99,False,mobile,Semarang,False,2026-02-02 16:22:02.293181,2026-03-02 03:05:12.293181
375,3610,50.55,1,4,35.36,False,mobile,Bandung,False,2026-02-11 03:18:35.293181,2026-03-02 03:05:12.293181
375,419,116.88,1,4,59.65,True,mobile,Semarang,False,2026-02-22 11:59:51.293181,2026-03-02 03:05:12.293181
375,264,17.6,2,5,51.24,True,mobile,Bandung,False,2026-02-28 14:16:57.293181,2026-03-02 03:05:12.293181
376,3188,108.15,1,1,108.15,False,mobile,Surabaya,False,2025-12-31 10:35:24.293181,2026-03-02 03:05:12.293181
376,2800,48.78,1,2,78.46,True,mobile,Semarang,False,2026-01-17 09:11:11.293181,2026-03-02 03:05:12.293181
376,4912,29.13,2,3,62.02,False,mobile,Surabaya,False,2026-01-22 03:54:32.293181,2026-03-02 03:05:12.293181
376,4087,14.8,1,3,30.9,False,mobile,Surabaya,False,2026-02-04 03:16:32.293181,2026-03-02 03:05:12.293181
376,1120,85.9,2,4,44.65,True,mobile,Surabaya,False,2026-02-07 05:38:25.293181,2026-03-02 03:05:12.293181
377,3410,25.27,1,1,25.27,True,mobile,Jakarta,False,2026-01-18 03:43:54.293181,2026-03-02 03:05:12.293181
377,4796,19.97,2,2,22.62,False,web,Bandung,False,2026-01-22 13:38:52.293181,2026-03-02 03:05:12.293181
377,432,55.88,1,3,33.71,True,mobile,Bandung,False,2026-01-31 01:43:22.293181,2026-03-02 03:05:12.293181
377,2806,25.62,2,4,31.68,False,web,Semarang,False,2026-02-04 12:30:02.293181,2026-03-02 03:05:12.293181
377,1406,211.44,3,5,67.64,False,mobile,Bandung,False,2026-02-05 13:18:40.293181,2026-03-02 03:05:12.293181
377,4442,33.9,4,6,62.01,False,mobile,Bandung,False,2026-02-05 17:03:59.293181,2026-03-02 03:05:12.293181
377,790,124.18,4,7,70.89,True,web,Jakarta,False,2026-02-08 16:22:35.293181,2026-03-02 03:05:12.293181
377,2975,29.7,5,8,65.74,False,mobile,Semarang,False,2026-02-09 05:11:00.293181,2026-03-02 03:05:12.293181
377,643,101.11,1,8,75.22,False,mobile,Bandung,False,2026-02-17 14:03:19.293181,2026-03-02 03:05:12.293181
377,954,33.01,2,9,70.53,False,mobile,Medan,False,2026-02-18 19:02:53.293181,2026-03-02 03:05:12.293181
377,3913,95.08,1,9,78.88,True,mobile,Medan,False,2026-03-01 16:11:00.293181,2026-03-02 03:05:12.293181
378,4635,144.98,1,1,144.98,True,mobile,Medan,False,2026-01-03 21:29:25.293181,2026-03-02 03:05:12.293181
378,3617,175.19,2,2,160.08,False,mobile,Medan,False,2026-01-07 08:30:23.293181,2026-03-02 03:05:12.293181
378,4818,103.37,3,3,141.18,False,web,Surabaya,False,2026-01-09 12:41:18.293181,2026-03-02 03:05:12.293181
378,9,47.31,1,4,117.71,False,mobile,Jakarta,False,2026-01-16 22:16:28.293181,2026-03-02 03:05:12.293181
378,634,147.5,2,5,123.67,False,web,Bandung,False,2026-01-22 22:05:34.293181,2026-03-02 03:05:12.293181
378,726,69.52,1,6,114.64,True,mobile,Jakarta,False,2026-02-01 23:52:56.293181,2026-03-02 03:05:12.293181
379,4327,243.78,1,1,243.78,True,mobile,Semarang,False,2026-01-18 07:24:06.293181,2026-03-02 03:05:12.293181
379,2137,75.96,2,2,159.87,False,web,Bandung,False,2026-01-21 20:32:26.293181,2026-03-02 03:05:12.293181
379,4268,71.41,3,3,130.38,False,mobile,Jakarta,False,2026-01-23 18:32:19.293181,2026-03-02 03:05:12.293181
379,3331,219.25,1,4,152.6,True,web,Surabaya,False,2026-01-31 22:18:41.293181,2026-03-02 03:05:12.293181
379,2548,52.13,2,5,132.51,False,mobile,Bandung,False,2026-02-03 07:22:26.293181,2026-03-02 03:05:12.293181
379,1323,290.4,3,6,158.82,True,web,Bandung,False,2026-02-07 15:15:02.293181,2026-03-02 03:05:12.293181
379,2451,83.18,1,7,148.02,True,mobile,Medan,False,2026-02-15 16:20:25.293181,2026-03-02 03:05:12.293181
379,2581,142.93,2,6,143.22,True,mobile,Semarang,False,2026-02-21 11:02:04.293181,2026-03-02 03:05:12.293181
379,4083,102.06,2,6,148.33,True,mobile,Surabaya,False,2026-02-22 18:37:30.293181,2026-03-02 03:05:12.293181
379,3557,40.35,3,7,132.9,False,web,Medan,False,2026-02-27 09:11:34.293181,2026-03-02 03:05:12.293181
379,1230,55.09,3,8,123.17,True,mobile,Semarang,False,2026-03-01 17:29:55.293181,2026-03-02 03:05:12.293181
380,2222,172.29,1,1,172.29,False,mobile,Semarang,False,2026-01-01 10:44:45.293181,2026-03-02 03:05:12.293181
380,2313,3.64,1,2,87.96,False,mobile,Jakarta,False,2026-01-19 19:41:29.293181,2026-03-02 03:05:12.293181
380,2029,14.67,2,3,63.53,False,mobile,Medan,False,2026-01-20 10:51:16.293181,2026-03-02 03:05:12.293181
380,572,36.71,3,4,56.83,True,mobile,Surabaya,False,2026-01-24 10:25:38.293181,2026-03-02 03:05:12.293181
380,4,46.8,2,5,54.82,False,mobile,Jakarta,False,2026-01-27 10:52:57.293181,2026-03-02 03:05:12.293181
380,725,69.78,2,5,34.32,True,web,Jakarta,False,2026-02-01 06:13:24.293181,2026-03-02 03:05:12.293181
380,4005,87.83,2,6,43.24,False,mobile,Bandung,False,2026-02-03 18:00:58.293181,2026-03-02 03:05:12.293181
380,3508,163.52,3,7,60.42,False,mobile,Medan,False,2026-02-04 01:18:56.293181,2026-03-02 03:05:12.293181
380,4613,334.17,1,8,94.64,False,web,Surabaya,False,2026-02-11 16:11:39.293181,2026-03-02 03:05:12.293181
380,3872,58.78,2,9,90.66,False,mobile,Surabaya,False,2026-02-16 19:05:39.293181,2026-03-02 03:05:12.293181
380,4051,63.51,2,8,107.64,False,mobile,Surabaya,False,2026-02-20 11:02:35.293181,2026-03-02 03:05:12.293181
380,12,93.5,2,8,114.74,False,mobile,Surabaya,False,2026-02-24 23:21:27.293181,2026-03-02 03:05:12.293181
381,881,111.1,1,1,111.1,True,web,Semarang,False,2026-01-18 14:29:21.293181,2026-03-02 03:05:12.293181
381,1222,60.71,1,2,85.9,False,mobile,Jakarta,False,2026-01-30 22:51:13.293181,2026-03-02 03:05:12.293181
381,4771,20.09,2,3,63.97,False,mobile,Jakarta,False,2026-02-04 04:58:43.293181,2026-03-02 03:05:12.293181
381,2868,38.55,3,4,57.61,False,mobile,Bandung,False,2026-02-04 17:29:49.293181,2026-03-02 03:05:12.293181
381,538,73.07,3,5,60.7,True,web,Medan,False,2026-02-08 18:59:27.293181,2026-03-02 03:05:12.293181
381,1930,16.88,4,6,53.4,False,mobile,Surabaya,False,2026-02-10 02:51:49.293181,2026-03-02 03:05:12.293181
381,1924,62.34,2,7,54.68,False,mobile,Semarang,False,2026-02-17 02:40:32.293181,2026-03-02 03:05:12.293181
382,2136,71.38,1,1,71.38,False,web,Semarang,False,2026-01-01 11:35:15.293181,2026-03-02 03:05:12.293181
382,158,762.06,2,2,416.72,False,mobile,Jakarta,False,2026-01-02 18:39:33.293181,2026-03-02 03:05:12.293181
382,2357,50.74,1,3,294.73,False,mobile,Semarang,False,2026-01-09 19:42:32.293181,2026-03-02 03:05:12.293181
382,2033,14.44,2,4,224.66,False,mobile,Jakarta,False,2026-01-15 07:39:48.293181,2026-03-02 03:05:12.293181
382,1775,68.11,1,5,193.35,False,mobile,Jakarta,False,2026-01-29 09:50:04.293181,2026-03-02 03:05:12.293181
382,3769,50.72,1,3,44.42,False,mobile,Bandung,False,2026-02-10 05:48:18.293181,2026-03-02 03:05:12.293181
382,1600,246.35,2,3,121.73,True,web,Medan,False,2026-02-14 18:36:13.293181,2026-03-02 03:05:12.293181
382,1770,195.12,2,4,140.07,True,mobile,Medan,False,2026-02-21 08:47:52.293181,2026-03-02 03:05:12.293181
382,1207,40.75,2,5,120.21,False,mobile,Surabaya,False,2026-02-23 06:44:52.293181,2026-03-02 03:05:12.293181
382,4275,78.35,3,6,113.23,False,mobile,Bandung,False,2026-02-23 19:24:07.293181,2026-03-02 03:05:12.293181
383,4551,59.66,1,1,59.66,False,mobile,Medan,False,2025-12-31 12:54:12.293181,2026-03-02 03:05:12.293181
383,1842,54.23,2,2,56.94,False,mobile,Surabaya,False,2026-01-02 14:52:58.293181,2026-03-02 03:05:12.293181
383,2296,95.21,3,3,69.7,True,mobile,Bandung,False,2026-01-03 12:50:20.293181,2026-03-02 03:05:12.293181
383,1053,16.87,4,4,56.49,True,mobile,Medan,False,2026-01-04 22:01:38.293181,2026-03-02 03:05:12.293181
383,1673,174.6,5,5,80.11,False,web,Medan,False,2026-01-05 16:36:45.293181,2026-03-02 03:05:12.293181
383,2227,28.61,6,6,71.53,False,mobile,Jakarta,False,2026-01-06 11:21:57.293181,2026-03-02 03:05:12.293181
383,1818,129.39,1,7,79.8,False,web,Bandung,False,2026-01-14 08:51:30.293181,2026-03-02 03:05:12.293181
383,4007,74.73,2,8,79.16,False,mobile,Medan,False,2026-01-14 11:21:19.293181,2026-03-02 03:05:12.293181
383,435,166.8,3,9,88.9,False,web,Jakarta,False,2026-01-21 04:55:35.293181,2026-03-02 03:05:12.293181
383,162,8.27,2,10,80.84,False,mobile,Jakarta,False,2026-01-23 23:36:25.293181,2026-03-02 03:05:12.293181
383,3694,53.71,1,5,86.58,False,web,Medan,False,2026-02-12 22:39:19.293181,2026-03-02 03:05:12.293181
383,2793,19.5,2,4,62.07,True,mobile,Surabaya,False,2026-02-15 06:55:10.293181,2026-03-02 03:05:12.293181
383,953,41.95,2,4,30.86,False,mobile,Semarang,False,2026-02-20 21:13:36.293181,2026-03-02 03:05:12.293181
383,3494,45.32,1,4,40.12,False,web,Jakarta,True,2026-02-27 21:22:35.293181,2026-03-02 03:05:12.293181
383,1549,89.1,2,5,49.92,True,web,Bandung,False,2026-02-28 00:31:27.293181,2026-03-02 03:05:12.293181
384,3578,12.27,1,1,12.27,True,mobile,Surabaya,False,2026-01-03 15:16:57.293181,2026-03-02 03:05:12.293181
384,760,60.67,2,2,36.47,False,mobile,Medan,False,2026-01-08 12:11:16.293181,2026-03-02 03:05:12.293181
384,4897,96.56,2,3,56.5,True,mobile,Bandung,False,2026-01-11 03:00:27.293181,2026-03-02 03:05:12.293181
384,1383,23.38,1,4,48.22,False,mobile,Bandung,False,2026-01-30 07:26:17.293181,2026-03-02 03:05:12.293181
384,1874,44.61,1,2,33.99,False,mobile,Jakarta,False,2026-02-10 15:01:53.293181,2026-03-02 03:05:12.293181
384,2930,161.28,2,3,76.42,False,mobile,Medan,False,2026-02-13 04:19:57.293181,2026-03-02 03:05:12.293181
384,619,126.06,3,4,88.83,False,mobile,Bandung,False,2026-02-13 07:37:04.293181,2026-03-02 03:05:12.293181
384,2616,81.65,4,5,87.4,True,mobile,Medan,False,2026-02-15 16:58:04.293181,2026-03-02 03:05:12.293181
384,1015,291.84,1,5,141.09,True,mobile,Jakarta,False,2026-03-01 18:23:22.293181,2026-03-02 03:05:12.293181
385,491,79.17,1,1,79.17,False,web,Surabaya,False,2026-01-06 19:01:40.293181,2026-03-02 03:05:12.293181
385,4858,42.67,2,2,60.92,False,mobile,Medan,False,2026-01-08 21:08:49.293181,2026-03-02 03:05:12.293181
385,886,56.56,1,3,59.47,True,mobile,Medan,False,2026-01-17 15:24:07.293181,2026-03-02 03:05:12.293181
385,836,52.41,1,4,57.7,False,mobile,Bandung,False,2026-01-26 01:07:41.293181,2026-03-02 03:05:12.293181
385,1147,24.65,2,5,51.09,False,mobile,Bandung,False,2026-01-30 20:34:47.293181,2026-03-02 03:05:12.293181
385,4799,33.9,1,4,41.88,False,web,Surabaya,False,2026-02-13 22:13:20.293181,2026-03-02 03:05:12.293181
385,803,32.12,2,4,35.77,False,mobile,Semarang,False,2026-02-18 08:44:26.293181,2026-03-02 03:05:12.293181
385,2155,42.69,3,5,37.15,False,mobile,Surabaya,False,2026-02-20 07:55:15.293181,2026-03-02 03:05:12.293181
385,203,131.51,2,5,52.97,False,web,Surabaya,False,2026-02-26 18:59:37.293181,2026-03-02 03:05:12.293181
386,394,10.8,1,1,10.8,True,web,Semarang,False,2026-01-04 01:49:21.293181,2026-03-02 03:05:12.293181
386,4540,37.21,2,2,24.01,True,mobile,Medan,False,2026-01-10 22:35:25.293181,2026-03-02 03:05:12.293181
386,4247,63.76,2,3,37.26,False,mobile,Surabaya,False,2026-01-14 11:23:47.293181,2026-03-02 03:05:12.293181
386,2615,31.98,1,4,35.94,False,mobile,Semarang,False,2026-01-23 07:55:12.293181,2026-03-02 03:05:12.293181
386,945,565.75,2,5,141.9,True,web,Surabaya,False,2026-01-24 05:21:48.293181,2026-03-02 03:05:12.293181
386,1006,53.8,3,6,127.22,False,mobile,Semarang,True,2026-01-30 03:16:43.293181,2026-03-02 03:05:12.293181
386,2850,65.66,2,6,136.36,False,web,Medan,False,2026-02-05 10:41:55.293181,2026-03-02 03:05:12.293181
386,3650,51.28,2,7,124.21,True,mobile,Medan,False,2026-02-07 13:23:00.293181,2026-03-02 03:05:12.293181
386,4648,79.64,1,6,141.35,False,mobile,Semarang,False,2026-02-19 21:59:39.293181,2026-03-02 03:05:12.293181
386,1262,12.69,2,7,122.97,True,mobile,Medan,False,2026-02-22 01:06:55.293181,2026-03-02 03:05:12.293181
387,3879,147.27,1,1,147.27,False,web,Semarang,False,2026-01-01 13:27:58.293181,2026-03-02 03:05:12.293181
387,1793,123.3,1,2,135.28,False,mobile,Medan,False,2026-01-14 15:41:40.293181,2026-03-02 03:05:12.293181
387,287,7.97,2,3,92.85,False,web,Surabaya,False,2026-01-15 12:41:01.293181,2026-03-02 03:05:12.293181
387,2263,16.19,3,4,73.68,False,mobile,Surabaya,False,2026-01-20 10:34:39.293181,2026-03-02 03:05:12.293181
387,866,28.48,1,5,64.64,False,mobile,Medan,False,2026-01-27 19:04:42.293181,2026-03-02 03:05:12.293181
387,4008,139.99,2,6,77.2,True,mobile,Bandung,False,2026-01-31 13:04:54.293181,2026-03-02 03:05:12.293181
387,4267,79.23,1,6,65.86,False,mobile,Bandung,False,2026-02-09 02:00:24.293181,2026-03-02 03:05:12.293181
387,3938,103.25,2,7,71.2,False,web,Bandung,False,2026-02-11 02:44:04.293181,2026-03-02 03:05:12.293181
387,1027,110.7,3,6,79.64,False,web,Bandung,False,2026-02-16 00:47:53.293181,2026-03-02 03:05:12.293181
387,3711,42.72,3,7,74.37,False,mobile,Surabaya,False,2026-02-17 21:05:54.293181,2026-03-02 03:05:12.293181
387,1851,132.5,3,8,81.63,False,web,Semarang,False,2026-02-18 02:57:29.293181,2026-03-02 03:05:12.293181
387,2398,54.25,4,8,86.39,True,mobile,Bandung,False,2026-02-22 07:46:58.293181,2026-03-02 03:05:12.293181
387,4993,79.93,4,9,85.67,False,mobile,Surabaya,False,2026-02-23 23:17:09.293181,2026-03-02 03:05:12.293181
387,174,32.08,3,10,80.31,False,mobile,Bandung,False,2026-02-25 19:42:23.293181,2026-03-02 03:05:12.293181
387,2248,606.26,4,10,138.09,True,mobile,Medan,False,2026-02-28 02:13:26.293181,2026-03-02 03:05:12.293181
387,3302,51.99,4,11,130.26,True,mobile,Surabaya,False,2026-03-01 23:20:56.293181,2026-03-02 03:05:12.293181
388,3623,153.7,1,1,153.7,False,web,Semarang,False,2026-01-07 22:00:08.293181,2026-03-02 03:05:12.293181
388,1488,46.31,2,2,100.0,False,mobile,Semarang,False,2026-01-14 20:03:40.293181,2026-03-02 03:05:12.293181
388,2807,28.07,2,3,76.03,False,mobile,Semarang,False,2026-01-16 05:35:07.293181,2026-03-02 03:05:12.293181
388,3543,8.73,1,4,59.2,False,mobile,Semarang,False,2026-01-26 06:05:03.293181,2026-03-02 03:05:12.293181
388,3702,3.88,2,5,48.14,False,web,Semarang,False,2026-01-26 10:44:39.293181,2026-03-02 03:05:12.293181
388,3826,124.3,1,6,60.83,False,web,Semarang,False,2026-02-05 03:14:37.293181,2026-03-02 03:05:12.293181
388,1428,85.98,1,4,55.72,True,mobile,Surabaya,False,2026-02-21 11:07:28.293181,2026-03-02 03:05:12.293181
388,4787,55.36,2,3,88.55,False,web,Jakarta,False,2026-02-27 03:47:57.293181,2026-03-02 03:05:12.293181
389,2389,282.16,1,1,282.16,False,mobile,Semarang,False,2025-12-31 20:43:54.293181,2026-03-02 03:05:12.293181
389,4190,201.98,2,2,242.07,False,mobile,Medan,False,2026-01-05 08:51:25.293181,2026-03-02 03:05:12.293181
389,2715,34.38,2,3,172.84,True,mobile,Jakarta,False,2026-01-10 06:44:48.293181,2026-03-02 03:05:12.293181
389,1660,22.27,1,1,22.27,False,mobile,Jakarta,False,2026-02-09 14:32:35.293181,2026-03-02 03:05:12.293181
389,40,19.89,2,2,21.08,False,web,Bandung,False,2026-02-16 08:14:10.293181,2026-03-02 03:05:12.293181
389,1182,281.67,1,3,107.94,False,mobile,Jakarta,False,2026-02-27 05:15:33.293181,2026-03-02 03:05:12.293181
390,4338,348.51,1,1,348.51,False,mobile,Jakarta,False,2025-12-31 22:36:18.293181,2026-03-02 03:05:12.293181
390,1235,56.76,2,2,202.64,False,web,Surabaya,False,2026-01-01 20:35:18.293181,2026-03-02 03:05:12.293181
390,4789,16.97,3,3,140.75,False,mobile,Bandung,False,2026-01-01 22:14:44.293181,2026-03-02 03:05:12.293181
390,1462,261.93,4,4,171.04,False,web,Bandung,False,2026-01-05 01:11:25.293181,2026-03-02 03:05:12.293181
390,268,19.91,5,5,140.82,False,mobile,Bandung,False,2026-01-07 09:09:55.293181,2026-03-02 03:05:12.293181
390,3194,78.82,3,6,130.48,True,mobile,Jakarta,False,2026-01-10 01:03:53.293181,2026-03-02 03:05:12.293181
390,1002,671.62,4,7,207.79,True,mobile,Bandung,False,2026-01-11 05:36:15.293181,2026-03-02 03:05:12.293181
390,4876,23.64,2,8,184.77,True,web,Jakarta,False,2026-01-17 22:59:39.293181,2026-03-02 03:05:12.293181
390,3986,24.25,2,9,166.93,True,mobile,Surabaya,False,2026-01-24 15:47:19.293181,2026-03-02 03:05:12.293181
390,1492,38.19,2,10,154.06,False,mobile,Bandung,False,2026-01-29 11:09:28.293181,2026-03-02 03:05:12.293181
390,1677,46.74,3,10,123.88,True,mobile,Bandung,False,2026-01-31 02:15:31.293181,2026-03-02 03:05:12.293181
390,2388,69.92,3,9,137.22,False,web,Bandung,False,2026-02-03 18:22:33.293181,2026-03-02 03:05:12.293181
390,2400,98.07,3,9,119.02,False,mobile,Bandung,False,2026-02-06 07:26:10.293181,2026-03-02 03:05:12.293181
390,4039,8.07,1,7,44.13,True,mobile,Jakarta,False,2026-02-14 11:08:59.293181,2026-03-02 03:05:12.293181
390,4759,54.65,2,7,48.56,False,mobile,Bandung,False,2026-02-19 05:16:20.293181,2026-03-02 03:05:12.293181
391,1326,119.66,1,1,119.66,False,mobile,Jakarta,False,2026-01-05 00:13:55.293181,2026-03-02 03:05:12.293181
391,4947,9.39,2,2,64.53,False,web,Medan,False,2026-01-07 05:27:45.293181,2026-03-02 03:05:12.293181
391,4077,136.04,3,3,88.36,False,web,Bandung,False,2026-01-08 15:10:33.293181,2026-03-02 03:05:12.293181
391,1225,114.78,4,4,94.97,True,mobile,Bandung,False,2026-01-10 19:03:47.293181,2026-03-02 03:05:12.293181
391,3708,97.22,4,5,95.42,False,web,Medan,False,2026-01-13 18:52:19.293181,2026-03-02 03:05:12.293181
391,2181,15.86,2,6,82.16,True,mobile,Semarang,False,2026-01-18 16:27:52.293181,2026-03-02 03:05:12.293181
391,2961,88.75,1,7,83.1,True,mobile,Jakarta,False,2026-01-31 09:24:52.293181,2026-03-02 03:05:12.293181
391,221,38.51,2,7,71.51,False,mobile,Jakarta,False,2026-02-05 11:33:09.293181,2026-03-02 03:05:12.293181
391,1582,167.16,3,7,94.05,False,mobile,Surabaya,False,2026-02-06 10:36:55.293181,2026-03-02 03:05:12.293181
391,50,22.08,4,8,85.05,False,web,Bandung,False,2026-02-06 15:33:52.293181,2026-03-02 03:05:12.293181
391,3227,670.71,4,8,151.88,True,web,Semarang,False,2026-02-08 10:12:37.293181,2026-03-02 03:05:12.293181
391,2667,139.47,5,8,154.97,False,web,Semarang,False,2026-02-10 03:45:54.293181,2026-03-02 03:05:12.293181
391,1427,170.75,6,9,156.72,False,mobile,Surabaya,False,2026-02-11 17:17:09.293181,2026-03-02 03:05:12.293181
391,236,252.88,4,9,174.02,True,mobile,Medan,False,2026-02-14 04:07:18.293181,2026-03-02 03:05:12.293181
391,2208,65.88,2,9,179.58,False,mobile,Jakarta,False,2026-02-19 19:24:35.293181,2026-03-02 03:05:12.293181
392,4111,186.29,1,1,186.29,False,mobile,Semarang,False,2026-01-02 05:47:11.293181,2026-03-02 03:05:12.293181
392,1300,135.19,2,2,160.74,True,mobile,Bandung,False,2026-01-03 04:07:32.293181,2026-03-02 03:05:12.293181
392,3847,120.07,3,3,147.18,False,mobile,Jakarta,False,2026-01-06 07:35:28.293181,2026-03-02 03:05:12.293181
392,937,31.63,2,4,118.3,True,mobile,Semarang,False,2026-01-10 07:13:03.293181,2026-03-02 03:05:12.293181
392,1989,42.81,2,5,103.2,False,web,Semarang,True,2026-01-15 08:04:08.293181,2026-03-02 03:05:12.293181
392,1421,51.21,1,2,47.01,False,web,Bandung,False,2026-02-12 04:24:47.293181,2026-03-02 03:05:12.293181
392,3284,176.37,2,2,113.79,False,web,Jakarta,False,2026-02-16 09:34:12.293181,2026-03-02 03:05:12.293181
392,2289,41.65,1,3,89.74,True,mobile,Jakarta,False,2026-02-28 08:57:58.293181,2026-03-02 03:05:12.293181
392,3268,88.57,2,4,89.45,True,mobile,Jakarta,False,2026-03-01 20:50:03.293181,2026-03-02 03:05:12.293181
393,1795,122.79,1,1,122.79,False,mobile,Bandung,False,2025-12-31 06:15:48.293181,2026-03-02 03:05:12.293181
393,891,60.01,1,2,91.4,False,mobile,Semarang,False,2026-01-08 13:26:06.293181,2026-03-02 03:05:12.293181
393,3791,10.37,1,3,64.39,False,mobile,Surabaya,False,2026-01-22 15:01:49.293181,2026-03-02 03:05:12.293181
393,3854,134.52,2,4,81.92,False,mobile,Bandung,False,2026-01-23 09:17:00.293181,2026-03-02 03:05:12.293181
393,2287,54.43,3,5,76.42,True,mobile,Jakarta,False,2026-01-24 17:57:46.293181,2026-03-02 03:05:12.293181
393,2588,205.32,4,6,97.91,False,mobile,Jakarta,False,2026-01-26 21:10:01.293181,2026-03-02 03:05:12.293181
393,1047,2.29,1,6,77.82,False,mobile,Surabaya,False,2026-02-05 18:58:17.293181,2026-03-02 03:05:12.293181
393,270,36.24,1,6,73.86,False,mobile,Bandung,False,2026-02-18 09:13:50.293181,2026-03-02 03:05:12.293181
393,4773,18.27,2,7,65.92,False,mobile,Jakarta,False,2026-02-19 02:57:21.293181,2026-03-02 03:05:12.293181
393,2566,59.47,3,7,72.93,True,web,Medan,False,2026-02-21 15:55:40.293181,2026-03-02 03:05:12.293181
393,3150,45.96,2,5,32.45,False,mobile,Medan,False,2026-02-27 09:57:56.293181,2026-03-02 03:05:12.293181
393,2190,100.33,2,6,43.76,True,mobile,Semarang,False,2026-03-01 23:01:31.293181,2026-03-02 03:05:12.293181
394,205,107.11,1,1,107.11,False,mobile,Semarang,True,2026-01-08 12:30:07.293181,2026-03-02 03:05:12.293181
394,128,54.36,2,2,80.74,False,mobile,Surabaya,False,2026-01-09 08:18:29.293181,2026-03-02 03:05:12.293181
394,4465,41.28,3,3,67.58,True,mobile,Surabaya,False,2026-01-10 07:47:13.293181,2026-03-02 03:05:12.293181
394,3058,294.4,4,4,124.29,True,mobile,Bandung,False,2026-01-10 15:27:28.293181,2026-03-02 03:05:12.293181
394,2636,599.41,5,5,219.31,False,mobile,Jakarta,False,2026-01-13 11:57:18.293181,2026-03-02 03:05:12.293181
394,3789,50.17,2,6,191.12,True,mobile,Medan,False,2026-01-18 09:45:58.293181,2026-03-02 03:05:12.293181
394,4286,43.1,3,7,169.98,True,web,Surabaya,False,2026-01-18 12:34:44.293181,2026-03-02 03:05:12.293181
394,4525,130.44,1,8,165.03,False,web,Surabaya,False,2026-02-06 02:08:36.293181,2026-03-02 03:05:12.293181
394,4893,122.44,2,5,189.11,False,mobile,Bandung,False,2026-02-12 08:54:35.293181,2026-03-02 03:05:12.293181
394,3551,50.66,3,5,79.36,False,mobile,Jakarta,False,2026-02-12 19:35:37.293181,2026-03-02 03:05:12.293181
394,817,35.31,3,4,84.71,False,mobile,Medan,False,2026-02-17 17:21:59.293181,2026-03-02 03:05:12.293181
394,3081,155.4,2,5,98.85,False,mobile,Semarang,False,2026-02-20 23:50:39.293181,2026-03-02 03:05:12.293181
394,2101,16.11,3,6,85.06,False,mobile,Semarang,False,2026-02-24 05:52:13.293181,2026-03-02 03:05:12.293181
395,2598,126.64,1,1,126.64,False,web,Medan,False,2026-01-19 16:19:33.293181,2026-03-02 03:05:12.293181
395,930,48.59,2,2,87.62,False,web,Semarang,False,2026-01-22 23:56:14.293181,2026-03-02 03:05:12.293181
395,3677,21.17,3,3,65.47,True,mobile,Medan,False,2026-01-24 20:41:46.293181,2026-03-02 03:05:12.293181
395,3145,35.54,4,4,57.99,True,mobile,Bandung,False,2026-01-25 03:09:03.293181,2026-03-02 03:05:12.293181
395,567,31.37,4,5,52.66,False,mobile,Medan,False,2026-01-27 16:13:26.293181,2026-03-02 03:05:12.293181
395,3453,176.98,2,6,73.38,True,mobile,Jakarta,False,2026-02-01 16:14:18.293181,2026-03-02 03:05:12.293181
395,838,31.28,1,7,67.37,False,mobile,Surabaya,False,2026-02-17 04:29:34.293181,2026-03-02 03:05:12.293181
395,2578,64.13,2,7,58.44,False,web,Jakarta,False,2026-02-19 18:25:30.293181,2026-03-02 03:05:12.293181
395,3527,117.51,3,5,84.25,False,mobile,Bandung,False,2026-02-24 04:20:23.293181,2026-03-02 03:05:12.293181
396,3480,714.09,1,1,714.09,True,mobile,Medan,False,2026-01-11 12:42:48.293181,2026-03-02 03:05:12.293181
396,86,125.12,2,2,419.6,False,web,Semarang,False,2026-01-13 20:41:30.293181,2026-03-02 03:05:12.293181
396,1472,56.81,3,3,298.67,False,mobile,Semarang,False,2026-01-16 05:22:46.293181,2026-03-02 03:05:12.293181
396,2804,14.35,4,4,227.59,True,mobile,Surabaya,False,2026-01-17 23:59:31.293181,2026-03-02 03:05:12.293181
396,2394,83.15,4,5,198.7,False,web,Jakarta,False,2026-01-20 16:07:14.293181,2026-03-02 03:05:12.293181
396,1083,20.83,4,6,169.06,False,mobile,Medan,False,2026-01-22 09:55:23.293181,2026-03-02 03:05:12.293181
396,4562,25.51,4,7,148.55,True,web,Semarang,True,2026-01-24 17:21:08.293181,2026-03-02 03:05:12.293181
396,677,40.77,1,8,135.08,False,web,Semarang,True,2026-02-04 12:30:51.293181,2026-03-02 03:05:12.293181
396,3433,11.41,2,9,121.34,False,mobile,Surabaya,False,2026-02-05 22:29:57.293181,2026-03-02 03:05:12.293181
396,4312,19.54,3,10,111.16,True,mobile,Jakarta,False,2026-02-07 11:30:25.293181,2026-03-02 03:05:12.293181
396,4772,556.2,3,10,95.37,False,mobile,Surabaya,False,2026-02-12 19:33:10.293181,2026-03-02 03:05:12.293181
396,1555,74.47,2,8,103.99,False,mobile,Jakarta,False,2026-02-17 20:03:20.293181,2026-03-02 03:05:12.293181
396,3894,73.99,3,9,100.65,False,mobile,Medan,False,2026-02-18 11:00:20.293181,2026-03-02 03:05:12.293181
397,3404,58.32,1,1,58.32,False,mobile,Medan,False,2026-01-01 00:33:12.293181,2026-03-02 03:05:12.293181
397,2984,79.34,2,2,68.83,False,web,Semarang,False,2026-01-01 22:41:40.293181,2026-03-02 03:05:12.293181
397,2493,247.98,3,3,128.55,False,mobile,Jakarta,False,2026-01-05 12:19:41.293181,2026-03-02 03:05:12.293181
397,4292,103.84,4,4,122.37,False,web,Surabaya,False,2026-01-05 12:27:27.293181,2026-03-02 03:05:12.293181
397,4781,41.7,5,5,106.24,False,mobile,Semarang,True,2026-01-06 19:03:53.293181,2026-03-02 03:05:12.293181
397,1998,70.59,2,6,100.3,False,mobile,Semarang,False,2026-01-13 15:42:35.293181,2026-03-02 03:05:12.293181
397,4910,132.63,1,7,104.91,False,web,Semarang,False,2026-01-29 11:39:20.293181,2026-03-02 03:05:12.293181
397,3381,91.57,1,3,98.26,False,mobile,Semarang,False,2026-02-06 14:54:15.293181,2026-03-02 03:05:12.293181
397,1129,175.13,1,3,133.11,False,mobile,Surabaya,False,2026-02-18 02:53:16.293181,2026-03-02 03:05:12.293181
398,1781,158.06,1,1,158.06,False,mobile,Medan,False,2025-12-31 12:02:54.293181,2026-03-02 03:05:12.293181
398,2829,11.73,1,2,84.9,False,mobile,Medan,False,2026-01-20 22:11:09.293181,2026-03-02 03:05:12.293181
398,4813,31.3,2,3,67.03,True,web,Semarang,False,2026-01-25 19:34:51.293181,2026-03-02 03:05:12.293181
398,2371,123.05,2,3,55.36,True,mobile,Semarang,False,2026-02-01 18:12:58.293181,2026-03-02 03:05:12.293181
398,2239,202.27,1,4,92.09,False,mobile,Medan,False,2026-02-09 07:08:56.293181,2026-03-02 03:05:12.293181
398,2735,37.69,1,5,81.21,False,mobile,Jakarta,False,2026-02-16 22:20:45.293181,2026-03-02 03:05:12.293181
398,3368,48.51,2,5,88.56,False,mobile,Jakarta,False,2026-02-23 04:51:24.293181,2026-03-02 03:05:12.293181
398,1307,181.46,3,6,104.05,False,mobile,Medan,False,2026-02-23 21:08:23.293181,2026-03-02 03:05:12.293181
398,3881,26.08,3,6,103.18,False,mobile,Bandung,False,2026-02-24 22:11:46.293181,2026-03-02 03:05:12.293181
398,4021,23.75,4,7,91.83,False,mobile,Surabaya,False,2026-02-25 23:15:21.293181,2026-03-02 03:05:12.293181
398,1596,158.0,5,8,100.1,False,mobile,Bandung,False,2026-02-27 10:19:31.293181,2026-03-02 03:05:12.293181
398,129,276.98,6,9,119.75,False,mobile,Bandung,False,2026-02-27 12:29:22.293181,2026-03-02 03:05:12.293181
399,841,52.29,1,1,52.29,False,mobile,Surabaya,False,2026-01-02 04:00:41.293181,2026-03-02 03:05:12.293181
399,2818,40.09,1,2,46.19,False,web,Jakarta,False,2026-01-12 03:38:44.293181,2026-03-02 03:05:12.293181
399,1769,144.13,2,3,78.84,False,mobile,Semarang,False,2026-01-16 09:44:03.293181,2026-03-02 03:05:12.293181
399,2361,60.03,3,4,74.13,True,mobile,Surabaya,False,2026-01-17 06:06:59.293181,2026-03-02 03:05:12.293181
399,1056,29.35,1,5,65.18,False,mobile,Bandung,False,2026-01-28 03:39:31.293181,2026-03-02 03:05:12.293181
399,892,40.21,2,6,61.02,False,mobile,Bandung,False,2026-01-28 08:33:52.293181,2026-03-02 03:05:12.293181
399,240,21.43,3,7,55.36,False,web,Semarang,False,2026-01-30 07:15:41.293181,2026-03-02 03:05:12.293181
399,2945,341.63,4,8,91.14,True,web,Bandung,False,2026-01-31 21:42:27.293181,2026-03-02 03:05:12.293181
399,2638,59.98,1,7,99.54,False,mobile,Medan,False,2026-02-11 21:07:24.293181,2026-03-02 03:05:12.293181
399,4366,83.01,2,6,95.94,False,mobile,Bandung,False,2026-02-17 12:57:17.293181,2026-03-02 03:05:12.293181
399,2037,99.9,2,7,96.5,False,mobile,Semarang,False,2026-02-23 10:29:58.293181,2026-03-02 03:05:12.293181
400,2856,26.36,1,1,26.36,True,mobile,Medan,False,2026-01-04 21:06:38.293181,2026-03-02 03:05:12.293181
400,1023,96.67,1,2,61.52,False,mobile,Semarang,False,2026-01-13 09:28:59.293181,2026-03-02 03:05:12.293181
400,3076,202.69,1,3,108.57,True,mobile,Semarang,False,2026-01-31 19:52:05.293181,2026-03-02 03:05:12.293181
400,4768,34.93,2,4,90.16,True,mobile,Medan,False,2026-02-01 08:32:40.293181,2026-03-02 03:05:12.293181
400,612,41.58,1,3,93.07,True,mobile,Surabaya,False,2026-02-15 22:18:35.293181,2026-03-02 03:05:12.293181
401,4392,24.32,1,1,24.32,False,mobile,Surabaya,False,2026-01-06 18:53:32.293181,2026-03-02 03:05:12.293181
401,3366,18.36,2,2,21.34,False,mobile,Jakarta,False,2026-01-09 10:26:35.293181,2026-03-02 03:05:12.293181
401,1092,298.6,2,3,113.76,False,mobile,Medan,False,2026-01-14 14:36:38.293181,2026-03-02 03:05:12.293181
401,4448,39.67,2,4,95.24,False,web,Bandung,False,2026-01-19 08:31:39.293181,2026-03-02 03:05:12.293181
401,2939,299.18,2,5,136.03,False,mobile,Bandung,False,2026-01-26 04:42:59.293181,2026-03-02 03:05:12.293181
401,1639,20.15,2,6,116.71,False,web,Jakarta,False,2026-01-30 06:16:53.293181,2026-03-02 03:05:12.293181
401,637,16.13,1,3,111.82,True,mobile,Jakarta,False,2026-02-22 16:47:38.293181,2026-03-02 03:05:12.293181
402,2625,6.44,1,1,6.44,False,mobile,Bandung,False,2026-01-01 01:02:46.293181,2026-03-02 03:05:12.293181
402,4358,58.96,2,2,32.7,False,web,Jakarta,False,2026-01-01 20:14:10.293181,2026-03-02 03:05:12.293181
402,4324,40.62,3,3,35.34,False,web,Jakarta,False,2026-01-05 10:05:28.293181,2026-03-02 03:05:12.293181
402,413,66.02,4,4,43.01,False,mobile,Surabaya,False,2026-01-06 17:01:50.293181,2026-03-02 03:05:12.293181
402,4586,17.67,1,5,37.94,True,web,Bandung,False,2026-01-17 08:33:58.293181,2026-03-02 03:05:12.293181
402,4208,43.49,2,6,38.87,False,mobile,Medan,False,2026-01-19 13:03:26.293181,2026-03-02 03:05:12.293181
402,412,38.48,2,7,38.81,True,web,Semarang,False,2026-01-25 15:12:46.293181,2026-03-02 03:05:12.293181
402,2049,219.88,2,8,61.45,False,web,Bandung,False,2026-01-30 22:58:36.293181,2026-03-02 03:05:12.293181
402,4297,67.06,2,5,77.32,False,mobile,Surabaya,False,2026-02-06 10:37:59.293181,2026-03-02 03:05:12.293181
402,2617,153.3,1,5,104.44,False,mobile,Jakarta,False,2026-02-18 02:15:57.293181,2026-03-02 03:05:12.293181
402,4830,55.78,2,5,106.9,False,web,Surabaya,False,2026-02-19 20:36:57.293181,2026-03-02 03:05:12.293181
402,420,234.88,3,6,128.23,False,web,Bandung,False,2026-02-20 21:41:28.293181,2026-03-02 03:05:12.293181
402,339,20.76,3,6,125.28,False,mobile,Surabaya,False,2026-02-25 14:38:31.293181,2026-03-02 03:05:12.293181
402,4952,156.02,4,7,129.67,False,mobile,Surabaya,False,2026-02-26 02:37:57.293181,2026-03-02 03:05:12.293181
403,3928,28.08,1,1,28.08,False,mobile,Surabaya,False,2026-01-12 10:01:14.293181,2026-03-02 03:05:12.293181
403,703,42.32,1,2,35.2,False,web,Semarang,False,2026-01-27 08:02:28.293181,2026-03-02 03:05:12.293181
403,1823,121.34,1,3,63.91,False,mobile,Surabaya,False,2026-02-03 15:18:36.293181,2026-03-02 03:05:12.293181
403,4859,128.13,2,4,79.97,False,mobile,Surabaya,False,2026-02-10 15:00:29.293181,2026-03-02 03:05:12.293181
403,4454,36.06,1,4,81.96,False,mobile,Jakarta,False,2026-02-18 13:06:26.293181,2026-03-02 03:05:12.293181
403,1980,24.79,2,5,70.53,False,mobile,Medan,False,2026-02-20 20:09:41.293181,2026-03-02 03:05:12.293181
403,1984,55.51,3,6,68.02,False,mobile,Surabaya,False,2026-02-20 23:30:34.293181,2026-03-02 03:05:12.293181
403,774,76.64,4,7,69.26,True,mobile,Semarang,False,2026-02-21 08:55:30.293181,2026-03-02 03:05:12.293181
403,2781,29.34,5,8,64.27,True,mobile,Medan,False,2026-02-22 10:07:26.293181,2026-03-02 03:05:12.293181
404,1561,98.11,1,1,98.11,True,mobile,Bandung,False,2026-01-11 03:50:07.293181,2026-03-02 03:05:12.293181
404,2000,43.94,2,2,71.03,False,mobile,Semarang,False,2026-01-12 15:43:19.293181,2026-03-02 03:05:12.293181
404,2575,48.11,3,3,63.39,False,web,Surabaya,False,2026-01-15 07:35:47.293181,2026-03-02 03:05:12.293181
404,648,60.23,4,4,62.6,False,mobile,Jakarta,False,2026-01-16 09:35:11.293181,2026-03-02 03:05:12.293181
404,3714,136.52,3,5,77.38,False,web,Jakarta,False,2026-01-20 23:33:54.293181,2026-03-02 03:05:12.293181
404,1359,72.51,4,6,76.57,False,web,Surabaya,False,2026-01-21 21:26:00.293181,2026-03-02 03:05:12.293181
404,2020,87.93,3,7,78.19,False,web,Jakarta,False,2026-01-26 10:56:03.293181,2026-03-02 03:05:12.293181
404,4943,377.06,1,8,115.55,True,mobile,Surabaya,False,2026-02-07 01:07:04.293181,2026-03-02 03:05:12.293181
404,2796,7.45,1,5,136.29,False,mobile,Bandung,False,2026-02-18 00:33:09.293181,2026-03-02 03:05:12.293181
404,1807,89.8,1,3,158.1,False,web,Semarang,False,2026-02-26 20:10:28.293181,2026-03-02 03:05:12.293181
404,3574,22.73,2,4,124.26,True,mobile,Bandung,False,2026-03-01 00:57:25.293181,2026-03-02 03:05:12.293181
405,2019,20.12,1,1,20.12,True,mobile,Semarang,False,2026-01-03 14:45:13.293181,2026-03-02 03:05:12.293181
405,3036,32.41,2,2,26.26,True,mobile,Surabaya,False,2026-01-04 23:25:53.293181,2026-03-02 03:05:12.293181
405,4513,33.38,1,3,28.64,True,mobile,Medan,False,2026-01-17 11:36:02.293181,2026-03-02 03:05:12.293181
405,4270,315.19,2,4,100.28,True,mobile,Medan,False,2026-01-17 23:24:59.293181,2026-03-02 03:05:12.293181
405,1865,173.8,3,5,114.98,False,mobile,Jakarta,False,2026-01-20 06:47:13.293181,2026-03-02 03:05:12.293181
405,1556,44.97,2,6,103.31,False,mobile,Surabaya,False,2026-01-27 03:10:14.293181,2026-03-02 03:05:12.293181
405,4496,22.27,2,7,91.73,False,mobile,Medan,False,2026-01-28 19:26:48.293181,2026-03-02 03:05:12.293181
405,1304,25.36,1,6,102.5,False,mobile,Jakarta,False,2026-02-10 17:56:57.293181,2026-03-02 03:05:12.293181
405,3619,30.92,1,4,30.88,False,mobile,Semarang,False,2026-02-19 07:38:28.293181,2026-03-02 03:05:12.293181
405,2498,98.09,2,5,44.32,False,mobile,Medan,False,2026-02-25 13:04:26.293181,2026-03-02 03:05:12.293181
406,1380,142.32,1,1,142.32,False,mobile,Bandung,False,2026-01-20 03:48:08.293181,2026-03-02 03:05:12.293181
406,3033,43.33,1,2,92.82,False,web,Semarang,False,2026-01-30 12:03:05.293181,2026-03-02 03:05:12.293181
406,1702,63.11,2,3,82.92,False,mobile,Jakarta,False,2026-02-05 08:34:17.293181,2026-03-02 03:05:12.293181
406,181,132.75,2,4,95.38,True,mobile,Jakarta,False,2026-02-07 19:31:37.293181,2026-03-02 03:05:12.293181
406,2540,33.56,3,5,83.01,False,mobile,Jakarta,False,2026-02-12 00:17:07.293181,2026-03-02 03:05:12.293181
406,1190,79.48,3,6,82.42,False,mobile,Jakarta,False,2026-02-12 12:32:38.293181,2026-03-02 03:05:12.293181
406,1608,568.21,3,7,151.82,False,mobile,Bandung,False,2026-02-18 09:18:33.293181,2026-03-02 03:05:12.293181
406,2450,37.88,2,7,136.9,False,mobile,Medan,False,2026-02-19 14:34:39.293181,2026-03-02 03:05:12.293181
406,2836,13.43,3,8,121.47,False,web,Jakarta,False,2026-02-20 16:03:50.293181,2026-03-02 03:05:12.293181
406,2704,12.44,4,9,109.35,False,web,Bandung,False,2026-02-23 07:37:45.293181,2026-03-02 03:05:12.293181
406,1360,22.45,5,10,100.66,False,web,Semarang,False,2026-02-24 03:14:42.293181,2026-03-02 03:05:12.293181
406,2920,183.71,6,11,108.21,False,web,Semarang,False,2026-02-25 06:27:50.293181,2026-03-02 03:05:12.293181
407,3027,16.26,1,1,16.26,False,mobile,Jakarta,False,2026-01-02 11:06:32.293181,2026-03-02 03:05:12.293181
407,2094,50.51,1,2,33.38,False,mobile,Medan,False,2026-01-21 06:02:42.293181,2026-03-02 03:05:12.293181
407,4891,5.93,2,3,24.23,False,mobile,Semarang,False,2026-01-21 16:38:14.293181,2026-03-02 03:05:12.293181
407,2744,23.74,3,4,24.11,True,mobile,Jakarta,False,2026-01-24 00:55:44.293181,2026-03-02 03:05:12.293181
407,786,113.22,3,5,41.93,False,mobile,Medan,False,2026-01-28 13:04:54.293181,2026-03-02 03:05:12.293181
407,3297,11.78,1,1,11.78,True,web,Medan,False,2026-02-28 10:43:14.293181,2026-03-02 03:05:12.293181
408,2422,88.15,1,1,88.15,True,mobile,Jakarta,False,2026-01-03 18:31:11.293181,2026-03-02 03:05:12.293181
408,4651,115.93,2,2,102.04,True,mobile,Surabaya,False,2026-01-04 19:51:39.293181,2026-03-02 03:05:12.293181
408,664,98.42,3,3,100.83,False,web,Bandung,False,2026-01-06 01:39:02.293181,2026-03-02 03:05:12.293181
408,4758,173.1,3,4,118.9,True,mobile,Medan,False,2026-01-11 02:17:25.293181,2026-03-02 03:05:12.293181
408,4171,63.09,2,5,107.74,False,mobile,Bandung,False,2026-01-13 11:18:22.293181,2026-03-02 03:05:12.293181
408,1090,39.59,1,6,96.38,False,mobile,Medan,False,2026-01-21 08:29:20.293181,2026-03-02 03:05:12.293181
408,4543,110.51,2,7,98.4,False,web,Semarang,False,2026-01-23 09:15:37.293181,2026-03-02 03:05:12.293181
408,4923,28.44,3,8,89.65,False,mobile,Surabaya,False,2026-01-27 06:02:49.293181,2026-03-02 03:05:12.293181
408,600,13.75,4,9,81.22,False,web,Semarang,False,2026-01-28 05:39:14.293181,2026-03-02 03:05:12.293181
408,4482,63.73,4,10,79.47,False,web,Medan,False,2026-01-28 16:12:57.293181,2026-03-02 03:05:12.293181
408,4483,28.87,1,8,65.14,False,mobile,Medan,False,2026-02-06 07:15:53.293181,2026-03-02 03:05:12.293181
408,4088,17.26,2,8,45.66,False,mobile,Bandung,False,2026-02-10 02:39:02.293181,2026-03-02 03:05:12.293181
408,1690,165.66,3,9,58.99,False,mobile,Surabaya,False,2026-02-11 19:46:47.293181,2026-03-02 03:05:12.293181
408,789,162.14,4,9,69.99,False,mobile,Semarang,False,2026-02-12 12:36:03.293181,2026-03-02 03:05:12.293181
408,3354,146.49,1,9,81.87,True,web,Bandung,False,2026-02-22 04:36:07.293181,2026-03-02 03:05:12.293181
408,3466,56.12,2,9,75.83,False,mobile,Medan,False,2026-02-23 15:09:01.293181,2026-03-02 03:05:12.293181
409,4315,128.94,1,1,128.94,False,mobile,Jakarta,False,2026-01-14 13:04:28.293181,2026-03-02 03:05:12.293181
409,2010,187.35,2,2,158.14,False,mobile,Surabaya,False,2026-01-21 06:42:41.293181,2026-03-02 03:05:12.293181
409,2881,180.11,1,3,165.47,True,mobile,Surabaya,True,2026-02-07 14:04:32.293181,2026-03-02 03:05:12.293181
409,1162,32.4,1,3,133.29,False,mobile,Bandung,False,2026-02-19 12:55:12.293181,2026-03-02 03:05:12.293181
409,4475,10.17,2,3,74.23,False,web,Surabaya,False,2026-02-23 01:39:42.293181,2026-03-02 03:05:12.293181
409,970,44.69,3,4,66.84,False,mobile,Jakarta,False,2026-02-25 20:02:30.293181,2026-03-02 03:05:12.293181
409,4625,64.99,3,5,66.47,True,mobile,Semarang,False,2026-03-01 04:40:34.293181,2026-03-02 03:05:12.293181
410,1509,35.63,1,1,35.63,False,mobile,Medan,False,2026-01-14 20:19:54.293181,2026-03-02 03:05:12.293181
410,2863,84.96,2,2,60.3,True,mobile,Semarang,False,2026-01-17 07:26:53.293181,2026-03-02 03:05:12.293181
410,4687,65.15,2,3,61.91,False,mobile,Medan,False,2026-01-21 20:29:24.293181,2026-03-02 03:05:12.293181
410,363,26.67,3,4,53.1,False,mobile,Medan,False,2026-01-22 09:35:55.293181,2026-03-02 03:05:12.293181
410,627,19.15,3,5,46.31,True,mobile,Bandung,False,2026-01-25 17:53:06.293181,2026-03-02 03:05:12.293181
410,4655,59.63,1,6,48.53,False,mobile,Surabaya,False,2026-02-03 15:01:40.293181,2026-03-02 03:05:12.293181
410,4610,28.07,2,7,45.61,True,mobile,Bandung,False,2026-02-08 17:59:35.293181,2026-03-02 03:05:12.293181
410,1782,248.93,1,7,76.08,True,web,Surabaya,False,2026-02-15 19:42:07.293181,2026-03-02 03:05:12.293181
410,956,61.0,2,7,72.66,False,mobile,Bandung,False,2026-02-17 22:54:49.293181,2026-03-02 03:05:12.293181
411,2647,71.93,1,1,71.93,False,mobile,Surabaya,False,2026-01-01 05:34:51.293181,2026-03-02 03:05:12.293181
411,1785,29.95,2,2,50.94,False,mobile,Semarang,False,2026-01-01 11:05:35.293181,2026-03-02 03:05:12.293181
411,640,23.23,1,3,41.7,False,mobile,Surabaya,False,2026-01-22 19:48:51.293181,2026-03-02 03:05:12.293181
411,2929,116.87,1,2,70.05,False,mobile,Surabaya,False,2026-02-03 12:26:22.293181,2026-03-02 03:05:12.293181
411,3704,92.27,2,3,77.46,False,mobile,Medan,False,2026-02-04 20:00:05.293181,2026-03-02 03:05:12.293181
411,2884,18.64,1,4,62.75,True,web,Surabaya,True,2026-02-14 18:32:40.293181,2026-03-02 03:05:12.293181
411,2336,48.8,2,5,59.96,False,mobile,Medan,False,2026-02-16 03:16:51.293181,2026-03-02 03:05:12.293181
411,858,43.12,1,5,63.94,False,web,Surabaya,False,2026-02-27 21:29:26.293181,2026-03-02 03:05:12.293181
412,3481,129.54,1,1,129.54,False,mobile,Surabaya,False,2026-01-05 17:29:10.293181,2026-03-02 03:05:12.293181
412,3044,40.64,1,2,85.09,False,web,Surabaya,False,2026-01-13 01:11:24.293181,2026-03-02 03:05:12.293181
412,1861,70.6,1,3,80.26,False,web,Surabaya,False,2026-01-22 05:14:16.293181,2026-03-02 03:05:12.293181
412,3438,33.19,2,4,68.49,False,mobile,Surabaya,False,2026-01-27 14:40:55.293181,2026-03-02 03:05:12.293181
412,4036,85.17,2,5,71.83,False,web,Surabaya,False,2026-01-29 10:17:22.293181,2026-03-02 03:05:12.293181
412,1364,25.42,3,6,64.09,True,web,Jakarta,False,2026-02-01 04:16:38.293181,2026-03-02 03:05:12.293181
412,3315,14.18,1,6,44.87,False,mobile,Surabaya,False,2026-02-09 06:56:36.293181,2026-03-02 03:05:12.293181
412,4415,22.35,2,7,41.65,False,web,Medan,False,2026-02-11 21:48:50.293181,2026-03-02 03:05:12.293181
412,1726,51.0,3,7,43.13,True,mobile,Bandung,False,2026-02-15 21:33:48.293181,2026-03-02 03:05:12.293181
412,845,70.47,3,8,46.55,False,mobile,Medan,False,2026-02-17 20:02:30.293181,2026-03-02 03:05:12.293181
412,1845,16.62,3,9,43.22,False,mobile,Semarang,False,2026-02-19 01:13:07.293181,2026-03-02 03:05:12.293181
412,3985,14.54,4,10,40.35,False,mobile,Semarang,False,2026-02-19 05:06:23.293181,2026-03-02 03:05:12.293181
413,3948,5.83,1,1,5.83,False,mobile,Jakarta,False,2026-01-01 22:01:16.293181,2026-03-02 03:05:12.293181
413,1088,678.88,1,2,342.36,True,web,Semarang,False,2026-01-10 05:52:24.293181,2026-03-02 03:05:12.293181
413,2308,154.94,1,3,279.88,False,mobile,Jakarta,False,2026-01-20 03:31:39.293181,2026-03-02 03:05:12.293181
413,41,19.71,2,4,214.84,False,mobile,Jakarta,False,2026-01-22 08:32:08.293181,2026-03-02 03:05:12.293181
413,808,64.14,3,5,184.7,False,web,Bandung,False,2026-01-23 06:18:38.293181,2026-03-02 03:05:12.293181
413,3166,25.31,4,6,158.14,True,mobile,Surabaya,False,2026-01-24 05:45:47.293181,2026-03-02 03:05:12.293181
413,134,369.85,5,7,188.38,True,mobile,Semarang,False,2026-01-25 10:27:26.293181,2026-03-02 03:05:12.293181
413,1840,79.38,1,7,198.89,False,web,Bandung,False,2026-02-06 01:29:18.293181,2026-03-02 03:05:12.293181
413,4154,119.82,1,7,119.02,True,mobile,Medan,False,2026-02-14 08:36:43.293181,2026-03-02 03:05:12.293181
413,4834,46.73,2,7,103.56,True,mobile,Bandung,False,2026-02-21 00:27:49.293181,2026-03-02 03:05:12.293181
413,720,386.79,2,4,158.18,False,mobile,Surabaya,False,2026-02-26 08:37:48.293181,2026-03-02 03:05:12.293181
414,61,36.22,1,1,36.22,False,mobile,Bandung,True,2025-12-31 12:35:49.293181,2026-03-02 03:05:12.293181
414,520,48.0,2,2,42.11,False,mobile,Surabaya,False,2026-01-05 17:00:21.293181,2026-03-02 03:05:12.293181
414,254,30.84,1,3,38.35,True,mobile,Bandung,False,2026-01-18 18:18:24.293181,2026-03-02 03:05:12.293181
414,381,4.1,2,4,29.79,True,web,Jakarta,False,2026-01-25 00:50:33.293181,2026-03-02 03:05:12.293181
414,1126,28.97,1,3,21.3,False,mobile,Semarang,False,2026-02-11 05:18:13.293181,2026-03-02 03:05:12.293181
414,3167,33.41,2,4,24.33,False,mobile,Semarang,False,2026-02-16 05:50:26.293181,2026-03-02 03:05:12.293181
414,341,58.94,2,4,31.35,False,mobile,Surabaya,False,2026-02-20 00:21:22.293181,2026-03-02 03:05:12.293181
414,3761,10.17,3,5,27.12,True,web,Bandung,False,2026-02-21 03:52:52.293181,2026-03-02 03:05:12.293181
414,2185,28.0,4,6,27.26,True,mobile,Jakarta,False,2026-02-21 08:40:43.293181,2026-03-02 03:05:12.293181
415,2600,21.18,1,1,21.18,False,web,Semarang,False,2025-12-31 06:11:53.293181,2026-03-02 03:05:12.293181
415,3606,18.54,2,2,19.86,False,mobile,Medan,False,2026-01-02 06:52:28.293181,2026-03-02 03:05:12.293181
415,3749,47.86,1,3,29.19,True,mobile,Bandung,False,2026-01-10 11:30:00.293181,2026-03-02 03:05:12.293181
415,4601,34.89,2,4,30.62,True,web,Surabaya,False,2026-01-17 08:01:34.293181,2026-03-02 03:05:12.293181
415,3005,56.58,2,5,35.81,True,mobile,Surabaya,False,2026-01-17 18:07:03.293181,2026-03-02 03:05:12.293181
415,2624,53.25,3,6,38.72,False,mobile,Medan,False,2026-01-22 08:27:42.293181,2026-03-02 03:05:12.293181
415,2456,25.47,4,7,36.82,True,mobile,Jakarta,False,2026-01-24 06:57:42.293181,2026-03-02 03:05:12.293181
415,37,34.2,1,5,40.88,False,web,Jakarta,False,2026-02-12 02:06:37.293181,2026-03-02 03:05:12.293181
415,3850,12.88,1,2,23.54,False,web,Semarang,True,2026-02-26 04:10:08.293181,2026-03-02 03:05:12.293181
415,4650,12.96,2,3,20.01,True,mobile,Jakarta,False,2026-03-01 14:00:27.293181,2026-03-02 03:05:12.293181
416,2469,26.15,1,1,26.15,False,mobile,Medan,False,2025-12-31 21:39:47.293181,2026-03-02 03:05:12.293181
416,1604,580.43,2,2,303.29,False,web,Medan,False,2026-01-02 19:10:13.293181,2026-03-02 03:05:12.293181
416,4814,54.75,2,3,220.44,False,mobile,Medan,False,2026-01-08 10:59:14.293181,2026-03-02 03:05:12.293181
416,1292,20.57,3,4,170.48,False,web,Surabaya,False,2026-01-09 18:30:05.293181,2026-03-02 03:05:12.293181
416,2825,40.91,3,5,144.56,True,mobile,Surabaya,False,2026-01-11 10:32:03.293181,2026-03-02 03:05:12.293181
416,644,107.75,3,6,138.43,False,mobile,Semarang,False,2026-01-15 12:10:05.293181,2026-03-02 03:05:12.293181
416,4518,60.72,2,7,127.33,False,mobile,Semarang,False,2026-01-20 03:34:56.293181,2026-03-02 03:05:12.293181
416,4817,80.67,2,8,121.49,False,mobile,Surabaya,False,2026-01-23 04:09:23.293181,2026-03-02 03:05:12.293181
416,628,60.42,1,9,114.71,False,web,Jakarta,False,2026-01-30 21:30:42.293181,2026-03-02 03:05:12.293181
416,2139,17.2,2,8,55.37,False,mobile,Medan,False,2026-02-02 06:59:14.293181,2026-03-02 03:05:12.293181
417,2814,31.38,1,1,31.38,False,mobile,Surabaya,False,2026-01-07 11:37:26.293181,2026-03-02 03:05:12.293181
417,1440,4.75,2,2,18.06,True,web,Semarang,False,2026-01-11 12:47:57.293181,2026-03-02 03:05:12.293181
417,4832,31.3,2,3,22.48,True,web,Bandung,False,2026-01-17 04:57:24.293181,2026-03-02 03:05:12.293181
417,3220,21.82,1,4,22.31,False,mobile,Jakarta,False,2026-02-02 23:48:07.293181,2026-03-02 03:05:12.293181
417,1994,31.19,2,4,22.26,True,mobile,Jakarta,False,2026-02-08 10:05:18.293181,2026-03-02 03:05:12.293181
417,2542,63.87,2,4,37.04,False,mobile,Surabaya,False,2026-02-12 23:00:29.293181,2026-03-02 03:05:12.293181
417,4684,185.32,2,4,75.55,False,web,Medan,True,2026-02-17 09:49:58.293181,2026-03-02 03:05:12.293181
417,1461,19.52,3,5,64.34,False,mobile,Jakarta,False,2026-02-17 13:57:51.293181,2026-03-02 03:05:12.293181
417,4150,26.75,3,6,58.08,False,web,Medan,True,2026-02-20 19:39:05.293181,2026-03-02 03:05:12.293181
418,3345,6.16,1,1,6.16,False,mobile,Jakarta,False,2025-12-31 09:06:39.293181,2026-03-02 03:05:12.293181
418,4854,131.8,2,2,68.98,False,web,Surabaya,False,2026-01-06 23:59:36.293181,2026-03-02 03:05:12.293181
418,4739,28.49,2,3,55.48,False,mobile,Medan,False,2026-01-08 20:09:12.293181,2026-03-02 03:05:12.293181
418,266,281.22,1,4,111.92,True,web,Medan,False,2026-01-24 21:54:47.293181,2026-03-02 03:05:12.293181
418,870,26.89,2,5,94.91,False,mobile,Bandung,False,2026-01-26 07:32:02.293181,2026-03-02 03:05:12.293181
418,3887,41.06,3,6,85.94,False,mobile,Bandung,False,2026-01-28 04:28:20.293181,2026-03-02 03:05:12.293181
418,2845,62.31,1,4,102.87,False,web,Semarang,False,2026-02-13 07:20:14.293181,2026-03-02 03:05:12.293181
418,4168,333.79,2,5,149.05,False,mobile,Semarang,False,2026-02-19 09:56:55.293181,2026-03-02 03:05:12.293181
418,4421,130.73,2,6,146.0,False,mobile,Surabaya,False,2026-02-23 21:42:46.293181,2026-03-02 03:05:12.293181
418,2378,41.4,3,6,106.03,False,web,Surabaya,False,2026-02-25 02:51:20.293181,2026-03-02 03:05:12.293181
419,658,90.26,1,1,90.26,True,mobile,Bandung,False,2026-01-03 17:46:12.293181,2026-03-02 03:05:12.293181
419,2645,19.64,2,2,54.95,False,web,Surabaya,False,2026-01-05 07:57:40.293181,2026-03-02 03:05:12.293181
419,4108,34.73,3,3,48.21,False,mobile,Medan,False,2026-01-06 09:31:59.293181,2026-03-02 03:05:12.293181
419,3767,66.24,4,4,52.72,True,mobile,Semarang,False,2026-01-10 01:28:56.293181,2026-03-02 03:05:12.293181
419,4453,13.73,5,5,44.92,True,mobile,Semarang,False,2026-01-10 05:30:03.293181,2026-03-02 03:05:12.293181
419,525,57.05,4,6,46.94,False,mobile,Semarang,False,2026-01-12 18:20:16.293181,2026-03-02 03:05:12.293181
419,4808,143.67,2,7,60.76,True,mobile,Semarang,False,2026-01-18 05:51:03.293181,2026-03-02 03:05:12.293181
419,2680,140.04,2,8,70.67,False,mobile,Surabaya,False,2026-01-20 09:45:17.293181,2026-03-02 03:05:12.293181
420,801,34.07,1,1,34.07,False,mobile,Semarang,False,2026-01-02 22:15:23.293181,2026-03-02 03:05:12.293181
420,4480,15.12,2,2,24.6,False,web,Medan,False,2026-01-07 01:48:44.293181,2026-03-02 03:05:12.293181
420,2376,29.35,2,3,26.18,True,mobile,Surabaya,False,2026-01-11 21:20:35.293181,2026-03-02 03:05:12.293181
420,3896,27.25,1,4,26.45,False,web,Bandung,False,2026-01-20 00:19:26.293181,2026-03-02 03:05:12.293181
420,2191,55.7,2,5,32.3,False,mobile,Jakarta,False,2026-01-22 20:43:46.293181,2026-03-02 03:05:12.293181
420,3477,33.11,1,4,36.35,False,web,Bandung,False,2026-02-06 07:55:35.293181,2026-03-02 03:05:12.293181
420,1057,73.04,2,4,47.28,False,mobile,Semarang,False,2026-02-12 19:23:09.293181,2026-03-02 03:05:12.293181
421,1609,31.58,1,1,31.58,False,mobile,Surabaya,False,2026-01-08 06:06:25.293181,2026-03-02 03:05:12.293181
421,663,21.74,2,2,26.66,False,web,Jakarta,False,2026-01-08 20:43:34.293181,2026-03-02 03:05:12.293181
421,132,162.53,3,3,71.95,True,mobile,Medan,False,2026-01-11 15:46:29.293181,2026-03-02 03:05:12.293181
421,3385,128.6,4,4,86.11,False,mobile,Jakarta,False,2026-01-12 02:50:49.293181,2026-03-02 03:05:12.293181
421,4250,43.26,3,5,77.54,False,mobile,Medan,False,2026-01-15 22:11:45.293181,2026-03-02 03:05:12.293181
421,1564,46.92,4,6,72.44,False,mobile,Semarang,False,2026-01-16 11:32:15.293181,2026-03-02 03:05:12.293181
421,1281,216.45,1,7,93.01,False,mobile,Medan,False,2026-02-06 20:23:27.293181,2026-03-02 03:05:12.293181
421,4078,51.26,2,6,108.17,False,mobile,Surabaya,False,2026-02-09 06:37:23.293181,2026-03-02 03:05:12.293181
421,1423,44.24,3,7,99.04,False,web,Semarang,False,2026-02-10 02:22:50.293181,2026-03-02 03:05:12.293181
421,4248,320.43,1,4,158.1,False,mobile,Surabaya,False,2026-02-19 20:39:51.293181,2026-03-02 03:05:12.293181
422,1106,681.88,1,1,681.88,True,mobile,Jakarta,False,2026-01-04 07:44:17.293181,2026-03-02 03:05:12.293181
422,3836,55.27,2,2,368.58,False,mobile,Surabaya,False,2026-01-05 00:42:23.293181,2026-03-02 03:05:12.293181
422,3060,28.05,3,3,255.07,False,mobile,Bandung,False,2026-01-05 22:13:33.293181,2026-03-02 03:05:12.293181
422,1879,83.1,1,4,212.08,False,mobile,Surabaya,True,2026-01-21 05:25:29.293181,2026-03-02 03:05:12.293181
422,4783,77.82,2,5,185.22,True,mobile,Semarang,False,2026-01-25 22:45:01.293181,2026-03-02 03:05:12.293181
422,2891,97.32,3,6,170.57,False,mobile,Jakarta,False,2026-01-26 15:12:48.293181,2026-03-02 03:05:12.293181
422,1899,377.36,4,7,200.11,False,mobile,Medan,False,2026-01-27 23:53:41.293181,2026-03-02 03:05:12.293181
422,4422,62.13,1,5,139.55,False,mobile,Surabaya,False,2026-02-05 11:32:10.293181,2026-03-02 03:05:12.293181
422,1969,43.36,2,6,123.52,False,mobile,Semarang,False,2026-02-06 10:38:00.293181,2026-03-02 03:05:12.293181
422,4786,159.0,1,7,128.58,True,mobile,Bandung,False,2026-02-14 16:27:40.293181,2026-03-02 03:05:12.293181
423,3138,194.15,1,1,194.15,False,web,Medan,False,2026-01-01 11:25:40.293181,2026-03-02 03:05:12.293181
423,3706,138.64,2,2,166.4,True,web,Surabaya,False,2026-01-04 06:16:03.293181,2026-03-02 03:05:12.293181
423,1836,100.17,1,3,144.32,False,web,Jakarta,False,2026-01-15 13:06:09.293181,2026-03-02 03:05:12.293181
423,1476,69.87,1,4,125.71,False,web,Semarang,False,2026-01-29 23:45:32.293181,2026-03-02 03:05:12.293181
423,3287,28.13,2,4,84.2,False,mobile,Surabaya,False,2026-02-02 04:17:34.293181,2026-03-02 03:05:12.293181
423,4929,7.42,2,4,51.4,False,mobile,Surabaya,False,2026-02-06 06:45:25.293181,2026-03-02 03:05:12.293181
423,1384,100.49,1,4,51.48,True,mobile,Medan,False,2026-02-15 23:49:34.293181,2026-03-02 03:05:12.293181
423,1133,258.11,1,4,98.54,True,mobile,Semarang,False,2026-03-01 13:25:57.293181,2026-03-02 03:05:12.293181
424,2112,121.4,1,1,121.4,False,web,Jakarta,False,2026-01-06 01:57:05.293181,2026-03-02 03:05:12.293181
424,4184,27.51,1,2,74.46,False,mobile,Bandung,False,2026-01-22 09:34:47.293181,2026-03-02 03:05:12.293181
424,3631,136.32,1,2,81.91,False,mobile,Jakarta,False,2026-02-12 18:07:58.293181,2026-03-02 03:05:12.293181
424,1375,142.18,2,3,102.0,False,web,Surabaya,False,2026-02-18 05:34:31.293181,2026-03-02 03:05:12.293181
424,3498,65.21,2,3,114.57,True,mobile,Jakarta,False,2026-02-22 22:41:10.293181,2026-03-02 03:05:12.293181
425,562,10.37,1,1,10.37,False,mobile,Medan,False,2025-12-31 04:29:22.293181,2026-03-02 03:05:12.293181
425,3075,75.64,2,2,43.0,False,mobile,Surabaya,False,2026-01-02 23:50:50.293181,2026-03-02 03:05:12.293181
425,3337,14.73,2,3,33.58,False,web,Semarang,False,2026-01-09 21:11:15.293181,2026-03-02 03:05:12.293181
425,3726,13.0,2,4,28.44,True,mobile,Medan,False,2026-01-11 05:14:34.293181,2026-03-02 03:05:12.293181
425,4874,145.1,1,5,51.77,False,mobile,Bandung,False,2026-01-19 16:38:35.293181,2026-03-02 03:05:12.293181
425,73,68.01,2,6,54.48,False,mobile,Semarang,False,2026-01-26 15:11:25.293181,2026-03-02 03:05:12.293181
425,2546,9.18,2,7,48.0,False,web,Surabaya,False,2026-01-27 04:14:54.293181,2026-03-02 03:05:12.293181
425,1988,319.61,3,7,92.18,True,web,Medan,False,2026-01-31 12:58:31.293181,2026-03-02 03:05:12.293181
425,1114,266.18,2,7,119.4,False,mobile,Semarang,False,2026-02-03 13:36:06.293181,2026-03-02 03:05:12.293181
425,2710,84.26,3,8,115.01,False,web,Semarang,False,2026-02-03 14:41:47.293181,2026-03-02 03:05:12.293181
425,4797,38.49,3,8,117.98,False,web,Bandung,False,2026-02-10 00:03:21.293181,2026-03-02 03:05:12.293181
425,4934,158.88,2,8,136.21,False,mobile,Bandung,False,2026-02-11 10:19:28.293181,2026-03-02 03:05:12.293181
425,1761,31.86,1,8,122.06,False,mobile,Jakarta,False,2026-02-19 02:07:59.293181,2026-03-02 03:05:12.293181
425,2201,219.48,2,9,132.88,False,mobile,Semarang,False,2026-02-20 05:24:13.293181,2026-03-02 03:05:12.293181
425,3973,77.12,2,8,149.49,False,web,Bandung,False,2026-02-26 13:39:53.293181,2026-03-02 03:05:12.293181
426,2596,852.24,1,1,852.24,False,web,Jakarta,False,2026-01-13 07:12:08.293181,2026-03-02 03:05:12.293181
426,3089,73.07,2,2,462.66,False,mobile,Jakarta,False,2026-01-15 19:41:26.293181,2026-03-02 03:05:12.293181
426,1078,92.96,2,3,339.42,False,mobile,Surabaya,False,2026-01-22 06:34:00.293181,2026-03-02 03:05:12.293181
426,2817,8.11,2,4,256.59,False,web,Jakarta,False,2026-01-23 17:08:53.293181,2026-03-02 03:05:12.293181
426,1008,11.04,1,5,207.48,False,mobile,Jakarta,False,2026-02-06 12:47:47.293181,2026-03-02 03:05:12.293181
426,875,19.21,2,6,176.1,True,mobile,Semarang,False,2026-02-08 13:57:02.293181,2026-03-02 03:05:12.293181
426,1140,62.81,3,6,44.53,False,mobile,Jakarta,False,2026-02-13 07:34:04.293181,2026-03-02 03:05:12.293181
426,2340,26.6,2,6,36.79,False,mobile,Surabaya,False,2026-02-16 00:27:51.293181,2026-03-02 03:05:12.293181
426,4477,299.1,3,7,74.26,False,mobile,Medan,False,2026-02-16 03:19:30.293181,2026-03-02 03:05:12.293181
426,2713,169.07,3,8,86.11,False,mobile,Jakarta,False,2026-02-20 08:45:33.293181,2026-03-02 03:05:12.293181
426,2131,15.98,4,8,76.49,True,mobile,Medan,False,2026-02-22 00:00:15.293181,2026-03-02 03:05:12.293181
426,2674,67.1,5,9,75.45,True,web,Medan,False,2026-02-22 16:59:37.293181,2026-03-02 03:05:12.293181
426,253,74.5,4,9,82.82,False,mobile,Surabaya,False,2026-02-23 18:03:45.293181,2026-03-02 03:05:12.293181
426,1832,50.48,5,10,79.59,False,mobile,Surabaya,False,2026-02-24 22:55:49.293181,2026-03-02 03:05:12.293181
426,4578,11.21,6,11,73.37,False,mobile,Surabaya,False,2026-02-25 18:20:50.293181,2026-03-02 03:05:12.293181
426,2435,39.48,7,12,70.55,False,web,Jakarta,False,2026-02-26 11:13:03.293181,2026-03-02 03:05:12.293181
427,1240,10.36,1,1,10.36,False,web,Medan,False,2025-12-31 20:09:47.293181,2026-03-02 03:05:12.293181
427,1937,18.77,2,2,14.56,False,mobile,Bandung,False,2026-01-07 14:46:58.293181,2026-03-02 03:05:12.293181
427,2306,45.22,1,1,45.22,True,mobile,Medan,False,2026-02-08 16:03:40.293181,2026-03-02 03:05:12.293181
427,515,44.44,2,2,44.83,False,mobile,Medan,False,2026-02-11 16:13:11.293181,2026-03-02 03:05:12.293181
427,1777,36.15,2,3,41.94,False,web,Bandung,False,2026-02-17 18:50:54.293181,2026-03-02 03:05:12.293181
427,1527,135.89,2,4,65.42,False,mobile,Surabaya,False,2026-02-19 01:56:53.293181,2026-03-02 03:05:12.293181
427,768,4.69,3,5,53.28,False,mobile,Semarang,False,2026-02-23 11:59:47.293181,2026-03-02 03:05:12.293181
427,926,30.49,2,6,49.48,True,web,Jakarta,False,2026-02-28 00:26:38.293181,2026-03-02 03:05:12.293181
427,4068,78.7,3,7,53.65,True,web,Semarang,True,2026-02-28 11:44:02.293181,2026-03-02 03:05:12.293181
428,3824,67.39,1,1,67.39,False,web,Semarang,False,2026-01-02 23:24:09.293181,2026-03-02 03:05:12.293181
428,97,53.16,1,2,60.28,False,mobile,Medan,False,2026-01-12 02:01:05.293181,2026-03-02 03:05:12.293181
428,2628,6.78,2,3,42.44,False,mobile,Semarang,False,2026-01-15 11:31:01.293181,2026-03-02 03:05:12.293181
428,588,19.32,1,3,26.42,False,web,Jakarta,False,2026-02-06 02:55:01.293181,2026-03-02 03:05:12.293181
428,1537,80.29,2,4,39.89,False,mobile,Bandung,False,2026-02-06 19:03:02.293181,2026-03-02 03:05:12.293181
428,2580,84.09,3,5,48.73,False,mobile,Medan,False,2026-02-09 06:10:08.293181,2026-03-02 03:05:12.293181
428,4259,46.47,3,5,47.39,False,mobile,Bandung,False,2026-02-13 12:12:11.293181,2026-03-02 03:05:12.293181
428,950,232.14,2,5,92.46,False,mobile,Medan,False,2026-02-16 12:03:45.293181,2026-03-02 03:05:12.293181
428,1011,32.22,2,6,82.42,True,mobile,Semarang,False,2026-02-21 10:10:03.293181,2026-03-02 03:05:12.293181
428,2726,279.54,3,7,110.58,True,mobile,Jakarta,False,2026-02-21 10:59:47.293181,2026-03-02 03:05:12.293181
429,2471,22.49,1,1,22.49,True,mobile,Surabaya,False,2026-01-04 02:54:07.293181,2026-03-02 03:05:12.293181
429,2749,87.1,1,2,54.79,False,mobile,Jakarta,False,2026-01-12 23:34:24.293181,2026-03-02 03:05:12.293181
429,1569,22.53,2,3,44.04,True,web,Medan,False,2026-01-18 21:19:40.293181,2026-03-02 03:05:12.293181
429,4953,30.98,2,4,40.78,True,web,Semarang,False,2026-01-24 11:55:22.293181,2026-03-02 03:05:12.293181
429,389,76.69,1,4,54.32,False,web,Bandung,False,2026-02-03 07:35:22.293181,2026-03-02 03:05:12.293181
429,1415,23.91,2,5,48.24,False,mobile,Bandung,False,2026-02-03 20:14:31.293181,2026-03-02 03:05:12.293181
429,3567,42.17,1,4,43.44,False,mobile,Bandung,False,2026-02-18 17:46:56.293181,2026-03-02 03:05:12.293181
429,3572,11.64,1,4,38.6,False,mobile,Surabaya,False,2026-02-26 04:42:52.293181,2026-03-02 03:05:12.293181
430,1798,46.35,1,1,46.35,False,mobile,Surabaya,False,2026-01-05 01:41:05.293181,2026-03-02 03:05:12.293181
430,4104,118.0,1,2,82.18,False,web,Semarang,False,2026-01-16 12:56:22.293181,2026-03-02 03:05:12.293181
430,2700,204.51,1,3,122.95,False,mobile,Bandung,False,2026-01-26 15:20:28.293181,2026-03-02 03:05:12.293181
430,1032,21.43,1,3,114.65,False,mobile,Medan,False,2026-02-05 09:59:11.293181,2026-03-02 03:05:12.293181
430,4282,107.62,2,4,112.89,True,mobile,Jakarta,False,2026-02-08 13:35:13.293181,2026-03-02 03:05:12.293181
430,4040,54.29,1,4,96.96,True,web,Medan,False,2026-02-21 09:56:45.293181,2026-03-02 03:05:12.293181
431,3382,14.4,1,1,14.4,False,mobile,Semarang,False,2026-01-08 22:04:14.293181,2026-03-02 03:05:12.293181
431,974,14.49,1,2,14.44,False,mobile,Jakarta,False,2026-01-16 05:49:04.293181,2026-03-02 03:05:12.293181
431,888,41.34,1,3,23.41,False,mobile,Semarang,False,2026-02-05 17:44:41.293181,2026-03-02 03:05:12.293181
431,4751,213.12,2,4,70.84,True,mobile,Semarang,False,2026-02-07 13:45:39.293181,2026-03-02 03:05:12.293181
431,229,64.59,3,4,83.38,False,web,Jakarta,False,2026-02-11 08:55:22.293181,2026-03-02 03:05:12.293181
431,4412,75.4,1,4,98.61,False,mobile,Medan,False,2026-02-19 06:04:23.293181,2026-03-02 03:05:12.293181
431,1520,40.53,2,5,87.0,False,mobile,Semarang,False,2026-02-20 04:46:00.293181,2026-03-02 03:05:12.293181
432,3332,18.98,1,1,18.98,True,mobile,Jakarta,False,2026-01-04 16:24:17.293181,2026-03-02 03:05:12.293181
432,4728,43.27,1,2,31.12,False,mobile,Medan,False,2026-01-13 05:38:43.293181,2026-03-02 03:05:12.293181
432,684,36.49,2,3,32.91,True,mobile,Bandung,False,2026-01-17 00:57:06.293181,2026-03-02 03:05:12.293181
432,4115,12.95,1,4,27.92,False,web,Medan,False,2026-01-28 05:41:52.293181,2026-03-02 03:05:12.293181
432,4877,14.27,2,5,25.19,False,mobile,Surabaya,False,2026-01-29 20:54:48.293181,2026-03-02 03:05:12.293181
432,3134,322.65,1,5,85.93,False,web,Semarang,False,2026-02-10 01:28:44.293181,2026-03-02 03:05:12.293181
432,127,75.12,1,4,106.25,False,mobile,Bandung,False,2026-02-18 18:57:39.293181,2026-03-02 03:05:12.293181
432,3253,328.13,2,5,150.62,False,mobile,Surabaya,False,2026-02-18 20:27:10.293181,2026-03-02 03:05:12.293181
433,2574,302.98,1,1,302.98,False,mobile,Surabaya,False,2026-01-01 21:13:57.293181,2026-03-02 03:05:12.293181
433,3008,7.65,1,2,155.32,False,mobile,Medan,False,2026-01-15 13:41:52.293181,2026-03-02 03:05:12.293181
433,2346,38.31,2,3,116.31,False,web,Medan,False,2026-01-16 03:27:55.293181,2026-03-02 03:05:12.293181
433,1623,105.27,3,4,113.55,False,web,Semarang,False,2026-01-20 04:04:10.293181,2026-03-02 03:05:12.293181
433,4205,46.41,1,5,100.12,False,mobile,Surabaya,True,2026-01-28 09:17:48.293181,2026-03-02 03:05:12.293181
433,1745,21.89,2,5,43.91,False,web,Jakarta,False,2026-02-02 21:48:07.293181,2026-03-02 03:05:12.293181
433,4680,98.88,1,6,53.07,False,mobile,Jakarta,False,2026-02-12 22:53:57.293181,2026-03-02 03:05:12.293181
433,2187,18.36,2,7,48.11,False,mobile,Medan,False,2026-02-13 22:15:40.293181,2026-03-02 03:05:12.293181
433,2177,5.69,3,8,42.81,True,mobile,Bandung,False,2026-02-14 00:51:02.293181,2026-03-02 03:05:12.293181
434,2661,45.95,1,1,45.95,False,mobile,Surabaya,False,2026-01-07 05:46:48.293181,2026-03-02 03:05:12.293181
434,4105,142.34,1,2,94.15,True,web,Bandung,False,2026-01-17 22:14:49.293181,2026-03-02 03:05:12.293181
434,3260,11.23,2,3,66.51,False,mobile,Jakarta,False,2026-01-21 17:26:09.293181,2026-03-02 03:05:12.293181
434,557,86.0,3,4,71.38,False,mobile,Bandung,False,2026-01-23 16:22:51.293181,2026-03-02 03:05:12.293181
434,4911,379.27,2,5,132.96,False,mobile,Medan,False,2026-01-30 12:00:56.293181,2026-03-02 03:05:12.293181
434,1860,358.39,2,6,170.53,False,web,Bandung,False,2026-02-02 00:11:45.293181,2026-03-02 03:05:12.293181
434,2061,62.83,3,7,155.14,False,web,Medan,False,2026-02-04 05:35:10.293181,2026-03-02 03:05:12.293181
434,3968,23.98,1,4,206.12,False,web,Medan,False,2026-02-25 13:02:13.293181,2026-03-02 03:05:12.293181
434,2174,157.55,2,5,196.4,False,mobile,Jakarta,False,2026-02-27 05:19:39.293181,2026-03-02 03:05:12.293181
434,57,10.63,3,6,165.44,True,web,Bandung,False,2026-02-28 05:42:06.293181,2026-03-02 03:05:12.293181
434,3106,59.51,4,7,150.31,True,mobile,Jakarta,False,2026-03-01 10:00:55.293181,2026-03-02 03:05:12.293181
435,1104,76.79,1,1,76.79,True,web,Semarang,False,2026-01-03 04:42:16.293181,2026-03-02 03:05:12.293181
435,1968,240.35,2,2,158.57,True,mobile,Medan,False,2026-01-04 18:26:04.293181,2026-03-02 03:05:12.293181
435,2936,43.06,1,3,120.07,True,mobile,Bandung,False,2026-01-24 08:54:41.293181,2026-03-02 03:05:12.293181
435,739,71.56,2,4,107.94,True,mobile,Medan,False,2026-01-25 19:33:20.293181,2026-03-02 03:05:12.293181
435,395,24.02,3,5,91.16,False,web,Semarang,False,2026-01-28 06:17:22.293181,2026-03-02 03:05:12.293181
435,4605,18.74,4,6,79.09,False,web,Surabaya,False,2026-01-28 14:13:26.293181,2026-03-02 03:05:12.293181
435,4260,52.12,4,7,75.23,True,mobile,Jakarta,False,2026-02-01 04:15:52.293181,2026-03-02 03:05:12.293181
435,3942,138.89,4,7,84.11,False,mobile,Surabaya,False,2026-02-03 11:35:13.293181,2026-03-02 03:05:12.293181
435,3409,72.54,3,7,60.13,False,web,Medan,False,2026-02-05 01:44:11.293181,2026-03-02 03:05:12.293181
435,854,174.41,1,8,74.42,False,web,Bandung,False,2026-02-19 05:49:28.293181,2026-03-02 03:05:12.293181
435,4481,284.57,2,7,109.33,False,mobile,Jakarta,False,2026-02-24 22:32:46.293181,2026-03-02 03:05:12.293181
435,4185,33.84,3,8,99.89,False,mobile,Medan,False,2026-02-25 14:57:15.293181,2026-03-02 03:05:12.293181
436,3019,78.37,1,1,78.37,False,mobile,Medan,False,2026-01-06 10:58:46.293181,2026-03-02 03:05:12.293181
436,450,211.47,2,2,144.92,False,mobile,Semarang,False,2026-01-13 10:57:13.293181,2026-03-02 03:05:12.293181
436,4240,45.85,2,3,111.9,False,web,Surabaya,False,2026-01-16 15:52:09.293181,2026-03-02 03:05:12.293181
436,816,60.64,3,4,99.08,False,web,Semarang,False,2026-01-19 01:01:33.293181,2026-03-02 03:05:12.293181
436,2663,158.31,2,5,110.93,True,web,Jakarta,False,2026-01-25 10:12:47.293181,2026-03-02 03:05:12.293181
436,3601,53.62,2,6,101.38,False,mobile,Semarang,False,2026-01-28 19:40:45.293181,2026-03-02 03:05:12.293181
436,1156,25.9,2,7,90.59,True,mobile,Bandung,False,2026-02-01 21:11:46.293181,2026-03-02 03:05:12.293181
436,4921,21.98,2,7,82.54,False,web,Bandung,False,2026-02-06 00:02:33.293181,2026-03-02 03:05:12.293181
436,3559,81.64,3,8,82.43,True,web,Medan,False,2026-02-08 11:10:32.293181,2026-03-02 03:05:12.293181
436,1085,46.27,1,6,64.62,False,mobile,Surabaya,False,2026-02-19 19:06:00.293181,2026-03-02 03:05:12.293181
437,550,53.9,1,1,53.9,False,mobile,Semarang,False,2026-01-12 20:25:17.293181,2026-03-02 03:05:12.293181
437,1650,71.06,1,2,62.48,True,mobile,Semarang,False,2026-01-25 04:39:33.293181,2026-03-02 03:05:12.293181
437,1749,199.14,2,3,108.03,True,mobile,Jakarta,False,2026-01-25 07:40:56.293181,2026-03-02 03:05:12.293181
437,947,32.63,3,4,89.18,True,web,Medan,False,2026-01-25 23:59:15.293181,2026-03-02 03:05:12.293181
437,1138,80.25,1,5,87.4,False,mobile,Medan,False,2026-02-02 03:21:49.293181,2026-03-02 03:05:12.293181
437,1648,25.65,2,6,77.1,False,mobile,Jakarta,False,2026-02-04 03:20:21.293181,2026-03-02 03:05:12.293181
437,4941,228.55,3,7,98.74,False,mobile,Jakarta,False,2026-02-06 02:07:39.293181,2026-03-02 03:05:12.293181
437,2097,21.8,3,8,89.12,False,web,Medan,False,2026-02-10 06:19:25.293181,2026-03-02 03:05:12.293181
437,2997,52.77,2,8,88.98,False,mobile,Surabaya,False,2026-02-16 17:05:27.293181,2026-03-02 03:05:12.293181
437,2511,17.75,2,9,81.07,True,mobile,Bandung,False,2026-02-22 13:08:38.293181,2026-03-02 03:05:12.293181
437,443,25.33,2,7,64.59,True,web,Surabaya,False,2026-02-28 14:47:08.293181,2026-03-02 03:05:12.293181
438,89,44.88,1,1,44.88,True,mobile,Semarang,False,2026-01-17 02:40:25.293181,2026-03-02 03:05:12.293181
438,1557,44.16,1,2,44.52,True,mobile,Jakarta,False,2026-02-14 06:19:58.293181,2026-03-02 03:05:12.293181
438,2440,210.11,1,2,127.14,True,mobile,Bandung,False,2026-02-21 10:25:16.293181,2026-03-02 03:05:12.293181
438,3736,23.99,2,3,92.75,False,mobile,Semarang,False,2026-02-26 10:59:49.293181,2026-03-02 03:05:12.293181
438,1952,465.17,2,4,185.86,True,mobile,Bandung,False,2026-02-28 19:30:15.293181,2026-03-02 03:05:12.293181
439,935,50.67,1,1,50.67,False,mobile,Jakarta,False,2026-01-26 19:04:54.293181,2026-03-02 03:05:12.293181
439,3627,183.99,2,2,117.33,False,mobile,Semarang,False,2026-01-28 15:29:52.293181,2026-03-02 03:05:12.293181
439,1595,205.94,1,3,146.87,False,mobile,Bandung,False,2026-02-20 23:39:14.293181,2026-03-02 03:05:12.293181
439,383,60.36,2,4,125.24,False,mobile,Jakarta,False,2026-02-24 14:34:11.293181,2026-03-02 03:05:12.293181
440,4188,28.63,1,1,28.63,False,mobile,Jakarta,False,2026-01-02 20:10:58.293181,2026-03-02 03:05:12.293181
440,654,184.83,1,2,106.73,True,mobile,Surabaya,False,2026-01-18 09:05:49.293181,2026-03-02 03:05:12.293181
440,4850,19.65,2,3,77.7,False,mobile,Surabaya,False,2026-01-23 02:35:43.293181,2026-03-02 03:05:12.293181
440,1451,421.1,2,4,163.55,False,mobile,Jakarta,False,2026-01-27 19:29:51.293181,2026-03-02 03:05:12.293181
440,4958,8.47,2,5,132.54,False,mobile,Medan,False,2026-01-30 12:06:13.293181,2026-03-02 03:05:12.293181
440,2005,12.7,1,5,129.35,False,web,Semarang,True,2026-02-09 11:01:35.293181,2026-03-02 03:05:12.293181
440,3945,101.26,2,6,124.67,False,mobile,Bandung,False,2026-02-10 15:12:53.293181,2026-03-02 03:05:12.293181
440,4211,15.01,3,7,109.0,True,mobile,Medan,False,2026-02-14 09:41:36.293181,2026-03-02 03:05:12.293181
440,1652,53.18,4,8,102.02,True,web,Medan,False,2026-02-14 18:15:52.293181,2026-03-02 03:05:12.293181
441,4822,4.27,1,1,4.27,True,mobile,Medan,False,2026-01-03 09:38:48.293181,2026-03-02 03:05:12.293181
441,1416,16.21,2,2,10.24,False,web,Semarang,False,2026-01-07 00:35:39.293181,2026-03-02 03:05:12.293181
441,194,169.34,1,3,63.27,True,mobile,Jakarta,False,2026-01-17 16:12:23.293181,2026-03-02 03:05:12.293181
441,4423,162.36,2,4,88.04,True,web,Surabaya,True,2026-01-17 20:57:43.293181,2026-03-02 03:05:12.293181
441,3814,22.84,3,5,75.0,False,mobile,Semarang,False,2026-01-23 13:58:58.293181,2026-03-02 03:05:12.293181
441,1854,314.89,2,6,114.98,False,mobile,Bandung,False,2026-01-29 08:55:54.293181,2026-03-02 03:05:12.293181
441,1352,10.77,2,6,116.07,False,mobile,Bandung,True,2026-02-04 23:20:11.293181,2026-03-02 03:05:12.293181
441,1314,260.48,2,6,156.78,False,mobile,Bandung,False,2026-02-06 06:41:06.293181,2026-03-02 03:05:12.293181
441,3189,1.91,3,7,134.66,False,mobile,Semarang,False,2026-02-09 06:21:52.293181,2026-03-02 03:05:12.293181
441,321,111.95,2,8,131.82,True,mobile,Medan,False,2026-02-15 00:37:07.293181,2026-03-02 03:05:12.293181
441,176,12.43,1,6,118.74,False,mobile,Medan,False,2026-02-23 21:25:43.293181,2026-03-02 03:05:12.293181
441,602,59.26,2,7,110.24,False,mobile,Jakarta,False,2026-02-26 01:25:20.293181,2026-03-02 03:05:12.293181
441,837,25.02,3,7,68.83,True,mobile,Surabaya,False,2026-03-01 17:56:09.293181,2026-03-02 03:05:12.293181
442,456,28.32,1,1,28.32,False,mobile,Jakarta,False,2026-01-02 12:15:44.293181,2026-03-02 03:05:12.293181
442,2312,85.85,1,2,57.08,False,web,Jakarta,False,2026-01-12 16:31:47.293181,2026-03-02 03:05:12.293181
442,2855,28.05,2,3,47.41,True,mobile,Medan,False,2026-01-18 16:03:12.293181,2026-03-02 03:05:12.293181
442,3185,84.48,3,4,56.68,False,mobile,Medan,False,2026-01-19 02:52:32.293181,2026-03-02 03:05:12.293181
442,2320,179.41,1,5,81.22,False,mobile,Jakarta,False,2026-01-29 23:59:49.293181,2026-03-02 03:05:12.293181
442,882,182.81,2,5,112.12,True,web,Semarang,False,2026-02-01 18:20:10.293181,2026-03-02 03:05:12.293181
442,1278,55.32,1,5,106.01,False,mobile,Jakarta,False,2026-02-13 18:27:10.293181,2026-03-02 03:05:12.293181
442,4416,122.89,2,6,108.83,False,mobile,Bandung,False,2026-02-16 19:08:41.293181,2026-03-02 03:05:12.293181
442,364,77.38,3,6,117.05,False,web,Medan,False,2026-02-17 23:33:20.293181,2026-03-02 03:05:12.293181
442,382,6.16,3,6,104.0,False,mobile,Jakarta,False,2026-02-20 23:33:57.293181,2026-03-02 03:05:12.293181
442,4666,242.56,3,7,123.79,False,mobile,Bandung,False,2026-02-24 02:19:00.293181,2026-03-02 03:05:12.293181
442,77,22.14,3,8,111.08,False,web,Bandung,False,2026-02-25 15:47:38.293181,2026-03-02 03:05:12.293181
442,4807,111.59,3,9,111.14,True,mobile,Medan,False,2026-02-28 07:31:16.293181,2026-03-02 03:05:12.293181
443,674,44.25,1,1,44.25,True,mobile,Bandung,False,2026-01-04 23:42:09.293181,2026-03-02 03:05:12.293181
443,642,36.96,2,2,40.61,False,mobile,Bandung,False,2026-01-07 08:02:23.293181,2026-03-02 03:05:12.293181
443,1474,40.82,2,3,40.68,True,mobile,Medan,False,2026-01-11 23:49:44.293181,2026-03-02 03:05:12.293181
443,4049,20.85,1,4,35.72,False,web,Surabaya,False,2026-01-19 02:40:43.293181,2026-03-02 03:05:12.293181
443,4360,29.64,2,5,34.5,True,mobile,Surabaya,False,2026-01-24 13:41:52.293181,2026-03-02 03:05:12.293181
443,1552,71.54,2,6,40.68,False,mobile,Surabaya,False,2026-01-27 23:33:03.293181,2026-03-02 03:05:12.293181
443,352,28.67,2,7,38.96,False,mobile,Bandung,False,2026-02-03 06:54:44.293181,2026-03-02 03:05:12.293181
443,2439,22.58,2,7,35.87,False,web,Surabaya,False,2026-02-05 13:29:19.293181,2026-03-02 03:05:12.293181
443,2411,75.64,3,7,41.39,False,web,Semarang,False,2026-02-06 16:42:29.293181,2026-03-02 03:05:12.293181
443,3139,14.15,3,7,37.58,False,web,Surabaya,False,2026-02-11 17:30:12.293181,2026-03-02 03:05:12.293181
443,3880,15.22,3,8,34.79,False,mobile,Semarang,False,2026-02-13 07:02:31.293181,2026-03-02 03:05:12.293181
443,1767,90.39,3,9,40.96,False,mobile,Jakarta,False,2026-02-16 02:08:14.293181,2026-03-02 03:05:12.293181
443,402,100.0,4,10,46.87,False,mobile,Jakarta,False,2026-02-16 20:04:12.293181,2026-03-02 03:05:12.293181
443,3212,590.88,3,10,103.87,True,mobile,Jakarta,False,2026-02-21 14:00:52.293181,2026-03-02 03:05:12.293181
443,624,86.31,2,10,109.54,False,mobile,Bandung,False,2026-02-26 22:52:16.293181,2026-03-02 03:05:12.293181
444,91,68.51,1,1,68.51,False,mobile,Surabaya,False,2025-12-31 14:27:49.293181,2026-03-02 03:05:12.293181
444,3217,44.2,2,2,56.36,True,mobile,Surabaya,False,2026-01-04 12:57:25.293181,2026-03-02 03:05:12.293181
444,1574,124.25,3,3,78.99,False,mobile,Jakarta,False,2026-01-06 13:33:10.293181,2026-03-02 03:05:12.293181
444,2104,170.6,4,4,101.89,False,mobile,Medan,False,2026-01-06 22:26:34.293181,2026-03-02 03:05:12.293181
444,4868,25.47,1,5,86.61,False,web,Semarang,True,2026-01-28 11:58:00.293181,2026-03-02 03:05:12.293181
444,2051,36.9,2,5,80.28,True,mobile,Bandung,False,2026-01-31 20:52:05.293181,2026-03-02 03:05:12.293181
444,2014,51.76,1,3,38.04,False,mobile,Jakarta,False,2026-02-09 17:13:05.293181,2026-03-02 03:05:12.293181
444,4811,48.77,2,4,40.72,False,mobile,Medan,False,2026-02-13 04:17:11.293181,2026-03-02 03:05:12.293181
444,4732,39.64,3,5,40.51,False,mobile,Medan,False,2026-02-16 05:48:44.293181,2026-03-02 03:05:12.293181
444,2858,11.58,2,6,35.69,True,web,Jakarta,False,2026-02-21 15:42:38.293181,2026-03-02 03:05:12.293181
444,4864,45.11,3,7,37.03,False,mobile,Surabaya,False,2026-02-23 02:18:53.293181,2026-03-02 03:05:12.293181
444,991,39.81,3,8,37.38,False,mobile,Bandung,False,2026-02-24 16:52:12.293181,2026-03-02 03:05:12.293181
445,3087,7.94,1,1,7.94,False,mobile,Bandung,False,2026-01-08 09:05:43.293181,2026-03-02 03:05:12.293181
445,3434,59.61,1,2,33.78,False,web,Surabaya,False,2026-01-27 07:23:50.293181,2026-03-02 03:05:12.293181
445,2157,242.82,2,3,103.46,True,web,Medan,False,2026-01-31 08:15:55.293181,2026-03-02 03:05:12.293181
445,4909,72.13,1,3,124.85,True,mobile,Surabaya,False,2026-02-07 15:27:39.293181,2026-03-02 03:05:12.293181
445,1261,11.05,1,4,96.4,True,web,Bandung,False,2026-02-15 06:05:28.293181,2026-03-02 03:05:12.293181
445,4221,22.49,1,4,87.12,True,mobile,Jakarta,False,2026-03-01 22:50:12.293181,2026-03-02 03:05:12.293181
446,1995,127.69,1,1,127.69,False,mobile,Bandung,False,2026-01-05 01:24:25.293181,2026-03-02 03:05:12.293181
446,38,36.04,2,2,81.86,False,web,Bandung,False,2026-01-06 03:06:54.293181,2026-03-02 03:05:12.293181
446,1620,67.86,1,3,77.2,False,mobile,Semarang,False,2026-01-13 03:19:11.293181,2026-03-02 03:05:12.293181
446,3801,8.19,2,4,59.94,False,mobile,Bandung,False,2026-01-16 18:42:10.293181,2026-03-02 03:05:12.293181
446,2355,22.54,2,5,52.46,False,mobile,Medan,False,2026-01-22 04:40:21.293181,2026-03-02 03:05:12.293181
446,1633,47.57,2,6,51.65,True,mobile,Surabaya,False,2026-01-24 08:42:37.293181,2026-03-02 03:05:12.293181
446,1843,186.85,3,7,70.96,True,web,Bandung,False,2026-01-24 21:37:20.293181,2026-03-02 03:05:12.293181
446,4508,158.37,4,8,81.89,True,web,Medan,True,2026-01-25 17:48:13.293181,2026-03-02 03:05:12.293181
446,3994,32.53,5,9,76.4,False,mobile,Surabaya,False,2026-01-27 15:06:44.293181,2026-03-02 03:05:12.293181
446,1708,65.36,6,10,75.3,False,mobile,Semarang,False,2026-01-28 10:24:43.293181,2026-03-02 03:05:12.293181
446,2215,15.99,6,11,69.91,False,web,Bandung,False,2026-01-30 07:41:54.293181,2026-03-02 03:05:12.293181
446,2913,164.79,1,9,78.02,True,mobile,Bandung,False,2026-02-14 01:21:22.293181,2026-03-02 03:05:12.293181
446,1479,31.53,1,4,69.42,False,web,Bandung,False,2026-02-27 00:54:38.293181,2026-03-02 03:05:12.293181
446,226,56.09,2,5,66.75,False,mobile,Surabaya,False,2026-02-27 04:43:40.293181,2026-03-02 03:05:12.293181
446,1588,137.76,3,4,97.54,True,web,Bandung,False,2026-03-01 16:09:07.293181,2026-03-02 03:05:12.293181
447,3580,36.53,1,1,36.53,False,web,Bandung,False,2025-12-31 22:40:57.293181,2026-03-02 03:05:12.293181
447,652,40.68,2,2,38.61,False,mobile,Medan,False,2026-01-02 23:03:58.293181,2026-03-02 03:05:12.293181
447,4656,260.49,3,3,112.57,True,mobile,Semarang,False,2026-01-04 01:56:10.293181,2026-03-02 03:05:12.293181
447,665,79.42,4,4,104.28,False,web,Semarang,False,2026-01-06 16:30:27.293181,2026-03-02 03:05:12.293181
447,3869,53.37,1,5,94.1,False,mobile,Surabaya,False,2026-01-23 12:29:20.293181,2026-03-02 03:05:12.293181
447,3357,31.95,2,6,83.74,False,mobile,Bandung,False,2026-01-29 17:41:59.293181,2026-03-02 03:05:12.293181
447,3408,23.79,2,5,89.8,False,web,Bandung,False,2026-02-03 00:50:56.293181,2026-03-02 03:05:12.293181
447,2650,127.2,3,5,63.15,False,web,Jakarta,False,2026-02-03 03:49:43.293181,2026-03-02 03:05:12.293181
447,1680,42.99,1,5,55.86,False,mobile,Bandung,True,2026-02-16 19:40:00.293181,2026-03-02 03:05:12.293181
447,280,4.21,1,5,46.03,False,web,Bandung,False,2026-02-27 02:17:20.293181,2026-03-02 03:05:12.293181
447,1265,19.58,2,6,41.62,False,mobile,Bandung,False,2026-02-27 08:47:32.293181,2026-03-02 03:05:12.293181
447,1662,12.04,3,7,37.39,True,mobile,Semarang,True,2026-02-28 15:59:19.293181,2026-03-02 03:05:12.293181
448,1622,14.93,1,1,14.93,False,web,Semarang,False,2026-01-02 02:40:14.293181,2026-03-02 03:05:12.293181
448,2655,39.86,1,2,27.4,False,mobile,Medan,False,2026-01-12 22:06:05.293181,2026-03-02 03:05:12.293181
448,2152,70.4,2,3,41.73,False,mobile,Semarang,False,2026-01-15 13:40:02.293181,2026-03-02 03:05:12.293181
448,2516,54.29,1,4,44.87,False,mobile,Bandung,False,2026-01-26 00:38:50.293181,2026-03-02 03:05:12.293181
448,2786,44.63,2,5,44.82,False,mobile,Surabaya,False,2026-01-26 01:36:30.293181,2026-03-02 03:05:12.293181
448,4973,48.93,3,6,45.51,False,mobile,Semarang,False,2026-01-28 15:56:40.293181,2026-03-02 03:05:12.293181
448,377,23.22,3,6,46.89,False,mobile,Medan,False,2026-02-02 01:27:44.293181,2026-03-02 03:05:12.293181
448,615,20.78,1,5,38.37,False,mobile,Surabaya,False,2026-02-19 22:36:09.293181,2026-03-02 03:05:12.293181
448,3982,32.01,2,6,37.31,True,mobile,Semarang,False,2026-02-21 19:35:54.293181,2026-03-02 03:05:12.293181
448,3713,13.65,3,5,27.72,False,web,Bandung,False,2026-02-25 04:17:42.293181,2026-03-02 03:05:12.293181
448,4802,42.28,4,6,30.14,False,mobile,Surabaya,False,2026-02-26 04:17:47.293181,2026-03-02 03:05:12.293181
448,3810,314.03,4,6,74.33,True,mobile,Semarang,False,2026-02-28 06:53:28.293181,2026-03-02 03:05:12.293181
449,216,262.62,1,1,262.62,False,mobile,Medan,False,2025-12-31 10:18:09.293181,2026-03-02 03:05:12.293181
449,3845,7.25,1,2,134.94,False,web,Bandung,False,2026-01-12 04:39:28.293181,2026-03-02 03:05:12.293181
449,143,60.33,2,3,110.07,False,mobile,Bandung,False,2026-01-12 18:09:43.293181,2026-03-02 03:05:12.293181
449,3900,44.33,1,4,93.63,False,web,Surabaya,False,2026-01-20 00:14:28.293181,2026-03-02 03:05:12.293181
449,3583,4.31,2,5,75.77,False,mobile,Bandung,False,2026-01-23 18:28:35.293181,2026-03-02 03:05:12.293181
449,4975,61.22,1,5,35.49,False,web,Bandung,False,2026-02-02 21:22:40.293181,2026-03-02 03:05:12.293181
449,2587,25.12,2,6,33.76,False,mobile,Bandung,False,2026-02-06 10:45:36.293181,2026-03-02 03:05:12.293181
449,1825,15.96,1,5,30.19,False,mobile,Semarang,False,2026-02-18 10:34:08.293181,2026-03-02 03:05:12.293181
450,3538,46.93,1,1,46.93,True,web,Surabaya,False,2026-01-10 15:50:31.293181,2026-03-02 03:05:12.293181
450,2100,9.61,2,2,28.27,False,mobile,Surabaya,False,2026-01-15 14:33:09.293181,2026-03-02 03:05:12.293181
450,3074,50.86,2,3,35.8,False,mobile,Medan,False,2026-01-20 18:45:35.293181,2026-03-02 03:05:12.293181
450,259,129.74,1,4,59.28,True,mobile,Bandung,False,2026-02-07 20:45:44.293181,2026-03-02 03:05:12.293181
450,532,95.57,2,4,71.44,False,mobile,Bandung,False,2026-02-11 17:38:29.293181,2026-03-02 03:05:12.293181
450,252,12.76,2,4,72.23,True,mobile,Jakarta,False,2026-02-15 21:16:30.293181,2026-03-02 03:05:12.293181
450,690,46.86,3,5,67.16,False,mobile,Medan,False,2026-02-18 04:49:45.293181,2026-03-02 03:05:12.293181
450,4901,124.38,3,5,81.86,False,web,Bandung,False,2026-02-20 12:51:56.293181,2026-03-02 03:05:12.293181
451,3912,46.16,1,1,46.16,False,mobile,Surabaya,False,2026-01-02 17:34:45.293181,2026-03-02 03:05:12.293181
451,1550,12.83,2,2,29.49,False,mobile,Jakarta,False,2026-01-07 16:01:19.293181,2026-03-02 03:05:12.293181
451,509,130.35,3,3,63.11,False,mobile,Semarang,False,2026-01-08 04:22:55.293181,2026-03-02 03:05:12.293181
451,3537,158.68,1,4,87.0,True,web,Medan,False,2026-01-24 04:08:43.293181,2026-03-02 03:05:12.293181
451,1166,630.14,2,5,195.63,False,web,Surabaya,True,2026-01-30 05:13:57.293181,2026-03-02 03:05:12.293181
451,4892,45.67,1,3,278.16,True,web,Jakarta,False,2026-02-07 23:18:11.293181,2026-03-02 03:05:12.293181
451,1169,66.54,1,4,225.26,True,mobile,Jakarta,False,2026-02-15 13:35:06.293181,2026-03-02 03:05:12.293181
451,1003,18.35,2,5,183.88,False,web,Medan,False,2026-02-17 01:45:08.293181,2026-03-02 03:05:12.293181
451,1501,6.73,3,6,154.35,False,web,Jakarta,False,2026-02-20 00:34:45.293181,2026-03-02 03:05:12.293181
451,936,333.61,4,7,179.96,True,mobile,Jakarta,False,2026-02-21 12:51:04.293181,2026-03-02 03:05:12.293181
451,3233,19.67,3,7,160.1,False,mobile,Jakarta,False,2026-02-24 16:30:09.293181,2026-03-02 03:05:12.293181
452,4969,15.14,1,1,15.14,False,mobile,Surabaya,False,2026-01-07 11:39:48.293181,2026-03-02 03:05:12.293181
452,1144,7.8,2,2,11.47,False,web,Semarang,False,2026-01-12 19:40:14.293181,2026-03-02 03:05:12.293181
452,3252,5.39,3,3,9.44,False,web,Medan,False,2026-01-13 10:14:02.293181,2026-03-02 03:05:12.293181
452,4032,56.8,1,4,21.28,False,mobile,Surabaya,False,2026-02-05 01:42:41.293181,2026-03-02 03:05:12.293181
452,3566,27.07,2,3,29.75,False,web,Medan,False,2026-02-11 21:50:34.293181,2026-03-02 03:05:12.293181
452,3264,109.25,2,3,64.37,False,mobile,Semarang,False,2026-02-13 23:12:56.293181,2026-03-02 03:05:12.293181
452,507,80.82,3,4,68.48,False,web,Bandung,False,2026-02-16 10:05:41.293181,2026-03-02 03:05:12.293181
452,2405,35.66,4,5,61.92,False,mobile,Jakarta,False,2026-02-17 22:59:03.293181,2026-03-02 03:05:12.293181
452,334,79.31,4,6,64.82,False,mobile,Bandung,False,2026-02-19 10:39:21.293181,2026-03-02 03:05:12.293181
452,630,5.84,1,7,56.39,True,mobile,Bandung,False,2026-03-01 16:07:25.293181,2026-03-02 03:05:12.293181
453,4637,45.84,1,1,45.84,False,mobile,Surabaya,False,2026-01-02 09:20:26.293181,2026-03-02 03:05:12.293181
453,1889,129.26,2,2,87.55,False,mobile,Jakarta,False,2026-01-07 07:02:41.293181,2026-03-02 03:05:12.293181
453,3856,40.08,2,3,71.73,True,web,Jakarta,False,2026-01-10 09:57:01.293181,2026-03-02 03:05:12.293181
453,614,53.34,1,4,67.13,False,web,Semarang,False,2026-01-23 08:42:49.293181,2026-03-02 03:05:12.293181
453,582,31.9,2,5,60.08,True,mobile,Bandung,False,2026-01-24 21:19:06.293181,2026-03-02 03:05:12.293181
453,2682,77.85,1,4,50.79,False,mobile,Surabaya,False,2026-02-06 08:25:35.293181,2026-03-02 03:05:12.293181
453,2582,4.76,1,4,41.96,False,web,Medan,False,2026-02-13 13:37:39.293181,2026-03-02 03:05:12.293181
453,3048,60.7,1,5,45.71,True,mobile,Semarang,False,2026-02-22 02:58:29.293181,2026-03-02 03:05:12.293181
453,2244,43.99,2,5,43.84,False,web,Bandung,False,2026-02-23 10:51:02.293181,2026-03-02 03:05:12.293181
453,150,69.15,2,5,51.29,True,mobile,Jakarta,False,2026-03-01 03:09:18.293181,2026-03-02 03:05:12.293181
454,839,55.06,1,1,55.06,False,mobile,Surabaya,False,2026-01-05 10:57:19.293181,2026-03-02 03:05:12.293181
454,201,69.69,2,2,62.38,False,web,Jakarta,False,2026-01-09 21:59:50.293181,2026-03-02 03:05:12.293181
454,1933,256.15,2,3,126.97,False,web,Semarang,False,2026-01-14 06:22:23.293181,2026-03-02 03:05:12.293181
454,821,111.15,3,4,123.01,False,mobile,Semarang,False,2026-01-16 16:20:28.293181,2026-03-02 03:05:12.293181
454,76,16.21,3,5,101.65,True,mobile,Bandung,False,2026-01-17 03:40:13.293181,2026-03-02 03:05:12.293181
454,2838,181.32,1,1,181.32,False,mobile,Semarang,False,2026-02-24 00:18:03.293181,2026-03-02 03:05:12.293181
455,3675,134.12,1,1,134.12,True,web,Bandung,True,2026-01-18 06:29:24.293181,2026-03-02 03:05:12.293181
455,4223,44.13,2,2,89.12,False,mobile,Surabaya,False,2026-01-19 13:05:35.293181,2026-03-02 03:05:12.293181
455,1916,2.76,1,3,60.34,True,web,Medan,False,2026-01-31 04:18:52.293181,2026-03-02 03:05:12.293181
455,1659,152.68,1,4,83.42,True,mobile,Bandung,False,2026-02-07 20:09:05.293181,2026-03-02 03:05:12.293181
455,2108,26.19,1,3,60.54,False,mobile,Surabaya,False,2026-02-27 03:03:22.293181,2026-03-02 03:05:12.293181
456,2866,256.96,1,1,256.96,False,web,Jakarta,False,2026-01-06 21:23:45.293181,2026-03-02 03:05:12.293181
456,3857,10.97,2,2,133.96,True,mobile,Bandung,False,2026-01-10 04:41:58.293181,2026-03-02 03:05:12.293181
456,4097,133.01,3,3,133.65,True,web,Jakarta,False,2026-01-11 05:16:58.293181,2026-03-02 03:05:12.293181
456,536,157.38,1,4,139.58,False,mobile,Bandung,False,2026-01-23 06:15:34.293181,2026-03-02 03:05:12.293181
456,461,46.38,2,5,120.94,False,web,Bandung,False,2026-01-28 21:17:56.293181,2026-03-02 03:05:12.293181
456,3157,64.88,3,6,111.6,False,web,Bandung,False,2026-01-29 10:25:13.293181,2026-03-02 03:05:12.293181
456,3598,86.49,1,4,88.78,False,mobile,Bandung,False,2026-02-10 06:23:51.293181,2026-03-02 03:05:12.293181
456,1404,19.17,2,5,74.86,True,mobile,Bandung,False,2026-02-14 21:08:32.293181,2026-03-02 03:05:12.293181
457,3017,16.89,1,1,16.89,True,mobile,Jakarta,False,2026-01-03 22:38:35.293181,2026-03-02 03:05:12.293181
457,3798,231.63,1,2,124.26,False,web,Bandung,False,2026-01-29 19:05:55.293181,2026-03-02 03:05:12.293181
457,1113,767.14,2,3,338.55,False,mobile,Surabaya,False,2026-02-02 08:04:47.293181,2026-03-02 03:05:12.293181
457,872,523.62,2,3,507.46,True,mobile,Surabaya,False,2026-02-07 19:02:00.293181,2026-03-02 03:05:12.293181
457,948,65.53,2,4,396.98,False,web,Surabaya,False,2026-02-10 19:26:20.293181,2026-03-02 03:05:12.293181
457,867,97.15,1,5,337.01,False,mobile,Bandung,False,2026-02-18 08:07:56.293181,2026-03-02 03:05:12.293181
457,13,40.29,2,6,287.56,False,mobile,Surabaya,False,2026-02-23 15:40:41.293181,2026-03-02 03:05:12.293181
458,835,73.78,1,1,73.78,True,mobile,Medan,False,2026-01-10 15:42:12.293181,2026-03-02 03:05:12.293181
458,4945,4.95,1,2,39.36,True,web,Semarang,False,2026-01-18 05:54:40.293181,2026-03-02 03:05:12.293181
458,3321,125.93,1,3,68.22,True,mobile,Jakarta,False,2026-02-07 10:45:50.293181,2026-03-02 03:05:12.293181
458,906,126.15,1,3,85.68,False,mobile,Surabaya,False,2026-02-16 07:30:28.293181,2026-03-02 03:05:12.293181
458,3781,31.18,1,3,94.42,False,mobile,Medan,False,2026-02-26 18:26:38.293181,2026-03-02 03:05:12.293181
459,4517,17.07,1,1,17.07,False,mobile,Jakarta,False,2026-01-14 17:16:42.293181,2026-03-02 03:05:12.293181
459,4214,516.61,2,2,266.84,False,mobile,Bandung,False,2026-01-16 03:35:27.293181,2026-03-02 03:05:12.293181
459,3104,64.42,3,3,199.37,True,mobile,Bandung,False,2026-01-17 03:31:18.293181,2026-03-02 03:05:12.293181
459,2452,1173.57,3,4,442.92,False,mobile,Medan,False,2026-01-22 21:22:42.293181,2026-03-02 03:05:12.293181
459,3674,36.2,2,5,361.57,True,mobile,Semarang,False,2026-01-25 20:01:55.293181,2026-03-02 03:05:12.293181
459,3475,142.84,2,6,325.12,False,mobile,Jakarta,False,2026-01-30 19:16:00.293181,2026-03-02 03:05:12.293181
459,2870,20.26,2,7,281.57,False,mobile,Surabaya,False,2026-02-05 04:37:29.293181,2026-03-02 03:05:12.293181
460,958,115.26,1,1,115.26,False,mobile,Bandung,False,2026-01-07 01:06:24.293181,2026-03-02 03:05:12.293181
460,3629,15.04,1,2,65.15,False,mobile,Semarang,False,2026-01-20 17:34:15.293181,2026-03-02 03:05:12.293181
460,879,102.5,2,3,77.6,True,mobile,Surabaya,False,2026-01-25 03:26:47.293181,2026-03-02 03:05:12.293181
460,4263,160.17,1,2,131.33,False,mobile,Surabaya,False,2026-02-20 00:10:52.293181,2026-03-02 03:05:12.293181
460,165,20.83,2,2,90.5,False,mobile,Bandung,False,2026-02-25 05:32:12.293181,2026-03-02 03:05:12.293181
461,1725,47.72,1,1,47.72,False,web,Semarang,False,2025-12-31 16:53:07.293181,2026-03-02 03:05:12.293181
461,2470,49.74,2,2,48.73,False,mobile,Jakarta,False,2026-01-02 06:11:56.293181,2026-03-02 03:05:12.293181
461,710,147.48,3,3,81.65,False,mobile,Medan,False,2026-01-07 06:45:29.293181,2026-03-02 03:05:12.293181
461,3746,42.99,2,4,71.98,True,web,Medan,False,2026-01-10 04:22:03.293181,2026-03-02 03:05:12.293181
461,4852,71.61,3,5,71.91,True,mobile,Semarang,False,2026-01-10 23:12:54.293181,2026-03-02 03:05:12.293181
461,4233,30.32,3,6,64.98,False,mobile,Medan,False,2026-01-14 12:06:02.293181,2026-03-02 03:05:12.293181
461,3001,134.65,1,7,74.93,False,mobile,Bandung,False,2026-01-26 13:26:39.293181,2026-03-02 03:05:12.293181
461,604,39.6,2,7,73.77,True,web,Semarang,False,2026-01-31 08:08:37.293181,2026-03-02 03:05:12.293181
461,742,148.31,2,6,77.91,True,mobile,Surabaya,True,2026-02-07 01:06:39.293181,2026-03-02 03:05:12.293181
461,598,88.31,2,5,88.24,False,mobile,Bandung,False,2026-02-10 22:23:33.293181,2026-03-02 03:05:12.293181
461,298,103.04,2,5,102.78,True,mobile,Jakarta,False,2026-02-15 05:38:38.293181,2026-03-02 03:05:12.293181
461,3355,127.84,3,6,106.96,True,mobile,Surabaya,False,2026-02-15 22:41:34.293181,2026-03-02 03:05:12.293181
461,2071,96.42,3,7,105.45,False,mobile,Bandung,False,2026-02-19 00:15:03.293181,2026-03-02 03:05:12.293181
462,4220,10.61,1,1,10.61,False,mobile,Semarang,False,2025-12-31 21:12:34.293181,2026-03-02 03:05:12.293181
462,4369,691.9,1,2,351.26,False,mobile,Jakarta,False,2026-01-09 22:29:17.293181,2026-03-02 03:05:12.293181
462,1728,20.48,1,3,241.0,True,web,Medan,False,2026-01-18 22:05:21.293181,2026-03-02 03:05:12.293181
462,1958,43.35,2,4,191.58,False,mobile,Jakarta,False,2026-01-20 07:38:04.293181,2026-03-02 03:05:12.293181
462,2001,193.16,3,5,191.9,False,mobile,Semarang,False,2026-01-20 19:26:48.293181,2026-03-02 03:05:12.293181
462,3218,43.71,1,6,167.2,False,mobile,Medan,False,2026-01-30 17:18:42.293181,2026-03-02 03:05:12.293181
462,787,53.66,2,6,174.38,False,mobile,Semarang,False,2026-02-03 04:54:50.293181,2026-03-02 03:05:12.293181
462,3131,169.34,2,6,87.28,False,web,Bandung,False,2026-02-09 07:46:29.293181,2026-03-02 03:05:12.293181
463,1802,107.0,1,1,107.0,True,mobile,Bandung,False,2026-01-04 18:08:25.293181,2026-03-02 03:05:12.293181
463,3728,53.93,1,2,80.46,False,web,Surabaya,False,2026-01-12 23:36:13.293181,2026-03-02 03:05:12.293181
463,1779,159.63,2,3,106.85,False,mobile,Medan,False,2026-01-13 02:32:25.293181,2026-03-02 03:05:12.293181
463,2601,48.47,3,4,92.26,True,mobile,Surabaya,False,2026-01-18 21:43:54.293181,2026-03-02 03:05:12.293181
463,4984,10.88,2,5,75.98,False,mobile,Semarang,False,2026-01-23 00:16:33.293181,2026-03-02 03:05:12.293181
463,404,14.77,1,6,65.78,False,web,Surabaya,False,2026-02-03 00:14:01.293181,2026-03-02 03:05:12.293181
463,2627,40.0,2,6,54.61,False,mobile,Jakarta,False,2026-02-04 21:42:01.293181,2026-03-02 03:05:12.293181
463,1686,7.47,3,7,47.88,False,web,Medan,False,2026-02-05 05:51:37.293181,2026-03-02 03:05:12.293181
463,584,35.95,1,5,21.81,True,mobile,Surabaya,False,2026-02-21 04:42:51.293181,2026-03-02 03:05:12.293181
463,761,37.57,2,5,27.15,False,mobile,Medan,False,2026-02-23 17:49:42.293181,2026-03-02 03:05:12.293181
463,1778,126.25,3,6,43.67,False,mobile,Semarang,False,2026-02-27 12:12:38.293181,2026-03-02 03:05:12.293181
464,2721,168.27,1,1,168.27,True,mobile,Medan,False,2026-01-03 00:18:19.293181,2026-03-02 03:05:12.293181
464,929,51.04,1,2,109.66,True,mobile,Surabaya,False,2026-01-10 16:06:54.293181,2026-03-02 03:05:12.293181
464,2750,18.41,2,3,79.24,True,web,Surabaya,False,2026-01-10 22:34:47.293181,2026-03-02 03:05:12.293181
464,4371,7.77,1,4,61.37,False,web,Bandung,False,2026-01-23 18:59:56.293181,2026-03-02 03:05:12.293181
464,3514,46.29,2,5,58.36,True,mobile,Jakarta,False,2026-01-25 14:23:34.293181,2026-03-02 03:05:12.293181
464,2370,164.48,3,6,76.04,True,web,Surabaya,True,2026-01-25 21:04:45.293181,2026-03-02 03:05:12.293181
464,319,56.66,1,6,57.44,False,mobile,Medan,False,2026-02-02 02:40:19.293181,2026-03-02 03:05:12.293181
464,555,40.39,2,7,55.01,False,web,Semarang,False,2026-02-03 15:01:26.293181,2026-03-02 03:05:12.293181
464,2671,82.35,3,8,58.42,False,mobile,Jakarta,False,2026-02-03 20:33:22.293181,2026-03-02 03:05:12.293181
465,3995,12.37,1,1,12.37,False,mobile,Medan,False,2026-01-02 06:21:43.293181,2026-03-02 03:05:12.293181
465,981,209.0,1,2,110.68,False,mobile,Semarang,False,2026-01-15 03:45:17.293181,2026-03-02 03:05:12.293181
465,2514,50.34,1,2,129.67,False,web,Jakarta,False,2026-02-06 13:44:43.293181,2026-03-02 03:05:12.293181
465,556,70.36,2,3,109.9,False,web,Bandung,False,2026-02-06 17:36:00.293181,2026-03-02 03:05:12.293181
465,876,131.77,3,4,115.37,False,web,Semarang,False,2026-02-11 19:08:00.293181,2026-03-02 03:05:12.293181
465,3803,24.18,2,4,69.16,False,mobile,Medan,False,2026-02-16 18:23:04.293181,2026-03-02 03:05:12.293181
465,3550,24.16,2,5,60.16,False,mobile,Medan,False,2026-02-19 02:23:46.293181,2026-03-02 03:05:12.293181
465,1068,39.39,1,6,56.7,True,mobile,Jakarta,False,2026-02-28 18:12:54.293181,2026-03-02 03:05:12.293181
466,1901,6.99,1,1,6.99,False,mobile,Bandung,False,2026-01-01 16:37:50.293181,2026-03-02 03:05:12.293181
466,2455,27.66,2,2,17.32,True,mobile,Jakarta,False,2026-01-03 20:53:59.293181,2026-03-02 03:05:12.293181
466,1815,27.05,3,3,20.57,True,mobile,Surabaya,False,2026-01-03 21:54:29.293181,2026-03-02 03:05:12.293181
466,3999,54.15,1,4,28.96,False,mobile,Medan,False,2026-01-13 23:46:11.293181,2026-03-02 03:05:12.293181
466,4156,28.93,2,5,28.96,False,web,Bandung,False,2026-01-14 10:04:52.293181,2026-03-02 03:05:12.293181
466,1373,15.73,1,6,26.75,True,web,Bandung,False,2026-01-25 10:53:26.293181,2026-03-02 03:05:12.293181
466,4967,578.13,2,7,105.52,False,mobile,Bandung,False,2026-01-28 21:14:55.293181,2026-03-02 03:05:12.293181
466,2068,47.47,2,7,111.3,False,mobile,Jakarta,False,2026-02-02 11:14:10.293181,2026-03-02 03:05:12.293181
466,2050,71.88,2,6,132.72,True,mobile,Semarang,False,2026-02-07 09:39:35.293181,2026-03-02 03:05:12.293181
466,1311,210.92,1,5,184.83,False,web,Semarang,False,2026-02-23 10:42:29.293181,2026-03-02 03:05:12.293181
467,2678,19.7,1,1,19.7,True,mobile,Surabaya,False,2026-01-24 11:12:36.293181,2026-03-02 03:05:12.293181
467,1627,112.88,2,2,66.29,False,mobile,Jakarta,False,2026-01-26 06:31:08.293181,2026-03-02 03:05:12.293181
467,3086,36.59,1,3,56.39,False,mobile,Semarang,False,2026-02-02 10:34:04.293181,2026-03-02 03:05:12.293181
467,1773,25.28,2,4,48.61,False,web,Surabaya,False,2026-02-06 20:23:18.293181,2026-03-02 03:05:12.293181
467,2914,190.57,2,5,77.0,False,mobile,Surabaya,False,2026-02-10 06:12:20.293181,2026-03-02 03:05:12.293181
467,3914,49.12,3,6,72.36,False,mobile,Bandung,False,2026-02-11 14:27:59.293181,2026-03-02 03:05:12.293181
468,1830,45.85,1,1,45.85,False,web,Bandung,False,2026-01-02 21:06:57.293181,2026-03-02 03:05:12.293181
468,2980,27.82,2,2,36.84,True,mobile,Jakarta,False,2026-01-04 23:47:56.293181,2026-03-02 03:05:12.293181
468,1714,45.84,1,3,39.84,False,mobile,Medan,False,2026-01-13 21:22:14.293181,2026-03-02 03:05:12.293181
468,3427,237.5,2,4,89.25,False,mobile,Jakarta,False,2026-01-16 14:31:00.293181,2026-03-02 03:05:12.293181
468,2550,62.59,1,5,83.92,False,mobile,Surabaya,False,2026-01-30 14:27:50.293181,2026-03-02 03:05:12.293181
468,1603,128.44,2,4,118.59,False,web,Jakarta,False,2026-02-04 06:22:04.293181,2026-03-02 03:05:12.293181
468,140,373.11,3,5,169.5,False,mobile,Jakarta,False,2026-02-06 05:32:38.293181,2026-03-02 03:05:12.293181
468,3562,309.81,3,6,192.88,False,web,Jakarta,False,2026-02-09 13:10:42.293181,2026-03-02 03:05:12.293181
468,1521,22.35,3,7,168.52,False,mobile,Jakarta,False,2026-02-11 15:20:29.293181,2026-03-02 03:05:12.293181
468,224,10.43,4,8,148.76,False,web,Jakarta,False,2026-02-12 16:53:51.293181,2026-03-02 03:05:12.293181
468,4132,34.45,1,7,134.45,True,mobile,Jakarta,False,2026-02-21 16:57:38.293181,2026-03-02 03:05:12.293181
468,1835,32.14,2,8,121.66,False,web,Medan,False,2026-02-24 08:00:55.293181,2026-03-02 03:05:12.293181
468,3700,251.23,3,9,136.06,False,mobile,Bandung,False,2026-02-26 16:58:03.293181,2026-03-02 03:05:12.293181
469,4042,20.31,1,1,20.31,False,mobile,Surabaya,False,2026-01-07 21:12:42.293181,2026-03-02 03:05:12.293181
469,4017,34.34,1,2,27.33,False,mobile,Medan,False,2026-01-16 19:10:36.293181,2026-03-02 03:05:12.293181
469,4522,39.52,2,3,31.39,False,web,Surabaya,False,2026-01-22 21:06:51.293181,2026-03-02 03:05:12.293181
469,3950,42.81,2,4,34.25,True,web,Semarang,False,2026-01-24 04:09:18.293181,2026-03-02 03:05:12.293181
469,151,85.81,1,5,44.56,False,mobile,Surabaya,False,2026-02-05 15:53:26.293181,2026-03-02 03:05:12.293181
469,1893,117.43,2,5,63.98,True,web,Semarang,False,2026-02-08 07:53:51.293181,2026-03-02 03:05:12.293181
469,4010,88.01,1,5,74.72,False,mobile,Medan,False,2026-02-18 06:23:03.293181,2026-03-02 03:05:12.293181
469,2158,128.21,2,4,104.86,False,web,Surabaya,False,2026-02-24 08:01:55.293181,2026-03-02 03:05:12.293181
470,2489,54.68,1,1,54.68,False,mobile,Surabaya,False,2026-01-06 06:19:12.293181,2026-03-02 03:05:12.293181
470,3682,20.49,2,2,37.58,False,web,Semarang,False,2026-01-06 18:47:13.293181,2026-03-02 03:05:12.293181
470,2523,38.13,3,3,37.77,False,web,Bandung,False,2026-01-12 18:52:44.293181,2026-03-02 03:05:12.293181
470,2992,23.26,3,4,34.14,False,mobile,Jakarta,False,2026-01-13 12:53:21.293181,2026-03-02 03:05:12.293181
470,3802,64.37,1,5,40.19,True,web,Surabaya,False,2026-01-31 04:22:14.293181,2026-03-02 03:05:12.293181
470,4096,46.47,2,6,41.23,False,mobile,Bandung,False,2026-02-03 16:06:30.293181,2026-03-02 03:05:12.293181
470,2709,21.92,3,5,38.83,False,web,Jakarta,False,2026-02-06 09:25:56.293181,2026-03-02 03:05:12.293181
470,3888,46.0,3,6,40.03,True,mobile,Medan,False,2026-02-08 11:34:22.293181,2026-03-02 03:05:12.293181
470,3722,128.14,4,7,52.61,False,mobile,Bandung,False,2026-02-09 01:06:18.293181,2026-03-02 03:05:12.293181
470,1434,112.25,5,8,60.07,False,mobile,Jakarta,False,2026-02-10 08:56:27.293181,2026-03-02 03:05:12.293181
470,853,120.19,4,7,77.05,False,web,Jakarta,False,2026-02-13 22:21:04.293181,2026-03-02 03:05:12.293181
471,3570,146.67,1,1,146.67,False,web,Bandung,False,2025-12-31 12:15:30.293181,2026-03-02 03:05:12.293181
471,4717,41.63,2,2,94.15,False,web,Jakarta,True,2026-01-02 05:00:14.293181,2026-03-02 03:05:12.293181
471,442,87.45,3,3,91.92,True,mobile,Jakarta,False,2026-01-03 13:31:36.293181,2026-03-02 03:05:12.293181
471,1127,79.46,4,4,88.8,True,mobile,Medan,False,2026-01-04 07:17:25.293181,2026-03-02 03:05:12.293181
471,659,129.28,1,5,96.9,False,mobile,Jakarta,False,2026-01-19 18:40:14.293181,2026-03-02 03:05:12.293181
471,4689,36.59,2,6,86.85,False,web,Medan,False,2026-01-20 03:59:10.293181,2026-03-02 03:05:12.293181
471,4216,2476.69,3,7,428.25,False,web,Medan,False,2026-01-22 10:30:13.293181,2026-03-02 03:05:12.293181
471,976,227.26,4,8,403.13,True,mobile,Surabaya,True,2026-01-24 13:48:58.293181,2026-03-02 03:05:12.293181
471,243,68.18,3,9,365.91,False,web,Surabaya,False,2026-01-28 15:22:39.293181,2026-03-02 03:05:12.293181
471,2342,49.24,4,10,334.24,False,mobile,Bandung,False,2026-01-29 03:16:53.293181,2026-03-02 03:05:12.293181
471,4159,56.69,1,7,434.85,True,mobile,Jakarta,False,2026-02-14 11:38:56.293181,2026-03-02 03:05:12.293181
471,4861,12.48,2,8,382.05,True,mobile,Semarang,False,2026-02-15 01:03:09.293181,2026-03-02 03:05:12.293181
472,4574,8.94,1,1,8.94,False,mobile,Medan,False,2025-12-31 15:57:29.293181,2026-03-02 03:05:12.293181
472,2318,182.38,2,2,95.66,True,mobile,Bandung,False,2026-01-03 23:11:58.293181,2026-03-02 03:05:12.293181
472,1546,27.79,1,3,73.04,True,mobile,Bandung,False,2026-01-11 00:57:51.293181,2026-03-02 03:05:12.293181
472,734,56.5,1,4,68.9,False,mobile,Jakarta,False,2026-01-26 03:04:50.293181,2026-03-02 03:05:12.293181
472,4507,74.49,1,3,52.93,False,web,Bandung,False,2026-02-03 00:22:46.293181,2026-03-02 03:05:12.293181
472,1386,44.48,2,4,50.81,False,mobile,Surabaya,False,2026-02-06 12:04:44.293181,2026-03-02 03:05:12.293181
472,3406,90.4,3,5,58.73,False,mobile,Medan,False,2026-02-09 12:27:47.293181,2026-03-02 03:05:12.293181
472,3563,187.96,2,5,90.77,False,mobile,Surabaya,False,2026-02-13 23:46:22.293181,2026-03-02 03:05:12.293181
472,1670,76.71,1,6,88.42,False,mobile,Semarang,False,2026-02-23 01:06:04.293181,2026-03-02 03:05:12.293181
472,2210,60.04,2,6,89.01,False,mobile,Bandung,False,2026-02-26 03:42:10.293181,2026-03-02 03:05:12.293181
473,241,94.22,1,1,94.22,True,mobile,Jakarta,False,2026-01-10 09:26:25.293181,2026-03-02 03:05:12.293181
473,4506,58.23,2,2,76.22,False,web,Surabaya,True,2026-01-14 04:25:45.293181,2026-03-02 03:05:12.293181
473,68,168.01,1,3,106.82,False,web,Medan,False,2026-01-21 21:31:40.293181,2026-03-02 03:05:12.293181
473,3673,55.77,1,4,94.06,False,mobile,Jakarta,False,2026-01-29 20:52:48.293181,2026-03-02 03:05:12.293181
473,3966,246.36,2,5,124.52,False,web,Medan,False,2026-01-30 02:06:35.293181,2026-03-02 03:05:12.293181
473,378,43.2,1,4,128.34,False,web,Bandung,False,2026-02-13 11:04:35.293181,2026-03-02 03:05:12.293181
473,2127,24.49,1,4,92.46,False,mobile,Medan,False,2026-02-25 03:28:47.293181,2026-03-02 03:05:12.293181
474,4231,16.44,1,1,16.44,True,mobile,Surabaya,False,2026-01-18 13:09:00.293181,2026-03-02 03:05:12.293181
474,621,16.17,2,2,16.3,False,mobile,Bandung,False,2026-01-23 01:20:26.293181,2026-03-02 03:05:12.293181
474,1357,13.99,2,3,15.53,False,mobile,Bandung,False,2026-01-28 00:03:21.293181,2026-03-02 03:05:12.293181
474,120,33.44,2,4,20.01,False,mobile,Medan,False,2026-02-03 18:54:45.293181,2026-03-02 03:05:12.293181
474,635,28.89,3,5,21.79,False,mobile,Surabaya,False,2026-02-03 23:16:01.293181,2026-03-02 03:05:12.293181
474,719,156.04,3,6,44.16,True,mobile,Semarang,False,2026-02-08 16:57:34.293181,2026-03-02 03:05:12.293181
474,2404,320.76,2,7,83.68,False,web,Medan,False,2026-02-13 01:09:17.293181,2026-03-02 03:05:12.293181
474,4228,76.54,2,7,92.26,False,mobile,Semarang,False,2026-02-19 11:32:42.293181,2026-03-02 03:05:12.293181
474,3490,11.76,2,8,82.2,True,mobile,Semarang,False,2026-02-21 08:24:08.293181,2026-03-02 03:05:12.293181
474,3135,45.75,3,9,78.15,True,mobile,Bandung,False,2026-02-21 08:54:40.293181,2026-03-02 03:05:12.293181
474,2880,24.02,4,9,79.02,False,mobile,Medan,False,2026-02-23 11:29:54.293181,2026-03-02 03:05:12.293181
475,1498,34.35,1,1,34.35,False,web,Semarang,False,2026-01-14 10:01:59.293181,2026-03-02 03:05:12.293181
475,411,37.32,1,2,35.84,True,mobile,Surabaya,False,2026-01-25 12:37:10.293181,2026-03-02 03:05:12.293181
475,3023,522.62,1,3,198.1,False,mobile,Jakarta,True,2026-02-10 23:48:03.293181,2026-03-02 03:05:12.293181
475,393,19.63,1,2,271.12,False,mobile,Surabaya,False,2026-02-24 12:42:45.293181,2026-03-02 03:05:12.293181
475,3581,111.2,2,3,217.82,False,web,Jakarta,False,2026-02-26 19:42:43.293181,2026-03-02 03:05:12.293181
476,4239,123.95,1,1,123.95,False,web,Semarang,False,2026-01-01 12:35:50.293181,2026-03-02 03:05:12.293181
476,285,161.02,2,2,142.49,False,mobile,Medan,False,2026-01-05 13:48:06.293181,2026-03-02 03:05:12.293181
476,2199,91.73,3,3,125.57,False,web,Surabaya,False,2026-01-06 01:52:55.293181,2026-03-02 03:05:12.293181
476,490,101.81,3,4,119.63,True,mobile,Bandung,False,2026-01-11 19:17:01.293181,2026-03-02 03:05:12.293181
476,4957,127.57,2,5,121.22,False,mobile,Semarang,False,2026-01-16 16:10:55.293181,2026-03-02 03:05:12.293181
476,250,90.25,1,6,116.06,False,web,Semarang,False,2026-01-27 14:04:23.293181,2026-03-02 03:05:12.293181
476,1064,15.88,2,7,101.74,False,mobile,Surabaya,False,2026-01-30 09:39:13.293181,2026-03-02 03:05:12.293181
476,4252,55.69,1,3,53.94,False,mobile,Medan,False,2026-02-18 08:47:14.293181,2026-03-02 03:05:12.293181
476,3590,176.88,1,4,84.68,False,mobile,Jakarta,False,2026-02-25 09:27:31.293181,2026-03-02 03:05:12.293181
476,3532,28.91,2,4,69.34,False,mobile,Surabaya,False,2026-02-27 10:57:15.293181,2026-03-02 03:05:12.293181
477,4612,24.42,1,1,24.42,False,mobile,Semarang,False,2026-01-06 22:47:44.293181,2026-03-02 03:05:12.293181
477,622,14.41,1,2,19.42,True,mobile,Surabaya,False,2026-01-18 23:09:02.293181,2026-03-02 03:05:12.293181
477,3325,39.65,1,3,26.16,False,mobile,Medan,False,2026-01-30 14:34:04.293181,2026-03-02 03:05:12.293181
477,4719,9.21,1,2,24.43,False,mobile,Surabaya,False,2026-02-18 17:54:08.293181,2026-03-02 03:05:12.293181
477,2698,3.37,2,3,17.41,False,web,Bandung,False,2026-02-18 23:38:45.293181,2026-03-02 03:05:12.293181
477,638,58.13,3,4,27.59,True,mobile,Surabaya,False,2026-02-22 23:13:04.293181,2026-03-02 03:05:12.293181
477,2684,177.83,2,5,57.64,True,mobile,Jakarta,False,2026-02-28 17:38:14.293181,2026-03-02 03:05:12.293181
478,505,49.54,1,1,49.54,False,mobile,Medan,False,2026-01-06 14:23:26.293181,2026-03-02 03:05:12.293181
478,2841,128.32,2,2,88.93,True,mobile,Bandung,False,2026-01-10 10:07:10.293181,2026-03-02 03:05:12.293181
478,4974,76.74,2,3,84.87,False,mobile,Jakarta,False,2026-01-15 18:48:38.293181,2026-03-02 03:05:12.293181
478,3501,56.2,1,4,77.7,False,mobile,Jakarta,False,2026-01-27 21:30:19.293181,2026-03-02 03:05:12.293181
478,528,21.85,1,5,66.53,False,web,Medan,False,2026-02-04 15:27:04.293181,2026-03-02 03:05:12.293181
478,4458,21.09,1,3,33.05,True,mobile,Bandung,False,2026-02-21 23:27:59.293181,2026-03-02 03:05:12.293181
478,599,21.75,2,4,30.22,False,mobile,Surabaya,False,2026-02-23 13:07:20.293181,2026-03-02 03:05:12.293181
478,1530,20.85,3,5,28.35,False,web,Jakarta,False,2026-02-24 01:55:42.293181,2026-03-02 03:05:12.293181
478,1586,452.08,4,5,107.52,True,mobile,Jakarta,False,2026-02-28 08:14:28.293181,2026-03-02 03:05:12.293181
479,4130,24.96,1,1,24.96,False,mobile,Jakarta,False,2025-12-31 10:55:52.293181,2026-03-02 03:05:12.293181
479,3783,129.15,2,2,77.06,False,web,Jakarta,False,2026-01-07 01:05:55.293181,2026-03-02 03:05:12.293181
479,475,21.52,2,3,58.54,False,mobile,Jakarta,False,2026-01-08 10:11:06.293181,2026-03-02 03:05:12.293181
479,3222,61.7,3,4,59.33,False,mobile,Surabaya,False,2026-01-09 13:40:47.293181,2026-03-02 03:05:12.293181
479,3464,200.01,2,5,87.47,False,web,Surabaya,False,2026-01-15 13:20:11.293181,2026-03-02 03:05:12.293181
479,3536,118.74,3,6,92.68,False,web,Jakarta,False,2026-01-16 02:11:01.293181,2026-03-02 03:05:12.293181
479,4056,29.58,3,7,83.67,True,web,Semarang,False,2026-01-17 01:20:53.293181,2026-03-02 03:05:12.293181
479,3780,548.53,4,8,141.77,True,web,Semarang,False,2026-01-18 21:49:19.293181,2026-03-02 03:05:12.293181
479,333,17.6,5,9,127.98,False,web,Semarang,False,2026-01-19 18:52:25.293181,2026-03-02 03:05:12.293181
479,3465,132.44,1,10,128.42,False,mobile,Semarang,False,2026-01-27 18:04:15.293181,2026-03-02 03:05:12.293181
479,1141,110.21,2,10,136.95,False,mobile,Jakarta,False,2026-02-02 06:31:40.293181,2026-03-02 03:05:12.293181
479,3097,11.81,2,11,125.57,False,mobile,Semarang,False,2026-02-03 20:31:11.293181,2026-03-02 03:05:12.293181
479,1560,26.87,3,12,117.35,False,mobile,Jakarta,False,2026-02-03 23:14:43.293181,2026-03-02 03:05:12.293181
479,2658,37.52,1,10,123.33,False,mobile,Jakarta,False,2026-02-11 06:55:16.293181,2026-03-02 03:05:12.293181
479,3569,32.74,1,6,58.6,False,mobile,Jakarta,False,2026-02-20 15:55:00.293181,2026-03-02 03:05:12.293181
479,1365,71.7,2,7,60.47,True,web,Surabaya,False,2026-02-21 22:18:26.293181,2026-03-02 03:05:12.293181
480,106,50.12,1,1,50.12,False,web,Bandung,False,2026-01-06 06:26:50.293181,2026-03-02 03:05:12.293181
480,3643,351.1,2,2,200.61,False,mobile,Medan,False,2026-01-12 12:47:09.293181,2026-03-02 03:05:12.293181
480,492,43.32,1,3,148.18,False,mobile,Jakarta,False,2026-01-19 18:53:27.293181,2026-03-02 03:05:12.293181
480,4002,87.67,1,3,160.7,True,web,Bandung,False,2026-02-07 16:15:25.293181,2026-03-02 03:05:12.293181
480,3844,70.16,1,3,67.05,True,mobile,Medan,False,2026-02-15 01:24:18.293181,2026-03-02 03:05:12.293181
480,3855,34.04,2,4,58.8,False,mobile,Bandung,False,2026-02-17 00:07:22.293181,2026-03-02 03:05:12.293181
480,3560,48.58,3,5,56.75,False,mobile,Surabaya,False,2026-02-18 11:58:46.293181,2026-03-02 03:05:12.293181
480,3577,8.58,4,5,49.81,False,web,Medan,False,2026-02-20 12:03:23.293181,2026-03-02 03:05:12.293181
480,4900,108.13,5,6,59.53,False,mobile,Jakarta,False,2026-02-20 15:25:36.293181,2026-03-02 03:05:12.293181
481,687,52.41,1,1,52.41,False,mobile,Surabaya,False,2026-01-02 05:34:42.293181,2026-03-02 03:05:12.293181
481,2534,95.44,2,2,73.92,True,web,Medan,False,2026-01-03 16:26:45.293181,2026-03-02 03:05:12.293181
481,531,18.54,1,3,55.46,False,mobile,Surabaya,False,2026-01-19 08:58:41.293181,2026-03-02 03:05:12.293181
481,1941,78.57,2,4,61.24,False,web,Surabaya,False,2026-01-19 22:08:39.293181,2026-03-02 03:05:12.293181
481,3300,18.25,3,5,52.64,True,mobile,Surabaya,False,2026-01-24 12:49:27.293181,2026-03-02 03:05:12.293181
481,3599,41.91,1,4,39.32,False,web,Medan,True,2026-02-03 10:50:57.293181,2026-03-02 03:05:12.293181
482,4303,229.06,1,1,229.06,False,mobile,Jakarta,False,2025-12-31 15:21:23.293181,2026-03-02 03:05:12.293181
482,4579,146.43,2,2,187.74,False,mobile,Surabaya,False,2025-12-31 23:40:40.293181,2026-03-02 03:05:12.293181
482,3102,7.43,3,3,127.64,False,mobile,Surabaya,False,2026-01-02 18:02:45.293181,2026-03-02 03:05:12.293181
482,3683,63.94,4,4,111.72,True,web,Jakarta,False,2026-01-04 08:02:31.293181,2026-03-02 03:05:12.293181
482,2154,129.86,1,3,67.08,True,mobile,Medan,False,2026-01-31 00:10:18.293181,2026-03-02 03:05:12.293181
482,757,45.36,2,2,87.61,False,web,Jakarta,False,2026-02-06 23:12:57.293181,2026-03-02 03:05:12.293181
482,1277,23.87,1,3,66.36,False,mobile,Semarang,False,2026-02-18 07:06:51.293181,2026-03-02 03:05:12.293181
482,1881,21.38,2,4,55.12,False,web,Surabaya,False,2026-02-18 10:30:30.293181,2026-03-02 03:05:12.293181
482,2729,73.07,3,5,58.71,False,mobile,Medan,False,2026-02-18 15:59:37.293181,2026-03-02 03:05:12.293181
482,724,75.3,4,6,61.47,False,mobile,Surabaya,False,2026-02-24 10:22:18.293181,2026-03-02 03:05:12.293181
482,4155,43.47,5,7,58.9,False,mobile,Bandung,False,2026-02-24 11:34:04.293181,2026-03-02 03:05:12.293181
483,4334,18.58,1,1,18.58,True,web,Semarang,False,2026-01-03 13:07:28.293181,2026-03-02 03:05:12.293181
483,460,41.25,2,2,29.92,False,mobile,Bandung,False,2026-01-09 01:02:25.293181,2026-03-02 03:05:12.293181
483,3924,116.92,2,3,58.92,False,web,Jakarta,False,2026-01-14 19:26:44.293181,2026-03-02 03:05:12.293181
483,1072,18.44,2,4,48.8,False,mobile,Surabaya,False,2026-01-20 08:25:19.293181,2026-03-02 03:05:12.293181
483,942,53.49,2,5,49.74,True,web,Semarang,False,2026-01-25 06:52:38.293181,2026-03-02 03:05:12.293181
483,141,17.85,2,6,44.42,False,mobile,Jakarta,False,2026-01-29 19:58:18.293181,2026-03-02 03:05:12.293181
483,1395,115.91,1,5,64.52,False,mobile,Bandung,False,2026-02-11 02:45:15.293181,2026-03-02 03:05:12.293181
483,195,167.68,2,5,74.67,False,mobile,Surabaya,False,2026-02-13 20:45:23.293181,2026-03-02 03:05:12.293181
483,4471,72.95,2,6,74.39,False,mobile,Medan,False,2026-02-18 05:16:27.293181,2026-03-02 03:05:12.293181
483,3124,64.61,2,6,82.08,True,web,Surabaya,False,2026-02-21 06:42:50.293181,2026-03-02 03:05:12.293181
483,3450,9.68,3,7,71.74,False,mobile,Bandung,False,2026-02-23 01:20:56.293181,2026-03-02 03:05:12.293181
483,1890,9.12,3,7,65.4,False,web,Semarang,False,2026-02-25 16:25:30.293181,2026-03-02 03:05:12.293181
483,2240,117.08,2,7,79.58,False,mobile,Surabaya,False,2026-03-02 02:46:42.293181,2026-03-02 03:05:12.293181
484,3238,121.15,1,1,121.15,False,mobile,Medan,False,2026-01-07 18:02:01.293181,2026-03-02 03:05:12.293181
484,4073,40.32,2,2,80.74,False,mobile,Semarang,False,2026-01-09 20:58:28.293181,2026-03-02 03:05:12.293181
484,1837,88.33,3,3,83.27,False,mobile,Bandung,True,2026-01-14 08:27:27.293181,2026-03-02 03:05:12.293181
484,4396,21.55,4,4,67.84,False,mobile,Surabaya,False,2026-01-14 12:49:17.293181,2026-03-02 03:05:12.293181
484,4107,52.48,3,5,64.77,False,mobile,Surabaya,False,2026-01-20 15:30:36.293181,2026-03-02 03:05:12.293181
484,1258,136.08,1,6,76.65,False,mobile,Bandung,False,2026-01-29 20:25:43.293181,2026-03-02 03:05:12.293181
484,1735,30.59,2,7,70.07,False,mobile,Bandung,False,2026-02-02 15:42:48.293181,2026-03-02 03:05:12.293181
484,1459,28.1,1,5,53.76,False,mobile,Bandung,False,2026-02-13 09:33:57.293181,2026-03-02 03:05:12.293181
484,581,24.49,2,5,54.35,False,mobile,Surabaya,False,2026-02-16 20:56:53.293181,2026-03-02 03:05:12.293181
484,2830,6.77,1,4,22.49,True,mobile,Semarang,False,2026-02-28 23:27:37.293181,2026-03-02 03:05:12.293181
485,3210,8.33,1,1,8.33,False,web,Surabaya,False,2026-01-13 15:47:47.293181,2026-03-02 03:05:12.293181
485,1909,47.03,2,2,27.68,False,mobile,Medan,False,2026-01-14 04:04:54.293181,2026-03-02 03:05:12.293181
485,2045,68.38,3,3,41.25,False,web,Jakarta,False,2026-01-16 15:03:36.293181,2026-03-02 03:05:12.293181
485,1926,36.48,4,4,40.06,False,web,Bandung,False,2026-01-16 16:49:59.293181,2026-03-02 03:05:12.293181
485,2677,53.86,3,5,42.82,False,mobile,Medan,False,2026-01-23 09:35:34.293181,2026-03-02 03:05:12.293181
485,261,23.04,3,6,39.52,False,mobile,Jakarta,False,2026-01-23 15:30:31.293181,2026-03-02 03:05:12.293181
485,275,310.97,1,7,78.3,True,mobile,Surabaya,False,2026-01-31 03:03:43.293181,2026-03-02 03:05:12.293181
485,932,54.8,2,8,75.36,False,mobile,Medan,False,2026-02-05 12:42:04.293181,2026-03-02 03:05:12.293181
485,2632,124.54,2,9,80.83,True,mobile,Surabaya,False,2026-02-07 15:52:11.293181,2026-03-02 03:05:12.293181
485,1524,31.48,1,4,130.45,False,web,Bandung,False,2026-02-23 08:02:16.293181,2026-03-02 03:05:12.293181
485,2285,22.27,2,5,108.81,False,web,Surabaya,False,2026-02-24 01:49:03.293181,2026-03-02 03:05:12.293181
485,2547,36.35,3,6,96.74,True,mobile,Jakarta,False,2026-02-28 16:24:46.293181,2026-03-02 03:05:12.293181
486,4409,95.11,1,1,95.11,False,mobile,Bandung,False,2026-01-06 01:06:58.293181,2026-03-02 03:05:12.293181
486,1294,50.46,2,2,72.78,False,mobile,Semarang,False,2026-01-06 13:13:09.293181,2026-03-02 03:05:12.293181
486,2921,121.09,3,3,88.89,False,mobile,Medan,False,2026-01-09 07:45:05.293181,2026-03-02 03:05:12.293181
486,2337,35.1,1,4,75.44,True,web,Jakarta,False,2026-01-18 08:02:26.293181,2026-03-02 03:05:12.293181
486,3101,32.07,2,5,66.77,False,mobile,Medan,False,2026-01-21 10:40:02.293181,2026-03-02 03:05:12.293181
486,1174,77.9,2,6,68.62,False,mobile,Medan,False,2026-01-27 16:39:24.293181,2026-03-02 03:05:12.293181
486,1325,45.78,2,7,65.36,False,mobile,Jakarta,False,2026-01-29 10:48:52.293181,2026-03-02 03:05:12.293181
486,732,9.38,2,8,58.36,False,mobile,Jakarta,False,2026-02-04 12:04:26.293181,2026-03-02 03:05:12.293181
486,1042,6.07,3,8,47.23,False,mobile,Semarang,False,2026-02-05 03:17:14.293181,2026-03-02 03:05:12.293181
486,3390,13.85,3,8,42.66,False,web,Semarang,False,2026-02-06 11:58:36.293181,2026-03-02 03:05:12.293181
486,3143,17.11,4,8,29.66,False,mobile,Jakarta,False,2026-02-09 09:12:00.293181,2026-03-02 03:05:12.293181
486,2565,11.02,5,9,27.59,False,mobile,Medan,False,2026-02-10 06:26:02.293181,2026-03-02 03:05:12.293181
486,2957,61.32,3,10,30.96,True,web,Bandung,False,2026-02-14 22:57:08.293181,2026-03-02 03:05:12.293181
486,3910,218.21,3,11,47.98,False,web,Surabaya,False,2026-02-17 05:05:41.293181,2026-03-02 03:05:12.293181
486,4431,127.56,3,11,56.39,False,mobile,Semarang,False,2026-02-20 04:15:34.293181,2026-03-02 03:05:12.293181
486,1967,88.19,2,11,61.49,False,mobile,Bandung,False,2026-02-24 08:59:23.293181,2026-03-02 03:05:12.293181
487,2950,26.47,1,1,26.47,False,mobile,Medan,False,2026-01-06 00:44:28.293181,2026-03-02 03:05:12.293181
487,1923,8.24,2,2,17.36,False,web,Medan,False,2026-01-09 03:52:34.293181,2026-03-02 03:05:12.293181
487,1950,15.67,2,3,16.79,False,mobile,Surabaya,False,2026-01-14 15:35:59.293181,2026-03-02 03:05:12.293181
487,2562,73.26,2,4,30.91,True,web,Semarang,False,2026-01-18 07:47:03.293181,2026-03-02 03:05:12.293181
487,1419,112.78,3,5,47.28,False,mobile,Jakarta,False,2026-01-20 10:30:30.293181,2026-03-02 03:05:12.293181
487,1224,99.02,1,5,61.79,False,web,Semarang,False,2026-02-05 04:00:57.293181,2026-03-02 03:05:12.293181
487,1029,35.62,1,4,80.17,False,web,Bandung,False,2026-02-16 01:31:42.293181,2026-03-02 03:05:12.293181
487,4904,22.5,2,3,52.38,True,mobile,Bandung,False,2026-02-22 06:02:53.293181,2026-03-02 03:05:12.293181
487,865,27.59,2,4,46.18,False,mobile,Semarang,False,2026-02-25 15:30:50.293181,2026-03-02 03:05:12.293181
488,4849,99.94,1,1,99.94,False,web,Surabaya,False,2025-12-31 04:14:40.293181,2026-03-02 03:05:12.293181
488,4734,93.3,2,2,96.62,True,web,Surabaya,False,2026-01-04 23:12:51.293181,2026-03-02 03:05:12.293181
488,1007,143.93,2,3,112.39,True,web,Semarang,False,2026-01-11 21:40:31.293181,2026-03-02 03:05:12.293181
488,1018,35.68,2,4,93.21,False,mobile,Semarang,False,2026-01-12 08:22:04.293181,2026-03-02 03:05:12.293181
488,802,27.87,3,5,80.14,False,mobile,Medan,False,2026-01-15 03:25:04.293181,2026-03-02 03:05:12.293181
488,2393,9.34,2,6,68.34,False,mobile,Bandung,False,2026-01-21 23:52:55.293181,2026-03-02 03:05:12.293181
488,4468,75.81,2,7,69.41,False,mobile,Surabaya,False,2026-01-26 03:21:33.293181,2026-03-02 03:05:12.293181
488,1942,56.6,2,7,63.22,False,mobile,Jakarta,False,2026-01-30 21:25:46.293181,2026-03-02 03:05:12.293181
488,2933,11.41,1,4,38.29,False,web,Surabaya,False,2026-02-19 02:24:34.293181,2026-03-02 03:05:12.293181
489,949,140.57,1,1,140.57,False,mobile,Medan,False,2026-01-13 14:34:03.293181,2026-03-02 03:05:12.293181
489,3479,35.26,1,2,87.92,True,web,Medan,False,2026-01-25 08:11:33.293181,2026-03-02 03:05:12.293181
489,2449,42.94,2,3,72.92,True,mobile,Medan,False,2026-01-31 11:51:35.293181,2026-03-02 03:05:12.293181
489,2777,274.04,2,4,123.2,False,mobile,Jakarta,False,2026-02-05 11:38:46.293181,2026-03-02 03:05:12.293181
489,239,14.78,3,5,101.52,False,web,Semarang,False,2026-02-05 14:00:43.293181,2026-03-02 03:05:12.293181
489,3652,68.68,3,6,96.04,True,mobile,Medan,False,2026-02-07 13:00:20.293181,2026-03-02 03:05:12.293181
489,1655,19.14,4,7,85.06,False,mobile,Bandung,False,2026-02-09 06:06:53.293181,2026-03-02 03:05:12.293181
489,2124,25.22,1,7,68.58,False,mobile,Surabaya,False,2026-02-20 16:35:02.293181,2026-03-02 03:05:12.293181
489,214,110.77,2,7,79.37,False,mobile,Semarang,False,2026-02-24 15:00:56.293181,2026-03-02 03:05:12.293181
489,4288,22.25,3,8,72.23,False,web,Jakarta,False,2026-02-26 14:07:27.293181,2026-03-02 03:05:12.293181
490,3162,191.32,1,1,191.32,False,mobile,Medan,False,2026-01-05 16:44:33.293181,2026-03-02 03:05:12.293181
490,3486,8.34,2,2,99.83,False,web,Surabaya,False,2026-01-08 21:09:28.293181,2026-03-02 03:05:12.293181
490,3111,10.07,2,3,69.91,False,mobile,Semarang,False,2026-01-15 11:40:31.293181,2026-03-02 03:05:12.293181
490,2871,43.65,2,4,63.34,True,mobile,Medan,False,2026-01-17 14:14:35.293181,2026-03-02 03:05:12.293181
490,3998,57.35,1,5,62.15,True,mobile,Bandung,False,2026-01-25 01:39:50.293181,2026-03-02 03:05:12.293181
490,3424,44.5,1,3,48.5,False,web,Medan,False,2026-02-16 07:15:54.293181,2026-03-02 03:05:12.293181
490,2144,8.64,1,2,26.57,True,mobile,Semarang,False,2026-03-01 06:02:41.293181,2026-03-02 03:05:12.293181
491,1024,40.52,1,1,40.52,False,web,Medan,False,2025-12-31 14:01:24.293181,2026-03-02 03:05:12.293181
491,4622,396.35,2,2,218.44,True,web,Semarang,False,2026-01-03 04:35:43.293181,2026-03-02 03:05:12.293181
491,3689,181.16,3,3,206.01,True,mobile,Bandung,True,2026-01-04 10:33:35.293181,2026-03-02 03:05:12.293181
491,4100,169.27,2,4,196.82,True,mobile,Jakarta,True,2026-01-10 06:21:46.293181,2026-03-02 03:05:12.293181
491,418,28.99,3,5,163.26,True,mobile,Surabaya,False,2026-01-10 11:48:35.293181,2026-03-02 03:05:12.293181
491,2465,169.93,3,6,164.37,False,web,Medan,False,2026-01-13 18:06:23.293181,2026-03-02 03:05:12.293181
491,3444,28.08,4,7,144.9,False,mobile,Surabaya,False,2026-01-14 11:41:42.293181,2026-03-02 03:05:12.293181
491,2375,255.3,1,8,158.7,False,mobile,Semarang,False,2026-01-21 13:23:32.293181,2026-03-02 03:05:12.293181
491,49,25.94,2,9,143.95,False,mobile,Semarang,False,2026-01-28 02:38:51.293181,2026-03-02 03:05:12.293181
491,846,4.41,1,5,96.73,False,web,Semarang,False,2026-02-11 10:44:45.293181,2026-03-02 03:05:12.293181
491,4963,51.87,1,3,27.41,True,mobile,Jakarta,False,2026-02-21 00:54:08.293181,2026-03-02 03:05:12.293181
491,1069,44.5,2,3,33.59,False,mobile,Surabaya,False,2026-02-27 22:25:50.293181,2026-03-02 03:05:12.293181
492,788,138.07,1,1,138.07,False,mobile,Medan,False,2026-01-02 18:02:55.293181,2026-03-02 03:05:12.293181
492,1110,28.55,2,2,83.31,True,mobile,Bandung,False,2026-01-03 05:06:54.293181,2026-03-02 03:05:12.293181
492,447,157.36,3,3,107.99,False,mobile,Surabaya,False,2026-01-06 23:30:39.293181,2026-03-02 03:05:12.293181
492,2972,64.49,1,4,97.12,False,web,Semarang,False,2026-01-14 09:23:52.293181,2026-03-02 03:05:12.293181
492,4175,37.83,1,3,86.56,False,mobile,Bandung,False,2026-02-03 00:03:23.293181,2026-03-02 03:05:12.293181
492,1322,36.72,1,2,37.28,False,web,Bandung,False,2026-02-18 16:43:28.293181,2026-03-02 03:05:12.293181
493,4857,28.2,1,1,28.2,True,web,Surabaya,False,2026-01-03 10:54:34.293181,2026-03-02 03:05:12.293181
493,4004,101.54,2,2,64.87,False,mobile,Medan,False,2026-01-08 20:42:38.293181,2026-03-02 03:05:12.293181
493,1413,328.18,2,3,152.64,False,mobile,Bandung,False,2026-01-13 07:43:10.293181,2026-03-02 03:05:12.293181
493,3216,93.14,1,4,137.77,False,web,Surabaya,False,2026-01-29 10:52:07.293181,2026-03-02 03:05:12.293181
493,4575,99.13,2,4,155.5,False,web,Surabaya,False,2026-02-03 15:42:01.293181,2026-03-02 03:05:12.293181
493,3579,56.41,1,3,82.89,False,mobile,Surabaya,False,2026-02-13 13:24:53.293181,2026-03-02 03:05:12.293181
493,1740,51.04,1,4,74.93,True,mobile,Medan,False,2026-02-21 05:55:56.293181,2026-03-02 03:05:12.293181
493,695,50.81,2,5,70.11,True,mobile,Bandung,False,2026-02-22 12:06:45.293181,2026-03-02 03:05:12.293181
493,4243,51.49,1,5,61.78,True,web,Surabaya,False,2026-03-01 23:33:35.293181,2026-03-02 03:05:12.293181
494,4741,12.22,1,1,12.22,False,mobile,Jakarta,False,2026-01-01 23:29:44.293181,2026-03-02 03:05:12.293181
494,283,42.39,1,2,27.3,True,mobile,Surabaya,False,2026-01-11 23:02:54.293181,2026-03-02 03:05:12.293181
494,3544,75.23,2,3,43.28,False,mobile,Semarang,False,2026-01-13 01:09:42.293181,2026-03-02 03:05:12.293181
494,1613,61.04,3,4,47.72,False,mobile,Medan,False,2026-01-14 06:06:18.293181,2026-03-02 03:05:12.293181
494,2513,138.88,1,5,65.95,False,web,Bandung,False,2026-01-22 01:35:55.293181,2026-03-02 03:05:12.293181
494,3795,213.93,1,5,106.29,False,mobile,Medan,False,2026-02-03 15:07:20.293181,2026-03-02 03:05:12.293181
494,3808,5.77,2,6,89.54,True,mobile,Semarang,False,2026-02-07 02:43:36.293181,2026-03-02 03:05:12.293181
494,2057,130.33,3,7,95.37,False,mobile,Surabaya,False,2026-02-09 06:50:17.293181,2026-03-02 03:05:12.293181
494,1848,11.98,3,7,91.02,False,mobile,Medan,False,2026-02-11 04:16:42.293181,2026-03-02 03:05:12.293181
494,3530,549.67,3,6,175.09,True,mobile,Surabaya,False,2026-02-15 12:41:27.293181,2026-03-02 03:05:12.293181
494,4437,28.72,3,7,154.18,False,web,Jakarta,False,2026-02-18 03:19:09.293181,2026-03-02 03:05:12.293181
494,1059,34.86,3,8,139.27,False,web,Bandung,False,2026-02-19 13:53:55.293181,2026-03-02 03:05:12.293181
494,1052,132.28,1,8,138.44,True,mobile,Medan,False,2026-03-01 08:48:56.293181,2026-03-02 03:05:12.293181
495,4542,247.05,1,1,247.05,False,mobile,Bandung,False,2026-01-14 15:55:32.293181,2026-03-02 03:05:12.293181
495,1852,13.65,1,2,130.35,False,web,Bandung,False,2026-01-21 17:52:17.293181,2026-03-02 03:05:12.293181
495,4080,70.25,2,3,110.32,False,web,Medan,False,2026-01-21 19:32:45.293181,2026-03-02 03:05:12.293181
495,3082,8.42,1,4,84.84,False,web,Semarang,False,2026-02-06 20:53:34.293181,2026-03-02 03:05:12.293181
495,1617,95.9,2,5,87.05,True,mobile,Surabaya,False,2026-02-07 11:16:27.293181,2026-03-02 03:05:12.293181
495,2333,28.2,3,6,77.24,False,mobile,Medan,False,2026-02-09 01:02:45.293181,2026-03-02 03:05:12.293181
495,2623,79.57,4,7,77.58,False,mobile,Jakarta,False,2026-02-09 05:07:34.293181,2026-03-02 03:05:12.293181
495,2643,90.22,1,6,62.09,False,mobile,Jakarta,False,2026-02-20 19:31:18.293181,2026-03-02 03:05:12.293181
495,1122,129.05,2,6,71.89,False,mobile,Bandung,False,2026-02-23 11:35:43.293181,2026-03-02 03:05:12.293181
495,1274,26.18,3,7,65.36,False,mobile,Semarang,False,2026-02-23 15:14:17.293181,2026-03-02 03:05:12.293181
495,3242,19.38,4,8,59.62,False,mobile,Medan,False,2026-02-26 01:26:42.293181,2026-03-02 03:05:12.293181
495,4669,29.93,4,9,56.32,True,web,Jakarta,False,2026-03-01 18:28:33.293181,2026-03-02 03:05:12.293181
496,4514,64.04,1,1,64.04,False,mobile,Surabaya,False,2025-12-31 21:52:17.293181,2026-03-02 03:05:12.293181
496,4539,100.68,2,2,82.36,False,mobile,Semarang,False,2025-12-31 23:15:50.293181,2026-03-02 03:05:12.293181
496,4439,21.57,1,3,62.1,True,mobile,Bandung,False,2026-01-11 03:06:39.293181,2026-03-02 03:05:12.293181
496,3364,31.92,2,4,54.55,False,mobile,Bandung,False,2026-01-16 01:15:04.293181,2026-03-02 03:05:12.293181
496,1965,48.33,3,5,53.31,False,web,Surabaya,False,2026-01-16 01:56:07.293181,2026-03-02 03:05:12.293181
496,2526,288.78,1,6,92.55,False,mobile,Bandung,False,2026-01-28 11:41:18.293181,2026-03-02 03:05:12.293181
496,2161,10.92,2,7,80.89,False,web,Semarang,False,2026-01-30 04:07:30.293181,2026-03-02 03:05:12.293181
496,1859,58.2,3,6,76.62,True,mobile,Surabaya,False,2026-01-31 12:09:13.293181,2026-03-02 03:05:12.293181
496,1839,9.16,3,7,66.98,False,web,Bandung,False,2026-02-05 07:02:58.293181,2026-03-02 03:05:12.293181
496,3954,109.27,4,8,72.27,False,mobile,Medan,False,2026-02-05 19:39:07.293181,2026-03-02 03:05:12.293181
496,3007,188.01,4,9,85.13,False,mobile,Jakarta,False,2026-02-06 09:47:04.293181,2026-03-02 03:05:12.293181
496,429,32.29,1,9,86.32,False,mobile,Jakarta,False,2026-02-13 13:08:26.293181,2026-03-02 03:05:12.293181
496,676,21.38,2,8,89.75,False,mobile,Semarang,False,2026-02-18 22:56:32.293181,2026-03-02 03:05:12.293181
496,4446,18.58,2,9,81.84,False,web,Jakarta,False,2026-02-23 00:04:41.293181,2026-03-02 03:05:12.293181
496,4927,85.85,2,8,65.34,True,web,Semarang,False,2026-03-01 19:41:08.293181,2026-03-02 03:05:12.293181
497,1640,13.9,1,1,13.9,False,mobile,Surabaya,False,2026-01-14 01:17:29.293181,2026-03-02 03:05:12.293181
497,1471,186.07,1,2,99.98,False,web,Bandung,False,2026-01-23 09:46:58.293181,2026-03-02 03:05:12.293181
497,391,59.06,2,3,86.34,True,mobile,Medan,False,2026-01-24 18:30:26.293181,2026-03-02 03:05:12.293181
497,1442,68.9,2,4,81.98,False,web,Bandung,False,2026-01-30 20:28:29.293181,2026-03-02 03:05:12.293181
497,2611,101.84,2,5,85.95,True,mobile,Bandung,False,2026-02-01 14:04:28.293181,2026-03-02 03:05:12.293181
497,1635,34.51,3,6,77.38,False,mobile,Bandung,False,2026-02-02 16:32:10.293181,2026-03-02 03:05:12.293181
497,691,39.05,4,7,71.9,False,mobile,Semarang,False,2026-02-05 14:01:50.293181,2026-03-02 03:05:12.293181
497,4291,12.91,1,5,51.44,True,mobile,Medan,False,2026-03-01 10:27:03.293181,2026-03-02 03:05:12.293181
498,4915,43.83,1,1,43.83,False,mobile,Surabaya,False,2026-01-02 18:08:01.293181,2026-03-02 03:05:12.293181
498,3922,94.33,2,2,69.08,False,mobile,Jakarta,False,2026-01-05 12:36:51.293181,2026-03-02 03:05:12.293181
498,3367,79.77,3,3,72.64,False,web,Semarang,False,2026-01-07 23:02:53.293181,2026-03-02 03:05:12.293181
498,3064,54.07,4,4,68.0,False,mobile,Semarang,False,2026-01-09 16:49:37.293181,2026-03-02 03:05:12.293181
498,1826,6.53,1,5,55.71,False,mobile,Semarang,False,2026-01-23 19:44:05.293181,2026-03-02 03:05:12.293181
498,2224,67.1,2,6,57.6,False,web,Medan,True,2026-01-28 01:35:36.293181,2026-03-02 03:05:12.293181
498,1977,294.35,2,7,91.43,True,mobile,Semarang,False,2026-02-01 08:39:51.293181,2026-03-02 03:05:12.293181
498,219,96.56,3,7,98.96,False,web,Jakarta,False,2026-02-02 12:42:19.293181,2026-03-02 03:05:12.293181
498,192,80.42,3,6,99.84,True,mobile,Semarang,False,2026-02-07 12:39:36.293181,2026-03-02 03:05:12.293181
498,601,36.62,2,6,96.93,False,mobile,Surabaya,False,2026-02-10 21:00:21.293181,2026-03-02 03:05:12.293181
498,2412,50.03,2,7,90.23,False,mobile,Bandung,False,2026-02-16 11:15:39.293181,2026-03-02 03:05:12.293181
499,1771,179.78,1,1,179.78,False,mobile,Semarang,False,2026-01-06 05:04:12.293181,2026-03-02 03:05:12.293181
499,617,254.48,2,2,217.13,True,mobile,Medan,False,2026-01-11 01:43:35.293181,2026-03-02 03:05:12.293181
499,3451,56.48,3,3,163.58,False,mobile,Semarang,False,2026-01-12 03:23:10.293181,2026-03-02 03:05:12.293181
499,67,29.46,1,4,130.05,False,mobile,Bandung,False,2026-01-26 07:30:41.293181,2026-03-02 03:05:12.293181
499,4276,69.21,2,5,117.88,False,mobile,Jakarta,False,2026-01-28 02:49:21.293181,2026-03-02 03:05:12.293181
499,1506,93.5,3,6,113.82,True,mobile,Medan,False,2026-02-01 03:03:38.293181,2026-03-02 03:05:12.293181
499,2189,228.63,1,4,105.2,False,mobile,Surabaya,False,2026-02-12 17:43:53.293181,2026-03-02 03:05:12.293181
499,4425,68.12,1,5,97.78,False,mobile,Bandung,False,2026-02-23 14:08:25.293181,2026-03-02 03:05:12.293181
499,1253,65.79,2,4,114.01,False,mobile,Bandung,False,2026-02-27 09:31:38.293181,2026-03-02 03:05:12.293181
499,4212,32.9,3,5,97.79,False,mobile,Medan,False,2026-02-27 13:55:41.293181,2026-03-02 03:05:12.293181
499,2874,6.59,4,6,82.59,True,web,Medan,False,2026-02-28 05:35:19.293181,2026-03-02 03:05:12.293181
500,3191,21.04,1,1,21.04,False,web,Bandung,False,2026-01-06 01:18:52.293181,2026-03-02 03:05:12.293181
500,626,137.18,1,1,137.18,False,mobile,Bandung,False,2026-02-05 22:35:13.293181,2026-03-02 03:05:12.293181
500,2774,38.93,1,2,88.06,False,mobile,Bandung,False,2026-02-18 11:04:45.293181,2026-03-02 03:05:12.293181
500,3293,39.56,2,3,71.89,True,mobile,Medan,False,2026-02-22 21:02:21.293181,2026-03-02 03:05:12.293181
