house_id,event_timestamp,house_size,bedrooms,bathrooms,floors,year_built,location_score,distance_city,garage,garden,school_rating,crime_rate,house_price
1,2021-04-13,84,3,3,1,1995,6.2,23.99,0,1,9.0,0.603,411118
2,2022-03-12,161,3,2,1,2020,8.8,16.45,1,0,2.13,0.003,662925
3,2023-05-11,335,3,1,2,2000,8.01,19.49,2,1,5.8,0.208,1297310
4,2021-09-28,85,4,1,2,1994,9.58,22.32,0,1,9.64,0.23,540141
5,2021-04-17,266,1,1,1,2013,1.58,19.1,2,0,6.39,0.247,886950
6,2021-03-13,129,4,1,1,2022,1.26,14.28,2,1,8.22,0.557,537894
7,2022-12-02,132,1,3,2,1999,2.58,12.06,0,0,4.36,0.206,503026
8,2021-01-21,114,5,2,2,2010,9.36,20.67,1,1,4.4,0.413,608008
9,2022-09-07,177,5,3,1,1994,6.45,19.41,0,1,3.93,0.173,775048
10,2021-05-02,71,1,2,1,2007,4.84,9.48,2,1,1.2,0.667,298796
11,2022-04-12,265,4,1,2,1985,5.61,12.71,2,0,9.32,0.569,1064077
12,2021-08-03,156,2,1,2,1982,8.47,16.06,2,1,4.15,0.629,693073
13,2021-11-27,158,4,1,1,2017,9.36,1.2,0,1,4.3,0.967,759009
14,2022-04-04,230,2,1,2,2002,7.57,6.57,2,1,7.84,0.399,974527
15,2021-03-29,213,4,1,2,1982,7.84,6.63,0,1,5.74,0.215,916804
16,2022-01-08,117,3,3,1,1987,3.88,22.14,0,1,4.26,0.999,438902
17,2021-04-10,341,3,2,2,1981,5.2,8.62,2,0,8.95,0.058,1323146
18,2023-05-22,229,5,3,1,1986,8.97,13.86,2,1,8.43,0.81,1029286
19,2022-10-26,230,5,1,2,1996,8.07,20.87,2,1,9.79,0.162,974351
20,2021-05-11,218,1,2,1,1986,7.16,6.86,1,0,6.77,0.665,915265
21,2022-10-24,71,2,2,2,2012,1.59,3.53,1,0,7.21,0.474,337643
22,2021-11-05,115,3,1,2,2015,1.36,23.73,1,0,3.92,0.839,354322
23,2023-02-09,70,4,2,1,1983,2.17,17.76,2,1,1.9,0.731,294229
24,2021-12-10,149,1,3,1,1995,6.23,4.84,2,0,1.95,0.172,620639
25,2022-05-07,349,4,3,2,2000,5.83,20.58,1,1,6.81,0.665,1287887
26,2022-02-18,152,3,3,1,1997,9.48,19.78,0,1,2.02,0.217,704672
27,2023-03-17,96,3,3,1,2007,7.25,21.02,1,0,9.16,0.169,511496
28,2022-01-21,88,3,2,2,2022,3.65,7.27,1,0,7.33,0.084,475839
29,2021-07-11,334,3,3,2,1995,2.45,11.49,0,0,3.04,0.114,1150588
30,2021-10-04,139,4,2,2,2001,8.65,17.5,1,1,3.51,0.704,658814
31,2021-06-10,134,1,1,1,1985,5.14,10.07,1,1,7.39,0.992,532339
32,2022-04-05,322,3,3,2,2009,6.88,2.21,1,1,8.42,0.676,1306252
33,2021-11-10,237,5,1,2,2007,6.09,3.84,0,1,8.55,0.708,1033328
34,2021-01-22,208,1,3,1,1996,1.97,15.13,0,0,6.41,0.783,730311
35,2021-09-10,292,5,1,1,2015,1.51,9.69,1,1,2.4,0.889,983195
36,2023-01-18,122,4,1,1,1991,4.39,0.63,2,1,8.37,0.268,635379
37,2023-05-07,98,3,1,2,2019,4.25,19.29,1,0,8.12,0.605,404040
38,2022-07-15,150,1,1,1,1991,7.06,10.71,0,0,8.52,0.217,686244
39,2022-04-20,51,3,1,2,2015,6.69,8.19,0,1,2.42,0.526,324300
40,2021-02-28,293,3,2,2,2019,9.72,17.98,0,1,7.16,0.209,1182145
41,2022-05-26,225,1,2,2,2008,8.72,11.65,2,1,9.64,0.064,996986
42,2022-11-13,287,3,3,2,1981,5.47,17.52,2,0,3.3,0.088,1039102
43,2022-04-21,108,3,2,1,2008,5.5,0.82,2,1,7.45,0.976,582489
44,2022-12-01,148,2,1,1,2009,7.07,0.73,1,1,3.33,0.006,682876
45,2023-02-22,51,2,2,1,2015,2.03,14.22,0,0,3.76,0.69,183144
46,2021-07-09,292,1,2,1,2004,10.0,24.56,1,0,5.37,0.887,1062580
47,2022-11-18,346,1,1,2,2000,5.67,7.17,1,0,9.05,0.394,1295120
48,2022-07-17,260,3,2,1,2001,9.19,17.23,2,1,1.35,0.708,994622
49,2023-05-26,172,5,1,2,1989,9.71,4.72,1,0,9.91,0.349,881739
50,2022-07-21,278,1,2,1,2010,6.23,8.13,2,0,7.95,0.529,1085420
51,2021-09-01,131,3,1,1,1988,1.93,2.41,2,0,4.24,0.936,547176
52,2023-04-12,193,5,3,2,2020,6.16,22.08,0,1,4.19,0.042,798182
53,2022-05-20,189,2,2,2,2018,6.38,8.11,0,0,5.35,0.267,805932
54,2021-05-11,78,1,3,2,2013,8.1,6.15,1,0,8.88,0.106,473050
55,2022-04-30,319,3,1,1,2018,1.43,18.4,1,0,1.16,0.496,1041703
56,2023-03-30,296,2,1,2,2020,5.2,5.39,0,1,5.93,0.77,1083673
57,2022-10-09,61,4,3,1,2002,9.3,6.39,1,0,1.5,0.977,415494
58,2021-01-21,155,2,1,2,1991,9.92,3.04,0,0,2.04,0.155,772188
59,2023-04-21,81,3,1,1,1986,2.72,24.09,0,1,7.22,0.044,328776
60,2021-06-16,123,5,1,2,2011,8.84,6.57,2,1,3.11,0.138,660023
61,2021-10-01,220,4,1,2,1998,2.32,24.89,0,0,1.37,0.969,659285
62,2022-01-23,118,4,1,2,2001,8.57,4.82,0,1,2.48,0.32,590756
63,2022-08-24,186,4,1,2,1995,3.5,1.01,2,0,2.88,0.267,763682
64,2021-11-12,149,1,1,1,1987,9.64,22.44,2,1,7.93,0.735,647650
65,2021-01-14,195,3,1,1,2009,7.26,14.71,2,1,6.62,0.121,848778
66,2021-08-30,58,4,3,1,1985,4.59,9.11,2,1,7.62,0.349,444849
67,2023-02-16,111,2,2,1,1981,3.53,13.08,0,0,4.33,0.145,422492
68,2021-12-12,234,5,1,2,2013,3.12,6.89,0,1,2.02,0.974,866889
69,2022-07-19,78,3,3,2,2008,7.13,16.05,0,0,8.25,0.285,425135
70,2023-06-17,163,2,1,1,2019,9.06,15.6,0,1,2.26,0.269,697075
71,2021-12-06,192,1,2,1,2021,7.79,2.46,0,0,4.44,0.634,788032
72,2021-04-02,169,4,1,1,2022,8.51,22.81,0,1,3.36,0.017,683577
73,2022-01-02,219,2,3,1,1999,8.03,11.78,2,0,3.67,0.654,942381
74,2022-03-31,206,3,3,1,1982,9.81,5.28,0,0,6.42,0.454,992578
75,2022-03-04,309,2,2,2,2014,7.82,8.03,2,0,2.48,0.184,1175850
76,2022-05-24,131,1,1,2,1987,2.89,21.72,2,0,5.01,0.486,475092
77,2023-02-15,291,5,3,1,1991,8.12,9.89,0,0,6.75,0.999,1175148
78,2021-02-04,221,4,2,1,2022,3.9,14.27,2,1,8.82,0.839,844252
79,2021-07-25,280,3,2,2,2011,9.96,23.72,0,0,4.34,0.974,1058688
80,2021-03-22,257,4,1,1,2008,4.39,16.47,1,1,3.87,0.926,936624
81,2022-07-16,124,4,3,1,2000,3.64,17.06,2,1,4.31,0.82,529338
82,2023-05-22,319,4,1,2,1982,3.15,6.59,1,1,5.51,0.335,1145243
83,2022-01-23,163,2,1,2,2017,6.93,16.87,2,1,3.82,0.73,628167
84,2021-01-02,111,2,1,2,2006,1.98,10.15,0,1,3.25,0.392,430361
85,2022-01-25,151,5,3,1,1982,9.58,22.82,0,0,4.38,0.43,670875
86,2022-07-20,259,1,2,1,1980,3.65,3.67,0,1,8.0,0.873,991895
87,2021-04-16,304,3,1,2,1999,3.66,7.5,0,0,3.28,0.205,1079562
88,2023-02-11,69,2,1,1,1986,1.41,2.12,2,0,8.6,0.297,329028
89,2023-04-02,107,4,3,1,2020,3.21,9.83,0,1,3.57,0.931,433960
90,2022-04-22,161,1,1,1,1980,4.77,4.14,1,0,6.43,0.7,663851
91,2022-12-04,245,3,2,1,1989,4.33,21.21,2,1,9.74,0.065,956647
92,2022-02-06,141,3,1,1,1991,3.46,23.16,1,0,9.57,0.122,582086
93,2022-12-31,101,3,2,2,1983,1.37,16.9,0,0,4.91,0.58,356489
94,2022-07-10,342,3,1,1,1986,3.71,3.03,0,1,1.61,0.799,1200993
95,2021-06-11,57,5,1,2,1989,8.0,8.87,0,0,9.12,0.793,471361
96,2021-07-21,349,3,1,2,2001,4.95,24.13,2,0,2.14,0.425,1153622
97,2021-09-27,147,1,2,1,2004,3.62,3.84,1,0,9.31,0.259,638363
98,2023-05-13,285,2,1,2,2008,3.74,14.13,0,1,7.59,0.788,1016435
99,2023-03-27,118,1,1,2,2018,5.99,9.15,0,1,9.41,0.944,519665
100,2021-09-28,94,4,1,1,1994,3.72,24.98,0,0,6.99,0.444,376382
101,2022-04-01,186,5,2,2,1998,6.68,7.49,2,0,9.96,0.137,890598
102,2022-04-07,283,5,1,1,2018,9.91,1.67,2,1,5.2,0.61,1255553
103,2022-12-28,81,4,3,1,1997,1.37,17.7,0,0,3.97,0.072,318591
104,2021-09-09,338,1,2,2,2021,2.52,8.51,1,1,4.54,0.612,1152056
105,2022-12-03,175,1,3,1,1982,2.61,16.61,0,1,4.15,0.173,660959
106,2021-10-23,116,4,1,2,1985,5.02,3.06,2,0,4.61,0.516,582179
107,2022-12-26,79,3,2,2,2001,1.37,13.32,0,1,8.97,0.625,372056
108,2022-12-21,163,3,2,1,2020,5.3,9.69,1,1,6.33,0.447,723951
109,2023-01-19,253,2,1,1,2010,9.36,13.65,2,0,7.53,0.827,1007760
110,2021-12-04,78,1,3,1,2000,1.1,21.41,1,1,3.59,0.375,233665
111,2023-05-29,180,1,2,1,1987,4.28,24.33,1,0,9.91,0.155,650957
112,2021-02-22,234,4,2,1,1980,7.85,18.95,0,0,3.53,0.464,896751
113,2023-03-03,302,4,2,1,1982,2.39,19.29,2,1,2.43,0.964,1037063
114,2021-08-05,335,3,2,1,2008,1.7,13.46,2,1,8.0,0.88,1171986
115,2023-02-03,111,1,2,1,1985,6.68,2.89,2,0,8.55,0.311,612657
116,2021-07-07,52,1,1,1,2012,1.09,16.84,1,1,4.54,0.243,198605
117,2022-01-15,117,5,2,1,1997,8.22,4.12,2,0,5.87,0.483,698757
118,2022-05-08,74,2,3,2,2021,1.6,6.52,1,0,4.73,0.655,342599
119,2021-02-10,228,2,2,2,1980,5.72,17.84,2,0,3.65,0.927,824828
120,2021-06-06,190,3,1,1,2001,7.66,16.6,0,0,8.32,0.613,759584
121,2021-01-15,280,1,1,1,2010,3.18,8.2,1,1,7.81,0.836,1041275
122,2023-03-24,349,5,3,1,2002,1.93,19.42,0,0,5.37,0.696,1211084
123,2021-03-06,212,1,2,1,1987,2.58,23.51,0,1,5.1,0.102,713753
124,2023-05-07,179,4,3,1,2008,8.69,13.86,0,0,2.62,0.892,765450
125,2023-04-19,295,3,3,2,1998,7.35,17.1,0,0,6.74,0.2,1103550
126,2022-06-05,346,2,3,1,1995,2.78,7.16,1,0,9.31,0.367,1278548
127,2021-12-10,221,1,3,1,1998,7.45,24.28,2,0,7.47,0.84,824825
128,2021-05-09,113,3,2,2,2016,7.38,7.21,1,1,5.56,0.979,540231
129,2022-10-10,80,2,1,1,2001,9.98,22.24,0,0,1.35,0.311,376425
130,2022-04-17,96,1,1,1,1998,4.52,23.23,0,0,9.37,0.383,382279
131,2021-03-04,179,5,2,2,1983,8.78,18.13,2,1,3.77,0.486,806709
132,2021-05-19,159,3,3,1,1984,5.02,20.38,0,0,3.7,0.498,578113
133,2022-05-14,118,1,2,1,1984,9.08,11.72,1,1,5.23,0.75,549428
134,2022-08-16,107,2,3,2,2004,1.82,23.03,1,0,4.86,0.817,342653
135,2022-01-27,155,2,3,1,2003,2.58,18.69,1,0,9.66,0.991,586864
136,2022-11-06,349,5,2,2,1980,8.65,8.51,1,0,2.49,0.804,1328641
137,2022-02-23,305,3,2,1,2007,8.37,1.36,0,0,7.2,0.3,1249511
138,2021-10-16,220,3,3,2,2000,3.75,13.75,2,0,1.96,0.358,814335
139,2022-01-14,211,1,3,2,1998,6.37,21.1,1,0,3.49,0.618,746380
140,2023-02-12,335,2,3,1,2002,4.44,21.59,0,0,7.5,0.687,1118737
141,2022-05-05,120,2,3,2,1993,1.09,20.96,1,0,8.24,0.09,451774
142,2021-08-19,304,5,2,2,1985,1.23,5.76,2,0,5.22,0.344,1081885
143,2021-02-10,104,5,1,1,2011,1.49,10.94,0,1,8.1,0.203,478283
144,2021-01-28,52,3,1,2,2011,6.35,15.54,1,0,9.42,0.508,340740
145,2021-05-15,75,2,3,2,1987,3.51,16.86,2,1,9.42,0.169,393344
146,2021-07-20,175,1,1,1,2016,2.3,8.7,0,1,4.08,0.581,592921
147,2023-04-20,102,4,1,2,2001,9.47,17.47,0,1,3.81,0.467,521420
148,2023-02-19,247,1,1,1,1987,2.09,14.98,1,1,7.54,0.404,838427
149,2021-02-02,348,5,1,2,2017,7.07,14.39,0,0,6.89,0.649,1363057
150,2021-02-17,237,1,1,2,1989,9.05,16.74,0,0,4.53,0.416,890752
151,2022-05-18,235,2,1,2,1982,2.47,15.28,1,0,3.06,0.399,807350
152,2022-02-11,347,3,3,2,1992,2.93,4.59,1,0,6.57,0.651,1256835
153,2022-07-28,253,4,3,1,2018,6.16,21.92,0,0,4.87,0.057,965612
154,2022-12-29,60,3,3,2,2009,5.58,6.39,1,1,2.19,0.432,375232
155,2023-03-16,195,4,2,1,1983,5.69,18.74,1,1,6.75,0.195,797742
156,2021-04-09,134,4,1,1,1985,5.99,4.82,0,1,7.28,0.039,668524
157,2022-11-15,149,2,1,2,1995,9.55,16.69,1,0,4.28,0.035,676419
158,2023-05-22,153,2,2,1,2001,1.48,22.44,2,0,8.49,0.168,574218
159,2022-12-27,95,5,1,2,2006,7.84,0.74,0,1,1.66,0.434,531055
160,2022-07-01,93,5,3,1,2000,3.09,24.5,0,1,5.46,0.567,350995
161,2023-01-09,327,4,3,2,2008,4.36,1.23,2,1,9.61,0.796,1289491
162,2022-09-05,230,5,2,1,1980,1.8,0.78,1,1,2.71,0.608,889727
163,2022-04-07,236,2,3,1,2009,5.01,21.51,1,0,2.55,0.52,818083
164,2022-10-05,163,5,2,2,2003,8.24,17.86,1,1,4.41,0.036,785190
165,2023-02-08,304,4,3,2,1992,1.89,3.09,0,1,3.41,0.298,1150315
166,2021-01-05,79,3,1,1,2009,3.48,23.47,1,1,2.99,0.692,272186
167,2021-08-06,313,1,3,1,2005,4.36,16.96,1,1,9.55,0.271,1181008
168,2022-05-18,147,5,2,1,2013,1.94,3.22,0,1,4.1,0.594,625652
169,2023-02-06,164,2,1,1,1999,7.86,21.58,0,0,1.54,0.604,591223
170,2022-02-02,325,3,2,1,1985,8.08,12.28,1,1,9.1,0.305,1296505
171,2023-05-21,330,2,1,1,2022,8.52,7.31,2,1,5.03,0.572,1278377
172,2023-03-06,324,5,1,2,1988,6.26,20.71,0,1,7.62,0.114,1206750
173,2022-01-28,310,4,3,2,2016,5.57,18.59,2,1,4.31,0.727,1131481
174,2021-07-26,256,1,3,2,2016,3.36,15.76,2,0,9.42,0.023,967488
175,2021-01-15,260,1,1,1,1995,6.9,22.51,0,1,3.59,0.035,919362
176,2023-05-08,264,3,3,1,1983,5.0,21.6,2,1,6.96,0.87,967984
177,2022-07-08,89,1,3,2,2011,9.74,6.06,1,0,8.42,0.58,556735
178,2023-06-11,75,4,2,2,1999,9.71,22.03,2,0,3.14,0.163,442426
179,2022-04-06,76,2,3,2,2008,9.15,9.66,1,1,8.21,0.602,532123
180,2022-11-22,239,4,1,2,2010,4.24,11.08,0,0,8.13,0.37,908041
181,2022-07-29,132,3,3,2,1996,4.31,24.32,1,0,9.68,0.27,556927
182,2023-05-14,219,3,1,2,2020,8.67,19.12,0,0,9.31,0.811,856688
183,2023-01-13,216,1,1,2,2004,7.56,8.38,2,0,4.5,0.477,854485
184,2021-08-29,237,4,2,2,1995,7.34,16.37,0,0,6.31,0.293,926270
185,2022-07-18,218,2,1,1,1999,3.52,13.71,1,1,9.33,0.944,840019
186,2021-04-06,338,4,1,2,2021,8.5,3.36,0,0,1.04,0.165,1312237
187,2023-06-19,278,2,2,2,1989,6.21,22.25,2,0,6.65,0.142,1018203
188,2023-01-04,146,2,1,2,2002,5.02,20.64,2,0,2.94,0.097,510242
189,2022-04-30,65,4,2,1,2012,8.79,19.55,1,1,7.65,0.124,427152
190,2022-02-11,328,5,1,2,2022,4.55,14.2,1,0,8.17,0.253,1245042
191,2021-08-19,184,4,3,1,1992,6.89,5.91,0,1,7.42,0.699,850963
192,2023-01-19,75,2,2,1,2004,5.19,22.16,1,0,9.96,0.672,328940
193,2022-10-17,61,3,2,1,2016,6.33,9.15,0,1,5.31,0.763,345593
194,2021-06-20,121,3,1,1,2015,1.36,0.99,1,1,6.05,0.576,554820
195,2022-06-25,182,1,2,1,2003,5.15,24.55,2,1,4.68,0.493,679155
196,2021-02-05,155,3,1,2,1985,6.01,21.6,2,0,9.77,0.432,657756
197,2022-06-09,269,5,2,2,1994,5.43,15.76,1,1,9.3,0.875,1060621
198,2021-06-09,226,2,2,1,2013,8.63,0.8,0,1,9.88,0.344,1029599
199,2023-04-19,331,4,3,1,1983,3.8,6.08,2,1,9.86,0.892,1256710
200,2022-11-30,182,4,1,1,1993,8.96,11.58,0,0,9.06,0.276,863407
201,2021-08-31,71,5,3,1,1983,4.63,15.89,2,1,9.38,0.157,453580
202,2021-03-27,318,3,2,1,2007,7.25,17.85,1,0,2.08,0.255,1173476
203,2023-03-07,210,2,1,2,2008,1.78,19.81,1,1,2.56,0.499,665545
204,2022-08-01,156,3,3,1,1997,2.8,14.11,1,0,8.97,0.926,624600
205,2022-11-13,328,1,2,1,1999,7.85,16.58,2,0,7.54,0.177,1229874
206,2022-07-11,284,3,3,1,2020,1.11,20.38,1,1,8.87,0.58,988120
207,2022-07-28,67,1,2,2,2011,9.72,18.14,1,0,7.93,0.218,443698
208,2022-10-08,291,4,2,2,1987,2.72,23.89,1,1,2.26,0.678,952665
209,2023-03-07,166,2,1,2,2022,9.11,21.93,0,0,9.25,0.465,750791
210,2021-01-28,335,1,1,1,1992,5.64,4.65,1,0,7.94,0.734,1227090
211,2022-09-12,331,3,1,1,2019,6.08,23.71,0,1,6.14,0.856,1154998
212,2022-07-10,193,3,2,2,2022,1.76,5.5,0,0,5.79,0.335,760651
213,2021-12-06,254,4,3,2,1988,4.29,24.79,2,0,6.16,0.938,933575
214,2023-03-09,88,5,1,2,2019,2.41,17.68,1,0,4.51,0.468,367616
215,2021-11-27,203,5,1,1,2012,5.73,15.87,2,0,8.23,0.937,829817
216,2022-10-02,225,3,1,1,1991,5.96,8.45,1,0,9.18,0.231,936710
217,2022-05-21,290,5,1,2,2016,7.39,3.76,0,0,3.28,0.897,1164767
218,2021-12-14,183,2,2,2,2004,8.9,3.59,2,1,1.34,0.334,845495
219,2022-04-18,95,5,3,1,2004,5.21,21.73,0,1,2.83,0.751,439772
220,2021-08-19,99,2,2,2,1995,3.1,11.09,1,1,7.82,0.968,461699
221,2021-07-09,215,3,2,1,1995,4.0,14.22,2,1,8.82,0.912,845959
222,2021-08-13,155,3,2,2,2018,8.62,23.33,1,0,4.14,0.464,639310
223,2022-01-20,265,3,1,1,2014,2.31,6.76,2,1,2.37,0.345,959955
224,2022-01-12,195,4,3,1,2002,6.65,19.22,1,0,8.73,0.613,820072
225,2021-10-10,121,5,2,2,1987,1.12,12.03,0,1,2.93,0.706,454798
226,2022-09-25,322,1,2,1,1982,3.21,5.71,0,0,3.18,0.54,1103983
227,2022-09-20,296,1,2,1,2003,6.32,21.4,2,0,1.83,0.848,1015103
228,2023-01-15,235,3,1,2,2022,5.11,17.16,1,1,9.19,0.058,938541
229,2021-09-16,119,5,1,1,2001,5.44,2.83,1,0,3.94,0.6,567989
230,2021-12-25,199,2,2,2,1993,6.95,13.77,0,0,2.55,0.525,769219
231,2022-12-11,295,1,1,1,2001,3.11,21.37,2,1,9.58,0.039,1071475
232,2022-04-01,311,3,3,2,2013,3.53,2.14,1,0,4.02,0.013,1164829
233,2022-02-15,75,1,1,1,2015,7.16,10.7,1,0,7.73,0.606,437409
234,2022-10-11,189,1,2,1,2010,5.84,20.23,0,1,3.07,0.118,676869
235,2021-11-14,148,1,3,2,2000,1.13,21.53,1,0,7.54,0.769,491876
236,2022-11-08,327,3,1,2,1984,7.03,19.5,0,1,3.09,0.949,1112729
237,2021-08-13,100,3,2,1,1998,6.58,7.99,2,0,6.74,0.177,563025
238,2023-03-30,200,4,3,2,2021,1.71,12.92,1,0,4.97,0.799,721953
239,2021-08-22,153,4,3,2,2000,7.73,18.66,1,1,8.19,0.591,682073
240,2022-11-15,138,4,3,1,1981,5.7,4.24,0,1,7.57,0.448,683186
241,2022-10-26,190,1,1,2,1982,2.84,15.08,0,1,9.42,0.65,722503
242,2023-04-07,262,5,3,1,2009,6.03,18.15,1,0,4.39,0.802,1006078
243,2022-01-09,282,3,1,2,2013,6.36,21.32,0,0,7.79,0.971,1013529
244,2022-11-03,232,4,2,1,2004,9.28,3.24,0,1,9.72,0.66,1079486
245,2022-08-31,300,5,1,2,2014,7.68,8.58,2,0,4.03,0.747,1200287
246,2022-04-17,58,4,1,1,2008,3.72,13.77,0,1,3.61,0.608,313793
247,2021-08-21,128,4,2,1,1991,2.06,17.68,1,1,7.92,0.565,509260
248,2022-11-23,101,5,1,2,2002,8.68,18.39,0,1,5.01,0.065,558196
249,2021-04-23,318,4,1,2,2007,8.61,6.7,1,0,4.59,0.155,1280911
250,2023-04-10,275,1,2,1,1996,2.58,0.84,1,1,5.91,0.379,1026563
251,2022-05-12,100,1,3,2,1995,1.56,17.5,0,0,9.42,0.65,369750
252,2022-03-18,235,1,2,1,1988,7.41,22.77,1,0,1.75,0.076,878140
253,2022-07-18,83,2,3,1,1982,7.5,20.04,2,0,5.19,0.544,427610
254,2021-09-25,340,4,1,2,2001,2.59,15.75,2,1,1.99,0.013,1154092
255,2022-05-25,279,2,2,2,2010,7.01,24.45,1,0,8.95,0.766,964560
256,2023-03-18,180,3,3,2,1993,3.51,11.11,2,0,2.23,0.667,700123
257,2022-01-21,169,5,1,1,1982,3.35,13.36,0,0,1.81,0.521,614843
258,2022-01-22,296,3,1,2,2017,3.92,0.8,0,1,9.67,0.571,1151746
259,2021-04-23,241,2,1,2,2002,5.68,23.68,0,0,6.07,0.933,833866
260,2022-09-05,259,1,3,2,2000,8.24,14.79,1,1,8.43,0.907,1079456
261,2022-09-17,152,4,3,1,2003,5.49,10.07,0,1,5.23,0.793,696274
262,2021-03-22,182,4,3,2,2011,3.68,1.59,0,1,4.92,0.336,782355
263,2022-11-30,188,1,1,2,1984,8.96,9.38,1,0,9.2,0.107,862034
264,2021-04-23,170,4,3,1,2012,1.5,0.59,2,1,9.91,0.321,759353
265,2021-01-02,143,5,2,2,1998,8.17,8.45,0,0,6.57,0.752,722277
266,2022-10-04,178,5,3,1,2013,8.06,23.81,1,0,9.26,0.611,773196
267,2021-08-08,140,5,3,2,1982,3.28,4.28,2,1,8.76,0.706,685452
268,2022-07-20,141,3,1,1,2018,2.78,13.86,2,0,5.9,0.105,563719
269,2023-05-05,112,1,2,1,2007,8.87,5.07,2,0,9.47,0.158,623328
270,2023-01-06,78,5,2,1,1990,6.03,19.69,0,1,2.89,0.664,370429
271,2021-08-13,259,2,2,2,1989,1.41,14.28,2,0,8.96,0.372,877871
272,2022-01-20,61,5,3,2,2019,9.02,5.45,2,0,3.78,0.369,487025
273,2022-02-07,346,3,1,1,1981,4.14,21.72,2,1,1.27,0.393,1184421
274,2022-09-30,179,2,3,2,2018,4.08,19.71,0,0,8.08,0.796,702708
275,2021-05-10,342,1,1,2,2006,6.79,23.81,1,0,9.37,0.699,1232353
276,2021-02-22,222,1,2,2,1988,6.95,0.52,2,1,2.95,0.106,928395
277,2022-11-15,257,5,3,1,2018,4.18,11.7,1,1,5.81,0.344,1016892
278,2022-12-31,73,2,1,2,1980,2.29,25.0,2,1,7.74,0.674,265675
279,2022-11-03,148,2,3,1,2012,5.97,20.37,2,1,3.98,0.976,577739
280,2022-12-11,188,5,1,1,2017,6.63,20.87,0,0,2.32,0.912,720736
281,2022-02-20,223,5,2,2,2012,8.74,15.72,2,0,4.53,0.248,944621
282,2021-09-04,78,4,3,2,1982,5.36,17.97,2,0,5.11,0.066,451347
283,2023-04-16,192,4,2,1,2011,6.81,20.23,1,1,7.68,0.573,802424
284,2022-03-15,91,5,3,2,1992,1.49,2.76,0,1,2.79,0.406,415750
285,2021-07-22,348,3,3,2,2000,9.05,17.47,1,0,8.34,0.183,1362045
286,2021-07-03,257,4,1,1,1983,3.94,20.48,1,1,5.52,0.652,923980
287,2021-05-03,241,5,1,2,1996,6.69,1.5,1,1,9.14,0.16,1099898
288,2022-02-05,209,2,1,1,2021,9.24,7.78,1,1,6.09,0.351,932554
289,2023-02-06,113,4,2,1,1983,8.29,8.44,0,0,5.02,0.795,576255
290,2021-10-21,292,3,2,2,1999,6.74,21.44,2,0,3.58,0.684,1041491
291,2021-10-07,307,1,3,1,1991,7.33,19.62,0,1,1.96,0.607,1121869
292,2023-04-17,201,2,1,2,2005,9.29,16.58,2,0,4.35,0.931,806540
293,2023-06-03,264,3,2,2,2015,8.31,20.22,2,1,4.72,0.125,1021707
294,2022-09-02,215,3,3,2,1995,6.49,11.61,1,1,6.11,0.691,876391
295,2021-07-17,80,3,2,1,1986,6.93,21.93,2,0,8.74,0.117,404688
296,2022-05-26,281,2,3,1,2012,2.33,6.24,0,1,5.17,0.136,1001113
297,2023-01-22,331,3,1,1,1981,5.23,17.76,2,0,3.83,0.506,1151634
298,2021-05-24,78,1,3,2,2012,3.71,6.42,0,1,8.86,0.024,417565
299,2022-09-01,244,4,3,2,1993,4.89,1.48,0,1,7.61,0.501,1013918
300,2021-07-20,305,2,1,1,1999,6.96,7.46,0,0,3.76,0.009,1168784
301,2021-05-04,330,3,1,2,2016,2.34,12.58,2,1,2.5,0.602,1140802
302,2021-07-06,343,5,3,2,2006,1.16,21.16,1,1,3.62,0.312,1142807
303,2021-11-22,136,4,2,1,2021,4.57,12.97,0,1,2.11,0.083,611250
304,2022-04-09,198,2,1,1,2000,3.9,4.89,1,0,9.13,0.781,790092
305,2021-12-15,298,5,3,1,1981,4.78,24.82,0,1,6.51,0.39,1091245
306,2023-02-10,332,5,1,2,2022,9.38,7.12,2,0,8.77,0.444,1362731
307,2022-10-22,247,3,1,2,1995,7.36,24.64,0,1,8.38,0.374,937853
308,2023-02-03,93,2,2,2,1998,3.95,23.44,2,0,2.38,0.084,388032
309,2022-02-07,77,3,1,1,1983,2.61,13.79,2,1,4.99,0.46,319534
310,2021-12-12,66,1,3,1,1989,6.57,2.75,2,1,9.75,0.665,474346
311,2022-05-26,176,5,3,1,2001,6.92,17.54,2,1,3.1,0.903,733831
312,2021-05-27,217,1,1,1,1991,5.35,21.22,1,0,1.45,0.764,676596
313,2021-05-28,293,3,1,2,1981,2.91,11.41,2,1,4.11,0.079,1026862
314,2023-05-14,125,4,2,1,1981,1.26,6.36,0,1,5.6,0.166,545373
315,2022-12-12,280,5,2,2,2020,3.39,20.17,1,0,1.5,0.045,947197
316,2023-03-31,253,4,2,1,2013,5.11,13.85,1,1,4.84,0.119,960651
317,2022-05-04,297,2,3,2,1997,8.09,5.34,1,1,3.28,0.481,1198217
318,2022-10-02,263,5,2,1,1995,8.68,23.76,1,0,2.91,0.22,1034812
319,2022-07-05,264,1,3,2,1998,4.72,23.73,0,0,3.38,0.648,877222
320,2021-12-04,207,4,2,2,2004,8.17,9.49,2,1,1.95,0.032,883058
321,2023-05-22,118,2,3,1,2009,9.94,2.07,0,1,1.69,0.857,601345
322,2022-10-03,134,5,1,2,1985,7.45,15.95,2,1,6.36,0.678,616689
323,2023-02-18,316,2,3,1,2006,7.56,8.27,1,1,9.53,0.969,1251386
324,2022-04-18,118,1,1,2,1994,9.19,2.13,1,1,8.24,0.953,646613
325,2021-05-31,148,5,3,1,2010,4.04,22.35,1,1,8.51,0.693,614037
326,2022-02-19,265,2,3,1,2001,1.1,24.95,1,0,7.62,0.158,899206
327,2021-10-25,210,3,1,1,1991,9.88,9.08,2,1,9.6,0.222,1018920
328,2022-09-03,143,5,3,2,1989,5.41,18.75,1,1,9.55,0.278,685701
329,2021-09-20,223,5,3,2,2000,8.07,2.11,2,0,8.0,0.427,1021302
330,2023-02-03,214,5,2,1,2010,8.31,9.56,1,0,7.44,0.571,956039
331,2021-05-24,164,5,1,2,2015,4.58,3.16,0,1,3.75,0.683,733100
332,2021-12-12,269,3,1,1,1989,5.87,1.86,1,0,1.82,0.076,1034621
333,2022-09-16,80,1,2,2,1998,5.86,14.93,2,0,1.84,0.611,332513
334,2022-07-26,60,3,2,1,2002,2.98,20.15,2,0,7.63,0.059,324957
335,2023-05-31,179,3,1,1,1989,2.06,11.6,0,0,1.26,0.827,562539
336,2021-01-02,154,2,1,1,2006,5.89,13.34,2,0,8.35,0.04,679419
337,2023-06-16,76,4,1,1,2022,2.08,7.13,0,0,4.3,0.39,331897
338,2021-10-31,276,4,2,1,1981,4.11,18.54,1,0,2.73,0.42,963813
339,2021-09-11,51,2,2,2,1990,2.67,9.35,1,0,4.67,0.57,285146
340,2022-10-14,150,3,3,2,1987,7.36,2.15,1,1,7.33,0.095,770002
341,2022-03-29,70,2,2,2,1998,8.85,4.55,2,0,3.48,0.933,444681
342,2021-02-06,107,5,3,2,1995,6.2,3.65,1,0,2.56,0.383,595499
343,2021-06-09,229,2,3,1,1983,4.69,11.18,1,1,7.64,0.396,883977
344,2021-01-09,69,2,2,1,1993,9.97,2.1,1,1,8.93,0.243,571069
345,2021-08-21,304,5,2,1,2001,1.19,20.26,1,0,6.27,0.781,1018527
346,2021-04-09,87,4,2,2,1996,3.74,22.75,1,1,5.71,0.008,368916
347,2022-10-21,197,5,2,1,2022,3.51,6.59,2,1,7.79,0.106,850672
348,2023-03-27,74,1,1,2,2005,4.21,12.39,2,0,7.59,0.471,352763
349,2021-07-27,170,2,2,2,2014,3.08,13.22,2,0,1.06,0.968,585122
350,2021-05-11,75,2,3,2,2015,3.38,24.63,2,1,3.54,0.036,293889
351,2022-02-08,218,4,3,1,2009,3.32,2.11,1,0,9.39,0.062,935159
352,2021-06-01,274,3,1,2,2000,5.55,16.86,2,1,9.64,0.715,1018804
353,2021-02-23,50,5,1,2,1999,4.52,8.97,0,0,5.59,0.735,299304
354,2021-04-30,310,3,2,2,2021,6.75,12.79,1,0,6.04,0.897,1131290
355,2022-11-04,62,1,1,2,2005,5.63,5.82,1,0,1.01,0.577,301324
356,2022-09-20,97,5,2,2,1991,2.65,4.43,0,1,7.05,0.404,482789
357,2022-08-10,340,1,2,1,1987,8.29,6.47,2,0,2.91,0.451,1326094
358,2022-09-17,143,1,1,2,2014,5.25,2.25,0,1,2.15,0.432,600078
359,2022-02-24,310,1,1,2,2008,2.38,7.31,2,1,3.74,0.974,1020224
360,2022-02-26,327,5,3,2,2021,2.5,17.41,0,1,6.98,0.38,1165044
361,2021-04-14,254,5,1,1,1986,8.17,16.46,1,0,4.93,0.096,1043479
362,2023-05-02,234,4,1,2,1989,7.33,14.09,2,1,4.14,0.29,955501
363,2021-09-11,224,2,1,1,2018,5.56,0.51,2,0,7.54,0.96,881489
364,2021-08-15,118,3,3,2,1999,3.75,3.58,2,0,8.32,0.428,573714
365,2021-04-22,153,3,2,1,2007,5.14,21.15,1,1,8.82,0.316,655255
366,2022-05-25,295,1,3,1,1993,6.73,7.16,2,1,5.0,0.311,1161784
367,2022-04-18,210,5,1,1,1991,8.91,22.85,0,0,7.46,0.009,901253
368,2021-04-09,249,5,1,2,1987,6.0,21.93,2,1,8.97,0.633,971960
369,2021-06-02,265,1,1,2,1986,3.49,4.3,2,1,9.18,0.724,987828
370,2023-05-11,261,2,2,2,1984,1.38,22.5,1,0,5.43,0.353,821529
371,2023-06-15,65,3,3,2,1980,2.58,15.88,0,1,4.2,0.873,295071
372,2023-05-28,254,4,3,1,1988,6.85,15.94,0,0,9.1,0.743,1057151
373,2021-12-04,88,2,2,2,1997,2.44,21.39,0,0,3.35,0.601,289100
374,2022-12-07,138,5,3,2,2022,5.33,10.42,2,0,8.17,0.704,687185
375,2023-04-02,305,1,2,1,2021,7.29,18.51,2,0,9.18,0.769,1120130
376,2021-06-12,303,3,2,1,1989,3.77,16.86,1,0,7.66,0.527,1085142
377,2022-12-21,265,1,3,1,1980,7.02,19.4,1,0,7.12,0.398,997300
378,2022-11-12,221,5,3,1,1999,6.23,16.67,2,0,1.46,0.126,891249
379,2021-06-10,186,1,2,2,2022,4.95,2.46,0,0,2.83,0.405,731722
380,2022-08-03,227,3,3,2,2008,9.08,7.67,0,0,7.0,0.55,1047191
381,2023-03-12,126,1,2,1,1981,7.23,23.53,2,0,8.07,0.948,535852
382,2022-02-02,237,3,3,1,2005,4.25,5.97,0,1,1.57,0.155,940465
383,2021-10-04,64,1,3,2,1990,8.24,12.07,0,1,1.17,0.757,357916
384,2023-03-27,341,1,3,1,2004,7.64,9.24,2,1,3.8,0.241,1258841
385,2022-05-19,263,3,3,1,2013,8.13,2.61,1,0,6.8,0.957,1112036
386,2023-06-15,257,1,3,1,2020,6.77,4.94,2,0,5.61,0.595,1048695
387,2022-01-27,218,2,1,2,1980,4.41,7.52,1,1,1.08,0.433,830469
388,2021-05-15,329,4,1,2,2010,4.14,11.85,0,0,2.36,0.347,1154365
389,2021-07-14,195,2,3,2,2017,6.89,21.93,1,0,7.77,0.202,759295
390,2022-02-05,312,4,3,1,2001,2.18,13.13,1,1,3.68,0.714,1091124
391,2022-10-02,53,2,3,2,1981,8.38,16.47,2,0,2.05,0.636,300863
392,2021-02-02,139,4,2,1,1980,4.33,10.94,0,1,1.46,0.89,575982
393,2022-11-19,109,1,1,2,2003,6.67,21.82,0,1,8.65,0.597,475147
394,2022-04-05,65,3,2,1,2015,5.49,16.73,0,1,5.24,0.17,345261
395,2023-06-02,276,3,1,1,2015,5.67,2.72,1,0,5.53,0.683,1085292
396,2022-04-15,78,5,1,2,2013,7.64,12.2,1,0,1.55,0.879,444572
397,2022-01-10,200,4,3,2,1988,6.64,20.77,2,1,5.4,0.99,817633
398,2021-01-22,294,5,3,1,1991,3.25,18.47,0,1,6.81,0.685,1110333
399,2023-01-20,319,5,2,1,1999,1.67,22.68,0,0,2.11,0.29,1029479
400,2022-11-01,128,4,2,1,1983,8.56,6.08,1,1,9.12,0.565,733339
401,2021-02-07,338,3,3,1,1994,8.96,24.44,1,1,8.05,0.515,1262267
402,2021-08-18,202,4,3,1,1983,2.48,7.48,1,0,8.22,0.512,853978
403,2021-12-31,326,1,1,2,1984,3.79,1.73,0,0,5.83,0.079,1201221
404,2022-07-17,328,5,1,1,1989,3.54,12.64,0,1,4.01,0.195,1177020
405,2022-03-14,106,5,3,2,2019,9.44,3.2,2,0,6.76,0.524,655765
406,2023-02-15,235,4,1,2,2015,2.84,17.19,2,0,3.03,0.798,795401
407,2021-10-10,142,5,2,2,2014,2.5,22.56,0,1,2.23,0.182,510200
408,2021-01-27,325,3,1,2,1980,2.64,23.07,2,1,5.84,0.164,1112773
409,2021-08-14,207,5,3,1,1997,7.57,15.37,1,0,5.31,0.76,872999
410,2021-10-04,324,4,1,2,2010,8.99,13.61,2,0,2.35,0.691,1217388
411,2023-03-09,230,3,3,2,1985,4.54,24.85,1,0,5.77,0.485,847229
412,2022-09-01,126,3,1,2,1985,2.22,14.7,2,0,5.92,0.05,464395
413,2021-10-11,200,5,2,1,2021,6.27,23.22,0,0,8.84,0.473,820405
414,2023-05-29,287,4,2,2,1998,2.89,22.96,1,0,7.83,0.835,994184
415,2022-04-26,338,5,3,2,2011,1.58,7.59,2,0,2.96,0.011,1228310
416,2022-03-29,280,1,3,2,2021,8.98,0.84,0,1,8.36,0.103,1218122
417,2023-04-09,67,1,3,1,2009,8.84,11.26,1,1,9.72,0.809,447664
418,2023-03-27,122,3,1,1,2005,9.78,21.6,1,0,7.45,0.525,573655
419,2022-10-21,238,5,1,1,1982,5.27,20.99,0,1,8.08,0.662,901498
420,2022-05-31,66,1,1,2,2012,3.65,15.29,0,0,3.4,0.745,225018
421,2022-07-01,68,2,2,1,2010,7.93,4.34,1,0,9.93,0.3,489130
422,2021-07-11,268,1,3,1,1999,2.62,3.14,0,0,2.59,0.298,971090
423,2021-02-18,169,5,1,1,1983,3.19,23.89,2,1,7.76,0.264,661638
424,2022-05-27,150,5,2,2,2011,3.3,10.82,2,1,4.56,0.167,653854
425,2021-01-17,83,1,3,1,1997,9.56,16.38,1,1,4.21,0.305,476214
426,2021-06-21,133,5,2,2,1989,7.57,22.69,1,0,3.57,0.953,557955
427,2021-08-08,245,5,3,2,2001,2.2,21.81,2,0,4.97,0.086,905309
428,2021-06-07,251,2,1,2,1996,1.84,14.39,0,1,8.12,0.241,896799
429,2022-04-22,60,3,2,2,2021,8.59,12.45,0,0,9.47,0.318,443171
430,2021-02-15,267,5,2,1,1983,8.22,18.51,1,0,4.75,0.154,1047189
431,2022-01-08,302,4,2,1,2016,7.04,9.07,0,0,6.87,0.077,1230787
432,2022-06-02,271,3,3,2,1986,2.76,15.82,1,0,8.09,0.162,1011920
433,2021-04-09,129,3,3,2,1987,5.32,1.07,0,1,1.9,0.528,614172
434,2023-06-11,56,4,2,2,1980,6.42,20.7,0,1,9.64,0.597,396964
435,2023-01-15,321,1,3,2,1987,9.39,24.95,0,1,2.9,0.215,1184659
436,2021-02-06,276,2,2,1,1998,2.52,23.89,2,0,9.24,0.504,946179
437,2021-10-07,65,5,1,1,1996,5.64,9.32,1,1,9.88,0.006,459666
438,2021-12-15,61,1,2,2,2020,2.42,13.51,0,1,1.9,0.602,209077
439,2022-05-12,340,4,2,1,1988,4.99,6.29,0,1,9.03,0.001,1339094
440,2021-10-29,290,2,3,1,1995,2.8,7.92,2,1,6.77,0.643,1092943
441,2021-06-30,70,2,3,1,2016,8.53,11.7,2,0,8.36,0.483,493578
442,2022-08-30,227,2,3,1,2006,3.29,18.8,2,0,1.98,0.109,766050
443,2021-04-09,277,4,1,2,1981,4.75,0.94,1,1,8.51,0.088,1160261
444,2022-12-01,322,1,1,1,2015,4.67,10.15,2,1,6.63,0.007,1181513
445,2021-04-26,337,5,1,2,1991,8.8,14.13,2,0,5.6,0.552,1303302
446,2021-07-10,346,2,3,1,2014,7.82,5.77,0,1,6.04,0.807,1342151
447,2021-09-10,183,2,2,1,2010,1.52,2.42,0,1,7.7,0.857,720673
448,2021-06-10,332,1,2,2,1998,1.6,13.72,2,1,3.68,0.569,1078495
449,2021-09-13,202,2,2,1,2005,5.96,16.13,0,1,9.49,0.887,805227
450,2021-11-19,115,2,3,2,2015,4.85,16.2,0,0,3.77,0.862,417025
451,2021-05-08,186,4,3,1,1983,3.48,9.24,2,1,8.89,0.698,810528
452,2021-01-18,141,3,1,2,2022,8.13,6.32,2,0,1.11,0.363,628478
453,2023-03-04,308,1,3,1,2010,2.16,5.9,2,0,9.25,0.827,1120284
454,2023-01-05,152,1,2,2,1992,9.77,1.49,2,0,8.66,0.392,784281
455,2022-07-20,104,1,1,1,2022,1.22,5.02,2,0,2.12,0.403,366650
456,2022-07-24,306,4,1,2,2018,2.06,20.56,0,0,7.63,0.678,991140
457,2021-11-19,150,4,3,1,1983,3.8,0.57,1,0,4.37,0.928,631377
458,2023-05-22,247,5,1,2,2019,5.58,1.58,0,0,5.32,0.5,1007476
459,2022-11-17,275,4,1,2,1992,2.95,3.61,2,1,1.62,0.177,1009847
460,2023-03-03,286,1,3,1,2020,7.63,10.8,1,1,2.91,0.142,1098937
461,2022-09-18,75,5,1,2,1988,4.22,8.68,1,0,9.58,0.302,434403
462,2021-10-15,170,3,2,2,1981,1.35,4.86,1,1,4.76,0.458,654654
463,2023-05-04,231,2,3,1,2014,8.9,3.22,0,0,1.23,0.298,942215
464,2022-10-25,248,2,2,1,1991,9.49,23.5,2,0,5.64,0.712,948656
465,2022-10-01,304,5,2,1,1996,6.57,22.83,0,0,9.95,0.543,1151520
466,2021-06-04,171,3,2,2,1983,8.26,19.41,1,1,4.0,0.407,724660
467,2022-05-05,80,2,2,2,1993,2.09,6.67,0,1,2.27,0.213,305861
468,2022-01-21,334,5,1,1,2000,3.42,8.43,2,1,6.79,0.605,1247984
469,2023-02-24,155,4,1,2,2020,3.93,16.81,0,0,9.28,0.674,596872
470,2021-04-14,273,1,3,1,1987,9.65,7.65,1,0,8.73,0.784,1107238
471,2022-01-28,322,3,3,2,2012,5.61,13.5,1,1,6.91,0.991,1223276
472,2023-03-22,281,2,2,1,2007,1.07,16.46,0,0,2.66,0.231,921590
473,2021-09-03,305,1,2,2,1982,4.42,13.22,2,0,8.06,0.015,1136259
474,2021-06-25,73,5,3,1,1993,1.07,10.63,2,0,8.41,0.5,380124
475,2021-02-08,158,2,3,1,1998,3.14,9.02,2,0,8.65,0.924,634573
476,2022-04-22,240,1,3,1,1985,5.09,19.55,0,1,4.64,0.249,896595
477,2022-11-13,74,4,3,2,2015,3.91,18.61,1,0,4.68,0.756,340527
478,2023-01-29,236,3,2,2,1999,1.29,17.56,0,0,2.4,0.32,753022
479,2022-06-22,337,5,3,2,1980,2.05,9.68,1,1,7.95,0.391,1238013
480,2023-05-17,165,2,1,1,1989,5.96,19.51,0,1,7.64,0.948,640713
481,2023-03-29,86,4,2,2,1992,7.26,23.96,1,0,1.9,0.461,384299
482,2022-02-12,331,3,1,2,1991,4.64,17.38,2,1,1.18,0.725,1152384
483,2022-06-09,186,3,3,1,1990,7.58,10.49,0,1,9.57,0.55,852922
484,2023-04-08,276,4,1,1,2015,2.47,20.01,2,1,1.16,0.764,888417
485,2022-05-21,231,2,3,1,1996,2.1,15.43,0,1,6.66,0.317,866529
486,2023-04-05,135,3,1,1,2008,8.56,22.0,2,1,5.08,0.877,568428
487,2021-02-05,102,5,2,2,1982,4.05,17.97,1,0,8.0,0.549,450149
488,2022-11-16,284,1,1,1,2008,4.89,19.36,1,1,1.79,0.309,958871
489,2021-01-20,316,5,2,2,1989,9.53,16.85,1,1,7.14,0.038,1308605
490,2021-11-17,336,3,1,1,1998,4.82,2.75,1,1,6.53,0.013,1275112
491,2023-02-15,149,1,1,2,1983,1.03,12.39,0,0,8.68,0.353,540360
492,2022-05-27,136,4,2,1,2017,9.44,1.88,1,1,5.67,0.216,751120
493,2022-02-04,64,1,2,1,1991,1.13,11.46,2,0,7.55,0.053,339833
494,2022-10-16,150,1,3,1,2010,6.96,18.05,2,1,4.94,0.553,636959
495,2023-06-02,214,1,2,1,1981,3.91,10.82,0,1,9.86,0.989,787380
496,2022-04-16,78,3,2,1,1980,5.23,0.54,0,0,6.03,0.422,443818
497,2021-05-23,163,2,3,2,1996,5.93,9.55,1,0,7.78,0.552,724252
498,2021-04-02,156,3,2,2,2004,4.68,2.16,0,0,1.84,0.22,642517
499,2021-12-20,179,2,2,2,1984,7.97,19.62,1,1,5.16,0.205,744814
500,2023-04-14,133,4,1,2,1993,9.38,19.7,0,0,1.58,0.328,627194
501,2023-03-11,320,4,3,2,1989,1.78,20.26,1,0,2.1,0.835,1060596
502,2022-12-28,293,4,3,1,2000,8.2,1.24,2,0,5.56,0.961,1230896
503,2023-05-04,263,4,1,1,2004,2.16,1.29,1,0,4.17,0.74,1005959
504,2021-02-20,215,4,3,2,2014,1.72,22.63,2,0,5.14,0.021,751491
505,2022-10-27,328,5,1,2,1982,9.6,3.53,2,0,5.47,0.438,1358328
506,2022-11-29,108,3,2,2,1997,5.4,16.92,0,1,2.44,0.421,449053
507,2022-07-29,139,2,3,2,2015,2.37,19.99,2,0,4.29,0.935,462931
508,2021-07-09,243,4,2,2,2018,6.13,11.47,1,0,8.75,0.746,978655
509,2021-05-05,172,5,3,1,2012,3.37,13.89,0,0,8.71,0.714,700066
510,2021-05-30,185,5,2,2,1996,5.18,6.07,0,0,5.42,0.565,777267
511,2021-11-10,188,5,3,1,2019,6.62,23.13,1,1,7.74,0.646,787260
512,2022-07-24,278,3,3,2,1985,8.82,7.89,0,0,7.78,0.699,1136525
513,2021-12-08,323,4,2,1,2013,1.03,5.84,1,1,1.4,0.553,1125963
514,2021-11-01,99,5,1,2,2005,2.93,13.37,2,1,6.5,0.845,429156
515,2022-11-23,167,5,3,2,2021,1.87,5.17,0,0,8.24,0.037,749967
516,2022-11-13,251,4,1,1,2010,1.87,17.32,2,0,6.35,0.941,876025
517,2023-04-18,240,3,1,1,2007,9.51,13.12,0,1,5.87,0.774,992390
518,2023-02-22,230,5,1,1,2015,9.42,4.12,1,0,5.78,0.529,1020485
519,2021-02-23,127,2,1,2,1992,7.74,2.15,1,0,5.57,0.86,617061
520,2022-03-20,124,1,1,2,2000,6.79,3.86,1,1,8.0,0.828,596678
521,2022-09-05,344,1,1,2,2005,8.63,3.85,1,0,6.78,0.419,1333949
522,2021-09-21,330,1,3,2,2010,1.53,8.16,0,1,2.94,0.84,1074878
523,2021-02-22,70,3,1,1,1995,2.08,20.92,2,0,4.9,0.188,272671
524,2022-07-26,220,5,3,1,2010,3.85,1.9,2,1,5.76,0.469,950082
525,2022-09-12,64,1,3,1,1992,8.49,3.64,0,0,4.77,0.232,469931
526,2021-01-05,260,1,3,1,2009,5.25,7.92,0,0,3.14,0.124,951563
527,2021-04-13,97,4,2,1,2011,5.53,14.06,2,1,2.12,0.895,422270
528,2021-07-15,135,5,1,1,1984,3.06,19.19,2,0,2.06,0.367,523779
529,2023-02-13,198,5,2,1,1991,6.84,23.07,0,0,3.67,0.684,729476
530,2023-05-27,237,4,1,2,2018,8.99,10.6,0,0,4.62,0.375,1012891
531,2023-06-03,200,5,2,2,2020,3.97,3.09,0,0,7.15,0.544,869200
532,2021-12-16,190,2,3,1,2016,6.57,5.73,0,0,9.86,0.348,863194
533,2021-02-16,118,3,2,1,1983,3.99,7.54,0,1,9.08,0.743,522353
534,2023-05-17,309,4,3,2,2021,8.13,19.76,2,0,8.32,0.786,1204850
535,2023-04-03,58,1,2,1,2022,5.27,17.32,2,0,8.32,0.431,315990
536,2023-03-31,170,5,1,2,2008,4.06,5.62,1,0,6.36,0.86,720724
537,2022-10-18,150,2,1,2,2020,4.78,21.05,1,0,3.27,0.355,546658
538,2021-09-26,198,2,2,1,1984,1.82,21.55,2,0,5.25,0.762,634032
539,2022-01-05,195,3,2,2,1990,8.8,22.12,2,0,2.28,0.65,790142
540,2022-09-28,292,2,1,2,2009,9.62,7.24,1,1,6.1,0.456,1199668
541,2021-04-16,290,5,2,2,1988,5.3,3.78,1,0,1.21,0.889,1107641
542,2022-11-01,92,5,2,1,2007,2.99,3.05,1,0,2.71,0.572,442991
543,2022-10-21,144,2,1,1,2001,6.98,10.3,0,1,7.41,0.84,643753
544,2022-10-19,275,5,3,2,1990,5.07,11.02,1,1,3.49,0.733,1016532
545,2021-04-30,55,5,1,1,2000,3.27,21.77,0,0,4.78,0.533,249202
546,2023-04-11,263,1,1,2,1985,1.35,7.06,0,1,8.49,0.326,968825
547,2023-02-26,255,4,2,2,2005,9.01,15.86,1,0,1.4,0.951,999077
548,2022-08-27,116,5,1,1,1995,8.17,19.81,2,0,1.2,0.057,560351
549,2021-02-27,149,5,1,2,1993,8.46,7.09,1,0,3.06,0.894,712788
550,2021-12-12,61,3,2,2,2014,4.96,7.04,1,0,7.16,0.506,404585
551,2023-01-11,286,4,2,2,2021,7.78,16.89,1,1,3.13,0.749,1084575
552,2022-04-19,307,4,3,2,2015,6.23,18.29,1,0,8.77,0.334,1204824
553,2021-04-27,184,4,1,2,2001,4.37,24.01,1,0,4.17,0.384,667469
554,2023-04-10,271,2,3,2,1981,8.58,21.32,0,1,3.55,0.191,1035799
555,2023-03-02,205,1,3,2,1992,9.99,20.64,1,1,3.1,0.954,840351
556,2021-05-07,191,1,3,1,1990,9.09,17.46,2,1,6.17,0.043,824757
557,2022-01-28,207,3,3,1,1991,7.99,3.4,2,0,8.71,0.387,952115
558,2022-10-03,311,4,1,2,2012,7.73,20.33,0,1,4.65,0.335,1113466
559,2021-02-27,332,4,1,1,2001,6.85,23.42,0,1,3.27,0.813,1144628
560,2022-09-26,278,5,1,2,1988,8.68,10.07,1,0,4.79,0.502,1122076
561,2022-05-28,329,2,3,2,1986,5.44,8.18,1,0,9.14,0.169,1269198
562,2023-01-21,339,2,2,2,1996,2.64,13.3,0,1,4.01,0.509,1161808
563,2023-03-13,217,3,1,2,1989,7.91,23.93,2,0,6.9,0.236,876234
564,2021-04-06,96,1,3,1,2017,9.28,1.75,1,0,3.97,0.017,551515
565,2022-09-30,252,4,3,2,2018,4.07,17.87,2,0,7.07,0.545,954473
566,2021-04-28,263,3,3,2,2004,8.05,20.46,0,1,8.93,0.36,1039606
567,2022-07-14,295,2,3,1,2006,3.46,19.82,2,1,6.39,0.239,1029448
568,2022-08-24,73,2,3,1,2009,9.48,14.39,2,1,9.53,0.172,530624
569,2022-05-03,323,2,3,1,2009,7.15,23.05,2,1,6.41,0.454,1196912
570,2021-08-25,93,4,1,1,2022,6.12,3.8,1,0,9.77,0.87,543997
571,2023-06-04,205,4,2,1,2013,8.02,6.51,0,0,7.51,0.758,916715
572,2023-06-16,248,4,1,1,2012,8.32,8.02,1,0,6.88,0.005,1051974
573,2021-09-29,211,5,1,2,2011,9.03,0.71,2,0,8.47,0.731,1024127
574,2021-07-08,283,1,3,2,2021,9.11,9.58,1,0,1.1,0.073,1087510
575,2022-12-05,212,2,1,1,1991,1.47,4.44,1,1,3.32,0.548,734448
576,2022-03-23,165,2,2,1,2020,2.11,18.25,1,0,2.94,0.78,544173
577,2022-08-04,142,5,2,2,2002,8.43,10.67,0,1,2.0,0.453,684823
578,2023-03-01,91,2,3,1,2008,9.51,17.76,0,1,9.44,0.377,524284
579,2023-05-11,333,2,2,1,2022,3.77,7.69,2,0,2.18,0.939,1137954
580,2021-09-04,259,4,3,1,1980,1.08,3.73,1,0,3.37,0.029,972517
581,2021-03-17,255,4,2,2,1999,3.9,3.73,2,0,4.02,0.106,1012293
582,2021-06-03,269,1,2,1,1989,4.45,5.48,1,1,6.62,0.87,985415
583,2022-10-18,329,2,1,2,1998,7.85,3.32,2,0,7.91,0.886,1274090
584,2022-03-11,185,3,2,2,2002,1.43,5.9,0,1,6.44,0.373,696923
585,2021-03-27,155,2,3,2,2000,2.91,14.69,2,1,7.74,0.54,580413
586,2022-11-28,167,2,2,1,2022,9.05,6.78,0,0,4.62,0.164,797803
587,2021-10-12,286,1,2,1,2014,2.39,8.9,1,1,9.96,0.884,1036548
588,2021-08-08,149,3,1,2,2011,7.83,1.79,1,1,2.53,0.469,728627
589,2021-03-10,310,2,3,2,1989,4.25,22.36,1,0,4.6,0.564,1051927
590,2021-02-16,335,3,3,1,1981,6.96,3.88,2,0,8.49,0.118,1341049
591,2021-04-04,152,4,3,2,2015,1.66,9.04,2,1,3.22,0.615,585290
592,2023-01-20,112,4,1,1,1985,3.58,9.8,2,1,7.76,0.696,505494
593,2022-03-29,224,3,2,2,2022,4.82,19.42,0,0,4.28,0.295,801445
594,2021-07-23,331,2,3,1,1996,8.71,12.35,1,0,2.6,0.896,1202255
595,2021-08-06,342,3,2,1,1994,6.07,9.88,1,0,4.63,0.204,1269176
596,2022-04-19,275,3,2,2,2015,1.41,17.55,0,0,8.06,0.897,914617
597,2022-03-08,56,4,2,2,2003,8.22,15.13,0,0,2.01,0.703,359383
598,2021-12-07,176,3,1,1,2019,1.49,2.41,1,1,5.64,0.831,686215
599,2022-07-05,141,5,2,2,2008,9.41,8.16,1,1,7.67,0.699,751019
600,2022-09-04,239,5,1,2,1993,2.91,24.48,0,1,7.76,0.428,861838
601,2021-10-16,102,4,1,2,1981,5.39,12.34,0,0,4.51,0.332,449903
602,2021-09-11,291,2,1,1,2001,1.65,10.89,1,1,5.2,0.734,963933
603,2023-01-04,181,2,3,2,1985,6.06,4.17,1,0,8.71,0.298,818136
604,2021-12-23,161,4,1,2,1988,5.48,21.06,0,0,2.88,0.062,616983
605,2021-01-23,56,2,3,2,1991,4.69,3.77,1,0,9.93,0.247,404836
606,2023-02-01,279,1,1,2,2021,1.32,3.07,0,1,4.77,0.755,982699
607,2022-06-06,205,5,1,1,2018,8.91,11.26,1,1,3.48,0.793,898246
608,2023-01-28,246,1,1,2,1984,8.22,11.2,2,0,1.02,0.277,957399
609,2023-04-17,272,1,1,1,2019,6.7,24.55,2,1,2.13,0.328,931635
610,2021-04-10,299,1,2,1,1980,6.15,3.62,1,0,7.81,0.549,1163680
611,2023-03-13,132,4,2,2,1989,7.25,12.35,0,0,6.84,0.262,619860
612,2021-06-29,289,1,1,2,1990,2.3,5.43,2,0,3.22,0.606,976763
613,2021-08-11,312,3,2,1,2006,9.39,17.69,0,1,9.34,0.282,1258152
614,2023-02-01,238,2,3,2,2002,3.56,10.1,2,0,8.52,0.121,918347
615,2022-10-21,339,4,2,2,1999,6.91,16.39,2,1,3.42,0.155,1261804
616,2022-03-18,107,3,2,1,1984,6.46,8.79,2,1,3.97,0.251,558953
617,2022-08-31,58,3,2,2,1992,6.73,14.33,1,0,2.66,0.168,327491
618,2023-02-08,164,5,1,2,1989,8.91,11.99,1,1,6.78,0.974,791353
619,2021-11-21,259,5,3,2,2015,3.66,9.67,0,0,7.31,0.658,999834
620,2022-05-31,90,3,1,1,2020,7.74,13.67,1,1,4.56,0.179,481873
621,2021-01-16,222,5,3,2,1995,6.39,9.9,0,0,7.63,0.424,956435
622,2023-03-03,283,2,1,1,1986,1.68,20.25,2,0,9.92,0.269,971775
623,2021-12-02,330,2,2,1,2011,4.73,12.63,1,0,6.51,0.685,1186239
624,2023-01-29,127,5,3,1,2004,8.54,22.63,2,1,6.84,0.867,611579
625,2021-09-15,157,1,2,2,2005,3.84,5.96,0,0,4.36,0.401,557176
626,2022-05-12,330,3,3,2,2015,5.34,3.25,1,0,1.1,0.429,1200031
627,2023-06-15,88,2,3,1,2007,5.4,9.83,1,0,9.59,0.398,475733
628,2021-06-09,168,5,1,1,1991,6.56,5.0,2,0,7.95,0.449,810198
629,2022-04-20,76,5,1,2,2005,8.96,10.13,1,1,7.26,0.036,585823
630,2023-05-02,153,2,2,2,1983,2.56,5.58,0,1,1.27,0.593,554748
631,2022-10-26,123,2,2,1,2002,5.54,21.77,1,1,7.83,0.952,488858
632,2022-11-21,240,1,3,2,2019,4.82,14.41,2,1,7.03,0.785,909963
633,2022-11-06,196,5,3,1,2003,3.66,12.69,0,0,6.12,0.861,773022
634,2022-01-15,304,5,1,1,2010,9.28,19.8,1,0,6.61,0.229,1209843
635,2022-06-29,333,4,1,2,2009,1.07,3.69,2,1,9.27,0.607,1222585
636,2022-11-22,262,1,1,2,1982,2.1,21.5,2,0,1.06,0.893,750106
637,2022-03-03,172,2,1,2,1995,7.6,12.34,2,1,2.41,0.069,733576
638,2022-09-05,255,2,1,1,2013,3.37,3.84,2,0,9.05,0.877,967618
639,2021-09-25,289,3,3,2,2017,7.51,20.58,2,0,1.07,0.065,1044350
640,2023-04-15,335,2,3,2,2007,8.49,11.79,0,1,9.13,0.983,1315328
641,2022-07-31,71,5,2,1,2020,3.29,15.31,2,0,1.27,0.084,354114
642,2022-02-21,308,2,3,1,1986,2.73,22.39,2,0,8.01,0.368,1078780
643,2021-06-17,154,5,1,2,1987,2.31,22.32,1,0,9.02,0.055,593241
644,2023-04-22,307,5,3,2,1986,2.8,22.37,0,1,6.51,0.057,1110278
645,2021-02-12,253,1,3,1,2016,3.4,10.71,2,0,6.77,0.866,899382
646,2022-07-10,311,2,3,1,1986,8.82,18.87,1,0,1.46,0.064,1134120
647,2021-10-12,156,1,2,2,1997,7.93,6.22,0,1,2.9,0.793,670100
648,2022-02-01,300,5,2,2,2018,1.02,20.86,0,0,9.1,0.907,990677
649,2021-01-12,270,2,3,1,2000,8.87,8.87,2,0,8.41,0.935,1114670
650,2022-08-30,271,2,3,2,2013,1.71,11.87,0,0,1.54,0.864,886310
651,2021-10-29,307,1,1,1,2006,6.9,22.34,1,1,8.32,0.955,1076032
652,2023-06-17,250,1,2,1,1987,2.36,20.24,0,1,4.81,0.052,877027
653,2021-09-10,307,5,1,2,2013,1.56,23.84,2,0,6.05,0.997,999997
654,2022-05-14,274,5,1,2,1997,7.84,9.41,2,1,1.98,0.02,1122814
655,2023-01-24,251,2,3,1,2020,5.2,4.2,1,1,4.59,0.167,1003011
656,2021-02-04,275,2,3,1,1991,6.39,22.81,0,0,4.91,0.081,1019489
657,2022-12-28,285,4,3,1,2001,4.83,12.58,1,1,7.03,0.744,1088519
658,2023-04-29,232,4,1,2,2019,1.6,22.29,0,1,6.92,0.087,780408
659,2021-03-31,249,3,1,1,2001,7.66,18.44,0,0,5.94,0.293,964838
660,2023-02-15,295,5,1,1,1987,8.38,21.93,0,1,1.28,0.638,1056893
661,2022-08-28,160,3,3,1,2021,1.37,16.54,0,1,2.45,0.498,534867
662,2022-08-25,55,3,3,2,2007,4.38,20.4,2,1,2.44,0.136,276912
663,2022-02-22,285,1,3,1,2011,6.02,3.45,2,0,8.99,0.522,1132729
664,2021-04-25,176,1,1,2,1990,6.45,24.22,1,0,9.12,0.341,667611
665,2022-09-09,153,4,1,2,2000,6.2,4.93,0,0,8.26,0.586,703329
666,2021-07-15,286,3,2,1,2005,7.24,1.1,1,0,2.57,0.538,1135622
667,2023-04-06,204,4,3,1,1993,9.7,13.5,1,1,8.56,0.99,919143
668,2022-05-16,306,5,1,1,1994,4.52,17.94,2,1,2.69,0.864,1093249
669,2022-09-18,284,2,2,2,1993,6.01,18.05,1,1,5.99,0.004,1049665
670,2022-05-08,338,1,1,1,1991,7.29,8.81,1,0,7.6,0.176,1254322
671,2021-03-16,89,5,1,2,2015,6.33,18.97,1,1,1.46,0.913,377542
672,2022-02-17,337,5,3,2,1982,4.48,21.14,0,1,6.38,0.539,1212931
673,2022-01-11,246,1,2,2,1986,6.62,15.45,0,0,3.26,0.759,899750
674,2022-02-24,322,1,1,2,2018,6.85,9.96,1,1,5.48,0.504,1193209
675,2022-12-30,313,3,2,2,1980,6.26,15.53,1,0,4.46,0.786,1125632
676,2021-10-04,106,4,2,2,2018,2.85,21.62,0,0,7.18,0.133,430594
677,2023-01-31,347,5,3,1,2004,5.55,22.56,0,0,5.4,0.738,1214481
678,2022-11-07,147,3,2,1,2010,8.96,1.27,1,1,3.71,0.87,696712
679,2022-01-29,186,3,3,2,2001,8.82,3.5,1,0,9.19,0.266,895416
680,2023-05-19,136,5,3,2,1989,7.76,0.61,0,1,9.63,0.368,761324
681,2022-04-02,291,5,3,1,1997,7.27,12.56,0,1,8.22,0.591,1235125
682,2021-07-11,248,2,2,1,1992,2.38,11.19,0,1,6.23,0.868,911034
683,2023-01-09,133,4,1,1,1987,5.14,13.87,0,1,8.96,0.908,625597
684,2022-11-20,291,5,3,1,1988,2.0,17.25,1,0,6.42,0.534,1016045
685,2021-04-09,330,1,1,2,1994,8.36,9.46,0,0,2.34,0.658,1232735
686,2022-07-02,301,2,2,1,1987,3.62,5.61,0,0,1.16,0.873,1022818
687,2021-04-06,239,4,1,2,2012,7.9,10.17,0,1,7.53,0.231,1047378
688,2022-10-26,201,1,1,2,2014,8.33,0.72,2,0,7.77,0.825,894902
689,2022-10-25,327,1,3,1,1998,9.03,20.82,2,1,9.33,0.262,1255540
690,2021-07-09,188,4,3,1,2009,7.78,9.9,0,1,8.42,0.581,901340
691,2023-01-06,225,2,3,2,1988,6.08,15.76,1,1,6.76,0.935,904535
692,2021-02-06,57,1,2,2,1998,6.38,8.46,0,1,2.71,0.511,301434
693,2023-02-19,344,3,1,2,2005,3.89,15.56,0,0,6.35,0.093,1217742
694,2022-01-04,284,4,2,2,1980,2.59,13.74,0,0,4.91,0.896,945510
695,2022-11-26,212,4,2,1,1982,2.18,5.61,0,1,3.09,0.585,786458
696,2022-06-09,98,5,2,1,2013,2.64,15.82,2,0,8.19,0.071,465411
697,2021-10-06,87,2,2,1,2004,9.41,3.19,0,0,2.35,0.011,517180
698,2021-08-05,185,3,3,1,2009,2.48,12.29,0,0,6.67,0.261,742975
699,2023-05-17,268,3,1,1,1980,7.51,18.14,2,0,6.5,0.12,1017082
700,2023-05-23,345,5,3,2,1997,2.66,13.95,0,1,3.73,0.628,1214422
701,2023-03-09,83,1,3,2,2012,9.78,18.78,1,1,4.86,0.597,473256
702,2021-09-30,128,1,2,1,1988,4.3,7.19,2,0,2.05,0.841,473155
703,2023-05-31,285,3,3,1,1986,4.71,1.7,0,1,1.23,0.513,1063580
704,2021-03-03,322,2,1,2,2009,4.64,1.87,1,0,1.12,0.253,1186114
705,2022-08-19,210,1,2,2,1992,8.35,7.08,0,0,2.57,0.05,890629
706,2023-05-30,224,4,3,1,1996,2.96,10.49,0,1,8.8,0.011,901644
707,2022-12-30,270,5,2,1,1992,8.48,13.67,1,1,5.7,0.926,1115660
708,2021-12-08,58,2,1,2,1992,6.91,19.06,1,0,2.05,0.145,322285
709,2022-02-01,338,1,2,1,2021,2.98,21.07,1,0,9.15,0.499,1137096
710,2022-11-30,162,3,3,1,2017,1.59,17.5,0,0,6.12,0.795,582812
711,2021-01-19,254,5,3,2,2016,7.97,11.85,1,1,1.25,0.929,1009583
712,2021-06-26,235,1,1,2,1989,2.97,6.98,1,1,7.86,0.202,859095
713,2022-09-04,246,3,1,2,1993,9.0,10.98,0,1,5.26,0.232,1019432
714,2022-01-31,315,1,2,1,2022,2.17,7.2,0,1,5.8,0.18,1106511
715,2022-03-21,311,5,3,2,1984,6.55,15.8,0,0,6.52,0.159,1191987
716,2021-08-21,297,4,1,1,2015,7.23,20.55,0,0,1.85,0.455,1055914
717,2021-03-17,164,4,1,2,2014,6.92,13.2,2,1,9.53,0.636,752993
718,2021-09-22,170,3,3,1,2002,3.84,1.62,0,1,3.3,0.706,712733
719,2022-03-31,190,4,1,1,1984,8.88,23.52,1,0,6.6,0.327,815110
720,2023-03-07,114,5,1,2,2007,7.93,7.71,1,0,8.7,0.624,654004
721,2022-12-19,325,3,3,1,2002,5.59,22.91,0,1,3.99,0.002,1164349
722,2023-01-05,288,1,1,1,2021,6.43,20.42,1,0,6.65,0.888,996490
723,2022-01-19,59,2,3,2,2013,6.1,10.62,1,0,9.9,0.87,412797
724,2022-07-18,282,1,3,1,2010,9.52,1.89,2,0,8.67,0.544,1204626
725,2023-05-01,244,5,2,2,1986,9.07,23.72,2,0,8.01,0.243,1009027
726,2022-05-21,61,3,3,1,1986,3.12,16.65,0,0,4.95,0.972,264423
727,2022-01-02,226,1,1,2,1983,3.36,6.62,2,0,5.06,0.811,776884
728,2021-05-24,226,3,2,2,2011,9.83,13.57,1,0,5.37,0.017,967206
729,2023-06-04,266,4,2,1,2007,3.13,16.07,0,0,7.21,0.47,952791
730,2021-03-10,60,2,1,2,1983,9.58,6.05,0,0,2.3,0.102,396178
731,2021-04-09,167,5,2,2,2018,6.85,2.79,1,1,8.75,0.132,857521
732,2022-01-31,213,1,1,1,1987,1.45,7.05,1,1,1.16,0.001,754300
733,2021-01-25,88,2,2,2,1993,4.02,1.67,1,0,2.53,0.688,444751
734,2023-06-10,102,5,1,2,2009,5.29,2.21,1,1,5.34,0.253,556175
735,2022-04-14,267,5,3,2,1982,8.5,4.34,2,0,3.27,0.305,1141274
736,2022-04-29,255,4,3,2,1981,3.96,4.38,1,0,4.29,0.047,1000435
737,2022-07-19,105,3,2,1,1989,3.8,6.57,0,0,3.99,0.008,494502
738,2021-05-31,167,3,2,2,1985,9.28,23.47,2,0,3.42,0.793,649359
739,2021-05-24,302,2,3,2,1986,1.71,14.61,0,1,4.42,0.661,1011106
740,2022-07-23,335,4,1,2,1995,5.96,10.85,1,0,5.55,0.382,1257449
741,2021-02-08,317,5,2,1,1985,5.54,14.31,1,0,5.29,0.07,1192997
742,2021-04-19,340,4,3,1,1995,1.52,0.64,0,1,8.31,0.776,1258370
743,2022-11-24,229,4,2,2,2006,1.79,22.42,0,1,3.77,0.926,769217
744,2021-02-11,284,2,3,2,1991,4.44,13.54,1,0,3.54,0.527,1013544
745,2021-07-05,245,3,3,1,2001,2.21,11.57,2,1,5.54,0.139,947543
746,2022-02-02,129,4,3,2,1994,5.3,23.57,1,0,1.43,0.653,524446
747,2021-08-11,184,4,1,2,2001,6.48,18.39,2,1,2.01,0.072,752273
748,2022-09-26,71,4,2,2,2014,7.22,8.77,1,0,8.23,0.166,481364
749,2021-05-13,274,1,1,2,1994,5.92,23.44,2,0,5.44,0.471,982752
750,2021-06-12,107,4,1,1,2002,4.42,21.37,1,0,1.6,0.249,357859
751,2021-08-03,142,4,3,1,2017,2.17,23.89,0,0,4.96,0.93,450757
752,2023-01-03,241,5,1,1,1981,3.23,2.86,0,0,4.58,0.809,932767
753,2021-08-23,152,1,2,1,1981,4.77,23.9,1,0,3.22,0.277,576685
754,2023-04-23,56,4,2,1,1998,9.32,13.8,1,0,4.35,0.964,402840
755,2022-10-20,177,4,3,2,1984,2.82,16.97,2,1,2.7,0.378,674825
756,2023-01-21,104,2,3,1,1983,4.72,5.7,2,1,5.04,0.568,506010
757,2022-08-11,280,2,2,2,2007,7.59,3.94,1,1,4.68,0.564,1132784
758,2021-01-09,111,1,2,1,1997,7.35,2.44,2,0,6.47,0.65,600391
759,2021-03-15,289,5,3,2,2019,9.69,10.85,0,1,9.48,0.244,1277884
760,2022-05-07,139,1,1,1,2020,2.72,5.92,0,1,2.67,0.922,497006
761,2021-09-10,281,1,2,1,2010,1.15,2.5,1,0,4.76,0.266,1009570
762,2021-08-18,282,2,3,2,2001,3.9,23.9,0,0,6.06,0.665,960940
763,2022-06-03,341,2,3,2,1990,2.35,18.47,2,1,5.92,0.766,1172690
764,2021-06-23,201,5,2,2,1995,5.94,13.19,1,1,6.95,0.882,861735
765,2022-10-15,194,4,3,1,1983,9.09,18.71,0,1,3.41,0.457,810778
766,2021-06-17,179,5,2,1,2000,7.19,15.48,1,1,6.71,0.712,789662
767,2021-06-19,190,4,3,2,2020,2.22,4.86,0,1,2.81,0.085,760267
768,2022-01-28,142,3,3,1,2004,2.04,16.02,0,0,2.13,0.778,460135
769,2023-03-06,163,2,1,2,1999,9.2,17.18,0,1,8.48,0.756,697985
770,2022-09-26,333,3,3,1,1987,5.39,6.32,0,1,5.26,0.411,1253182
771,2021-07-13,192,3,2,2,2022,9.31,8.34,1,1,4.58,0.313,897432
772,2022-06-01,272,2,2,2,1988,7.63,9.89,0,0,9.36,0.38,1092676
773,2021-01-29,281,3,1,1,1997,9.94,15.26,0,0,7.39,0.091,1144169
774,2021-06-14,82,1,2,2,2010,8.84,3.61,0,1,7.09,0.638,516608
775,2022-02-26,325,4,3,1,2014,4.73,18.72,1,0,2.75,0.913,1145853
776,2021-12-05,219,5,1,1,2009,7.82,8.98,0,1,2.88,0.666,920602
777,2022-10-10,189,2,2,1,1997,5.24,17.45,0,0,5.35,0.581,702609
778,2022-05-11,250,1,3,2,1998,3.1,23.36,0,0,6.87,0.991,815621
779,2021-12-31,72,5,1,2,2020,3.17,21.81,1,0,4.56,0.542,321000
780,2023-04-13,273,5,3,2,2003,4.58,18.57,0,0,1.58,0.346,973872
781,2021-12-08,319,5,2,1,2001,2.0,5.24,0,1,7.15,0.705,1208952
782,2022-05-15,202,3,2,1,1993,2.6,18.44,1,1,7.96,0.521,734583
783,2022-10-19,134,3,2,2,1998,5.51,16.08,2,0,9.5,0.972,584546
784,2022-05-26,158,3,2,1,2008,9.59,19.43,1,0,4.68,0.898,697616
785,2021-11-23,80,3,1,1,2001,6.2,21.79,2,0,3.32,0.947,383355
786,2021-08-05,278,1,2,1,2009,4.68,8.13,2,0,9.33,0.001,1042756
787,2021-10-28,289,3,1,2,1994,3.18,16.29,2,0,7.44,0.334,1050866
788,2021-05-12,190,2,1,2,2000,2.76,7.24,2,1,1.58,0.627,695592
789,2023-03-15,205,5,3,2,2005,6.93,8.98,2,1,6.22,0.308,923292
790,2021-03-11,348,1,2,1,2015,8.63,13.26,1,0,1.26,0.656,1259183
791,2021-09-09,148,3,3,1,1991,4.59,11.14,0,1,3.04,0.715,577441
792,2022-02-19,96,5,3,2,1986,5.96,15.22,1,0,1.64,0.623,443282
793,2023-02-26,116,1,3,2,1990,7.36,19.09,1,0,2.84,0.458,497749
794,2022-03-21,111,5,3,2,2018,1.52,15.32,0,0,5.41,0.697,420643
795,2023-05-26,158,1,3,1,1999,4.16,24.26,0,0,3.69,0.78,523530
796,2021-07-01,216,4,2,2,2014,7.57,18.58,1,1,1.79,0.696,828693
797,2021-06-16,86,1,3,2,1983,7.16,24.63,1,1,5.34,0.812,372762
798,2021-04-01,168,3,1,2,1981,1.48,18.71,1,0,7.38,0.947,588706
799,2022-12-15,135,5,1,1,1999,3.14,12.94,1,1,1.48,0.103,522997
800,2023-05-08,101,5,2,2,1999,7.12,10.57,0,1,8.94,0.906,567293
801,2022-06-15,140,5,1,1,1991,3.44,18.52,2,0,6.88,0.274,587730
802,2021-02-08,338,2,3,2,1996,8.33,17.33,1,0,5.67,0.564,1269180
803,2021-05-06,347,2,1,1,1997,1.27,16.88,2,0,4.57,0.942,1101016
804,2022-03-27,253,3,3,2,2019,2.71,18.18,2,1,4.54,0.62,905265
805,2021-06-22,287,4,2,2,2003,3.53,21.87,1,1,4.02,0.084,995875
806,2022-10-15,204,2,1,1,1987,9.33,6.08,1,1,2.04,0.499,859661
807,2023-01-24,289,1,1,2,2016,8.17,14.34,0,0,1.71,0.894,1054943
808,2021-08-08,185,3,1,2,2020,8.96,15.28,2,1,3.78,0.412,810127
809,2022-09-30,113,4,2,2,2009,4.96,7.67,1,0,7.0,0.848,543585
810,2021-02-27,172,1,2,2,1999,8.4,24.7,1,0,3.6,0.794,651538
811,2022-10-22,303,5,1,1,2002,8.68,19.75,0,0,8.31,0.906,1153876
812,2022-04-21,163,2,2,1,2016,4.6,8.37,1,1,4.42,0.263,680636
813,2022-04-01,69,1,3,1,1989,9.95,9.28,2,1,6.68,0.497,483612
814,2023-04-09,65,4,2,1,2012,8.66,18.1,1,0,4.89,0.335,401710
815,2023-06-14,194,3,1,1,2003,9.77,0.78,1,1,5.48,0.534,914782
816,2021-12-27,257,1,3,1,2015,8.8,11.87,0,0,3.25,0.019,1006513
817,2021-01-01,68,3,1,1,1995,7.99,8.91,2,1,5.62,0.242,461573
818,2022-01-22,215,5,1,1,2007,9.49,21.42,2,0,2.0,0.974,861070
819,2021-12-14,87,4,1,2,1991,4.78,19.89,2,1,4.48,0.603,385293
820,2021-07-09,230,4,2,2,1999,8.05,8.64,1,1,5.03,0.173,939115
821,2022-05-20,154,2,1,1,1997,2.92,21.69,1,1,7.34,0.508,533118
822,2021-07-10,149,4,3,1,2016,7.6,22.88,1,1,4.6,0.698,622246
823,2022-05-23,139,1,3,1,2005,8.07,14.04,2,0,6.99,0.604,649155
824,2022-01-04,349,1,3,2,1986,7.45,4.4,2,1,2.57,0.502,1311257
825,2022-02-13,128,1,1,1,2022,8.65,19.37,2,1,1.23,0.674,514842
826,2023-04-04,122,5,3,1,2000,4.72,8.32,2,1,5.55,0.167,642264
827,2021-04-27,225,4,3,1,2022,5.9,13.42,1,0,5.26,0.438,889109
828,2021-05-14,145,4,3,1,2011,1.1,1.62,0,0,7.03,0.75,611227
829,2021-02-27,152,1,3,2,1986,2.31,12.75,2,1,3.82,0.579,546713
830,2022-07-10,273,2,2,1,2002,6.8,9.82,0,0,1.27,0.906,980269
831,2022-11-16,55,2,1,2,1999,6.06,17.31,2,1,7.51,0.444,307208
832,2022-11-03,171,4,1,2,1999,2.78,1.5,0,0,9.48,0.132,736914
833,2021-06-22,285,4,3,2,2011,3.19,15.81,0,0,4.55,0.049,1041894
834,2023-04-09,165,3,1,1,2005,4.1,19.41,0,1,6.5,0.477,602068
835,2023-03-26,212,4,3,2,2015,7.45,0.81,1,1,5.9,0.438,960619
836,2021-05-29,275,1,3,1,2003,6.49,18.87,0,1,6.09,0.257,1066779
837,2021-03-21,279,5,3,1,1980,1.63,3.69,1,0,8.81,0.591,1086734
838,2023-06-05,231,4,1,1,2007,7.84,17.6,0,1,7.63,0.25,957438
839,2021-08-01,298,4,2,1,2005,3.36,11.65,1,1,7.93,0.216,1116756
840,2021-07-22,259,1,1,1,2013,7.05,14.02,2,0,1.81,0.622,954954
841,2023-02-03,193,3,1,1,2005,2.11,8.77,2,0,2.32,0.945,696129
842,2021-08-17,145,4,2,1,2015,9.98,6.51,0,0,6.97,0.203,757560
843,2022-11-07,293,2,1,1,1984,1.72,2.24,1,1,5.86,0.183,1089593
844,2021-08-15,135,2,2,2,1981,7.68,21.68,2,1,7.97,0.519,636966
845,2022-10-21,233,2,3,1,2011,5.87,15.46,1,0,1.84,0.119,830120
846,2022-06-16,170,5,2,2,2013,1.77,24.58,1,1,6.1,0.294,635833
847,2022-03-17,141,5,3,1,2009,1.24,21.34,2,0,5.37,0.991,489706
848,2022-02-06,119,4,2,2,2003,4.26,21.81,1,1,8.69,0.841,532030
849,2021-02-16,182,4,3,2,2007,8.22,15.15,1,1,2.68,0.706,766917
850,2021-08-21,328,4,1,1,1982,1.37,2.48,1,1,4.14,0.026,1204959
851,2021-11-01,186,5,2,2,1989,7.34,22.88,2,1,2.35,0.265,729959
852,2022-06-10,236,4,1,1,1985,6.9,3.39,1,1,5.07,0.57,1013390
853,2021-05-23,270,1,3,2,2013,3.39,13.17,2,0,8.93,0.71,986389
854,2022-02-19,95,3,2,1,2010,1.7,21.49,1,1,7.03,0.668,381926
855,2022-05-28,327,2,2,2,2022,9.24,12.07,1,1,7.7,0.185,1292419
856,2022-01-08,241,2,2,2,1992,3.7,4.56,2,1,1.84,0.466,906584
857,2022-07-20,57,1,1,1,2018,2.0,9.64,2,1,5.07,0.199,297251
858,2023-06-05,325,4,3,2,1999,7.13,24.72,1,1,8.55,0.924,1214474
859,2021-09-16,228,5,1,1,2011,2.95,24.99,1,1,8.54,0.557,833823
860,2022-10-18,88,4,2,1,1989,5.28,17.92,0,1,9.89,0.39,480996
861,2022-04-16,342,4,3,2,2005,1.45,22.26,1,1,5.73,0.918,1111908
862,2021-01-12,227,2,3,2,1998,9.94,1.58,2,1,1.02,0.904,973898
863,2021-11-26,211,2,1,2,2008,5.03,7.26,1,1,9.09,0.504,885907
864,2023-01-06,153,5,1,1,1992,9.99,9.54,0,0,9.61,0.687,746757
865,2023-02-23,210,2,2,1,2013,4.47,0.79,1,0,9.35,0.319,913201
866,2021-12-24,336,4,2,1,1999,4.13,9.74,0,1,7.95,0.308,1252555
867,2022-02-12,172,1,2,1,2019,9.23,2.78,2,0,2.91,0.55,821395
868,2022-10-30,103,5,2,2,1997,3.97,13.18,2,1,2.25,0.847,465207
869,2022-01-08,83,1,3,1,2013,4.89,0.61,1,0,7.31,0.597,445249
870,2021-01-08,291,4,2,1,1987,1.7,7.13,0,1,2.26,0.459,1047119
871,2021-05-02,162,5,2,2,1995,9.6,21.72,2,0,9.58,0.664,805124
872,2021-12-14,72,1,2,2,2019,1.77,5.72,1,0,5.01,0.812,308893
873,2022-11-07,95,5,1,2,2002,7.94,2.09,2,0,1.28,0.787,526471
874,2021-03-31,184,4,1,1,2011,5.85,6.62,1,1,2.36,0.371,799865
875,2022-10-10,167,5,1,2,1992,1.55,20.78,0,0,3.61,0.936,524971
876,2022-11-29,238,4,2,2,2005,1.02,14.89,1,0,7.33,0.016,886310
877,2021-11-12,180,5,3,1,2017,9.42,14.86,2,1,7.64,0.451,831653
878,2021-06-27,261,5,2,1,1980,7.68,0.51,1,0,2.92,0.908,1085562
879,2022-06-24,162,2,1,1,1981,7.18,12.07,2,0,6.84,0.696,682206
880,2023-01-02,93,4,1,1,2018,4.95,7.01,0,1,1.29,0.704,401552
881,2023-05-19,177,3,2,2,1992,3.15,8.74,2,1,1.93,0.156,719927
882,2021-02-10,207,5,3,1,2006,7.12,15.17,2,1,5.82,0.582,854105
883,2023-01-10,322,1,3,2,1983,6.47,21.92,0,0,7.33,0.967,1156166
884,2022-12-05,94,2,3,2,2020,7.54,4.95,0,0,9.23,0.212,536784
885,2022-05-17,157,2,1,1,1999,4.29,19.32,1,0,4.94,0.327,594047
886,2021-05-25,268,5,1,1,1982,9.88,1.7,0,0,2.08,0.389,1121273
887,2021-07-20,226,3,3,1,2002,1.6,8.5,2,0,9.36,0.36,840465
888,2022-12-25,277,2,2,1,1981,1.72,5.86,1,1,4.94,0.627,975823
889,2022-04-06,240,4,3,2,1995,9.25,22.93,0,0,5.48,0.235,985547
890,2023-01-02,209,5,2,1,1989,6.83,4.86,2,1,8.69,0.506,948102
891,2023-01-22,316,5,1,1,2007,3.94,14.68,0,0,6.27,0.4,1149234
892,2022-07-12,239,3,1,2,1997,7.86,4.54,2,1,3.71,0.644,1005725
893,2022-07-01,224,4,1,2,1981,5.07,12.1,0,0,5.87,0.242,902710
894,2021-09-10,339,4,3,2,1993,1.19,10.63,1,0,6.62,0.553,1198175
895,2022-01-25,194,3,3,1,1999,6.86,1.51,1,0,9.01,0.74,914254
896,2022-08-17,281,1,1,2,2019,3.19,20.73,1,1,3.11,0.693,923605
897,2023-06-02,253,4,1,2,2002,2.04,19.61,2,1,6.03,0.834,871412
898,2021-09-13,262,1,1,2,1986,3.03,7.31,1,1,9.28,0.956,977672
899,2022-12-10,89,1,3,1,1993,5.29,15.54,1,1,1.41,0.854,380311
900,2023-03-26,324,5,3,2,2016,1.45,9.39,1,1,2.75,0.938,1133758
901,2022-03-26,131,5,1,1,1987,8.95,19.35,2,0,4.12,0.018,655079
902,2021-01-10,230,2,3,2,1984,6.04,17.47,1,1,7.11,0.629,899714
903,2023-04-04,132,5,3,2,2002,3.64,2.72,1,0,8.58,0.268,678061
904,2023-03-09,311,4,3,2,2020,7.18,21.18,0,1,2.79,0.809,1171304
905,2021-08-30,321,4,3,2,1989,8.24,4.9,2,1,3.22,0.819,1271634
906,2021-09-08,249,1,1,2,2006,6.53,4.77,1,1,8.41,0.048,1029413
907,2023-05-27,289,4,1,2,2014,2.82,18.48,1,0,2.34,0.596,966632
908,2021-01-05,229,5,3,1,1980,1.99,4.99,1,1,3.35,0.851,890524
909,2021-04-29,220,5,1,1,1986,8.74,3.5,0,0,7.59,0.587,984092
910,2023-03-12,344,5,1,1,1987,3.11,8.72,0,0,2.5,0.426,1200531
911,2022-01-09,226,3,1,2,1990,1.18,21.05,0,0,8.45,0.077,770233
912,2021-03-06,286,4,2,1,2013,6.79,4.83,1,1,5.41,0.73,1159840
913,2021-05-26,187,2,1,2,2007,2.38,8.81,2,1,5.03,0.075,705077
914,2021-08-12,178,4,1,1,2013,9.92,7.51,2,1,2.22,0.598,773418
915,2021-08-27,98,4,3,2,2022,8.83,9.22,0,0,7.12,0.918,548416
916,2021-06-26,213,3,3,1,1999,6.48,18.0,1,1,8.96,0.419,914369
917,2023-02-18,326,4,2,2,2007,8.5,10.43,2,1,7.23,0.77,1338258
918,2023-05-03,342,1,2,2,2021,5.23,19.11,1,1,3.85,0.8,1155174
919,2021-10-09,165,5,1,1,2016,8.1,16.19,0,1,7.29,0.01,809209
920,2021-03-04,73,5,1,2,1982,6.82,9.35,0,1,5.59,0.915,429428
921,2021-08-05,74,3,3,1,1988,1.26,11.09,1,1,8.68,0.189,347410
922,2023-05-04,176,5,1,1,2001,9.54,17.74,2,0,5.14,0.283,797118
923,2023-04-07,283,1,1,1,2004,8.75,13.6,2,1,3.14,0.871,1075528
924,2023-03-06,258,3,1,1,1981,9.58,21.77,0,0,1.91,0.687,943753
925,2022-11-20,142,2,1,2,2002,7.58,23.36,1,1,3.53,0.372,580157
926,2022-04-06,143,5,1,1,1996,4.71,18.08,0,1,6.07,0.088,616847
927,2022-09-02,274,4,1,2,2004,2.86,24.74,2,1,2.53,0.386,911901
928,2021-04-15,329,1,1,2,1991,2.62,15.12,1,0,1.36,0.966,1053726
929,2021-04-09,60,1,1,2,2006,2.3,1.48,1,0,5.04,0.105,331342
930,2022-05-26,61,5,3,1,1999,2.99,12.87,0,1,4.13,0.846,320615
931,2022-01-20,84,2,2,2,1988,5.96,6.14,1,0,4.78,0.325,461114
932,2022-02-09,277,4,1,2,2002,7.15,8.68,1,1,5.09,0.655,1068480
933,2023-04-03,269,2,3,1,2015,3.83,12.51,1,1,7.89,0.632,1034410
934,2022-06-02,190,2,1,2,2007,5.94,7.73,1,1,9.65,0.326,813300
935,2022-04-21,72,5,1,2,2008,4.07,8.09,0,0,3.36,0.054,369195
936,2022-12-10,132,4,2,2,2021,7.27,10.35,1,0,9.48,0.149,705145
937,2023-05-13,278,5,3,2,2011,9.9,7.52,2,0,3.06,0.566,1174224
938,2022-10-07,129,5,1,2,1991,7.2,4.65,0,0,7.79,0.949,638815
939,2023-05-20,339,1,2,1,2009,1.53,19.26,1,0,7.13,0.926,1087357
940,2023-02-10,208,5,2,1,1990,5.3,10.18,0,1,1.47,0.113,816089
941,2022-03-13,177,3,1,1,2016,7.93,20.88,2,0,7.52,0.875,712183
942,2021-01-23,239,4,1,1,1999,5.88,22.13,1,1,9.11,0.234,956825
943,2022-07-19,80,1,3,1,1990,9.56,18.9,1,0,9.37,0.91,482945
944,2022-11-08,64,4,3,2,2017,1.49,10.22,0,0,7.17,0.758,315018
945,2022-12-15,124,1,1,1,1995,3.62,18.17,0,0,8.08,0.961,426040
946,2022-04-03,83,3,1,2,2014,2.99,4.3,0,1,1.64,0.442,378256
947,2021-03-24,245,5,2,2,1980,7.91,16.7,0,1,2.45,0.732,924542
948,2021-05-25,78,1,3,1,2004,5.71,10.45,0,1,3.36,0.735,398809
949,2021-03-26,243,1,1,1,2006,2.25,16.56,1,0,5.78,0.496,805587
950,2021-03-19,65,1,1,2,2011,3.57,18.99,0,0,4.48,0.975,192082
951,2022-04-02,126,3,3,2,1985,5.7,14.29,0,0,6.91,0.244,608922
952,2023-05-28,342,4,1,1,2020,9.97,16.24,0,1,5.01,0.986,1303101
953,2021-01-01,130,3,2,1,2015,4.28,5.73,2,1,7.98,0.812,600765
954,2021-02-20,173,1,2,2,2018,2.41,15.02,1,1,7.42,0.616,668832
955,2022-11-16,68,1,1,2,2002,5.47,11.78,0,0,7.73,0.076,351122
956,2022-12-18,151,5,3,1,2008,3.79,10.99,1,0,8.46,0.259,703803
957,2023-02-11,126,3,2,1,2009,6.09,10.55,1,0,8.51,0.841,606065
958,2022-03-22,278,3,3,1,2001,5.2,8.12,0,0,8.02,0.728,1060110
959,2022-03-25,346,2,3,2,1990,7.21,7.98,2,0,1.59,0.963,1266496
960,2023-05-31,252,4,3,2,2005,9.23,17.64,2,1,6.61,0.397,1065369
961,2022-05-03,110,2,2,2,2002,2.8,14.17,1,0,1.18,0.894,338675
962,2023-03-11,75,2,2,2,1982,8.39,1.23,0,1,7.69,0.862,463099
963,2021-02-03,120,4,1,1,1985,9.54,1.69,1,1,1.55,0.966,590144
964,2021-12-14,152,5,3,1,1986,4.36,14.47,1,1,9.85,0.272,701024
965,2021-04-05,206,5,2,2,2018,2.02,21.23,0,1,6.53,0.495,723554
966,2021-03-13,243,4,2,2,2001,8.4,1.58,2,0,2.64,0.081,1039585
967,2022-07-05,324,4,1,1,2021,7.31,12.93,1,0,5.21,0.591,1213185
968,2021-06-03,235,3,2,2,2012,2.91,21.35,1,1,8.44,0.732,839203
969,2021-09-07,162,3,2,1,2019,5.01,0.61,1,1,2.62,0.238,712355
970,2022-11-05,214,3,2,1,1982,6.2,7.26,1,1,5.83,0.17,893075
971,2022-03-14,110,3,1,2,2009,2.53,23.04,1,1,1.03,0.64,386688
972,2021-04-28,141,1,1,2,2003,7.43,2.5,0,0,8.1,0.393,667458
973,2023-02-10,335,1,3,1,1982,7.21,15.37,2,0,2.75,0.427,1233987
974,2023-06-10,202,5,2,1,1981,8.98,12.93,0,0,4.48,0.471,857099
975,2021-11-02,274,1,1,2,2019,6.11,4.22,0,0,5.77,0.511,1063093
976,2021-09-25,176,1,1,2,1998,6.17,1.54,0,1,2.3,0.196,719790
977,2021-02-23,242,3,1,2,2003,6.57,12.81,2,0,9.34,0.578,1031721
978,2021-08-24,164,3,3,1,1999,3.46,18.51,0,1,5.22,0.069,612433
979,2022-01-24,311,4,3,2,2010,7.83,4.84,2,1,3.09,0.114,1253509
980,2023-01-04,67,3,3,1,2020,6.96,17.44,1,0,7.62,0.712,391725
981,2023-02-02,59,4,3,1,2010,8.55,13.89,1,0,9.05,0.731,439463
982,2023-04-05,141,4,3,2,2016,7.92,9.27,0,1,9.21,0.266,720047
983,2022-02-05,188,1,2,1,2022,6.75,16.78,1,0,4.88,0.185,765698
984,2022-09-16,101,3,2,2,2008,2.45,5.2,1,1,4.24,0.054,498575
985,2023-02-06,244,1,1,2,1983,9.27,11.69,1,0,9.36,0.419,1003421
986,2021-10-30,255,3,3,2,1989,4.3,13.96,0,1,1.48,0.509,938352
987,2021-07-26,336,1,3,2,2015,9.68,11.74,0,0,7.75,0.899,1323333
988,2021-08-17,142,1,1,2,2014,4.62,10.24,2,0,2.6,0.002,561727
989,2023-05-03,194,1,2,1,2000,2.31,18.65,1,1,5.19,0.406,649826
990,2022-08-01,135,5,3,2,2022,8.96,16.57,0,0,9.58,0.419,734446
991,2021-03-16,202,1,3,1,2020,8.16,16.17,1,1,6.23,0.887,842862
992,2022-03-11,51,2,3,2,1980,8.08,22.35,0,1,5.71,0.196,309534
993,2021-04-13,309,2,2,2,2021,1.8,24.84,2,0,1.56,0.066,1010320
994,2022-02-26,213,2,2,2,1991,8.91,14.4,2,0,3.5,0.382,853617
995,2022-12-05,55,4,3,2,2003,6.37,9.03,0,1,1.03,0.612,358621
996,2023-02-03,198,1,3,1,1981,5.23,19.58,1,0,8.88,0.858,728578
997,2023-01-08,254,2,1,2,1999,9.22,3.98,2,1,6.8,0.269,1101021
998,2023-03-17,167,4,1,2,1995,6.99,13.07,0,1,2.06,0.251,703662
999,2021-11-02,138,2,2,2,2013,2.2,13.35,2,0,4.27,0.326,558882
1000,2021-04-08,203,3,1,1,1992,5.68,24.59,0,1,8.3,0.118,746792
1001,2023-04-30,216,5,3,2,1997,6.73,24.78,2,0,2.26,0.977,794748
1002,2023-03-09,210,1,2,1,2008,9.09,20.08,0,1,3.07,0.541,801082
1003,2021-12-01,319,5,1,2,2022,3.52,12.09,2,0,5.87,0.272,1182277
1004,2023-05-09,105,5,2,2,1993,8.15,13.91,2,0,2.3,0.362,544430
1005,2022-03-11,277,3,3,2,2009,8.2,8.33,0,0,4.44,0.866,1051110
1006,2022-03-23,198,3,1,2,2014,2.15,20.83,2,0,9.84,0.674,721789
1007,2021-11-04,95,3,1,2,1988,1.16,18.79,0,0,5.89,0.553,347835
1008,2021-09-06,193,4,1,2,2016,6.23,19.4,2,0,7.31,0.725,778642
1009,2021-06-15,287,2,3,2,2018,8.11,3.9,2,1,6.97,0.756,1178461
1010,2022-04-26,321,1,2,1,1991,5.99,10.27,0,0,2.91,0.194,1157173
1011,2021-12-01,169,3,1,2,2000,8.32,13.67,2,0,8.62,0.159,758732
1012,2022-06-26,269,1,2,2,1997,6.6,3.55,2,0,2.1,0.967,1031493
1013,2023-01-29,57,1,2,1,1990,6.88,9.53,0,1,9.29,0.186,409470
1014,2021-04-16,324,1,2,2,2006,1.25,2.64,1,1,2.94,0.465,1104790
1015,2022-07-17,115,3,3,2,2003,1.8,23.99,0,0,9.59,0.983,413680
1016,2021-03-22,128,3,3,1,2020,7.53,18.91,1,1,8.18,0.417,644216
1017,2021-05-13,135,2,1,2,2022,7.87,15.71,2,1,2.54,0.515,606399
1018,2023-03-08,173,3,1,2,2013,5.88,5.52,1,0,2.44,0.798,697153
1019,2023-06-19,251,3,2,1,1999,6.31,8.69,1,0,1.76,0.34,1008120
1020,2021-05-18,199,1,2,1,1992,6.53,4.04,0,1,3.23,0.431,837391
1021,2021-07-03,95,2,2,2,1987,1.94,13.63,1,0,6.93,0.332,396298
1022,2022-02-05,162,5,3,1,2016,7.01,20.6,1,0,5.68,0.287,706330
1023,2021-11-26,140,3,3,1,1984,5.31,0.97,2,0,6.52,0.472,678847
1024,2023-02-24,190,3,1,1,1986,6.42,3.03,0,0,1.28,0.746,763941
1025,2022-05-23,338,5,2,2,1991,6.07,6.12,0,0,1.72,0.867,1249993
1026,2023-05-02,267,1,2,2,2020,7.87,17.99,1,1,7.23,0.47,1061127
1027,2021-03-10,126,2,3,1,1983,3.87,22.4,2,0,8.63,0.321,496689
1028,2022-06-30,201,1,1,1,2019,4.36,18.95,0,1,4.23,0.912,686354
1029,2023-02-13,288,4,2,1,1998,4.52,13.36,2,1,2.5,0.336,1026223
1030,2021-02-22,164,3,2,1,1980,7.86,3.08,1,0,3.78,0.775,754163
1031,2022-03-26,143,4,1,2,2022,4.88,19.0,1,1,4.71,0.749,582068
1032,2021-07-24,97,3,2,2,1992,2.59,3.09,0,1,6.67,0.05,514587
1033,2021-05-06,240,4,3,2,2021,9.85,9.02,1,0,4.69,0.178,1047160
1034,2023-01-17,61,5,1,2,2004,5.44,8.05,2,0,9.07,0.573,411219
1035,2021-02-12,205,3,2,1,2013,1.98,9.3,2,0,4.61,0.868,761336
1036,2023-01-22,221,3,2,2,2014,7.03,8.57,1,1,2.63,0.594,917759
1037,2023-06-02,345,4,3,1,1996,7.65,19.34,1,0,3.24,0.743,1259198
1038,2021-04-21,226,2,3,1,2005,5.5,4.71,2,1,5.19,0.734,881810
1039,2023-01-31,106,4,3,1,2000,6.82,21.22,1,1,8.04,0.494,516924
1040,2022-10-25,252,3,2,1,1991,2.55,21.53,1,1,8.82,0.561,893840
1041,2021-07-02,234,3,2,2,1995,4.31,12.53,1,1,2.67,0.071,854179
1042,2023-04-28,170,2,2,1,1999,2.46,3.1,2,0,1.03,0.928,634424
1043,2021-04-05,275,1,1,1,1989,4.49,14.6,1,0,8.82,0.674,968766
1044,2022-01-09,251,2,3,1,2002,6.07,20.61,2,0,3.05,0.154,923392
1045,2022-06-04,265,1,1,1,2009,4.98,7.59,0,0,8.39,0.244,1024295
1046,2023-06-19,92,3,3,2,1987,6.34,21.02,1,0,5.96,0.005,465892
1047,2021-12-26,72,5,2,1,1984,5.52,17.08,1,0,4.64,0.264,432487
1048,2023-06-19,204,5,1,2,1991,3.86,24.69,1,1,2.32,0.317,749705
1049,2022-11-27,235,4,1,1,2021,2.29,20.71,0,1,7.05,0.683,793602
1050,2021-10-08,298,2,3,2,1993,3.27,5.44,1,0,8.36,0.477,1133818
1051,2021-07-14,286,2,1,1,1991,2.81,11.5,2,0,5.15,0.843,987588
1052,2023-05-14,342,5,1,1,2003,7.37,3.04,1,0,5.02,0.087,1387043
1053,2021-07-14,183,1,2,2,1996,8.38,2.21,2,1,7.8,0.707,861537
1054,2022-10-29,71,2,3,2,1980,7.48,17.8,2,1,5.5,0.875,386305
1055,2021-04-03,137,1,1,2,2021,6.79,22.87,2,1,8.07,0.421,580161
1056,2022-11-03,202,1,2,1,2016,3.77,24.35,2,0,1.49,0.289,649519
1057,2021-03-02,174,1,1,2,1990,7.4,7.13,2,0,8.72,0.446,759864
1058,2022-09-26,128,1,2,2,2021,6.45,5.44,1,1,3.36,0.789,566853
1059,2021-02-20,100,4,1,1,1985,1.42,14.23,1,0,2.52,0.919,348145
1060,2022-02-07,265,4,2,2,1994,9.17,5.42,1,0,1.29,0.066,1131274
1061,2023-02-28,225,5,2,1,2020,1.72,7.75,2,1,8.51,0.529,888146
1062,2021-01-05,302,4,3,1,2019,5.52,21.01,0,0,1.54,0.64,1017676
1063,2022-04-11,295,2,2,2,2002,5.62,20.36,1,1,9.59,0.017,1110289
1064,2022-08-27,276,4,1,1,2002,8.53,22.43,1,1,6.08,0.181,1086257
1065,2022-11-13,155,2,2,1,2017,9.22,12.31,1,1,7.29,0.063,759587
1066,2023-04-09,242,2,2,1,2017,9.46,14.32,2,0,7.53,0.29,1013095
1067,2022-06-18,85,1,1,1,1991,6.13,19.38,1,1,3.63,0.205,388162
1068,2022-02-09,253,5,1,2,1986,7.11,6.36,2,0,8.26,0.487,1084106
1069,2023-04-18,316,1,2,2,2016,1.8,20.67,1,0,9.52,0.655,1062390
1070,2022-05-28,317,1,1,1,1995,5.39,0.93,1,0,4.33,0.842,1121100
1071,2022-10-07,219,4,2,2,2017,9.08,20.04,2,0,8.52,0.304,943246
1072,2021-08-21,88,4,2,1,2019,5.1,19.51,2,0,7.95,0.05,452816
1073,2022-06-08,188,2,2,2,2014,1.63,7.89,1,1,6.31,0.004,759058
1074,2021-12-12,341,4,1,2,2019,2.81,18.33,2,0,4.31,0.845,1146615
1075,2021-02-15,101,4,3,1,2008,4.87,5.74,2,1,4.74,0.878,510236
1076,2022-06-30,336,3,3,1,2018,3.14,14.62,2,0,3.77,0.101,1177412
1077,2021-03-19,338,2,2,1,1996,4.53,17.66,0,0,4.84,0.01,1200644
1078,2022-12-31,190,2,2,1,2005,4.0,18.01,2,1,9.91,0.8,725530
1079,2023-03-24,195,3,1,2,1999,3.87,24.58,2,0,4.27,0.641,647231
1080,2021-03-14,233,2,3,1,2004,1.82,4.96,0,1,6.99,0.556,894204
1081,2023-03-05,201,5,3,2,2017,8.94,12.28,2,0,3.88,0.533,909038
1082,2021-09-06,250,5,3,2,2018,7.23,22.06,0,1,5.2,0.774,968417
1083,2021-02-16,177,3,1,1,2016,6.61,14.26,1,1,1.75,0.293,681777
1084,2021-05-01,336,4,1,2,1998,6.46,21.97,1,0,7.87,0.389,1240905
1085,2021-08-02,302,5,1,1,2000,4.57,11.13,1,1,6.95,0.078,1185118
1086,2021-08-27,315,3,2,1,2011,8.41,19.99,2,0,4.13,0.566,1156714
1087,2021-02-25,237,5,1,2,2007,9.37,21.82,0,1,5.72,0.961,956036
1088,2021-12-16,279,1,2,1,2018,1.05,21.24,1,1,8.85,0.284,932876
1089,2021-04-17,320,3,2,1,2020,1.71,21.85,2,0,1.4,0.929,991708
1090,2023-04-11,308,2,2,1,1991,7.07,5.88,1,1,9.37,0.729,1217886
1091,2021-02-17,348,5,2,2,1994,3.12,11.26,1,0,5.24,0.234,1263558
1092,2022-07-27,247,2,1,2,2007,9.21,4.78,1,0,8.74,0.663,1026473
1093,2021-12-03,105,3,1,1,2000,7.01,4.92,2,0,8.75,0.366,600126
1094,2021-01-26,252,5,3,1,1995,4.31,12.45,0,0,1.53,0.122,936033
1095,2023-03-15,320,2,3,2,2002,4.74,24.02,0,1,8.03,0.093,1131840
1096,2021-09-14,158,4,2,2,2005,7.22,15.0,0,1,7.6,0.017,748831
1097,2021-01-08,165,4,3,1,1994,2.27,21.42,0,1,1.39,0.798,545835
1098,2022-09-17,141,1,3,2,2016,8.95,23.46,2,1,9.46,0.885,637329
1099,2023-05-17,187,3,3,1,1991,1.04,2.62,2,0,6.71,0.483,742058
1100,2021-09-10,106,2,2,1,1983,9.81,4.47,2,1,2.51,0.52,581336
1101,2022-11-23,99,1,3,1,2014,2.51,7.63,1,1,2.11,0.692,380800
1102,2022-12-20,120,3,1,2,2010,7.68,15.61,0,1,6.06,0.701,554695
1103,2021-10-30,131,4,2,2,2006,1.36,2.01,2,0,1.53,0.324,536850
1104,2022-10-01,154,2,1,2,2011,4.88,19.77,1,1,2.48,0.159,580050
1105,2021-02-25,137,5,2,1,2012,6.67,2.06,1,1,9.54,0.43,760585
1106,2022-12-27,51,4,1,2,1992,1.63,4.38,1,1,7.7,0.697,331693
1107,2022-06-10,133,5,3,2,2016,4.99,9.85,0,0,6.52,0.804,583542
1108,2022-04-19,92,5,2,1,1981,3.73,14.16,2,1,2.88,0.089,465818
1109,2021-01-28,203,2,1,2,2017,5.48,22.1,1,1,2.97,0.588,707099
1110,2021-03-19,143,2,2,1,2016,5.54,24.11,2,1,5.01,0.054,585945
1111,2021-08-04,347,5,1,1,1984,8.07,22.17,1,0,7.79,0.825,1299848
1112,2022-01-21,182,1,3,2,1997,2.11,3.12,1,0,1.04,0.667,639135
1113,2021-12-31,114,5,2,2,1996,1.74,15.97,2,0,1.4,0.697,449872
1114,2022-10-28,339,5,2,1,1981,4.62,11.32,1,0,8.83,0.762,1291814
1115,2022-06-10,306,2,1,2,2021,8.99,3.58,1,0,8.33,0.496,1254644
1116,2022-11-30,262,3,1,2,2014,8.7,14.1,1,0,7.25,0.299,1103991
1117,2021-11-08,197,4,3,2,1993,6.04,9.24,0,0,5.5,0.786,799574
1118,2023-06-02,110,2,1,1,1991,9.0,8.97,1,1,2.31,0.777,539361
1119,2021-01-07,198,1,1,1,2012,8.25,2.81,0,0,1.92,0.135,834672
1120,2021-01-03,137,4,1,2,1986,3.5,24.48,0,1,9.15,0.903,494889
1121,2022-09-15,327,2,3,1,2018,2.53,18.29,2,0,4.44,0.221,1105390
1122,2023-01-20,131,2,3,2,1988,3.71,7.37,0,0,7.26,0.306,595583
1123,2021-12-29,178,3,2,2,1984,3.04,22.98,1,1,5.11,0.216,631922
1124,2023-01-21,335,1,3,2,1983,6.6,23.73,0,0,7.58,0.966,1183367
1125,2022-05-23,329,1,1,2,2011,6.26,20.35,2,0,2.74,0.299,1119358
1126,2021-10-01,319,2,2,1,1984,6.39,16.65,2,0,5.36,0.971,1185151
1127,2022-05-21,341,3,3,2,1987,2.7,9.72,1,0,4.39,0.638,1152737
1128,2023-03-17,252,2,3,1,1992,8.13,11.14,0,1,3.21,0.177,1033282
1129,2023-01-09,73,5,1,1,1983,4.9,11.65,0,0,6.38,0.554,400627
1130,2023-06-02,257,5,1,2,1990,5.25,23.74,2,0,5.83,0.882,898276
1131,2021-01-15,329,3,3,2,1994,9.97,19.12,2,1,5.46,0.562,1287799
1132,2021-07-11,254,2,2,1,1997,3.54,7.65,2,1,6.32,0.133,940379
1133,2022-09-23,201,3,1,2,1999,4.55,15.8,2,0,2.28,0.287,744286
1134,2022-04-30,75,2,3,2,1980,7.09,15.05,2,0,4.33,0.225,406582
1135,2021-01-28,243,2,3,1,1980,8.92,20.4,0,0,3.92,0.126,911243
1136,2022-12-15,287,5,1,1,1990,2.14,2.84,0,1,7.92,0.327,1107513
1137,2021-02-08,124,4,2,1,2008,7.62,17.68,0,1,1.32,0.661,545136
1138,2021-09-30,212,1,2,2,2008,9.26,8.61,1,1,3.54,0.383,938228
1139,2021-08-19,348,1,2,2,2003,4.81,3.68,1,1,9.26,0.444,1332540
1140,2021-03-27,78,3,1,1,1999,3.58,18.43,1,0,3.7,0.321,266760
1141,2022-04-19,214,1,1,1,2009,7.1,8.63,0,1,2.37,0.994,793652
1142,2021-05-06,235,5,1,2,2017,3.21,18.39,0,1,7.82,0.586,892284
1143,2023-03-23,103,4,2,1,1984,4.46,4.48,1,0,1.43,0.834,435374
1144,2022-06-21,344,2,2,1,1989,9.07,24.66,0,0,4.84,0.441,1223388
1145,2021-05-25,91,2,1,2,1985,6.31,20.18,2,0,8.7,0.169,446076
1146,2022-06-09,334,5,1,1,1983,1.85,7.58,1,1,9.59,0.847,1216769
1147,2021-07-31,187,1,1,2,1983,3.97,18.64,0,0,3.24,0.763,642063
1148,2021-01-25,236,2,2,1,1986,6.65,3.83,2,0,3.67,0.33,962542
1149,2022-08-03,253,1,3,2,2012,5.33,16.51,1,1,6.11,0.606,936066
1150,2022-01-29,91,5,3,2,1988,6.94,1.96,0,1,3.04,0.093,548505
1151,2021-03-08,337,2,2,1,2005,7.85,8.67,0,1,2.36,0.026,1256201
1152,2021-08-21,75,3,1,1,2020,5.33,24.47,2,0,4.83,0.816,310160
1153,2021-04-19,105,4,1,1,2000,9.88,3.46,1,0,1.65,0.942,571866
1154,2021-05-26,302,1,1,2,2001,9.23,15.14,0,1,9.05,0.344,1157647
1155,2021-04-21,171,1,1,1,2012,1.54,2.23,2,0,4.01,0.598,626700
1156,2021-08-16,155,1,2,2,2012,3.4,16.9,0,0,4.03,0.717,527237
1157,2021-04-21,179,1,3,1,1984,3.7,7.33,0,1,8.12,0.746,710225
1158,2022-04-15,207,5,3,2,2000,2.66,8.09,1,0,4.07,0.481,835390
1159,2021-02-03,280,5,2,1,2006,3.81,8.78,1,0,7.85,0.613,1081182
1160,2022-09-15,140,5,1,2,2020,4.82,5.53,0,1,2.63,0.657,608379
1161,2023-02-15,71,5,3,2,1980,1.46,23.57,0,0,5.76,0.103,319893
1162,2022-01-04,339,2,2,2,1995,2.15,22.69,1,1,7.92,0.645,1130811
1163,2023-01-18,159,5,1,2,2014,1.87,21.82,0,0,5.05,0.511,541080
1164,2022-08-18,98,2,3,2,2015,1.42,3.11,0,0,1.65,0.378,368777
1165,2022-07-08,178,3,2,2,2011,5.33,6.22,0,0,7.63,0.262,773502
1166,2022-03-01,122,5,3,1,2008,4.0,15.5,2,0,5.45,0.638,562078
1167,2022-09-05,102,3,3,2,2018,9.42,24.27,2,0,3.85,0.167,510080
1168,2022-06-02,217,5,2,1,2002,1.92,15.32,1,0,9.94,0.811,793633
1169,2022-11-23,94,3,2,1,1994,9.33,8.51,0,1,8.88,0.172,619108
1170,2021-10-09,154,4,3,1,2005,1.78,20.53,0,0,1.34,0.772,523935
1171,2021-11-16,199,3,3,1,2016,6.57,3.82,2,0,6.34,0.817,882179
1172,2023-01-08,195,2,2,1,2004,3.23,22.1,1,1,4.19,0.94,654132
1173,2022-03-19,253,1,1,1,1981,8.44,24.38,1,1,1.34,0.463,905442
1174,2021-11-11,348,3,1,1,1991,1.55,24.21,0,0,1.1,0.064,1056887
1175,2023-05-27,216,1,1,2,1998,9.57,4.12,0,1,6.25,0.678,918487
1176,2023-01-11,250,4,1,1,2011,1.43,13.97,2,1,3.88,0.283,895861
1177,2022-01-12,183,4,2,1,2002,3.17,14.83,2,1,7.33,0.093,755866
1178,2021-10-16,260,2,1,2,1984,5.18,5.28,1,1,5.09,0.856,1000820
1179,2022-03-13,97,2,3,2,2004,7.8,13.9,2,1,7.9,0.14,587077
1180,2022-10-24,175,3,1,1,2014,9.56,16.34,2,1,8.32,0.506,784437
1181,2021-10-04,288,5,2,2,2008,4.85,8.56,1,0,6.92,0.789,1123191
1182,2022-12-11,56,4,1,1,2017,7.82,8.23,1,1,4.76,0.199,416162
1183,2022-08-05,321,1,1,2,1999,7.54,1.98,1,0,9.9,0.897,1247390
1184,2022-05-18,86,5,2,1,2015,6.14,23.94,0,0,3.76,0.332,447297
1185,2022-09-16,260,4,1,2,1986,7.22,20.19,0,1,5.63,0.396,962875
1186,2022-05-31,214,3,2,1,2001,1.34,19.11,2,0,5.68,0.131,743290
1187,2021-12-16,174,4,1,2,1997,4.97,1.03,2,0,4.86,0.644,752304
1188,2023-04-23,241,2,2,1,2000,8.07,15.8,2,1,2.09,0.495,935563
1189,2022-03-22,267,1,1,2,2001,5.27,4.93,0,1,4.19,0.974,933451
1190,2023-04-10,263,1,3,2,2018,8.86,16.71,0,1,2.94,0.698,977167
1191,2021-12-16,111,2,3,2,1991,8.5,15.72,1,1,9.1,0.759,585116
1192,2022-08-30,210,5,2,2,1990,8.77,21.37,1,0,6.9,0.199,873783
1193,2022-10-26,115,2,2,2,1991,2.17,6.76,0,1,3.59,0.713,466459
1194,2023-04-03,335,1,2,1,2005,3.2,1.17,0,1,6.09,0.557,1225272
1195,2021-05-17,288,3,3,1,2009,1.27,22.9,0,0,8.68,0.404,943715
1196,2023-01-29,69,5,2,1,1994,9.85,22.76,2,0,9.41,0.783,467762
1197,2023-06-18,237,4,1,2,1987,3.13,11.67,1,1,1.68,0.979,838120
1198,2021-08-31,131,3,2,2,2022,4.3,2.41,2,0,8.08,0.095,619554
1199,2022-06-27,251,5,2,2,1997,3.47,12.7,1,1,9.7,0.789,952290
1200,2021-02-09,181,1,1,1,1989,1.36,13.34,0,1,5.21,0.919,569679
1201,2021-08-17,86,1,1,1,1987,3.35,20.63,2,0,9.96,0.315,412839
1202,2022-07-02,181,3,3,1,2017,1.88,18.07,1,1,9.61,0.363,721306
1203,2021-08-11,126,5,1,2,2014,4.55,2.23,2,1,6.91,0.795,616268
1204,2021-01-06,138,4,1,2,1999,9.7,17.78,0,1,8.63,0.954,643588
1205,2021-11-18,302,4,2,2,1991,7.28,3.83,1,1,3.67,0.939,1175813
1206,2022-04-13,243,2,3,1,1982,7.36,2.69,0,1,9.26,0.056,1100897
1207,2023-01-02,225,3,1,2,1999,5.08,10.27,1,0,6.33,0.871,898055
1208,2021-03-16,82,5,3,2,1991,8.3,2.4,2,0,5.59,0.586,554032
1209,2021-01-04,107,3,1,2,2003,9.17,20.82,1,1,8.52,0.421,564761
1210,2023-04-27,250,4,3,1,1995,9.65,11.85,2,1,9.01,0.846,1099755
1211,2022-10-08,77,5,1,1,1989,1.89,14.88,0,0,7.31,0.8,355996
1212,2021-04-28,84,1,2,1,1998,8.92,14.63,0,1,1.23,0.509,393881
1213,2023-05-31,174,1,3,2,2020,3.03,24.46,1,0,6.37,0.411,614569
1214,2022-08-29,91,5,3,2,1993,4.58,22.94,0,1,8.39,0.472,420927
1215,2022-05-19,134,3,1,1,1993,4.11,21.3,1,1,5.91,0.318,540925
1216,2022-07-28,237,3,3,2,2001,7.08,9.89,2,0,9.41,0.681,987985
1217,2022-03-17,160,1,1,2,1983,6.38,4.05,1,1,9.08,0.892,706101
1218,2021-07-13,320,1,3,2,2013,1.98,15.0,1,1,5.77,0.251,1088581
1219,2023-04-27,154,4,3,1,1997,8.05,11.29,1,1,4.63,0.826,761202
1220,2022-12-16,90,5,2,1,2013,4.96,6.03,0,0,1.5,0.361,474989
1221,2022-01-27,264,3,2,1,1997,1.02,2.89,2,1,6.69,0.132,994452
1222,2021-01-26,120,4,3,2,2019,4.73,11.18,1,0,3.39,0.04,539114
1223,2022-03-11,105,3,2,1,2010,5.65,16.45,2,0,7.02,0.479,522041
1224,2021-06-22,285,1,3,1,2021,1.62,15.82,0,1,8.19,0.568,911323
1225,2021-10-27,330,5,1,1,1999,2.36,19.46,1,1,4.68,0.006,1164363
1226,2022-10-07,154,2,3,1,2015,9.94,11.93,1,0,1.14,0.653,670904
1227,2021-11-22,211,5,3,1,2021,8.84,8.38,2,1,8.79,0.519,1052533
1228,2022-02-14,240,2,2,2,1989,2.2,13.7,2,1,5.94,0.997,893694
1229,2021-04-28,58,4,2,2,1982,6.22,24.39,2,1,3.83,0.105,330933
1230,2023-04-16,109,2,1,2,2000,4.41,1.6,1,0,6.7,0.705,503791
1231,2023-02-26,274,2,1,2,2015,5.89,13.45,1,1,7.07,0.217,1045660
1232,2022-12-25,237,4,1,2,1989,5.23,8.57,2,0,2.33,0.206,908447
1233,2021-08-13,119,5,3,2,1986,1.43,3.08,2,0,6.82,0.019,565731
1234,2022-06-16,342,4,1,1,2001,3.84,11.15,2,0,3.58,0.007,1240081
1235,2021-04-23,336,1,1,2,2002,2.13,16.21,0,0,8.23,0.187,1142815
1236,2021-05-20,218,1,2,2,1991,5.4,13.44,1,1,9.47,0.176,878255
1237,2022-07-13,111,2,2,2,2018,9.17,1.21,2,0,1.92,0.0,625632
1238,2021-01-01,63,4,1,2,1992,9.96,14.69,0,1,9.26,0.717,453358
1239,2021-03-31,213,4,1,2,2019,9.5,6.18,1,0,9.13,0.504,964033
1240,2022-10-16,294,4,3,2,1992,9.87,8.87,0,0,4.09,0.396,1191948
1241,2021-11-16,57,5,3,2,2012,1.14,8.15,2,0,1.26,0.104,314069
1242,2022-07-04,203,3,2,2,2010,7.57,21.53,0,1,6.97,0.334,825312
1243,2023-03-16,85,3,1,1,2007,3.46,1.67,0,1,4.1,0.471,423940
1244,2023-06-13,97,3,1,2,1998,8.79,9.03,2,0,2.72,0.998,505436
1245,2021-05-19,134,5,1,2,2000,8.32,10.17,2,0,1.98,0.511,643573
1246,2022-05-26,77,4,1,2,2011,4.81,15.66,1,0,2.76,0.02,370509
1247,2023-05-18,245,3,1,2,2005,5.26,19.83,0,0,3.14,0.208,892906
1248,2023-04-25,257,4,3,2,1992,3.39,18.33,2,0,8.16,0.355,985328
1249,2021-09-16,253,2,3,1,2008,3.6,18.94,2,1,8.05,0.456,931662
1250,2022-11-04,153,3,1,1,1986,9.83,5.21,2,1,5.45,0.674,757796
1251,2022-11-21,279,2,3,1,2005,9.0,22.84,1,0,5.98,0.591,1083325
1252,2021-01-10,150,5,3,1,1985,2.73,10.65,0,1,9.26,0.509,673985
1253,2021-09-18,78,1,1,1,2011,3.48,0.77,2,1,9.17,0.838,413200
1254,2022-10-12,176,5,3,2,2015,1.98,16.87,0,0,8.46,0.196,671923
1255,2021-06-21,59,5,1,1,2002,9.9,15.3,2,1,4.37,0.078,495390
1256,2023-06-17,155,5,3,1,1990,9.16,3.59,2,1,4.3,0.838,782889
1257,2021-01-13,216,3,1,1,2000,5.97,24.02,0,1,8.99,0.462,827618
1258,2021-06-17,306,2,1,1,1998,7.24,14.26,0,1,9.34,0.553,1205144
1259,2022-10-04,344,3,3,2,2013,7.73,12.0,1,0,8.19,0.837,1317805
1260,2022-08-19,326,1,3,2,2014,2.83,10.25,1,0,7.81,0.946,1139090
1261,2021-11-17,114,5,2,1,2010,9.41,5.64,0,1,6.02,0.552,684974
1262,2021-11-15,320,4,1,2,2008,5.74,23.84,2,1,4.05,0.812,1099707
1263,2022-09-05,237,1,1,2,1985,1.83,17.7,1,0,3.17,0.545,714833
1264,2021-11-25,187,2,1,2,2015,4.57,14.41,0,0,2.26,0.033,671627
1265,2023-02-24,154,1,1,2,2010,6.41,15.96,1,1,7.55,0.956,619524
1266,2023-02-16,83,3,3,1,2011,4.18,21.09,0,1,7.99,0.818,377327
1267,2022-07-04,159,4,3,2,2019,7.29,16.08,2,0,4.23,0.753,722494
1268,2022-02-23,82,3,2,2,1999,8.94,3.31,1,0,1.05,0.442,474501
1269,2022-08-29,280,5,1,1,2001,7.95,17.58,1,0,9.45,0.943,1106555
1270,2021-04-05,315,5,2,1,1982,6.78,14.34,1,1,4.93,0.49,1245815
1271,2023-03-28,231,1,2,2,1987,5.61,24.18,1,0,9.77,0.721,831033
1272,2022-08-04,114,5,2,1,1998,3.29,18.48,0,0,7.1,0.101,536799
1273,2021-11-14,50,5,2,1,2010,5.09,8.93,0,1,2.12,0.219,333784
1274,2021-08-24,182,2,2,1,2011,3.64,3.82,1,0,3.94,0.424,702719
1275,2021-11-30,129,2,3,1,1994,9.41,12.32,2,1,6.91,0.581,671566
1276,2023-06-04,320,3,3,2,2018,9.17,17.14,0,1,6.84,0.806,1249211
1277,2022-01-11,290,3,2,1,2010,2.4,4.84,0,0,3.09,0.241,1030739
1278,2022-04-04,77,2,3,2,1982,8.4,16.41,2,0,2.59,0.774,414662
1279,2021-05-17,272,1,3,1,2011,7.33,20.73,1,1,3.49,0.89,977176
1280,2022-08-11,72,2,2,2,1989,9.78,4.35,1,0,8.08,0.818,531639
1281,2022-07-01,158,3,3,1,2007,5.17,17.79,0,1,3.18,0.622,626947
1282,2022-05-28,156,4,3,1,2006,7.5,2.17,2,1,7.32,0.81,796045
1283,2021-10-23,194,5,1,1,2019,5.66,0.69,2,0,8.83,0.878,871569
1284,2021-11-16,188,4,2,2,2022,1.62,1.3,0,0,4.52,0.555,746036
1285,2022-07-26,333,4,1,2,2010,1.42,15.97,1,1,1.06,0.81,1083913
1286,2023-04-12,347,5,1,1,2013,2.1,24.35,1,1,2.28,0.421,1132280
1287,2021-12-15,148,2,2,1,1984,3.67,19.4,2,1,3.81,0.522,530947
1288,2023-04-20,172,1,1,1,1990,3.33,6.73,2,0,2.71,0.053,662607
1289,2023-02-18,336,4,1,2,1986,7.55,2.26,2,1,3.61,0.883,1302637
1290,2023-05-23,130,1,3,2,1987,7.44,15.61,2,0,5.9,0.14,595251
1291,2021-08-17,59,3,1,2,1996,9.74,0.58,2,0,1.19,0.276,464435
1292,2021-09-27,57,4,2,2,2018,3.79,19.92,2,1,1.58,0.317,293557
1293,2023-04-08,254,3,3,1,2020,9.45,6.46,2,0,8.7,0.116,1152063
1294,2023-03-09,246,2,3,2,1993,6.52,7.83,2,0,5.7,0.922,991925
1295,2021-10-18,247,4,3,2,2003,5.46,8.93,2,0,9.42,0.97,1027121
1296,2022-12-26,79,3,2,1,2009,7.01,19.21,0,1,1.03,0.865,352786
1297,2021-06-14,69,3,2,1,1994,7.32,7.01,1,0,1.0,0.346,412201
1298,2021-01-05,97,2,2,2,1983,2.55,7.47,0,0,7.66,0.055,481307
1299,2023-05-01,179,1,1,2,1992,7.77,13.75,0,0,5.29,0.183,722821
1300,2022-01-14,342,1,1,1,1984,7.53,11.84,2,0,9.22,0.772,1259051
1301,2021-03-19,181,4,3,2,2010,9.98,23.91,2,1,8.08,0.286,794002
1302,2022-02-14,103,2,3,1,1991,9.21,6.95,2,0,5.54,0.893,613901
1303,2022-07-28,330,4,2,2,2009,7.16,2.75,0,0,5.31,0.835,1323456
1304,2021-05-12,314,1,2,2,1989,7.41,13.75,2,1,8.3,0.237,1196652
1305,2022-08-24,264,2,1,2,2009,9.51,5.02,2,0,8.23,0.693,1139969
1306,2023-01-19,339,5,1,1,2005,9.7,10.63,1,1,3.49,0.442,1367030
1307,2021-02-11,92,2,2,2,1985,8.44,5.09,2,0,7.07,0.215,575604
1308,2021-03-30,123,2,2,1,2006,7.91,22.08,1,0,6.79,0.59,550973
1309,2022-02-06,327,5,1,1,1999,2.0,8.52,0,0,8.7,0.837,1160727
1310,2021-10-23,291,3,3,2,2007,8.47,19.48,1,0,8.82,0.927,1137086
1311,2023-04-20,179,3,3,2,1999,3.28,23.74,2,1,3.41,0.059,663989
1312,2021-10-22,243,3,1,2,1991,6.07,23.54,2,0,8.92,0.419,919214
1313,2022-09-08,81,1,1,1,2000,4.65,13.36,1,1,9.32,0.604,391025
1314,2022-06-10,155,2,3,2,2009,4.11,24.59,1,0,1.99,0.338,559647
1315,2023-03-11,253,5,1,1,1989,3.79,16.57,2,0,6.16,0.318,968583
1316,2022-11-22,50,1,3,1,1984,8.7,3.65,1,0,4.93,0.772,405724
1317,2022-09-29,294,5,3,2,2016,7.92,22.27,1,0,4.62,0.783,1135757
1318,2022-02-26,121,1,1,2,1987,5.71,11.98,2,1,7.34,0.729,537986
1319,2023-05-15,64,1,2,2,2009,6.98,4.24,0,0,2.17,0.899,369089
1320,2021-01-23,102,1,2,2,1996,9.86,19.89,0,1,8.38,0.495,506807
1321,2022-07-29,57,5,2,1,1982,4.58,15.8,2,1,1.24,0.788,303031
1322,2021-05-23,95,4,2,2,2000,5.96,22.11,1,0,6.2,0.011,474170
1323,2022-10-27,163,1,2,1,1995,5.8,20.77,0,0,3.03,0.987,571408
1324,2021-05-25,196,3,2,2,2011,9.42,8.34,1,1,7.01,0.919,896717
1325,2021-08-13,215,2,2,1,2006,4.16,6.78,2,0,5.73,0.841,843771
1326,2022-05-18,188,4,1,1,1985,9.88,18.48,1,1,10.0,0.588,894100
1327,2023-04-01,166,4,1,1,2021,3.74,14.55,0,0,8.76,0.544,641059
1328,2022-09-08,348,5,2,1,1995,1.98,2.21,1,0,4.03,0.15,1285427
1329,2021-04-14,325,4,1,2,1982,2.72,4.95,0,0,5.76,0.054,1176883
1330,2021-02-08,326,5,3,2,2019,4.84,4.21,1,1,3.86,0.256,1295850
1331,2021-07-17,227,5,2,2,1999,6.85,14.95,0,0,7.56,0.151,964129
1332,2022-10-08,203,3,3,2,2019,5.65,2.6,1,0,4.8,0.561,839953
1333,2022-08-02,250,1,1,1,1986,4.39,5.59,0,0,2.04,0.333,891756
1334,2022-01-26,164,4,2,2,1990,6.06,13.86,0,1,6.95,0.388,689707
1335,2021-06-28,208,1,3,1,2008,8.55,3.76,2,0,1.1,0.026,912657
1336,2022-07-08,91,1,1,1,1982,8.55,6.58,1,1,3.68,0.549,476743
1337,2022-03-24,296,1,2,1,2000,7.54,22.72,0,0,9.16,0.656,1056995
1338,2022-05-15,117,5,2,1,2011,9.57,17.58,1,1,1.85,0.334,593277
1339,2021-01-15,245,1,3,1,2009,6.31,8.02,1,0,5.54,0.131,985397
1340,2022-09-15,139,4,3,1,2018,1.07,22.0,2,0,8.16,0.704,519217
1341,2022-10-31,160,5,3,1,1990,3.62,6.63,0,0,9.14,0.129,729567
1342,2021-10-16,194,4,1,1,1996,3.95,14.93,0,1,6.04,0.817,728731
1343,2022-04-23,324,5,3,1,2004,5.93,9.53,1,1,2.38,0.546,1232494
1344,2021-08-19,228,2,3,1,2004,9.14,18.93,2,0,9.47,0.237,956818
1345,2022-02-24,290,2,3,1,1988,8.54,9.6,0,0,7.74,0.899,1113186
1346,2021-06-06,202,2,2,2,2008,3.09,6.6,0,1,4.56,0.142,776431
1347,2022-07-04,153,2,3,1,1994,5.67,15.39,1,0,3.49,0.601,619120
1348,2022-03-17,124,5,3,2,1998,6.93,18.76,0,0,1.43,0.618,540431
1349,2021-04-07,177,1,1,1,1994,9.89,13.64,1,1,2.72,0.037,806994
1350,2022-02-15,248,3,1,1,2018,1.28,18.05,0,1,8.0,0.61,833634
1351,2021-10-16,203,3,3,1,2014,5.17,10.84,0,0,1.98,0.694,769022
1352,2021-09-11,105,2,1,1,2019,9.89,19.99,2,1,2.16,0.91,496611
1353,2021-07-15,327,1,1,1,1992,9.79,14.83,0,0,2.76,0.709,1200344
1354,2022-08-21,68,4,1,2,1995,3.98,5.31,0,0,4.56,0.484,359212
1355,2023-04-14,208,1,2,2,1982,1.0,22.32,2,0,2.7,0.853,618095
1356,2022-06-06,75,4,3,1,2010,6.28,21.0,0,1,9.14,0.354,435033
1357,2022-06-01,218,3,3,1,1980,8.8,24.12,1,0,3.32,0.856,851305
1358,2022-09-27,72,1,3,1,2014,3.92,14.44,1,0,9.28,0.844,331461
1359,2023-04-22,96,1,1,2,1995,9.41,17.06,2,1,9.86,0.604,481005
1360,2023-05-15,62,3,1,2,1980,3.99,21.66,0,1,7.79,0.345,288347
1361,2021-04-28,266,1,1,1,1993,6.49,1.79,2,1,1.07,0.591,1046796
1362,2023-03-17,243,4,2,1,1986,7.5,22.85,2,1,3.16,0.906,933575
1363,2021-06-08,193,1,1,1,2002,4.11,7.14,0,1,3.41,0.637,676937
1364,2023-03-26,122,4,2,2,2014,4.17,1.9,0,1,5.88,0.84,593121
1365,2021-08-16,205,2,3,1,2008,5.23,6.32,0,1,2.43,0.345,819238
1366,2023-05-27,126,1,1,1,2001,8.52,14.87,2,1,1.69,0.292,550281
1367,2021-08-04,218,4,2,1,1995,1.91,1.67,2,0,2.59,0.256,818957
1368,2022-11-27,336,3,2,2,2008,6.68,0.52,2,0,3.95,0.491,1290838
1369,2021-01-15,134,2,1,1,1985,7.1,16.16,0,1,1.44,0.432,528481
1370,2021-06-06,231,1,2,1,1997,6.02,11.61,2,0,2.76,0.854,883935
1371,2022-10-10,346,4,1,1,2008,9.42,21.19,2,0,2.51,0.113,1308522
1372,2021-09-18,161,1,2,2,2004,6.42,6.81,0,0,7.95,0.554,683748
1373,2021-06-06,279,4,3,2,1981,6.71,7.38,0,0,2.53,0.403,1081909
1374,2021-02-16,145,1,3,1,2011,6.4,2.4,2,1,8.12,0.938,693811
1375,2021-11-20,217,2,3,2,2015,7.5,13.69,1,1,5.57,0.788,871896
1376,2023-04-24,205,2,1,1,2011,2.22,9.46,2,1,7.82,0.433,776473
1377,2022-11-16,154,1,3,2,2020,9.05,8.82,1,1,5.05,0.641,717595
1378,2021-05-10,242,1,3,1,1999,1.38,11.71,2,0,9.11,0.746,864545
1379,2022-02-15,181,5,3,1,2016,6.77,21.32,1,1,3.49,0.071,727603
1380,2021-04-05,187,1,1,1,2021,6.54,3.08,0,0,7.9,0.674,800945
1381,2022-09-19,319,1,2,2,2017,2.87,13.33,0,1,2.47,0.139,1068017
1382,2023-01-25,87,2,1,2,2012,1.37,5.31,2,1,8.94,0.189,440286
1383,2021-10-19,94,1,1,2,1984,2.25,5.7,0,0,1.26,0.461,381121
1384,2023-03-05,212,3,3,1,1985,3.45,6.79,2,0,5.12,0.979,788316
1385,2023-03-22,302,1,2,2,2001,8.94,11.76,2,0,4.79,0.952,1148398
1386,2021-10-10,218,5,3,1,2000,8.7,12.61,0,1,6.61,0.902,946558
1387,2021-03-10,334,4,3,2,1998,1.57,21.85,1,1,4.97,0.034,1158216
1388,2022-10-22,323,2,1,1,2022,3.6,22.36,2,0,6.3,0.853,1032233
1389,2021-01-11,69,3,1,1,1994,9.0,14.87,1,1,8.76,0.776,444085
1390,2021-09-11,288,4,1,1,2013,3.13,7.39,1,0,2.28,0.499,1011437
1391,2023-04-22,319,3,3,1,1986,9.96,20.55,0,0,3.2,0.325,1246590
1392,2023-05-22,80,2,2,2,1996,3.31,19.93,2,1,8.23,0.756,385566
1393,2022-07-04,153,5,2,1,1984,7.65,20.05,0,1,3.05,0.107,670797
1394,2021-05-14,219,2,3,2,2018,4.75,0.9,2,0,9.15,0.65,906704
1395,2022-12-13,235,3,2,1,1981,2.23,18.97,1,1,5.87,0.672,799928
1396,2021-01-23,177,3,3,1,2006,3.3,21.39,2,1,1.74,0.554,628731
1397,2023-03-26,259,2,2,1,2003,7.08,15.32,1,0,1.19,0.878,903363
1398,2021-12-12,330,1,3,2,2020,4.03,18.91,0,0,7.87,0.33,1161061
1399,2021-10-29,302,2,2,1,2007,6.44,19.52,0,0,8.71,0.478,1106944
1400,2021-12-29,68,5,1,1,1980,2.85,12.91,0,1,3.16,0.759,314256
1401,2022-01-31,249,2,1,1,2000,5.04,20.43,2,1,3.17,0.717,873187
1402,2021-08-06,269,4,1,1,2007,5.61,19.91,2,0,9.59,0.562,1052868
1403,2021-05-21,185,1,1,2,1982,4.72,22.94,0,1,6.91,0.272,674710
1404,2022-09-08,272,4,3,1,2009,2.78,23.07,2,1,2.51,0.294,951339
1405,2021-07-29,52,2,2,1,1980,5.15,13.48,2,1,5.04,0.741,304704
1406,2022-09-15,285,1,3,1,1997,7.24,1.27,2,0,9.19,0.006,1160354
1407,2022-09-08,277,4,1,2,2012,9.68,0.97,1,0,6.59,0.653,1191933
1408,2023-04-08,191,4,2,2,1994,8.11,23.5,2,1,4.67,0.248,812252
1409,2022-11-14,58,1,3,1,2003,2.45,8.77,0,0,2.36,0.673,233645
1410,2022-04-05,239,1,1,2,2015,3.45,9.75,0,1,7.53,0.187,917636
1411,2021-12-22,214,3,2,1,2013,1.71,12.01,2,0,3.49,0.376,730612
1412,2021-11-20,188,1,2,2,2005,2.22,7.01,1,1,6.09,0.754,679802
1413,2021-05-13,325,2,1,1,2019,3.26,14.97,1,0,6.4,0.755,1095045
1414,2023-06-07,340,5,1,1,2001,2.8,19.72,1,1,6.0,0.21,1198185
1415,2023-03-16,102,3,2,2,1995,2.92,6.8,0,0,3.22,0.376,420810
1416,2023-04-20,224,1,1,1,2019,3.08,18.71,0,1,7.37,0.503,745249
1417,2021-05-07,159,5,3,1,2021,3.71,16.96,2,1,6.09,0.587,661414
1418,2021-04-16,252,3,1,2,1995,2.13,13.38,2,0,4.63,0.742,887385
1419,2022-08-27,185,2,1,1,1984,3.5,8.47,2,1,1.47,0.024,717003
1420,2023-03-10,53,5,1,1,1985,7.2,21.88,1,0,3.98,0.115,316521
1421,2022-01-13,204,1,2,1,2021,3.13,10.37,2,1,4.17,0.158,754293
1422,2021-02-20,221,1,2,2,2003,2.55,9.68,2,1,8.12,0.191,826687
1423,2021-01-29,96,2,1,2,2009,1.61,16.21,2,1,5.62,0.03,352500
1424,2022-04-07,143,3,2,1,2016,5.5,23.05,2,0,9.39,0.92,593599
1425,2021-10-23,97,5,1,2,2011,8.58,12.95,2,1,7.76,0.162,569987
1426,2021-10-24,289,2,3,1,1998,1.53,18.21,0,1,5.84,0.074,1005207
1427,2022-12-27,262,3,2,2,2007,5.88,11.69,0,0,2.52,0.472,1006722
1428,2023-02-18,188,4,1,2,1987,6.86,5.86,1,1,2.99,0.941,798283
1429,2022-02-11,254,4,2,2,2022,6.33,3.54,1,0,2.44,0.964,1009555
1430,2023-02-08,122,3,3,1,1980,8.9,3.84,1,0,4.99,0.676,667955
1431,2023-03-25,53,1,3,2,1983,8.8,1.02,0,1,7.5,0.178,454106
1432,2022-09-05,125,1,1,1,2001,1.52,14.05,0,1,7.83,0.004,476859
1433,2022-02-09,126,4,2,1,2001,4.25,3.71,2,1,1.87,0.335,591327
1434,2021-12-12,305,1,3,2,2009,7.04,21.71,1,1,5.46,0.125,1110872
1435,2022-09-14,151,1,2,1,2006,9.57,24.58,2,0,5.33,0.755,574143
1436,2022-02-24,155,3,1,2,2006,8.24,12.65,0,1,4.95,0.969,651381
1437,2021-07-01,88,3,3,1,1992,2.59,11.52,2,1,3.71,0.084,395988
1438,2023-04-05,324,1,3,1,2018,3.51,9.03,2,0,5.28,0.397,1170510
1439,2021-01-01,137,3,2,1,2006,7.87,16.13,2,0,5.65,0.902,585341
1440,2023-04-11,260,5,3,2,2018,5.24,15.4,2,0,6.4,0.728,1052698
1441,2022-07-21,126,4,1,1,2017,5.93,8.91,0,1,4.4,0.87,598634
1442,2022-01-06,126,5,1,2,1987,6.48,8.91,0,1,9.51,0.923,656963
1443,2022-10-23,77,5,3,1,1991,1.93,16.3,0,1,4.05,0.413,336228
1444,2022-03-07,294,1,1,1,2003,8.7,14.09,0,1,9.06,0.694,1095558
1445,2021-11-05,115,1,3,1,1997,8.77,18.1,1,0,8.21,0.709,574073
1446,2021-05-17,315,5,3,1,1994,5.21,23.56,1,1,5.19,0.631,1131912
1447,2021-07-21,254,5,3,2,1995,6.64,19.6,2,0,5.47,0.326,1026540
1448,2022-03-12,107,2,3,1,2012,6.94,7.96,2,1,8.83,0.832,593614
1449,2021-11-09,250,2,2,1,1989,2.71,19.1,2,1,5.43,0.769,850009
1450,2021-04-27,274,4,3,1,2003,2.01,11.53,2,1,7.11,0.445,1005136
1451,2022-10-28,191,5,1,1,1998,1.19,19.55,1,0,8.28,0.421,693673
1452,2023-03-14,133,3,2,2,2006,9.22,22.22,0,0,9.17,0.011,618596
1453,2022-07-29,192,2,1,1,2020,4.11,6.62,2,1,2.96,0.843,732042
1454,2021-09-01,82,1,3,2,2010,1.77,6.35,1,1,9.78,0.284,423113
1455,2022-06-21,201,5,1,1,2000,5.19,11.1,1,0,9.69,0.471,841679
1456,2022-08-25,207,3,2,2,1995,1.68,1.76,2,0,3.68,0.411,758817
1457,2021-03-16,190,3,1,2,2002,1.77,17.3,2,1,6.52,0.678,706025
1458,2023-03-17,300,3,2,1,1993,5.4,18.87,1,1,1.42,0.39,1049133
1459,2022-01-21,161,1,3,2,2002,5.58,8.96,1,1,2.51,0.18,664244
1460,2021-07-29,193,2,3,1,2020,6.22,11.9,2,1,6.25,0.869,819818
1461,2022-04-20,258,3,1,1,1997,6.91,14.96,0,1,6.85,0.184,1000923
1462,2022-02-22,273,2,1,2,2015,7.01,2.3,0,1,5.81,0.028,1092239
1463,2021-12-13,92,4,3,1,1991,4.9,17.93,2,1,7.34,0.196,525172
1464,2022-06-13,313,1,3,1,2016,6.79,13.4,2,1,8.14,0.455,1189806
1465,2022-10-02,293,2,1,2,1990,3.74,15.79,0,1,2.52,0.423,1017546
1466,2023-05-26,52,2,3,1,1984,4.97,18.23,1,0,6.94,0.796,282330
1467,2023-02-02,174,3,2,1,2000,4.54,17.05,2,0,6.06,0.195,696727
1468,2021-06-28,317,3,2,2,2011,3.96,2.84,2,0,2.06,0.776,1141769
1469,2021-07-01,133,1,1,2,2008,3.15,19.67,0,1,3.06,0.096,448958
1470,2022-10-26,65,2,1,1,1986,1.71,15.45,2,0,4.78,0.474,282752
1471,2021-01-25,108,5,3,1,2015,5.55,18.01,1,0,8.77,0.865,546984
1472,2021-06-29,226,3,3,2,2019,5.84,6.91,1,0,2.95,0.413,877225
1473,2022-12-11,112,3,2,1,2006,4.03,5.92,2,0,2.65,0.963,459901
1474,2022-05-16,98,4,1,2,1985,9.78,20.74,1,1,7.49,0.631,547328
1475,2023-05-06,295,1,1,1,2017,6.01,10.06,1,0,9.78,0.757,1119415
1476,2021-06-10,338,2,1,2,1983,9.0,14.6,1,0,5.03,0.51,1278804
1477,2021-06-26,335,2,1,1,2014,6.13,14.01,2,1,4.15,0.43,1213164
1478,2021-10-12,64,2,2,1,1989,2.71,14.84,2,0,3.29,0.085,264022
1479,2021-03-04,304,3,2,2,2017,9.77,2.2,2,1,1.45,0.12,1246250
1480,2022-10-24,141,1,1,1,2009,8.97,7.91,1,1,2.61,0.572,592648
1481,2022-10-28,328,2,2,2,2021,5.24,2.13,0,0,1.84,0.614,1222421
1482,2021-06-05,255,5,1,2,1988,3.19,12.26,0,0,5.45,0.985,862564
1483,2023-06-01,143,4,2,2,1995,3.0,22.6,0,1,9.8,0.858,549651
1484,2022-04-14,274,4,3,1,1983,8.25,10.03,1,1,8.09,0.844,1111269
1485,2021-02-18,248,2,2,1,2005,1.62,19.67,0,0,6.42,0.287,816261
1486,2023-04-29,320,3,1,2,2008,6.74,7.54,2,1,5.38,0.412,1249563
1487,2021-03-25,283,4,3,2,2007,6.76,21.48,1,1,6.55,0.102,1058538
1488,2021-12-27,95,4,1,2,1990,2.64,10.78,0,1,4.38,0.582,410092
1489,2022-11-20,113,4,3,1,2007,7.34,9.2,1,1,2.61,0.07,616519
1490,2021-05-28,279,4,3,2,2011,7.35,17.59,1,0,6.31,0.447,1086415
1491,2022-09-22,298,2,2,2,2003,4.15,13.06,2,0,5.75,0.566,1125197
1492,2021-12-08,295,1,2,1,2021,5.35,8.76,1,0,9.5,0.228,1085680
1493,2022-04-21,124,1,3,2,2018,8.49,1.92,2,1,6.85,0.775,632391
1494,2021-03-04,206,3,3,1,1986,5.71,4.58,2,0,7.96,0.675,886076
1495,2022-12-02,272,5,3,2,1997,6.56,19.42,0,0,1.83,0.148,1020392
1496,2021-12-26,239,1,1,2,1982,4.71,23.06,0,0,7.85,0.984,804279
1497,2022-07-15,101,5,2,2,1999,2.35,4.64,1,0,9.85,0.542,539535
1498,2021-11-23,137,1,1,1,2013,9.98,14.45,0,1,6.92,0.026,640871
1499,2023-02-08,115,1,2,1,2009,5.78,1.34,1,0,7.68,0.35,551856
1500,2023-01-06,199,3,1,1,1988,4.03,7.63,2,1,9.82,0.979,799580
1501,2021-05-21,69,4,2,2,1989,7.42,11.5,1,1,4.52,0.902,440918
1502,2021-08-03,82,3,3,2,1985,6.59,18.53,2,0,8.42,0.151,484479
1503,2022-03-11,330,1,3,2,1996,3.1,1.58,2,1,4.6,0.855,1194904
1504,2023-06-10,95,4,2,2,1994,8.89,19.64,1,1,4.83,0.618,496175
1505,2022-12-24,122,4,3,1,2012,1.64,5.46,2,0,6.92,0.022,566244
1506,2021-11-14,182,4,3,2,1992,6.45,19.11,0,0,3.31,0.757,718601
1507,2021-02-01,104,5,1,2,2021,5.3,15.82,1,1,9.94,0.413,541619
1508,2022-11-01,110,1,2,1,2001,3.86,8.82,0,0,3.96,0.396,415734
1509,2021-10-12,57,2,3,2,1995,8.44,18.23,2,1,2.11,0.383,328156
1510,2021-11-01,321,3,2,1,2013,6.91,6.29,2,0,3.9,0.597,1224996
1511,2022-03-05,295,5,1,2,1982,7.84,5.88,1,1,8.7,0.714,1242637
1512,2022-04-22,225,3,2,1,1987,4.73,2.01,2,0,3.83,0.648,876883
1513,2021-10-13,165,2,1,2,1999,9.48,10.13,0,0,6.5,0.242,765919
1514,2021-05-24,320,4,1,1,2003,4.1,2.89,1,1,9.42,0.707,1204278
1515,2022-02-28,242,2,1,1,1997,5.78,10.78,1,0,3.34,0.136,912141
1516,2021-01-19,199,3,3,2,2002,9.4,0.74,0,0,2.18,0.971,867247
1517,2021-01-18,180,2,1,2,1980,1.75,4.3,2,0,1.87,0.474,603572
1518,2023-02-08,151,1,2,1,1981,1.98,23.34,2,0,4.96,0.091,491171
1519,2022-08-13,319,2,2,1,1984,9.95,19.99,1,0,1.94,0.577,1150963
1520,2022-01-06,341,1,3,2,1997,9.74,6.29,0,1,5.08,0.577,1334659
1521,2021-06-24,259,2,3,1,1995,7.95,18.1,1,1,8.76,0.039,1068832
1522,2021-07-13,116,1,1,2,1989,5.36,16.88,1,0,8.0,0.011,509695
1523,2022-05-17,59,1,1,2,2008,5.55,4.83,2,1,6.24,0.996,307428
1524,2021-04-23,98,2,1,2,2014,3.31,9.59,1,0,8.65,0.39,455600
1525,2021-04-24,160,5,3,2,2004,4.89,22.89,0,1,1.9,0.245,633908
1526,2021-08-10,268,4,3,2,2021,4.88,18.6,0,0,6.48,0.548,986126
1527,2022-11-09,106,4,2,2,2003,1.32,19.13,0,0,2.04,0.008,346623
1528,2023-04-11,332,4,1,1,1992,5.08,14.32,0,0,5.34,0.013,1203777
1529,2022-10-06,162,1,1,2,2000,5.32,16.81,2,1,5.17,0.113,669984
1530,2023-06-16,182,4,2,1,2021,6.99,12.96,2,1,3.39,0.803,779720
1531,2021-09-21,120,1,2,2,2022,5.65,18.65,2,1,8.47,0.248,556510
1532,2021-02-24,132,5,2,2,2018,8.76,18.45,2,0,3.05,0.503,607901
1533,2023-05-21,106,2,2,2,2013,4.31,1.26,0,0,5.97,0.224,507219
1534,2022-10-05,320,2,1,1,1998,4.69,15.98,0,0,5.34,0.545,1080220
1535,2023-03-11,160,1,3,2,2007,6.14,15.93,1,0,4.88,0.509,624403
1536,2023-02-17,125,1,1,2,2006,2.82,2.15,1,1,1.3,0.401,515474
1537,2022-04-03,207,5,2,2,2005,4.54,10.55,2,0,7.27,0.433,854576
1538,2023-05-28,69,4,3,2,1990,7.18,22.52,1,1,1.11,0.653,337887
1539,2021-06-11,180,5,1,1,2014,4.71,23.86,2,0,8.38,0.842,700414
1540,2022-01-15,171,2,2,1,1999,9.16,19.66,2,1,3.4,0.319,720449
1541,2021-03-28,90,2,3,2,1991,6.54,4.21,2,0,2.08,0.532,479044
1542,2021-02-24,216,4,3,2,2007,2.38,9.68,1,0,4.75,0.854,791615
1543,2022-04-21,179,2,3,1,1981,5.39,4.97,1,0,6.03,0.168,781117
1544,2023-03-11,72,1,1,2,1980,7.88,16.48,2,1,3.79,0.98,347908
1545,2021-06-27,328,2,2,1,1988,6.79,19.44,0,0,2.1,0.751,1108700
1546,2022-01-26,300,3,1,1,2001,8.97,22.15,1,0,1.16,0.366,1110531
1547,2021-12-15,58,4,1,1,2019,7.75,21.59,0,0,7.33,0.375,391979
1548,2021-01-08,62,4,1,1,2006,1.55,2.93,2,0,8.98,0.205,385321
1549,2023-04-13,101,4,3,1,1988,2.01,3.58,2,0,1.9,0.268,433844
1550,2021-11-09,258,3,2,1,1986,6.85,22.79,1,0,3.08,0.587,925325
1551,2023-01-29,87,5,1,1,2015,3.15,21.17,1,1,1.18,0.004,357907
1552,2023-04-15,149,1,2,2,2017,6.29,11.78,1,1,8.97,0.023,648805
1553,2022-03-19,242,4,3,1,1981,8.13,11.04,2,1,5.0,0.986,1000636
1554,2023-02-06,240,2,1,2,2022,6.19,14.04,0,0,9.33,0.236,910036
1555,2021-11-24,100,1,2,2,1984,4.74,15.12,0,0,5.21,0.83,371295
1556,2021-02-23,190,2,3,2,1996,6.82,6.73,1,1,8.76,0.612,857899
1557,2023-01-31,217,1,1,1,2016,2.29,10.39,1,0,9.57,0.446,790550
1558,2021-08-27,158,1,1,1,2014,7.51,15.68,1,1,4.02,0.732,609399
1559,2021-08-17,256,2,2,1,1987,7.27,5.55,0,1,6.77,0.05,1060438
1560,2022-08-02,349,2,2,2,2022,5.63,24.97,1,1,7.0,0.756,1204062
1561,2021-02-20,159,1,1,2,1982,3.51,7.43,1,1,1.19,0.857,582937
1562,2022-09-01,245,4,1,2,1982,8.18,14.03,2,0,4.94,0.28,957233
1563,2022-08-27,201,2,3,2,1980,5.59,14.08,1,1,8.7,0.302,822002
1564,2021-09-21,292,3,3,1,2003,1.53,11.56,2,0,9.52,0.103,1116108
1565,2022-02-22,177,3,1,2,2009,9.27,6.42,0,1,9.09,0.856,812989
1566,2023-03-14,154,1,2,1,2021,7.91,14.35,1,1,9.76,0.808,672147
1567,2021-04-06,59,5,2,2,2005,6.26,2.73,0,0,6.88,0.425,433909
1568,2021-03-29,197,1,1,1,2017,4.93,9.98,0,0,3.1,0.378,744255
1569,2021-03-19,189,1,3,2,2022,9.64,5.99,0,0,6.18,0.428,865194
1570,2021-10-15,239,4,1,1,2019,7.98,3.54,0,0,4.79,0.42,983761
1571,2021-04-30,143,4,2,2,2022,5.81,23.17,0,1,3.33,0.43,565030
1572,2023-03-25,278,5,1,1,2017,6.88,17.65,2,0,7.96,0.146,1100717
1573,2022-05-06,112,5,1,1,1982,3.53,4.64,2,0,6.66,0.013,577215
1574,2022-03-28,74,5,3,1,1992,2.76,23.76,0,0,8.11,0.762,325872
1575,2022-05-15,317,5,2,2,2015,3.46,5.79,0,1,3.43,0.344,1186688
1576,2021-06-14,330,5,2,1,2020,3.64,6.27,1,0,9.13,0.491,1260547
1577,2021-07-01,60,1,1,1,1991,7.66,3.77,0,1,3.15,0.307,407869
1578,2022-04-14,250,1,2,1,1999,2.26,18.33,2,0,6.42,0.382,850193
1579,2023-01-05,175,3,2,1,2018,8.0,14.49,2,0,1.51,0.075,730613
1580,2023-04-03,239,3,2,1,1987,5.71,1.93,2,0,5.87,0.37,1013591
1581,2021-01-07,138,2,2,2,1981,4.46,1.12,2,1,1.89,0.463,617501
1582,2021-11-26,165,1,3,1,1990,3.7,13.55,0,1,3.99,0.833,581646
1583,2023-02-14,226,5,3,2,2000,5.62,16.46,2,0,8.75,0.322,867369
1584,2022-11-04,63,2,3,1,2016,3.86,20.66,2,0,9.04,0.089,346108
1585,2021-05-31,306,4,3,2,1985,4.87,12.22,2,0,7.91,0.759,1159612
1586,2021-03-26,258,1,3,2,1998,7.65,17.07,1,1,4.31,0.376,988849
1587,2021-05-27,330,3,2,2,2009,6.63,18.47,0,1,6.21,0.915,1220184
1588,2022-09-16,154,1,1,2,2018,7.73,15.52,2,0,3.02,0.959,582560
1589,2022-01-16,196,1,1,2,2015,7.42,9.13,2,1,7.11,0.872,791565
1590,2022-07-02,328,1,3,2,1999,8.34,3.73,0,0,4.13,0.227,1248917
1591,2021-10-12,58,1,2,1,1989,2.82,16.36,2,1,2.99,0.254,288018
1592,2022-12-01,167,4,3,1,2003,9.96,19.33,2,1,6.26,0.794,809363
1593,2021-03-23,143,3,1,1,2012,5.28,5.15,2,1,2.01,0.446,636132
1594,2022-05-29,193,1,2,1,2008,7.46,12.62,1,1,7.18,0.298,776861
1595,2023-06-16,338,4,2,2,2009,7.1,10.23,2,1,2.68,0.294,1268334
1596,2023-03-26,63,2,2,2,2015,6.1,5.54,2,0,5.98,0.577,410691
1597,2022-12-10,306,1,1,2,1985,9.96,6.51,0,0,4.53,0.895,1185851
1598,2022-06-07,235,4,1,1,1993,2.96,6.32,0,1,6.1,0.619,888304
1599,2023-01-16,256,5,3,1,1982,4.8,10.76,1,1,3.21,0.62,969448
1600,2022-01-21,221,2,3,2,2003,2.15,10.07,0,0,3.79,0.747,791184
1601,2022-12-08,319,3,1,1,1998,2.64,14.08,0,0,2.26,0.76,1085978
1602,2022-04-16,270,1,3,2,2017,7.42,2.78,1,1,7.99,0.909,1113822
1603,2021-04-29,201,1,1,2,2013,1.04,14.74,2,1,1.63,0.162,638370
1604,2022-01-31,160,4,2,1,1988,9.01,1.04,0,1,4.39,0.985,813593
1605,2022-06-16,232,3,3,2,2009,6.7,6.81,0,0,5.04,0.329,958921
1606,2021-09-18,121,5,1,1,2011,4.97,12.8,1,0,2.76,0.282,563757
1607,2023-03-16,332,2,1,1,1992,3.98,17.33,0,1,4.46,0.51,1121929
1608,2021-09-13,123,3,1,1,1997,2.14,19.4,0,1,4.76,0.264,481921
1609,2023-01-04,264,1,3,1,2001,9.29,1.37,2,1,3.02,0.233,1111640
1610,2021-08-14,72,4,3,2,1983,7.41,13.67,1,1,6.75,0.967,435092
1611,2021-02-22,117,5,2,2,2002,4.03,9.18,2,1,1.28,0.104,560044
1612,2023-05-17,142,4,3,2,1986,1.64,17.53,2,1,2.78,0.99,507506
1613,2022-05-15,112,2,3,2,1990,3.93,7.45,2,1,6.62,0.622,536199
1614,2022-05-21,273,3,3,1,2018,2.66,18.72,1,0,6.65,0.959,923320
1615,2023-05-04,274,4,2,1,2021,8.08,15.25,0,0,3.39,0.897,1020767
1616,2021-12-30,152,4,2,2,2020,7.48,19.85,2,1,7.15,0.648,679551
1617,2021-10-07,264,1,2,1,2013,5.48,24.62,1,1,5.23,0.59,920937
1618,2022-08-16,241,4,3,1,1984,8.97,22.76,0,1,5.75,0.993,941272
1619,2022-12-15,209,5,1,2,2021,2.63,15.04,1,0,3.99,0.515,777893
1620,2021-06-07,256,3,3,2,2004,5.07,22.4,2,1,9.86,0.179,997033
1621,2022-09-24,318,2,2,1,2007,7.4,4.25,1,0,7.64,0.993,1269536
1622,2021-02-28,243,4,3,2,1993,1.61,1.55,2,1,3.24,0.324,921207
1623,2022-12-28,201,5,3,1,2006,4.35,13.56,1,0,3.13,0.087,812937
1624,2021-05-08,286,2,1,1,1995,6.14,24.37,2,1,7.97,0.717,1038384
1625,2023-01-06,137,5,1,2,2006,4.3,17.89,0,0,4.49,0.446,549942
1626,2022-12-22,60,4,3,2,1981,5.32,7.98,1,1,1.82,0.388,374381
1627,2023-06-01,236,4,2,2,1998,6.47,16.88,1,0,1.32,0.632,895743
1628,2021-04-25,263,3,3,1,2002,4.32,1.48,0,0,4.73,0.053,1017334
1629,2021-07-28,64,1,3,2,2020,1.95,12.03,2,1,4.73,0.698,282957
1630,2022-06-10,315,5,3,2,1993,2.26,6.31,2,1,7.36,0.503,1187041
1631,2022-06-05,346,1,2,2,2005,5.74,1.71,2,1,6.17,0.49,1304796
1632,2022-07-06,122,1,2,2,1987,2.57,6.62,0,0,7.93,0.9,488438
1633,2021-08-25,101,2,2,1,2006,9.01,18.2,1,0,3.86,0.831,494863
1634,2021-10-08,177,2,2,2,2019,8.51,14.0,1,0,6.62,0.532,739424
1635,2021-12-25,77,5,2,1,2007,4.14,1.07,1,1,8.97,0.578,533476
1636,2021-07-20,114,1,3,2,1983,8.48,10.54,0,1,1.62,0.807,547046
1637,2023-01-28,66,3,2,2,2017,5.8,18.93,2,0,7.38,0.411,368400
1638,2021-10-05,187,1,3,2,1990,2.43,23.89,2,0,7.44,0.671,613319
1639,2021-08-23,278,2,3,1,2003,6.53,21.92,2,1,8.15,0.541,1086887
1640,2022-05-09,303,1,3,2,2007,7.12,0.54,1,0,3.42,0.5,1188326
1641,2021-01-04,259,4,1,2,2020,1.76,5.86,0,1,4.75,0.985,931279
1642,2022-10-28,343,4,2,2,1997,3.83,5.59,2,0,3.16,0.018,1260414
1643,2022-03-18,280,3,2,1,2000,1.05,10.62,2,0,3.78,0.415,970203
1644,2021-01-29,290,5,3,2,2005,3.85,16.32,1,1,9.72,0.93,1092158
1645,2021-04-19,119,1,1,2,1982,4.02,4.25,2,1,5.01,0.928,527225
1646,2022-09-02,153,4,2,1,1992,6.67,22.93,1,0,8.64,0.748,672988
1647,2022-12-28,253,5,3,1,2017,2.79,19.54,2,0,8.15,0.592,941299
1648,2023-03-16,102,4,1,1,2007,1.27,10.77,1,0,5.0,0.691,383607
1649,2021-03-16,103,5,3,1,1993,3.84,14.81,1,0,9.93,0.253,546426
1650,2023-04-18,325,5,1,2,1980,8.43,13.77,2,0,8.57,0.488,1313391
1651,2021-05-26,80,4,3,2,2007,4.59,14.76,1,1,5.34,0.536,393294
1652,2021-05-08,184,2,2,1,2015,4.74,21.57,2,0,3.79,0.064,671468
1653,2023-05-03,107,5,3,1,1990,5.22,5.4,2,0,1.68,0.866,571137
1654,2021-02-11,154,1,3,1,2022,7.77,17.25,0,0,5.18,0.457,641128
1655,2021-12-22,315,4,1,1,2019,5.32,3.12,2,1,4.24,0.899,1205701
1656,2021-02-10,59,2,1,2,1983,1.82,11.75,2,0,7.4,0.39,286350
1657,2021-02-03,302,4,2,1,2013,2.86,16.08,0,1,1.18,0.409,1022285
1658,2021-01-17,344,3,3,1,1980,2.69,0.81,0,0,8.48,0.244,1313436
1659,2022-11-08,205,1,1,2,1989,5.57,3.15,1,1,4.75,0.644,823201
1660,2021-06-02,207,3,2,2,1996,1.27,2.74,0,1,5.23,0.548,802754
1661,2022-01-13,86,5,2,1,1986,3.55,9.68,0,1,2.65,0.913,362424
1662,2022-08-11,168,5,1,1,2018,6.46,15.74,1,0,9.44,0.429,757982
1663,2022-08-22,116,3,1,1,1992,4.19,24.9,0,1,4.59,0.648,419089
1664,2022-09-21,291,3,3,2,2001,7.37,6.72,2,1,8.58,0.708,1174558
1665,2023-05-24,348,5,2,2,1980,4.52,3.83,0,1,3.14,0.32,1305981
1666,2021-12-08,262,2,1,2,2007,9.81,10.66,1,0,1.87,0.881,1020772
1667,2021-01-27,150,1,2,1,2012,9.69,4.08,2,1,6.72,0.381,766641
1668,2023-04-05,105,4,3,1,1992,8.2,1.1,1,0,9.86,0.637,661264
1669,2021-10-14,288,3,1,2,1980,9.59,14.32,0,0,6.82,0.616,1135252
1670,2022-10-08,280,1,2,2,2017,2.84,22.05,2,1,6.48,0.421,941721
1671,2023-01-01,141,4,1,2,2004,7.76,21.59,0,0,4.98,0.183,648060
1672,2021-06-17,328,4,3,1,2021,3.89,2.97,1,1,3.55,0.592,1243386
1673,2022-09-02,158,3,3,2,2000,7.53,4.11,1,1,4.88,0.376,771725
1674,2021-09-25,217,2,3,2,2012,4.37,12.53,0,0,2.34,0.379,764502
1675,2023-01-19,349,2,3,2,2016,3.6,9.51,1,0,3.36,0.493,1219458
1676,2023-04-01,267,1,1,1,2013,9.63,17.73,0,0,5.39,0.677,996200
1677,2022-03-31,271,1,1,2,1982,2.89,12.63,1,0,2.3,0.73,887732
1678,2022-11-16,210,5,2,1,2009,7.83,0.99,1,0,8.12,0.427,980219
1679,2022-02-05,65,2,2,1,1982,7.07,7.47,1,0,1.1,0.12,366802
1680,2022-04-21,327,1,1,1,1997,3.73,22.59,1,1,3.89,0.792,1053811
1681,2022-12-03,106,5,1,2,2002,5.13,13.03,2,0,5.65,0.669,482081
1682,2022-09-26,111,4,2,1,1987,2.29,20.05,2,0,9.36,0.801,464854
1683,2022-07-12,291,1,1,2,1988,9.29,10.36,0,0,6.16,0.316,1151100
1684,2022-07-30,139,5,3,1,1981,9.71,17.09,0,1,3.65,0.909,683001
1685,2021-05-10,121,2,3,1,1981,7.59,4.64,0,1,4.17,0.263,637925
1686,2023-04-02,79,4,3,1,2006,8.64,18.55,0,0,4.05,0.29,469412
1687,2021-12-29,337,1,2,2,2018,1.74,19.77,1,0,2.62,0.536,1037803
1688,2022-12-06,135,2,1,2,2015,4.46,2.71,1,1,2.3,0.997,580323
1689,2023-03-30,283,4,2,2,1984,3.98,4.99,1,1,5.33,0.202,1121521
1690,2022-11-24,284,3,2,2,1980,6.08,11.84,0,1,3.43,0.839,1011324
1691,2021-10-19,314,2,1,1,2001,2.65,16.12,2,1,1.83,0.002,1048389
1692,2022-01-06,336,3,2,1,1989,6.07,16.12,0,1,2.95,0.238,1189377
1693,2023-03-05,318,1,3,1,2003,6.89,16.87,2,1,5.69,0.346,1196099
1694,2021-01-29,235,5,1,1,1994,2.19,18.0,2,1,3.31,0.649,813949
1695,2021-05-29,180,1,3,1,2012,2.19,12.89,1,1,3.14,0.114,650529
1696,2023-02-18,340,2,3,2,2002,1.32,14.58,1,1,6.59,0.129,1216340
1697,2021-10-23,326,3,1,1,1993,7.85,0.71,0,1,7.2,0.146,1353495
1698,2021-01-11,229,3,3,2,1997,3.98,4.58,0,0,3.17,0.663,853354
1699,2022-05-27,339,4,3,2,2004,3.03,12.71,2,1,5.25,0.115,1257657
1700,2022-11-07,212,1,3,2,2001,8.0,18.77,2,1,7.88,0.398,915092
1701,2021-04-23,320,1,1,1,2016,2.29,20.32,1,0,7.21,0.157,1043514
1702,2021-07-06,145,2,1,2,1986,4.84,18.36,2,0,1.62,0.382,545658
1703,2023-03-18,311,3,1,2,2005,7.7,12.42,2,0,4.24,0.714,1166335
1704,2023-01-14,337,2,2,2,2003,6.16,7.39,0,0,7.51,0.278,1256303
1705,2021-08-15,132,2,3,2,1992,5.99,11.4,0,1,2.61,0.618,592253
1706,2021-11-06,274,3,2,1,2020,2.42,0.73,2,1,2.76,0.249,1024860
1707,2021-04-08,272,2,2,1,1985,2.63,15.15,2,0,6.67,0.738,944769
1708,2021-02-24,167,3,3,1,2000,6.24,2.33,2,1,3.55,0.777,750322
1709,2022-09-15,241,2,1,2,1986,1.21,4.06,0,0,3.91,0.31,860959
1710,2022-10-26,128,5,2,2,1997,8.82,15.84,0,0,5.71,0.024,675898
1711,2023-01-28,127,2,1,1,1994,4.15,0.83,1,1,7.76,0.129,597092
1712,2022-02-10,196,2,1,1,1987,4.75,14.55,1,1,5.48,0.491,743448
1713,2021-03-10,156,5,3,2,1995,3.33,16.14,1,0,9.04,0.382,677555
1714,2021-11-08,320,1,2,2,1982,8.89,19.81,1,1,1.96,0.346,1185058
1715,2021-10-16,293,3,2,1,1988,6.78,2.17,0,1,7.79,0.579,1178146
1716,2023-02-01,122,4,1,1,2005,5.05,0.57,1,1,5.89,0.162,654729
1717,2022-07-02,75,5,3,2,2005,6.27,19.29,0,0,8.35,0.457,453109
1718,2023-01-21,259,1,2,1,2009,4.42,7.61,0,1,3.85,0.203,937686
1719,2021-05-28,141,2,1,1,2006,5.19,22.24,1,0,5.34,0.981,512312
1720,2022-04-12,174,1,1,2,1995,4.22,5.03,0,1,8.41,0.049,738565
1721,2023-01-09,122,5,1,1,1983,4.7,14.84,2,1,8.49,0.016,586788
1722,2021-09-01,172,2,3,1,1998,3.83,3.18,1,0,4.38,0.564,710490
1723,2022-05-06,233,1,3,2,2013,1.7,10.37,1,0,8.4,0.063,859878
1724,2023-04-29,236,4,1,1,1985,1.34,22.11,2,0,7.14,0.811,760643
1725,2022-05-22,247,3,1,2,1994,2.57,15.4,1,0,4.68,0.82,775201
1726,2021-12-31,127,3,3,1,1989,3.26,17.4,0,1,9.73,0.432,588872
1727,2022-04-27,235,5,1,1,2021,9.01,6.04,0,1,1.28,0.838,976518
1728,2021-07-20,302,2,1,2,2015,6.5,23.11,0,1,4.44,0.741,1047329
1729,2021-06-03,62,2,3,1,2019,9.62,15.78,1,0,3.76,0.135,393809
1730,2022-03-26,348,3,1,1,1985,4.06,3.09,2,1,9.42,0.86,1302761
1731,2022-05-16,125,1,1,2,2019,4.62,0.88,2,1,1.9,0.874,568505
1732,2021-03-14,100,2,1,2,1985,7.48,0.89,1,1,6.65,0.323,622438
1733,2022-12-14,324,4,3,1,1994,6.2,1.75,0,0,7.45,0.775,1246992
1734,2021-10-23,198,4,3,1,2008,5.75,22.83,0,0,2.66,0.897,719659
1735,2021-01-17,268,2,3,1,2004,6.18,9.28,1,0,2.35,0.746,1037471
1736,2022-10-03,171,2,2,2,1998,6.26,7.81,1,0,1.43,0.094,708418
1737,2021-08-05,260,3,2,1,1993,7.89,10.71,0,1,2.43,0.095,1049001
1738,2021-03-02,329,5,2,1,1982,7.01,10.53,1,0,8.27,0.982,1279109
1739,2022-09-08,75,3,2,2,2021,9.62,6.34,2,1,9.5,0.541,571866
1740,2021-02-11,222,5,3,2,1993,9.53,2.75,2,0,9.11,0.644,1099391
1741,2021-01-25,205,4,1,2,2018,4.8,3.16,1,1,4.29,0.912,840764
1742,2021-02-08,287,5,3,2,2018,1.32,15.18,0,0,7.53,0.007,1023076
1743,2023-03-14,131,3,2,1,2000,1.1,10.22,2,0,8.44,0.427,521366
1744,2021-05-11,322,2,3,1,1990,2.11,22.61,1,1,8.31,0.566,1113167
1745,2022-05-13,117,5,1,1,1989,1.67,11.86,0,0,1.56,0.002,448103
1746,2021-08-17,93,3,2,2,1994,4.36,12.84,1,0,2.93,0.624,388105
1747,2021-04-18,110,4,1,1,2009,1.48,23.24,1,1,9.45,0.851,386609
1748,2021-06-21,172,5,1,1,1996,6.62,12.79,1,0,7.66,0.055,760653
1749,2022-03-11,245,4,1,1,2008,2.71,12.8,1,0,8.51,0.804,884327
1750,2022-04-23,160,4,2,2,1996,5.63,9.4,1,1,5.63,0.978,702284
1751,2021-04-12,307,1,3,1,2012,1.93,17.91,0,0,4.54,0.92,976165
1752,2023-05-16,138,5,2,1,2017,8.45,10.11,2,1,6.86,0.537,730868
1753,2022-06-08,247,3,2,2,2000,8.02,14.91,0,0,5.26,0.86,961343
1754,2021-10-02,331,5,3,1,1993,4.48,11.46,2,0,4.36,0.771,1242278
1755,2022-09-05,249,5,3,2,1989,9.2,13.45,1,0,4.13,0.818,1020561
1756,2021-02-13,148,4,3,2,2021,2.67,20.76,1,1,2.42,0.398,577388
1757,2023-03-28,76,4,3,1,2002,8.33,10.64,0,0,5.76,0.476,450219
1758,2021-01-17,138,4,1,2,2018,5.91,6.14,0,1,5.68,0.239,648147
1759,2021-11-26,195,4,2,2,2018,3.97,14.47,2,1,6.32,0.052,789355
1760,2022-07-23,231,3,2,2,1993,1.76,23.47,1,1,2.05,0.597,724823
1761,2023-04-03,306,2,2,1,2001,2.54,17.48,0,0,9.23,0.31,1023184
1762,2022-05-12,238,1,3,2,2020,8.77,8.05,1,0,7.68,0.503,1029018
1763,2023-03-26,289,4,2,1,2007,6.46,24.09,1,0,2.18,0.963,1023237
1764,2021-01-12,245,4,1,1,1988,3.13,8.9,1,0,1.71,0.063,904945
1765,2021-11-14,346,1,2,2,2002,5.46,24.59,2,1,6.79,0.873,1172114
1766,2022-08-15,214,4,2,2,1986,1.97,5.2,1,1,4.07,0.087,825237
1767,2021-08-04,320,2,1,1,2003,1.89,24.99,2,0,3.87,0.654,996795
1768,2021-12-05,57,5,1,2,2022,9.17,2.36,0,1,8.56,0.343,511526
1769,2023-02-15,87,1,2,1,2016,5.12,17.97,0,1,4.11,0.1,390841
1770,2022-10-23,163,3,3,1,1988,4.25,18.64,1,0,6.69,0.757,622439
1771,2021-03-22,105,1,3,2,2017,9.54,17.15,1,0,5.83,0.699,507425
1772,2022-12-28,187,2,2,2,1986,4.59,19.55,2,1,3.37,0.64,682112
1773,2022-04-30,151,3,2,2,2002,4.03,12.06,1,0,3.98,0.965,578570
1774,2022-01-09,226,5,2,2,2004,3.46,1.83,1,0,9.49,0.024,984770
1775,2022-12-11,218,4,2,2,2001,6.09,9.26,1,1,3.98,0.435,923295
1776,2021-07-19,335,1,3,2,2022,6.03,16.24,2,1,8.06,0.563,1232280
1777,2022-06-21,310,3,2,2,1986,1.15,16.33,2,1,8.75,0.358,1113423
1778,2022-04-11,272,1,1,2,1985,6.89,5.28,1,0,1.64,0.669,1007642
1779,2021-03-30,248,5,3,2,2015,8.09,6.7,1,1,6.97,0.899,1100157
1780,2021-09-25,260,1,3,2,2001,6.54,12.42,0,1,7.74,0.697,1030122
1781,2022-10-17,336,3,1,1,2014,8.83,18.35,2,0,4.91,0.569,1239334
1782,2022-07-25,229,2,2,2,2012,3.49,21.39,0,0,6.12,0.738,814799
1783,2022-05-04,299,3,2,2,2000,2.73,2.62,1,1,2.46,0.11,1108661
1784,2023-05-27,280,1,2,2,1990,7.28,23.18,1,1,3.87,0.63,971383
1785,2022-06-22,72,5,2,1,1992,2.7,23.23,1,0,7.37,0.407,302521
1786,2021-02-16,97,4,2,2,1982,1.82,0.69,1,0,6.42,0.319,509832
1787,2021-10-15,158,4,1,2,1992,1.87,12.91,2,1,2.23,0.507,604527
1788,2023-02-17,345,5,2,2,2020,7.92,14.89,1,1,9.89,0.805,1385690
1789,2021-01-16,55,1,1,2,2013,1.26,14.07,0,0,9.44,0.413,215465
1790,2022-12-12,87,5,1,2,2007,3.61,15.59,0,1,3.02,0.702,363277
1791,2022-02-05,218,1,1,1,2019,2.16,12.83,0,0,8.88,0.589,728495
1792,2023-03-05,332,3,2,2,2013,7.79,7.7,2,1,3.4,0.916,1264822
1793,2021-03-27,252,2,2,2,2011,5.53,2.84,0,1,6.07,0.445,1009042
1794,2021-09-07,322,1,3,1,2002,2.85,5.61,2,1,8.04,0.82,1207913
1795,2022-01-26,293,4,3,1,2003,7.75,18.64,2,0,4.1,0.842,1109110
1796,2023-02-21,96,4,1,1,1980,7.75,6.41,1,0,6.0,0.464,538915
1797,2021-12-01,298,2,3,2,2003,5.71,20.83,2,1,5.05,0.489,1089327
1798,2022-09-21,128,1,1,2,1982,3.48,10.39,2,0,7.84,0.333,544501
1799,2022-06-03,159,2,3,1,1996,6.28,10.65,2,0,5.31,0.496,722156
1800,2021-05-17,62,3,2,2,1986,9.4,21.78,1,1,6.1,0.249,397451
1801,2023-06-02,139,2,2,2,1989,1.46,5.75,1,1,8.61,0.858,559000
1802,2022-11-19,329,3,1,2,1998,3.4,5.15,1,0,7.29,0.25,1218399
1803,2023-04-20,270,4,1,2,2003,3.56,24.64,0,1,5.75,0.258,932104
1804,2022-05-13,122,3,2,2,1988,6.69,13.74,0,1,5.15,0.896,534600
1805,2023-04-07,283,1,2,1,1994,6.86,5.17,2,0,2.14,0.532,1064790
1806,2022-12-28,309,1,2,1,2001,2.86,4.56,0,1,1.51,0.105,1059226
1807,2022-04-22,162,1,3,1,1996,2.94,21.61,1,0,9.57,0.346,588315
1808,2022-08-17,95,1,3,2,1998,9.35,15.2,0,0,2.68,0.705,437258
1809,2021-08-11,323,5,3,1,1988,7.81,3.32,1,1,3.49,0.406,1319612
1810,2022-01-07,92,3,3,2,2017,9.41,22.23,0,1,6.5,0.423,498198
1811,2022-02-06,257,1,1,1,1998,8.47,11.38,1,0,8.45,0.499,1015080
1812,2022-03-19,152,2,1,1,1987,4.62,24.74,0,0,8.5,0.223,564999
1813,2022-05-05,173,2,3,1,1985,2.1,7.4,2,0,8.47,0.424,650402
1814,2022-09-07,59,5,1,1,2017,6.67,13.46,0,1,9.8,0.215,427159
1815,2021-09-30,236,3,3,2,2000,4.17,4.74,0,0,1.5,0.351,899252
1816,2022-06-10,80,3,3,1,2008,4.83,11.27,2,1,4.6,0.532,444866
1817,2021-06-08,205,3,2,1,2013,4.83,4.83,2,0,9.22,0.694,880852
1818,2021-06-01,109,5,3,1,1991,9.43,8.03,1,0,5.21,0.634,663189
1819,2022-09-12,298,3,1,2,2018,1.62,7.11,2,1,8.84,0.576,1063301
1820,2021-07-07,319,3,3,1,2011,2.74,7.44,0,0,1.16,0.596,1126929
1821,2023-03-24,266,1,2,1,1985,6.47,24.26,1,1,5.54,0.511,953695
1822,2021-04-08,51,3,1,1,1996,8.95,1.44,0,1,9.3,0.615,452360
1823,2021-05-11,73,1,2,1,2011,9.26,12.67,1,1,3.35,0.376,431721
1824,2023-03-16,255,1,3,1,1987,6.03,15.92,1,0,9.37,0.899,1026879
1825,2021-06-20,248,3,3,2,2017,1.31,16.69,2,1,1.08,0.591,834336
1826,2021-07-02,163,2,3,1,2008,4.27,18.99,0,1,1.71,0.937,569566
1827,2021-12-30,329,4,3,2,2010,9.27,19.14,1,1,5.29,0.405,1307091
1828,2021-02-08,204,2,1,2,1998,5.5,23.91,1,1,1.96,0.395,702710
1829,2022-06-11,214,3,3,1,1988,7.54,19.01,1,0,3.03,0.965,802370
1830,2023-06-07,271,3,2,1,2007,3.42,20.68,1,1,3.68,0.729,953240
1831,2022-05-12,140,2,1,2,2018,1.23,13.54,2,0,5.33,0.519,461323
1832,2022-05-31,216,3,1,1,2019,6.21,16.61,2,0,4.51,0.719,818043
1833,2021-12-15,256,1,1,1,2010,8.51,12.21,0,1,9.3,0.397,1033874
1834,2022-02-01,331,5,2,2,1998,9.91,7.27,1,0,8.97,0.759,1361759
1835,2022-12-23,114,3,2,1,2012,8.62,8.18,0,0,7.73,0.21,600112
1836,2021-06-10,53,3,2,2,2005,5.99,9.33,0,1,6.93,0.951,345530
1837,2021-01-16,206,2,2,2,1980,6.48,8.85,2,1,2.84,0.461,840994
1838,2022-05-08,298,1,3,1,1990,8.42,13.56,1,0,6.42,0.093,1188210
1839,2022-03-02,306,2,3,1,1981,1.18,6.57,2,0,2.32,0.845,1023601
1840,2021-04-18,284,2,2,2,2014,9.56,13.16,1,1,5.07,0.894,1102380
1841,2023-06-13,123,3,2,2,1992,5.78,22.95,1,0,5.15,0.73,519122
1842,2022-03-26,236,1,3,1,2018,9.57,10.45,0,0,7.21,0.63,975682
1843,2021-11-07,111,3,3,2,2013,7.88,5.95,0,0,8.52,0.928,596932
1844,2023-01-09,213,3,2,2,2013,2.37,9.0,2,1,3.88,0.622,815416
1845,2021-06-19,105,3,1,1,2014,2.49,21.98,2,1,1.37,0.791,308668
1846,2022-06-30,160,3,1,1,2011,4.18,23.57,1,1,1.42,0.471,524663
1847,2022-02-18,267,5,2,2,1991,3.38,22.22,0,1,8.87,0.727,1000489
1848,2021-09-08,289,4,1,1,2012,4.95,7.54,0,1,5.38,0.999,1066529
1849,2023-01-29,70,1,3,2,1997,6.44,10.0,1,1,3.23,0.383,376871
1850,2023-02-20,190,5,1,2,1984,4.93,24.39,2,1,1.29,0.72,673464
1851,2021-05-21,314,4,2,1,1998,1.51,8.43,1,0,5.76,0.149,1124325
1852,2021-10-01,188,4,1,2,2010,9.78,3.88,0,1,2.23,0.635,847285
1853,2022-02-20,119,4,1,2,2006,4.83,7.41,2,1,4.75,0.323,573029
1854,2022-08-31,167,5,1,2,2021,8.66,24.12,1,1,5.64,0.867,735135
1855,2023-01-09,247,1,3,1,2017,1.67,10.69,0,0,3.06,0.36,818419
1856,2023-06-10,254,2,3,1,1994,8.29,23.38,2,0,2.79,0.445,939187
1857,2021-02-08,263,4,3,2,1983,2.56,3.05,1,0,1.18,0.98,953611
1858,2023-03-25,105,2,2,2,1998,7.11,19.27,2,1,6.27,0.215,543110
1859,2021-01-29,336,2,1,2,2000,6.96,2.79,1,0,2.8,0.565,1247140
1860,2022-04-22,342,3,3,1,2019,9.19,5.34,0,1,8.9,0.864,1372059
1861,2021-11-14,224,2,3,2,1980,3.89,15.59,1,1,6.43,0.315,807531
1862,2021-09-02,177,3,1,1,1999,1.98,11.14,1,0,6.01,0.015,653570
1863,2023-01-18,341,1,2,2,2001,8.78,16.83,0,0,5.54,0.896,1218318
1864,2022-11-28,337,1,1,2,1992,3.98,24.35,2,1,2.94,0.62,1069077
1865,2021-09-29,275,3,2,1,2020,3.09,1.79,2,1,9.72,0.23,1109536
1866,2022-03-16,113,1,1,1,1980,5.38,5.19,0,0,9.7,0.276,541250
1867,2023-01-18,97,4,3,1,1994,2.32,16.19,0,1,3.89,0.8,415380
1868,2021-08-27,251,1,3,2,1994,3.67,22.46,2,0,7.99,0.642,881838
1869,2022-01-12,109,3,3,2,1993,4.47,20.04,0,0,2.07,0.733,428481
1870,2021-09-23,306,4,2,1,1984,3.5,11.91,2,1,8.02,0.577,1147325
1871,2021-12-25,114,2,1,1,1985,5.05,18.76,0,1,3.58,0.79,409051
1872,2021-12-06,288,2,2,2,2020,4.46,5.6,0,0,3.6,0.821,1048737
1873,2022-01-24,338,2,3,2,2010,7.97,0.84,0,1,5.57,0.387,1326872
1874,2022-07-31,87,3,2,1,2005,9.27,14.47,0,0,4.53,0.901,488329
1875,2022-11-20,74,2,2,2,2004,1.91,20.42,0,0,2.06,0.505,210283
1876,2021-01-03,108,1,2,1,2018,8.41,11.12,0,1,6.34,0.16,574667
1877,2022-03-05,346,2,1,2,2019,9.39,14.45,2,0,2.92,0.218,1305835
1878,2021-05-22,207,5,2,1,1994,7.18,10.84,0,1,5.0,0.734,859018
1879,2022-01-11,106,5,2,2,1985,9.97,13.09,1,1,3.08,0.377,629000
1880,2022-11-01,97,2,2,2,1980,4.02,22.17,2,0,8.72,0.262,456359
1881,2021-11-20,105,2,3,2,2020,8.47,12.21,1,0,4.04,0.605,515522
1882,2021-05-26,114,5,3,1,1986,7.06,0.68,0,0,8.99,0.782,650139
1883,2021-10-20,317,2,1,1,1983,3.91,20.1,2,0,3.93,0.109,1082484
1884,2022-10-27,118,4,3,1,1980,7.34,15.63,1,1,2.62,0.449,585223
1885,2022-03-08,265,5,1,2,2020,5.59,18.39,0,0,6.19,0.771,1004209
1886,2022-12-06,138,3,3,2,1981,2.7,22.58,2,1,6.0,0.904,502375
1887,2022-08-08,330,5,1,1,2013,2.56,7.51,0,0,6.57,0.014,1217977
1888,2022-02-03,306,1,1,2,2014,7.42,12.83,1,1,3.72,0.656,1110652
1889,2023-03-28,209,4,1,1,1992,7.41,15.26,2,0,3.88,0.597,831481
1890,2023-06-08,283,3,3,2,1996,5.78,8.96,2,0,3.14,0.518,1070307
1891,2021-12-10,180,2,2,2,1989,5.51,21.23,2,0,9.36,0.16,700619
1892,2021-05-20,98,1,3,2,1982,2.62,17.59,2,0,7.15,0.742,396983
1893,2021-07-06,196,1,2,1,1983,4.86,18.47,2,0,7.81,0.393,743659
1894,2023-03-16,51,4,3,1,2004,8.84,20.3,1,1,2.75,0.235,400366
1895,2021-03-02,194,3,2,1,2016,8.69,6.82,2,0,6.95,0.85,890536
1896,2022-01-15,110,1,3,2,2022,6.95,18.77,2,0,7.86,0.307,514606
1897,2022-12-11,322,3,1,2,2017,9.98,19.46,0,0,4.08,0.198,1195675
1898,2023-03-18,98,3,1,2,2008,9.04,21.14,2,0,2.42,0.312,508347
1899,2022-03-16,180,1,1,2,1980,2.31,12.47,1,1,7.27,0.181,631069
1900,2021-11-15,92,3,2,1,2009,4.59,12.85,1,0,6.5,0.777,419532
1901,2021-10-29,106,4,2,1,2018,2.19,2.91,1,0,6.18,0.182,502264
1902,2021-12-10,99,1,1,2,1989,5.19,21.38,0,0,2.64,0.717,322838
1903,2021-01-11,227,4,2,1,2008,7.99,13.57,2,0,3.36,0.163,925043
1904,2021-03-03,342,4,1,2,2011,2.4,15.06,1,1,6.62,0.226,1185214
1905,2023-04-25,95,3,3,2,1980,8.92,3.48,2,0,6.52,0.343,592448
1906,2021-08-14,219,3,2,1,2020,6.12,15.24,1,0,5.99,0.95,838886
1907,2021-06-02,320,1,2,1,1996,7.74,1.53,1,1,7.91,0.914,1270893
1908,2022-12-12,188,2,3,1,1991,1.41,23.12,1,1,8.33,0.085,661270
1909,2022-07-18,296,1,2,2,1981,1.84,21.66,0,0,3.49,0.336,922066
1910,2023-02-11,197,4,2,2,1988,6.59,5.26,2,1,2.42,0.346,834991
1911,2022-07-25,279,3,2,2,1991,8.54,15.05,2,1,2.81,0.212,1105510
1912,2022-08-07,329,4,3,1,2004,8.86,15.27,2,0,3.53,0.436,1280942
1913,2022-10-22,174,5,1,1,2015,7.2,20.18,2,1,9.53,0.748,778340
1914,2023-05-11,241,5,1,1,2014,2.81,19.04,1,0,2.23,0.099,832485
1915,2022-07-29,129,4,3,1,2001,2.76,24.83,2,0,8.91,0.672,490945
1916,2021-11-06,143,2,3,1,2012,8.93,9.1,0,1,2.83,0.261,683339
1917,2023-06-04,275,2,3,1,2000,2.02,3.55,0,1,4.14,0.642,1002641
1918,2021-08-31,114,1,1,1,2019,7.17,14.55,0,0,2.13,0.682,436598
1919,2022-05-08,137,1,3,2,2001,5.8,19.22,2,0,1.93,0.728,500998
1920,2022-01-01,137,1,1,1,2007,4.79,7.5,0,1,1.86,0.862,493467
1921,2021-11-26,250,3,3,1,1983,4.96,6.29,1,1,4.08,0.9,946034
1922,2021-04-17,263,2,2,2,2005,9.51,20.16,0,1,5.71,0.759,1007096
1923,2021-08-14,253,4,1,2,2002,8.75,18.97,2,1,2.81,0.481,978973
1924,2023-04-05,138,5,1,1,2002,8.78,5.48,1,1,9.39,0.044,795558
1925,2021-08-06,110,2,3,2,2020,4.66,21.8,0,0,6.28,0.937,421839
1926,2023-01-23,320,2,2,1,1987,1.96,3.8,2,1,8.97,0.601,1208192
1927,2022-05-21,143,2,1,1,2011,9.98,3.18,2,0,2.34,0.535,724464
1928,2021-09-16,76,1,3,1,2018,2.31,9.1,2,1,2.29,0.239,334253
1929,2023-06-07,263,3,2,2,1980,5.64,22.22,1,1,8.62,0.684,942443
1930,2023-02-13,123,4,1,2,2009,3.38,17.54,2,1,6.11,0.995,496657
1931,2022-06-01,110,1,3,1,2007,5.6,10.17,0,0,9.45,0.33,558883
1932,2023-02-12,235,3,2,2,1996,3.74,4.35,0,1,2.32,0.8,887579
1933,2021-02-23,80,2,1,1,2002,9.07,17.98,0,0,1.23,0.291,395905
1934,2021-02-16,268,3,1,1,2017,9.72,15.18,2,0,9.25,0.488,1107870
1935,2022-12-28,61,1,2,2,2003,4.69,24.7,2,0,7.29,0.213,254029
1936,2022-11-20,81,2,3,2,2001,1.63,19.26,0,1,8.26,0.513,339831
1937,2022-06-05,209,1,3,2,1984,6.97,3.0,1,1,3.66,0.459,874874
1938,2021-04-09,286,4,2,1,2004,4.39,18.34,1,1,1.03,0.039,1029253
1939,2021-01-20,276,2,1,2,1986,9.87,6.81,1,1,5.35,0.382,1129678
1940,2023-06-09,230,3,2,2,2001,1.8,24.07,1,1,9.91,0.063,867307
1941,2023-01-23,95,1,2,2,2016,2.07,0.97,2,1,9.17,0.451,476820
1942,2022-07-27,129,5,2,1,2013,7.29,6.34,1,1,1.65,0.98,613953
1943,2023-06-10,184,3,1,1,2015,7.83,12.73,0,0,2.69,0.293,728513
1944,2022-05-05,309,3,2,1,2019,5.24,2.44,2,0,3.8,0.516,1151986
1945,2022-02-23,296,2,2,1,1999,3.5,8.93,2,1,8.47,0.13,1137993
1946,2022-11-21,208,3,1,1,2016,3.79,12.68,0,1,8.42,0.154,804975
1947,2023-04-30,252,1,1,2,1996,4.04,11.45,0,0,2.67,0.355,857781
1948,2021-03-03,161,5,2,2,1983,3.03,11.78,1,0,5.8,0.49,645643
1949,2021-05-25,341,4,3,1,1997,8.66,22.04,2,1,5.52,0.701,1277998
1950,2021-08-04,168,5,2,2,2007,1.59,12.88,1,1,4.73,0.457,642486
1951,2021-01-03,66,1,1,1,1995,4.67,23.56,1,0,5.82,0.024,274347
1952,2021-06-09,276,2,1,1,2022,7.73,4.12,2,1,3.64,0.271,1088987
1953,2023-01-09,166,1,1,1,1987,1.03,7.37,0,1,5.78,0.025,611608
1954,2023-02-20,92,3,3,1,1997,8.9,16.58,2,1,7.17,0.918,501839
1955,2021-04-30,164,2,1,1,2008,7.36,7.44,0,0,1.56,0.029,680860
1956,2023-06-12,332,4,3,1,2019,1.66,9.01,0,1,9.71,0.05,1251232
1957,2021-03-30,86,4,1,2,1995,9.05,22.58,1,1,2.49,0.298,445516
1958,2021-11-25,162,1,1,2,2009,5.39,13.69,1,0,4.24,0.632,572804
1959,2022-08-03,84,3,2,2,2013,6.87,8.7,1,1,5.24,0.358,428814
1960,2021-12-23,181,4,3,2,2009,8.94,19.53,2,0,1.37,0.062,793539
1961,2022-09-02,277,5,2,2,2000,8.93,2.23,2,1,5.94,0.836,1214674
1962,2021-09-24,196,2,3,2,2001,4.68,14.31,0,1,8.83,0.7,787467
1963,2022-09-09,171,5,1,1,2004,3.14,2.94,0,0,9.11,0.396,743905
1964,2021-11-19,130,4,1,1,2001,3.32,4.83,2,1,3.94,0.677,561669
1965,2022-09-27,222,4,3,1,2007,7.89,2.03,2,1,6.03,0.275,1023187
1966,2022-06-25,203,1,2,1,2018,9.36,22.59,0,1,7.99,0.528,837344
1967,2022-10-11,199,1,3,2,2012,1.65,1.68,0,1,3.28,0.881,716010
1968,2021-07-14,107,2,3,1,1981,1.14,13.15,2,1,5.76,0.108,448449
1969,2023-01-08,112,1,3,2,1983,8.41,6.01,1,1,4.3,0.847,598655
1970,2021-11-28,205,3,1,2,1995,4.48,9.9,2,0,4.4,0.789,757798
1971,2021-06-19,217,2,3,2,1991,3.49,12.59,1,1,1.85,0.949,762232
1972,2022-06-05,215,3,1,2,1996,2.7,11.53,1,0,4.66,0.514,753562
1973,2022-04-08,134,1,2,2,2015,4.12,18.83,2,0,2.45,0.275,475230
1974,2021-02-09,186,2,1,2,1995,9.74,22.84,0,0,3.71,0.353,735045
1975,2022-06-21,238,4,2,1,2018,9.79,7.86,1,0,3.97,0.64,1002637
1976,2021-09-18,51,5,2,1,2002,3.98,1.1,2,1,4.88,0.141,370098
1977,2022-01-30,155,4,2,1,1987,9.67,22.4,1,1,9.25,0.352,724439
1978,2021-08-14,121,3,1,1,1988,3.7,24.48,1,0,6.68,0.726,443751
1979,2021-05-04,175,4,3,1,1993,8.69,11.12,0,0,9.77,0.574,825803
1980,2021-02-07,219,4,1,1,1988,2.91,11.67,1,1,6.32,0.063,842635
1981,2021-11-24,254,5,2,1,2005,8.44,4.03,2,1,8.25,0.497,1143809
1982,2021-09-08,244,5,3,2,2015,4.18,12.15,1,1,8.51,0.524,1008424
1983,2021-06-25,207,4,1,2,1982,2.76,7.93,2,0,7.65,0.701,801083
1984,2022-08-25,190,5,2,1,1989,9.41,24.86,1,0,7.03,0.011,846658
1985,2022-03-30,324,4,2,1,2004,2.93,5.03,0,0,4.76,0.428,1157328
1986,2021-02-06,56,2,3,2,1983,9.93,9.78,0,1,6.11,0.887,423193
1987,2021-11-12,103,4,1,1,2009,1.98,15.6,1,1,2.74,0.025,387307
1988,2022-11-19,153,1,3,2,1990,1.09,8.96,0,1,6.56,0.672,558935
1989,2023-03-07,110,5,3,1,1998,8.84,12.12,1,1,5.63,0.223,643501
1990,2022-08-16,136,5,3,2,1992,6.28,24.35,1,1,8.24,0.387,624046
1991,2021-04-24,307,3,3,2,2015,4.79,12.95,0,1,9.12,0.884,1144706
1992,2021-02-09,227,3,1,1,1982,1.74,22.8,0,1,2.2,0.363,726862
1993,2021-10-28,291,1,3,1,1993,6.17,1.56,1,0,7.22,0.545,1140915
1994,2021-08-12,252,5,2,2,1989,4.54,3.44,2,0,9.55,0.09,1069067
1995,2021-11-14,80,5,2,1,2017,5.35,23.64,2,0,9.26,0.325,409082
1996,2021-12-15,338,3,2,1,2019,6.67,3.65,0,0,8.51,0.142,1346776
1997,2021-04-25,129,3,3,2,2006,6.76,18.55,0,0,1.44,0.562,525884
1998,2022-11-29,60,4,2,2,2003,9.65,11.43,2,0,3.27,0.46,429287
1999,2021-11-19,303,5,1,1,1995,6.9,10.47,2,1,2.33,0.265,1159846
2000,2022-07-22,336,5,3,1,1989,4.05,16.65,1,0,9.34,1.0,1282747
2001,2021-02-09,225,4,3,2,2006,3.97,18.33,0,0,7.74,0.153,806958
2002,2023-05-16,175,5,3,2,1986,5.29,23.33,1,0,5.79,0.825,672093
2003,2021-02-09,96,1,1,2,2007,3.33,6.79,1,0,9.81,0.036,452053
2004,2023-05-09,255,3,3,1,2005,4.39,17.6,2,1,2.75,0.847,934080
2005,2023-01-19,156,3,3,2,1997,8.58,8.89,1,1,6.77,0.477,762908
2006,2021-10-16,324,3,2,1,1992,8.74,18.08,0,1,6.48,0.828,1231039
2007,2021-09-19,172,2,2,2,1987,6.65,3.98,0,1,4.06,0.747,727336
2008,2021-08-04,183,1,3,1,2006,6.25,11.71,0,1,5.37,0.573,777332
2009,2021-05-27,156,1,1,1,1993,4.84,5.0,1,1,3.12,0.372,639107
2010,2021-12-02,99,4,2,2,2020,6.72,8.74,1,0,7.09,0.666,523663
2011,2021-06-17,144,2,3,1,1985,8.25,18.03,0,0,4.76,0.833,625244
2012,2021-04-02,317,5,2,2,1999,7.64,6.22,2,1,1.21,0.503,1248921
2013,2021-12-19,72,1,2,1,2007,1.32,17.28,2,1,9.56,0.415,343373
2014,2022-07-25,103,2,1,1,2002,7.58,12.65,0,0,5.51,0.143,530849
2015,2022-07-25,303,2,3,1,1991,7.48,2.75,1,1,7.35,0.896,1227647
2016,2023-03-27,284,1,2,2,2003,1.89,9.97,1,1,2.77,0.267,965265
2017,2022-11-12,108,4,3,2,2001,2.35,21.8,1,1,2.15,0.124,401290
2018,2023-02-20,213,2,1,1,2005,8.09,24.74,1,0,9.12,0.066,866781
2019,2021-12-29,308,3,1,2,2001,6.03,9.54,0,0,6.32,0.751,1171377
2020,2022-07-11,265,2,2,1,1986,8.39,1.84,1,0,5.44,0.675,1084725
2021,2021-12-11,232,5,1,2,1994,2.66,3.69,0,0,5.69,0.12,919544
2022,2022-11-24,106,1,2,2,2009,1.28,19.81,0,0,3.13,0.53,321828
2023,2021-06-19,194,5,3,1,1983,2.46,16.57,1,1,9.21,0.153,812720
2024,2021-12-22,139,4,2,1,1985,5.07,7.48,2,0,2.93,0.384,604239
2025,2021-07-10,94,3,2,1,1981,5.71,10.09,1,0,2.42,0.783,440889
2026,2022-10-29,306,1,1,2,2010,8.72,20.37,2,1,9.37,0.228,1226837
2027,2022-02-26,70,2,3,1,2003,7.45,10.62,2,1,3.32,0.028,444578
2028,2022-12-01,70,3,3,1,2014,9.91,19.02,0,1,8.76,0.193,500292
2029,2021-01-07,101,2,2,2,2010,1.71,7.73,2,0,7.95,0.4,451875
2030,2021-05-13,220,4,3,2,2004,2.17,18.26,2,0,4.44,0.242,809450
2031,2023-01-17,116,1,3,1,1987,1.76,11.93,0,0,3.29,0.722,375331
2032,2022-07-11,162,4,2,1,1991,5.85,13.86,1,0,7.83,0.789,737963
2033,2023-04-06,349,4,2,2,1981,3.4,15.17,2,1,6.38,0.241,1270729
2034,2023-01-31,209,4,3,2,1994,7.15,11.54,1,0,3.29,0.269,887842
2035,2021-01-31,315,4,2,2,2019,2.19,11.92,0,0,9.02,0.56,1136741
2036,2022-06-19,281,2,1,2,2011,1.93,7.01,2,1,7.49,0.753,1028906
2037,2022-03-02,117,5,3,1,1990,5.14,24.65,0,1,9.18,0.959,511173
2038,2022-01-29,77,2,2,1,1996,4.38,22.69,0,1,4.94,0.301,292826
2039,2022-11-03,165,3,3,2,2000,8.46,13.42,0,0,2.15,0.911,691659
2040,2021-12-29,100,4,3,1,2001,8.54,1.35,2,0,9.32,0.182,682236
2041,2022-03-13,230,3,1,1,2012,2.06,4.63,0,0,6.41,0.041,860167
2042,2022-11-01,309,2,1,1,2008,8.31,21.42,1,1,6.45,0.792,1122841
2043,2022-07-05,128,4,3,2,1994,6.08,23.3,0,0,6.26,0.479,554849
2044,2021-03-23,322,2,1,1,2000,5.53,4.45,2,0,5.25,0.077,1202368
2045,2021-12-22,157,4,2,2,1981,1.85,18.5,2,1,3.3,0.071,605347
2046,2021-09-15,123,2,3,1,2021,7.66,15.76,2,0,6.52,0.014,601873
2047,2022-12-19,224,1,1,2,2017,1.54,7.93,1,0,7.47,0.306,807888
2048,2022-08-12,233,5,3,2,1982,3.5,11.18,2,0,9.25,0.735,917327
2049,2022-06-08,72,5,3,2,2004,1.86,17.09,1,1,1.65,0.665,328468
2050,2021-10-22,323,4,2,1,1992,5.78,2.98,0,1,3.29,1.0,1229287
2051,2021-08-12,178,1,2,1,2003,6.81,5.13,1,0,7.99,0.594,787572
2052,2022-06-09,340,3,2,1,2010,9.02,1.32,0,1,7.98,0.11,1384407
2053,2021-02-15,235,1,1,1,1994,7.6,22.6,0,0,2.91,0.979,790038
2054,2022-10-29,108,4,1,1,1985,9.65,14.56,0,0,2.66,0.693,538001
2055,2021-04-23,50,1,1,2,2020,7.85,13.32,2,1,4.3,0.374,307485
2056,2021-08-21,180,3,2,1,1989,3.68,17.8,1,0,1.57,0.247,629310
2057,2021-01-17,116,4,3,1,1988,5.93,24.71,2,1,7.57,0.222,564600
2058,2021-12-26,342,5,2,1,2020,5.12,4.72,2,1,7.03,0.956,1313112
2059,2021-08-11,334,1,1,1,2020,6.09,3.76,1,0,8.73,0.419,1276085
2060,2023-05-16,138,5,1,2,1984,6.15,7.72,0,1,4.87,0.487,632808
2061,2022-12-01,149,5,1,2,2020,7.32,22.65,1,0,6.73,0.837,644056
2062,2022-03-24,238,2,2,2,1998,1.75,10.58,2,0,9.59,0.964,839032
2063,2023-05-06,290,3,1,2,1999,7.72,19.94,1,1,9.63,0.004,1158087
2064,2021-12-31,319,1,2,1,2012,2.29,5.47,0,0,1.64,0.99,1096679
2065,2022-11-06,268,5,3,2,2022,1.24,12.59,2,1,1.02,0.075,953930
2066,2021-11-22,225,5,2,1,2016,5.67,3.62,1,1,9.64,0.837,974354
2067,2022-04-12,282,3,1,2,2010,6.23,10.62,0,0,5.82,0.95,1068065
2068,2022-02-18,200,5,3,2,2018,1.31,6.93,2,1,7.3,0.561,815105
2069,2022-03-31,326,5,1,1,1992,5.64,13.96,2,0,9.21,0.552,1226616
2070,2022-08-09,278,5,3,1,2017,5.81,19.62,0,1,4.9,0.669,1054826
2071,2021-08-21,220,5,1,2,1985,1.47,23.49,1,0,4.97,0.353,745891
2072,2021-08-12,272,2,2,1,1987,7.4,7.45,0,1,2.5,0.166,1050357
2073,2023-04-11,262,2,1,1,2022,2.89,18.71,2,1,9.15,0.066,938936
2074,2022-02-16,331,4,2,1,1989,8.15,22.2,0,1,6.83,0.881,1250802
2075,2022-07-26,90,1,2,2,2020,3.8,3.56,2,0,2.62,0.547,383138
2076,2021-12-01,171,3,3,2,1983,5.3,14.86,0,0,6.04,0.694,659086
2077,2021-08-10,276,4,2,2,1993,9.03,15.49,1,1,3.95,0.332,1097119
2078,2021-02-06,343,2,2,2,1983,8.26,7.17,0,0,2.32,0.807,1286860
2079,2021-10-05,137,2,2,1,2003,8.04,1.05,2,0,2.64,0.35,668480
2080,2021-07-15,316,2,3,1,2000,2.44,6.79,1,1,6.03,0.03,1153833
2081,2023-05-14,78,4,1,1,1989,1.43,14.83,2,0,6.08,0.337,331920
2082,2022-04-29,296,2,1,1,2004,6.45,5.31,1,0,8.11,0.85,1148389
2083,2021-08-30,293,4,2,2,1985,4.7,7.54,2,1,3.23,0.876,1130624
2084,2021-11-20,110,2,2,1,1995,9.18,17.84,2,1,9.24,0.935,581178
2085,2023-01-01,196,5,1,2,2007,4.15,10.26,2,1,5.67,0.499,844170
2086,2021-07-11,223,5,2,2,2015,4.69,2.1,1,0,2.84,0.957,905807
2087,2021-01-17,327,1,1,2,2012,5.73,10.28,2,0,4.72,0.499,1169167
2088,2022-06-08,191,2,3,1,2009,8.17,24.99,0,1,9.31,0.154,823101
2089,2022-02-05,93,1,2,1,2015,3.41,6.9,2,0,5.3,0.502,426659
2090,2023-06-05,193,4,2,2,2004,9.48,7.0,2,0,8.87,0.869,940512
2091,2022-12-06,104,1,1,2,1992,5.86,4.66,1,0,2.44,0.786,466958
2092,2021-01-22,210,2,1,1,2018,8.57,7.16,2,1,9.23,0.434,945588
2093,2022-04-19,334,4,3,2,1994,5.73,14.58,2,0,4.88,0.213,1248281
2094,2021-04-30,247,4,2,1,2017,7.95,24.13,2,1,9.43,0.581,1005077
2095,2021-07-29,208,5,1,2,2009,1.46,15.39,2,0,8.79,0.931,733079
2096,2021-11-02,129,4,3,2,1993,8.19,10.54,2,0,6.94,0.177,688021
2097,2021-09-27,80,4,1,1,1983,5.72,10.05,0,0,7.06,0.827,399017
2098,2022-12-05,161,1,1,1,1980,5.04,1.09,0,0,2.9,0.147,666933
2099,2022-11-18,95,4,3,2,1982,2.0,0.56,1,1,6.43,0.92,494953
2100,2021-10-12,254,3,3,2,2015,7.67,20.03,1,1,5.95,0.693,999190
2101,2022-12-17,101,5,3,1,1983,2.18,12.51,0,1,4.01,0.109,455728
2102,2022-11-07,187,5,3,2,2022,2.73,1.31,1,1,5.55,0.202,813614
2103,2023-02-02,123,4,3,2,1993,2.14,7.51,0,0,9.36,0.927,566030
2104,2021-08-15,90,1,3,2,2004,1.06,9.24,0,0,1.05,0.508,322860
2105,2022-01-16,126,5,2,2,2018,6.96,19.69,1,0,4.75,0.453,554353
2106,2022-04-05,236,5,3,2,1982,3.44,11.14,1,1,4.0,0.058,938084
2107,2021-01-07,101,3,2,2,1986,2.35,19.84,2,0,9.65,0.084,445994
2108,2021-01-29,136,4,1,1,1987,3.88,16.03,0,1,9.77,0.692,572790
2109,2021-02-02,158,5,1,2,1986,5.49,1.31,0,1,6.27,0.777,705885
2110,2022-10-08,274,5,3,1,2004,5.53,24.23,0,1,5.95,0.867,967028
2111,2023-05-29,297,5,1,2,1996,4.3,4.95,1,0,9.13,0.503,1172144
2112,2021-03-20,118,5,3,2,2005,5.45,7.25,0,0,1.06,0.329,523867
2113,2022-04-04,169,1,3,1,1983,4.85,20.33,0,0,6.06,0.626,606179
2114,2022-07-24,116,2,2,1,1997,8.4,5.15,1,1,1.22,0.619,587358
2115,2022-06-22,110,3,1,1,1983,1.27,10.33,0,0,9.71,0.035,477058
2116,2022-04-27,240,1,3,1,1996,8.81,21.69,0,1,3.88,0.939,884178
2117,2022-03-06,238,3,1,1,1996,3.2,16.11,2,1,5.69,0.643,873449
2118,2023-01-08,200,5,2,2,2004,7.5,7.9,2,1,4.76,0.006,930620
2119,2021-10-12,335,3,1,1,1982,4.65,16.28,2,0,9.04,0.96,1189799
2120,2022-05-31,145,4,2,1,1991,3.65,20.41,0,0,10.0,0.953,601253
2121,2021-04-09,312,4,2,1,2006,6.54,10.4,2,0,1.62,0.946,1163687
2122,2022-02-01,146,2,2,2,1996,7.92,14.51,1,0,7.59,0.889,632205
2123,2022-05-04,162,2,3,2,2001,5.05,24.7,2,1,4.31,0.185,580230
2124,2021-02-08,174,3,3,2,2018,5.2,24.13,1,1,2.25,0.977,626797
2125,2021-09-28,181,1,1,1,2018,1.53,12.97,1,0,4.65,0.762,581221
2126,2023-06-06,170,1,3,2,2022,9.32,2.86,1,0,9.98,0.641,839699
2127,2023-03-08,246,5,3,2,2015,8.62,17.67,0,0,4.22,0.943,977775
2128,2021-06-06,343,1,1,2,1995,4.58,7.08,1,1,3.5,0.381,1173096
2129,2021-03-16,171,2,2,2,2016,7.88,16.9,0,0,8.62,0.931,708797
2130,2023-06-03,331,1,2,1,2008,3.82,9.12,1,1,8.81,0.606,1181999
2131,2023-03-11,309,5,1,1,1993,7.57,18.11,0,1,4.05,0.579,1151776
2132,2021-05-10,88,4,3,1,1986,5.65,9.5,1,0,3.69,0.646,446890
2133,2022-11-18,103,1,1,1,2020,5.15,23.56,1,0,6.83,0.754,382387
2134,2021-03-25,210,1,1,1,2007,1.51,3.85,0,0,2.85,0.445,723795
2135,2021-01-22,338,2,3,1,1992,9.69,2.18,2,0,5.35,0.981,1364637
2136,2022-04-04,249,3,1,1,1995,8.54,19.64,1,0,2.27,0.089,903312
2137,2022-06-23,325,4,3,1,2000,8.14,10.33,1,0,3.74,0.914,1280674
2138,2022-12-08,65,3,3,2,1983,3.74,11.91,2,0,3.68,0.657,294451
2139,2023-04-29,222,5,1,2,2018,3.61,23.38,1,0,7.25,0.91,789280
2140,2022-01-17,297,5,2,1,2014,6.16,14.95,0,1,3.54,0.369,1110378
2141,2023-01-18,267,3,3,1,1994,8.62,16.67,0,0,9.09,0.829,1079010
2142,2022-03-16,136,2,2,2,2005,9.41,0.98,1,0,9.85,0.616,707920
2143,2022-08-27,131,2,3,2,1986,3.42,16.93,1,0,1.73,0.831,490264
2144,2021-01-21,111,2,2,2,1997,6.47,10.01,0,1,4.58,0.325,521583
2145,2021-10-30,336,4,1,1,2004,7.52,11.78,2,1,3.72,0.917,1273510
2146,2023-05-19,91,5,3,2,2016,3.04,20.3,1,0,4.17,0.924,354057
2147,2021-03-25,61,5,1,1,2000,4.67,13.33,0,0,3.39,0.475,353677
2148,2023-02-13,283,5,1,2,1987,2.69,24.68,2,0,4.44,0.4,935518
2149,2022-10-21,180,4,1,2,1999,7.29,20.02,1,1,2.27,0.575,658510
2150,2022-03-29,164,5,3,1,1997,8.77,18.35,1,0,3.52,0.2,778388
2151,2022-01-22,267,3,1,2,1998,8.9,14.92,2,0,7.73,0.496,1057006
2152,2022-05-22,186,1,1,1,1982,7.03,10.6,1,1,4.1,0.897,729421
2153,2021-09-14,155,4,3,2,2017,4.12,1.8,1,1,2.87,0.365,727797
2154,2022-07-24,228,1,1,1,1997,6.95,0.95,0,0,1.98,0.736,871124
2155,2023-06-11,65,3,3,1,2006,8.78,1.65,2,1,4.13,0.623,501805
2156,2022-06-11,291,2,1,1,1994,6.63,23.99,1,1,6.79,0.261,1072819
2157,2021-06-11,275,2,2,2,2000,4.72,8.42,0,0,3.28,0.532,995141
2158,2021-06-12,291,2,1,1,2001,9.28,17.66,1,1,4.8,0.853,1125602
2159,2023-04-12,190,4,2,2,1987,8.52,15.06,0,0,9.57,0.555,865137
2160,2023-03-04,248,2,3,2,1990,8.94,14.51,1,0,5.97,0.697,981819
2161,2023-03-03,161,4,2,1,2022,9.13,14.69,1,0,5.79,0.775,752095
2162,2022-06-08,176,4,3,1,1991,4.54,7.91,1,0,4.69,0.049,758012
2163,2023-02-25,70,1,1,2,2018,8.74,22.22,1,1,6.01,0.051,386158
2164,2021-09-28,196,2,2,2,2006,6.13,23.02,1,1,9.86,0.115,799488
2165,2022-05-07,138,5,1,1,2014,1.34,16.29,2,0,3.28,0.163,531360
2166,2021-07-27,252,2,2,2,1981,6.72,21.67,2,1,9.48,0.811,948076
2167,2022-06-23,134,2,3,1,2014,5.24,1.97,2,1,2.34,0.436,647479
2168,2022-08-07,216,2,3,1,2010,3.48,2.96,0,1,2.0,0.185,859478
2169,2021-03-01,121,5,3,1,1987,9.73,14.2,2,0,6.89,0.532,665882
2170,2022-03-06,347,5,3,2,1999,1.5,21.24,1,1,3.26,0.763,1199192
2171,2022-10-19,58,4,1,2,1987,9.51,8.23,1,1,5.0,0.14,462581
2172,2022-08-28,330,5,1,2,1983,2.43,13.93,2,1,7.57,0.344,1215665
2173,2021-11-05,307,4,1,2,2010,4.39,0.74,0,0,5.81,0.194,1173796
2174,2022-06-04,324,1,1,1,2011,4.76,24.67,1,1,1.12,0.646,1056279
2175,2022-08-14,287,4,1,2,1992,7.58,19.29,0,1,3.75,0.137,1076920
2176,2021-01-27,69,2,3,1,2001,2.94,9.35,1,0,1.58,0.781,293024
2177,2022-11-17,282,3,1,1,2005,9.87,24.58,0,1,9.34,0.208,1069265
2178,2022-07-16,270,3,1,2,1996,7.74,2.76,0,1,8.15,0.059,1135553
2179,2021-07-18,66,2,1,2,2008,8.11,11.87,0,0,9.85,0.911,396955
2180,2022-01-22,138,4,3,2,2006,1.96,1.94,1,1,8.97,0.333,616682
2181,2021-12-15,245,2,3,1,2001,5.29,8.71,1,0,5.28,0.503,963018
2182,2022-11-24,133,5,3,2,1997,9.51,5.87,2,0,8.94,0.101,782157
2183,2022-06-20,136,4,3,1,1984,3.43,8.26,0,1,7.05,0.479,578429
2184,2023-04-08,203,2,1,1,1991,2.31,23.71,0,1,5.72,0.223,685842
2185,2022-01-13,277,5,1,2,1981,5.37,10.97,1,0,4.34,0.84,1061199
2186,2023-06-18,313,5,2,2,2021,9.37,8.46,0,0,7.13,0.714,1278620
2187,2022-07-12,272,4,1,2,1986,5.38,16.2,0,1,6.31,0.663,981076
2188,2022-06-11,170,1,3,1,2005,4.64,17.24,1,1,6.53,0.781,611451
2189,2021-06-02,222,1,3,1,2018,6.85,24.6,1,1,4.6,0.294,800548
2190,2023-01-04,53,5,1,2,1994,9.43,13.88,1,0,7.65,0.454,417895
2191,2021-07-25,177,1,2,2,2012,1.44,18.94,1,1,1.73,0.087,605784
2192,2022-03-31,159,5,3,1,1982,2.38,9.86,1,0,7.54,0.068,687157
2193,2021-09-30,86,1,2,2,2021,2.19,4.69,1,0,7.58,0.329,372157
2194,2023-06-13,120,5,3,2,1981,1.77,11.03,0,1,5.64,0.823,492790
2195,2021-08-24,338,5,3,1,1996,3.72,10.76,1,0,3.37,0.598,1249022
2196,2023-05-02,80,5,1,1,1980,3.06,10.81,2,0,5.67,0.425,411283
2197,2023-01-10,317,5,3,2,2015,5.94,17.54,0,1,2.11,0.967,1149743
2198,2022-06-05,60,3,2,1,2022,3.95,10.45,2,0,3.57,0.442,314827
2199,2022-11-09,81,1,2,2,1996,4.65,23.88,1,0,4.79,0.469,304223
2200,2023-04-11,106,5,1,1,1981,9.48,24.58,1,0,7.06,0.993,527836
2201,2022-12-27,215,2,3,1,2012,2.4,13.32,0,1,2.68,0.131,762395
2202,2022-05-16,237,4,2,1,2008,4.5,14.18,1,0,2.42,0.256,883083
2203,2021-04-27,68,2,1,1,1985,3.31,10.49,0,1,6.47,0.453,319446
2204,2022-01-21,165,2,2,2,2022,5.94,9.21,0,0,7.12,0.571,678876
2205,2021-12-10,233,3,1,1,2015,7.63,24.64,1,0,1.75,0.148,844559
2206,2022-08-07,319,1,2,2,2003,8.35,1.5,0,1,1.3,0.329,1236442
2207,2022-01-30,82,3,3,1,1990,5.64,10.55,0,0,2.32,0.22,400978
2208,2021-03-05,59,1,2,2,1984,8.69,4.21,0,1,9.11,0.85,448959
2209,2022-12-18,129,5,2,1,2009,8.07,18.29,1,1,7.05,0.835,648393
2210,2022-12-22,241,3,1,1,1989,2.41,5.26,0,0,9.29,0.24,930933
2211,2021-03-13,239,4,1,2,2016,3.21,22.17,2,1,6.98,0.435,852336
2212,2023-02-28,117,1,1,1,2006,7.05,9.67,0,1,9.69,0.652,569100
2213,2021-10-01,174,3,2,2,2006,9.77,22.97,0,0,4.95,0.048,752049
2214,2021-11-16,108,4,1,2,2003,4.39,24.67,1,1,6.39,0.884,428185
2215,2021-12-04,146,2,3,1,1982,3.07,19.39,0,0,6.41,0.511,564700
2216,2022-01-01,324,5,1,1,2017,8.82,15.77,1,0,1.03,0.227,1206378
2217,2022-05-10,198,5,1,2,2005,2.8,4.17,0,0,1.25,0.397,755256
2218,2022-08-30,327,2,3,1,2018,7.28,23.36,2,0,2.31,0.902,1133907
2219,2021-06-15,314,3,1,1,1997,1.31,19.53,1,1,5.6,0.025,1034836
2220,2022-06-28,58,2,1,2,1982,1.17,7.56,2,0,4.87,0.143,242151
2221,2021-01-11,332,4,2,1,2017,5.06,11.98,0,1,5.86,0.193,1262267
2222,2021-10-28,322,1,2,1,2021,6.91,2.16,2,0,8.2,0.06,1256116
2223,2022-12-30,57,3,1,1,2004,2.28,16.65,0,0,8.4,0.225,274324
2224,2023-03-12,257,1,3,1,1992,7.87,3.57,0,0,9.79,0.817,1071009
2225,2021-04-12,174,2,1,1,2004,2.16,16.46,0,0,6.02,0.527,575638
2226,2022-03-01,172,5,1,2,2003,5.8,16.95,0,0,4.12,0.605,698251
2227,2022-01-27,82,1,1,1,2020,3.77,8.45,0,1,3.77,0.156,338609
2228,2023-02-18,50,1,2,1,1995,7.77,23.74,0,0,4.07,0.278,250228
2229,2021-08-02,253,5,3,2,2022,8.24,19.58,1,1,3.91,0.917,984184
2230,2022-11-22,55,1,3,1,2020,1.59,12.67,0,0,4.54,0.21,243207
2231,2021-03-29,346,1,3,2,2021,2.73,23.0,0,1,1.67,0.907,1112220
2232,2022-07-07,54,5,2,2,1990,9.03,21.47,0,1,6.7,0.663,395801
2233,2022-02-05,129,5,2,1,2000,4.74,17.46,2,0,6.11,0.503,620955
2234,2022-08-11,323,2,1,1,2010,5.29,4.25,2,1,5.16,0.174,1236544
2235,2023-06-08,226,2,2,2,1994,2.51,12.68,1,1,1.73,0.674,785253
2236,2021-02-15,185,1,1,1,2015,9.95,21.68,2,1,1.84,0.886,738850
2237,2022-11-03,74,3,2,2,2022,9.31,15.42,1,0,5.91,0.16,456243
2238,2022-04-08,232,2,1,1,1980,1.02,13.87,0,1,1.33,0.006,767346
2239,2022-08-15,217,2,2,1,2007,5.96,23.9,0,0,7.52,0.74,766840
2240,2021-11-06,227,3,3,2,2012,8.85,0.91,1,0,9.94,0.6,1026947
2241,2021-03-27,144,3,1,2,1982,4.87,0.8,1,0,6.38,0.503,678344
2242,2021-04-02,82,5,2,2,1994,4.93,22.37,1,0,7.51,0.456,388500
2243,2022-10-22,160,2,2,2,2012,4.41,1.44,0,1,4.95,0.498,687298
2244,2022-11-04,195,4,1,2,2011,1.26,8.65,2,0,7.01,0.375,774670
2245,2022-12-15,280,4,2,2,2002,8.11,23.14,0,1,6.87,0.082,1060829
2246,2021-08-30,321,1,3,2,2005,5.11,17.43,1,0,8.42,0.776,1159013
2247,2023-05-15,87,2,1,2,1996,5.78,16.38,0,0,7.4,0.468,401542
2248,2021-01-02,184,4,1,2,1988,3.3,16.6,0,0,7.74,0.825,679052
2249,2021-08-13,284,2,1,2,1984,8.06,8.28,0,1,6.01,0.982,1098601
2250,2023-03-12,209,2,1,1,2008,8.14,13.5,2,1,5.36,0.172,875810
2251,2023-01-15,87,4,1,1,1985,5.98,15.93,2,0,5.13,0.793,431265
2252,2022-08-12,199,2,3,2,2020,9.14,7.99,0,0,4.53,0.978,826273
2253,2021-04-26,78,3,1,1,2014,2.04,19.99,0,1,3.39,0.724,271043
2254,2022-10-28,193,1,3,2,2000,8.08,8.38,1,1,1.3,0.246,787608
2255,2021-04-13,125,5,3,1,2002,6.03,2.25,0,1,7.04,0.896,701947
2256,2021-07-13,194,4,3,1,2014,3.08,5.44,2,0,9.11,0.793,815370
2257,2021-06-15,278,5,1,1,1981,2.19,10.51,2,1,9.37,0.449,1065808
2258,2023-05-21,113,1,3,1,2021,3.71,22.75,0,1,6.23,0.573,453615
2259,2021-03-31,318,3,1,1,1988,8.71,10.69,2,0,1.85,0.722,1183627
2260,2022-11-17,233,3,3,2,1992,8.09,2.7,2,1,8.91,0.125,1077865
2261,2021-05-02,310,3,1,1,2022,6.81,5.31,2,0,7.73,0.927,1178939
2262,2021-05-23,317,3,2,1,2013,1.81,13.84,0,0,3.26,0.987,1020857
2263,2021-04-16,218,4,2,2,1995,9.59,4.85,1,1,8.23,0.331,1001500
2264,2023-06-06,308,4,3,1,1984,3.75,2.07,2,1,5.25,0.715,1208864
2265,2022-03-04,276,2,2,1,1980,6.46,18.01,1,1,8.99,0.421,1071809
2266,2021-11-01,82,2,3,1,2019,8.23,19.72,0,0,3.23,0.028,413607
2267,2023-05-22,263,1,3,1,2001,2.2,21.34,1,0,8.21,0.959,863296
2268,2021-11-13,99,2,3,1,2005,6.87,21.18,1,0,7.41,0.142,502723
2269,2022-09-27,259,1,2,1,2013,1.29,9.79,1,1,1.13,0.075,871719
2270,2021-01-09,78,1,3,1,2000,1.92,18.49,0,1,6.07,0.837,262354
2271,2023-02-13,88,1,2,2,1986,7.51,14.8,0,0,7.44,0.034,483863
2272,2021-03-14,149,3,2,2,2004,2.4,1.07,0,1,2.41,0.688,591791
2273,2021-12-25,222,5,1,2,1991,4.99,10.34,0,0,5.79,0.93,873955
2274,2021-08-11,66,5,2,1,2010,3.23,1.8,2,0,3.74,0.406,400655
2275,2022-02-20,105,4,1,1,2006,4.79,2.54,0,0,7.27,0.068,595364
2276,2022-07-07,275,1,3,2,2001,1.69,1.87,1,1,5.86,0.218,1015333
2277,2022-01-05,95,3,3,2,2013,7.79,24.04,1,0,6.59,0.948,409820
2278,2022-12-17,116,2,1,2,1996,1.71,21.18,0,1,1.65,0.465,345193
2279,2021-09-21,246,2,3,1,1990,8.54,11.26,2,1,2.24,0.541,999547
2280,2023-04-20,191,4,1,2,2008,6.96,6.58,2,0,5.97,0.156,862185
2281,2022-11-21,72,4,1,1,2013,4.75,2.28,0,1,2.63,0.918,401125
2282,2023-05-10,143,1,3,2,2016,8.8,11.06,2,0,5.49,0.517,662412
2283,2021-11-14,291,1,1,2,2005,2.68,15.21,1,1,7.21,0.529,1030758
2284,2021-03-25,286,2,1,1,2011,3.38,20.03,2,1,8.29,0.576,1023516
2285,2021-11-14,103,2,1,1,2016,2.23,1.76,2,0,2.29,0.767,415948
2286,2021-04-21,187,2,3,1,1984,4.43,10.74,0,0,7.68,0.203,746420
2287,2021-09-08,321,2,3,1,1999,9.88,24.43,1,1,4.27,0.942,1227959
2288,2022-01-18,90,5,3,1,1986,2.45,3.46,2,0,7.11,0.175,518274
2289,2021-01-07,147,1,3,1,2022,8.48,10.31,2,1,2.31,0.197,670514
2290,2022-04-04,232,1,3,2,2002,6.87,7.24,1,1,5.64,0.012,992921
2291,2021-03-25,177,2,2,1,1980,1.14,3.78,2,1,8.54,0.02,732765
2292,2021-07-27,278,3,2,1,2018,9.5,21.05,1,0,1.96,0.429,1082015
2293,2023-06-19,135,2,1,1,1982,9.74,17.58,2,1,8.45,0.183,660768
2294,2022-01-25,305,4,2,2,1982,9.32,10.58,0,0,5.07,0.212,1226641
2295,2021-11-10,258,3,3,2,1985,5.52,9.54,2,0,8.41,0.988,1049109
2296,2021-01-22,264,4,3,1,2010,2.98,20.78,2,0,9.63,0.929,948633
2297,2022-02-14,149,3,3,1,2006,4.52,2.72,2,1,2.44,0.322,666610
2298,2023-06-14,98,4,1,1,2008,6.53,4.1,1,0,7.07,0.343,498855
2299,2022-05-30,250,2,1,1,1994,4.41,22.71,1,1,3.12,0.292,861294
2300,2021-05-07,307,2,1,1,2015,7.37,20.52,0,1,2.22,0.882,1088983
2301,2023-03-20,227,3,1,1,1984,8.16,19.48,0,0,6.65,0.098,886704
2302,2022-12-01,294,4,1,2,1982,2.88,15.79,0,1,1.97,0.584,1006771
2303,2023-05-24,172,5,1,1,2004,4.64,7.67,0,0,5.19,0.186,720299
2304,2021-01-14,220,3,2,1,2011,9.62,23.4,0,0,6.72,0.758,848376
2305,2021-01-12,185,3,3,1,2000,3.25,12.55,1,0,5.5,0.631,701003
2306,2021-03-28,108,1,2,1,1996,4.12,7.38,0,1,7.27,0.388,480517
2307,2022-06-08,242,3,1,2,1988,1.32,9.46,2,0,8.21,0.098,899017
2308,2022-06-21,317,5,3,1,2005,3.99,0.91,0,0,8.85,0.767,1243503
2309,2021-10-28,309,2,3,2,2001,4.34,6.75,0,0,6.04,0.077,1185876
2310,2021-08-31,144,4,3,1,2020,1.9,5.1,0,0,3.49,0.274,578596
2311,2021-05-02,174,1,2,1,2002,1.01,3.82,0,1,5.59,0.254,646462
2312,2021-05-27,90,4,3,1,1990,6.18,1.29,1,1,4.49,0.579,543190
2313,2022-07-21,303,2,1,2,1989,3.71,6.06,0,1,3.03,0.514,1073190
2314,2023-01-20,56,3,1,2,2002,1.16,3.04,1,1,5.76,0.28,294129
2315,2021-12-22,265,5,2,1,1984,8.74,1.61,0,1,1.2,0.43,1120376
2316,2022-11-16,118,1,2,1,2005,6.26,3.86,1,1,6.45,0.436,593603
2317,2023-01-03,118,5,1,1,1983,2.54,5.46,0,0,8.39,0.574,558623
2318,2022-09-23,130,5,2,1,2022,8.79,10.69,2,1,9.99,0.898,676982
2319,2021-11-05,79,5,3,1,2006,3.28,14.8,1,0,9.3,0.142,451552
2320,2022-11-26,122,5,2,1,2017,3.05,8.4,1,1,1.81,0.558,508880
2321,2021-10-15,311,2,3,1,2013,9.05,3.96,0,0,2.46,0.018,1266979
2322,2021-11-03,138,5,3,2,1982,2.62,23.54,1,1,2.25,0.698,518277
2323,2023-03-23,257,5,3,2,2011,8.91,13.11,1,1,6.03,0.64,1113231
2324,2022-08-17,262,2,3,1,2005,8.23,18.68,1,0,1.41,0.694,956856
2325,2022-12-24,315,4,3,1,1997,3.79,17.51,2,0,9.43,0.475,1146261
2326,2022-10-24,342,2,1,1,1986,1.31,7.48,0,1,1.56,0.187,1169181
2327,2022-07-03,256,3,1,1,1992,1.74,14.22,2,0,4.52,0.448,902038
2328,2021-12-18,126,2,1,1,1985,1.99,15.25,2,0,9.05,0.024,465167
2329,2021-11-08,337,4,3,1,2014,9.02,9.12,0,1,9.54,0.381,1419322
2330,2023-05-23,96,3,2,2,2010,4.64,16.93,2,1,5.19,0.839,432597
2331,2021-02-28,159,3,2,2,2021,1.29,19.87,2,0,5.4,0.339,557929
2332,2022-10-05,249,1,3,2,2016,6.01,9.42,1,0,6.73,0.592,949341
2333,2022-12-15,259,5,2,1,2022,2.87,0.87,1,1,4.67,0.261,1052726
2334,2023-01-25,203,3,3,2,1983,3.12,9.06,0,0,3.92,0.134,768420
2335,2021-02-04,59,3,2,1,2021,2.45,3.36,0,0,7.65,0.521,328717
2336,2022-03-21,206,4,3,2,1983,7.86,4.31,2,1,6.36,0.036,931927
2337,2021-04-03,310,3,2,1,1987,1.01,9.47,0,0,5.34,0.904,1030870
2338,2021-07-26,126,4,2,2,2017,4.95,5.59,0,1,1.91,0.777,536520
2339,2021-12-19,306,5,1,1,1990,1.78,23.4,1,1,1.62,0.998,937922
2340,2021-11-28,180,1,2,2,1981,5.97,16.49,2,1,5.6,0.993,721807
2341,2023-03-28,116,1,2,2,1997,4.11,13.2,1,1,6.57,0.729,473874
2342,2023-05-12,277,5,3,2,1997,1.26,0.74,1,1,6.92,0.777,1041586
2343,2022-12-26,212,5,2,1,2001,5.15,3.04,1,0,9.05,0.528,914253
2344,2021-06-08,64,2,2,1,1991,6.14,19.82,2,0,8.35,0.219,353273
2345,2021-01-24,281,3,2,1,1996,3.23,10.05,2,0,2.27,0.808,974734
2346,2022-02-08,244,3,2,1,1996,7.89,1.61,2,1,8.15,0.27,1106112
2347,2023-03-16,79,3,2,1,2015,4.34,20.73,1,1,7.09,0.65,357374
2348,2022-05-31,345,4,1,2,2008,7.74,7.91,0,0,8.45,0.731,1340032
2349,2023-01-02,269,2,2,1,1995,6.21,9.96,2,1,8.59,0.564,1066655
2350,2021-12-30,196,3,3,1,2020,8.82,24.37,0,1,4.11,0.663,808477
2351,2022-01-17,308,4,3,1,1990,5.92,0.88,1,0,3.37,0.293,1249762
2352,2022-06-16,341,4,2,2,2022,2.67,18.17,2,1,5.97,0.761,1186364
2353,2021-06-01,348,1,2,2,2001,8.4,23.75,0,0,3.69,0.944,1178375
2354,2022-07-16,192,4,2,2,2009,8.05,2.06,2,1,4.15,0.484,892899
2355,2022-11-20,284,5,1,1,1987,9.75,21.72,1,1,1.62,0.121,1049739
2356,2022-08-31,164,4,3,1,1997,1.84,10.7,2,0,9.92,0.62,690851
2357,2022-09-09,139,5,1,2,1995,6.32,22.01,1,1,3.78,0.341,561350
2358,2022-02-24,257,5,1,1,1999,5.43,8.05,1,1,8.02,0.419,1048749
2359,2021-09-07,213,1,2,1,2018,7.04,24.58,0,1,9.94,0.152,843312
2360,2021-04-27,133,1,2,1,1987,9.82,16.35,1,0,9.72,0.626,638284
2361,2023-05-16,126,4,3,1,2009,5.79,15.86,1,1,6.7,0.787,575751
2362,2022-05-27,210,1,2,1,2017,7.17,20.24,2,1,5.85,0.766,808369
2363,2023-01-10,54,1,3,2,2008,4.12,11.2,1,1,3.78,0.994,253297
2364,2022-08-01,127,3,1,2,1992,3.69,6.84,1,0,8.75,0.212,599757
2365,2021-12-01,140,4,3,2,1996,4.02,6.94,1,1,4.04,0.914,624958
2366,2022-02-22,136,4,3,1,2019,1.35,8.6,1,1,1.96,0.733,534867
2367,2023-02-13,319,4,3,2,2022,3.56,15.63,0,1,3.65,0.707,1113813
2368,2021-10-22,153,1,1,1,1996,2.56,21.04,2,1,3.84,0.684,509269
2369,2023-01-25,224,1,1,2,1988,5.12,12.74,2,1,7.47,0.538,841351
2370,2022-01-06,103,5,2,1,1981,5.15,10.38,1,0,2.53,0.379,493564
2371,2021-07-05,260,2,2,1,2021,7.89,19.95,0,0,3.85,0.943,888264
2372,2021-09-03,144,2,3,2,2003,5.52,7.6,0,1,1.69,0.151,643513
2373,2022-09-29,272,2,3,2,2000,5.17,17.38,1,0,8.64,0.176,1066157
2374,2021-09-25,58,3,1,2,1981,3.08,3.09,1,0,7.52,0.017,368246
2375,2022-10-05,102,1,1,1,1984,8.67,3.27,2,1,4.94,0.739,521717
2376,2021-08-25,126,5,1,2,1996,1.82,16.28,2,1,4.87,0.894,476916
2377,2022-06-14,255,5,3,2,2003,9.84,2.53,2,0,2.5,0.186,1143631
2378,2022-07-06,161,2,3,2,1987,5.28,4.3,2,1,4.46,0.034,732400
2379,2021-01-21,214,3,1,2,2009,2.67,15.8,1,1,9.16,0.244,859700
2380,2023-01-07,328,3,3,1,2001,4.19,11.24,1,0,2.25,0.884,1146198
2381,2023-05-17,76,2,1,1,2003,1.14,14.25,2,0,7.89,0.016,311573
2382,2023-03-05,119,2,2,1,2005,2.5,24.44,2,0,1.42,0.101,390599
2383,2022-06-04,267,1,1,2,1987,4.02,15.98,1,0,3.81,0.025,920334
2384,2021-04-10,238,3,3,2,1991,5.99,14.98,2,1,8.62,0.943,940370
2385,2023-01-22,173,5,3,2,1993,2.17,9.81,1,0,5.0,0.136,671275
2386,2022-04-23,68,2,3,1,2009,7.08,15.96,2,0,7.32,0.9,405927
2387,2022-08-22,306,1,3,2,2014,8.6,0.82,1,0,1.93,0.473,1187265
2388,2021-10-25,345,5,1,1,2010,6.15,14.15,0,1,7.15,0.395,1283671
2389,2022-06-10,71,3,1,2,2007,3.67,2.19,1,0,8.37,0.427,396678
2390,2021-11-30,89,2,2,1,2006,2.09,5.89,0,1,8.25,0.419,391401
2391,2021-01-02,87,2,1,1,2015,1.14,14.3,0,1,4.95,0.342,327690
2392,2022-01-10,97,1,2,2,1980,7.59,16.86,2,1,9.14,0.811,505169
2393,2021-10-20,232,1,1,2,2020,6.66,9.93,0,0,6.17,0.508,891959
2394,2023-04-17,124,3,1,1,1993,5.29,10.77,2,1,8.36,0.991,583545
2395,2022-07-07,258,2,3,1,1989,1.92,12.7,0,1,2.92,0.518,892692
2396,2021-11-14,232,1,2,2,2021,2.86,19.1,0,0,2.89,0.818,748145
2397,2022-05-17,156,2,3,1,1986,8.34,0.93,2,1,7.79,0.745,832148
2398,2023-04-08,237,3,3,2,2019,5.32,11.45,1,1,6.82,0.401,973525
2399,2022-01-16,313,2,1,2,1993,9.67,0.85,2,1,7.09,0.789,1296514
2400,2022-09-15,135,5,1,1,2015,10.0,8.32,0,1,3.13,0.155,692695
2401,2021-01-14,186,2,2,1,2006,8.21,13.24,2,1,4.6,0.203,776561
2402,2022-05-19,144,4,2,2,1990,3.32,2.46,2,1,3.33,0.619,596921
2403,2021-08-19,294,4,1,1,2021,3.08,12.39,0,1,1.61,0.712,1029386
2404,2021-03-25,139,3,2,1,2016,3.28,23.15,0,1,2.84,0.644,464291
2405,2021-05-10,108,3,1,2,2021,9.88,17.29,0,1,9.96,0.509,596615
2406,2023-01-13,77,3,1,1,1989,4.02,19.67,2,0,3.11,0.138,304859
2407,2023-04-18,121,5,1,1,1986,7.36,14.72,2,1,2.43,0.373,626860
2408,2021-05-25,319,5,2,1,1996,9.63,22.46,2,0,7.27,0.605,1221412
2409,2023-06-10,73,2,3,1,1991,8.38,4.1,1,1,6.42,0.226,518212
2410,2023-05-07,161,1,2,2,2016,6.38,11.52,2,0,7.71,0.638,676897
2411,2021-01-28,349,4,3,1,2016,2.52,15.13,1,0,6.88,0.234,1248476
2412,2021-03-07,105,4,2,1,2015,2.57,21.9,0,0,3.01,0.098,378657
2413,2021-06-12,272,4,3,1,1986,5.43,8.05,1,0,5.51,0.324,1061551
2414,2021-08-17,169,2,3,1,2003,9.57,0.53,2,1,2.59,0.273,813578
2415,2021-09-18,228,2,2,2,2013,9.14,24.37,0,0,3.28,0.81,882638
2416,2022-03-25,337,3,2,2,1980,2.5,1.14,1,0,9.88,0.484,1263302
2417,2022-02-28,330,1,3,2,2008,3.59,4.23,0,0,7.56,0.064,1229974
2418,2022-04-05,238,3,1,1,2005,6.3,10.84,0,1,8.05,0.816,910330
2419,2022-11-07,115,2,3,2,1989,5.3,12.66,1,0,1.27,0.269,443030
2420,2021-10-28,347,5,3,2,1980,2.07,20.94,0,0,4.44,0.568,1161807
2421,2021-10-30,298,3,1,1,1996,4.32,11.47,0,0,6.0,0.542,1089431
2422,2021-10-14,125,2,3,1,2020,9.59,13.91,2,1,2.35,0.972,599086
2423,2022-01-30,186,2,1,2,2015,9.56,5.4,0,1,8.64,0.255,870161
2424,2021-01-10,213,5,1,2,1988,6.03,14.44,1,1,2.26,0.145,860136
2425,2022-12-08,282,5,2,1,2018,6.72,9.04,1,1,6.73,0.258,1149843
2426,2022-09-22,304,5,3,1,2002,3.0,2.92,2,1,5.98,0.576,1215512
2427,2021-09-27,343,1,3,1,2008,7.68,23.69,2,0,8.64,0.218,1297141
2428,2022-08-15,219,2,1,2,1981,1.47,2.5,1,0,3.81,0.34,776844
2429,2022-08-28,223,5,3,1,1997,2.99,17.11,1,1,3.56,0.658,809035
2430,2023-02-17,67,1,1,2,2007,1.05,22.75,2,1,8.62,0.116,248124
2431,2023-04-24,119,4,3,2,2021,4.47,4.89,1,0,2.99,0.945,547393
2432,2023-05-12,165,4,3,2,1986,8.65,6.31,0,1,7.71,0.532,820084
2433,2021-12-27,129,4,1,1,1990,9.84,10.95,2,0,2.72,0.484,668889
2434,2021-09-14,64,2,1,2,1986,7.01,7.72,2,0,8.88,0.363,435110
2435,2021-05-13,225,1,3,2,2022,7.7,19.1,2,1,8.55,0.246,946375
2436,2021-10-03,318,1,3,2,2003,3.36,8.78,2,0,8.09,0.483,1138945
2437,2023-02-15,168,4,1,2,1994,5.68,24.65,0,0,5.42,0.486,617437
2438,2022-11-14,348,3,2,1,2010,7.63,21.54,2,1,1.3,0.056,1275623
2439,2022-05-28,237,4,2,2,1998,5.48,22.44,2,0,2.19,0.847,842688
2440,2021-11-09,106,2,3,1,1989,1.8,2.06,1,1,5.11,0.821,460296
2441,2022-07-30,248,4,3,1,1987,7.67,4.82,2,0,1.39,0.448,1019107
2442,2023-06-05,66,4,3,2,1980,2.98,4.65,1,0,1.57,0.337,353934
2443,2021-10-11,337,1,1,2,1981,1.88,16.96,1,1,2.13,0.499,1105974
2444,2021-05-01,104,4,3,1,2008,5.3,0.79,1,1,3.35,0.221,531977
2445,2021-04-17,318,5,3,1,2021,1.67,20.26,0,1,7.74,0.001,1139280
2446,2022-11-18,136,5,3,1,1989,6.66,13.9,2,0,1.43,0.354,622440
2447,2021-07-23,78,3,2,1,2021,6.76,14.37,2,0,9.85,0.018,464131
2448,2021-06-14,71,2,3,2,1988,3.31,13.66,1,1,3.46,0.041,337480
2449,2021-11-01,334,2,3,2,2010,9.68,13.62,2,1,3.88,0.029,1289271
2450,2022-05-12,97,1,1,2,2011,8.42,5.35,1,1,3.23,0.88,481236
2451,2022-09-24,54,2,2,2,1981,1.99,7.44,2,0,6.42,0.144,292050
2452,2022-07-10,299,3,1,1,2003,7.74,12.45,1,0,1.17,0.254,1114616
2453,2023-04-04,212,5,3,1,2016,4.18,17.11,1,0,1.84,0.49,829913
2454,2021-06-05,251,1,3,2,2022,7.75,7.16,1,0,1.89,0.529,960926
2455,2022-01-02,150,5,3,2,1985,8.21,20.25,0,1,6.98,0.122,697398
2456,2022-12-20,120,3,3,2,1987,2.36,20.36,1,1,3.97,0.91,449572
2457,2022-09-12,212,1,3,1,2019,6.96,7.21,0,1,4.94,0.231,790510
2458,2021-09-08,222,4,1,2,2004,8.76,14.22,0,1,9.55,0.943,934348
2459,2023-06-01,190,2,3,1,2021,3.91,9.05,1,1,2.8,0.257,735356
2460,2021-11-30,187,3,3,1,2022,1.72,5.17,0,1,1.63,0.003,695675
2461,2022-10-04,115,1,2,1,2004,1.25,20.25,2,1,4.97,0.972,362702
2462,2022-05-26,247,5,2,1,1990,1.99,24.79,0,1,2.48,0.484,807239
2463,2021-10-20,277,1,3,2,2014,1.04,14.36,0,1,2.3,0.879,849110
2464,2021-01-20,330,4,3,1,1980,3.94,22.89,0,0,4.69,0.734,1141561
2465,2021-10-09,221,3,3,1,2002,3.69,16.23,0,1,7.03,0.179,862096
2466,2023-03-08,89,1,3,2,1982,1.99,14.36,1,0,3.19,0.845,286961
2467,2021-01-01,56,3,3,2,2020,6.86,12.26,2,1,8.88,0.051,431156
2468,2021-04-29,223,3,3,1,1980,9.93,6.28,2,0,4.26,0.508,1032941
2469,2021-02-04,200,5,1,2,1991,9.11,2.56,0,1,9.41,0.254,991899
2470,2021-07-17,260,2,1,2,2017,3.28,11.34,2,0,5.43,0.362,933294
2471,2022-04-30,135,4,1,1,2019,7.93,14.25,1,1,7.54,0.757,681279
2472,2023-01-27,302,1,2,2,2010,9.43,12.98,0,0,8.64,0.683,1147106
2473,2021-02-28,70,2,3,1,2008,9.16,17.54,0,0,5.77,0.44,379171
2474,2023-04-17,306,5,2,1,2014,8.96,5.21,0,0,8.65,0.046,1310698
2475,2021-06-10,82,2,2,2,2007,8.08,9.18,2,1,4.4,0.04,514902
2476,2022-11-22,309,3,2,2,2000,3.64,10.68,0,1,4.27,0.702,1065336
2477,2021-07-25,283,3,1,2,1990,1.75,5.07,0,0,8.15,0.949,981647
2478,2021-01-12,52,4,3,1,2005,5.39,22.71,2,0,3.17,0.847,283161
2479,2022-05-05,276,1,3,2,1990,1.49,17.2,1,1,7.45,0.122,937124
2480,2021-10-03,333,1,2,1,1984,9.99,2.75,2,0,1.69,0.121,1311896
2481,2022-11-24,119,5,1,2,1986,4.22,17.96,1,0,6.72,0.611,510637
2482,2021-08-30,303,4,2,1,2010,9.63,13.92,1,1,9.48,0.658,1274697
2483,2021-08-04,193,1,2,2,2018,7.96,13.34,1,0,5.11,0.616,772321
2484,2021-09-08,73,3,3,1,2021,4.7,24.75,0,1,4.74,0.885,313957
2485,2023-03-22,283,4,1,2,1987,2.06,15.65,1,1,5.86,0.231,979259
2486,2021-05-06,224,2,3,2,2006,3.13,22.47,0,0,7.48,0.172,805267
2487,2021-08-05,208,4,2,2,2000,7.06,22.88,2,0,4.23,0.914,775734
2488,2021-11-02,335,4,3,2,2009,8.47,2.98,1,1,1.0,0.722,1295006
2489,2023-03-08,67,1,2,2,1993,9.81,0.7,0,0,5.52,0.712,508603
2490,2021-07-04,93,5,1,1,1980,2.19,11.16,0,0,4.77,0.335,438729
2491,2021-02-08,204,5,3,1,2003,2.4,19.35,1,1,5.79,0.628,765002
2492,2021-08-11,280,1,3,2,1985,1.38,20.69,1,1,7.44,0.727,959972
2493,2021-07-03,274,1,3,1,1985,3.34,19.79,1,1,3.55,0.6,917084
2494,2022-05-10,266,1,3,1,1984,8.39,11.46,0,1,5.55,0.736,1042489
2495,2022-03-03,105,5,3,2,2014,2.78,18.87,0,1,3.28,0.59,422639
2496,2021-06-27,80,1,1,2,1994,5.93,18.11,1,1,5.13,0.982,319672
2497,2022-03-04,108,2,1,1,2014,5.02,8.19,2,0,4.1,0.492,433387
2498,2021-10-21,284,2,3,1,2020,3.93,4.63,0,0,4.32,0.012,1062464
2499,2023-05-02,156,3,2,2,1987,6.57,15.72,0,1,6.21,0.163,708418
2500,2021-05-31,240,2,2,2,2022,5.52,17.09,2,1,7.21,0.964,906796
2501,2022-01-19,67,4,3,2,2014,4.01,14.42,2,0,1.11,0.47,341980
2502,2022-09-30,275,3,3,1,1984,7.2,5.72,2,0,8.89,0.121,1175431
2503,2023-03-24,216,2,1,2,2010,3.52,7.28,0,1,4.28,0.156,794548
2504,2021-11-04,120,4,1,1,2021,6.79,17.86,2,1,6.79,0.029,595414
2505,2021-12-02,103,2,3,2,2010,9.62,24.08,2,0,2.1,0.226,486813
2506,2023-01-16,294,4,3,2,2016,7.56,23.65,0,1,6.14,0.987,1076279
2507,2023-06-11,125,1,2,1,1987,4.77,13.23,0,1,7.11,0.329,549471
2508,2022-01-10,84,4,1,2,1985,7.73,22.22,0,1,2.42,0.25,381974
2509,2021-01-08,316,1,3,1,2002,8.28,1.22,2,0,9.21,0.668,1280689
2510,2021-12-07,349,4,1,1,1995,3.93,21.6,1,1,7.82,0.674,1267159
2511,2021-05-09,170,4,3,1,1987,7.35,12.17,1,1,5.81,0.968,773749
2512,2023-02-15,74,2,3,2,1983,4.91,19.65,0,0,2.49,0.73,300861
2513,2022-10-31,209,4,3,2,2011,8.37,0.64,2,1,8.79,0.11,988240
2514,2021-12-18,133,2,3,2,1982,3.66,21.78,2,0,1.62,0.986,444681
2515,2021-12-24,163,4,2,1,1995,9.44,15.08,2,0,2.04,0.75,700069
2516,2022-06-01,272,5,3,2,2013,6.17,6.39,0,0,7.28,0.259,1126450
2517,2022-05-10,215,3,2,2,1992,4.18,9.01,1,1,3.28,0.261,830822
2518,2021-03-27,240,2,2,2,2012,4.77,5.42,2,0,5.13,0.96,896937
2519,2021-06-24,224,2,3,2,2001,4.13,10.9,1,0,5.85,0.193,887279
2520,2023-03-13,50,1,1,2,2010,2.32,8.59,1,1,5.12,0.228,266507
2521,2021-07-12,278,5,1,1,2003,1.62,13.6,2,0,1.76,0.359,935960
2522,2021-11-07,135,1,3,2,1982,3.9,20.46,0,0,7.64,0.679,531781
2523,2021-04-29,111,5,3,2,2012,5.13,24.57,1,0,3.16,0.43,442197
2524,2021-08-06,255,5,3,2,2009,4.26,6.66,1,1,7.65,0.311,1088594
2525,2022-03-03,154,4,1,1,2005,1.13,3.11,1,0,8.79,0.268,644022
2526,2022-02-18,340,1,1,2,2013,6.21,10.19,1,1,5.83,0.125,1247710
2527,2021-04-24,299,3,3,1,2001,2.3,4.02,1,0,7.36,0.546,1145880
2528,2021-05-25,62,5,1,1,2009,2.9,20.94,2,1,1.33,0.273,264466
2529,2022-06-22,212,5,2,2,2014,2.09,12.78,0,1,1.33,0.331,787982
2530,2022-10-10,92,2,1,1,2004,5.68,15.69,1,0,2.77,0.008,378137
2531,2021-10-30,160,4,1,1,2007,1.86,4.19,0,1,4.23,0.531,629649
2532,2023-01-14,254,3,3,1,2012,3.31,18.87,0,1,2.65,0.696,883150
2533,2023-05-31,305,5,2,2,2002,5.07,24.35,2,1,6.71,0.928,1129847
2534,2022-08-11,193,2,3,1,2005,2.51,12.32,0,1,3.49,0.197,721979
2535,2023-04-20,195,1,1,2,1988,5.02,24.08,0,0,8.61,0.919,672628
2536,2021-12-11,213,5,2,2,1987,4.08,1.35,0,0,6.05,0.361,904932
2537,2023-03-25,218,2,3,1,2016,8.75,1.38,0,0,4.4,0.802,924665
2538,2023-03-12,347,1,1,1,2012,8.15,24.02,1,1,9.04,0.897,1257861
2539,2021-01-01,282,4,2,1,1994,9.94,17.66,2,0,8.46,0.961,1160153
2540,2021-05-27,320,1,3,2,1987,5.76,5.12,2,1,8.38,0.325,1239467
2541,2021-10-14,109,5,2,2,2000,6.18,9.41,2,0,7.56,0.26,600450
2542,2022-10-16,345,3,1,1,1982,9.52,12.94,0,1,6.53,0.44,1355293
2543,2021-02-22,284,1,3,1,1988,4.6,17.71,0,1,4.3,0.555,1040626
2544,2021-10-31,214,3,1,2,1993,6.0,21.13,1,0,4.8,0.691,803420
2545,2021-03-10,243,3,2,2,2017,4.41,2.53,0,1,6.82,0.692,972350
2546,2021-12-27,283,1,1,2,2006,5.91,16.59,0,1,2.56,0.117,1003902
2547,2022-08-25,232,4,2,1,1999,1.73,12.18,2,0,8.45,0.612,864764
2548,2021-08-08,281,1,3,1,1983,8.05,15.14,0,1,9.45,0.168,1128057
2549,2022-12-05,156,2,1,2,2003,9.87,12.96,2,1,1.88,0.711,705806
2550,2022-07-29,272,3,3,2,2006,1.59,11.54,2,1,1.2,0.977,940251
2551,2022-08-08,129,5,3,1,1991,8.21,5.54,2,0,2.28,0.771,664275
2552,2021-06-10,283,3,3,2,2007,3.18,12.07,0,0,7.84,0.695,1010623
2553,2022-11-12,233,5,3,1,2014,2.78,5.15,0,0,1.97,0.077,896819
2554,2021-03-30,234,2,1,2,2003,7.24,1.59,1,0,4.35,0.185,950684
2555,2022-11-19,183,2,1,2,2010,1.4,9.66,2,0,1.57,0.355,598918
2556,2023-02-20,269,2,3,2,1982,5.17,1.11,1,1,4.89,0.933,1063509
2557,2022-08-08,337,1,3,2,2009,1.01,14.28,0,1,6.43,0.331,1141739
2558,2023-01-27,251,3,2,1,2006,5.99,2.27,0,0,6.66,0.814,989652
2559,2022-08-12,195,5,3,2,1996,5.16,11.22,0,1,5.67,0.104,834478
2560,2021-06-08,176,2,2,2,1985,9.24,24.51,1,0,9.44,0.662,752065
2561,2022-05-04,184,2,2,1,2022,7.48,0.74,0,0,5.78,0.779,814711
2562,2021-11-20,163,5,3,1,1997,2.13,9.49,0,0,8.73,0.543,693385
2563,2022-09-02,313,3,1,1,2014,4.19,16.99,0,1,9.94,0.767,1112985
2564,2022-01-16,113,3,2,2,2006,9.38,4.39,1,1,3.07,0.724,622080
2565,2021-04-12,184,5,1,1,1996,7.53,14.24,1,1,3.39,0.477,785676
2566,2022-05-09,90,4,3,2,1990,6.35,6.83,0,0,5.7,0.866,508947
2567,2022-10-06,345,3,3,1,2017,6.03,5.96,2,0,2.64,0.342,1323376
2568,2022-09-06,52,5,3,2,2016,4.58,22.43,1,1,6.08,0.425,375154
2569,2021-01-19,243,5,3,1,2021,6.27,5.48,1,1,7.16,0.54,1075632
2570,2022-03-30,159,2,2,1,2013,7.94,9.73,2,0,1.54,0.131,700090
2571,2022-04-27,270,5,2,1,2011,2.15,4.66,1,1,7.13,0.515,1045514
2572,2022-08-17,53,1,1,2,2022,9.73,7.46,2,0,2.44,0.324,360181
2573,2022-02-01,293,2,1,2,2014,3.15,7.68,2,0,3.69,0.257,1024906
2574,2021-10-06,215,2,2,1,2007,5.03,8.51,2,0,7.65,0.577,867251
2575,2023-05-01,75,3,3,2,2001,1.2,16.21,2,0,2.47,0.33,295031
2576,2021-12-31,66,4,1,2,1995,5.95,18.69,2,0,5.79,0.856,396147
2577,2021-11-27,265,3,2,2,2021,4.44,13.01,1,1,6.3,0.41,986495
2578,2022-10-03,141,1,1,2,2019,3.25,15.46,0,0,2.48,0.413,455066
2579,2021-12-10,80,2,2,2,1991,9.87,20.43,2,0,3.47,0.982,418201
2580,2023-04-02,254,2,3,1,1984,4.85,24.99,1,0,6.46,0.342,893234
2581,2022-03-31,256,5,2,2,2005,4.73,11.68,0,0,5.15,0.131,1003295
2582,2022-08-24,156,4,1,1,2005,5.17,23.44,0,0,6.94,0.877,575305
2583,2022-12-26,195,4,2,1,1992,2.05,12.51,1,1,8.69,0.917,742272
2584,2022-10-17,150,5,1,1,2003,4.54,19.66,0,1,2.22,0.226,591031
2585,2021-03-06,290,1,1,2,1982,4.03,14.54,0,1,1.64,0.882,943041
2586,2021-03-17,296,4,1,2,2011,5.19,22.16,2,1,7.0,0.495,1076189
2587,2022-12-12,212,2,3,1,2002,8.71,11.49,2,1,7.94,0.043,969462
2588,2021-05-23,222,1,3,1,2016,2.74,17.55,1,0,5.04,0.549,760781
2589,2023-04-08,84,3,2,1,2017,6.47,11.92,2,0,4.55,0.849,417795
2590,2022-08-28,333,3,2,1,2017,1.34,21.5,0,1,6.37,0.397,1097711
2591,2022-04-18,70,1,1,2,1992,3.85,24.86,0,1,5.96,0.551,268148
2592,2022-02-21,212,2,3,1,1994,5.25,6.46,2,0,5.41,0.141,882356
2593,2021-11-01,146,3,2,1,1981,1.67,12.12,1,0,8.37,0.842,551420
2594,2023-01-06,104,2,2,2,1990,5.9,2.49,1,1,2.56,0.107,548427
2595,2022-05-12,176,5,3,1,1995,3.79,3.95,2,1,7.13,0.094,827383
2596,2021-10-18,242,4,1,2,1997,9.94,23.26,1,1,7.67,0.934,1007667
2597,2021-04-12,292,1,2,1,2013,6.68,13.82,1,0,9.11,0.873,1110686
2598,2021-09-24,137,4,1,2,1989,3.2,10.18,0,1,9.51,0.575,621419
2599,2023-05-17,264,5,3,2,1992,1.92,16.95,2,1,5.57,0.106,976535
2600,2022-09-14,141,3,3,2,2011,1.37,14.22,2,0,4.9,0.546,508982
2601,2023-04-22,284,2,2,1,1987,1.82,7.57,0,1,5.54,0.921,1001806
2602,2023-02-16,233,2,2,2,1986,7.12,6.05,0,0,7.59,0.612,971206
2603,2021-01-03,87,5,3,1,1996,8.69,14.96,2,0,1.15,0.198,504736
2604,2021-03-26,188,1,1,2,2020,2.41,5.11,2,0,2.57,0.906,633271
2605,2023-03-05,244,4,1,2,2006,4.62,3.91,0,0,9.17,0.865,979719
2606,2021-11-24,64,3,3,2,1987,4.19,8.3,1,0,2.76,0.547,346828
2607,2023-03-27,306,1,2,1,2008,6.8,21.6,0,0,3.06,0.852,1012505
2608,2022-03-26,184,5,3,2,2016,2.64,1.4,1,1,9.46,0.056,855985
2609,2022-03-30,50,5,2,2,2006,9.58,20.92,2,1,3.65,0.461,411422
2610,2022-09-21,98,2,1,2,2016,7.56,15.71,2,0,3.61,0.178,443342
2611,2021-08-09,145,3,2,2,2003,9.6,1.49,2,0,9.31,0.838,794403
2612,2021-06-03,250,1,1,1,1995,3.5,15.25,2,1,4.38,0.971,875536
2613,2022-10-27,75,2,3,1,2005,6.29,10.94,2,1,5.45,0.931,444367
2614,2021-01-12,284,3,2,2,2010,7.59,21.11,0,1,6.04,0.503,1032801
2615,2021-05-13,293,4,1,2,2006,7.4,22.73,2,1,8.81,0.511,1152552
2616,2021-10-31,100,4,2,2,2005,1.19,7.52,2,0,1.7,0.908,378908
2617,2021-10-20,130,2,1,2,2022,9.98,19.71,2,1,3.35,0.722,579727
2618,2021-10-27,85,1,1,1,1994,9.35,8.09,2,1,6.28,0.075,577317
2619,2023-01-10,116,3,3,2,1994,2.08,7.74,1,1,4.91,0.128,518568
2620,2023-02-22,178,4,3,2,2002,5.89,5.22,2,0,3.5,0.952,759063
2621,2021-02-12,204,4,2,1,2004,3.83,17.12,1,1,4.69,0.366,791354
2622,2021-12-09,294,1,1,2,1983,8.91,6.91,1,0,9.7,0.187,1232983
2623,2021-11-22,160,2,3,2,2015,7.28,11.89,2,0,1.19,0.736,664886
2624,2023-03-25,217,5,2,1,1995,3.01,20.4,1,0,2.32,0.88,734606
2625,2022-05-13,191,3,3,2,2019,1.3,19.9,2,0,1.17,0.207,638774
2626,2021-12-30,246,4,2,1,2000,3.63,21.46,1,0,6.34,0.251,913337
2627,2023-06-10,158,5,3,2,2019,1.34,4.45,0,1,1.12,0.9,601012
2628,2022-03-03,128,1,3,1,2022,2.27,14.88,2,0,5.09,0.013,514726
2629,2021-01-21,210,2,1,1,1996,6.73,22.91,2,1,8.73,0.908,801491
2630,2022-02-11,68,3,1,2,1982,7.71,1.53,1,0,1.87,0.039,407327
2631,2022-09-11,176,1,3,2,1986,5.21,19.97,0,1,4.29,0.095,695758
2632,2021-12-02,254,2,1,2,1991,6.4,6.53,2,0,4.4,0.862,977975
2633,2023-03-26,78,1,3,2,1980,2.4,16.91,1,1,4.26,0.248,333549
2634,2021-04-27,256,4,2,1,2022,3.85,18.08,1,0,7.55,0.225,962796
2635,2021-05-04,329,4,3,2,2016,7.42,23.18,2,0,1.04,0.844,1173643
2636,2022-02-03,200,5,3,2,1985,4.28,12.97,1,0,8.02,0.542,844987
2637,2023-03-04,289,1,2,2,2002,4.14,21.28,2,0,8.55,0.351,1016030
2638,2023-03-15,315,4,2,1,2004,2.75,1.61,0,1,4.88,0.714,1202577
2639,2022-12-16,231,2,1,1,2004,6.35,10.8,0,0,8.98,0.81,902011
2640,2021-02-20,154,5,2,1,1982,8.29,11.27,0,1,4.43,0.863,754974
2641,2023-02-22,285,3,1,1,1983,5.23,13.69,0,1,7.25,0.119,1089732
2642,2021-11-20,222,1,3,1,2009,2.04,12.29,1,0,4.5,0.583,718306
2643,2023-02-28,207,4,2,2,2012,8.55,24.22,1,0,1.34,0.678,769442
2644,2021-05-21,221,2,3,2,2008,1.64,2.42,1,0,1.75,0.116,830003
2645,2022-04-15,206,1,1,2,1983,5.25,6.99,2,1,4.98,0.61,786300
2646,2023-02-26,307,2,2,1,1993,3.35,24.23,0,1,9.91,0.032,1055032
2647,2023-03-13,213,5,1,2,2000,9.43,11.41,2,1,2.6,0.342,963552
2648,2021-11-30,196,4,1,1,1986,7.64,14.49,0,0,9.06,0.172,822445
2649,2023-06-12,203,4,2,1,2000,6.1,2.49,2,1,9.27,0.561,947699
2650,2022-01-08,87,5,2,1,1986,7.01,7.46,1,1,4.69,0.191,527604
2651,2022-07-18,180,2,1,1,1980,5.79,1.47,1,1,5.16,0.789,775376
2652,2022-05-09,304,1,2,1,2013,2.33,3.87,1,0,5.53,0.121,1097311
2653,2022-06-23,257,2,1,2,2002,7.38,16.02,2,1,7.93,0.758,959486
2654,2022-10-31,144,1,3,2,1982,5.43,19.21,1,0,2.11,0.099,541081
2655,2023-01-21,220,5,3,2,1997,6.71,21.82,1,0,3.96,0.442,861176
2656,2021-06-05,299,3,2,2,2022,1.41,6.66,0,0,2.54,0.699,1023781
2657,2021-10-18,239,1,2,1,1991,2.28,8.66,2,0,8.91,0.161,902220
2658,2022-10-10,248,4,3,2,1993,6.3,14.45,2,0,1.63,0.752,939036
2659,2021-05-24,270,4,1,2,2020,5.13,2.55,1,1,7.73,0.953,1054617
2660,2021-04-16,73,4,1,1,2007,3.04,20.26,2,1,4.96,0.373,332442
2661,2022-02-24,293,2,1,1,2021,3.17,12.34,1,1,7.43,0.0,1085593
2662,2022-11-01,177,2,2,1,2003,6.68,24.15,2,1,9.01,0.477,729876
2663,2022-10-20,142,2,1,2,2003,1.53,3.37,0,1,4.06,0.902,518220
2664,2021-01-02,349,4,2,2,1982,4.91,3.77,2,0,3.04,0.665,1289501
2665,2022-08-12,182,1,2,2,1988,5.71,9.04,1,1,6.85,0.703,725575
2666,2022-10-06,104,4,2,1,2003,3.77,5.57,2,1,9.98,0.792,555458
2667,2021-03-31,207,1,3,1,1981,8.38,17.57,2,0,7.57,0.908,844794
2668,2021-12-11,78,2,1,1,2019,1.51,23.7,0,0,8.16,0.125,288464
2669,2021-12-16,260,3,2,1,2007,8.79,2.7,2,0,6.67,0.59,1103271
2670,2022-04-04,203,2,1,1,1986,7.51,6.43,0,0,4.31,0.89,815224
2671,2021-09-20,342,5,3,1,1988,5.02,6.33,0,1,6.89,0.776,1290798
2672,2021-12-17,271,1,1,2,2018,9.32,12.97,0,0,2.16,0.249,1018440
2673,2021-04-18,164,3,3,1,2018,7.32,11.57,1,1,5.4,0.875,716714
2674,2022-08-09,207,2,2,1,2012,9.38,18.31,0,1,6.16,0.294,889282
2675,2021-02-08,308,3,2,1,2013,5.25,18.45,2,1,9.16,0.411,1195477
2676,2021-06-08,300,4,3,1,2000,5.08,14.53,2,0,9.28,0.186,1153502
2677,2022-08-06,171,1,2,1,2008,5.78,14.98,0,1,1.54,0.885,635513
2678,2021-11-08,348,5,1,1,2006,1.59,21.14,0,0,6.69,0.093,1196801
2679,2021-08-29,312,4,1,1,1996,9.18,10.22,0,0,8.17,0.994,1225689
2680,2022-03-21,98,3,3,1,2021,7.01,0.8,1,1,5.83,0.329,575074
2681,2021-10-25,346,2,1,1,2002,6.56,5.72,0,1,1.86,0.711,1236811
2682,2021-02-05,126,1,2,2,2000,9.34,1.37,0,0,3.09,0.129,637252
2683,2021-03-25,176,5,2,2,1987,9.94,10.14,0,1,3.82,0.488,829984
2684,2022-03-28,246,2,2,2,1988,2.47,9.27,0,1,6.97,0.04,914323
2685,2023-06-05,270,5,1,2,2012,7.74,2.92,0,1,1.59,0.878,1072191
2686,2023-02-14,140,1,2,1,1983,6.22,19.0,2,0,5.95,0.446,584229
2687,2023-04-02,57,3,1,2,1997,5.15,14.05,2,1,1.98,0.743,298425
2688,2022-01-20,81,5,3,2,2011,9.8,6.03,2,0,4.56,0.895,553825
2689,2021-06-21,318,1,2,1,2009,8.65,19.1,1,0,4.83,0.069,1172021
2690,2022-01-11,240,5,3,1,2004,7.27,16.86,1,0,5.07,0.511,961967
2691,2022-11-16,212,2,1,1,2012,4.44,5.19,2,0,7.4,0.19,867025
2692,2021-12-28,110,5,1,1,2014,6.99,24.58,0,0,1.73,0.069,469833
2693,2022-07-13,313,2,3,2,2021,5.79,4.85,0,0,3.41,0.622,1168934
2694,2023-06-10,334,2,2,1,2013,3.24,19.41,1,0,6.77,0.114,1172087
2695,2021-05-21,144,1,2,1,1981,5.05,24.22,1,0,9.49,0.492,552343
2696,2023-06-06,90,4,2,1,1992,2.91,18.27,0,0,6.59,0.197,417683
2697,2021-04-28,198,5,3,2,2020,5.5,16.81,1,1,8.95,0.198,823131
2698,2021-10-04,253,3,1,2,2002,7.48,22.63,0,1,9.72,0.523,955307
2699,2022-12-27,316,2,3,1,2002,1.33,7.09,2,1,8.96,0.555,1190991
2700,2021-08-08,51,4,1,2,2010,7.89,7.29,1,0,9.75,0.003,444225
2701,2021-01-26,227,2,2,1,1981,1.18,16.21,2,1,7.99,0.501,808745
2702,2022-06-05,243,4,2,2,1981,5.66,22.11,1,0,8.98,0.67,951332
2703,2023-02-22,245,4,1,1,1984,6.16,15.63,2,0,5.42,0.679,945534
2704,2021-01-10,298,3,2,2,1993,7.85,24.44,2,0,4.11,0.85,1094650
2705,2022-01-13,261,4,3,2,2002,7.85,5.96,1,0,10.0,0.895,1132912
2706,2022-09-25,202,3,1,2,2014,4.76,20.73,1,1,1.88,0.623,726608
2707,2022-09-29,207,1,2,1,1980,1.6,23.22,2,0,9.62,0.482,710460
2708,2022-11-13,188,2,2,2,2020,7.24,10.96,2,0,4.88,0.204,811982
2709,2022-08-07,270,3,2,2,2019,5.6,24.07,0,0,1.2,0.127,918771
2710,2021-06-01,322,2,2,2,1994,4.0,5.45,2,1,8.23,0.609,1225321
2711,2022-12-21,203,5,1,1,2009,3.11,23.84,1,0,5.0,0.947,693910
2712,2021-02-18,298,1,1,2,2000,2.08,22.62,0,0,8.19,0.278,969948
2713,2021-06-03,328,5,2,1,1987,3.66,2.12,0,0,1.4,0.099,1186256
2714,2023-05-09,325,5,3,1,1986,5.13,13.27,2,0,9.77,0.424,1265787
2715,2021-10-20,51,4,3,1,2020,5.3,13.46,0,1,7.04,0.0,370572
2716,2022-08-03,137,4,3,1,2013,6.24,1.9,1,1,1.43,0.554,691523
2717,2021-02-19,336,5,3,1,2021,4.26,1.47,1,1,1.04,0.049,1285863
2718,2022-10-26,179,4,1,2,2016,9.28,0.62,2,1,6.35,0.931,880867
2719,2022-06-15,127,2,1,1,2011,5.46,13.35,0,1,9.79,0.87,583666
2720,2022-09-04,309,4,3,2,2012,4.81,11.86,2,0,5.72,0.115,1159826
2721,2021-03-01,290,5,1,2,1985,1.43,23.54,2,0,4.19,0.147,966070
2722,2021-06-16,190,4,3,1,2021,6.39,8.89,2,0,9.45,0.953,867872
2723,2021-07-21,277,4,2,1,1989,6.43,16.63,0,1,9.86,0.814,1133416
2724,2023-05-07,212,3,2,1,2005,6.25,0.69,1,1,8.06,0.942,884108
2725,2021-05-26,285,3,3,2,2005,8.99,16.76,1,0,7.46,0.335,1148394
2726,2022-11-07,177,5,1,2,1998,7.87,22.88,0,1,1.02,0.111,725704
2727,2022-03-15,249,2,3,2,2014,8.81,9.19,2,0,3.82,0.615,1035651
2728,2021-08-30,80,1,1,2,1983,1.53,8.19,1,0,9.33,0.967,370862
2729,2022-08-04,187,1,2,2,2004,3.86,15.84,2,1,4.31,0.13,684086
2730,2022-11-18,70,5,1,2,1987,3.87,8.55,1,0,4.01,0.819,352279
2731,2022-07-15,283,2,3,2,1991,6.91,10.36,2,0,5.83,0.36,1079508
2732,2022-04-28,251,2,2,2,2003,5.04,7.19,2,1,5.03,0.116,993242
2733,2021-04-18,328,2,2,2,2003,8.0,8.95,2,0,8.73,0.459,1305282
2734,2021-08-14,180,3,1,1,1996,4.46,17.15,1,0,1.74,0.489,682390
2735,2022-11-04,197,5,2,2,2004,2.99,23.1,2,0,6.93,0.009,785789
2736,2022-09-23,78,1,2,1,2012,3.62,14.79,1,1,7.27,0.474,383844
2737,2022-10-23,211,2,1,1,2006,2.64,0.75,1,1,8.92,0.647,826743
2738,2022-10-24,110,5,2,2,1981,2.78,6.97,1,1,4.74,0.765,512336
2739,2022-03-08,174,1,3,2,1988,2.95,23.83,1,0,3.66,0.099,592413
2740,2023-03-16,120,3,1,2,2012,1.14,22.8,0,1,6.64,0.877,395822
2741,2022-10-17,292,4,1,2,1998,7.44,3.33,1,0,7.52,0.168,1206658
2742,2022-02-23,298,1,1,2,1984,4.6,22.76,2,1,2.54,0.658,1005958
2743,2022-03-31,270,1,1,2,1999,1.2,24.13,1,0,2.42,0.553,794891
2744,2021-06-09,70,1,3,1,2003,4.33,8.45,2,1,3.37,0.88,349068
2745,2022-06-07,131,4,1,1,2010,9.15,17.67,0,1,3.23,0.039,654424
2746,2022-10-12,59,2,3,2,1983,5.6,14.22,1,0,7.76,0.192,408931
2747,2022-08-13,61,4,1,1,2011,9.88,8.76,0,1,5.78,0.122,463565
2748,2021-03-18,312,1,1,1,2014,5.86,4.26,1,1,5.93,0.328,1192562
2749,2022-05-24,194,3,2,1,1993,9.67,9.49,1,1,1.13,0.339,861447
2750,2022-03-17,241,1,2,1,2015,2.82,23.23,0,1,9.95,0.089,872837
2751,2021-09-11,299,3,3,1,1985,3.61,20.38,2,0,8.47,0.514,1112441
2752,2023-02-09,163,5,2,1,1996,7.3,8.6,2,0,4.99,0.116,773200
2753,2021-11-16,75,3,1,2,1997,9.88,13.92,2,0,1.6,0.074,450928
2754,2023-03-14,320,1,3,1,1987,8.43,10.45,1,0,7.25,0.033,1264744
2755,2021-09-20,82,4,2,1,1991,5.98,11.92,2,0,5.82,0.929,447193
2756,2022-08-20,111,1,1,1,1996,1.77,19.15,2,0,7.1,0.397,402407
2757,2022-10-20,278,1,2,1,2010,4.28,13.8,1,1,7.1,0.284,1010233
2758,2023-04-15,144,5,2,2,1980,1.78,4.94,0,1,2.39,0.482,622070
2759,2022-07-08,84,2,2,1,1990,3.8,7.09,2,0,3.96,0.158,372085
2760,2022-01-09,242,1,2,2,2021,3.33,14.41,0,1,1.16,0.406,790265
2761,2022-09-29,125,5,1,1,1995,4.5,17.47,1,1,9.84,0.191,602723
2762,2021-06-16,298,4,2,2,2016,8.54,12.95,1,1,8.26,0.304,1222544
2763,2023-01-23,132,5,3,1,2007,2.35,15.7,2,0,9.36,0.924,553859
2764,2022-04-04,74,5,3,1,1988,3.75,19.84,2,0,1.4,0.149,365429
2765,2021-10-07,106,3,2,1,1987,3.35,13.86,0,1,5.5,0.474,464691
2766,2022-12-01,81,2,3,2,2004,3.67,24.44,2,0,7.73,0.661,360513
2767,2021-10-29,61,2,2,2,1989,4.25,6.27,0,1,1.93,0.918,274787
2768,2022-06-15,141,4,1,2,2019,3.2,23.03,1,1,7.99,0.923,543292
2769,2022-08-03,50,5,1,2,1982,9.48,6.57,0,0,6.83,0.247,471382
2770,2021-08-06,185,4,3,1,2002,4.78,13.53,1,1,9.86,0.943,766820
2771,2021-04-12,245,4,3,1,2002,2.03,11.67,2,0,2.27,0.331,886226
2772,2022-07-08,182,2,2,2,1983,5.21,9.64,0,0,6.66,0.895,735916
2773,2021-10-15,135,2,2,1,2002,2.66,24.09,0,1,9.52,0.093,539553
2774,2021-06-16,344,2,2,1,1988,2.95,7.17,0,1,7.69,0.198,1248303
2775,2022-09-13,328,1,1,1,1983,3.57,17.03,2,0,4.03,0.079,1089984
2776,2021-02-05,229,5,2,2,2013,2.12,20.2,2,0,2.07,0.299,826514
2777,2023-01-14,53,4,1,2,2018,7.49,5.33,2,1,9.67,0.874,445615
2778,2023-01-11,175,5,3,1,1997,8.13,24.34,0,0,1.65,0.159,682610
2779,2021-12-19,224,4,1,2,2013,4.55,13.89,0,1,9.78,0.225,896577
2780,2022-11-07,300,4,3,2,2013,7.2,22.91,1,1,3.73,0.216,1153036
2781,2023-06-18,70,4,1,2,2021,4.5,16.77,0,0,8.74,0.275,345423
2782,2021-03-14,154,4,1,2,1982,2.48,16.41,1,1,5.99,0.019,607844
2783,2022-10-10,115,3,2,1,1998,4.57,8.97,2,0,9.21,0.424,558934
2784,2021-12-19,312,3,3,2,2013,6.01,19.38,1,1,4.84,0.976,1126470
2785,2023-06-10,98,1,1,2,2005,1.37,1.23,1,1,8.65,0.448,433055
2786,2021-03-11,65,2,1,1,2014,6.89,14.12,0,1,3.15,0.813,335093
2787,2022-03-01,194,4,3,2,2020,7.68,1.29,0,1,5.2,0.571,895457
2788,2022-12-09,299,5,1,1,2022,8.74,8.02,1,1,8.62,0.015,1288617
2789,2023-02-20,124,3,3,1,2010,1.92,2.86,1,0,2.07,0.586,497737
2790,2022-07-15,339,2,3,2,2022,1.0,22.83,2,1,7.56,0.947,1137181
2791,2023-04-08,331,1,3,1,2006,1.66,15.89,0,1,4.93,0.554,1098419
2792,2022-10-04,115,2,1,1,1982,9.32,16.88,2,0,5.62,0.528,533313
2793,2022-06-01,174,4,1,2,2016,7.89,21.35,1,0,6.21,0.67,699818
2794,2022-03-04,136,2,2,2,1991,8.52,18.46,2,1,3.48,0.871,568621
2795,2022-06-23,90,4,3,2,2002,5.65,3.54,0,0,1.87,0.565,451509
2796,2021-06-09,235,3,1,1,1996,5.74,15.63,1,1,1.17,0.406,833675
2797,2021-05-29,315,3,1,1,1995,3.69,24.47,1,0,4.88,0.037,1045169
2798,2023-02-15,320,4,3,1,1996,8.58,5.75,2,0,3.42,0.111,1305080
2799,2021-08-18,91,5,3,1,1994,8.47,15.68,0,1,6.7,0.649,554309
2800,2022-12-13,142,3,3,1,2005,4.53,14.31,1,0,7.44,0.619,577597
2801,2022-07-16,234,5,2,1,1981,3.96,10.1,1,0,5.53,0.239,908618
2802,2021-03-08,264,4,2,2,1996,7.65,23.89,2,1,6.57,0.719,1036781
2803,2023-03-23,66,4,2,1,1980,1.24,9.23,1,0,6.05,0.28,321941
2804,2022-01-16,314,3,3,1,2009,8.74,2.8,1,0,1.04,0.305,1217539
2805,2021-02-27,163,5,1,2,2011,5.02,24.08,0,0,8.58,0.061,664135
2806,2021-09-16,341,4,3,1,2009,4.97,18.37,0,0,1.54,0.55,1193850
2807,2021-12-08,341,3,1,1,2021,7.02,8.89,2,1,4.69,0.288,1309125
2808,2023-04-18,97,4,2,1,1983,6.81,7.37,1,0,2.0,0.819,531909
2809,2021-05-10,146,2,2,2,2021,3.39,23.24,0,1,6.96,0.801,500336
2810,2022-12-28,144,2,2,2,2011,9.49,7.2,2,0,3.93,0.128,736852
2811,2021-06-21,123,3,1,2,2014,9.88,13.66,0,0,1.64,0.16,587771
2812,2023-02-09,117,4,1,2,1980,5.73,5.77,2,1,1.41,0.321,569366
2813,2022-09-06,295,3,3,1,1998,6.05,24.88,2,1,3.13,0.581,1041500
2814,2021-07-28,126,1,3,1,2012,5.99,19.35,1,0,7.01,0.343,521162
2815,2023-03-14,257,3,3,2,1998,5.37,14.41,2,1,7.46,0.35,994872
2816,2021-12-20,303,3,2,1,2015,9.51,18.77,2,0,2.16,0.14,1135429
2817,2022-04-16,270,2,3,1,2006,3.2,22.95,0,1,2.25,0.336,911483
2818,2023-03-09,311,2,2,1,1992,1.97,24.1,2,1,6.34,0.47,1023632
2819,2021-04-26,308,4,1,2,2006,9.37,19.76,2,0,9.62,0.985,1260281
2820,2021-09-21,123,3,2,1,1993,2.92,21.3,0,0,5.98,0.838,425328
2821,2022-10-24,174,3,2,2,2003,7.74,10.25,0,1,7.41,0.793,789774
2822,2023-03-23,237,4,2,1,2014,2.83,10.1,0,0,6.18,0.56,882822
2823,2022-03-18,303,5,1,1,1998,9.64,20.3,0,1,1.94,0.36,1126454
2824,2022-07-02,284,4,1,2,2004,8.12,19.11,1,0,9.52,0.857,1080130
2825,2022-03-29,299,2,3,2,1990,9.27,22.57,1,1,1.65,0.347,1086109
2826,2023-04-25,121,2,3,1,1988,9.56,3.76,2,1,7.84,0.593,729818
2827,2022-04-22,284,3,3,2,1985,1.76,17.42,0,1,9.81,0.257,1053880
2828,2021-10-14,205,2,1,2,2015,4.9,16.37,1,1,3.87,0.776,776494
2829,2021-10-30,164,4,1,1,2016,6.83,20.06,2,1,2.54,0.515,618951
2830,2021-11-07,277,3,1,2,2008,8.22,1.1,1,1,6.1,0.895,1114013
2831,2021-07-27,294,4,1,2,1988,3.17,20.74,1,1,8.16,0.569,1055275
2832,2022-09-10,63,4,1,2,2012,9.23,8.5,1,1,9.55,0.164,499738
2833,2022-03-22,65,3,2,2,2002,2.99,17.33,2,0,7.24,0.993,305475
2834,2022-11-01,91,5,3,2,1994,8.8,15.61,1,1,4.02,0.502,527342
2835,2022-09-25,159,2,2,2,1990,5.61,11.28,2,0,5.45,0.251,662655
2836,2021-02-24,327,1,3,1,2002,5.64,18.78,0,0,7.85,0.329,1137471
2837,2021-01-12,68,1,2,2,2005,4.37,24.05,0,0,8.09,0.121,280185
2838,2022-10-19,115,1,1,2,1980,1.93,8.43,0,0,1.67,0.074,410933
2839,2022-02-04,216,2,3,1,2009,4.12,18.84,0,1,6.52,0.451,778280
2840,2022-10-10,122,5,2,2,1996,4.84,8.21,1,1,9.71,0.952,615833
2841,2022-05-30,161,4,3,2,2020,5.31,21.22,1,0,8.07,0.123,666074
2842,2022-10-18,323,3,1,1,2002,7.65,11.21,0,0,1.07,0.903,1145571
2843,2022-06-26,134,5,1,1,2015,4.17,11.51,2,1,3.02,0.797,550850
2844,2021-08-25,188,1,3,2,2020,4.66,19.41,1,0,5.01,0.806,678892
2845,2021-10-06,88,2,3,2,1984,9.15,12.66,1,1,7.36,0.71,542304
2846,2021-12-14,154,2,1,1,2014,7.77,7.03,2,1,6.0,0.592,750132
2847,2022-09-19,330,3,1,2,1988,1.21,24.89,2,0,1.7,0.121,1054795
2848,2021-04-14,172,4,1,2,1983,8.31,15.7,2,0,7.64,0.576,779095
2849,2022-09-22,267,5,2,1,1986,9.91,16.31,0,1,8.55,0.352,1180417
2850,2022-06-01,110,5,3,1,1980,9.46,16.34,0,1,2.85,0.105,609440
2851,2023-05-22,149,5,1,1,1995,8.52,22.14,2,1,1.61,0.804,646117
2852,2021-09-05,253,4,3,2,2004,6.66,5.0,0,1,8.12,0.547,1096128
2853,2021-12-30,307,4,2,1,1985,3.5,1.95,0,1,6.76,0.745,1173163
2854,2021-11-17,54,4,2,2,2017,6.89,9.97,2,1,8.23,0.48,426257
2855,2022-09-25,246,3,1,1,1993,7.26,14.34,1,0,6.1,0.552,955189
2856,2021-10-13,229,2,3,1,2016,3.53,7.5,0,1,4.86,0.712,847703
2857,2021-05-29,182,1,2,2,1990,3.3,17.39,2,1,9.67,0.247,695677
2858,2021-03-25,302,4,3,1,1980,4.57,2.31,2,1,8.02,0.847,1229790
2859,2022-02-10,314,2,3,2,2021,6.77,19.87,2,0,4.71,0.421,1126464
2860,2022-04-01,142,4,1,2,1980,3.64,18.09,1,1,9.17,0.708,585716
2861,2023-01-13,199,1,2,2,2015,6.0,5.74,2,0,9.94,0.326,859045
2862,2023-03-11,187,4,2,2,1987,9.09,7.81,2,1,3.77,0.702,830497
2863,2021-06-10,257,2,2,2,2011,3.66,20.27,1,0,9.03,0.044,952523
2864,2023-02-23,174,3,3,1,2012,9.69,19.45,2,0,1.41,0.929,699153
2865,2022-04-05,283,1,2,1,1987,5.26,20.44,0,0,2.93,0.787,927585
2866,2022-07-04,110,2,2,2,1993,1.91,8.39,1,1,2.45,0.665,415988
2867,2022-05-15,315,5,3,2,2003,1.5,24.25,1,1,4.21,0.324,1102479
2868,2023-01-08,183,5,2,2,2020,4.05,18.03,2,0,6.06,0.843,722685
2869,2022-05-24,162,5,2,2,2008,3.33,2.1,0,0,7.48,0.768,716318
2870,2022-10-16,240,3,3,1,2004,8.59,12.2,1,0,9.13,0.453,1058883
2871,2023-03-15,236,4,2,1,1985,7.64,16.78,2,1,2.43,0.197,944804
2872,2022-04-26,138,4,1,1,1980,8.96,4.63,2,0,6.2,0.176,774374
2873,2022-10-25,236,4,3,1,2002,6.3,22.59,1,0,5.99,0.488,916711
2874,2021-04-24,181,3,2,1,2020,4.92,18.98,1,1,5.13,0.783,689220
2875,2023-01-19,172,5,1,1,2012,3.44,2.5,2,1,7.25,0.714,722455
2876,2022-08-01,97,4,3,2,1993,6.25,22.87,1,1,5.62,0.494,487389
2877,2021-12-27,337,3,2,1,2007,6.56,10.41,0,1,5.95,0.204,1294689
2878,2021-12-07,228,3,3,1,2008,4.54,11.59,0,1,9.13,0.239,923609
2879,2023-02-09,229,2,1,2,2022,9.43,19.69,2,0,8.74,0.058,947190
2880,2023-01-31,148,4,3,2,2019,6.76,16.28,0,0,6.2,0.177,712388
2881,2022-03-25,83,5,2,2,2002,8.54,11.22,2,0,2.41,0.013,500532
2882,2023-04-23,119,1,1,2,2017,6.58,6.86,1,0,9.63,0.674,579786
2883,2023-04-15,220,3,3,2,2022,3.85,13.16,1,0,6.6,0.588,840773
2884,2021-06-29,321,2,2,1,1989,7.63,14.69,2,1,8.27,0.988,1237028
2885,2022-12-03,108,1,2,2,2006,3.07,15.96,2,1,1.5,0.763,338732
2886,2022-02-11,230,3,1,2,1987,6.37,15.32,1,0,9.07,0.246,937041
2887,2022-10-28,68,2,1,2,1983,4.62,15.62,2,0,7.24,0.708,358736
2888,2021-07-15,275,4,3,1,2000,2.35,12.16,0,1,7.17,0.012,1000205
2889,2022-04-11,144,2,2,2,2000,4.72,14.27,0,0,1.99,0.986,497352
2890,2021-11-07,346,3,1,2,2009,3.79,7.57,0,0,7.42,0.614,1255675
2891,2021-09-19,130,4,2,1,1992,2.01,4.38,1,0,1.69,0.12,534033
2892,2022-02-23,224,5,3,2,1982,8.41,15.37,1,1,1.5,0.499,946283
2893,2022-02-10,271,2,1,1,1999,5.49,1.65,1,1,3.93,0.941,1043367
2894,2021-05-23,152,1,3,1,2015,4.12,2.1,2,0,1.21,0.85,606693
2895,2021-12-08,103,4,3,2,2019,5.54,6.56,1,1,2.44,0.299,568856
2896,2021-11-12,232,4,1,1,1984,7.79,5.26,1,1,7.54,0.396,1030969
2897,2021-04-11,117,5,3,2,2001,1.16,9.67,0,0,8.51,0.854,476166
2898,2021-09-01,77,2,2,2,1981,5.92,9.6,1,1,2.62,0.9,392395
2899,2022-05-05,323,1,1,2,2004,5.31,3.36,2,0,8.41,0.915,1204437
2900,2021-01-12,331,5,2,1,2019,9.04,6.54,2,0,5.32,0.948,1343211
2901,2021-08-27,168,2,3,1,2003,6.0,0.61,0,1,9.62,0.501,822452
2902,2022-07-15,183,1,1,1,1984,2.24,9.1,0,0,2.25,0.862,629978
2903,2021-02-11,178,1,2,1,1995,4.5,20.01,2,0,1.48,0.347,615675
2904,2022-11-09,57,3,2,1,1994,6.59,7.02,0,0,8.61,0.838,408837
2905,2022-08-17,100,1,2,2,1992,1.41,16.26,0,1,4.26,0.347,320755
2906,2022-03-05,330,2,2,2,1990,8.96,2.91,2,1,5.11,0.608,1315047
2907,2023-03-14,224,5,2,2,1995,1.61,0.8,0,1,5.61,0.468,876516
2908,2021-06-07,232,5,3,1,1997,1.28,12.71,2,1,8.43,0.893,904282
2909,2021-08-04,241,3,3,1,2004,1.02,11.81,2,0,1.68,0.067,876534
2910,2022-11-01,298,2,3,1,2017,7.15,5.19,2,1,5.96,0.949,1244115
2911,2022-04-07,284,1,3,2,2019,5.1,7.52,0,0,4.88,0.462,1066865
2912,2021-05-14,132,3,3,2,1983,1.93,1.25,2,0,4.06,0.481,591533
2913,2021-03-08,142,4,3,1,2000,8.71,20.05,1,0,4.13,0.828,601791
2914,2023-04-28,317,2,3,2,1990,2.82,7.88,1,0,9.37,0.666,1127329
2915,2021-01-07,169,3,2,1,2013,3.94,5.88,1,1,3.41,0.954,654353
2916,2022-06-10,120,5,3,2,2009,2.6,20.21,0,1,5.09,0.547,456794
2917,2021-03-14,66,3,2,1,1983,9.34,1.46,2,0,5.44,0.559,512534
2918,2022-02-03,302,4,1,1,1993,7.82,7.47,1,1,7.48,0.972,1240609
2919,2022-02-09,171,2,3,2,1990,7.52,6.94,2,1,5.67,0.926,771129
2920,2022-11-06,59,3,2,2,1983,1.4,6.94,0,0,6.59,0.209,288935
2921,2022-08-01,336,1,1,1,2005,5.7,0.78,0,1,4.59,0.307,1259436
2922,2023-05-09,322,2,1,2,1982,6.18,23.4,1,1,7.47,0.625,1126847
2923,2021-05-10,342,3,2,2,2016,4.44,21.67,0,0,5.19,0.939,1142137
2924,2022-04-11,259,3,2,2,2017,3.9,10.66,0,1,3.0,0.563,935080
2925,2021-07-25,267,2,2,1,2020,8.67,11.41,2,1,8.35,0.733,1106340
2926,2023-02-27,290,5,3,2,1983,1.21,13.34,2,1,7.89,0.094,1058415
2927,2023-02-07,249,1,1,2,2005,6.63,12.22,1,0,6.65,0.523,901637
2928,2021-09-23,265,2,3,2,2018,4.55,19.59,1,0,5.7,0.148,943239
2929,2022-06-21,254,1,3,2,2021,6.99,12.47,2,1,2.88,0.261,995176
2930,2023-03-04,265,1,3,1,2021,2.78,5.13,0,1,8.82,0.166,988386
2931,2021-09-10,129,2,1,1,1990,3.15,3.37,1,0,1.87,0.166,555825
2932,2023-04-02,316,3,1,1,1990,6.28,23.0,2,1,4.45,0.992,1124211
2933,2021-10-16,84,5,1,2,2017,9.82,1.69,0,0,8.67,0.298,623245
2934,2021-06-13,338,1,2,1,2017,9.77,22.49,0,0,6.36,0.565,1255294
2935,2021-04-05,67,1,3,2,1999,3.24,17.42,0,1,4.95,0.02,307380
2936,2023-02-21,214,3,2,1,2005,1.92,10.42,1,1,8.12,0.806,811079
2937,2023-04-13,62,2,2,1,2017,6.31,5.09,1,0,9.91,0.68,447979
2938,2021-04-20,251,5,3,2,1991,4.78,8.11,2,1,2.7,0.229,1032390
2939,2021-12-02,278,1,1,2,2008,7.86,13.48,2,1,1.46,0.036,1052108
2940,2023-04-02,50,1,3,2,1993,5.75,16.59,2,0,5.17,0.275,333050
2941,2021-08-26,266,2,2,1,2004,5.6,17.44,2,0,3.59,0.629,954699
2942,2022-01-16,83,3,1,2,2021,6.82,11.46,2,0,7.0,0.015,470999
2943,2022-03-12,315,4,1,2,2021,2.14,9.66,1,1,5.45,0.075,1110886
2944,2023-06-18,177,3,2,2,2018,7.09,19.32,0,0,5.49,0.409,699201
2945,2022-04-28,261,1,1,1,2005,5.4,23.17,0,1,4.19,0.176,921066
2946,2021-01-25,312,1,1,2,1989,8.38,22.9,1,1,2.9,0.632,1098637
2947,2022-10-15,129,5,3,1,1993,2.25,14.01,0,1,2.92,0.175,539616
2948,2021-04-27,214,3,3,1,1984,3.71,2.44,1,1,4.48,0.994,849976
2949,2022-04-27,301,4,2,2,2001,9.55,2.3,0,1,7.14,0.436,1261463
2950,2022-01-27,61,5,2,2,1990,5.98,10.37,0,1,4.03,0.148,398539
2951,2022-06-21,261,4,2,2,2008,9.36,18.45,2,0,3.93,0.074,1045878
2952,2021-03-20,331,5,1,2,1986,7.2,12.68,1,1,4.83,0.421,1264729
2953,2022-08-03,161,3,2,1,1997,9.34,15.87,0,0,9.92,0.809,730817
2954,2021-06-22,260,1,3,2,2010,3.86,21.16,1,1,1.82,0.439,882859
2955,2021-01-12,288,4,1,2,2022,1.81,1.49,1,0,3.65,0.141,1073808
2956,2023-03-11,317,3,2,1,1999,8.22,23.13,2,1,3.63,0.489,1173960
2957,2021-05-08,347,4,1,1,2014,8.24,8.61,2,1,9.77,0.337,1366808
2958,2022-08-31,107,3,1,2,1986,6.57,1.65,2,1,4.66,0.502,545356
2959,2021-04-02,83,5,1,2,2009,6.22,20.97,0,1,6.1,0.391,436328
2960,2022-10-15,312,3,2,2,1983,9.23,23.39,0,1,2.78,0.648,1131038
2961,2022-06-27,84,5,1,2,2009,2.59,19.33,0,0,1.11,0.804,273689
2962,2023-04-26,320,1,1,2,2009,6.55,20.21,0,1,4.05,0.886,1095338
2963,2022-06-16,276,5,1,1,2009,1.45,21.85,2,1,6.75,0.741,933320
2964,2022-10-20,74,2,3,1,1997,2.27,13.3,1,0,7.22,0.355,298050
2965,2023-04-08,283,1,2,1,2022,4.94,17.17,1,0,7.78,0.448,999162
2966,2022-03-23,108,3,3,2,1989,8.39,7.52,1,0,8.75,0.642,609795
2967,2022-01-25,300,3,1,2,1993,7.6,6.62,0,1,2.04,0.22,1146363
2968,2022-11-03,135,2,1,2,2015,9.77,15.42,0,1,1.75,0.702,605992
2969,2023-05-11,300,3,3,2,2002,1.4,18.5,0,0,8.09,0.65,1025084
2970,2021-02-12,229,1,1,1,1991,4.43,10.23,1,0,4.92,0.656,823648
2971,2021-09-11,256,1,3,1,1991,2.43,10.31,0,1,9.52,0.333,974747
2972,2021-05-10,198,5,1,2,2013,1.33,23.88,1,1,9.49,0.602,677929
2973,2021-03-01,120,4,1,2,2005,3.38,13.2,0,1,2.27,0.198,513403
2974,2022-10-25,170,3,1,2,1985,3.2,24.66,1,1,7.22,0.19,652108
2975,2022-04-12,302,2,1,1,2016,4.78,21.64,0,1,1.6,0.769,989127
2976,2021-10-14,142,1,2,1,1994,2.26,16.17,2,0,4.63,0.38,492363
2977,2022-06-01,305,1,2,2,2021,5.4,0.72,0,1,8.58,0.545,1213674
2978,2022-04-12,303,1,2,2,2018,9.28,7.75,1,0,5.15,0.293,1192803
2979,2023-02-17,337,4,3,1,1998,7.73,10.73,1,1,1.3,0.236,1304677
2980,2021-12-11,108,4,3,2,2019,8.58,16.49,1,1,3.16,0.78,553553
2981,2022-10-04,118,3,3,1,2002,8.24,10.19,2,1,1.78,0.794,594493
2982,2022-01-17,135,2,3,2,2015,4.51,20.78,2,1,4.67,0.836,498891
2983,2023-02-18,323,4,2,1,1992,7.38,16.74,1,1,7.27,0.854,1241565
2984,2022-11-21,276,5,3,2,2010,7.79,9.01,1,0,6.94,0.411,1141327
2985,2021-09-10,130,4,3,1,2016,2.85,19.72,1,0,7.47,0.809,501291
2986,2021-02-25,163,1,3,1,2005,8.74,7.93,0,0,4.45,0.346,752530
2987,2022-04-08,233,2,1,2,2022,5.12,2.04,1,0,3.39,0.053,906122
2988,2022-04-02,329,3,3,1,1997,1.15,4.73,0,0,1.51,0.689,1106421
2989,2021-03-24,103,4,1,2,2012,6.79,0.57,2,0,9.47,0.199,631895
2990,2021-04-09,246,1,3,1,2019,7.09,20.89,2,0,2.06,0.451,918981
2991,2021-05-29,342,5,3,2,2011,5.97,15.86,1,1,2.6,0.164,1330438
2992,2021-11-25,342,5,1,2,1983,2.91,14.48,2,1,1.23,0.392,1213437
2993,2021-06-05,340,3,3,1,2020,5.34,16.72,0,0,3.85,0.885,1214033
2994,2021-07-09,229,3,1,2,1998,4.6,16.51,0,0,8.37,0.613,849582
2995,2022-05-09,271,4,3,2,1986,9.77,14.35,1,1,3.99,0.148,1188030
2996,2023-06-02,323,3,3,2,2014,8.42,21.14,1,0,6.99,0.726,1223142
2997,2021-09-20,293,1,1,2,2005,7.86,11.3,2,1,9.69,0.848,1145877
2998,2021-03-21,203,1,2,1,2002,2.63,20.22,1,0,9.03,0.166,730383
2999,2022-02-04,322,1,1,1,2013,3.98,19.77,1,1,2.62,0.744,1057258
3000,2023-02-03,184,4,2,2,1986,4.42,5.39,1,1,4.23,0.549,744084
3001,2022-09-01,57,4,1,1,1990,5.43,11.62,0,0,7.76,0.604,336636
3002,2021-09-17,177,3,2,2,1987,1.27,20.96,2,0,9.8,0.939,630251
3003,2023-02-11,105,4,3,2,1992,6.34,20.86,1,1,7.44,0.037,524192
3004,2022-09-07,175,1,2,2,2011,4.22,1.09,1,0,3.27,0.639,702772
3005,2022-07-06,208,2,3,1,2020,6.06,5.96,1,0,2.2,0.081,848281
3006,2023-02-24,108,1,1,2,2013,1.08,10.88,0,1,5.46,0.79,388074
3007,2021-04-11,107,2,2,2,1997,3.89,1.66,0,1,2.74,0.896,464245
3008,2021-12-25,189,3,3,1,1994,7.92,6.89,1,0,3.05,0.087,851354
3009,2022-01-15,225,5,1,2,2022,5.51,6.83,2,1,6.71,0.026,934164
3010,2023-03-31,157,4,2,1,2003,8.1,5.76,0,0,5.63,0.956,699842
3011,2021-08-09,260,4,3,1,2000,7.29,10.22,1,1,2.09,0.927,1008363
3012,2023-03-31,123,1,2,1,1997,8.69,20.42,2,0,2.38,0.924,510978
3013,2022-02-24,216,1,2,2,1993,1.07,6.48,1,0,1.17,0.94,684505
3014,2021-05-04,282,2,3,2,1998,3.35,14.76,2,0,2.98,0.5,998979
3015,2022-02-26,231,4,3,2,1992,5.94,14.16,0,1,8.99,0.977,944764
3016,2021-08-19,171,3,1,2,1995,9.47,20.54,2,1,8.14,0.892,747304
3017,2022-11-21,252,1,3,2,1981,7.12,10.15,0,1,4.73,0.098,1004177
3018,2021-03-04,78,4,3,2,2013,5.11,5.98,0,1,7.68,0.813,457619
3019,2022-04-30,251,5,2,2,2005,2.17,22.34,2,0,4.66,0.712,869662
3020,2022-09-20,142,2,3,2,2001,5.44,20.91,0,0,8.13,0.134,582251
3021,2022-12-04,225,1,2,2,1999,4.97,15.73,2,1,2.64,0.738,809919
3022,2022-07-28,260,1,2,2,2008,8.01,2.78,2,0,2.37,0.485,1062442
3023,2023-02-07,233,3,3,2,1997,4.72,0.89,0,1,1.7,0.854,884972
3024,2022-04-28,144,1,3,2,2008,3.87,4.97,0,0,3.18,0.819,546323
3025,2022-06-03,322,4,3,1,2021,1.81,5.32,0,1,2.32,0.942,1118141
3026,2021-06-04,186,4,3,1,2006,1.42,3.84,0,0,8.19,0.075,777332
3027,2021-04-02,286,4,1,2,2014,4.95,6.92,0,1,3.16,0.71,1080393
3028,2022-06-10,314,5,2,2,2008,4.12,8.78,1,1,5.65,0.377,1163279
3029,2022-03-31,184,5,1,1,1985,6.0,18.98,1,0,7.81,0.776,744480
3030,2023-01-11,193,1,1,1,2016,7.41,17.88,1,0,7.09,0.603,751654
3031,2022-08-21,68,5,2,2,2004,1.36,3.06,1,1,2.84,0.496,371858
3032,2022-10-07,280,5,1,2,2000,5.47,24.44,1,0,1.69,0.004,975333
3033,2022-05-25,183,3,3,2,2010,8.76,18.93,2,1,9.21,0.607,848356
3034,2021-07-02,163,5,3,2,2019,5.1,4.5,0,1,6.6,0.42,772560
3035,2022-01-21,188,2,3,2,1995,5.69,3.55,1,1,7.36,0.333,872051
3036,2022-07-28,174,2,3,1,1993,5.38,2.64,2,1,4.47,0.989,789748
3037,2023-01-01,253,2,2,2,1985,4.51,18.43,2,0,3.17,0.7,894096
3038,2022-02-09,110,1,3,1,1990,1.99,6.29,1,0,5.78,0.54,444561
3039,2021-09-03,299,4,2,1,2006,2.14,2.29,1,0,1.7,0.869,1070503
3040,2023-01-12,347,3,2,2,2017,2.61,10.83,1,0,8.2,0.227,1261799
3041,2022-08-14,62,1,2,2,1984,8.13,17.86,1,1,6.89,0.62,378444
3042,2022-10-23,304,4,2,1,1994,3.48,7.96,2,1,7.85,0.861,1159217
3043,2022-10-12,134,3,1,2,2017,9.53,12.32,0,1,6.12,0.124,687602
3044,2022-04-16,69,3,1,1,1995,8.29,5.22,0,0,6.2,0.236,484852
3045,2023-04-06,99,3,3,1,1997,7.16,11.01,2,0,6.4,0.083,600190
3046,2023-06-07,213,2,2,2,2012,7.48,9.29,1,1,8.06,0.992,855423
3047,2022-02-27,141,2,3,2,2014,1.43,11.13,0,0,3.03,0.581,520174
3048,2021-03-06,137,2,3,2,2003,6.12,11.91,1,0,7.13,0.489,622691
3049,2021-01-13,118,3,3,1,2014,9.47,2.76,0,0,5.97,0.338,658613
3050,2021-08-01,86,3,3,1,1986,1.35,2.79,0,1,5.46,0.449,385414
3051,2021-08-30,302,2,2,1,1993,3.62,6.88,0,1,5.87,0.776,1098300
3052,2022-05-08,301,3,2,2,2009,1.46,3.34,2,0,3.45,0.917,1055790
3053,2021-08-01,189,2,1,1,2003,6.13,6.69,1,1,1.33,0.105,742145
3054,2022-11-24,217,2,2,2,1994,2.05,1.1,0,1,7.83,0.3,853756
3055,2021-12-04,103,2,2,2,1992,5.31,9.09,0,1,9.25,0.189,552776
3056,2021-06-22,227,4,3,1,1998,7.48,5.73,0,1,5.33,0.435,1016950
3057,2022-11-03,346,3,2,2,2008,2.48,22.36,1,0,8.54,0.53,1180208
3058,2021-06-13,155,1,3,1,2001,7.8,21.52,0,0,6.0,0.721,623048
3059,2022-04-10,186,2,2,2,1981,1.54,7.86,2,1,9.37,0.876,730447
3060,2022-05-12,239,1,1,2,2018,2.35,12.15,0,1,5.58,0.542,841891
3061,2022-12-01,177,4,3,1,1992,3.52,23.92,0,1,2.84,0.489,634869
3062,2022-01-30,96,3,2,2,2015,8.16,13.34,2,1,8.83,0.576,564135
3063,2022-12-04,54,2,2,1,2017,8.65,21.29,1,0,8.2,0.888,331645
3064,2021-11-04,306,2,3,2,1997,2.98,20.75,1,0,4.58,0.649,1021155
3065,2023-02-07,349,2,1,1,1994,1.86,23.56,0,0,8.58,0.787,1111221
3066,2021-07-02,199,1,1,1,2014,8.63,7.99,1,1,1.08,0.719,776717
3067,2022-09-21,343,4,2,2,1996,6.84,1.56,2,1,8.2,0.924,1351341
3068,2023-03-05,292,3,2,2,1992,2.42,3.05,1,0,7.19,0.817,1059337
3069,2022-05-25,324,4,2,1,2001,6.02,14.5,0,0,4.42,0.341,1176220
3070,2022-12-09,257,2,3,1,2019,8.85,13.49,2,0,8.12,0.854,1058844
3071,2022-06-30,164,4,3,1,2000,1.63,7.81,0,1,2.14,0.467,635889
3072,2022-07-18,244,1,3,1,2005,1.75,6.59,2,1,2.83,0.847,845028
3073,2022-09-16,219,5,2,2,1983,3.46,17.88,2,1,5.8,0.906,806778
3074,2023-02-03,131,5,1,2,1986,6.87,8.84,0,1,8.93,0.685,707406
3075,2022-08-17,203,3,3,2,1989,2.6,15.3,0,0,2.17,0.719,688049
3076,2023-01-14,190,3,1,2,1994,8.35,17.95,1,1,6.08,0.141,799464
3077,2021-08-15,195,4,2,2,2005,7.75,11.05,1,1,7.78,0.324,853349
3078,2023-01-15,171,3,3,1,1995,6.05,5.24,0,0,7.69,0.558,780230
3079,2023-01-03,301,1,3,1,2019,2.04,21.59,0,0,6.65,0.004,1043122
3080,2022-03-12,138,2,3,2,2013,9.89,2.79,1,1,9.47,0.847,759066
3081,2022-02-26,107,2,2,2,1996,5.41,20.82,0,0,5.34,0.369,426860
3082,2022-07-08,112,4,2,1,2017,5.07,21.0,2,0,8.92,0.723,511693
3083,2021-01-21,329,2,2,2,1995,9.96,14.49,1,0,6.58,0.769,1276160
3084,2022-07-08,121,4,1,2,2013,8.77,15.92,1,0,7.64,0.548,559927
3085,2022-02-01,58,3,1,1,2008,5.11,9.27,2,1,5.18,0.79,354420
3086,2022-09-17,143,3,3,2,1997,4.77,21.12,2,0,2.51,0.682,577211
3087,2021-04-15,201,1,3,2,1990,1.86,6.96,0,0,1.98,0.36,701138
3088,2021-07-11,89,2,2,2,1991,9.34,14.21,0,0,7.14,0.816,483996
3089,2021-01-17,111,1,2,2,2016,8.59,0.54,2,0,4.39,0.636,609263
3090,2021-04-30,303,5,2,1,1981,3.79,23.53,2,1,6.11,0.16,1116858
3091,2022-01-28,118,1,3,2,1997,7.78,23.73,1,0,7.71,0.773,515481
3092,2022-03-01,294,4,2,2,2017,7.86,17.91,1,1,8.08,0.676,1173590
3093,2021-05-09,219,4,1,1,2012,3.05,10.87,1,1,5.59,0.285,854769
3094,2021-05-10,227,1,1,1,1988,6.52,4.88,0,0,3.83,0.842,836726
3095,2022-07-26,238,3,3,1,1994,3.3,12.57,1,1,7.98,0.374,899637
3096,2022-07-14,309,5,3,2,2007,8.11,19.89,2,0,4.74,0.553,1173261
3097,2021-01-29,121,1,1,1,1987,2.38,15.33,1,0,9.43,0.343,434028
3098,2021-04-07,66,3,2,1,2015,7.02,13.42,2,0,8.42,0.724,432530
3099,2021-01-10,106,1,3,2,2018,3.93,21.31,2,0,7.72,0.581,440747
3100,2021-08-30,267,2,3,1,1987,1.33,8.17,0,1,3.17,0.47,936835
3101,2023-04-06,156,4,3,2,2021,2.11,21.57,0,0,4.26,0.02,600328
3102,2021-08-20,222,2,1,2,1998,6.89,11.27,1,0,8.64,0.607,889163
3103,2023-02-28,268,2,3,2,1983,3.16,0.56,1,0,1.21,0.622,964210
3104,2021-10-11,296,5,1,1,2006,6.68,18.43,1,0,8.03,0.181,1151132
3105,2022-12-16,267,3,1,2,1992,4.73,22.01,0,1,4.64,0.332,959272
3106,2023-01-29,80,4,2,1,2017,7.23,12.37,2,0,8.19,0.879,465483
3107,2023-03-13,96,2,2,1,2000,5.44,11.64,2,1,5.97,0.549,510410
3108,2023-02-15,183,4,2,2,2005,3.78,20.23,0,0,5.74,0.435,676875
3109,2022-12-27,157,3,3,2,2002,2.31,22.18,1,1,7.31,0.936,577309
3110,2021-07-19,121,1,1,1,2009,4.07,24.37,0,0,8.26,0.812,418861
3111,2021-03-20,157,2,3,2,2010,6.71,8.97,2,0,7.24,0.097,727090
3112,2023-05-05,321,3,1,1,2010,7.66,15.07,0,0,5.06,0.859,1191435
3113,2023-05-06,220,4,3,1,1995,2.44,20.66,0,1,3.89,0.15,717009
3114,2021-06-22,165,3,1,1,2021,6.98,13.53,2,1,8.61,0.175,748667
3115,2022-04-12,123,1,2,1,2020,2.61,11.82,0,0,5.69,0.075,489814
3116,2022-08-04,305,3,2,1,1986,3.0,14.51,0,1,8.05,0.481,1068624
3117,2022-02-20,130,4,3,1,1996,5.78,9.24,0,1,9.96,0.645,643222
3118,2022-03-25,317,2,1,2,2003,3.6,5.21,1,1,6.79,0.754,1143437
3119,2021-03-28,177,2,2,1,1999,6.95,2.13,2,1,3.51,0.027,800658
3120,2021-04-11,284,5,1,1,2018,9.6,15.44,1,0,8.79,0.178,1178542
3121,2021-01-08,90,4,3,2,2006,2.34,9.79,2,0,3.46,0.621,383777
3122,2023-04-25,230,5,2,2,1981,6.13,22.13,2,0,3.34,0.526,870550
3123,2021-07-19,206,5,3,1,1980,9.31,5.96,2,1,1.67,0.051,983701
3124,2022-05-20,108,1,3,1,2013,2.59,8.11,0,1,1.71,0.935,405489
3125,2021-03-28,298,4,1,1,2006,4.3,24.28,1,1,8.76,0.759,1079215
3126,2021-02-12,241,2,3,2,2016,2.11,14.13,2,1,3.08,0.359,846098
3127,2022-01-20,73,4,3,1,1985,6.78,9.0,1,0,1.98,0.536,449763
3128,2022-09-13,129,1,1,1,2017,7.02,21.59,1,0,4.17,0.374,477305
3129,2022-03-11,183,4,1,2,2006,6.98,18.71,1,1,7.42,0.455,798454
3130,2022-02-12,262,4,3,2,1995,5.88,14.54,1,1,4.06,0.596,1033843
3131,2022-04-28,215,5,2,2,2014,7.72,22.28,0,0,3.78,0.398,816547
3132,2022-10-26,120,4,2,1,2006,1.32,2.8,0,1,5.39,0.621,525432
3133,2021-01-17,263,5,1,2,2014,9.62,10.17,2,1,1.19,0.465,1087734
3134,2022-10-07,114,5,3,1,2015,3.0,20.36,2,1,5.42,0.657,482375
3135,2021-05-28,270,3,2,2,2017,2.09,9.96,0,1,9.91,0.262,1017030
3136,2021-10-04,335,1,1,2,2007,9.47,23.21,2,1,8.19,0.171,1254834
3137,2021-08-20,234,5,1,1,1982,8.47,4.24,0,1,1.63,0.014,1028885
3138,2023-04-06,256,4,1,1,2020,7.88,8.75,1,0,6.89,0.602,1051061
3139,2022-01-01,148,5,3,2,2010,1.94,10.93,1,1,5.15,0.981,573367
3140,2021-08-16,291,5,1,1,1982,8.27,17.33,0,0,8.44,0.42,1155357
3141,2022-10-13,207,5,2,1,2017,6.48,5.29,2,0,1.89,0.213,879555
3142,2022-03-12,147,2,3,2,2003,7.59,0.74,2,1,3.09,0.013,752107
3143,2022-02-03,91,2,2,1,2005,9.8,24.42,0,1,8.12,0.513,457355
3144,2021-07-30,188,2,2,1,2020,2.75,22.52,0,0,8.64,0.993,676095
3145,2022-01-26,332,2,2,2,2007,5.54,7.86,1,0,5.76,0.984,1210790
3146,2022-05-14,276,3,3,1,1988,7.78,12.35,2,1,1.18,0.101,1067905
3147,2022-06-24,121,5,2,1,2016,4.9,12.48,1,1,9.04,0.816,586481
3148,2022-07-17,292,3,1,1,2006,1.49,21.8,0,0,4.44,0.173,935587
3149,2022-05-06,67,4,1,2,1982,2.0,15.13,2,0,1.36,0.809,230729
3150,2022-03-18,126,1,2,1,2020,6.42,20.75,1,1,8.37,0.854,536521
3151,2021-09-18,94,3,1,1,2007,3.57,22.84,2,1,4.76,0.008,430129
3152,2023-02-12,189,2,3,1,2011,2.24,14.37,2,0,2.71,0.237,712047
3153,2021-12-16,226,2,3,1,2014,4.06,7.49,0,1,8.21,0.057,920585
3154,2021-12-18,271,4,1,1,1986,2.81,12.72,1,1,5.12,0.499,962307
3155,2022-06-04,141,5,1,2,1986,1.22,21.35,0,1,6.47,0.027,530598
3156,2021-11-16,71,1,3,1,2000,2.37,14.8,1,1,8.41,0.626,337011
3157,2021-05-18,221,3,2,2,2011,8.95,22.45,0,1,5.7,0.558,888002
3158,2022-07-04,141,5,3,1,2017,1.11,22.44,0,0,1.99,0.379,489851
3159,2022-09-15,241,5,2,2,1999,7.96,9.65,0,0,9.67,0.462,1058577
3160,2022-01-03,126,3,1,1,1987,7.78,11.48,1,0,3.58,0.99,564713
3161,2021-08-08,330,3,1,2,1983,6.08,17.11,0,0,9.95,0.168,1207555
3162,2021-12-03,228,3,2,1,2005,2.88,3.22,2,1,1.05,0.731,845703
3163,2021-08-11,287,3,2,1,1994,8.9,11.91,0,0,5.35,0.645,1166416
3164,2022-10-10,184,2,3,1,1985,5.28,4.16,2,1,7.34,0.664,816894
3165,2023-02-07,329,5,2,1,2011,2.56,21.27,1,0,9.16,0.346,1196617
3166,2021-12-26,68,5,1,2,1984,4.86,23.6,2,1,8.02,0.216,415566
3167,2021-11-25,132,2,1,1,1985,2.75,3.97,2,1,3.3,0.651,507625
3168,2022-04-08,277,5,1,1,1982,4.38,16.85,2,1,3.19,0.913,1048921
3169,2022-07-15,314,3,2,1,2008,5.47,16.1,2,1,4.21,0.976,1149012
3170,2023-03-15,161,1,2,1,1998,4.24,19.12,2,0,1.99,0.481,581311
3171,2022-01-17,300,5,1,2,1989,6.91,17.55,1,0,7.03,0.426,1138277
3172,2023-04-16,213,1,2,1,1986,9.42,5.82,1,1,9.47,0.349,985654
3173,2022-08-13,217,1,3,1,1980,4.13,7.63,1,1,6.78,0.81,822445
3174,2022-09-09,270,2,3,1,1980,4.2,4.55,1,1,5.8,0.255,1056242
3175,2021-06-18,240,4,2,1,1996,7.64,23.07,1,1,5.53,0.513,945436
3176,2021-08-05,219,5,2,2,2001,5.78,13.28,1,1,6.33,0.345,907393
3177,2022-01-13,94,2,1,1,2015,4.86,24.42,0,1,7.4,0.876,384471
3178,2021-04-29,63,2,2,2,1993,8.32,11.51,2,0,8.15,0.283,432082
3179,2021-07-09,280,1,1,1,1985,9.02,14.04,1,0,7.28,0.686,1039036
3180,2023-02-06,206,5,3,2,2009,6.32,19.84,0,1,7.35,0.589,847114
3181,2022-01-05,183,2,2,2,2012,2.67,20.03,1,0,9.57,0.328,698930
3182,2023-02-17,86,3,3,1,1999,5.2,6.16,1,0,9.09,0.255,558127
3183,2021-05-29,102,2,2,1,1995,5.54,7.56,0,0,8.42,0.804,523334
3184,2022-11-07,67,3,2,1,1983,4.89,2.9,1,0,1.39,0.511,388107
3185,2022-10-14,87,4,1,1,2013,3.36,20.23,2,0,7.02,0.611,363616
3186,2023-05-09,236,3,1,2,1980,5.25,19.95,2,0,5.09,0.962,886848
3187,2022-05-03,245,3,2,2,1992,5.02,2.49,0,0,6.56,0.398,997756
3188,2023-02-09,292,1,2,2,1987,2.89,6.81,1,1,7.18,0.814,1063676
3189,2022-01-09,349,2,1,2,2001,9.13,11.52,2,1,7.43,0.639,1365674
3190,2023-02-20,84,4,3,1,1983,8.97,13.77,0,0,8.82,0.594,507804
3191,2022-11-24,264,2,2,1,2013,7.84,13.3,2,1,9.19,0.055,1105287
3192,2021-06-09,268,3,1,2,2016,4.61,24.59,0,1,6.46,0.912,888416
3193,2021-12-17,139,3,2,1,2002,4.33,19.22,0,0,9.05,0.229,593129
3194,2021-10-15,301,2,1,2,1999,7.45,3.27,2,1,7.88,0.473,1224573
3195,2021-10-15,57,4,3,2,2003,6.47,7.69,1,1,2.82,0.752,372009
3196,2023-06-11,305,4,2,2,2006,6.41,8.96,0,0,1.32,0.522,1156924
3197,2021-08-14,257,1,2,1,1992,2.12,8.22,2,0,1.09,0.004,881182
3198,2022-06-07,180,3,3,2,1984,6.56,19.76,2,0,6.28,0.949,717274
3199,2022-06-06,273,3,2,2,1995,9.12,9.33,2,1,5.69,0.02,1167439
3200,2023-02-22,246,1,2,2,2017,1.77,12.56,0,1,7.27,0.09,872313
3201,2021-09-30,191,2,2,1,2008,4.05,13.57,1,0,8.59,0.224,759368
3202,2022-02-06,301,3,1,1,2005,5.58,7.13,2,0,2.48,0.599,1131156
3203,2021-07-02,145,2,1,2,2001,7.17,8.41,2,1,8.71,0.971,660132
3204,2022-10-27,75,4,2,1,2003,1.81,19.61,0,1,1.88,0.923,237688
3205,2022-05-03,160,5,3,1,1992,8.86,21.73,1,1,8.95,0.651,761404
3206,2023-04-07,172,1,3,1,2022,1.36,1.41,0,0,8.65,0.742,668461
3207,2023-04-26,235,3,2,1,2000,8.72,15.33,1,1,7.27,0.712,988542
3208,2021-05-04,217,1,1,2,1980,1.25,16.02,0,1,3.7,0.687,722955
3209,2022-09-18,100,4,1,2,1983,2.38,18.56,1,0,1.84,0.812,338024
3210,2023-03-01,54,4,2,2,1982,8.2,17.5,2,1,8.0,0.34,420424
3211,2022-02-18,126,4,1,2,2002,8.74,22.0,0,0,2.96,0.221,544769
3212,2022-12-26,209,4,1,1,1995,9.84,2.42,1,1,4.97,0.348,960852
3213,2021-06-21,257,5,3,2,1992,2.04,10.02,2,1,5.78,0.049,1015705
3214,2021-10-15,306,2,2,1,2018,5.74,19.66,2,1,7.17,0.967,1104330
3215,2022-03-11,254,2,1,2,2010,1.69,21.24,1,1,5.39,0.74,846250
3216,2022-11-17,304,5,1,2,2003,2.41,6.99,0,1,7.25,0.213,1164543
3217,2021-04-23,60,2,1,1,1994,2.57,14.84,2,1,8.33,0.256,321318
3218,2023-06-07,57,4,2,2,1984,1.57,4.93,1,0,7.42,0.993,278990
3219,2021-05-02,81,2,2,1,2001,9.04,21.35,0,0,3.7,0.768,403496
3220,2022-06-28,77,1,1,2,2001,2.14,18.4,2,1,9.05,0.426,297914
3221,2021-08-10,255,2,3,2,1990,6.66,5.94,1,0,5.96,0.207,1001181
3222,2022-09-23,277,1,3,1,2003,6.63,15.78,2,1,5.19,0.04,1068628
3223,2021-02-08,177,3,2,2,1989,2.79,12.98,0,0,6.18,0.669,682319
3224,2022-05-12,304,1,3,1,2013,9.99,6.84,0,0,5.35,0.78,1220584
3225,2023-02-19,261,1,1,1,1990,4.13,22.38,2,0,7.8,0.108,897145
3226,2021-08-21,288,4,2,2,2022,9.15,4.12,0,0,4.79,0.002,1266959
3227,2022-06-14,256,4,2,2,2008,9.53,11.95,0,0,7.99,0.357,1108013
3228,2021-05-29,332,4,3,1,2001,9.54,14.78,1,0,7.84,0.667,1310345
3229,2022-02-01,294,1,2,2,2012,7.78,20.68,2,0,3.49,0.924,1001537
3230,2022-10-23,94,5,3,2,1987,3.28,4.18,2,0,1.86,0.88,449948
3231,2022-09-30,154,4,3,1,2011,2.09,15.42,1,1,8.66,0.689,584600
3232,2021-10-29,330,4,1,1,2019,6.13,0.66,0,0,2.52,0.814,1216824
3233,2021-12-26,283,1,3,2,2002,4.24,20.65,2,0,1.28,0.356,917449
3234,2021-08-26,238,3,3,1,1984,8.48,6.25,2,1,4.62,0.245,1025657
3235,2022-10-09,93,3,2,2,2010,7.7,18.16,1,1,3.29,0.124,463778
3236,2022-10-25,274,2,1,2,2008,3.49,15.25,0,1,2.98,0.182,926415
3237,2021-08-24,191,3,1,2,1985,1.15,1.73,1,0,2.55,0.963,720984
3238,2023-01-06,185,4,3,1,2004,3.14,4.99,2,1,7.74,0.93,782575
3239,2021-07-22,225,5,2,1,2004,6.1,7.06,0,0,8.05,0.047,1002832
3240,2021-09-13,191,2,2,2,2010,1.71,22.22,0,1,1.42,0.47,605665
3241,2022-08-21,129,5,2,1,1993,6.92,12.28,1,0,5.92,0.373,631019
3242,2022-10-24,131,5,1,1,1996,7.05,22.88,0,0,2.22,0.652,517137
3243,2021-08-23,184,4,1,1,1995,2.52,1.66,2,1,5.5,0.328,794300
3244,2021-12-11,256,1,3,1,2007,6.37,0.66,2,1,4.13,0.281,1027506
3245,2022-06-18,226,1,3,1,1988,6.46,23.73,2,1,2.82,0.809,793232
3246,2023-05-10,292,1,2,2,1981,5.3,18.24,0,1,9.53,0.947,1035254
3247,2023-03-08,104,3,3,1,1983,9.58,19.69,0,0,9.61,0.203,586814
3248,2023-02-20,190,1,2,1,1999,1.97,22.94,2,1,6.08,0.235,626845
3249,2022-04-11,105,4,1,1,2020,4.66,24.62,1,0,2.69,0.419,412284
3250,2023-02-09,64,3,3,2,2015,8.95,2.89,2,1,6.25,0.706,527854
3251,2022-06-25,234,1,2,2,2016,4.48,4.38,1,0,9.36,0.167,926704
3252,2021-08-01,137,5,1,1,1985,4.82,5.12,2,1,4.4,0.468,655628
3253,2022-04-08,146,4,2,2,1980,7.01,20.55,1,0,2.24,0.841,566368
3254,2022-03-12,193,4,3,1,1982,6.99,9.21,1,1,7.24,0.234,886726
3255,2021-10-10,57,2,2,2,2016,1.21,15.04,0,1,6.91,0.048,281071
3256,2022-07-16,264,4,1,2,2021,5.1,21.45,1,1,1.01,0.907,906425
3257,2022-08-30,222,5,3,1,1982,4.0,17.24,0,0,8.68,0.788,859698
3258,2022-04-08,272,4,1,2,2022,6.65,2.1,2,0,6.95,0.699,1161243
3259,2022-02-11,89,2,3,1,2012,6.0,11.42,1,1,2.76,0.087,462265
3260,2021-03-29,231,4,2,1,1994,6.86,2.15,1,1,1.03,0.899,926097
3261,2021-02-13,319,4,1,2,1983,6.88,12.23,2,1,9.75,0.305,1254382
3262,2022-04-06,236,2,1,2,1994,3.29,5.87,2,0,7.79,0.211,956906
3263,2021-10-05,294,4,2,2,1986,3.22,0.53,1,1,4.29,0.487,1110867
3264,2022-11-14,280,3,1,1,1983,4.33,20.42,1,1,4.9,0.923,950652
3265,2022-02-25,204,4,1,1,1982,3.18,24.25,0,0,5.85,0.995,680535
3266,2022-12-02,224,1,1,1,2002,7.15,24.12,0,1,7.47,0.614,835507
3267,2021-12-19,164,1,1,2,1993,6.43,7.83,1,0,2.56,0.956,609238
3268,2022-11-27,349,3,2,2,1985,2.95,20.8,1,1,2.76,0.453,1161949
3269,2022-05-30,67,4,1,2,2012,8.96,17.13,2,1,1.43,0.03,392792
3270,2022-12-04,321,5,1,2,1988,5.15,20.1,2,1,9.87,0.276,1219432
3271,2022-09-22,61,4,1,1,1991,2.14,21.23,0,0,8.88,0.302,288120
3272,2021-01-19,241,1,3,2,2014,2.92,24.52,0,1,5.98,0.783,787477
3273,2021-01-23,281,2,3,1,2010,5.86,4.22,2,1,4.87,0.124,1167557
3274,2022-02-17,142,3,2,1,1982,4.05,19.36,2,0,3.14,0.175,527925
3275,2021-01-30,267,2,2,1,2015,8.66,18.49,2,0,6.35,0.614,1042095
3276,2023-03-18,327,5,2,2,1992,5.45,7.55,2,0,7.21,0.131,1318448
3277,2021-04-18,78,4,1,2,1992,9.24,10.12,2,1,7.2,0.496,548938
3278,2022-01-02,126,5,3,2,2013,1.92,4.83,2,1,1.06,0.035,617442
3279,2021-10-08,58,2,3,2,2000,7.02,22.88,0,1,7.32,0.669,335195
3280,2021-05-08,73,4,2,2,2013,8.97,22.04,2,0,8.8,0.908,427782
3281,2021-08-17,64,5,3,2,2021,3.64,15.54,1,0,2.03,0.875,303846
3282,2021-04-21,213,1,2,2,2022,2.22,13.03,1,1,7.8,0.074,770327
3283,2021-05-16,62,1,1,2,2007,5.11,6.21,1,0,8.41,0.591,359010
3284,2021-12-28,221,3,3,2,2014,9.65,19.85,1,0,3.49,0.104,941870
3285,2021-07-05,249,1,1,2,1993,6.7,0.7,0,0,7.41,0.054,1032763
3286,2022-10-18,125,1,1,2,1997,6.8,11.84,1,1,1.87,0.61,514141
3287,2022-08-07,213,2,3,2,1998,7.04,21.58,0,0,6.84,0.572,805441
3288,2021-05-09,110,1,2,2,1998,1.36,15.65,1,1,5.59,0.094,413002
3289,2023-05-26,294,1,3,2,2012,5.01,16.06,2,1,8.65,0.36,1113745
3290,2021-09-18,204,2,1,1,2014,1.7,2.23,2,1,5.07,0.317,753520
3291,2022-05-30,306,1,2,1,1999,3.84,7.52,2,0,4.85,0.342,1082987
3292,2022-03-25,293,1,1,1,2008,8.39,17.01,2,0,9.4,0.333,1128837
3293,2023-06-19,211,3,2,2,1987,6.91,1.72,0,1,9.41,0.825,910859
3294,2021-04-14,117,1,3,1,2004,9.96,8.61,2,1,1.32,0.354,571051
3295,2022-04-28,326,1,1,2,1996,2.55,9.17,2,0,5.37,0.33,1105867
3296,2021-08-12,210,3,2,2,1980,4.57,12.72,0,1,2.45,0.03,809301
3297,2023-04-12,308,2,2,1,2017,8.29,9.38,1,0,3.46,0.79,1168078
3298,2023-05-24,144,1,3,2,2009,2.94,11.63,0,0,7.0,0.66,540153
3299,2023-05-16,295,5,2,2,2007,2.38,13.9,1,0,2.16,0.341,1016176
3300,2022-05-06,270,2,2,2,2012,4.85,3.64,2,0,1.1,0.452,1011995
3301,2022-04-18,172,2,1,2,1992,4.45,4.92,0,0,7.54,0.794,699228
3302,2021-01-10,236,1,3,1,2003,9.82,20.9,1,1,6.77,0.344,990127
3303,2022-02-09,311,3,3,2,2016,5.11,11.76,0,1,9.12,0.473,1144533
3304,2023-06-15,322,2,1,1,2001,8.75,9.2,1,1,5.88,0.02,1238600
3305,2021-10-29,109,3,1,1,1992,8.99,11.13,2,0,9.51,0.918,613582
3306,2021-08-19,174,5,1,2,2019,2.42,4.78,2,1,6.48,0.371,749250
3307,2023-01-01,100,3,2,1,1991,7.44,6.38,2,1,4.48,0.296,581063
3308,2021-03-07,227,4,3,2,2020,3.5,13.13,1,0,6.48,0.609,850867
3309,2021-04-22,188,3,3,2,1986,1.85,9.29,2,1,7.74,0.527,741947
3310,2021-01-13,219,2,3,1,2015,8.87,12.15,0,0,4.13,0.401,879027
3311,2022-01-28,88,3,2,1,2008,3.63,4.17,1,0,4.35,0.922,365916
3312,2022-05-15,118,3,3,1,2008,4.11,4.33,0,0,6.67,0.363,567451
3313,2022-08-21,285,4,3,2,2005,3.92,9.91,1,0,5.1,0.998,1079143
3314,2021-08-22,97,4,3,1,2006,2.8,9.78,1,0,5.74,0.789,438248
3315,2022-08-25,106,1,3,1,2003,4.91,22.14,0,1,9.84,0.903,427813
3316,2021-11-10,326,2,1,1,2010,4.85,1.32,2,1,1.39,0.283,1182397
3317,2022-07-20,148,1,2,2,1986,4.68,24.82,0,0,6.83,0.07,563047
3318,2021-01-12,64,4,3,2,1996,9.25,23.93,2,0,9.31,0.419,450801
3319,2021-07-28,228,3,3,1,2012,4.06,13.79,0,0,3.13,0.313,840925
3320,2021-01-14,111,4,3,1,2013,1.27,18.11,1,1,2.91,0.061,400921
3321,2022-09-25,168,5,3,1,1997,2.61,23.41,0,0,4.27,0.071,601003
3322,2022-02-22,86,3,3,2,2020,7.49,6.65,0,0,1.67,0.174,495516
3323,2022-03-13,183,1,1,2,1984,6.32,8.23,1,0,6.04,0.378,734564
3324,2022-01-12,75,3,1,2,1980,9.57,3.22,2,0,6.81,0.935,499159
3325,2021-01-20,57,5,2,2,1986,7.25,14.31,2,0,8.38,0.658,470140
3326,2022-08-10,53,4,2,2,2013,2.75,4.41,1,1,1.6,0.398,306421
3327,2023-01-25,70,2,3,1,1982,2.09,23.31,2,1,4.93,0.799,252213
3328,2023-01-05,198,2,3,1,2015,5.69,11.07,2,1,8.06,0.568,833154
3329,2021-03-11,74,2,1,2,2014,6.99,23.03,2,1,7.91,0.417,372399
3330,2023-04-04,192,4,2,2,1991,2.49,5.52,1,0,1.66,0.144,736329
3331,2021-07-30,294,2,3,1,1994,6.42,17.5,1,1,1.1,0.927,1079322
3332,2021-04-11,92,5,3,1,1983,8.79,16.37,0,1,8.05,0.624,567101
3333,2022-11-29,342,4,3,1,2012,7.55,10.29,0,0,2.24,0.439,1260642
3334,2021-05-12,234,2,2,1,1995,6.98,22.51,0,0,6.2,0.438,859383
3335,2022-09-15,91,1,1,1,2008,8.1,11.15,2,0,1.85,0.765,428585
3336,2022-01-16,141,4,1,1,1985,1.94,5.36,0,1,3.66,0.179,542853
3337,2021-05-12,102,4,3,1,2016,2.83,24.44,2,1,2.42,0.418,380502
3338,2021-01-20,133,3,3,1,2002,1.34,11.32,2,0,7.63,0.063,539729
3339,2022-06-20,83,2,3,1,1992,2.3,5.6,2,1,7.05,0.08,429926
3340,2021-08-15,125,1,3,1,1980,9.22,9.41,0,1,2.22,0.526,600690
3341,2021-06-03,246,5,3,1,1991,3.0,15.53,0,0,1.53,0.381,893053
3342,2023-03-16,335,4,2,2,2006,6.96,13.04,0,0,5.2,0.72,1224922
3343,2023-01-12,137,5,1,2,2004,7.22,16.06,2,0,2.76,0.987,589146
3344,2022-04-14,284,5,2,2,2001,6.81,16.72,2,0,1.07,0.859,1045124
3345,2023-04-02,281,5,2,1,2013,5.99,3.52,1,0,3.38,0.442,1116735
3346,2023-05-21,56,3,3,1,1997,5.38,8.21,1,1,2.94,0.378,341702
3347,2022-02-09,341,5,2,2,2020,4.78,18.84,2,1,7.16,0.585,1259690
3348,2021-07-21,87,2,1,2,1995,9.25,16.43,1,1,8.75,0.092,528193
3349,2021-02-07,101,2,3,1,2008,1.09,2.66,2,1,3.14,0.988,386603
3350,2023-02-11,192,1,1,1,2009,1.48,8.22,1,1,3.01,0.981,672318
3351,2021-07-07,270,1,2,1,2009,5.43,23.32,2,0,4.49,0.923,933322
3352,2021-02-26,289,5,3,2,1999,3.97,21.62,1,1,2.55,0.662,992078
3353,2021-01-20,192,5,1,1,2001,4.67,16.93,2,1,9.52,0.503,832646
3354,2021-09-30,98,3,1,1,2021,9.98,2.29,0,1,3.19,0.707,601471
3355,2021-04-29,326,5,3,1,2013,7.98,15.37,1,0,1.84,0.314,1238893
3356,2022-08-06,320,5,1,1,1983,8.9,0.8,2,1,6.01,0.852,1337123
3357,2022-05-31,63,5,3,2,2010,4.32,16.7,0,1,5.84,0.135,376469
3358,2021-08-09,347,4,3,2,1993,3.16,18.41,2,1,6.69,0.803,1206090
3359,2022-06-10,64,4,2,1,1987,7.91,12.68,0,1,9.7,0.867,468759
3360,2022-05-30,283,3,1,2,2016,8.27,0.59,2,1,3.91,0.17,1143822
3361,2022-12-29,112,3,3,2,1984,5.95,16.83,2,1,4.24,0.479,527037
3362,2023-01-11,245,2,2,1,1987,9.06,20.58,2,0,4.03,0.892,964249
3363,2021-12-02,76,3,2,2,1990,9.71,14.85,1,0,6.66,0.959,427955
3364,2022-11-29,142,2,3,1,2008,5.24,17.88,0,0,6.44,0.811,555458
3365,2021-02-24,154,5,3,1,2000,3.0,2.71,0,1,5.76,0.941,699246
3366,2022-05-15,101,3,1,2,2018,5.65,18.03,0,0,4.28,0.937,412136
3367,2023-06-19,230,3,1,1,1992,9.91,15.55,1,0,4.85,0.98,942569
3368,2023-06-07,106,3,1,1,1998,3.64,8.61,1,1,8.13,0.413,488854
3369,2023-02-05,169,2,3,1,1982,6.56,17.29,0,0,6.48,0.287,679575
3370,2022-06-20,92,2,2,1,2013,7.25,16.32,1,0,7.45,0.633,457536
3371,2021-06-11,184,1,2,2,2017,2.93,15.19,1,1,3.49,0.189,659606
3372,2022-11-01,309,2,3,1,1998,6.3,4.98,0,1,9.2,0.557,1240417
3373,2022-08-17,246,2,1,2,2011,3.83,7.76,2,0,1.32,0.579,880612
3374,2021-06-08,182,4,2,2,2015,8.69,24.79,2,0,6.36,0.806,776824
3375,2021-07-07,304,3,2,2,2018,7.43,11.11,0,1,8.31,0.362,1209476
3376,2021-03-01,269,2,1,1,1993,8.44,1.96,1,1,8.8,0.602,1115968
3377,2023-03-28,90,3,2,2,1986,2.8,22.53,1,0,3.88,0.903,280048
3378,2021-11-15,304,3,1,2,1999,1.31,4.74,0,0,5.14,0.422,1076846
3379,2023-05-28,51,4,2,2,2011,8.65,10.39,0,1,1.31,0.572,389277
3380,2021-07-30,244,3,2,2,2010,4.48,7.31,0,0,8.11,0.787,983786
3381,2022-02-10,291,2,2,2,2001,2.62,24.11,0,1,2.12,0.25,986600
3382,2022-10-26,198,3,1,2,1984,1.83,9.76,1,0,4.85,0.103,745377
3383,2021-04-19,247,1,2,2,2010,5.65,17.86,2,1,9.92,0.682,950431
3384,2021-03-17,348,1,2,1,1994,2.35,15.16,0,1,9.26,0.37,1195930
3385,2022-06-26,294,4,2,1,1996,6.1,1.55,1,1,3.97,0.382,1162024
3386,2021-11-10,157,2,3,2,2016,7.55,9.92,0,0,3.01,0.93,661026
3387,2021-04-27,261,4,2,2,1998,5.82,10.06,2,0,3.27,0.408,1012311
3388,2023-05-18,205,1,2,1,1989,9.13,24.75,0,0,7.16,0.954,818233
3389,2022-12-05,75,2,1,2,2013,2.4,20.39,1,1,7.53,0.106,323300
3390,2021-01-19,131,3,1,2,2004,5.45,21.49,0,0,2.95,0.343,485983
3391,2022-03-08,132,2,3,1,2016,2.47,8.18,2,1,3.16,0.693,507985
3392,2022-11-16,180,5,1,2,2007,8.88,8.56,1,0,3.91,0.126,846633
3393,2023-01-10,149,2,1,2,1994,9.39,13.13,1,0,4.9,0.387,680330
3394,2021-12-16,305,3,1,2,1999,4.6,15.96,2,0,9.26,0.852,1101430
3395,2021-07-02,98,5,3,2,1992,3.75,18.34,0,0,1.24,0.762,374850
3396,2021-04-23,112,4,3,1,1999,3.51,20.61,0,1,6.74,0.282,493912
3397,2021-07-02,339,2,2,2,2022,8.74,21.89,1,1,8.76,0.356,1280606
3398,2022-04-26,154,4,2,2,2010,7.14,1.1,2,1,7.51,0.505,783021
3399,2021-05-26,154,2,1,1,1997,8.93,20.0,1,0,2.95,0.731,609017
3400,2023-04-11,64,1,2,1,2020,2.06,15.47,1,1,5.29,0.152,325867
3401,2022-09-20,224,1,2,2,2007,5.28,13.54,2,0,9.19,0.528,874446
3402,2021-04-23,308,3,3,2,1983,7.09,15.9,2,0,2.04,0.073,1143875
3403,2023-02-02,260,1,3,2,2003,9.07,22.11,2,1,9.89,0.398,1003482
3404,2022-04-21,308,5,2,2,1988,4.44,13.86,0,1,2.29,0.191,1096257
3405,2023-02-02,151,5,2,2,2011,3.82,4.47,1,1,2.28,0.309,658551
3406,2021-10-30,309,2,2,2,2011,9.22,11.2,1,1,8.32,0.331,1286740
3407,2023-04-05,208,4,1,2,2018,1.43,23.15,0,0,8.46,0.77,741527
3408,2021-04-28,94,5,3,1,2000,5.32,20.45,2,1,1.34,0.265,440644
3409,2023-03-24,300,2,2,1,2021,5.13,5.47,0,0,2.51,0.664,1092563
3410,2021-06-10,214,4,2,2,2018,2.31,18.0,1,0,9.54,0.533,794232
3411,2022-02-05,242,1,1,2,2006,4.55,6.78,0,0,3.51,0.804,867036
3412,2021-07-17,58,2,3,2,2015,7.5,9.04,1,0,1.11,0.322,356700
3413,2021-09-17,114,4,1,2,1987,4.3,11.99,0,0,3.29,0.995,441515
3414,2022-10-22,331,3,1,2,1998,3.79,11.3,0,1,7.62,0.296,1191105
3415,2023-01-22,230,3,2,2,2008,8.04,1.22,1,0,9.25,0.58,1041950
3416,2021-02-16,331,5,1,1,1998,9.9,19.46,1,1,2.4,0.632,1289275
3417,2022-02-03,328,4,1,1,1984,8.01,21.24,0,1,3.02,0.538,1184273
3418,2022-12-11,79,3,2,2,2001,8.62,13.51,0,0,4.97,0.859,451568
3419,2022-07-13,315,5,3,2,2014,9.46,4.74,0,1,7.73,0.113,1364683
3420,2021-03-19,266,2,2,2,1989,8.22,6.57,0,1,6.93,0.597,1079590
3421,2021-05-04,154,2,3,1,1994,9.82,3.6,1,0,3.95,0.506,774073
3422,2021-03-16,233,4,1,1,1981,7.73,4.65,2,1,1.6,0.417,1001629
3423,2023-05-21,197,4,1,1,2021,6.95,21.97,1,0,3.28,0.346,738747
3424,2021-05-17,154,4,2,2,2001,7.24,12.26,2,1,2.98,0.153,702547
3425,2022-08-25,96,4,2,1,2014,9.1,3.22,1,1,1.19,0.65,591144
3426,2022-02-04,136,3,2,2,2018,7.15,6.74,2,1,9.78,0.118,723948
3427,2023-04-17,178,3,1,2,1998,7.85,23.76,1,1,3.3,0.829,665446
3428,2022-05-20,307,5,1,2,1991,2.94,12.98,2,0,8.53,0.448,1141547
3429,2022-05-15,196,3,3,2,2013,9.21,13.13,0,1,5.36,0.605,862962
3430,2022-07-27,121,2,2,1,1999,5.02,13.38,0,1,9.75,0.078,592442
3431,2021-05-18,189,5,1,2,1986,2.45,3.23,2,0,2.35,0.093,757206
3432,2021-02-19,76,3,3,2,2003,8.2,24.27,0,0,2.0,0.236,375207
3433,2023-02-10,78,4,2,1,1982,4.21,2.57,2,1,1.02,0.78,409892
3434,2022-09-11,320,3,2,2,1985,2.66,17.65,2,1,7.47,0.486,1137090
3435,2022-09-17,223,1,3,2,2012,3.31,1.92,0,0,3.76,0.311,872931
3436,2023-05-12,302,5,3,2,2013,1.31,11.37,0,0,8.83,0.849,1106756
3437,2021-09-11,109,3,3,1,2012,1.82,22.54,1,0,6.7,0.192,393271
3438,2022-09-22,156,3,1,2,2008,6.33,19.33,2,0,6.2,0.259,653221
3439,2022-12-11,269,2,2,2,2002,8.8,8.7,1,1,5.38,0.777,1091555
3440,2023-04-29,308,4,2,1,1983,5.04,14.01,2,0,3.32,0.027,1152682
3441,2023-05-27,195,4,3,2,1984,6.63,4.55,2,0,1.58,0.22,821673
3442,2022-07-17,101,2,1,2,2013,8.29,23.92,1,1,4.99,0.521,458395
3443,2023-01-27,109,2,3,2,1995,4.21,17.86,0,0,1.89,0.915,378751
3444,2022-03-02,83,1,1,2,2019,6.89,9.67,1,0,9.15,0.266,431813
3445,2022-07-01,145,5,2,1,2022,4.15,8.29,0,1,8.46,0.213,708355
3446,2021-10-29,138,4,2,1,2021,6.78,6.35,0,0,6.58,0.975,644024
3447,2022-08-04,280,2,1,2,1982,2.96,19.77,2,0,5.07,0.525,933633
3448,2021-12-15,324,2,2,1,2022,9.8,11.15,1,0,5.09,0.063,1299982
3449,2023-04-12,295,5,2,2,2021,1.69,8.59,1,0,5.18,0.276,1097911
3450,2021-02-18,160,2,3,2,1993,5.55,22.68,0,1,7.71,0.534,630653
3451,2021-03-15,283,1,1,1,2012,3.58,4.18,0,0,2.14,0.072,1000266
3452,2022-12-05,327,5,2,2,2007,6.41,6.96,2,0,5.78,0.693,1258897
3453,2021-09-18,215,1,2,2,2020,4.85,8.95,2,0,8.31,0.522,830312
3454,2021-12-22,177,3,1,2,1994,3.76,6.87,0,1,5.59,0.71,724116
3455,2022-08-05,286,4,2,2,1983,3.25,14.84,2,1,1.12,0.342,1015309
3456,2022-08-25,340,2,1,1,1999,2.64,15.23,0,0,3.2,0.42,1138049
3457,2021-09-17,156,5,1,1,2004,8.05,1.84,1,1,7.02,0.928,780754
3458,2022-09-30,177,1,3,1,2014,3.0,4.04,2,1,9.41,0.211,769852
3459,2023-01-13,244,4,1,1,2018,7.96,5.36,1,0,9.04,0.04,1038085
3460,2021-10-22,192,4,3,1,2001,5.37,2.22,0,0,8.4,0.982,860234
3461,2022-10-03,160,2,2,2,2014,1.65,3.56,2,1,9.55,0.007,694290
3462,2023-03-03,139,4,1,1,2007,2.49,6.37,0,0,3.52,0.888,521510
3463,2021-11-09,300,2,3,1,1989,9.04,8.97,1,0,1.11,0.826,1159471
3464,2022-09-04,329,3,1,2,1995,6.43,19.89,2,1,4.19,0.488,1205014
3465,2023-04-18,273,2,2,2,2002,2.66,5.84,1,0,6.19,0.705,978994
3466,2023-03-20,150,1,3,2,1998,7.33,16.92,1,0,3.85,0.105,607528
3467,2021-07-01,181,4,3,2,1980,8.41,1.92,0,1,1.4,0.764,861151
3468,2022-11-17,62,4,3,2,1980,3.98,16.63,1,1,5.56,0.784,325217
3469,2023-04-08,147,4,2,1,2005,6.01,19.97,1,1,2.8,0.051,579529
3470,2021-12-30,169,2,3,1,2013,3.64,15.32,1,1,7.55,0.497,662631
3471,2021-07-07,342,5,2,1,1981,1.72,5.43,0,1,1.8,0.948,1199922
3472,2022-07-23,248,2,2,2,2007,4.6,8.59,1,0,9.62,0.951,951552
3473,2022-06-27,50,1,1,1,1999,7.76,20.23,0,1,8.89,0.985,291079
3474,2022-08-19,109,2,2,2,2021,5.13,11.08,2,1,8.86,0.657,524422
3475,2022-10-26,299,4,3,1,2006,4.65,6.75,2,0,8.11,0.141,1186980
3476,2022-07-02,189,3,3,2,2007,4.29,23.35,0,1,6.7,0.413,685071
3477,2022-12-26,198,1,2,1,2010,5.13,16.12,2,1,1.48,0.727,680887
3478,2022-02-12,93,3,2,1,1986,3.86,20.24,1,1,6.96,0.284,421159
3479,2023-05-26,235,1,1,2,1987,6.51,1.1,1,0,7.72,0.81,973388
3480,2022-09-10,157,1,1,2,2011,1.57,8.81,0,1,2.18,0.861,508412
3481,2022-02-18,93,4,3,2,1990,8.27,11.74,1,1,6.54,0.764,576316
3482,2021-12-08,127,2,2,1,2005,2.56,14.89,2,0,5.31,0.342,509236
3483,2021-08-08,275,4,3,2,2004,6.7,5.15,2,0,5.25,0.741,1115222
3484,2021-06-12,211,4,2,2,1986,5.05,12.7,0,1,2.8,0.072,843778
3485,2021-08-08,330,4,3,2,1999,7.96,17.3,2,1,7.65,0.335,1317936
3486,2021-09-27,302,3,3,1,2020,8.44,8.97,2,0,9.33,0.766,1230580
3487,2022-09-24,181,1,3,2,2009,2.84,17.44,2,1,8.09,0.795,625654
3488,2023-04-28,193,5,2,1,1980,7.09,10.05,0,1,4.32,0.319,849045
3489,2022-02-04,315,2,1,1,1997,2.71,12.0,0,1,9.86,0.96,1120569
3490,2021-07-01,158,4,1,1,1987,2.12,3.79,1,1,4.28,0.273,637579
3491,2022-09-10,243,1,2,2,2008,9.37,16.46,2,0,3.11,0.66,979432
3492,2022-12-30,84,2,1,1,2019,2.48,5.99,2,0,9.71,0.879,419329
3493,2021-07-24,324,5,3,2,2001,3.05,20.81,0,0,8.11,0.551,1126248
3494,2022-08-05,236,5,2,2,2011,2.17,14.06,2,0,7.85,0.412,893577
3495,2022-07-10,292,4,2,2,2019,5.23,14.23,1,1,1.7,0.211,1061913
3496,2023-04-21,313,5,1,1,1993,9.28,22.86,2,1,2.73,0.196,1197282
3497,2023-03-24,59,5,1,1,1981,3.38,4.6,0,1,1.17,0.159,349654
3498,2021-08-16,215,2,3,1,2014,5.88,13.49,2,0,7.99,0.443,869305
3499,2022-11-27,78,2,2,2,1986,4.7,9.86,1,0,3.5,0.548,354473
3500,2022-09-11,320,4,1,2,1982,4.02,24.17,1,1,2.19,0.839,1063581
3501,2022-08-19,136,1,2,1,1994,6.15,19.92,0,0,2.64,0.217,527875
3502,2023-04-30,72,4,3,1,2022,6.03,19.06,1,0,6.77,0.755,405426
3503,2021-09-07,259,3,3,2,2013,4.23,5.5,2,1,4.9,0.694,1023546
3504,2023-05-25,95,5,3,2,2001,8.66,6.31,1,1,9.47,0.635,663884
3505,2022-03-17,77,1,2,2,1997,1.48,1.21,1,1,4.29,0.339,352190
3506,2022-06-17,75,2,2,2,1997,1.77,16.14,0,1,8.5,0.318,317255
3507,2021-07-15,315,3,2,1,2013,9.92,9.59,1,0,5.92,0.759,1255261
3508,2022-11-21,224,3,2,1,2015,7.73,8.14,0,0,7.35,0.275,938662
3509,2022-06-03,53,5,2,2,2018,8.24,16.11,2,1,2.52,0.33,373675
3510,2021-03-11,116,2,3,1,2017,6.42,20.8,1,1,7.74,0.965,527436
3511,2022-10-01,184,1,3,1,2016,4.78,3.76,2,1,1.77,0.998,737222
3512,2022-02-03,104,2,3,2,1997,6.66,23.01,2,1,7.22,0.002,456932
3513,2022-11-03,80,5,1,2,2022,1.83,1.34,1,1,5.19,0.687,430934
3514,2023-01-30,123,3,3,1,2019,7.82,2.83,1,1,3.06,0.536,634724
3515,2021-07-22,68,5,2,2,2008,5.87,21.03,0,0,5.32,0.46,345682
3516,2021-05-28,205,4,3,1,1991,9.61,12.57,1,0,8.7,0.276,950070
3517,2022-04-17,205,3,1,2,1997,6.74,23.51,0,0,2.39,0.507,706237
3518,2022-10-17,196,5,1,1,2010,2.37,11.81,1,1,2.53,0.457,723679
3519,2021-07-18,136,1,1,2,1994,5.3,23.19,1,1,5.81,0.401,546798
3520,2022-03-02,69,1,1,1,2019,1.52,6.37,1,0,6.63,0.85,249066
3521,2022-10-28,318,1,1,2,2009,7.71,15.6,1,1,4.78,0.271,1185346
3522,2022-05-07,92,4,2,2,2015,5.52,24.86,1,0,3.4,0.597,398712
3523,2023-06-07,77,2,3,2,2007,4.33,9.71,0,0,1.6,0.864,341929
3524,2023-06-15,309,1,2,2,1994,9.72,0.54,1,0,1.45,0.979,1232064
3525,2021-05-22,71,4,2,2,2022,9.47,2.07,0,0,1.37,0.603,498092
3526,2021-11-09,150,1,1,1,2012,9.58,21.55,0,0,9.11,0.52,665458
3527,2021-06-14,88,4,3,1,1981,2.99,12.55,1,0,2.18,0.841,389391
3528,2021-11-10,339,1,3,2,1987,7.56,13.65,1,0,3.66,0.188,1272007
3529,2021-01-21,349,2,3,1,2012,9.51,20.09,1,1,9.87,0.63,1349199
3530,2021-03-23,219,5,1,1,2014,6.14,20.38,0,0,9.35,0.064,902913
3531,2022-08-04,345,1,2,2,1997,2.93,12.2,2,1,1.39,0.66,1149251
3532,2021-05-11,179,5,3,1,2005,8.36,21.52,2,0,5.96,0.796,754518
3533,2022-08-22,205,1,2,1,2000,8.92,11.98,0,1,6.7,0.063,920014
3534,2022-12-31,123,2,3,1,2007,7.33,17.04,1,1,1.49,0.848,509421
3535,2021-11-01,139,5,3,1,1999,3.64,1.32,1,1,7.55,0.123,726939
3536,2022-01-06,116,4,3,2,1999,2.72,3.88,0,1,9.89,0.176,606864
3537,2023-05-07,285,1,3,1,1983,6.62,21.36,1,0,4.86,0.836,988981
3538,2023-05-03,249,1,1,1,2015,5.35,8.17,0,0,5.04,0.125,914793
3539,2022-01-19,276,4,1,1,2013,7.02,8.7,1,0,6.93,0.674,1103456
3540,2022-03-21,282,2,2,1,1992,2.01,16.74,1,1,7.63,0.295,997758
3541,2022-03-01,315,3,1,2,2010,2.22,15.02,0,1,8.11,0.248,1101846
3542,2021-06-10,135,1,3,1,2018,4.27,2.51,2,1,1.7,0.65,541512
3543,2021-06-27,151,4,2,2,1986,3.33,19.26,2,0,8.21,0.107,639174
3544,2022-09-21,263,3,2,2,1996,6.57,15.62,2,0,8.78,0.575,977418
3545,2022-12-09,157,1,2,2,2021,4.31,21.46,1,1,1.41,0.925,522952
3546,2023-06-14,214,5,3,2,1991,7.16,13.62,2,0,1.35,0.851,887666
3547,2022-05-05,140,4,3,2,2009,7.92,10.65,2,0,5.96,0.851,647765
3548,2021-11-23,241,5,2,1,2013,2.68,9.6,2,1,5.47,0.303,944109
3549,2022-08-21,135,2,1,1,2001,9.28,0.61,2,0,9.82,0.701,725214
3550,2021-10-16,271,3,3,2,2000,8.08,1.47,2,0,3.65,0.78,1123999
3551,2022-08-16,150,4,3,2,1988,6.64,3.71,2,0,6.31,0.901,746557
3552,2022-10-26,275,1,1,1,1991,9.18,23.27,0,0,5.56,0.264,986801
3553,2022-07-27,109,1,2,1,1996,3.39,22.08,2,0,5.82,0.761,378673
3554,2022-07-27,299,3,1,2,1995,4.8,12.68,1,0,6.94,0.232,1104290
3555,2021-12-20,97,5,3,1,1984,1.77,4.91,0,0,5.84,0.028,444715
3556,2021-01-28,166,5,2,1,1998,5.11,4.08,1,0,1.06,0.482,721732
3557,2021-02-12,276,4,2,2,2007,5.56,6.78,2,0,8.59,0.766,1139741
3558,2022-11-12,82,4,1,2,1996,6.54,22.76,2,1,2.81,0.214,409541
3559,2022-02-27,93,5,3,2,2001,1.58,13.28,2,0,3.08,0.049,418157
3560,2022-08-21,214,4,3,2,2014,1.29,20.2,1,0,6.83,0.374,777828
3561,2021-06-26,341,5,2,2,1994,4.78,12.92,2,1,5.3,0.203,1276880
3562,2022-06-13,336,3,3,1,1998,2.7,15.43,2,1,6.17,0.382,1183670
3563,2022-09-02,274,4,2,2,2005,7.83,15.45,2,1,5.48,0.921,1090902
3564,2022-05-09,335,5,2,1,2014,7.02,1.27,2,0,4.76,0.744,1338708
3565,2021-07-17,253,4,2,2,2022,3.93,11.41,2,0,5.35,0.373,970657
3566,2022-09-02,221,1,3,2,2002,1.41,21.67,2,0,2.27,0.325,684302
3567,2022-07-31,61,1,1,2,1989,2.64,12.48,0,0,9.72,0.921,233140
3568,2023-04-22,170,2,2,2,2001,7.23,11.17,2,0,6.17,0.889,701937
3569,2023-05-03,293,5,1,2,1990,9.91,13.4,0,0,3.58,0.604,1146804
3570,2022-06-01,201,2,1,2,2005,3.94,9.83,2,1,7.42,0.358,754486
3571,2022-05-29,201,5,1,1,1980,8.22,13.13,0,0,8.92,0.792,887053
3572,2021-01-22,237,4,1,2,2015,8.8,3.82,1,0,3.67,0.664,975983
3573,2021-04-22,62,5,1,2,2000,1.43,24.21,1,0,3.92,0.565,186737
3574,2021-02-26,140,1,2,1,1987,9.25,1.34,0,0,4.95,0.739,675051
3575,2021-03-07,249,4,3,1,1999,5.2,12.34,2,1,2.96,0.134,966258
3576,2023-04-22,123,1,1,2,1996,9.68,5.64,1,0,8.29,0.93,599853
3577,2021-04-08,305,4,3,1,1994,5.85,1.93,1,1,6.26,0.973,1187424
3578,2021-05-24,325,5,3,1,2000,3.12,16.47,2,1,1.51,0.354,1169190
3579,2023-05-30,120,5,2,2,1980,9.77,24.64,1,1,9.97,0.947,620321
3580,2022-03-11,127,1,1,2,1982,3.19,18.87,0,1,6.17,0.796,408267
3581,2022-09-29,333,3,3,1,2010,8.94,6.72,2,1,9.01,0.941,1392368
3582,2022-11-10,179,5,3,2,2010,2.56,12.59,0,1,5.51,0.917,682734
3583,2021-03-27,92,3,1,1,2000,7.07,1.72,0,1,6.24,0.201,554916
3584,2022-08-11,57,4,2,1,2002,4.7,13.53,2,0,5.09,0.26,341998
3585,2021-12-10,62,3,2,1,1996,9.75,2.94,1,0,4.8,0.261,490418
3586,2021-10-21,262,1,1,1,2001,2.66,19.97,0,1,2.96,0.094,854044
3587,2022-07-25,160,2,3,2,2001,4.68,1.89,1,1,9.66,0.398,725593
3588,2022-10-12,340,2,2,2,2015,6.76,0.73,0,1,2.64,0.363,1339671
3589,2022-09-03,72,1,2,2,1987,9.8,21.61,2,0,5.74,0.344,396039
3590,2022-12-05,303,2,3,2,1987,3.73,23.59,2,1,1.78,0.349,1038817
3591,2021-08-31,64,1,3,2,1993,4.57,2.62,2,1,9.94,0.062,433265
3592,2023-04-11,179,5,3,2,2017,5.16,7.33,1,1,6.0,0.186,794800
3593,2022-07-15,110,3,3,2,2003,3.27,18.67,0,1,8.33,0.296,507565
3594,2021-02-01,164,2,1,2,2001,8.36,13.72,2,0,6.07,0.889,731604
3595,2022-01-26,116,5,3,2,1994,1.83,23.76,0,0,8.24,0.927,446153
3596,2021-10-04,298,2,2,2,1999,7.34,10.03,0,1,5.81,0.285,1173281
3597,2022-06-16,224,4,3,2,2006,5.81,0.58,2,0,5.0,0.694,934257
3598,2021-06-03,51,1,3,2,2007,3.18,0.98,0,0,5.1,0.851,297948
3599,2022-01-18,221,1,1,1,2001,5.44,14.34,0,1,1.02,0.506,785220
3600,2021-03-09,333,5,1,2,2010,8.47,18.93,2,1,4.34,0.756,1272940
3601,2023-05-28,103,4,3,2,1988,5.01,19.87,0,1,9.57,0.976,518472
3602,2023-06-03,116,3,1,2,2002,2.1,22.83,2,1,7.08,0.162,395684
3603,2021-08-02,151,4,1,2,1984,1.37,6.11,1,1,9.27,0.07,649095
3604,2022-10-17,169,4,1,2,2018,8.0,18.59,0,1,2.8,0.64,721092
3605,2022-01-11,240,3,1,1,1996,3.97,20.76,2,1,5.42,0.508,834812
3606,2023-01-14,96,3,3,1,2019,9.38,20.99,1,0,1.31,0.297,491750
3607,2021-08-01,271,4,1,2,1984,6.55,10.58,0,1,7.09,0.917,1046713
3608,2021-03-20,70,2,1,2,1986,4.93,15.84,2,1,8.06,0.846,353868
3609,2022-12-27,207,2,2,2,1987,6.08,14.01,0,0,7.73,0.264,805812
3610,2022-09-20,208,4,3,1,1986,5.11,15.14,1,0,1.78,0.774,826418
3611,2022-08-27,284,2,1,2,2001,9.15,7.41,0,1,3.23,0.828,1081756
3612,2023-02-21,199,3,2,2,2017,5.12,17.24,2,1,6.9,0.325,796496
3613,2022-01-16,306,3,1,1,2000,1.94,17.9,0,0,7.83,0.099,1046821
3614,2022-11-11,214,2,3,1,1983,6.37,5.3,0,0,3.47,0.85,870416
3615,2021-02-27,126,3,2,2,2011,6.61,11.37,0,0,4.66,0.097,587004
3616,2023-03-07,134,1,2,2,2008,7.89,10.84,1,1,4.16,0.479,578146
3617,2021-01-26,95,3,3,1,2009,9.4,18.85,1,0,1.04,0.194,475482
3618,2023-05-31,96,4,2,2,1982,4.99,16.83,0,0,6.19,0.927,382236
3619,2022-03-23,262,5,2,2,1984,4.17,12.17,1,1,7.02,0.107,1040306
3620,2021-03-07,108,2,1,1,1998,5.42,16.49,1,0,3.49,0.117,483900
3621,2023-01-30,103,2,2,2,1987,9.1,6.94,2,1,7.19,0.702,591544
3622,2021-09-11,61,3,3,1,2016,9.82,6.19,1,1,3.18,0.206,488830
3623,2023-06-18,241,3,1,2,2010,9.74,6.38,1,0,7.44,0.132,1082823
3624,2021-02-13,55,5,2,2,2006,3.07,1.22,1,1,5.11,0.168,375755
3625,2021-04-07,193,5,1,1,1992,5.47,17.43,0,0,8.85,0.596,804654
3626,2022-07-08,310,4,3,1,2021,3.34,24.65,0,0,5.9,0.223,1113977
3627,2021-08-15,122,1,2,1,1985,4.31,8.07,1,1,2.66,0.377,468617
3628,2023-02-13,223,4,3,1,1980,1.29,23.28,2,0,8.4,0.85,799339
3629,2022-11-10,281,2,3,1,2009,2.45,15.36,1,0,8.0,0.176,980707
3630,2022-03-12,319,3,2,1,1990,4.57,6.01,2,0,1.76,0.826,1134454
3631,2023-03-02,271,4,2,1,2020,4.28,0.79,2,0,1.43,0.775,1053348
3632,2022-08-24,101,3,1,1,2010,3.51,18.23,1,0,2.23,0.831,360523
3633,2022-01-14,165,3,3,1,1995,3.07,17.57,2,0,8.61,0.347,652983
3634,2021-06-27,75,4,2,2,1994,7.74,6.12,2,1,3.88,0.472,536913
3635,2022-03-03,102,4,3,2,1984,3.65,8.65,2,0,5.54,0.707,483133
3636,2022-12-10,78,5,2,1,1994,7.36,22.5,1,0,6.43,0.037,469617
3637,2021-11-03,68,1,3,2,1980,4.32,4.35,2,1,7.69,0.664,397789
3638,2023-02-18,328,5,1,1,1994,8.22,20.97,1,0,8.47,0.12,1284736
3639,2022-05-19,166,1,3,1,2015,2.51,4.65,0,0,5.64,0.288,658230
3640,2021-09-25,155,4,2,2,2018,2.42,12.3,1,1,4.74,0.81,598766
3641,2022-08-09,276,1,1,1,1987,7.12,12.72,0,1,2.76,0.635,972068
3642,2021-01-08,235,2,1,1,2001,9.23,12.07,0,0,6.47,0.622,957141
3643,2022-05-23,310,5,2,1,2006,2.29,7.55,1,1,5.95,0.227,1151929
3644,2022-04-21,65,5,1,1,2013,1.66,6.71,0,0,3.62,0.668,291352
3645,2021-10-24,322,5,3,2,2009,9.41,18.46,1,0,5.02,0.132,1297067
3646,2021-06-13,209,3,3,1,1991,2.06,7.25,1,1,7.66,0.965,815580
3647,2022-04-30,299,3,2,2,1981,3.25,15.44,2,1,6.64,0.253,1076123
3648,2022-08-20,273,4,3,2,2017,9.37,21.24,0,1,5.34,0.827,1082130
3649,2021-03-13,305,4,2,1,2001,8.23,21.01,1,1,3.45,0.92,1134206
3650,2022-07-21,229,3,1,2,1996,4.08,4.6,1,0,7.01,0.172,895373
3651,2022-07-13,69,5,3,2,2014,9.59,16.54,0,1,6.65,0.01,496346
3652,2021-08-26,161,3,2,2,2021,6.11,15.26,0,1,5.12,0.874,637535
3653,2021-04-14,169,1,3,2,2002,1.65,7.41,0,1,3.15,0.764,597319
3654,2021-07-29,243,5,1,1,2008,7.33,10.09,0,0,2.57,0.154,971636
3655,2022-07-08,160,3,1,1,2008,5.84,7.49,1,0,4.05,0.83,663786
3656,2023-04-08,259,4,3,1,1998,6.15,13.66,0,1,9.18,0.81,1024127
3657,2022-04-13,50,3,1,2,1996,9.95,20.19,1,0,7.78,0.461,371167
3658,2022-03-30,107,2,2,2,1987,2.37,22.0,0,0,9.02,0.947,375146
3659,2021-09-25,142,3,3,1,1986,6.91,18.21,2,1,8.58,0.582,671016
3660,2022-01-21,270,5,3,2,1990,5.13,12.34,0,0,5.13,0.443,1073745
3661,2023-02-14,260,3,1,2,1982,3.45,23.97,0,0,5.77,0.013,911045
3662,2023-04-28,281,4,2,1,1981,7.24,14.32,1,0,2.53,0.953,1047561
3663,2022-01-22,311,1,3,2,1998,7.01,12.22,1,0,7.49,0.128,1163694
3664,2023-05-27,152,2,3,2,2007,8.71,21.49,2,0,4.8,0.296,656250
3665,2021-09-16,99,5,1,1,2007,8.91,5.02,2,0,2.45,0.729,584209
3666,2021-10-10,159,4,1,1,2004,6.06,4.37,0,0,1.86,0.005,695585
3667,2022-09-18,137,2,2,1,1990,3.93,19.67,1,0,7.27,0.543,499207
3668,2023-05-25,69,3,2,1,2019,5.77,21.83,0,0,5.34,0.159,333638
3669,2021-02-09,63,2,1,1,2022,4.23,2.28,1,0,1.08,0.023,324184
3670,2022-05-01,182,1,2,1,1981,3.5,19.22,1,0,8.42,0.642,678616
3671,2021-08-08,345,2,1,1,1991,5.96,10.9,1,0,6.58,0.603,1242151
3672,2021-05-09,83,2,3,2,2020,6.92,17.74,1,1,1.35,0.734,392374
3673,2022-06-04,257,3,1,1,2017,6.32,3.81,2,1,3.74,0.618,1037455
3674,2022-09-05,248,3,1,2,1991,9.59,24.34,1,0,7.5,0.442,953747
3675,2023-06-11,129,5,1,1,2004,3.69,22.09,2,1,1.53,0.479,470866
3676,2022-11-19,120,3,3,2,2016,4.35,10.45,2,0,7.63,0.22,567081
3677,2022-09-11,204,2,2,2,2010,7.01,22.39,0,1,5.54,0.084,796304
3678,2022-09-05,127,1,2,2,1996,6.4,22.43,0,0,8.05,0.861,487362
3679,2021-09-17,127,3,2,2,1991,1.02,11.8,2,0,8.7,0.691,475947
3680,2022-01-01,221,5,1,2,2009,3.81,23.7,2,1,7.91,0.123,826025
3681,2023-01-28,338,5,1,1,1981,3.28,24.43,2,1,1.7,0.264,1163591
3682,2023-02-26,82,2,2,1,1995,8.56,5.82,1,0,5.14,0.863,519681
3683,2022-06-28,349,3,3,1,1980,8.8,2.13,1,1,3.87,0.96,1385687
3684,2022-10-11,325,3,3,2,2013,3.56,8.61,2,0,5.58,0.791,1205304
3685,2022-06-08,56,5,3,2,1980,1.92,12.48,2,0,9.69,0.57,353689
3686,2023-03-25,209,3,3,2,2015,2.85,2.77,2,0,2.12,0.869,807238
3687,2023-06-06,289,2,1,1,1982,2.59,3.95,0,1,8.79,0.627,1079694
3688,2021-01-16,73,1,2,2,2013,3.14,24.31,0,1,9.92,0.699,300725
3689,2021-05-09,263,2,3,2,1991,3.11,18.56,1,0,9.91,0.827,948218
3690,2022-07-29,119,3,1,1,2006,5.32,21.94,1,0,8.17,0.354,504720
3691,2021-04-19,265,2,1,1,2016,3.88,24.29,0,1,5.19,0.785,865345
3692,2023-06-06,153,4,1,1,2004,6.04,9.76,1,0,2.6,0.207,667230
3693,2022-06-17,264,4,2,2,1991,4.1,17.35,1,0,6.47,0.194,988727
3694,2022-11-01,103,3,1,2,2012,8.33,5.01,2,0,6.49,0.811,551974
3695,2021-09-26,343,3,2,1,1988,9.56,14.02,2,1,3.85,0.564,1351562
3696,2021-06-11,252,1,2,2,1980,4.64,5.64,0,0,6.55,0.414,972221
3697,2021-09-17,337,2,2,2,2002,1.45,4.43,2,0,2.05,0.523,1156645
3698,2021-04-12,94,1,2,2,2007,3.16,2.91,1,0,6.71,0.978,441276
3699,2022-05-21,247,3,1,2,1982,1.92,14.7,2,0,9.07,0.894,888718
3700,2023-01-05,265,3,1,1,2017,4.1,23.77,1,0,5.25,0.508,894277
3701,2022-07-25,233,5,1,2,2015,6.81,3.49,0,0,7.88,0.547,964087
3702,2021-09-04,76,1,3,2,1984,5.67,12.81,2,0,6.72,0.614,358490
3703,2022-10-02,215,3,3,1,2008,3.19,17.33,0,0,1.03,0.791,749026
3704,2023-03-06,323,4,2,2,1992,7.91,12.65,2,0,2.1,0.874,1211924
3705,2023-04-17,152,5,2,2,1983,2.18,22.84,2,0,7.97,0.147,589242
3706,2022-06-21,153,2,2,1,1985,3.05,4.57,2,0,1.36,0.628,571678
3707,2021-05-11,294,5,2,2,2017,7.08,1.09,0,1,9.61,0.227,1266632
3708,2021-12-19,218,2,2,1,1985,2.78,9.89,2,1,9.05,0.622,860613
3709,2021-07-15,165,4,3,2,1990,7.11,14.11,1,0,4.26,0.171,718903
3710,2023-03-04,190,2,2,2,2006,9.79,6.74,2,0,3.79,0.808,843783
3711,2022-10-28,174,1,1,2,2014,8.48,4.63,2,1,6.52,0.661,843651
3712,2022-01-17,74,2,2,1,2019,2.44,20.22,1,1,6.51,0.866,318749
3713,2022-10-07,243,2,1,2,1983,5.68,5.12,0,0,1.8,0.944,841402
3714,2021-08-15,149,5,1,2,2006,4.8,11.35,0,1,2.94,0.934,567856
3715,2022-12-02,54,4,1,1,1995,9.93,23.88,1,0,6.73,0.145,422888
3716,2022-04-21,68,2,1,2,1997,9.68,15.51,2,0,8.21,0.377,468379
3717,2022-04-22,219,1,2,2,1986,2.14,12.69,1,1,2.73,0.483,745428
3718,2021-09-22,323,5,2,2,1990,9.18,9.33,1,1,7.32,0.789,1334439
3719,2022-01-07,303,4,2,1,1987,2.74,13.25,2,0,8.83,0.015,1130692
3720,2022-05-01,170,4,2,1,1985,3.88,18.49,1,1,2.06,0.925,601373
3721,2022-03-10,81,3,2,1,1984,4.18,20.65,0,0,4.95,0.407,351427
3722,2022-10-08,198,1,3,2,1985,3.58,16.42,0,1,8.65,0.631,736771
3723,2021-07-30,315,5,1,1,2017,8.68,19.86,0,0,4.34,0.981,1186410
3724,2022-07-26,86,5,1,2,1981,3.97,2.67,1,0,3.43,0.883,420826
3725,2022-01-12,226,1,3,1,2010,8.35,0.85,2,1,7.71,0.362,1034117
3726,2022-01-30,62,4,3,1,2018,9.95,18.49,0,0,4.61,0.485,429279
3727,2022-03-26,232,2,2,2,2011,8.57,6.91,2,1,7.36,0.77,969997
3728,2021-12-30,194,1,2,1,1988,4.12,22.0,2,0,2.14,0.744,667186
3729,2023-05-26,314,5,1,1,1994,7.4,13.63,0,0,5.98,0.705,1169113
3730,2022-04-02,137,1,2,2,2000,5.81,12.22,1,0,4.42,0.011,606459
3731,2022-12-26,95,4,1,2,2007,8.08,19.43,0,1,9.98,0.199,543408
3732,2022-12-29,168,3,2,2,2006,2.38,18.66,1,1,6.32,0.222,641713
3733,2021-08-14,68,3,2,2,1984,6.74,17.75,2,0,7.14,0.251,393011
3734,2021-05-11,269,2,1,2,1996,7.96,17.4,0,0,2.18,0.096,983401
3735,2022-08-11,282,2,3,2,2016,7.85,13.13,0,0,9.93,0.807,1116916
3736,2022-04-21,143,4,3,2,2003,9.67,23.2,1,1,1.46,0.341,624722
3737,2023-03-09,300,2,2,2,2010,1.53,22.32,1,1,1.64,0.776,948224
3738,2021-10-04,299,3,3,1,2014,4.11,8.57,2,0,1.68,0.932,1063821
3739,2021-06-05,331,4,2,2,2020,5.29,20.22,0,0,8.84,0.313,1172542
3740,2023-01-30,281,4,3,1,2020,3.79,22.33,0,1,7.56,0.454,1058977
3741,2021-08-06,95,4,3,2,1983,3.79,15.65,0,0,9.76,0.088,487172
3742,2021-07-09,95,1,1,2,1999,2.59,14.11,1,0,1.6,0.295,329360
3743,2022-02-21,63,2,3,1,2022,8.32,16.96,1,1,7.23,0.546,398609
3744,2022-11-06,134,5,2,1,1996,9.17,4.49,0,1,5.8,0.18,752396
3745,2022-11-23,52,3,1,1,1989,1.74,2.64,1,0,6.75,0.537,306984
3746,2022-06-30,77,2,3,2,2016,2.39,20.59,2,1,5.62,0.313,294230
3747,2021-02-10,206,3,1,2,2000,3.06,14.55,0,0,7.08,0.99,740842
3748,2021-11-03,224,2,3,2,2000,5.58,3.5,0,1,9.16,0.376,935113
3749,2021-12-04,163,5,2,2,1995,8.12,10.7,2,1,6.29,0.039,786821
3750,2021-11-10,299,3,2,1,2012,1.64,7.81,0,1,9.07,0.473,1076650
3751,2021-03-16,108,5,1,2,1989,6.73,21.95,0,1,8.04,0.334,570462
3752,2021-10-06,252,3,3,1,1997,2.34,12.93,0,1,8.78,0.37,961437
3753,2021-06-25,288,1,3,2,2012,9.74,14.65,0,1,6.93,0.371,1153326
3754,2023-06-15,283,1,1,2,2008,9.09,6.26,1,0,5.67,0.881,1140936
3755,2022-10-24,144,3,1,1,2010,9.55,20.08,2,0,1.63,0.498,600698
3756,2021-09-30,190,3,2,2,2003,1.96,23.29,0,0,8.51,0.253,645685
3757,2023-04-17,162,5,1,1,1991,5.39,19.92,1,0,3.18,0.793,600171
3758,2022-09-12,158,4,3,2,1999,2.49,12.58,0,1,1.33,0.443,632309
3759,2022-10-13,338,3,1,2,1985,6.4,20.96,1,1,5.67,0.145,1244402
3760,2023-05-12,146,2,2,2,1987,3.09,5.1,1,0,6.69,0.998,569474
3761,2023-02-22,65,2,1,2,1993,7.94,3.28,2,1,6.96,0.027,468125
3762,2023-05-09,93,2,3,2,1984,6.8,11.24,1,1,7.03,0.709,503973
3763,2021-10-16,279,1,1,1,2015,6.14,4.95,0,0,6.88,0.848,1023177
3764,2022-12-25,157,5,1,2,2017,8.43,6.85,2,0,8.27,0.354,796458
3765,2023-06-12,266,1,1,2,1982,5.5,14.84,2,0,7.92,0.157,975136
3766,2021-09-29,309,2,2,2,2015,3.43,10.4,0,1,8.32,0.437,1127419
3767,2021-03-07,245,3,2,2,2001,6.59,21.71,0,1,5.14,0.482,931541
3768,2022-04-28,144,2,2,1,1987,9.61,6.03,2,1,1.57,1.0,713838
3769,2021-09-05,105,3,2,2,1993,6.41,24.92,1,0,6.76,0.019,445374
3770,2021-06-05,81,5,3,1,1986,6.67,9.31,2,1,2.89,0.656,496819
3771,2021-02-16,280,4,3,1,1983,9.41,13.13,2,1,8.74,0.804,1202606
3772,2022-03-30,58,3,2,1,1998,5.64,3.74,0,1,7.49,0.618,398756
3773,2021-07-20,240,1,2,1,2022,9.97,14.69,0,1,7.89,0.63,978908
3774,2022-10-22,249,2,2,1,2003,2.44,24.05,0,0,3.58,0.875,764695
3775,2021-05-04,210,2,1,2,1995,5.83,18.86,2,1,6.7,0.565,764939
3776,2021-01-01,136,2,3,1,1985,2.92,6.48,2,1,5.75,0.882,587248
3777,2023-01-29,70,3,1,1,1987,5.08,11.34,0,1,3.42,0.21,344993
3778,2023-05-05,125,5,2,1,2004,2.54,10.92,2,0,8.31,0.516,531975
3779,2022-10-02,190,3,3,1,2011,3.0,2.9,0,1,5.95,0.034,805146
3780,2021-07-10,175,1,2,1,2004,2.9,22.2,2,0,2.72,0.803,560629
3781,2022-08-02,300,2,1,1,1989,3.88,9.85,1,1,3.75,0.777,1069959
3782,2022-05-31,133,3,3,2,2022,2.21,12.61,0,1,3.04,0.539,541899
3783,2022-03-18,97,2,1,2,2020,8.28,7.64,1,1,3.81,0.396,519054
3784,2023-03-26,127,1,3,1,1996,2.99,4.23,0,0,2.69,0.37,499473
3785,2023-03-17,79,4,2,1,1982,4.75,22.6,0,1,4.34,0.201,354005
3786,2021-05-23,334,4,3,1,1988,1.14,1.42,2,0,7.25,0.428,1238743
3787,2021-07-10,185,4,1,1,1997,1.94,10.3,0,0,9.63,0.304,711054
3788,2022-06-17,189,2,1,1,2009,9.07,18.4,1,0,2.89,0.578,738411
3789,2021-08-15,90,3,1,2,1984,8.53,8.07,1,1,3.7,0.786,482681
3790,2021-11-09,331,2,1,2,2011,8.57,11.43,2,1,1.02,0.694,1204093
3791,2022-09-21,99,5,2,2,2006,4.7,14.33,0,1,3.03,0.514,491594
3792,2021-10-29,307,3,1,2,2000,2.27,24.88,0,0,4.77,0.949,993081
3793,2022-10-16,319,1,2,2,2003,1.97,19.08,2,1,5.16,0.197,1033102
3794,2022-04-05,183,4,3,2,2017,6.45,24.19,0,0,3.4,0.64,701007
3795,2022-02-05,283,3,1,1,1982,8.45,17.48,0,0,2.35,0.088,1060530
3796,2022-07-05,177,3,3,1,1995,9.1,7.09,1,0,6.07,0.673,832558
3797,2022-01-28,153,4,3,2,1994,3.6,7.54,1,0,4.68,0.725,612000
3798,2023-05-17,303,1,2,1,2004,3.89,20.65,1,1,4.84,0.783,978442
3799,2023-02-03,144,2,1,2,1987,1.91,10.98,1,0,9.05,0.664,547887
3800,2023-04-25,266,2,2,2,2020,7.97,9.57,0,0,6.05,0.123,1058884
3801,2021-07-26,110,3,1,2,1983,3.48,23.65,0,0,4.5,0.044,388101
3802,2021-07-29,317,4,3,1,2011,5.33,0.82,1,0,3.28,0.714,1217722
3803,2021-04-25,290,5,2,1,2014,9.36,13.36,0,0,4.86,0.798,1171214
3804,2023-01-07,62,1,1,2,2009,7.77,19.49,2,0,8.76,0.033,394496
3805,2022-10-08,196,2,3,1,2018,1.47,18.54,2,1,9.69,0.15,719487
3806,2021-09-08,289,1,2,2,2009,1.07,9.51,0,1,4.4,0.79,939900
3807,2021-08-07,138,1,2,1,1996,8.09,13.62,0,1,2.88,0.968,576500
3808,2022-02-11,144,1,2,1,1998,5.97,0.64,1,1,9.23,0.521,722688
3809,2022-03-19,342,4,2,2,2010,7.48,13.6,1,0,2.3,0.153,1278303
3810,2022-08-26,74,4,3,2,1996,2.41,14.96,2,0,3.68,0.321,345377
3811,2021-12-20,321,4,3,2,1981,8.85,21.93,0,1,2.84,0.781,1169599
3812,2023-06-07,215,3,3,2,2016,7.96,5.66,0,1,6.09,0.543,901078
3813,2022-07-12,299,4,3,1,2008,9.02,20.72,1,0,4.68,0.058,1223665
3814,2022-07-04,136,3,1,2,2009,4.07,18.09,0,1,3.58,0.308,520593
3815,2021-05-22,191,2,3,1,2022,3.48,16.82,1,0,7.91,0.753,691406
3816,2022-09-04,183,2,2,2,2001,2.37,10.16,1,1,6.98,0.326,663128
3817,2022-05-16,328,2,2,1,2017,9.37,9.5,0,1,9.96,0.432,1356775
3818,2023-04-20,175,2,2,2,1990,2.59,17.73,1,1,3.81,0.905,576356
3819,2022-12-03,190,2,2,2,2012,2.07,24.76,2,1,8.61,0.985,626783
3820,2022-07-01,152,4,1,2,1998,2.73,10.43,1,0,3.72,0.757,557715
3821,2022-10-21,275,5,2,1,1982,7.94,23.01,2,0,1.08,0.24,1041616
3822,2022-06-26,112,4,2,1,2019,9.01,14.87,0,0,2.36,0.243,572543
3823,2023-04-26,343,5,2,2,2001,8.3,21.77,0,0,5.58,0.304,1285815
3824,2022-05-22,303,4,3,1,1997,6.07,5.82,0,1,8.29,0.161,1217099
3825,2022-08-19,229,2,3,2,2009,9.94,19.17,0,0,1.52,0.179,954223
3826,2023-05-31,89,1,1,1,1980,1.62,20.96,0,0,8.49,0.256,295739
3827,2021-10-08,313,5,1,2,1999,8.8,20.89,1,0,7.44,0.66,1208924
3828,2022-02-28,238,1,1,2,1984,4.85,19.73,0,0,1.31,0.612,744244
3829,2023-05-06,57,2,2,1,1991,5.1,7.95,0,0,1.96,0.341,314234
3830,2021-09-27,153,5,1,1,1990,2.15,13.29,0,1,1.68,0.197,594221
3831,2021-06-03,274,1,3,1,2003,1.3,7.84,2,1,7.11,0.624,964427
3832,2022-09-06,83,4,3,2,1997,3.85,8.9,1,1,6.05,0.131,426503
3833,2022-12-28,285,2,3,1,1987,2.57,7.88,0,0,4.23,0.146,1014594
3834,2022-10-24,277,4,2,1,2008,5.35,7.46,0,0,1.79,0.383,1078812
3835,2021-03-24,237,4,2,1,2001,2.33,17.49,1,1,4.54,0.567,826917
3836,2022-09-14,71,2,1,1,1981,2.24,16.43,2,1,7.14,0.728,345645
3837,2023-06-18,89,5,1,1,2002,8.89,5.5,0,0,1.84,0.687,499966
3838,2022-03-02,222,3,1,2,1995,9.29,17.44,2,0,8.71,0.378,908776
3839,2021-10-02,228,3,1,2,1987,9.68,7.63,1,0,1.57,0.655,927780
3840,2022-12-14,135,2,2,1,1983,7.12,5.44,0,1,6.47,0.211,625571
3841,2021-10-11,182,3,3,2,1993,7.94,18.81,1,1,2.7,0.494,738306
3842,2021-06-22,62,1,2,1,1988,8.52,9.39,0,1,1.82,0.615,372273
3843,2021-11-23,77,5,1,1,1990,6.93,14.45,0,1,4.19,0.744,410401
3844,2022-12-19,133,4,2,2,2017,3.97,5.4,0,1,7.0,0.08,655822
3845,2021-03-04,329,4,3,2,1995,2.41,15.54,0,1,2.09,0.101,1135349
3846,2021-03-14,312,2,2,2,1992,3.14,5.6,1,1,5.28,0.074,1121925
3847,2023-02-02,215,4,3,2,2015,8.56,4.59,0,1,4.65,0.546,967215
3848,2022-09-28,342,1,1,2,2015,7.26,9.97,2,1,4.85,0.57,1262632
3849,2022-01-10,117,1,2,2,1996,5.1,19.86,0,1,9.49,0.011,512597
3850,2022-09-25,275,2,1,2,1993,1.26,4.83,1,1,4.14,0.657,928561
3851,2022-05-23,219,4,1,1,2008,3.4,3.37,2,0,9.92,0.763,904065
3852,2023-02-26,135,3,3,1,1996,7.56,1.28,0,1,5.85,0.117,745547
3853,2022-02-02,182,3,3,1,1980,5.61,10.69,1,1,8.58,0.337,779607
3854,2021-04-30,227,5,1,2,1999,4.92,7.41,1,1,4.14,0.85,859803
3855,2022-03-13,301,2,3,1,2012,3.82,7.66,0,0,1.76,0.687,1024776
3856,2023-04-09,64,5,3,1,1981,6.46,24.56,2,0,1.76,0.305,341265
3857,2022-11-07,272,3,1,1,1996,9.7,5.26,1,0,6.17,0.742,1096796
3858,2022-04-10,250,3,1,1,2002,9.11,11.73,1,0,9.37,0.887,1043929
3859,2021-10-13,156,3,3,2,2001,1.27,24.67,2,0,1.64,0.309,507782
3860,2021-09-22,299,5,1,1,1980,5.33,1.25,0,1,7.2,0.684,1200937
3861,2021-11-16,138,2,1,1,1991,3.97,17.57,0,1,6.07,0.093,589840
3862,2022-11-04,174,1,3,1,1992,5.6,9.59,0,0,6.87,0.059,694007
3863,2022-01-11,162,1,2,1,1993,6.46,22.7,0,1,2.94,0.586,553973
3864,2023-03-31,186,3,2,1,1989,2.8,22.84,2,0,1.63,0.492,642561
3865,2021-03-30,296,2,1,2,1991,8.03,9.99,1,1,1.67,0.81,1113132
3866,2022-10-16,215,2,3,1,2001,5.28,5.93,0,1,3.22,0.78,862684
3867,2021-07-22,199,4,1,1,1997,9.93,10.99,1,1,2.92,0.287,846427
3868,2023-04-01,117,4,3,1,2018,1.23,24.15,1,1,2.14,0.512,365833
3869,2023-01-09,270,5,1,1,1998,2.71,7.39,2,1,3.38,0.756,1016004
3870,2021-11-30,320,4,1,1,2009,7.21,24.54,1,1,5.81,0.271,1175607
3871,2021-08-10,69,5,3,1,1994,7.26,20.58,0,1,9.55,0.362,483853
3872,2021-02-10,338,1,1,2,2018,6.24,7.05,1,1,9.3,0.06,1291111
3873,2022-12-09,149,3,2,1,1993,9.75,19.88,0,1,3.45,0.13,675009
3874,2021-03-09,301,2,2,1,1988,4.74,1.72,0,0,1.6,0.61,1139207
3875,2023-02-15,126,1,3,2,1984,4.75,13.93,0,0,9.96,0.497,528498
3876,2022-05-29,184,1,1,2,2012,9.19,9.26,1,1,5.29,0.169,828963
3877,2023-05-23,222,5,2,1,1984,5.85,10.96,2,1,9.8,0.007,956171
3878,2022-09-29,250,3,3,1,2003,4.18,12.08,1,0,5.84,0.169,940677
3879,2022-09-14,266,5,3,2,1987,7.47,12.82,2,0,8.98,0.75,1129067
3880,2022-08-21,257,1,3,1,1998,6.58,16.58,2,0,5.02,0.094,951225
3881,2022-09-24,123,2,2,2,1991,3.76,17.57,2,0,6.6,0.402,511799
3882,2021-05-07,60,4,2,1,1987,3.68,24.4,1,0,5.82,0.239,274005
3883,2021-09-12,336,5,2,1,1987,4.56,19.19,2,1,2.98,0.549,1182803
3884,2022-11-26,305,1,2,1,2017,1.64,17.35,2,1,7.87,0.512,1037257
3885,2021-01-16,61,4,1,2,1999,9.48,10.12,2,0,1.49,0.983,384572
3886,2022-04-22,127,4,2,2,2008,2.65,3.39,0,0,4.26,0.773,519639
3887,2021-03-03,221,1,3,2,2020,2.74,1.94,2,0,8.83,0.938,851354
3888,2023-05-31,145,3,1,2,2013,6.82,12.2,0,0,5.52,0.578,595105
3889,2022-03-08,322,1,2,1,1997,7.52,16.87,2,0,1.7,0.738,1101979
3890,2022-11-01,228,2,1,1,1980,7.63,16.43,1,1,2.87,0.895,809546
3891,2021-09-25,113,4,3,2,1990,4.38,23.85,0,0,1.99,0.041,452288
3892,2021-02-04,181,2,2,2,2014,8.86,9.87,2,1,3.5,0.915,792595
3893,2023-02-18,321,5,1,2,2011,5.9,15.88,1,1,2.49,0.212,1170856
3894,2022-07-30,158,4,2,2,2021,4.95,22.25,0,0,7.41,0.705,613249
3895,2022-05-09,322,3,1,1,1995,8.29,10.4,1,0,6.93,0.773,1268355
3896,2022-07-16,217,1,1,2,1985,3.19,12.2,2,1,2.22,0.109,755297
3897,2022-04-14,229,5,3,1,1988,8.74,23.11,2,1,5.0,0.953,932587
3898,2023-02-06,107,2,3,2,2019,5.85,13.98,2,1,3.66,0.927,518131
3899,2022-10-23,128,5,2,1,2001,9.1,20.09,2,1,4.03,0.655,635979
3900,2021-11-21,110,3,2,2,1987,2.81,23.42,0,1,6.18,0.155,439628
3901,2021-10-31,170,1,1,1,2011,9.42,14.49,0,0,9.09,0.566,760320
3902,2021-10-03,256,5,3,1,2005,7.19,3.18,0,0,9.08,0.344,1136168
3903,2023-05-19,83,2,3,1,1997,6.56,20.63,2,1,4.72,0.931,378381
3904,2022-11-15,119,5,1,1,2016,4.8,20.54,2,1,4.54,0.407,494213
3905,2021-07-20,66,1,3,1,1991,9.61,3.32,1,0,5.66,0.694,482466
3906,2022-03-21,69,5,3,1,2017,5.0,13.93,1,1,5.27,0.637,414567
3907,2021-11-20,118,2,1,1,2013,5.49,12.43,0,0,1.56,0.271,475090
3908,2021-02-04,264,1,2,1,1983,8.03,21.26,2,0,6.21,0.535,994426
3909,2022-04-27,210,3,2,1,1995,3.56,7.23,2,1,6.26,0.41,828544
3910,2022-12-29,151,3,2,2,2003,3.62,10.94,1,0,5.05,0.375,584794
3911,2022-04-25,255,4,1,2,1993,7.98,15.32,0,0,4.73,0.864,964347
3912,2021-03-06,194,5,2,1,1996,2.16,13.17,2,1,9.45,0.14,799584
3913,2021-01-08,106,2,1,2,2010,8.41,23.9,1,0,6.41,0.41,467292
3914,2021-10-28,132,5,1,2,1983,6.63,24.04,0,0,8.35,0.007,628028
3915,2021-12-09,318,1,3,1,2013,5.85,2.5,0,1,9.58,0.262,1290353
3916,2022-03-07,236,4,3,1,2017,3.06,7.8,0,0,8.29,0.622,940180
3917,2022-02-28,55,2,2,2,2017,8.08,0.68,1,0,9.49,0.088,502502
3918,2021-11-28,159,5,1,1,1982,8.24,10.74,2,1,7.83,0.271,768650
3919,2022-03-14,187,2,2,1,1987,5.35,16.72,1,1,2.53,0.88,697726
3920,2022-08-11,100,1,2,1,1991,4.5,12.05,2,0,3.04,0.692,403718
3921,2021-06-23,100,4,3,2,2014,3.22,2.15,2,0,2.75,0.07,498386
3922,2022-07-13,136,2,2,2,1981,7.79,5.3,2,1,3.9,0.992,636265
3923,2022-06-11,117,1,2,2,2008,6.76,4.75,0,1,4.19,0.945,531354
3924,2023-05-23,133,3,3,1,2002,2.86,13.02,2,1,8.3,0.142,588138
3925,2022-10-21,91,2,2,1,2012,8.15,17.1,0,0,4.25,0.922,411764
3926,2021-01-26,268,4,2,1,1997,8.94,8.25,1,1,7.54,0.55,1118198
3927,2023-03-31,106,2,1,1,2019,1.53,3.7,2,1,9.13,0.929,434866
3928,2022-08-28,275,2,2,1,2001,7.95,20.07,1,0,2.03,0.968,988234
3929,2022-02-10,245,1,3,2,1993,8.68,21.53,1,1,1.0,0.694,846003
3930,2021-08-20,297,5,3,1,2008,9.92,7.27,2,1,9.0,0.291,1359718
3931,2022-06-17,215,5,1,2,1994,3.14,10.81,2,1,3.14,0.925,790576
3932,2023-03-30,111,2,3,1,1994,4.34,2.51,0,0,2.38,0.573,457954
3933,2022-07-04,312,4,3,2,1983,9.7,6.08,2,1,3.66,0.342,1315703
3934,2023-02-27,161,4,3,1,2015,1.85,19.29,0,0,2.67,0.46,554673
3935,2022-05-20,302,1,2,1,1984,5.71,9.45,0,0,8.14,0.406,1110414
3936,2022-10-31,248,2,1,1,1982,5.56,15.31,2,0,6.71,0.935,897756
3937,2021-06-28,227,2,1,1,1991,6.46,23.68,2,1,2.51,0.82,795208
3938,2021-05-12,75,5,1,2,1999,3.98,18.23,2,1,6.25,0.031,420143
3939,2023-04-03,295,1,1,1,1999,9.33,11.61,0,1,2.87,0.01,1084081
3940,2022-03-31,68,3,3,2,2018,3.43,9.49,0,0,2.78,0.069,348379
3941,2021-12-14,314,4,2,2,2018,6.85,5.17,0,0,6.36,0.61,1265704
3942,2022-06-24,69,4,3,2,1980,5.46,19.03,0,1,6.98,0.814,356814
3943,2023-02-11,155,2,3,1,1982,3.4,3.25,0,1,4.12,0.515,657192
3944,2022-02-10,286,1,3,1,1988,2.7,2.0,2,0,7.87,0.535,1089057
3945,2021-03-17,295,3,3,2,1999,9.61,3.07,0,0,8.53,0.24,1306646
3946,2022-08-02,130,4,1,1,1988,6.05,6.45,2,0,9.25,0.459,662334
3947,2023-05-04,199,1,1,2,2010,6.44,15.86,0,0,6.63,0.257,776760
3948,2022-05-07,59,3,2,2,2007,8.05,21.6,0,0,2.98,0.274,347965
3949,2021-07-13,273,2,3,1,2014,1.73,24.82,2,1,7.74,0.391,944465
3950,2021-06-11,313,5,1,1,2019,7.42,18.42,1,1,1.97,0.048,1162851
3951,2021-12-13,198,4,2,2,2017,2.49,4.08,1,0,2.63,0.955,725897
3952,2021-12-27,327,4,3,2,1981,7.66,7.3,0,1,8.5,0.914,1316386
3953,2023-02-08,323,3,3,1,1982,2.27,3.73,2,0,9.2,0.796,1225660
3954,2022-08-07,243,5,1,1,1993,8.49,3.33,1,1,1.6,0.569,1036152
3955,2021-03-28,221,1,3,1,1996,7.13,14.41,1,0,3.81,0.813,817795
3956,2021-09-19,314,2,3,2,2014,4.47,22.71,2,1,6.66,0.974,1090723
3957,2021-08-02,75,1,1,2,1983,4.23,17.27,1,1,9.45,0.284,331198
3958,2022-10-27,75,3,2,2,2009,2.34,20.12,0,0,6.14,0.364,307658
3959,2022-12-23,83,4,2,1,2018,9.14,12.95,0,1,8.39,0.729,565588
3960,2022-07-27,313,4,1,2,1993,2.07,12.15,0,0,9.3,0.643,1122766
3961,2023-02-19,187,1,1,2,2006,5.25,23.47,1,0,5.67,0.825,599970
3962,2021-09-19,232,2,2,2,1992,3.13,18.19,2,1,7.66,0.347,853211
3963,2022-12-31,291,3,2,1,1999,9.97,11.75,2,1,6.96,0.311,1218758
3964,2021-10-10,103,2,1,2,2003,6.27,8.65,0,0,7.04,0.585,483100
3965,2022-10-10,217,3,1,1,1989,2.35,2.78,0,1,5.65,0.146,800612
3966,2022-04-12,168,2,1,2,1986,7.01,20.61,0,1,6.61,0.04,696211
3967,2022-01-15,192,1,3,2,1996,9.92,4.65,0,1,5.99,0.244,915651
3968,2021-12-28,130,5,1,1,2001,6.45,13.12,1,1,6.74,0.158,623060
3969,2022-03-25,294,3,3,1,1990,5.12,16.11,0,1,5.55,0.007,1087445
3970,2022-03-17,111,1,2,1,2021,3.64,18.73,1,1,3.0,0.778,382880
3971,2021-04-03,95,4,2,2,2002,1.83,2.54,0,0,7.24,0.543,490194
3972,2022-09-13,136,4,1,1,2001,3.05,0.76,2,0,4.46,0.669,588111
3973,2023-01-23,148,2,1,2,2019,5.98,17.8,1,1,2.15,0.163,563714
3974,2023-05-17,344,4,2,2,1997,7.78,11.63,2,1,8.66,0.257,1369921
3975,2022-02-28,102,5,2,1,2005,8.9,4.94,2,0,2.63,0.06,627548
3976,2021-05-22,241,3,2,1,2009,8.14,24.56,2,0,5.87,0.997,868687
3977,2021-10-18,129,2,2,1,1992,2.13,19.89,0,1,7.49,0.103,480603
3978,2022-03-08,65,3,1,1,1983,7.96,14.67,2,0,6.83,0.09,417763
3979,2023-01-19,243,3,3,2,2022,6.23,17.7,2,1,2.45,0.614,918027
3980,2023-05-02,190,1,2,2,2006,5.22,4.3,2,1,2.75,0.332,755456
3981,2023-04-04,157,4,2,1,2019,6.15,24.07,1,1,2.34,0.888,567972
3982,2022-11-20,314,3,3,1,1989,1.07,24.91,0,0,1.65,0.832,982865
3983,2022-10-15,339,5,1,2,2007,1.61,16.39,2,0,3.55,0.868,1098512
3984,2022-12-02,258,5,3,2,2000,5.73,16.87,0,0,5.72,0.735,1020224
3985,2021-02-18,214,4,1,1,1990,2.56,17.76,1,0,2.56,0.132,751915
3986,2021-10-29,201,4,1,2,1999,5.91,16.81,0,1,9.74,0.064,860074
3987,2023-05-31,339,2,1,2,2015,4.19,11.24,2,0,7.29,0.065,1234672
3988,2021-07-09,317,2,1,2,1998,9.17,13.75,0,1,6.25,0.802,1230786
3989,2021-05-16,200,2,1,2,1989,9.55,7.43,0,1,7.13,0.657,896465
3990,2022-07-09,256,4,2,2,1994,9.82,11.45,0,1,4.92,0.981,1085485
3991,2022-02-08,304,3,1,2,1997,9.09,11.18,0,0,5.23,0.644,1193929
3992,2023-06-11,190,1,2,2,1986,9.87,7.56,0,0,9.0,0.249,899997
3993,2023-05-15,145,2,1,2,2009,7.36,19.77,1,1,7.5,0.09,623954
3994,2022-08-25,276,1,2,1,1993,9.64,10.54,2,1,6.29,0.366,1124656
3995,2023-03-18,242,5,3,2,2016,6.78,14.02,0,0,9.55,0.2,1029171
3996,2021-12-07,167,4,3,1,2020,8.28,4.32,0,0,6.96,0.628,811989
3997,2023-01-27,54,5,2,1,2009,2.19,12.14,2,0,4.59,0.096,319875
3998,2022-12-05,292,2,1,1,2006,7.14,19.16,2,1,1.43,0.773,1018356
3999,2021-11-14,70,3,2,1,2016,9.38,11.39,2,0,4.52,0.697,452324
4000,2022-09-10,201,2,2,1,2020,5.86,14.16,2,0,9.32,0.736,826581
4001,2021-12-29,177,1,1,2,1996,2.68,17.69,0,0,1.4,0.965,494241
4002,2023-04-02,173,2,3,1,2009,5.74,10.03,2,0,2.66,0.651,719284
4003,2022-01-17,195,3,2,2,1997,7.36,9.16,1,0,8.28,0.789,886259
4004,2021-08-21,326,3,3,1,1982,7.93,2.6,0,0,4.28,0.085,1286612
4005,2023-02-16,201,4,3,2,2007,5.71,14.77,1,1,2.67,0.943,815453
4006,2021-12-10,160,4,3,2,2016,2.96,17.82,2,0,8.34,0.219,664932
4007,2022-07-03,165,3,2,1,2009,9.34,14.74,1,0,6.03,0.493,734939
4008,2023-03-28,237,3,2,2,2000,7.96,7.45,0,1,5.94,0.957,993084
4009,2022-07-07,106,1,1,1,1999,3.44,6.93,0,0,3.64,0.179,464742
4010,2022-06-13,300,2,1,2,2001,8.31,4.41,0,0,7.08,0.036,1200368
4011,2023-05-06,199,4,2,2,2015,4.13,1.65,0,1,8.76,0.297,852783
4012,2023-02-28,211,1,1,1,2015,3.81,10.96,1,0,7.75,0.156,750417
4013,2023-03-30,169,2,3,2,2000,8.77,4.43,0,0,6.51,0.668,789025
4014,2022-07-25,119,4,3,2,2003,8.86,17.42,0,1,4.15,0.278,608394
4015,2021-07-02,148,1,2,2,2000,4.59,24.06,0,1,8.69,0.063,608075
4016,2021-02-10,216,5,3,2,1986,1.08,2.3,2,1,6.09,0.893,896600
4017,2022-07-05,347,5,2,2,1987,2.68,22.38,1,0,9.01,0.049,1224967
4018,2022-02-01,200,4,2,2,2001,9.18,16.61,2,0,3.29,0.271,875472
4019,2022-12-05,51,1,2,1,2001,9.09,21.58,0,1,6.89,0.24,317491
4020,2023-02-18,201,2,3,2,2009,5.08,4.3,2,1,9.42,0.024,902578
4021,2022-05-09,114,2,2,1,2013,3.74,22.71,0,0,4.37,0.165,410180
4022,2022-10-21,118,1,2,2,2008,3.72,23.97,2,0,9.56,0.815,423067
4023,2021-11-29,170,5,1,1,1989,9.07,22.71,0,0,4.53,0.038,735693
4024,2021-05-07,158,1,3,2,1984,3.92,19.74,0,0,4.94,0.023,596702
4025,2022-07-12,296,5,2,1,2018,5.6,2.71,0,0,8.26,0.634,1215557
4026,2022-07-11,142,5,1,2,2013,7.58,5.91,2,0,3.35,0.089,703140
4027,2021-01-01,317,2,2,1,2017,2.89,22.87,0,1,7.35,0.372,1073378
4028,2021-06-17,152,4,3,1,1989,3.28,6.12,2,1,3.69,0.002,641742
4029,2022-09-12,161,3,1,1,1988,4.22,9.02,0,0,6.34,0.362,659557
4030,2021-01-19,111,1,1,2,2011,6.89,1.74,1,0,7.98,0.318,573090
4031,2021-11-28,349,5,2,2,1984,8.36,15.89,0,0,1.24,0.613,1288382
4032,2022-08-07,185,1,2,2,2014,5.92,14.3,1,1,1.8,0.499,684511
4033,2022-04-01,104,4,3,1,1990,2.2,24.06,0,1,9.41,0.679,403051
4034,2021-04-19,157,4,3,2,2021,5.02,22.36,0,0,8.34,0.936,607152
4035,2021-09-25,307,3,2,1,1995,2.15,12.9,0,1,8.89,0.795,1076576
4036,2022-03-21,302,3,1,2,2006,1.79,15.43,0,0,4.95,0.934,962704
4037,2021-08-28,271,5,3,1,1999,6.31,10.62,0,1,7.45,0.054,1134018
4038,2021-10-28,216,3,3,1,1980,9.61,3.75,2,1,9.98,0.99,1035079
4039,2022-08-25,209,5,1,1,2005,8.54,21.76,2,1,4.89,0.322,874174
4040,2021-04-13,215,2,2,2,1990,7.97,13.96,2,1,8.62,0.277,929634
4041,2021-09-07,254,5,3,1,1994,7.54,10.92,1,0,1.71,0.404,1022639
4042,2022-03-29,316,3,1,2,2018,9.07,2.18,0,0,5.89,0.783,1283236
4043,2022-06-04,187,1,3,1,2019,7.78,16.8,0,0,4.0,0.954,719921
4044,2021-06-02,297,3,1,2,1997,6.64,10.29,0,0,5.71,0.554,1123533
4045,2023-05-09,104,4,3,1,2003,4.28,6.72,1,0,2.03,0.154,516981
4046,2021-06-23,258,3,2,1,2007,1.91,21.98,1,0,4.31,0.214,860652
4047,2021-12-09,66,2,1,1,2004,5.15,5.0,1,1,1.69,0.405,378072
4048,2022-11-01,117,5,3,2,2002,9.32,13.12,1,0,5.08,0.366,631986
4049,2022-03-07,182,4,3,1,1990,6.25,20.0,2,1,4.98,0.238,801221
4050,2022-12-28,237,5,1,1,2012,2.66,21.3,1,1,3.97,0.85,809895
4051,2022-11-20,187,5,1,2,1995,6.84,20.56,1,1,9.53,0.28,800917
4052,2022-11-18,223,3,2,2,2015,5.19,22.47,1,1,1.75,0.593,754704
4053,2023-05-02,146,1,1,1,2002,9.38,3.99,1,1,8.42,0.479,755900
4054,2023-04-30,220,4,3,2,1985,2.45,23.54,2,1,4.19,0.923,752780
4055,2022-10-20,203,2,2,2,2022,7.41,0.76,0,1,2.79,0.629,862821
4056,2021-11-20,232,2,1,1,2003,7.13,6.77,1,1,3.45,0.332,936144
4057,2022-11-04,291,1,3,2,2017,9.85,2.56,2,1,9.12,0.639,1241166
4058,2022-10-01,334,1,1,1,2021,6.08,23.67,2,1,8.42,0.319,1211537
4059,2022-02-24,76,3,3,1,1985,8.84,10.89,2,0,1.14,0.091,478267
4060,2022-08-17,109,2,3,1,1989,1.22,8.22,0,0,2.33,0.485,382636
4061,2022-04-30,251,4,2,2,2001,2.11,4.59,1,1,7.08,0.86,928887
4062,2022-10-21,299,1,2,2,2002,4.11,4.32,0,1,3.86,0.909,1082404
4063,2023-01-21,118,1,1,1,1984,6.57,15.54,2,1,9.27,0.544,543148
4064,2022-02-16,70,1,2,1,2007,5.04,1.65,0,0,8.08,0.7,414228
4065,2021-03-25,201,4,1,2,1988,2.82,15.06,2,1,8.88,0.611,774787
4066,2021-04-23,151,2,2,2,2018,6.3,19.48,2,0,2.74,0.811,578262
4067,2023-01-07,144,4,2,1,2007,6.1,15.22,1,1,2.36,0.103,643928
4068,2021-11-28,278,4,1,1,2004,5.72,20.75,2,1,9.39,0.401,1038695
4069,2022-01-13,174,3,2,1,2022,1.82,7.0,0,1,4.64,0.253,704561
4070,2023-01-25,307,1,2,2,2017,9.34,2.39,0,1,4.74,0.007,1258142
4071,2022-10-17,285,2,2,1,2006,6.33,18.16,2,1,7.16,0.83,1020159
4072,2021-02-10,211,3,2,2,2003,3.38,20.79,1,0,4.58,0.134,778672
4073,2023-02-09,91,3,1,1,2022,7.19,12.79,0,0,8.88,0.323,514823
4074,2023-03-08,325,5,3,2,2022,3.86,20.61,1,1,9.63,0.867,1193341
4075,2021-04-15,117,1,1,2,1995,5.55,11.72,1,0,3.99,0.721,496785
4076,2021-07-21,222,2,1,1,1981,4.07,5.36,1,0,2.87,0.568,805334
4077,2022-03-26,174,2,1,2,1981,8.92,12.12,1,1,1.68,0.31,736715
4078,2023-03-30,219,2,2,2,1984,9.95,5.79,2,1,2.93,0.515,1005508
4079,2023-04-23,96,1,2,1,2000,2.45,12.06,2,1,2.26,0.056,391417
4080,2021-09-23,310,2,3,2,1989,1.21,4.12,2,1,1.26,0.727,1093538
4081,2021-07-29,266,4,2,2,2021,2.97,5.05,1,0,1.42,0.237,996986
4082,2022-07-17,173,4,3,1,1997,6.31,22.13,0,1,5.58,0.479,680494
4083,2021-04-28,342,1,3,2,2005,2.57,3.34,0,1,7.37,0.094,1260651
4084,2022-12-14,211,2,2,2,1999,8.3,5.99,2,0,9.85,0.711,945603
4085,2022-01-12,250,5,3,1,2020,4.68,24.89,0,1,2.4,0.896,901626
4086,2022-07-05,324,5,1,1,2015,6.49,14.61,2,0,7.28,0.456,1273848
4087,2022-06-24,255,5,1,1,2000,5.1,14.85,1,1,5.99,0.083,1027135
4088,2023-02-10,89,4,1,2,1981,9.13,21.2,2,0,5.3,0.945,449838
4089,2021-03-25,322,5,3,1,2012,1.32,13.35,0,1,7.5,0.447,1133928
4090,2022-03-30,237,2,3,1,2002,7.56,5.93,2,1,3.15,0.08,1009094
4091,2022-10-29,142,2,1,1,2018,6.87,10.85,2,1,3.8,0.188,632456
4092,2022-09-21,91,5,2,1,2010,6.85,19.0,0,1,4.46,0.12,458504
4093,2022-05-29,156,3,1,1,1983,4.73,21.87,2,1,2.64,0.198,571364
4094,2022-08-28,114,5,2,1,2020,1.14,7.19,2,0,5.31,0.156,507020
4095,2022-11-09,184,3,2,1,1982,7.2,6.92,0,1,2.19,0.923,767153
4096,2022-01-22,73,1,3,2,2016,8.47,8.53,2,0,3.86,0.209,442609
4097,2021-12-16,77,1,3,2,1989,1.77,15.11,1,1,2.02,0.442,277432
4098,2021-10-23,111,2,2,1,2021,4.97,7.32,2,0,1.32,0.73,469221
4099,2021-09-15,322,4,2,1,2011,2.46,22.38,0,1,4.2,0.677,1079916
4100,2021-03-22,278,2,2,2,2015,6.5,24.46,1,1,6.56,0.956,972582
4101,2021-09-25,69,2,3,1,2006,8.07,17.14,1,1,2.37,0.966,351227
4102,2022-02-23,52,4,1,2,1998,7.0,24.27,0,0,9.94,0.571,350641
4103,2021-08-23,267,2,2,1,2017,3.86,7.55,0,0,3.47,0.752,943818
4104,2023-04-13,185,4,3,2,1980,2.26,20.47,2,1,1.2,0.386,663738
4105,2021-11-07,52,2,1,1,2005,8.15,17.12,1,0,1.25,0.429,263529
4106,2023-03-24,242,1,3,2,1992,3.92,6.95,1,0,7.0,0.104,959644
4107,2021-12-23,122,3,1,2,2014,1.2,8.3,1,1,7.03,0.673,509281
4108,2021-08-01,167,2,3,1,1981,6.14,12.47,0,1,9.12,0.271,750067
4109,2022-07-28,203,3,1,2,2001,3.22,19.9,2,0,1.82,0.08,688400
4110,2021-02-18,258,5,2,2,2018,8.57,21.87,0,0,4.39,0.098,993514
4111,2021-05-07,83,2,3,1,2007,2.29,16.03,1,0,9.0,0.722,402856
4112,2021-08-11,186,1,1,2,1981,4.91,18.18,2,1,8.18,0.229,713850
4113,2021-10-06,169,4,1,2,1990,3.28,6.96,2,0,3.1,0.77,628025
4114,2022-02-12,164,1,1,2,2016,7.21,18.66,0,0,9.01,0.906,635616
4115,2022-05-20,62,3,2,2,2005,5.94,15.32,1,0,7.13,0.341,376115
4116,2021-10-21,118,4,3,1,2007,8.12,5.96,1,1,3.38,0.794,599911
4117,2023-03-07,306,1,1,2,2005,5.13,23.78,1,1,1.4,0.429,993532
4118,2021-10-04,138,1,2,2,1996,1.04,13.07,2,1,5.48,0.772,453671
4119,2022-03-14,96,1,2,2,1982,2.94,19.96,1,1,7.42,0.307,408564
4120,2021-04-17,309,4,2,2,1993,9.99,13.38,0,0,3.42,0.931,1197582
4121,2022-10-20,277,1,2,1,1995,4.65,23.36,2,0,2.52,0.987,871753
4122,2022-02-24,229,1,2,2,2015,6.58,3.96,0,1,1.68,0.386,877278
4123,2022-09-03,59,3,2,1,2007,9.14,13.88,2,1,8.58,0.199,455556
4124,2022-03-05,333,1,2,1,2007,1.18,1.12,0,0,1.49,0.685,1109070
4125,2022-01-10,175,1,3,2,2004,6.94,5.34,1,0,6.48,0.584,747828
4126,2021-03-14,183,5,3,1,1988,3.6,7.39,2,0,7.87,0.991,771537
4127,2022-09-26,204,4,2,2,1990,3.51,12.08,0,1,8.02,0.812,785553
4128,2021-01-30,297,5,1,2,2016,3.02,20.59,2,1,6.88,0.835,1022637
4129,2021-07-07,189,3,1,2,2022,8.4,11.93,2,1,6.88,0.726,812727
4130,2021-12-30,225,5,1,1,2000,4.36,14.25,1,0,5.27,0.351,848907
4131,2023-05-16,223,2,2,1,1981,1.6,23.14,2,0,4.75,0.936,680823
4132,2023-03-11,123,4,1,2,2013,1.87,19.04,0,1,2.24,0.466,392450
4133,2022-03-27,192,1,3,1,2021,2.34,1.73,2,1,5.82,0.399,756066
4134,2021-07-14,341,5,3,1,1992,9.09,4.82,0,1,1.64,0.194,1396192
4135,2021-06-05,161,5,3,1,1984,4.85,1.44,1,0,5.21,0.304,755771
4136,2021-06-21,255,1,3,1,1990,9.24,2.19,2,1,7.58,0.002,1073329
4137,2023-04-27,180,1,2,2,2008,8.36,8.8,0,1,4.99,0.66,788912
4138,2021-02-10,159,3,3,2,2007,8.54,18.33,2,1,5.57,0.605,709019
4139,2021-03-04,116,5,1,2,2007,3.58,6.49,2,0,8.58,0.403,603208
4140,2021-01-23,135,5,1,1,1984,3.44,10.11,1,0,6.82,0.967,584084
4141,2021-12-26,324,2,3,2,1999,6.04,10.15,2,1,2.15,0.693,1186346
4142,2021-03-16,276,2,3,2,2016,4.76,14.96,2,1,5.89,0.243,1036989
4143,2022-07-14,59,5,3,2,2018,5.58,22.38,1,1,4.28,0.379,320042
4144,2022-11-03,337,2,1,1,1989,1.48,24.59,2,1,2.86,0.516,1073180
4145,2023-04-05,161,5,1,1,2011,9.74,15.31,1,1,6.83,0.545,812451
4146,2021-04-28,73,4,3,1,2008,1.52,12.87,2,1,4.48,0.276,338391
4147,2022-09-04,340,3,1,2,1981,2.61,17.21,0,1,7.91,0.249,1172320
4148,2022-01-15,217,2,1,2,1980,7.1,16.87,0,1,6.28,0.299,890081
4149,2022-11-10,158,5,2,2,1999,2.4,13.34,0,0,1.94,0.963,566566
4150,2021-10-17,239,2,3,1,1980,1.96,18.56,1,1,4.15,0.36,789669
4151,2022-03-16,245,3,3,2,1983,2.38,12.54,1,0,3.43,0.374,846532
4152,2022-10-30,82,4,2,1,1994,1.56,24.91,1,1,2.35,0.72,299485
4153,2021-01-07,254,1,2,1,2009,3.26,1.7,1,1,8.2,0.163,1005253
4154,2021-07-15,231,1,1,1,1985,3.44,11.36,1,0,4.41,0.643,779164
4155,2022-02-25,196,2,2,2,2017,5.49,10.23,1,1,6.52,0.666,798635
4156,2022-07-22,317,5,3,1,1980,4.95,19.37,2,1,8.94,0.065,1216766
4157,2023-04-13,60,3,3,2,1986,5.26,5.18,0,1,5.89,0.19,371308
4158,2021-07-12,119,4,3,1,1984,6.54,11.13,1,0,3.32,0.466,564280
4159,2022-07-13,305,4,1,2,1986,3.08,17.6,2,0,8.12,0.835,1077105
4160,2021-05-28,268,4,1,1,2015,2.21,15.28,2,1,4.92,0.732,909057
4161,2023-02-26,346,1,3,2,1982,8.91,13.86,1,0,6.07,0.873,1269672
4162,2022-10-31,308,3,3,2,1991,6.71,11.16,0,0,9.12,0.851,1173005
4163,2021-07-21,52,1,1,1,1994,1.55,18.92,1,0,5.4,0.512,161833
4164,2022-03-20,133,2,1,2,1999,9.65,16.34,0,0,4.01,0.622,592683
4165,2022-02-23,205,4,2,2,2020,7.24,21.93,0,1,7.55,0.921,789402
4166,2022-03-03,200,3,1,1,2000,2.37,18.46,1,1,2.2,0.741,650618
4167,2022-04-24,225,4,1,1,2011,9.72,3.94,0,1,9.22,0.358,1037946
4168,2022-04-20,244,1,3,2,1991,4.29,15.68,0,1,9.24,0.35,885607
4169,2021-05-06,156,1,3,1,2016,9.86,1.59,0,1,6.21,0.367,797156
4170,2022-01-30,183,1,3,2,2019,1.93,9.99,1,1,2.39,0.495,658896
4171,2023-03-28,325,4,2,1,1986,2.44,10.59,0,1,5.07,0.362,1169238
4172,2023-05-31,204,3,1,1,2010,6.92,21.44,0,0,4.81,0.188,750336
4173,2023-03-17,326,3,2,1,1980,1.2,4.92,2,0,3.68,0.595,1148879
4174,2022-07-30,285,2,1,2,1990,1.17,16.27,1,1,2.58,0.869,902484
4175,2021-11-21,289,4,1,1,2013,8.13,5.21,0,1,3.37,0.493,1175610
4176,2022-01-27,62,2,3,2,1998,2.51,23.74,1,1,6.0,0.219,270705
4177,2022-11-19,84,2,1,2,1990,9.27,13.47,1,1,7.17,0.813,487102
4178,2022-09-20,96,2,2,1,2012,4.83,17.85,2,0,9.82,0.756,437049
4179,2022-03-16,263,2,3,1,2012,8.86,16.34,2,1,2.94,0.7,1048683
4180,2021-07-23,195,1,2,1,1987,4.76,7.94,0,0,2.84,0.675,694191
4181,2022-05-01,208,2,2,1,1987,5.77,22.58,0,1,2.05,0.782,695992
4182,2023-04-13,174,3,3,1,2013,3.85,15.87,0,1,9.45,0.83,754140
4183,2021-01-31,159,2,1,2,2019,6.92,13.0,1,0,4.44,0.898,597389
4184,2022-01-23,86,1,2,1,2006,3.86,13.44,2,0,9.32,0.61,375853
4185,2022-09-17,326,5,1,2,2008,3.01,22.32,2,0,9.0,0.394,1176114
4186,2023-05-27,63,5,3,2,1993,1.73,1.95,0,0,1.4,0.09,313908
4187,2022-03-10,281,5,1,1,2013,1.52,10.03,2,0,3.52,0.722,999979
4188,2023-04-17,173,4,1,1,2016,3.75,21.12,1,0,3.72,0.141,655376
4189,2022-01-11,328,3,3,2,1980,7.63,1.42,0,1,3.5,0.869,1311762
4190,2021-12-10,160,1,1,2,1988,2.85,16.16,2,0,4.83,0.406,559764
4191,2022-03-19,173,5,2,1,1989,3.69,10.38,0,0,5.49,0.876,665411
4192,2022-08-02,79,1,2,2,2009,9.15,5.51,1,1,7.82,0.518,498621
4193,2021-03-16,164,1,2,2,2022,6.75,15.48,1,1,3.41,0.453,679272
4194,2022-07-11,139,4,1,2,1997,9.28,20.86,0,1,3.69,0.364,591432
4195,2023-02-11,261,5,2,1,1996,9.2,11.95,0,0,6.39,0.061,1129986
4196,2022-10-28,87,2,1,2,1985,1.57,4.1,2,0,2.61,0.012,338150
4197,2021-06-04,132,1,1,2,1990,9.6,8.0,1,1,5.26,0.509,646476
4198,2022-03-06,76,5,1,2,2003,1.46,24.54,1,0,3.26,0.901,225540
4199,2021-12-29,266,1,1,1,2015,9.33,3.22,0,1,2.78,0.586,1053418
4200,2022-03-24,264,4,3,1,2012,5.92,4.44,2,0,8.16,0.862,1118789
4201,2021-08-22,270,4,2,2,2012,5.8,24.76,0,1,7.36,1.0,967659
4202,2022-07-17,64,2,2,2,1997,7.42,22.11,0,0,3.25,0.179,339596
4203,2023-03-29,308,4,1,2,1984,8.91,17.82,0,0,4.74,0.66,1148565
4204,2021-09-19,315,5,3,1,2010,6.55,4.2,1,0,2.39,0.417,1247072
4205,2023-04-07,169,4,1,1,1995,4.83,6.39,0,1,1.48,0.209,691864
4206,2021-05-05,177,2,2,2,1981,2.01,4.91,0,0,6.27,0.241,655380
4207,2021-09-02,260,3,2,2,1988,8.1,15.96,2,1,4.27,0.245,1012823
4208,2022-06-26,60,1,3,2,1981,2.15,10.27,0,0,2.87,0.73,226027
4209,2022-04-30,225,1,1,2,2016,7.54,1.67,2,1,2.03,0.355,913646
4210,2021-05-02,182,5,3,2,1999,5.75,7.64,0,0,7.12,0.256,837572
4211,2021-05-05,63,2,1,2,1996,4.47,21.59,1,0,3.44,0.886,191467
4212,2022-07-03,99,2,3,2,2004,6.52,20.0,0,1,9.17,0.034,489795
4213,2021-06-19,121,2,2,1,1998,7.95,16.25,1,1,2.74,0.736,542780
4214,2021-05-04,118,1,3,1,2021,9.47,2.6,0,1,3.19,0.961,602286
4215,2023-05-19,65,4,2,1,1987,3.38,22.13,1,1,8.67,0.626,292844
4216,2021-02-04,105,1,2,2,1990,9.52,13.6,1,0,6.15,0.548,546031
4217,2021-03-28,154,1,1,1,1992,9.65,12.62,0,0,1.98,0.061,682054
4218,2022-10-08,181,1,3,2,1992,8.32,23.38,2,0,5.95,0.503,709174
4219,2022-12-09,97,4,3,1,1988,8.93,0.72,1,1,3.77,0.361,640226
4220,2023-02-25,297,3,3,1,1984,7.23,14.12,1,1,7.63,0.778,1151025
4221,2021-07-20,322,5,3,1,1997,1.35,19.89,0,1,1.7,0.812,1056644
4222,2022-01-04,160,3,1,1,2019,6.18,2.06,2,1,9.26,0.168,776265
4223,2023-03-08,87,3,1,1,1993,7.72,9.25,1,0,5.3,0.522,498652
4224,2021-03-18,289,1,1,2,2013,9.48,24.45,0,0,7.61,0.86,1049978
4225,2021-02-28,170,3,2,2,2001,6.13,5.69,1,1,7.34,0.625,783671
4226,2022-03-07,97,1,2,1,2012,8.15,13.51,0,1,2.6,0.481,451299
4227,2022-09-30,59,1,2,2,2003,7.35,18.78,0,0,8.92,0.898,332444
4228,2022-05-15,282,5,1,1,2008,3.53,10.06,2,0,3.09,0.966,993121
4229,2021-04-19,85,2,2,1,1992,2.39,10.49,0,1,2.72,0.235,368453
4230,2023-01-06,53,1,3,1,2006,7.76,2.05,2,1,5.69,0.183,431306
4231,2021-10-05,93,3,2,2,1980,3.1,5.16,0,1,9.86,0.865,493923
4232,2021-03-09,105,5,1,1,1986,3.2,22.07,0,0,3.82,0.243,400263
4233,2021-03-10,91,3,1,1,1983,6.8,20.55,1,1,9.68,0.848,456563
4234,2021-06-14,304,2,1,2,1989,8.1,7.96,2,0,4.92,0.301,1230969
4235,2022-05-04,277,4,1,1,2019,6.24,9.85,1,0,8.51,0.019,1132687
4236,2021-11-01,163,2,3,2,2014,8.96,11.29,2,1,5.77,0.422,777290
4237,2022-11-05,286,5,2,2,2018,2.9,8.98,2,1,2.85,0.04,1054966
4238,2021-12-31,223,2,2,2,1995,3.27,16.52,1,1,8.92,0.208,827254
4239,2023-05-04,304,2,1,2,2006,6.73,0.81,2,1,1.65,0.479,1184747
4240,2023-04-01,326,5,2,2,1999,8.46,22.06,2,0,7.14,0.038,1273190
4241,2022-01-14,118,5,3,2,1989,5.85,7.87,1,1,8.48,0.033,657108
4242,2021-12-09,279,3,1,2,2012,1.09,21.87,2,0,8.49,0.155,926817
4243,2023-06-18,116,1,2,2,1986,7.09,11.63,1,0,6.9,0.463,553530
4244,2022-07-08,85,4,2,2,2021,8.32,19.52,0,0,3.26,0.974,417264
4245,2021-12-20,208,4,2,2,2001,3.49,20.73,1,0,5.79,0.093,786397
4246,2022-02-20,198,4,2,2,2022,1.49,7.88,2,0,6.67,0.622,783908
4247,2021-04-19,76,2,1,2,1996,5.66,16.19,0,0,9.01,0.497,387634
4248,2022-07-17,121,5,1,2,1988,1.38,15.38,0,1,2.44,0.06,433002
4249,2023-02-01,297,5,3,2,2019,4.74,12.16,0,1,5.18,0.034,1122420
4250,2022-05-12,150,5,1,2,1989,1.16,12.0,1,1,4.0,0.222,591935
4251,2021-12-07,239,1,2,2,2015,3.02,7.98,1,0,4.85,0.685,850952
4252,2022-01-18,145,5,2,2,2010,4.5,8.1,0,1,2.65,0.962,644895
4253,2022-06-17,331,5,2,1,2010,2.01,13.93,2,0,2.96,0.556,1149648
4254,2021-10-27,327,2,3,1,1984,2.03,1.29,2,0,7.93,0.046,1197532
4255,2021-05-19,66,3,1,2,1997,8.44,23.37,0,1,5.31,0.258,344303
4256,2021-12-25,312,4,1,2,1985,1.37,16.42,2,1,5.63,0.942,1041685
4257,2023-04-16,156,2,1,1,2021,7.2,11.36,2,1,9.08,0.013,772426
4258,2022-05-14,117,2,2,1,2007,8.33,2.01,1,1,3.16,0.602,632686
4259,2022-01-20,177,2,2,2,2022,2.18,15.94,2,1,3.96,0.179,630058
4260,2022-08-27,342,4,2,2,2003,2.76,0.93,1,0,3.78,0.066,1264456
4261,2021-10-07,343,2,3,1,1984,6.77,17.16,0,0,6.93,0.254,1238160
4262,2022-09-29,145,3,3,2,2007,3.84,2.28,2,0,6.06,0.937,615520
4263,2022-04-28,50,5,2,1,1982,5.29,16.57,2,0,5.24,0.762,337007
4264,2021-04-21,347,3,3,2,1997,8.52,10.44,1,1,7.01,0.171,1404667
4265,2023-05-16,229,5,3,1,1983,2.24,16.73,1,1,5.36,0.066,865029
4266,2021-05-19,230,5,3,2,2019,6.58,3.89,0,0,8.34,0.493,1051351
4267,2022-03-11,284,2,1,2,2021,9.48,3.38,0,0,4.69,0.053,1172277
4268,2022-05-24,57,2,3,1,2011,1.52,6.56,2,1,9.02,0.404,343255
4269,2021-09-30,76,4,2,2,2011,1.54,10.58,1,1,2.08,0.8,316171
4270,2021-04-09,195,1,1,1,1998,5.99,6.7,1,0,1.85,0.501,720675
4271,2023-02-03,140,3,3,1,2008,9.64,2.51,2,1,6.9,0.897,782356
4272,2023-04-30,321,4,2,1,2012,2.98,8.46,1,1,4.51,0.791,1176488
4273,2021-04-14,54,4,3,2,1981,3.98,17.79,1,1,5.1,0.555,307962
4274,2021-08-02,131,3,2,1,1990,1.89,14.79,1,0,7.26,0.79,471423
4275,2023-01-31,268,3,2,2,2012,4.26,24.1,1,1,2.93,0.095,955653
4276,2022-10-26,167,5,3,1,2020,1.4,11.18,2,1,1.4,0.201,614053
4277,2023-02-01,130,1,3,1,2019,4.5,8.65,0,1,4.95,0.7,526822
4278,2023-02-26,119,2,1,1,1980,6.0,17.5,0,1,9.05,0.006,560115
4279,2021-06-14,164,1,3,1,2021,9.78,10.59,2,0,5.06,0.005,771624
4280,2023-05-03,312,1,2,2,1996,8.37,15.65,0,0,6.15,0.38,1146904
4281,2022-06-04,191,2,1,2,1995,8.4,23.68,1,1,2.88,0.867,741722
4282,2021-10-11,256,1,2,2,1981,3.05,12.73,2,1,5.18,0.981,913598
4283,2022-06-01,160,4,2,2,1983,1.79,12.71,0,0,5.33,0.65,611549
4284,2022-10-19,161,4,3,2,2011,6.43,19.49,1,0,3.12,0.95,647071
4285,2022-09-05,92,2,2,2,1986,5.69,19.02,0,1,2.47,0.848,368106
4286,2021-06-13,334,2,3,1,2008,5.65,13.15,2,1,4.15,0.201,1274119
4287,2023-06-05,177,3,2,2,1988,1.98,2.09,0,1,1.35,0.404,701245
4288,2022-10-21,234,3,1,2,2014,5.44,24.53,0,0,2.5,0.624,787804
4289,2021-03-05,278,1,3,2,1984,2.35,9.74,0,0,7.58,0.151,1055305
4290,2021-04-01,270,1,1,2,2000,4.8,8.26,2,0,6.84,0.313,1008237
4291,2021-04-27,166,2,3,2,1996,1.56,24.55,1,0,3.82,0.756,525499
4292,2023-05-16,119,1,1,2,2018,8.71,21.87,2,0,5.96,0.345,556299
4293,2021-09-24,119,5,3,1,1993,1.12,8.59,0,0,8.46,0.926,517781
4294,2023-04-02,159,4,1,1,2011,9.45,8.05,2,1,8.55,0.407,812933
4295,2022-11-16,181,1,1,2,1994,8.77,18.16,0,0,6.89,0.22,751644
4296,2022-07-13,105,1,3,1,2000,7.77,8.69,1,1,2.12,0.21,529524
4297,2021-05-20,138,3,3,2,1993,9.84,6.66,1,0,2.47,0.687,646239
4298,2021-09-03,186,5,2,1,2020,1.48,24.5,0,1,3.63,0.368,651317
4299,2022-10-23,180,1,2,2,1995,6.77,14.36,2,0,7.04,0.237,736031
4300,2023-01-28,267,4,3,1,1980,8.64,19.18,0,1,3.32,0.694,1018408
4301,2022-01-30,225,1,3,1,2019,2.14,17.97,2,1,5.18,0.421,805828
4302,2022-05-02,220,2,1,2,1997,6.26,19.01,2,1,8.43,0.846,853743
4303,2022-04-21,149,5,1,2,2013,4.55,22.63,0,0,9.03,0.549,614551
4304,2022-06-01,178,1,2,1,2005,4.92,12.77,1,0,8.55,0.972,686693
4305,2021-07-03,106,5,2,2,2015,9.21,18.96,1,0,2.05,0.374,543575
4306,2021-01-20,230,1,2,2,2000,5.85,20.02,2,0,9.2,0.282,873405
4307,2022-07-12,295,4,1,2,1980,1.84,23.69,0,1,7.16,0.645,967762
4308,2022-06-08,193,4,1,2,2006,9.43,17.97,0,0,6.57,0.708,832866
4309,2022-08-05,100,5,1,2,1990,2.67,22.37,0,0,3.23,0.017,381698
4310,2022-06-13,267,3,2,2,2017,9.03,2.83,1,1,9.35,0.669,1201670
4311,2023-06-02,153,3,3,1,1993,9.74,3.59,1,0,1.16,0.181,713936
4312,2021-05-27,104,2,2,2,2007,8.9,4.38,2,0,1.74,0.959,559776
4313,2022-10-28,306,3,1,2,2006,7.09,4.05,1,1,2.38,0.576,1168371
4314,2021-10-31,205,5,2,1,2001,7.69,2.64,1,0,7.25,0.127,954110
4315,2022-09-12,102,3,2,1,2000,7.3,3.5,0,1,6.61,0.053,604959
4316,2023-01-18,236,2,2,1,2003,5.14,24.9,0,1,9.5,0.88,832035
4317,2023-03-31,199,1,2,2,1998,3.47,7.17,1,1,4.14,0.851,723578
4318,2023-05-14,313,3,1,1,2003,3.57,12.21,2,1,4.13,0.434,1128650
4319,2022-08-05,299,5,2,1,2005,7.58,20.63,0,0,7.03,0.087,1153338
4320,2022-11-26,347,5,1,1,2004,6.63,3.4,2,0,2.57,0.39,1322415
4321,2023-02-01,260,2,2,1,2008,6.26,8.28,1,0,5.18,0.761,979822
4322,2021-08-16,74,2,1,1,1989,6.87,4.4,1,1,1.14,0.661,405037
4323,2021-04-12,343,4,3,1,1990,7.97,2.03,0,1,6.33,0.865,1353127
4324,2022-08-10,201,4,1,1,2003,7.74,24.04,0,1,8.06,0.751,819413
4325,2022-02-21,73,4,1,1,2003,1.95,21.53,0,1,2.83,0.33,303531
4326,2021-08-04,301,1,3,2,1991,4.27,22.04,0,0,3.76,0.341,1009666
4327,2022-02-11,109,5,3,2,1986,3.38,21.78,1,1,2.19,0.648,440994
4328,2022-02-03,115,4,3,1,2019,5.84,4.29,1,0,6.54,0.31,619104
4329,2022-12-16,102,5,3,2,1996,1.55,19.73,0,0,6.08,0.868,371075
4330,2022-12-05,155,2,3,2,2014,7.86,18.33,2,1,8.44,0.328,724718
4331,2023-01-31,145,1,3,2,1985,1.96,23.17,0,0,9.73,0.489,510806
4332,2022-05-14,225,2,2,1,1991,3.44,5.87,0,0,9.85,0.043,935818
4333,2023-01-24,88,5,2,1,1994,8.04,10.64,0,0,1.96,0.118,506077
4334,2022-04-10,217,4,3,2,2011,1.46,7.73,2,1,5.98,0.132,882327
4335,2022-11-22,91,2,1,1,2002,6.94,6.82,0,0,8.11,0.344,505713
4336,2023-01-01,153,3,1,2,1986,9.32,16.48,1,1,6.93,0.117,718108
4337,2021-03-23,253,1,3,1,2017,6.56,4.52,2,0,9.07,0.457,1024846
4338,2022-08-27,57,5,2,2,2010,7.41,11.89,1,0,4.98,0.269,418372
4339,2022-11-18,331,4,2,1,2008,8.13,16.34,2,0,4.84,0.272,1287985
4340,2023-01-21,92,2,1,1,2007,3.0,3.69,2,0,1.24,0.446,385489
4341,2023-02-11,159,1,3,2,1991,6.23,6.8,0,1,1.14,0.854,625839
4342,2021-12-31,259,4,2,2,2006,3.78,24.2,1,1,7.23,0.762,950128
4343,2021-06-12,286,2,3,2,1983,3.25,19.99,2,0,5.24,0.884,965222
4344,2021-02-17,98,5,3,2,2000,2.73,17.09,1,0,6.94,0.99,401572
4345,2022-05-26,164,3,1,1,1988,6.27,21.47,2,0,3.14,0.011,642370
4346,2021-11-25,204,3,3,1,2013,8.15,0.84,0,1,8.77,0.693,957363
4347,2023-04-20,186,5,3,2,2016,8.88,0.65,2,0,9.13,0.12,959211
4348,2021-04-26,216,1,1,2,2000,4.86,4.27,1,0,6.96,0.937,825380
4349,2023-04-29,248,5,2,1,2002,4.36,12.63,1,1,3.5,0.227,925166
4350,2021-12-03,120,2,3,1,2003,7.19,14.46,1,0,2.95,0.35,550526
4351,2023-05-31,56,1,1,1,1989,8.02,3.29,1,1,6.63,0.979,369662
4352,2023-01-07,249,3,2,1,2017,3.28,2.27,2,1,9.47,0.867,990962
4353,2023-05-14,116,2,3,2,1985,3.68,20.79,2,0,6.2,0.047,463235
4354,2023-04-20,187,4,2,2,2000,5.8,11.88,2,0,8.55,0.047,858102
4355,2021-05-27,291,4,1,1,2016,5.0,24.82,2,0,6.09,0.819,1011082
4356,2022-07-29,262,4,3,1,2008,7.35,6.12,0,0,7.07,0.07,1094762
4357,2023-03-17,230,3,1,2,2019,5.54,16.36,2,1,6.11,0.852,912718
4358,2021-11-19,303,5,1,2,2000,2.0,20.21,0,0,6.18,0.925,1050062
4359,2022-03-19,150,1,3,1,2001,2.49,21.88,2,1,7.65,0.024,584017
4360,2023-04-17,136,3,1,2,2014,9.12,8.0,2,0,4.57,0.22,694170
4361,2021-01-13,234,2,2,2,1984,3.05,5.24,2,1,9.14,0.023,929631
4362,2022-05-09,140,2,1,1,1994,1.45,6.04,0,0,8.77,0.073,586553
4363,2022-12-02,297,4,3,2,2020,7.58,16.84,2,1,7.53,0.534,1195505
4364,2021-10-14,263,1,3,1,1998,7.16,13.3,2,0,7.69,0.73,1012573
4365,2022-12-21,298,4,2,1,1995,6.4,15.18,2,1,4.72,0.479,1143836
4366,2021-04-24,175,2,3,1,2019,5.52,1.0,1,0,8.49,0.386,791084
4367,2022-04-25,53,2,1,2,2022,9.73,10.08,1,1,9.39,0.207,421582
4368,2021-01-22,137,5,1,2,2002,2.08,8.1,1,0,8.16,0.237,625768
4369,2021-12-15,200,5,3,2,1983,5.59,21.66,0,0,2.2,0.582,714745
4370,2022-12-27,225,5,2,1,2000,6.08,19.52,2,0,8.08,0.856,940613
4371,2022-11-14,260,4,2,2,2003,1.2,11.02,0,0,5.18,0.405,911043
4372,2023-04-15,308,1,3,2,2021,4.71,15.95,2,1,6.48,0.94,1108811
4373,2022-07-20,140,5,1,1,2005,8.05,1.67,0,1,9.92,0.052,797536
4374,2023-03-21,308,3,3,2,2021,5.24,16.11,1,0,4.23,0.829,1083966
4375,2021-11-16,240,5,3,2,1981,8.88,2.88,2,0,4.14,0.339,1077691
4376,2021-05-06,130,4,2,1,2019,6.8,17.99,1,1,3.37,0.869,559591
4377,2021-10-04,187,1,1,2,1987,7.89,14.56,1,0,2.14,0.919,688828
4378,2021-07-23,175,5,2,2,1988,8.24,7.86,2,1,2.51,0.7,827835
4379,2021-07-13,279,1,2,2,1981,7.21,9.59,0,1,5.63,0.355,1052328
4380,2022-11-12,69,3,1,2,1993,7.74,2.71,1,0,9.19,0.457,495454
4381,2022-10-26,98,2,1,2,1999,7.26,8.41,1,0,8.29,0.552,485076
4382,2022-07-01,184,1,1,2,1981,5.95,24.19,2,1,2.64,0.462,651915
4383,2022-11-27,78,5,3,1,1983,6.1,12.41,2,1,6.06,0.791,474844
4384,2021-10-13,97,4,1,1,2014,2.71,12.12,0,1,8.62,0.772,472853
4385,2021-02-26,318,4,3,1,1993,8.45,15.92,1,1,5.86,0.013,1262923
4386,2023-01-04,52,4,2,2,2000,3.81,12.37,1,1,9.2,0.152,358081
4387,2021-10-30,307,4,1,1,1994,5.82,9.21,0,0,9.17,0.364,1187921
4388,2021-06-12,65,1,3,1,2018,3.25,3.92,2,1,4.13,0.672,376316
4389,2021-01-19,143,4,3,1,1999,7.26,15.94,2,0,8.87,0.23,694212
4390,2022-01-05,183,2,3,2,1985,9.78,18.85,2,1,6.27,0.323,828965
4391,2021-09-21,182,3,3,1,2007,8.22,23.12,0,1,5.32,0.462,747732
4392,2023-03-05,81,1,2,2,2022,6.57,0.57,2,0,7.97,0.59,487846
4393,2021-04-23,318,1,1,1,1981,6.11,2.13,2,0,8.11,0.902,1209283
4394,2022-05-03,74,4,1,1,2007,5.41,22.54,0,1,7.08,0.805,369782
4395,2021-11-23,108,4,1,1,2013,2.84,15.96,1,1,8.3,0.359,504016
4396,2022-06-26,262,1,1,1,1993,4.13,23.97,1,1,9.56,0.768,875712
4397,2022-10-09,205,4,1,2,1988,4.66,11.06,0,0,8.86,0.833,827944
4398,2022-08-02,325,4,1,1,2002,9.5,10.71,2,0,1.67,0.522,1283697
4399,2021-03-06,259,4,3,1,2014,4.83,8.93,2,1,8.65,0.296,1077559
4400,2021-10-19,106,4,1,1,2001,6.28,4.0,1,1,8.03,0.943,595032
4401,2021-01-25,234,4,3,2,1984,9.3,9.78,2,1,9.34,0.962,1030501
4402,2022-07-03,103,5,2,1,2020,5.67,0.86,1,0,7.66,0.225,615800
4403,2021-01-01,258,5,3,1,2008,3.26,12.98,1,0,8.9,0.785,1018572
4404,2022-07-03,342,5,2,2,2014,4.43,21.26,2,1,1.09,0.042,1199227
4405,2021-05-21,301,1,1,2,2013,4.38,8.37,1,1,9.8,0.002,1118307
4406,2023-01-14,161,3,2,1,1983,7.43,2.82,1,1,2.72,0.352,771936
4407,2022-10-10,55,1,2,1,1988,3.67,24.36,0,0,8.78,0.463,218644
4408,2021-07-07,240,5,3,1,1993,7.57,3.66,2,0,9.37,0.546,1079024
4409,2021-05-08,328,1,3,1,1984,9.0,13.45,0,1,1.02,0.378,1181802
4410,2021-07-20,62,3,2,2,2006,4.02,20.33,2,0,9.22,0.129,329699
4411,2021-05-07,93,4,2,1,1990,2.22,6.68,2,1,8.46,0.345,468969
4412,2021-09-14,154,2,1,1,2009,6.75,21.12,2,0,9.3,0.822,594965
4413,2022-11-07,209,5,3,1,2016,4.25,14.15,2,0,2.59,0.336,808217
4414,2022-07-01,203,5,2,2,2018,5.81,8.63,1,0,8.0,0.592,901673
4415,2021-07-13,291,3,3,2,2013,6.71,21.71,0,0,5.39,0.681,1065963
4416,2022-12-04,230,4,1,1,2003,4.67,15.74,0,0,3.32,0.732,790558
4417,2021-04-14,63,4,1,2,1995,9.32,15.58,1,1,7.81,0.488,460669
4418,2022-06-19,229,2,2,1,2009,4.6,12.85,0,0,5.26,0.126,871384
4419,2021-09-22,341,4,1,1,2003,3.77,7.23,0,1,9.1,0.901,1262389
4420,2023-03-13,313,3,2,2,1982,8.97,7.97,2,1,7.4,0.26,1293645
4421,2022-01-19,217,4,3,2,2008,2.23,2.66,2,1,2.25,0.339,840530
4422,2021-09-17,263,3,3,2,2021,2.12,6.47,2,0,3.26,0.774,955396
4423,2022-02-18,199,5,2,1,1991,9.42,7.31,2,0,3.38,0.764,915211
4424,2021-12-24,65,5,2,2,2006,2.88,1.94,1,0,4.1,0.896,369570
4425,2021-03-16,140,5,2,1,2008,2.34,3.2,1,0,7.0,0.034,682347
4426,2021-12-21,169,1,3,2,1981,5.82,7.12,1,1,9.05,0.875,734940
4427,2022-08-07,302,5,3,1,2008,1.42,17.09,0,0,6.34,0.792,1019661
4428,2023-02-10,109,3,1,1,2019,6.58,5.01,2,0,7.77,0.525,610765
4429,2021-07-07,315,2,1,1,1988,5.08,13.29,0,1,3.85,0.159,1087649
4430,2022-11-16,80,4,3,2,2007,6.76,12.94,2,0,5.7,0.545,460026
4431,2021-10-17,70,5,3,2,2016,3.56,20.93,2,1,5.54,0.194,353230
4432,2021-02-14,268,1,2,2,2002,9.15,15.42,0,1,7.31,0.965,1039650
4433,2022-07-27,130,1,3,1,1992,3.44,22.97,0,1,5.66,0.709,452805
4434,2021-03-24,338,3,3,2,1984,6.74,15.89,0,1,4.01,0.596,1223074
4435,2021-05-03,80,2,1,2,2011,9.51,1.13,1,1,3.2,0.813,520178
4436,2021-12-24,283,5,1,2,2007,4.61,9.85,0,0,3.29,0.532,1041185
4437,2022-06-12,85,5,2,2,1994,2.45,17.63,1,0,9.83,0.06,450298
4438,2021-03-07,181,1,1,1,2003,1.62,12.14,0,0,4.22,0.259,582138
4439,2022-10-19,181,3,2,2,2011,9.67,10.78,1,1,8.26,0.982,821165
4440,2022-01-10,58,1,3,1,2000,7.87,16.95,0,0,1.64,0.851,267840
4441,2021-06-11,79,1,3,1,1984,9.27,7.5,1,0,1.81,0.927,449289
4442,2023-01-16,164,2,2,1,2016,7.29,22.77,0,1,7.18,0.098,718399
4443,2022-01-15,53,3,1,1,2015,4.08,10.62,2,0,5.11,0.248,301092
4444,2022-10-18,286,2,1,1,2007,2.11,15.96,0,0,8.92,0.063,951087
4445,2021-12-24,72,3,3,2,2011,9.36,24.57,0,0,8.76,0.822,431201
4446,2021-07-07,65,5,1,2,2002,5.41,19.74,2,0,7.8,0.174,397034
4447,2021-11-18,71,4,2,1,1995,4.57,13.52,2,1,8.34,0.41,400978
4448,2022-03-26,121,4,3,2,1989,6.2,21.55,1,1,8.83,0.27,599432
4449,2022-04-19,279,3,1,1,2008,1.96,14.23,2,1,8.05,0.93,997315
4450,2021-01-13,156,4,3,1,2006,3.78,11.32,1,1,5.74,0.608,620554
4451,2021-07-03,257,1,3,1,2014,6.74,21.9,0,0,3.38,0.8,919442
4452,2021-04-21,257,5,1,1,2021,1.9,1.17,2,0,8.09,0.602,1029855
4453,2022-05-23,312,5,2,2,2003,2.22,10.48,1,1,3.86,0.613,1113455
4454,2021-10-17,100,4,1,1,2002,5.6,8.9,0,1,3.2,0.383,497882
4455,2021-10-22,114,3,1,2,1982,6.61,18.0,1,1,2.55,0.239,536918
4456,2022-03-27,314,1,1,2,2015,2.68,0.81,0,1,6.64,0.348,1126041
4457,2021-08-03,224,3,1,2,1993,1.3,16.69,1,1,3.18,0.295,776384
4458,2022-09-24,201,4,1,2,1983,9.63,8.99,0,0,4.37,0.691,879443
4459,2023-06-13,315,5,1,1,2021,1.25,2.9,0,0,7.38,0.423,1132204
4460,2022-07-21,212,5,2,2,2011,1.02,24.52,1,1,8.14,0.55,710047
4461,2021-01-27,287,3,3,1,1999,3.91,5.7,0,1,3.83,0.771,1079167
4462,2022-09-22,248,2,2,2,1996,3.0,9.05,1,0,8.59,0.267,910854
4463,2023-01-03,65,3,1,1,2008,6.16,5.57,0,1,1.52,0.424,388428
4464,2021-08-19,345,2,2,1,2018,9.05,16.72,2,0,9.87,0.519,1295779
4465,2022-07-19,325,3,3,2,2011,5.33,19.67,2,1,4.75,0.054,1200820
4466,2023-03-18,288,2,2,2,1983,7.96,21.59,1,0,3.92,0.152,1057641
4467,2021-11-17,118,2,1,2,2003,9.18,8.12,2,0,9.31,0.064,693368
4468,2021-08-21,55,2,3,1,2021,2.7,13.35,2,0,2.19,0.752,239393
4469,2022-11-01,269,2,1,2,1981,5.39,16.75,0,1,4.22,0.3,977083
4470,2022-03-13,303,1,1,2,1993,6.78,15.92,2,1,4.23,0.423,1093133
4471,2023-02-20,344,2,3,2,2019,3.99,18.04,1,0,4.82,0.672,1177327
4472,2022-06-17,156,2,3,1,2021,7.66,19.36,1,0,8.64,0.966,689767
4473,2022-02-07,344,5,1,2,2017,7.35,2.89,0,0,8.64,0.811,1365996
4474,2021-02-22,167,1,2,2,2013,4.79,4.62,2,1,6.32,0.058,710280
4475,2023-02-26,217,2,3,1,2022,1.79,18.49,0,0,9.93,0.306,803687
4476,2021-11-09,300,4,2,2,1981,1.1,12.18,2,0,8.6,0.049,1130257
4477,2021-10-08,131,1,2,1,2015,4.32,10.96,2,1,7.13,0.062,609546
4478,2022-12-27,103,5,3,1,1985,1.74,11.66,2,0,2.8,0.127,479025
4479,2021-01-31,289,3,2,1,2015,8.03,9.61,0,1,5.95,0.321,1153404
4480,2021-12-03,61,5,3,1,2001,4.01,14.98,0,0,2.93,0.231,309003
4481,2021-07-02,258,5,3,1,1984,6.99,8.42,2,1,3.71,0.352,1057881
4482,2021-01-23,214,1,3,1,2017,4.12,16.1,1,0,7.17,0.822,751205
4483,2022-06-28,343,1,3,1,2020,8.16,5.46,2,1,2.66,0.798,1302649
4484,2022-03-22,56,4,2,1,2001,9.0,19.06,1,1,1.82,0.351,405666
4485,2021-03-15,127,4,2,1,1990,8.54,19.65,2,1,5.78,0.66,583489
4486,2021-01-10,114,1,3,1,2022,5.36,14.67,2,1,1.01,0.373,472155
4487,2022-04-29,151,1,3,1,2010,1.76,9.55,1,0,6.48,0.386,566127
4488,2022-04-01,349,1,3,1,2021,4.35,0.85,1,1,9.11,0.676,1301987
4489,2022-07-20,336,3,3,1,2008,4.82,3.48,0,0,2.71,0.384,1239161
4490,2022-07-18,220,5,1,1,2012,9.64,2.45,1,1,4.44,0.549,1035344
4491,2022-10-22,126,4,2,2,2001,6.09,0.75,2,0,9.25,0.115,704446
4492,2021-06-09,97,4,2,1,2006,6.77,18.19,0,1,7.33,0.539,507804
4493,2023-06-01,304,2,3,2,1987,8.04,23.92,2,0,2.22,0.742,1107679
4494,2021-01-14,131,3,1,2,1985,6.11,0.77,0,0,4.44,0.888,606723
4495,2021-06-27,258,1,1,2,2004,6.39,3.26,2,0,7.8,0.147,1037054
4496,2022-02-16,258,1,1,2,2013,3.21,21.59,1,0,6.98,0.411,865237
4497,2023-05-28,133,3,3,2,1988,1.53,17.37,2,1,2.4,0.486,459044
4498,2021-02-22,59,4,1,2,2015,7.49,10.42,2,0,1.56,0.905,353484
4499,2022-02-12,78,1,3,1,2010,8.64,24.82,0,1,7.13,0.257,417629
4500,2023-04-27,165,2,1,2,1998,4.71,14.55,1,0,6.48,0.166,677472
4501,2021-01-22,318,4,3,1,1980,5.94,16.91,1,1,1.53,0.141,1169495
4502,2021-01-30,96,5,3,1,2003,3.77,16.5,2,1,9.77,0.155,514344
4503,2022-12-04,140,3,2,2,2013,5.05,5.96,2,1,3.27,0.87,580516
4504,2021-09-17,102,4,3,1,1996,2.88,12.46,0,0,4.47,0.62,446099
4505,2021-07-24,267,5,1,1,2013,7.84,5.8,0,1,2.6,0.421,1058374
4506,2021-02-28,126,2,2,2,2014,5.43,12.98,1,0,8.46,0.867,540402
4507,2022-04-16,253,3,1,1,2015,5.92,1.25,1,1,9.66,0.298,1059565
4508,2023-02-15,93,1,3,2,1992,1.33,9.86,0,0,2.92,0.928,332873
4509,2022-04-11,205,1,2,2,2004,6.6,9.62,0,0,3.55,0.759,790248
4510,2021-01-12,51,5,3,2,1991,2.82,7.64,2,0,7.36,0.021,387954
4511,2022-09-23,106,4,3,2,2000,4.45,2.44,2,0,5.75,0.463,580141
4512,2021-10-17,339,2,1,2,2016,4.71,19.39,0,1,1.95,0.842,1107130
4513,2023-04-30,107,5,1,1,2017,5.04,10.8,0,1,9.36,0.396,539246
4514,2023-01-30,303,2,1,2,1980,3.05,20.44,0,0,6.5,0.987,955743
4515,2021-12-20,229,2,2,2,1985,8.65,20.98,2,0,3.71,0.847,872961
4516,2022-10-01,206,2,1,1,1990,4.85,5.73,1,0,5.41,0.753,780470
4517,2021-03-16,84,3,3,2,1995,6.51,10.82,0,0,5.5,0.136,478984
4518,2023-05-23,124,5,2,2,2001,6.53,18.16,2,0,5.73,0.108,622057
4519,2022-12-17,338,3,1,2,1990,6.46,12.74,1,1,5.48,0.641,1266383
4520,2022-07-15,124,4,1,2,2016,6.03,21.45,0,1,6.06,0.661,524667
4521,2022-08-14,127,4,1,2,2005,8.4,14.5,1,1,4.54,0.148,630399
4522,2022-03-17,304,1,3,2,2005,8.31,15.92,2,1,2.32,0.854,1124935
4523,2021-08-29,314,1,1,2,2021,4.75,19.78,2,1,6.98,0.874,1126257
4524,2023-05-11,116,1,3,1,2000,6.72,3.49,0,1,8.13,0.417,595992
4525,2021-06-03,270,4,2,2,2005,1.93,14.81,1,0,8.57,0.608,974944
4526,2023-02-25,213,2,1,1,1994,1.82,2.59,1,0,1.2,0.511,741790
4527,2021-04-06,269,2,3,2,2018,5.32,6.88,1,1,4.64,0.036,1043457
4528,2022-12-27,221,5,1,2,2014,9.1,5.71,1,0,9.81,0.09,1032743
4529,2021-10-21,303,4,1,2,1990,6.85,14.39,2,1,1.56,0.78,1118048
4530,2021-07-28,259,1,2,1,1988,7.02,21.18,1,0,8.07,0.488,939714
4531,2021-12-09,237,4,2,1,2021,2.42,3.75,0,0,2.14,0.611,899841
4532,2021-03-29,240,2,3,1,2002,5.08,19.33,2,0,8.42,0.613,920734
4533,2023-03-29,264,2,3,2,1983,4.61,4.01,0,1,7.05,0.38,1065039
4534,2023-02-15,135,3,3,2,2009,8.05,5.15,1,0,7.53,0.029,719633
4535,2022-01-25,155,3,2,1,2007,2.24,22.97,1,0,9.8,0.787,553408
4536,2021-11-21,345,5,3,1,2004,5.85,0.74,2,1,9.46,0.468,1418441
4537,2023-06-08,68,4,2,2,2001,9.2,5.33,1,0,3.74,0.139,481122
4538,2023-04-12,96,3,2,2,2004,9.03,5.78,0,1,4.38,0.021,604476
4539,2021-06-06,114,3,1,2,2005,8.67,7.41,2,0,4.66,0.018,643304
4540,2022-10-30,195,4,1,1,2008,4.37,9.4,1,1,2.63,0.033,789743
4541,2022-10-13,335,2,3,1,2020,9.47,3.03,0,1,4.43,0.155,1391881
4542,2022-09-25,115,5,2,2,2011,8.25,11.98,1,0,9.81,0.231,707077
4543,2022-07-31,54,5,2,2,2005,8.66,10.28,1,1,5.41,0.247,489346
4544,2022-09-11,142,5,2,2,2007,9.39,15.81,1,0,9.57,0.632,721616
4545,2022-10-21,143,3,1,1,1999,9.43,21.75,1,1,1.64,0.242,571151
4546,2021-05-17,155,2,2,2,1981,3.16,7.79,0,0,1.35,0.674,574296
4547,2022-11-05,182,5,3,1,2002,2.15,13.89,2,0,6.18,0.823,714187
4548,2022-03-04,128,4,3,1,2018,7.22,9.6,0,1,7.63,0.385,669448
4549,2022-03-28,261,5,1,1,1984,6.07,1.49,0,0,2.96,0.718,1029432
4550,2022-09-04,57,1,3,2,2000,3.95,20.62,2,1,5.53,0.104,309923
4551,2023-04-30,208,2,2,2,2001,7.16,16.04,2,0,8.86,0.328,834291
4552,2023-03-30,317,1,2,1,1990,1.56,0.55,1,1,7.86,0.683,1175909
4553,2021-05-21,198,2,3,1,2009,1.42,6.61,1,1,3.09,0.932,740154
4554,2021-03-24,140,4,1,2,2007,4.19,8.07,0,0,4.01,0.616,577903
4555,2021-06-26,285,3,2,1,2015,2.74,20.38,1,1,3.75,0.364,978774
4556,2021-07-17,338,3,2,2,1996,7.47,19.14,2,1,7.48,0.314,1263345
4557,2022-09-16,217,2,1,2,2000,9.53,10.21,2,0,9.71,0.392,983749
4558,2022-07-22,242,5,2,2,2016,6.95,4.35,1,1,3.52,0.653,1041635
4559,2022-11-22,236,1,3,2,2015,6.89,9.96,0,0,6.29,0.327,953016
4560,2022-02-25,320,4,3,1,2004,1.06,20.35,1,0,9.9,0.47,1092959
4561,2022-02-05,163,5,1,2,2003,5.61,11.58,2,0,2.42,0.759,638131
4562,2022-11-29,60,3,1,1,2009,8.35,3.34,2,0,6.93,0.238,463343
4563,2022-04-16,104,5,3,1,2021,6.89,1.44,0,1,3.99,0.717,595213
4564,2021-08-06,307,1,1,1,2014,3.05,8.67,2,1,9.93,0.761,1134284
4565,2023-04-08,114,3,3,2,2000,8.64,4.13,0,1,1.98,0.864,588399
4566,2022-12-30,221,2,1,2,1985,9.68,18.75,0,1,5.06,0.024,926882
4567,2022-09-24,321,4,3,1,2000,3.51,7.33,1,1,3.29,0.114,1224383
4568,2021-06-24,199,4,2,2,1987,2.86,22.0,1,0,1.29,0.955,658881
4569,2021-01-23,195,3,2,2,1984,4.05,15.63,0,1,9.67,0.126,807220
4570,2022-12-26,258,2,3,2,2019,1.57,10.14,1,0,6.11,0.488,907448
4571,2021-08-23,335,1,2,2,1989,8.86,15.45,2,0,7.31,0.167,1263227
4572,2021-01-13,59,4,3,2,2010,9.36,7.73,0,1,6.58,0.812,460711
4573,2021-04-11,276,3,1,1,2009,6.7,3.96,0,0,2.34,0.097,1054925
4574,2022-06-20,235,4,2,2,2000,7.88,24.12,1,1,2.54,0.086,936632
4575,2023-05-26,111,2,2,2,2015,7.02,14.3,0,0,6.64,0.505,534912
4576,2022-06-07,134,1,2,1,2006,4.4,0.68,0,1,8.02,0.238,586451
4577,2023-02-24,183,2,3,2,2017,6.69,8.1,0,1,6.5,0.662,792496
4578,2022-03-28,346,5,2,1,2014,8.53,4.41,1,1,6.13,0.685,1366804
4579,2022-03-07,220,2,1,1,2011,8.29,6.83,0,1,7.71,0.586,913921
4580,2023-03-04,262,2,2,2,2005,1.73,1.87,0,0,3.19,0.835,929600
4581,2022-08-29,67,4,1,1,1983,5.16,6.5,0,0,7.58,0.697,362954
4582,2022-12-14,109,2,2,1,2006,4.58,17.23,1,0,4.7,0.188,423745
4583,2022-06-17,137,3,2,2,2015,7.77,20.6,0,1,7.07,0.078,611828
4584,2023-05-02,76,4,1,1,2016,5.51,9.01,0,0,3.47,0.748,349960
4585,2022-12-24,117,4,2,2,2006,4.15,13.3,1,0,2.24,0.74,445055
4586,2022-10-14,327,5,1,1,1985,7.36,1.52,0,0,1.26,0.85,1249217
4587,2021-10-20,89,3,1,2,1997,5.26,2.72,0,1,8.23,0.202,477694
4588,2023-03-21,158,2,1,1,2005,3.31,14.02,0,0,2.77,0.223,554729
4589,2021-04-11,123,5,2,2,2003,9.01,21.09,0,0,4.27,0.577,582881
4590,2022-05-17,115,3,2,2,1986,2.02,2.66,0,1,7.92,0.156,556178
4591,2021-10-31,217,5,1,1,1993,1.16,10.75,2,0,5.05,0.296,819046
4592,2023-05-21,311,1,2,1,1992,2.3,24.28,0,1,2.96,0.812,937435
4593,2022-06-24,323,2,3,2,2005,2.47,18.6,2,0,2.75,0.334,1056914
4594,2022-07-07,286,5,1,1,2022,5.84,5.34,2,0,4.67,0.011,1122298
4595,2021-12-21,264,1,1,1,2022,6.62,7.49,2,0,6.09,0.651,1027337
4596,2021-10-30,335,2,3,1,1981,5.04,23.72,2,1,4.53,0.181,1188641
4597,2022-05-11,198,5,3,2,2002,2.84,5.91,2,1,9.14,0.196,867206
4598,2022-10-20,156,5,1,2,2007,2.19,11.3,1,0,1.03,0.017,566248
4599,2023-02-07,190,5,3,2,1980,5.43,9.21,1,1,4.62,0.578,823115
4600,2021-08-15,125,5,1,1,2011,6.09,12.51,1,1,7.69,0.562,640356
4601,2021-08-24,58,4,2,1,1991,3.74,6.3,2,1,9.02,0.096,444314
4602,2023-05-23,245,5,3,1,2014,2.98,16.87,0,1,4.23,0.05,888855
4603,2023-06-11,344,4,1,2,2005,1.73,6.25,0,1,7.06,0.491,1253471
4604,2022-03-31,329,4,1,2,2010,1.24,15.25,0,0,6.22,0.781,1068363
4605,2021-01-13,167,1,1,2,1991,1.95,9.27,0,0,2.81,0.954,533134
4606,2021-07-29,339,2,3,2,2008,7.68,6.66,1,1,7.13,0.075,1341869
4607,2023-01-11,110,4,2,1,1984,4.1,17.53,2,1,3.25,0.708,464606
4608,2022-02-01,100,3,2,1,2014,1.25,24.15,1,1,8.06,0.191,358100
4609,2021-04-10,101,4,3,1,1986,5.57,21.8,0,1,8.79,0.034,513407
4610,2021-01-31,171,3,1,2,1995,5.82,2.63,2,0,5.31,0.335,736221
4611,2023-06-17,216,1,1,1,2011,4.86,11.63,0,0,1.49,0.574,751139
4612,2022-06-12,57,3,1,1,1996,2.0,17.52,1,0,7.64,0.601,218174
4613,2022-10-11,94,1,3,2,2000,7.79,14.28,1,1,5.2,0.049,493085
4614,2021-11-25,294,1,3,2,2006,7.2,18.3,1,0,1.85,0.928,1031903
4615,2021-06-15,333,1,1,1,2019,4.55,24.39,0,1,3.98,0.055,1102266
4616,2022-04-04,156,3,1,2,1994,4.43,8.89,2,0,3.62,0.217,657147
4617,2023-04-02,76,3,1,1,2002,2.4,19.39,2,1,7.54,0.433,284612
4618,2021-04-10,242,1,3,1,1987,7.78,2.8,1,0,4.82,0.946,984032
4619,2022-09-13,111,1,3,2,2004,6.4,21.81,2,1,6.28,0.991,453425
4620,2023-05-05,111,2,2,2,1990,1.77,19.57,0,0,5.51,0.0,408158
4621,2021-06-22,331,1,1,1,2000,4.4,13.26,2,0,7.52,0.225,1183192
4622,2023-01-19,170,5,1,2,1989,9.13,20.62,0,1,7.46,0.501,791357
4623,2021-06-11,329,2,2,2,1988,5.07,16.83,1,0,5.04,0.694,1144992
4624,2022-12-29,88,2,1,1,1980,3.92,14.03,1,1,2.22,0.657,370234
4625,2023-02-15,326,2,2,1,2001,6.79,23.68,1,0,4.67,0.252,1157682
4626,2021-09-20,143,5,3,1,1985,2.83,3.69,2,0,2.44,0.198,610924
4627,2023-03-15,164,2,2,2,2009,5.71,24.83,0,1,9.63,0.014,650691
4628,2021-10-01,225,2,2,2,2013,7.03,4.28,1,1,9.55,0.843,953697
4629,2021-01-03,170,3,3,2,1992,8.69,12.26,0,1,5.11,0.379,782622
4630,2021-01-28,62,3,1,1,2001,7.23,6.17,1,1,1.25,0.864,383835
4631,2021-11-22,212,1,2,2,1985,4.46,7.16,0,1,4.37,0.324,821385
4632,2021-05-29,324,1,2,1,2020,7.91,15.98,1,1,9.06,0.756,1238692
4633,2022-06-24,225,4,1,2,2003,9.09,1.35,0,0,3.59,0.07,981631
4634,2022-05-03,222,5,2,1,2000,5.3,23.55,0,1,6.6,0.811,854256
4635,2023-04-02,324,3,3,2,2018,1.04,7.35,0,0,2.66,0.891,1092229
4636,2022-03-14,113,1,2,1,2002,8.93,7.18,2,0,8.43,0.265,640462
4637,2021-03-06,150,5,1,1,1984,2.49,21.66,1,0,9.03,0.142,562540
4638,2021-12-22,115,2,1,1,1986,2.14,19.24,0,1,6.54,0.196,428669
4639,2022-06-17,94,5,2,1,1982,3.77,16.96,2,0,6.61,0.868,418953
4640,2021-09-09,136,3,1,2,1992,4.42,4.09,2,1,4.41,0.286,591093
4641,2021-08-23,116,4,1,2,1991,8.19,19.36,2,1,7.36,0.231,608130
4642,2021-08-15,308,3,2,2,1985,4.5,9.34,0,0,5.31,0.979,1097949
4643,2022-06-09,254,1,2,2,2013,1.44,24.85,0,0,7.71,0.67,809547
4644,2021-11-09,227,1,1,2,1994,6.72,16.95,2,1,9.72,0.832,865685
4645,2021-02-18,329,5,2,1,1997,7.04,20.98,1,0,8.4,0.747,1282052
4646,2021-04-28,66,3,3,2,1982,8.33,18.48,0,1,5.66,0.374,411999
4647,2021-02-23,345,1,2,2,2001,4.59,15.06,0,0,9.81,0.863,1203885
4648,2022-10-12,251,2,1,1,2014,1.77,18.05,1,0,6.46,0.588,852769
4649,2022-07-19,221,2,3,2,2007,5.98,15.14,0,1,1.58,0.657,815325
4650,2021-02-13,311,4,1,2,2020,2.09,1.75,1,0,7.57,0.326,1226654
4651,2023-03-26,243,5,1,2,2021,1.15,8.97,1,1,8.38,0.981,922231
4652,2021-02-22,198,1,3,1,1991,8.01,8.25,0,0,2.21,0.855,779771
4653,2022-08-09,84,4,2,1,1980,4.63,17.99,2,0,7.11,0.148,431005
4654,2022-07-12,78,2,1,2,2015,5.73,14.62,0,0,9.29,0.204,409875
4655,2022-06-09,312,4,2,1,2009,6.97,15.46,2,1,3.26,0.749,1150774
4656,2022-11-08,270,4,2,2,2002,4.61,21.25,0,0,6.27,0.026,1015010
4657,2021-04-12,102,1,3,1,2016,1.46,13.37,2,0,3.47,0.335,364988
4658,2023-03-03,328,1,1,1,2007,3.27,5.85,1,0,7.97,0.533,1166213
4659,2023-02-09,125,1,3,2,1984,2.75,0.8,2,0,6.23,0.205,570242
4660,2023-04-29,225,5,3,1,2015,9.8,4.41,2,0,4.85,0.873,1011366
4661,2023-05-18,59,4,1,2,1989,7.66,1.25,0,0,1.26,0.889,387756
4662,2022-02-02,166,4,1,1,1984,5.06,6.31,1,1,9.5,0.957,730012
4663,2021-05-18,329,5,3,2,1993,1.57,16.06,2,1,5.48,0.146,1176848
4664,2022-11-06,267,2,3,1,2003,2.04,4.21,2,0,8.24,0.079,1023907
4665,2022-01-22,224,3,3,2,2007,8.32,2.51,0,1,4.53,0.556,967480
4666,2021-04-21,283,2,1,2,2000,9.51,24.29,1,0,8.64,0.792,1039135
4667,2022-09-06,301,5,1,2,2019,1.28,24.92,2,0,2.44,0.291,980996
4668,2021-01-17,344,4,3,2,1991,9.19,16.11,0,1,3.08,0.241,1284338
4669,2023-02-19,55,4,1,1,1999,4.43,3.16,1,0,4.0,0.518,299010
4670,2021-07-01,70,1,1,2,2011,2.92,20.63,2,1,1.8,0.482,232064
4671,2023-06-03,122,1,1,1,2017,1.92,13.71,2,0,4.99,0.48,425322
4672,2022-06-20,85,4,2,1,2019,7.95,4.96,2,1,5.37,0.405,555516
4673,2022-06-25,282,4,2,2,2021,5.22,14.6,2,1,2.03,0.727,1048277
4674,2021-06-20,265,1,3,2,2000,8.49,1.46,2,0,4.84,0.615,1056914
4675,2022-02-13,255,1,2,2,1996,3.04,24.33,1,1,2.78,0.488,807356
4676,2023-01-10,93,2,3,2,1980,7.11,20.74,2,0,8.88,0.721,460226
4677,2022-01-13,140,4,3,1,2007,2.06,6.89,2,0,5.58,0.262,612735
4678,2021-07-07,142,4,1,2,1981,1.81,10.76,2,1,9.57,0.892,591814
4679,2023-05-08,132,5,3,2,1996,2.2,10.18,2,0,4.07,0.384,555669
4680,2021-08-18,331,2,3,2,2018,8.28,21.61,0,0,4.07,0.328,1207143
4681,2023-04-13,70,3,3,2,1993,6.9,9.19,1,0,4.05,0.542,414322
4682,2023-05-02,277,3,3,1,1993,2.49,1.68,1,0,3.41,0.27,1018436
4683,2021-04-29,179,3,1,1,1997,4.46,5.76,1,1,8.06,0.269,773058
4684,2021-06-05,224,1,1,1,2019,7.87,5.78,2,0,3.54,0.078,874155
4685,2023-02-23,157,3,3,2,2013,3.57,23.76,1,0,3.59,0.652,555135
4686,2022-11-18,332,5,2,1,2022,9.29,23.14,2,1,1.42,0.913,1264007
4687,2022-04-10,120,1,2,2,1980,9.23,7.86,2,1,9.69,0.685,649171
4688,2021-04-14,99,1,3,1,2021,5.98,0.57,0,1,8.98,0.568,595890
4689,2022-08-27,144,3,1,2,1997,6.69,13.17,2,1,3.63,0.712,630000
4690,2022-11-29,328,1,3,1,2013,6.88,20.03,1,0,5.69,0.966,1187788
4691,2023-03-06,181,2,3,2,2002,3.33,7.08,2,0,5.34,0.336,734735
4692,2022-05-17,325,2,1,2,1995,4.29,11.26,1,0,1.79,0.431,1129401
4693,2022-11-24,62,3,2,1,1998,2.22,4.73,2,0,5.78,0.286,347594
4694,2022-11-13,52,5,3,2,2016,9.32,8.52,0,0,2.02,0.017,407344
4695,2022-11-30,273,1,1,1,1985,7.51,19.09,2,1,4.91,0.347,974353
4696,2021-06-24,224,4,1,1,2003,1.42,10.99,1,1,1.79,0.072,790653
4697,2023-01-04,139,3,3,1,1996,5.94,11.46,0,0,6.3,0.858,597625
4698,2023-01-15,290,1,1,2,1995,4.09,19.84,2,0,1.44,0.716,926508
4699,2022-11-05,84,3,3,1,2018,8.34,19.19,0,1,6.66,0.304,455145
4700,2022-02-25,63,3,2,2,2020,4.09,5.09,2,1,7.36,0.328,430241
4701,2021-05-14,244,5,3,2,1985,6.8,10.67,0,0,6.14,0.57,986286
4702,2022-01-26,262,4,2,1,1995,2.49,21.3,2,0,5.23,0.798,874932
4703,2023-01-06,52,1,1,1,1988,6.03,11.69,1,0,1.55,0.719,249507
4704,2022-05-16,228,3,3,2,2008,3.64,16.71,2,0,1.1,0.029,846258
4705,2022-10-27,89,3,1,2,1983,2.48,8.0,1,0,4.08,0.785,381686
4706,2021-02-02,213,1,3,1,2005,6.57,1.96,2,1,7.94,0.881,905427
4707,2021-02-24,284,3,1,2,2017,6.75,4.54,2,1,6.83,0.09,1159722
4708,2022-06-03,306,3,2,2,2005,9.85,10.34,1,1,2.13,0.77,1234676
4709,2023-01-26,165,3,3,2,1993,7.02,9.16,1,1,7.19,0.252,800351
4710,2023-04-05,101,2,1,1,2014,5.64,22.44,1,0,6.17,0.174,439903
4711,2022-09-30,191,2,3,1,2022,9.21,13.87,1,0,2.5,0.544,808495
4712,2021-01-12,135,4,3,1,2003,8.45,15.87,2,1,7.8,0.553,695733
4713,2022-06-12,95,5,2,2,1987,5.94,17.37,2,0,8.47,0.471,548511
4714,2022-12-21,287,1,1,1,2019,5.6,13.52,2,1,3.09,0.902,1032101
4715,2022-07-09,59,5,3,1,2004,9.48,19.36,1,1,6.72,0.242,465842
4716,2022-01-08,201,5,3,2,1983,6.55,19.69,2,1,4.4,0.603,844694
4717,2022-04-29,110,2,3,1,1994,7.42,9.11,2,1,1.53,0.41,541234
4718,2022-10-09,67,4,3,1,1995,1.78,2.58,0,0,8.75,0.874,344802
4719,2021-08-16,135,5,3,1,1990,7.46,24.67,0,0,8.39,0.133,618592
4720,2022-09-15,186,5,1,2,2007,3.38,16.24,1,1,3.86,0.083,710805
4721,2021-11-03,279,3,3,2,1986,2.04,17.87,1,0,5.78,0.993,935040
4722,2022-04-02,177,1,3,1,2017,8.65,19.04,0,0,5.61,0.577,708148
4723,2021-06-09,153,4,3,2,2003,7.22,15.52,2,1,2.6,0.912,653767
4724,2021-11-27,235,1,1,1,2010,4.67,12.04,2,1,2.31,0.408,870792
4725,2023-02-15,227,2,3,1,1983,4.88,24.62,1,1,8.6,0.604,876792
4726,2021-08-13,55,5,3,1,2016,2.77,18.33,2,1,8.81,0.694,356527
4727,2022-12-30,85,5,2,1,2014,1.09,21.22,2,1,7.53,0.986,299882
4728,2022-05-19,330,1,2,2,1985,4.14,11.27,0,1,1.65,0.113,1165338
4729,2022-04-01,349,2,3,1,2012,2.34,22.67,0,0,9.18,0.125,1208600
4730,2021-02-14,63,3,3,2,2011,4.8,18.44,1,0,9.83,0.523,361205
4731,2021-08-02,286,3,2,2,2017,8.5,18.78,1,1,7.98,0.056,1139940
4732,2021-02-28,334,5,1,1,2014,2.03,2.63,0,1,4.18,0.727,1197691
4733,2022-10-06,99,5,1,1,1996,1.83,15.63,2,1,4.65,0.991,412259
4734,2022-09-08,310,4,2,1,2011,9.12,8.71,0,0,8.83,0.811,1269593
4735,2021-07-14,159,1,3,1,1993,7.71,16.89,0,0,3.52,0.266,674981
4736,2022-05-04,246,5,2,2,1998,1.48,14.42,1,1,2.28,0.8,868513
4737,2021-06-06,301,2,1,2,2003,1.72,3.22,2,1,8.41,0.628,1130880
4738,2022-09-02,137,1,2,2,2018,7.16,13.48,1,1,2.74,0.119,605779
4739,2021-08-14,75,4,1,2,1990,4.33,11.56,1,0,9.17,0.566,385945
4740,2022-02-16,311,3,3,1,1986,7.52,19.52,0,1,6.36,0.897,1130358
4741,2021-07-24,193,4,3,1,2003,4.64,12.81,0,0,6.0,0.29,797670
4742,2021-03-20,109,1,3,2,2003,9.71,12.29,1,1,7.98,0.659,610021
4743,2021-05-04,317,3,1,2,1993,7.25,18.13,0,1,1.15,0.042,1134077
4744,2022-04-16,124,2,2,2,2003,1.42,16.88,0,1,7.42,0.834,445166
4745,2021-08-06,52,3,3,1,1990,3.97,24.8,2,1,6.39,0.206,270981
4746,2022-05-31,112,3,1,1,1987,6.07,9.12,2,1,5.71,0.609,536366
4747,2022-08-25,285,2,3,2,1994,2.28,17.36,1,0,2.96,0.524,921814
4748,2021-04-14,278,5,2,1,2021,1.02,4.6,2,1,8.46,0.548,1069115
4749,2022-01-28,324,5,3,2,1981,1.71,20.21,1,0,3.26,0.254,1097792
4750,2022-09-23,67,3,1,2,2003,5.72,19.76,2,1,5.41,0.559,348897
4751,2022-10-07,129,3,1,1,1989,6.69,18.28,0,0,2.42,0.603,474793
4752,2023-04-04,264,4,3,1,2011,1.84,3.42,0,0,9.76,0.425,1043377
4753,2022-08-31,220,5,3,2,1996,6.99,24.69,1,0,2.75,0.633,828474
4754,2022-03-10,304,2,1,1,1989,6.55,23.59,2,1,8.23,0.192,1100907
4755,2021-11-27,175,3,3,1,2001,9.46,9.57,0,0,3.37,0.513,783361
4756,2021-05-23,304,3,3,1,1985,8.57,14.64,1,1,3.3,0.717,1141055
4757,2023-03-11,121,4,3,1,2006,9.49,22.28,2,1,4.8,0.368,612261
4758,2022-06-24,87,4,2,1,1999,9.69,12.62,0,0,8.61,0.411,556613
4759,2021-10-05,253,4,2,1,1980,4.97,15.18,2,1,7.19,0.164,1004703
4760,2021-08-21,221,1,2,2,1996,5.39,15.28,1,0,8.84,0.616,849719
4761,2022-06-13,272,2,3,2,1980,3.53,16.41,1,0,1.42,0.124,929416
4762,2022-07-25,266,1,1,2,2016,5.58,14.6,1,0,9.6,0.501,1006747
4763,2021-03-31,294,3,3,2,1994,2.36,10.45,0,0,1.69,0.21,1028883
4764,2022-05-07,240,4,3,1,1980,7.04,13.72,1,0,7.49,0.194,1020168
4765,2021-07-18,347,4,2,2,1996,1.22,21.85,2,0,2.86,0.096,1180632
4766,2021-12-28,231,4,1,1,2022,3.12,21.67,0,1,8.57,0.357,809075
4767,2022-03-17,254,5,2,2,2017,2.87,19.43,1,0,8.76,0.867,916557
4768,2021-01-26,248,2,1,2,2022,9.44,10.65,1,1,5.96,0.605,1005333
4769,2021-01-25,214,1,3,1,1981,2.3,19.76,0,0,4.63,0.779,736274
4770,2022-01-29,291,2,3,1,1997,9.02,10.0,1,1,8.14,0.115,1228205
4771,2022-05-22,179,4,3,2,1991,2.12,16.77,2,1,8.87,0.313,728403
4772,2021-10-28,276,3,1,1,2008,6.86,14.4,0,0,7.64,0.389,1082519
4773,2021-12-05,171,5,2,1,2002,3.88,7.85,2,0,9.16,0.86,748838
4774,2021-09-24,93,2,2,1,1988,3.84,11.6,2,0,6.64,0.664,428933
4775,2022-04-06,245,3,2,1,1987,9.98,20.84,1,0,7.03,0.49,990948
4776,2022-11-24,253,4,1,2,1995,3.03,22.86,0,0,6.15,0.3,843960
4777,2022-04-01,306,4,1,1,2002,2.82,5.53,1,0,5.39,0.76,1124009
4778,2021-12-26,66,4,3,2,2008,6.3,11.68,2,1,6.89,0.888,410093
4779,2021-03-09,321,4,2,2,1989,7.67,11.12,1,0,6.05,0.537,1264941
4780,2023-05-13,58,5,1,2,1991,9.84,12.48,1,1,7.58,0.043,515172
4781,2022-02-16,298,5,2,2,1991,7.31,24.43,2,1,9.41,0.272,1133571
4782,2022-05-06,250,2,2,2,2009,6.06,13.21,1,1,4.36,0.746,959446
4783,2023-04-13,108,4,1,2,1989,4.68,20.84,2,1,4.7,0.388,466871
4784,2021-02-18,189,5,1,2,1993,6.36,16.77,0,1,1.14,0.626,712974
4785,2022-11-18,168,3,3,1,1983,6.41,3.13,2,0,5.74,0.525,743014
4786,2022-07-18,90,5,3,2,1999,2.96,17.54,0,0,2.18,0.908,352383
4787,2021-04-12,316,5,3,1,2020,7.04,16.35,2,1,7.44,0.307,1260358
4788,2021-08-04,57,2,2,1,2018,2.84,19.08,2,0,8.02,0.446,289980
4789,2022-03-14,232,5,2,2,1986,5.41,2.32,1,1,7.5,0.065,1024194
4790,2022-12-01,183,3,3,2,2009,3.34,6.41,0,1,5.92,0.805,712676
4791,2022-07-23,230,4,2,2,2020,3.82,19.35,2,0,5.81,0.326,823825
4792,2022-07-13,121,1,2,1,2003,6.52,9.58,1,1,6.82,0.722,564128
4793,2021-06-08,162,2,2,1,1989,1.58,22.82,1,1,5.99,0.003,563774
4794,2022-05-04,156,3,2,1,2017,1.11,13.18,0,1,7.75,0.867,597978
4795,2022-11-17,339,2,1,2,2015,2.18,0.53,1,0,9.05,0.972,1208483
4796,2021-08-30,166,4,1,1,1996,2.52,17.62,1,0,5.83,0.47,615543
4797,2023-03-05,169,5,3,2,2000,2.78,13.08,2,0,1.99,0.483,653934
4798,2023-01-23,196,5,3,1,1982,7.97,8.27,0,0,2.18,0.616,797183
4799,2023-06-01,259,3,2,2,1980,5.02,1.0,0,1,4.38,0.975,1019940
4800,2021-01-05,345,4,2,2,1997,5.23,5.37,0,1,5.47,0.559,1296098
4801,2022-08-19,152,1,1,2,1981,6.8,4.46,0,0,3.03,0.074,664592
4802,2023-03-31,173,1,2,1,2019,7.56,14.78,1,0,5.07,0.565,704314
4803,2021-12-27,294,5,2,1,1983,1.03,19.35,0,1,2.22,0.419,959094
4804,2022-04-04,258,4,3,1,2011,8.71,6.25,1,1,3.17,0.761,1079155
4805,2021-09-05,158,4,2,1,1998,9.9,17.59,1,0,7.61,0.303,763392
4806,2022-07-20,99,3,1,1,1999,2.1,22.55,1,1,9.87,0.924,378600
4807,2022-11-04,154,1,2,2,2021,6.86,15.73,1,1,2.68,0.8,612716
4808,2022-02-26,76,3,2,2,1986,1.02,19.5,0,1,4.05,0.327,271080
4809,2023-01-08,337,2,2,2,1988,1.44,5.5,1,1,4.16,0.352,1211984
4810,2021-01-15,306,4,2,2,1986,3.57,2.34,2,0,3.01,0.518,1162080
4811,2023-01-06,322,1,2,1,2006,8.62,9.45,2,1,2.84,0.1,1264029
4812,2022-07-27,186,3,1,1,2000,6.87,17.87,2,1,2.19,0.69,736858
4813,2021-05-02,81,5,3,2,2014,5.01,17.31,2,0,9.17,0.609,459548
4814,2021-10-04,94,2,2,2,2003,4.95,23.9,1,0,6.84,0.319,405737
4815,2022-07-12,314,3,3,1,2011,5.19,15.93,2,1,3.61,0.638,1169896
4816,2022-03-29,79,5,3,1,1991,3.8,10.58,2,0,3.32,0.098,431380
4817,2022-01-25,133,1,1,2,2002,8.9,20.03,1,0,6.31,0.952,578175
4818,2021-10-21,215,1,3,2,2015,6.11,4.25,0,0,7.28,0.067,876745
4819,2022-07-28,50,2,2,1,2008,5.36,20.42,0,0,3.28,0.329,257440
4820,2022-08-21,298,5,2,1,1982,5.19,9.47,0,1,4.12,0.971,1103871
4821,2022-03-22,310,4,2,1,2022,9.42,4.27,0,0,3.62,0.398,1233622
4822,2021-07-29,112,1,2,2,1987,7.51,4.47,1,1,1.79,0.886,520338
4823,2022-08-13,213,4,1,2,2013,2.3,24.6,1,0,4.48,0.151,723027
4824,2022-12-15,250,4,3,1,1993,4.93,15.77,0,0,5.8,0.067,971964
4825,2021-10-29,271,3,1,2,2015,3.6,4.77,2,0,6.9,0.108,1071939
4826,2021-08-11,201,3,3,2,2011,9.88,7.08,1,0,4.75,0.972,887125
4827,2023-01-04,181,1,1,1,1986,4.74,9.62,2,0,9.85,0.089,786870
4828,2021-01-03,163,4,1,2,1989,1.61,1.87,2,1,6.63,0.652,710962
4829,2022-06-02,266,3,1,2,1991,4.7,3.16,2,1,8.98,0.441,1082092
4830,2021-04-03,245,5,2,2,2019,3.89,19.16,0,0,9.24,0.861,897169
4831,2022-06-04,330,5,2,1,2002,6.4,19.78,0,1,8.39,0.294,1309666
4832,2022-03-04,251,5,1,1,1990,3.03,24.71,0,1,3.43,0.029,903457
4833,2022-05-08,184,5,3,2,1992,1.32,2.16,2,1,4.88,0.749,761169
4834,2021-08-23,283,4,3,2,1991,1.86,22.29,2,1,1.0,0.589,913545
4835,2022-09-12,190,5,2,2,1986,3.55,8.27,1,0,5.06,0.435,785200
4836,2021-06-10,245,4,1,2,1989,4.13,8.53,1,1,3.64,0.323,923991
4837,2022-12-22,92,1,2,1,1986,8.51,3.62,0,0,2.01,0.899,485110
4838,2023-01-22,106,1,2,2,2006,3.43,24.66,1,0,8.55,0.122,408160
4839,2021-11-27,191,5,2,2,1986,1.28,24.53,2,1,7.06,0.141,667129
4840,2021-11-29,259,5,1,2,2003,8.03,21.69,2,0,9.99,0.015,1049660
4841,2021-02-19,121,5,1,2,2002,8.82,2.72,2,1,5.49,0.073,696246
4842,2022-06-07,273,1,2,1,2004,5.43,21.12,0,0,3.98,0.857,949957
4843,2023-05-13,76,3,1,2,2015,3.56,16.05,1,1,3.37,0.794,296721
4844,2022-10-30,177,1,3,1,2012,7.95,3.65,2,0,4.92,0.102,768874
4845,2022-05-07,155,5,3,1,2016,1.08,6.91,0,0,3.79,0.78,592928
4846,2022-08-05,214,3,2,2,2021,9.32,17.39,0,0,9.92,0.641,911662
4847,2022-11-12,264,3,3,1,2018,8.79,20.18,1,1,2.65,0.387,1060866
4848,2021-09-29,120,2,2,1,1986,5.9,21.28,2,1,1.17,0.084,515061
4849,2022-08-03,253,4,2,1,2009,3.5,13.82,0,1,2.17,0.602,875774
4850,2023-05-17,202,5,2,2,2010,1.3,13.6,0,1,9.02,0.84,770848
4851,2021-09-09,116,4,1,1,2016,10.0,17.26,2,1,7.25,0.421,649144
4852,2022-07-14,139,2,1,1,2000,7.86,19.55,0,1,8.06,0.424,611406
4853,2022-11-27,309,4,1,2,2013,4.05,4.68,0,0,3.88,0.827,1123761
4854,2023-04-12,277,5,1,1,2000,1.17,18.63,1,1,6.6,0.211,996722
4855,2022-11-30,128,2,2,2,2019,6.75,8.87,1,1,7.37,0.172,639554
4856,2021-03-31,145,4,1,2,1999,9.88,9.9,1,1,3.94,0.696,725129
4857,2022-03-22,295,1,3,2,2013,7.36,2.4,1,1,7.52,0.656,1219777
4858,2021-11-28,321,3,3,2,1987,1.75,14.92,1,0,6.67,0.912,1091218
4859,2021-05-19,206,2,1,2,2011,4.62,2.79,2,1,3.67,0.334,843242
4860,2021-12-23,165,1,3,1,2009,1.98,22.87,0,1,1.48,0.202,512601
4861,2022-08-24,67,5,3,2,2008,9.21,15.71,2,1,3.14,0.429,491620
4862,2021-10-01,221,3,1,1,1984,3.97,24.76,2,0,6.58,0.384,767232
4863,2021-01-19,65,2,2,1,2009,7.6,6.52,1,0,6.39,0.938,418080
4864,2021-11-07,289,3,2,2,1991,1.76,17.15,2,0,5.57,0.918,968101
4865,2023-05-20,105,2,2,1,2018,2.16,24.13,0,1,3.26,0.428,348510
4866,2023-06-05,128,2,1,1,2006,7.12,7.82,2,0,5.0,0.412,582524
4867,2021-06-03,152,4,2,2,1992,8.59,2.86,2,0,2.3,0.445,741248
4868,2022-01-25,333,3,2,2,1989,2.81,16.03,1,0,6.96,0.731,1150997
4869,2021-09-17,242,3,3,2,2015,4.77,9.47,2,0,8.82,0.55,955339
4870,2022-09-12,54,1,2,1,2010,6.57,7.19,2,1,5.17,0.288,358107
4871,2023-06-02,155,5,1,1,1995,8.17,24.84,1,0,2.92,0.769,592927
4872,2023-03-08,327,1,2,1,2018,6.65,18.98,0,0,8.45,0.904,1170933
4873,2022-07-25,149,4,3,1,2015,1.86,12.39,1,1,3.82,0.718,589594
4874,2021-05-05,287,2,3,2,2005,5.89,1.73,1,1,6.35,0.195,1135072
4875,2021-12-20,318,4,3,1,1999,8.96,5.19,2,0,1.68,0.792,1242867
4876,2021-09-30,135,4,3,1,2013,8.81,7.82,1,1,7.46,0.989,693503
4877,2022-09-11,81,1,2,2,2016,6.27,12.44,1,0,5.15,0.685,362882
4878,2023-03-22,100,2,3,1,1987,9.96,12.68,0,1,4.81,0.244,575317
4879,2021-09-02,128,5,3,2,1983,1.95,1.11,2,1,9.41,0.006,652663
4880,2023-04-28,235,4,3,1,2008,5.31,23.61,0,1,5.42,0.385,886533
4881,2022-03-26,223,5,2,2,2010,7.98,13.8,0,1,1.15,0.47,891799
4882,2021-09-04,155,2,1,1,1981,2.27,0.98,1,1,9.64,0.91,642052
4883,2022-06-04,112,2,3,2,2004,9.75,17.68,0,0,1.11,0.62,536959
4884,2021-05-21,125,1,3,1,2017,4.19,2.25,0,1,5.82,0.282,553540
4885,2021-12-28,130,3,3,1,1982,4.15,18.17,1,1,6.7,0.692,530532
4886,2021-01-08,177,1,2,2,2021,2.92,17.69,1,1,9.05,0.092,681473
4887,2022-04-23,232,5,2,2,2022,3.59,24.63,2,1,7.11,0.213,867149
4888,2021-12-18,292,1,3,2,1984,6.2,8.88,1,1,8.3,0.744,1133713
4889,2022-05-10,234,2,1,1,2001,4.86,4.04,1,1,7.93,0.297,947324
4890,2022-08-29,269,4,3,2,1995,2.74,2.75,1,1,2.92,0.031,1012755
4891,2023-04-13,120,3,1,2,1988,8.28,2.26,2,1,7.3,0.497,697101
4892,2022-03-03,203,2,1,1,1988,1.56,20.35,0,0,6.74,0.658,653403
4893,2021-02-08,294,4,2,2,1991,8.51,18.1,1,0,3.2,0.789,1141635
4894,2022-08-16,189,5,2,2,2021,3.47,24.41,2,0,2.15,0.306,681021
4895,2021-07-06,120,5,2,2,1983,5.46,8.08,1,0,7.76,0.425,638973
4896,2022-08-19,95,5,1,1,1997,4.43,20.18,0,1,9.74,0.557,476525
4897,2022-08-23,96,1,1,1,1997,6.14,2.78,0,0,7.65,0.075,533527
4898,2023-01-24,128,5,1,1,2021,8.16,22.65,1,0,7.75,0.198,611924
4899,2023-05-04,198,5,2,2,2022,9.9,1.77,1,1,2.5,0.369,985232
4900,2021-04-03,179,1,2,1,2012,3.75,19.8,2,0,3.22,0.267,612660
4901,2021-03-27,176,4,2,1,2021,5.98,8.03,0,1,6.27,0.466,783693
4902,2021-02-13,168,2,3,1,1982,5.19,4.94,1,0,1.28,0.651,693442
4903,2021-05-17,311,3,1,2,2017,9.99,17.76,1,0,7.01,0.54,1276134
4904,2022-02-25,293,5,1,1,1996,8.28,22.45,1,0,2.3,0.774,1097568
4905,2021-03-15,152,5,3,1,1991,4.57,19.22,1,0,4.72,0.626,607618
4906,2022-07-02,86,5,1,1,1990,5.29,8.17,2,0,3.88,0.292,471777
4907,2022-09-05,191,1,1,1,1996,3.21,9.16,2,1,1.96,0.12,670513
4908,2022-05-27,86,1,3,2,2014,7.8,5.14,0,0,6.21,0.64,516188
4909,2021-06-05,57,1,1,1,2020,8.61,20.69,0,0,4.25,0.212,245384
4910,2021-09-12,280,3,2,1,1985,9.68,3.12,2,1,1.4,0.319,1167390
4911,2021-06-20,345,2,3,1,2014,6.09,22.63,0,0,5.0,0.795,1235763
4912,2022-12-29,156,5,1,2,1985,7.04,15.23,2,0,6.31,0.22,730035
4913,2021-06-19,67,4,2,2,2011,5.01,14.93,1,0,2.17,0.538,339755
4914,2023-02-03,132,5,1,1,1990,6.48,21.03,1,1,6.26,0.095,582553
4915,2023-05-22,337,5,3,2,2022,4.14,16.85,2,0,3.72,0.417,1247366
4916,2021-11-18,243,5,2,1,2018,7.64,7.95,1,1,3.34,0.98,982221
4917,2022-07-21,264,5,1,2,1992,1.2,9.06,1,1,8.16,0.954,947657
4918,2022-04-01,330,2,3,2,1992,1.26,4.74,2,1,5.21,0.947,1187091
4919,2022-08-26,269,4,1,1,2018,7.45,11.87,1,1,4.4,0.595,1039296
4920,2023-03-01,338,1,1,2,2013,9.38,3.2,0,0,8.32,0.295,1314010
4921,2022-09-05,243,4,2,2,1982,6.69,16.5,1,1,9.19,0.355,982129
4922,2021-06-04,207,5,1,1,2011,7.54,4.65,0,0,3.84,0.206,907053
4923,2023-06-08,153,4,3,1,1983,8.42,21.67,2,1,1.45,0.098,672730
4924,2021-12-15,83,5,3,2,2019,4.26,17.66,0,1,5.87,0.169,467904
4925,2022-03-27,151,4,2,2,1980,1.97,22.34,1,0,7.44,0.467,551863
4926,2023-05-26,176,3,2,2,1988,9.4,2.63,0,1,6.29,0.027,849776
4927,2022-10-15,263,4,1,2,1986,9.45,20.06,1,0,7.19,0.939,1000090
4928,2021-06-22,345,1,3,1,2006,4.98,22.08,1,1,6.82,0.562,1221109
4929,2021-01-10,228,1,2,2,1982,2.95,1.59,0,0,9.6,0.174,905094
4930,2023-01-10,129,4,1,1,2001,9.03,24.98,1,0,8.79,0.416,623137
4931,2021-09-22,190,4,1,1,1995,7.38,7.87,0,1,2.19,0.376,796381
4932,2022-03-14,80,2,3,1,1987,1.07,5.69,1,0,5.07,0.835,338263
4933,2023-01-30,112,4,3,2,1984,1.97,10.67,2,1,5.09,0.12,533272
4934,2021-09-04,97,1,1,2,2009,9.85,0.71,2,1,5.11,0.43,587750
4935,2022-10-29,136,3,3,1,2007,1.34,22.2,0,0,9.38,0.711,465034
4936,2022-06-30,110,1,1,1,2006,3.54,7.08,0,0,3.94,0.373,449395
4937,2022-05-14,323,2,1,1,2001,5.94,13.28,2,1,6.53,0.358,1193470
4938,2021-05-09,333,4,3,1,2009,2.66,15.78,2,1,9.07,0.34,1251253
4939,2022-11-03,129,3,2,1,2016,3.09,19.88,2,0,1.45,0.762,443279
4940,2022-08-24,229,1,1,2,1986,4.18,6.63,2,0,8.91,0.119,918916
4941,2022-08-28,321,3,3,2,2009,3.43,18.07,1,0,7.88,0.857,1141230
4942,2021-11-23,126,5,1,2,1992,8.23,3.38,0,1,2.87,0.071,698850
4943,2023-01-23,270,1,1,2,2001,5.5,17.75,0,1,3.93,0.319,966101
4944,2023-04-15,331,5,1,1,1990,3.51,23.02,2,0,3.8,0.389,1109843
4945,2022-02-08,77,3,3,1,1984,3.82,2.58,0,1,2.99,0.394,376577
4946,2022-09-21,126,4,3,2,2001,1.36,3.36,0,0,6.75,0.188,561290
4947,2022-08-29,213,4,3,1,1994,1.44,14.15,1,0,9.85,0.603,820216
4948,2022-11-06,58,4,2,1,2018,7.46,1.64,1,1,2.5,0.454,420433
4949,2022-09-03,224,5,1,1,2016,2.02,5.09,0,1,3.09,0.568,844753
4950,2022-09-17,125,4,2,2,2010,5.28,5.16,1,1,3.61,0.615,599760
4951,2021-12-25,294,2,1,2,2008,8.58,12.29,2,1,9.44,0.191,1196810
4952,2022-08-26,171,1,3,2,2018,4.32,6.59,0,0,6.63,0.92,661827
4953,2023-05-08,234,1,1,2,1996,4.11,12.15,1,1,2.91,0.83,789852
4954,2022-12-19,81,3,1,2,2020,8.86,13.27,1,1,8.24,0.828,537673
4955,2021-01-17,299,5,1,2,1985,8.78,18.4,0,0,9.31,0.532,1147495
4956,2021-10-01,106,1,2,1,2020,8.92,23.68,0,1,4.63,0.82,434293
4957,2022-11-16,193,5,3,2,1996,6.15,12.84,2,1,2.56,0.627,865369
4958,2021-04-26,133,3,3,1,2013,9.57,9.2,1,1,3.79,0.451,667409
4959,2023-05-11,105,4,1,2,2002,8.37,6.84,0,1,2.95,0.752,538417
4960,2022-11-24,328,3,3,2,2009,4.74,16.05,1,0,2.81,0.6,1168041
4961,2021-04-01,322,2,2,1,1992,6.67,23.6,1,0,2.54,0.002,1140201
4962,2021-03-23,215,4,2,2,2009,2.1,19.23,1,0,8.88,0.997,774751
4963,2021-11-20,207,4,3,1,1999,5.96,5.55,1,0,1.77,0.43,886487
4964,2021-04-24,298,4,2,2,1985,3.37,22.39,0,1,4.72,0.572,1005489
4965,2023-02-08,235,3,2,1,2010,3.55,18.52,0,0,1.13,0.406,796829
4966,2021-02-27,127,2,3,2,1998,2.13,3.63,2,1,3.64,0.1,552536
4967,2021-06-03,71,5,3,1,1985,4.22,17.96,0,1,7.36,0.834,360099
4968,2023-05-27,157,3,1,2,2013,5.33,7.59,1,1,2.83,0.683,648275
4969,2022-02-08,322,1,1,1,2007,6.4,12.54,2,0,9.99,0.829,1206656
4970,2022-09-20,301,1,2,2,1992,3.74,7.86,0,1,1.43,0.484,1054907
4971,2023-05-05,64,3,3,2,1989,8.13,2.56,0,0,2.23,0.792,445378
4972,2021-09-23,209,5,2,2,2020,5.69,19.33,2,1,8.08,0.798,852949
4973,2021-11-11,254,1,3,2,1986,6.74,20.8,0,0,9.78,0.336,949032
4974,2022-12-16,162,5,2,2,1997,3.5,6.18,0,0,9.59,0.004,714968
4975,2021-02-10,217,4,2,2,2001,8.33,6.37,0,0,8.18,0.86,943141
4976,2021-04-15,302,3,2,1,1993,6.62,11.03,1,0,9.76,0.185,1174036
4977,2023-06-09,235,4,1,1,2015,8.76,20.38,2,1,8.57,0.869,953455
4978,2021-07-12,276,1,3,1,1987,2.44,2.39,2,0,1.52,0.618,952373
4979,2022-02-05,65,5,2,1,1991,4.43,20.31,1,0,8.61,0.635,341043
4980,2021-10-05,205,4,1,1,2019,2.02,23.11,2,0,5.35,0.247,742788
4981,2021-12-20,160,1,2,1,2012,2.94,14.26,0,1,5.11,0.403,577903
4982,2023-01-19,50,2,2,2,2003,4.55,1.98,1,1,1.02,0.312,343245
4983,2023-01-03,90,4,3,2,2021,9.05,7.1,1,0,6.58,0.19,597473
4984,2022-08-03,97,2,2,2,2018,6.01,3.23,1,0,7.04,0.725,498361
4985,2022-12-10,157,2,3,1,1993,3.97,6.85,2,1,8.12,0.096,708324
4986,2021-09-13,210,1,1,2,1984,7.72,20.39,1,1,3.93,0.512,753326
4987,2022-10-13,210,3,1,1,1998,1.18,1.86,1,0,2.15,0.536,742588
4988,2023-04-04,177,5,2,1,1982,4.33,7.45,1,1,4.96,0.955,714973
4989,2022-10-23,259,1,1,1,1980,6.41,13.17,2,1,4.26,0.869,961701
4990,2021-04-09,200,4,3,2,2019,6.25,21.91,2,0,7.78,0.492,809092
4991,2022-08-11,304,5,3,2,2020,6.47,6.62,2,0,3.06,0.844,1183807
4992,2021-10-09,267,3,1,1,2016,2.9,19.57,1,1,2.24,0.791,871711
4993,2023-06-02,79,1,3,2,2012,4.03,14.8,0,0,4.96,0.028,371887
4994,2022-02-07,94,3,3,2,1996,9.38,17.07,2,0,6.65,0.922,505223
4995,2021-04-19,129,4,2,1,1988,9.77,21.61,0,1,3.53,0.688,581283
4996,2022-12-01,88,1,2,2,2010,3.81,1.15,0,1,2.03,0.672,401291
4997,2021-07-18,289,4,3,2,2014,6.8,13.48,2,1,4.95,0.713,1155156
4998,2021-10-30,94,5,1,1,1982,3.17,18.81,2,0,9.66,0.225,457715
4999,2021-11-23,127,5,3,1,1992,4.32,22.17,0,0,9.71,0.029,622917
5000,2021-06-03,337,3,2,2,2016,8.13,3.75,2,1,7.38,0.232,1357704
5001,2022-07-06,329,3,1,2,2017,5.51,8.87,0,1,7.99,0.795,1184428
5002,2022-10-07,165,5,3,2,1993,8.65,2.42,0,0,2.83,0.597,811234
5003,2022-02-09,318,2,1,1,1985,6.66,20.96,1,0,4.37,0.361,1117824
5004,2022-04-07,102,5,1,1,2008,6.66,21.51,0,1,6.44,0.242,508761
5005,2021-05-12,117,1,1,1,1988,1.3,12.35,1,1,7.75,0.8,440527
5006,2023-03-02,231,4,3,2,2015,7.75,1.01,1,0,2.5,0.458,966822
5007,2023-05-24,83,5,2,2,2002,9.8,3.0,2,0,5.12,0.612,577465
5008,2021-03-25,333,5,1,1,1994,5.26,15.8,2,1,2.46,0.013,1240141
5009,2022-02-03,298,4,1,1,1986,2.43,24.57,0,0,6.7,0.43,999559
5010,2023-01-24,160,4,3,1,2004,9.79,21.05,2,1,7.95,0.015,793979
5011,2022-09-20,143,1,2,2,2016,3.61,20.05,2,0,8.5,0.787,544335
5012,2021-04-19,228,4,2,2,2002,4.68,10.74,2,0,7.59,0.249,947782
5013,2021-08-09,96,3,3,2,1990,1.7,24.64,2,1,2.43,0.167,301166
5014,2022-07-07,331,5,1,2,1987,2.0,20.71,0,0,8.46,0.926,1153265
5015,2022-01-03,141,4,3,1,2015,2.95,8.72,1,1,4.01,0.018,593514
5016,2021-05-27,261,1,2,2,2021,5.94,18.84,1,1,8.52,0.198,999468
5017,2021-04-22,124,4,1,2,2018,6.02,11.1,1,0,3.26,0.24,554827
5018,2022-09-07,251,5,1,1,1980,6.46,16.68,2,1,5.28,0.823,1003698
5019,2022-07-12,346,2,2,1,1992,6.25,24.27,2,0,6.19,0.71,1222581
5020,2022-05-09,260,4,1,1,1995,5.46,6.54,0,1,1.31,0.967,977396
5021,2022-05-20,183,3,3,2,1992,8.22,19.98,1,1,9.13,0.695,809909
5022,2022-04-20,115,5,2,1,2016,9.41,14.96,0,1,5.6,0.236,622613
5023,2023-04-16,329,1,2,2,1993,3.43,23.77,1,0,2.73,0.167,1047638
5024,2023-06-09,77,5,1,1,1992,2.17,3.79,0,1,2.45,0.755,334039
5025,2021-09-28,166,2,2,2,1991,4.83,18.13,0,0,7.18,0.901,607216
5026,2022-02-25,163,1,3,2,2007,1.24,1.41,0,1,1.74,0.912,599772
5027,2023-06-16,124,2,2,1,2001,8.95,6.54,1,1,4.96,0.771,610861
5028,2022-12-08,251,2,1,1,1999,3.16,8.36,2,1,5.86,0.794,939760
5029,2022-01-02,108,3,2,2,1998,5.94,11.09,1,0,3.1,0.662,466853
5030,2021-10-07,64,4,1,1,1990,2.04,24.15,2,1,2.16,0.736,211562
5031,2021-10-10,280,3,1,2,2009,5.98,2.16,0,0,5.42,0.116,1114961
5032,2021-02-09,154,3,3,1,2005,1.35,4.64,1,1,4.06,0.329,641510
5033,2021-07-08,214,3,2,2,1994,7.92,5.47,2,1,2.26,0.458,907538
5034,2021-06-13,248,1,3,2,2009,9.6,10.89,1,0,2.89,0.664,999224
5035,2022-06-20,84,4,3,1,2008,3.76,1.99,1,0,5.24,0.418,472741
5036,2022-06-20,211,4,2,2,2011,3.32,24.15,1,0,2.2,0.375,712654
5037,2021-01-04,294,1,3,2,2009,5.03,14.22,0,1,9.43,0.564,1074836
5038,2023-04-15,336,3,3,2,1995,6.58,20.43,2,1,7.98,0.394,1278510
5039,2021-10-17,68,3,1,2,2015,2.7,19.43,0,1,3.93,0.073,276457
5040,2022-03-09,329,2,3,1,1997,8.23,16.69,2,0,3.33,0.969,1200769
5041,2022-04-16,231,2,2,2,2020,2.79,22.66,0,1,8.87,0.926,792785
5042,2021-06-30,196,5,1,2,2018,1.05,22.61,1,0,4.84,0.039,683573
5043,2021-09-05,225,2,3,1,2007,5.72,3.63,0,1,8.76,0.529,918332
5044,2022-09-20,212,4,3,1,1998,2.04,22.6,1,0,7.68,0.713,739874
5045,2021-10-06,224,1,2,2,1990,7.28,13.34,2,0,1.83,0.61,823286
5046,2023-05-27,96,3,3,2,1996,2.51,7.07,2,1,8.32,0.353,473839
5047,2022-08-04,305,5,2,2,2000,8.36,15.41,1,0,5.86,0.803,1177991
5048,2023-05-13,223,2,3,1,2016,5.23,7.38,1,1,7.1,0.615,928568
5049,2021-09-11,152,5,3,2,2013,6.1,12.24,0,0,2.97,0.239,682034
5050,2021-06-30,170,1,2,2,2012,2.68,20.5,0,0,1.0,0.611,496660
5051,2023-04-10,194,1,1,1,2008,2.32,1.29,0,1,4.0,0.275,728466
5052,2022-11-12,91,5,2,2,1983,6.68,4.99,2,1,2.72,0.596,536054
5053,2023-04-05,78,5,1,1,2011,3.3,23.94,1,0,4.92,0.764,297446
5054,2022-05-24,322,5,1,2,1990,4.47,11.4,2,1,1.82,0.303,1156313
5055,2023-01-31,63,3,2,1,2005,5.32,7.93,1,0,9.06,0.283,393797
5056,2022-12-01,238,4,2,2,1997,3.07,23.12,1,1,2.07,0.727,769226
5057,2022-07-20,344,2,3,2,2011,8.16,22.82,2,0,7.88,0.508,1325298
5058,2021-11-22,232,2,3,1,2006,9.45,1.58,0,1,9.45,0.139,1046416
5059,2021-12-23,85,2,1,1,1995,4.89,9.38,0,0,2.33,0.546,338945
5060,2023-04-05,86,5,3,2,1989,9.26,22.86,2,1,4.12,0.663,495190
5061,2022-10-12,63,5,2,1,2013,8.94,4.9,1,0,7.58,0.491,474932
5062,2022-11-11,172,5,1,1,2012,2.49,14.67,2,0,7.43,0.624,648582
5063,2022-01-26,132,3,3,1,1989,2.56,8.36,0,1,1.34,0.365,524558
5064,2022-09-07,208,3,3,2,2021,5.3,18.55,1,1,1.64,0.878,763554
5065,2021-03-26,151,3,2,2,2005,5.73,4.38,2,0,2.08,0.24,678214
5066,2021-11-13,132,3,2,1,2021,4.07,15.1,0,1,6.11,0.281,567358
5067,2021-07-31,93,1,3,1,2004,3.82,0.5,1,1,1.5,0.774,424233
5068,2022-05-30,117,3,1,1,1981,4.88,6.69,2,1,6.3,0.058,564152
5069,2022-01-19,97,3,1,2,2005,7.21,4.47,2,1,4.08,0.987,523637
5070,2022-11-22,106,3,2,1,1999,1.76,5.64,0,0,7.02,0.629,481030
5071,2021-12-08,124,2,2,1,1982,7.4,21.58,2,0,8.04,0.807,559332
5072,2023-03-26,71,2,2,2,2011,9.34,22.91,2,0,8.12,0.584,401894
5073,2023-04-24,181,2,3,1,1980,7.87,19.0,2,1,1.34,0.786,728503
5074,2021-02-07,316,4,3,2,2003,2.73,14.96,2,1,9.52,0.434,1194504
5075,2022-05-26,336,1,2,2,2022,1.79,6.16,0,0,6.28,0.577,1127898
5076,2022-02-24,169,5,1,1,2012,5.41,7.23,1,1,9.06,0.662,770249
5077,2023-01-21,295,3,2,2,2017,9.61,8.09,1,0,6.54,0.902,1206862
5078,2021-06-18,105,2,2,2,2014,8.37,19.54,2,0,5.36,0.035,545763
5079,2021-12-09,87,1,1,2,1996,6.06,6.7,0,0,7.57,0.109,443938
5080,2023-04-06,294,3,1,2,2022,2.29,24.35,2,0,2.97,0.691,907794
5081,2021-11-02,70,4,1,1,2012,7.42,20.01,2,1,1.93,0.344,386131
5082,2022-06-26,159,5,1,2,1990,8.32,24.99,2,0,1.81,0.678,637457
5083,2022-12-03,143,3,3,1,2002,9.42,11.75,2,1,8.64,0.228,769683
5084,2023-05-19,185,5,3,2,2017,6.51,14.94,1,0,9.21,0.628,828075
5085,2022-06-21,280,3,2,2,2011,5.63,7.37,2,1,8.33,0.478,1127570
5086,2021-04-22,57,4,3,1,1998,6.57,15.29,2,1,9.14,0.123,430418
5087,2022-02-15,339,1,2,2,1991,9.49,24.36,2,0,9.86,0.929,1277511
5088,2021-07-25,300,5,2,1,2007,6.65,1.24,1,1,5.73,0.792,1208712
5089,2021-07-04,136,5,1,2,1981,3.32,7.59,0,1,2.38,0.781,558136
5090,2022-01-17,253,1,1,2,1989,6.73,7.39,0,1,6.47,0.697,984403
5091,2022-05-11,268,5,3,1,1998,8.92,24.57,0,1,4.19,0.021,1069109
5092,2022-01-14,290,2,3,2,2007,6.1,3.75,0,0,4.12,0.505,1129994
5093,2021-02-16,307,1,3,2,1987,5.52,20.4,0,0,7.55,0.751,1070407
5094,2023-06-05,158,4,3,1,2022,7.6,7.23,2,0,1.82,0.217,787086
5095,2023-01-10,305,3,1,2,2002,6.95,21.58,2,0,1.34,0.615,1072291
5096,2022-07-05,331,3,1,2,2009,1.51,12.45,0,0,7.26,0.929,1137096
5097,2022-06-12,269,1,3,2,2007,7.53,6.44,1,1,3.35,0.753,1067991
5098,2022-05-19,132,2,2,2,1992,4.67,17.89,2,0,4.47,0.548,543130
5099,2021-01-22,156,4,1,2,2016,9.47,21.12,0,1,3.77,0.31,690291
5100,2021-08-01,118,3,1,1,1991,9.74,12.02,1,0,6.53,0.637,633132
5101,2021-11-06,146,3,1,1,1989,5.04,17.99,0,1,2.39,0.714,569119
5102,2022-10-23,261,2,1,2,1996,9.72,4.95,1,0,7.49,0.638,1102499
5103,2023-01-23,335,5,3,2,1980,3.8,23.47,0,1,9.32,0.755,1193358
5104,2021-09-29,286,1,3,2,2001,7.14,2.86,2,0,8.52,0.279,1212815
5105,2022-07-25,57,2,2,1,1994,1.68,5.94,0,0,9.16,0.508,302800
5106,2023-03-10,343,2,1,2,1995,2.3,7.56,0,0,9.43,0.549,1212281
5107,2021-07-21,238,2,3,2,1999,8.78,4.24,0,0,4.35,0.09,1022956
5108,2021-02-01,130,2,3,2,1989,9.04,10.46,0,0,8.16,0.177,661195
5109,2022-03-19,157,5,1,2,2021,5.79,11.71,0,1,5.45,0.307,702222
5110,2021-06-11,116,4,3,1,2005,4.06,13.21,1,0,3.43,0.048,526264
5111,2023-02-06,223,2,3,2,2002,5.06,1.5,2,0,7.72,0.234,949218
5112,2021-09-11,92,2,3,2,1996,8.83,5.87,2,1,3.2,0.522,542238
5113,2022-06-05,236,1,2,2,2013,2.9,20.29,2,0,1.99,0.542,758536
5114,2022-10-13,249,3,3,2,2020,3.65,20.36,1,1,7.34,0.249,917497
5115,2022-04-25,88,5,1,2,2001,8.07,8.59,0,1,3.59,0.946,508051
5116,2021-01-10,269,2,1,2,1983,9.42,11.8,2,1,3.75,0.467,1081076
5117,2022-12-27,53,4,1,2,1986,1.84,4.99,1,0,8.93,0.637,334964
5118,2022-05-20,170,4,3,1,1984,8.23,20.64,0,1,2.22,0.03,721750
5119,2023-02-24,126,4,2,2,2010,6.81,23.94,2,0,7.88,0.399,597215
5120,2023-04-16,228,1,3,1,1998,3.08,7.64,1,1,4.48,0.542,860468
5121,2022-07-14,182,4,1,1,1983,7.8,19.66,1,1,9.04,0.312,796121
5122,2022-03-12,278,1,2,2,2001,7.55,9.13,2,0,4.96,0.171,1074424
5123,2021-04-21,325,5,2,2,1982,2.28,0.56,0,1,4.68,0.201,1239774
5124,2021-06-02,201,4,3,2,2002,5.52,15.19,1,0,4.87,0.467,775079
5125,2022-09-27,213,3,1,1,1983,7.82,10.55,1,0,8.54,0.071,915969
5126,2023-05-19,339,2,3,1,2003,2.72,19.08,0,1,1.09,0.234,1127759
5127,2021-04-12,158,5,1,1,1993,5.16,18.84,1,1,7.34,0.72,655863
5128,2023-01-23,175,3,2,2,2020,2.09,23.68,0,1,2.85,0.215,560025
5129,2023-04-13,289,5,3,2,1982,3.76,11.23,2,0,8.94,0.117,1148437
5130,2021-07-10,195,4,2,1,2000,2.96,12.32,0,0,4.38,0.084,721683
5131,2022-12-30,301,5,1,1,2005,5.55,10.31,1,0,4.05,0.989,1119755
5132,2022-07-17,232,5,2,2,1980,2.27,7.78,0,0,7.41,0.087,903281
5133,2023-03-15,121,5,2,1,2009,4.45,16.13,0,1,7.5,0.433,553960
5134,2021-03-22,268,1,2,1,1983,3.48,20.79,0,1,6.7,0.511,897668
5135,2022-05-04,256,3,3,1,1993,7.71,4.37,0,0,3.97,0.965,1045155
5136,2023-06-14,222,4,1,1,1997,7.3,24.56,1,1,6.49,0.891,845448
5137,2021-03-29,190,2,2,1,1991,1.85,17.25,2,0,1.49,0.238,617879
5138,2021-07-13,321,4,2,1,2017,9.58,19.61,2,0,9.6,0.085,1301335
5139,2021-04-14,263,4,2,1,2021,7.7,24.97,0,1,5.07,0.438,1029556
5140,2023-02-22,318,1,2,2,2015,6.54,12.85,2,0,3.74,0.101,1175466
5141,2021-04-06,69,1,1,1,1995,5.3,2.25,1,0,8.75,0.871,415977
5142,2022-02-27,115,5,1,2,1980,2.6,19.86,1,0,3.92,0.704,390586
5143,2023-06-10,196,4,3,2,1982,9.66,21.83,2,0,9.97,0.944,871272
5144,2021-07-17,214,3,1,1,2018,1.07,4.48,2,1,7.22,0.569,791021
5145,2021-01-01,55,1,1,2,2014,7.23,1.09,1,0,6.85,0.364,386852
5146,2022-02-11,63,1,2,1,1994,5.57,3.83,0,0,2.37,0.501,318808
5147,2022-01-13,181,3,3,2,2017,9.12,8.44,0,0,6.49,0.161,878157
5148,2021-06-16,292,1,3,2,1995,4.43,23.14,1,0,2.4,0.463,983718
5149,2022-05-24,280,3,2,1,1996,5.67,0.56,2,0,8.05,0.999,1108982
5150,2022-09-30,277,2,3,2,2013,7.68,20.19,2,1,2.25,0.691,1016366
5151,2021-11-09,211,3,1,1,1989,1.43,21.44,2,0,4.23,0.062,712447
5152,2022-08-16,332,2,3,2,1990,1.49,20.37,2,1,5.29,0.726,1120732
5153,2022-02-22,312,5,2,1,2007,2.91,2.51,2,1,8.25,0.101,1262079
5154,2023-02-02,180,5,3,1,2006,2.32,17.14,2,0,6.69,0.391,720972
5155,2022-11-12,274,1,3,2,2017,1.06,23.87,2,1,7.73,0.786,932062
5156,2022-04-22,307,3,3,1,1997,6.61,3.45,2,1,3.2,0.128,1238565
5157,2021-03-14,283,1,2,1,2009,8.16,1.28,0,1,3.14,0.293,1121042
5158,2021-05-21,73,3,1,2,1992,9.61,21.9,0,1,4.43,0.195,401074
5159,2022-08-05,320,1,3,1,1995,4.97,16.3,2,0,1.17,0.87,1063039
5160,2021-09-19,144,5,1,2,1981,3.52,16.34,2,0,8.48,0.148,598704
5161,2021-12-06,191,5,1,2,1999,8.78,24.13,0,0,4.33,0.536,784172
5162,2021-11-04,231,1,1,2,1991,8.6,19.36,1,1,1.61,0.275,896706
5163,2021-09-02,255,3,3,1,2008,6.62,10.24,0,0,8.85,0.507,1039664
5164,2022-05-30,130,4,1,2,1987,3.46,11.18,2,0,9.71,0.167,634571
5165,2021-12-03,323,3,3,1,2017,9.18,4.04,0,1,6.82,0.758,1321610
5166,2022-07-29,325,1,3,2,1999,2.61,7.95,2,0,4.21,0.643,1143757
5167,2022-07-15,257,3,3,2,2014,1.39,11.41,0,0,4.72,0.043,883263
5168,2021-03-17,345,2,1,2,2018,8.17,6.9,0,0,3.31,0.948,1283014
5169,2023-05-30,88,3,3,1,2010,6.07,22.94,0,0,7.4,0.893,387437
5170,2021-06-24,337,5,2,2,1995,3.22,0.79,2,1,4.2,0.298,1308342
5171,2021-04-19,173,5,2,1,2002,7.04,14.88,1,0,1.29,0.292,752592
5172,2021-07-02,332,2,2,1,2013,7.9,19.4,2,1,1.42,0.499,1204316
5173,2021-07-11,229,3,3,1,2011,8.6,18.44,1,0,6.53,0.619,944274
5174,2021-03-06,146,4,2,1,1996,3.54,16.27,1,1,3.61,0.291,583870
5175,2023-04-29,240,3,3,1,2022,1.23,10.55,1,0,2.52,0.795,832522
5176,2022-04-19,123,5,3,2,2003,5.59,23.0,1,0,5.97,0.078,597472
5177,2023-02-22,322,5,3,1,2014,8.7,8.56,1,0,3.51,0.398,1296499
5178,2021-04-10,98,1,1,2,2002,2.87,18.88,1,1,1.66,0.556,319596
5179,2022-06-28,259,5,2,2,1987,4.79,23.2,2,0,2.74,0.8,880690
5180,2023-05-14,165,1,3,1,2002,3.31,3.65,2,1,8.0,0.872,700511
5181,2021-05-08,72,5,2,2,2000,1.12,23.7,0,0,8.67,0.244,285947
5182,2022-03-28,147,5,2,2,1998,9.09,19.51,1,1,8.85,0.241,739703
5183,2022-01-04,239,4,1,1,2010,2.22,15.61,2,1,5.81,0.368,878267
5184,2023-05-01,231,1,2,1,1986,7.9,9.65,2,0,9.56,0.428,940549
5185,2021-02-12,197,1,3,2,2003,4.12,22.65,2,0,2.37,0.848,663272
5186,2023-06-03,72,5,3,1,1987,3.5,1.58,2,1,7.11,0.008,500192
5187,2022-02-23,154,1,2,1,1992,9.47,11.08,0,0,7.34,0.685,718524
5188,2022-05-03,212,5,2,2,1982,6.91,19.04,2,1,1.48,0.22,840150
5189,2021-03-19,116,5,1,1,2013,7.18,20.37,0,1,3.54,0.882,530781
5190,2023-04-06,339,3,3,1,1992,7.84,5.46,1,1,9.54,0.317,1394577
5191,2023-03-12,338,1,2,1,2011,4.07,1.67,0,0,7.83,0.538,1228392
5192,2021-09-27,95,2,2,1,2014,6.07,20.17,2,0,1.49,0.329,367411
5193,2022-11-05,130,1,3,1,2000,3.43,10.84,1,1,5.87,0.425,526400
5194,2022-12-02,196,1,2,1,1980,8.51,4.02,0,1,6.84,0.522,886394
5195,2023-01-29,271,4,1,2,1981,6.39,2.6,0,1,9.76,0.748,1132830
5196,2023-06-19,64,2,2,1,2021,3.19,16.2,0,1,7.45,0.121,272896
5197,2022-12-29,170,2,2,2,2022,9.1,14.78,2,0,6.75,0.352,762109
5198,2021-11-11,127,4,1,2,2005,6.23,21.42,1,1,9.18,0.64,575427
5199,2023-05-01,344,4,1,2,1982,5.46,1.27,0,1,6.95,0.589,1364829
5200,2023-06-08,290,1,1,2,2003,1.31,21.78,2,0,9.39,0.781,967326
5201,2021-06-17,67,3,3,1,2005,9.19,22.24,1,1,5.43,0.889,397738
5202,2021-12-05,305,4,2,2,1987,9.57,11.43,0,1,7.47,0.094,1273343
5203,2021-07-12,326,2,2,1,2016,6.06,2.38,1,0,6.69,0.714,1218896
5204,2022-03-29,76,2,1,2,1987,4.98,23.7,2,1,5.97,0.284,284135
5205,2021-10-10,51,1,3,2,1997,4.24,2.26,1,0,3.92,0.481,303801
5206,2021-12-02,344,3,1,1,1997,3.41,14.97,1,1,9.13,0.628,1248262
5207,2022-01-25,288,5,2,1,1991,6.17,12.58,1,0,3.43,0.151,1117550
5208,2022-06-09,62,4,3,2,2015,2.15,20.96,0,0,2.43,0.347,225609
5209,2021-08-28,233,4,3,1,2019,9.27,12.81,0,0,7.41,0.976,1008848
5210,2023-04-12,243,1,2,2,1981,2.58,11.99,0,0,5.92,0.136,891957
5211,2022-04-28,105,3,3,1,1999,7.71,22.08,0,1,3.37,0.083,470029
5212,2022-10-21,279,2,3,1,1982,3.76,24.12,0,0,8.83,0.837,958338
5213,2022-12-17,77,2,1,2,2019,3.03,13.96,0,1,3.58,0.431,295524
5214,2022-08-15,120,5,3,1,2013,6.02,11.64,0,0,1.57,0.675,545217
5215,2023-06-10,259,2,1,2,1985,7.89,20.86,2,0,1.14,0.306,929197
5216,2022-07-09,233,4,3,1,2019,7.54,20.86,2,0,9.31,0.198,1035806
5217,2022-04-03,90,5,1,2,1989,3.1,8.32,1,1,4.62,0.212,446111
5218,2021-03-30,309,3,1,2,2003,3.97,14.62,1,0,2.92,0.196,1084544
5219,2022-10-22,133,5,3,2,1997,8.82,4.28,2,0,6.1,0.247,755973
5220,2021-04-05,95,3,1,1,2012,7.51,16.07,2,0,5.39,0.221,461457
5221,2022-03-28,208,2,2,2,2018,7.41,20.93,1,0,10.0,0.814,832660
5222,2022-03-04,56,1,2,2,1986,3.42,5.09,2,1,9.0,0.533,319389
5223,2021-05-31,185,5,3,1,2008,8.13,8.41,2,0,3.44,0.297,894694
5224,2022-05-29,232,5,3,2,1998,4.23,11.5,2,1,7.28,0.345,978285
5225,2022-01-11,246,4,3,2,2017,4.61,21.2,1,1,4.48,0.958,879863
5226,2021-01-22,221,4,2,2,2018,3.59,18.42,1,1,4.28,0.184,818721
5227,2023-06-02,325,3,3,1,2004,2.09,8.26,0,0,4.3,0.887,1145244
5228,2021-11-09,127,1,3,1,1996,4.78,6.45,1,1,6.75,0.737,577476
5229,2023-04-20,227,4,1,2,2016,1.15,17.54,0,1,5.84,0.613,740709
5230,2022-06-03,76,4,3,1,1982,5.1,12.26,2,0,7.8,0.624,444505
5231,2021-07-25,169,2,2,2,2003,7.53,15.04,0,1,2.38,0.423,708408
5232,2022-01-10,330,2,2,1,1997,9.65,16.39,2,0,4.83,0.439,1216284
5233,2022-03-27,245,4,3,2,2005,1.71,14.19,0,1,8.74,0.796,904829
5234,2022-09-18,326,3,2,2,2000,3.53,15.52,2,1,1.03,0.811,1093317
5235,2023-02-23,67,1,1,2,1990,5.45,22.24,1,0,6.61,0.571,309199
5236,2022-08-18,344,4,1,1,2020,2.53,21.77,0,1,8.07,0.769,1159361
5237,2021-06-28,320,3,3,2,1996,2.05,4.15,0,1,4.45,0.81,1133786
5238,2021-07-29,102,3,3,2,2017,5.07,14.87,2,1,8.95,0.332,546274
5239,2022-05-15,343,4,1,1,2000,6.23,11.26,2,0,7.62,0.623,1279609
5240,2022-04-09,101,3,1,1,1983,8.38,7.5,1,0,6.45,0.436,560587
5241,2023-04-20,265,5,3,2,2011,9.98,15.96,0,0,2.78,0.098,1105522
5242,2021-05-04,121,3,2,1,1997,7.97,13.02,1,1,7.03,0.648,603970
5243,2021-04-23,77,4,3,2,2007,2.99,19.49,1,0,8.5,0.587,339693
5244,2021-01-12,301,3,3,1,2015,7.73,2.79,1,0,7.57,0.103,1239427
5245,2021-05-06,84,4,3,1,2016,5.83,7.92,2,1,6.17,0.071,519877
5246,2022-07-19,250,2,3,2,2005,5.06,1.13,1,1,7.43,0.25,1000538
5247,2021-11-27,298,4,3,2,2003,9.42,18.78,1,0,9.79,0.833,1208599
5248,2021-10-10,148,3,3,2,1989,7.32,22.86,2,0,1.1,0.064,604774
5249,2021-05-20,189,4,3,1,2017,7.14,14.89,2,1,6.98,0.46,853015
5250,2022-02-05,132,1,2,2,1987,1.11,15.62,1,0,8.14,0.179,492590
5251,2021-04-07,97,4,3,1,1981,8.79,1.64,0,0,6.75,0.254,602140
5252,2022-06-01,327,4,1,2,2014,8.14,12.84,0,1,3.46,0.77,1218952
5253,2022-07-23,297,1,3,2,2000,3.69,13.41,2,1,8.4,0.851,1059154
5254,2023-04-26,226,1,2,2,2006,3.63,1.45,1,1,9.22,0.58,896801
5255,2021-03-10,101,1,1,1,2002,1.48,19.67,0,1,7.15,0.863,318240
5256,2021-04-28,128,5,3,2,2011,1.46,7.32,0,1,5.6,0.857,563714
5257,2023-06-07,113,4,3,1,2005,7.02,18.22,1,0,4.3,0.222,532801
5258,2021-02-28,57,1,1,2,1986,2.68,10.37,0,0,3.97,0.645,238812
5259,2021-02-02,263,1,3,2,2012,9.31,24.89,0,0,7.51,0.778,996025
5260,2021-11-14,74,2,2,1,1996,8.58,5.7,2,1,6.46,0.561,525317
5261,2021-02-19,305,5,3,1,1987,4.14,1.93,0,1,2.41,0.806,1154532
5262,2023-05-30,292,4,2,1,2021,4.42,24.51,0,0,2.27,0.629,963250
5263,2022-05-04,247,3,3,2,1996,3.95,6.47,2,0,1.64,0.284,940330
5264,2021-01-19,143,5,1,2,2021,1.83,16.07,0,1,7.15,0.686,517616
5265,2022-12-27,256,5,2,1,1997,1.28,9.68,2,1,3.83,0.588,937502
5266,2021-07-16,64,2,3,2,2015,5.07,16.17,1,0,1.18,0.625,296285
5267,2023-06-10,227,4,3,1,2018,9.49,15.1,0,1,4.04,0.095,1003228
5268,2022-03-26,124,4,1,1,2002,9.26,17.83,0,0,8.49,0.126,644341
5269,2022-07-13,153,1,1,2,1991,8.29,0.95,2,1,3.23,0.815,699262
5270,2022-11-10,343,1,2,1,2002,6.66,20.99,0,0,6.7,0.431,1246731
5271,2022-03-28,217,5,2,2,2012,8.71,12.23,0,1,4.96,0.215,954303
5272,2021-10-16,164,2,2,1,2007,5.64,13.21,2,0,5.94,0.093,670118
5273,2021-05-21,88,4,3,2,2002,2.62,10.57,0,1,6.36,0.263,435181
5274,2021-03-25,322,2,3,1,1986,7.16,24.74,2,1,5.09,0.295,1151024
5275,2022-11-25,184,3,2,2,1981,9.29,20.14,0,0,1.52,0.983,692583
5276,2022-01-26,281,4,3,1,1980,1.18,8.13,1,1,6.11,0.835,1024572
5277,2022-08-14,88,1,1,2,1983,3.26,19.69,2,1,4.58,0.078,314932
5278,2021-08-03,340,5,3,2,1987,3.39,11.21,1,0,2.8,0.748,1201697
5279,2022-06-10,96,2,2,2,2008,1.89,21.82,1,1,9.07,0.564,345598
5280,2021-08-03,85,1,3,1,1997,3.03,1.26,2,1,7.62,0.228,467565
5281,2022-02-07,144,5,1,2,2016,4.46,9.21,1,0,3.56,0.747,586873
5282,2021-05-08,62,1,2,1,2010,9.46,11.03,0,0,5.85,0.03,433542
5283,2023-04-02,195,4,2,1,1985,8.74,18.73,2,1,9.67,0.732,883926
5284,2022-04-22,114,2,2,1,2003,9.51,4.97,0,1,3.21,0.895,563152
5285,2023-01-30,277,3,2,2,2020,2.09,7.51,1,1,9.53,0.883,1048517
5286,2022-02-08,291,1,3,1,1994,1.25,18.24,2,1,7.15,0.772,974038
5287,2021-01-29,57,2,1,1,2019,1.99,2.38,1,1,5.87,0.935,263240
5288,2023-03-03,92,4,3,2,1991,9.23,5.43,0,1,9.85,0.707,627678
5289,2021-12-04,293,1,3,2,1993,2.42,18.96,2,1,4.0,0.687,1013933
5290,2023-04-11,230,4,2,2,2006,6.15,21.95,1,0,3.5,0.026,867781
5291,2022-12-15,134,3,1,2,2016,3.05,18.36,2,1,4.06,0.174,479616
5292,2021-12-27,204,3,3,1,1992,1.19,13.41,1,1,7.76,0.781,767606
5293,2022-07-23,324,5,1,1,2017,1.76,2.93,0,0,4.03,0.998,1172208
5294,2022-01-27,72,5,1,1,2017,7.39,20.77,2,0,1.92,0.72,344225
5295,2021-08-06,164,5,1,1,1982,2.64,3.54,1,1,6.8,0.58,688985
5296,2022-07-28,348,4,1,1,1995,3.06,9.93,1,0,3.01,0.183,1225629
5297,2022-10-31,148,5,3,2,1991,4.4,1.74,0,0,1.04,0.948,596660
5298,2021-07-21,153,2,1,1,1993,6.92,17.89,2,1,2.79,0.65,649293
5299,2021-01-17,100,4,3,2,2013,5.22,12.84,1,0,8.37,0.489,518954
5300,2021-11-18,161,4,1,2,2010,9.5,22.74,0,0,9.46,0.861,715025
5301,2022-06-02,293,5,1,1,2018,4.91,3.9,2,1,6.96,0.953,1162967
5302,2022-07-24,218,5,3,1,1984,2.79,20.57,1,1,3.79,0.371,795654
5303,2021-11-21,121,4,2,1,1991,5.83,13.01,1,1,4.93,0.516,556172
5304,2022-02-16,188,3,3,2,2005,5.06,9.47,2,1,2.75,0.115,765771
5305,2021-11-14,280,3,1,2,1996,8.08,16.27,2,1,8.93,0.96,1079655
5306,2022-11-12,288,5,3,2,1990,9.42,19.87,1,0,6.99,0.121,1195849
5307,2021-03-23,302,3,1,1,2012,8.53,11.29,0,1,1.76,0.929,1155282
5308,2022-04-19,98,2,3,2,2020,4.5,6.2,0,1,4.3,0.191,500659
5309,2022-04-13,121,2,3,2,2019,2.95,22.94,0,0,5.84,0.909,407917
5310,2022-03-01,312,2,3,2,1983,9.23,8.17,2,0,8.18,0.452,1275838
5311,2023-01-01,271,4,2,2,2011,4.47,24.96,1,0,9.28,0.592,1016005
5312,2022-11-20,126,4,3,1,2010,7.93,19.3,0,0,2.19,0.036,563595
5313,2021-07-23,111,4,3,2,1990,9.91,17.35,2,1,8.51,0.394,618110
5314,2022-08-06,206,4,2,1,1996,6.2,0.8,1,1,1.59,0.493,882819
5315,2022-01-22,343,4,2,1,2006,5.32,11.49,1,0,3.16,0.009,1283680
5316,2023-02-17,174,5,1,1,1987,7.3,12.81,2,1,1.19,0.661,688259
5317,2021-04-08,278,3,1,1,2000,2.75,9.72,2,1,1.57,0.839,969535
5318,2021-12-11,210,5,3,2,2012,5.39,4.17,0,0,1.29,0.025,857993
5319,2023-03-14,78,3,1,1,1984,3.81,9.5,1,1,2.31,0.493,327999
5320,2021-07-27,163,5,3,1,2011,2.48,2.34,1,0,8.89,0.034,751366
5321,2022-05-29,128,2,2,2,2004,6.49,7.63,1,0,3.55,0.873,537183
5322,2022-09-28,72,1,2,2,1987,6.18,2.55,1,0,5.32,0.161,394289
5323,2023-03-03,155,4,3,2,2006,7.85,18.93,0,0,5.38,0.059,702574
5324,2022-08-09,180,1,1,2,2005,8.86,16.94,1,1,9.96,0.858,769933
5325,2021-06-15,222,1,1,1,2019,2.98,23.53,2,1,4.28,0.445,693710
5326,2021-01-22,313,2,1,2,2008,8.02,9.81,0,1,3.39,0.095,1165520
5327,2021-06-03,334,1,3,2,1988,4.31,19.76,1,1,9.67,0.648,1197609
5328,2022-03-15,51,1,1,1,1997,6.66,14.9,0,0,6.33,0.706,288199
5329,2021-10-22,282,2,2,1,1986,8.65,16.33,0,1,3.61,0.568,1016597
5330,2021-08-07,300,3,2,2,2021,3.31,13.91,0,0,3.59,0.332,1019409
5331,2022-10-31,157,5,2,1,2000,6.41,19.59,2,1,1.78,0.424,657057
5332,2022-05-10,325,1,2,2,1995,5.32,1.53,0,0,6.01,0.955,1202102
5333,2021-08-18,229,4,2,2,1982,8.12,2.47,1,1,7.51,0.534,1041296
5334,2021-01-20,262,2,2,1,2011,7.28,2.85,1,1,5.27,0.397,1087359
5335,2022-07-07,342,1,2,1,1989,7.93,7.57,1,0,8.96,0.708,1300062
5336,2021-05-28,121,3,2,1,2011,3.59,14.98,0,0,5.36,0.076,501857
5337,2021-04-18,332,3,2,1,1987,7.34,16.32,1,1,4.12,0.29,1234202
5338,2022-02-07,224,4,3,2,2011,6.45,17.96,0,0,3.26,0.226,861090
5339,2022-08-19,172,1,3,2,1983,5.11,7.38,0,0,3.19,0.68,637978
5340,2022-04-28,276,4,2,1,2008,4.41,16.43,0,0,3.85,0.604,989687
5341,2022-01-02,132,3,2,2,1991,3.98,3.38,1,0,9.93,0.759,588125
5342,2023-04-14,302,3,2,1,2016,1.09,0.74,0,1,4.25,0.427,1063259
5343,2022-02-18,195,5,1,2,2015,2.53,17.52,2,1,5.72,0.174,760249
5344,2021-11-05,169,3,3,2,1998,1.53,18.03,2,0,3.47,0.183,598841
5345,2023-03-13,114,2,2,2,2016,8.64,15.74,0,1,2.29,0.892,530860
5346,2023-04-15,330,5,3,2,2010,8.74,6.84,1,0,6.81,0.075,1367160
5347,2021-05-14,332,4,2,2,2005,8.62,23.22,0,1,5.91,0.594,1233020
5348,2022-12-20,155,3,1,2,1985,8.36,21.95,0,0,1.61,0.232,638599
5349,2021-10-10,349,2,2,1,2008,2.99,13.13,2,1,8.95,0.214,1256935
5350,2023-02-17,156,5,3,1,1996,5.43,24.73,1,0,5.57,0.098,654984
5351,2021-03-14,85,2,3,1,1999,9.17,7.82,1,0,4.02,0.979,484073
5352,2022-04-26,196,5,3,2,2021,7.84,12.53,0,0,8.01,0.061,904404
5353,2021-12-18,311,5,3,1,1989,1.02,23.23,1,0,2.01,0.148,1026191
5354,2022-07-14,208,5,2,2,1985,5.13,11.82,0,1,5.26,0.365,870398
5355,2021-11-22,314,4,1,2,2011,1.1,12.04,0,0,5.94,0.456,1075181
5356,2023-01-15,251,5,1,2,1981,3.53,2.45,2,0,7.98,0.951,991686
5357,2022-03-19,204,5,2,1,1989,4.92,5.68,1,0,4.33,0.242,864170
5358,2021-04-10,62,2,2,2,2016,9.04,4.37,1,0,8.69,0.721,437760
5359,2021-02-28,346,5,3,2,2006,6.89,14.35,2,1,7.28,0.656,1371783
5360,2022-05-23,134,4,2,1,2020,4.26,8.3,1,1,7.94,0.517,597149
5361,2021-09-15,329,2,1,1,1998,5.42,2.39,0,1,9.72,0.266,1266815
5362,2022-02-17,294,5,2,1,2020,8.36,12.99,1,1,8.6,0.157,1224119
5363,2022-03-28,349,2,2,2,1995,3.7,16.9,1,1,4.12,0.177,1215286
5364,2021-03-06,58,4,1,2,1999,6.54,18.54,1,1,6.81,0.346,395555
5365,2022-08-18,296,2,1,1,2015,3.36,21.02,0,0,8.82,0.137,1045825
5366,2021-06-03,327,4,2,2,1984,5.32,12.31,1,1,5.73,0.999,1177414
5367,2021-09-23,287,3,3,2,1997,1.22,10.07,0,1,7.15,0.446,1014242
5368,2023-04-01,252,5,3,2,1987,8.67,17.26,2,1,2.55,0.539,1005900
5369,2021-03-20,296,4,3,1,1992,1.44,0.83,0,1,8.34,0.616,1104271
5370,2021-11-11,284,5,1,2,2020,3.02,16.02,2,0,7.82,0.196,1042837
5371,2022-10-24,130,4,1,1,1989,4.0,10.44,2,0,9.0,0.482,619714
5372,2022-07-14,62,1,3,1,2015,6.63,11.6,0,1,7.39,0.063,395076
5373,2023-06-10,65,1,2,1,1998,7.48,7.76,0,0,8.89,0.969,396733
5374,2021-09-05,94,1,2,2,2010,1.72,3.62,2,0,2.46,0.473,379897
5375,2023-03-01,188,4,2,2,2015,1.39,10.33,2,0,8.32,0.03,732639
5376,2023-05-18,197,5,1,2,2008,8.19,8.05,1,0,9.58,0.599,909794
5377,2022-09-02,285,1,1,1,2002,7.41,24.02,0,1,8.34,0.1,1055095
5378,2022-02-18,240,5,3,1,2011,8.48,23.62,2,0,6.54,0.79,1022942
5379,2021-01-25,150,4,2,2,1990,7.09,16.28,0,1,9.34,0.953,700818
5380,2021-10-11,154,5,1,2,1981,7.76,22.64,0,1,1.85,0.917,646689
5381,2022-03-25,299,5,1,1,2011,4.41,18.91,2,0,1.15,0.428,1047259
5382,2023-05-31,143,1,3,2,1984,6.31,8.97,2,0,9.69,0.713,675209
5383,2021-10-28,269,2,2,1,2010,8.25,15.3,0,1,7.15,0.156,1078641
5384,2021-03-09,347,3,1,1,1992,2.55,5.9,1,1,2.03,0.076,1188357
5385,2021-01-07,182,4,1,1,2001,4.81,17.34,2,1,4.06,0.821,646352
5386,2023-03-28,204,4,1,1,2014,7.66,1.6,0,1,7.74,0.695,901363
5387,2021-05-17,77,4,1,2,1998,5.79,20.87,1,0,7.75,0.907,396189
5388,2021-06-13,331,3,2,1,2008,7.13,14.79,0,1,2.53,0.915,1187118
5389,2021-03-24,165,2,3,1,2002,3.64,1.93,0,1,5.23,0.347,717909
5390,2023-06-16,283,5,2,2,1998,1.29,21.86,2,0,8.27,0.319,1024862
5391,2022-10-12,50,4,3,1,1995,1.26,22.0,1,0,9.7,0.442,223155
5392,2022-02-24,289,5,1,1,2010,9.49,21.39,0,1,6.6,0.666,1168927
5393,2021-03-14,107,1,2,1,1995,9.5,19.47,1,0,6.74,0.005,519261
5394,2021-08-25,232,1,3,1,2005,2.9,17.11,1,1,5.22,0.535,807302
5395,2021-02-15,75,1,3,2,1982,2.33,10.22,2,0,5.85,0.02,332754
5396,2022-09-10,126,4,1,2,2002,1.16,3.84,0,1,1.89,0.451,494911
5397,2023-03-11,266,3,3,2,1988,3.08,7.57,0,1,4.15,0.082,998782
5398,2021-09-19,311,4,3,2,2003,4.01,9.0,2,1,5.57,0.562,1197990
5399,2021-06-25,72,1,3,1,2012,3.17,9.27,2,1,3.47,0.314,365113
5400,2021-06-15,293,1,1,1,1993,8.18,14.35,0,0,4.24,0.479,1107053
5401,2022-10-19,207,4,2,2,2007,7.74,5.61,2,0,9.74,0.958,953525
5402,2023-04-22,255,3,1,1,2003,1.73,5.15,0,1,1.05,0.341,905956
5403,2022-01-05,136,3,3,2,2022,7.28,18.07,1,0,3.72,0.719,575206
5404,2023-03-06,316,5,3,1,1986,5.69,0.68,1,1,6.26,0.683,1278060
5405,2021-02-23,183,2,2,2,2017,2.19,4.16,2,0,3.51,0.869,681709
5406,2022-11-21,316,1,3,2,2004,7.66,11.16,1,1,7.09,0.334,1205233
5407,2022-02-23,317,3,2,2,1981,1.77,4.15,0,1,3.69,0.056,1163485
5408,2023-01-26,102,1,3,2,1980,2.59,24.02,1,0,6.74,0.971,336244
5409,2022-05-22,148,2,3,1,2002,2.34,16.92,1,1,8.65,0.362,589056
5410,2021-12-07,296,1,1,1,2019,9.45,11.1,1,0,6.93,0.194,1139945
5411,2021-05-07,85,3,1,1,1997,7.28,3.25,0,1,1.45,0.914,439565
5412,2022-02-13,77,5,2,2,1987,4.7,9.94,2,0,8.16,0.191,488753
5413,2022-01-02,269,4,1,2,2013,8.4,16.44,0,0,2.92,0.529,1032109
5414,2021-09-28,151,4,2,1,2022,2.94,24.24,2,1,6.71,0.756,579541
5415,2022-10-06,312,3,1,1,1987,9.38,12.08,1,1,6.82,0.731,1227993
5416,2022-08-28,320,3,2,1,2008,7.27,17.46,1,1,8.23,0.029,1246588
5417,2022-01-14,273,2,3,1,1992,6.04,5.29,1,1,5.55,0.202,1093744
5418,2021-03-14,188,1,2,2,1980,8.15,15.78,0,0,4.38,0.888,741889
5419,2021-09-05,329,2,1,2,2008,6.8,6.36,1,1,5.66,0.553,1253036
5420,2023-05-10,335,4,2,1,2016,8.98,5.35,0,0,5.91,0.687,1326903
5421,2023-02-24,299,1,1,1,1980,8.46,12.98,0,0,8.39,0.402,1096327
5422,2021-02-12,127,2,3,1,1984,2.78,5.69,2,0,2.85,0.745,514810
5423,2022-01-12,346,4,1,2,1981,3.16,18.17,2,1,8.62,0.289,1212009
5424,2021-02-10,62,1,3,1,2001,1.59,23.46,2,0,4.29,0.232,223012
5425,2021-06-19,131,5,3,2,2009,2.98,10.14,2,0,7.69,0.997,601068
5426,2021-07-31,58,5,1,2,1990,4.09,8.4,0,1,4.02,0.158,308570
5427,2022-05-08,262,2,3,1,2008,1.26,4.81,0,0,7.38,0.981,938720
5428,2022-11-11,97,3,1,1,2021,3.83,10.06,2,0,8.19,0.927,451828
5429,2021-02-08,98,1,2,1,1982,7.94,14.21,2,1,6.02,0.715,501451
5430,2022-01-04,89,2,3,2,1992,8.56,9.64,2,1,6.58,0.582,513094
5431,2023-01-27,329,3,2,1,1982,1.08,15.77,2,0,7.37,0.005,1156217
5432,2021-05-31,275,3,2,1,1989,1.06,16.73,2,0,7.2,0.635,916766
5433,2021-04-21,157,1,1,2,1983,2.32,2.9,2,1,7.55,0.772,640173
5434,2022-04-25,294,1,1,2,1993,8.85,17.6,2,0,8.65,0.733,1130006
5435,2022-03-12,304,3,3,2,2002,5.22,22.56,1,1,2.98,0.172,1078740
5436,2021-02-16,82,4,1,1,1996,9.85,1.14,2,0,2.93,0.545,554765
5437,2022-07-29,72,2,2,2,1980,8.99,14.01,2,1,9.74,0.55,468870
5438,2023-01-07,103,1,2,2,1994,9.01,15.29,0,1,8.66,0.653,524997
5439,2022-01-01,98,3,2,2,1981,2.16,17.89,2,0,6.33,0.831,399360
5440,2021-03-10,127,4,3,2,1997,5.28,9.95,2,1,1.07,0.698,590452
5441,2021-10-26,171,5,1,2,2018,9.94,20.56,2,1,8.69,0.141,808819
5442,2023-03-13,139,3,2,1,2001,2.34,13.73,0,0,7.76,0.019,548647
5443,2021-10-23,242,4,3,2,2007,6.17,10.52,0,0,9.61,0.137,1011100
5444,2021-07-22,293,5,1,2,2009,4.1,18.12,1,1,1.12,0.04,1045721
5445,2021-03-02,198,4,1,2,1992,4.49,23.22,0,1,1.26,0.437,682478
5446,2023-04-10,195,1,2,1,1982,9.02,20.39,0,0,5.66,0.284,806866
5447,2021-11-10,190,3,3,1,1982,6.29,23.3,1,1,8.7,0.007,826998
5448,2021-06-10,335,5,2,2,2005,7.83,7.02,0,1,9.92,0.08,1426645
5449,2021-11-27,160,4,2,2,1983,7.06,3.4,1,1,3.88,0.398,802388
5450,2022-06-12,157,5,3,2,1995,5.76,13.59,1,1,1.33,0.94,623424
5451,2021-12-04,330,2,2,2,2007,8.13,1.59,0,1,2.76,0.995,1257910
5452,2022-08-29,99,3,3,1,1987,9.74,17.03,0,1,8.89,0.05,583583
5453,2021-10-31,63,1,3,1,2019,9.7,6.38,1,0,5.2,0.831,418303
5454,2022-05-18,183,5,2,1,1995,8.11,11.63,1,0,8.68,0.48,883745
5455,2022-10-12,125,4,2,2,2010,5.39,16.56,1,0,5.0,0.621,545575
5456,2021-12-04,133,5,1,2,2002,2.47,12.34,1,1,1.48,0.506,481597
5457,2022-07-04,207,4,1,1,1981,1.4,6.28,0,0,6.56,0.925,804910
5458,2022-10-01,335,5,3,1,1988,3.08,22.07,2,0,4.92,0.478,1139101
5459,2021-10-02,143,1,3,2,2006,4.06,19.23,1,1,5.42,0.168,548632
5460,2021-06-13,346,1,3,1,2001,2.17,15.23,0,0,9.54,0.78,1181866
5461,2022-03-19,143,3,1,1,2013,3.02,17.61,1,0,5.11,0.514,497750
5462,2021-11-15,106,1,2,1,1988,1.75,10.68,2,0,8.17,0.117,455652
5463,2022-08-12,213,5,2,1,2012,5.71,9.71,0,0,1.53,0.462,829187
5464,2022-05-19,147,5,1,1,2017,2.14,4.42,0,1,5.31,0.687,626870
5465,2022-11-17,65,1,2,2,2013,7.68,20.19,2,1,6.28,0.296,380309
5466,2022-01-22,127,2,2,2,2014,3.99,9.84,2,1,2.02,0.912,450615
5467,2023-05-20,121,5,2,2,2005,7.05,17.46,0,0,3.72,0.85,508374
5468,2023-04-13,319,3,1,2,1986,8.94,7.85,2,0,7.66,0.568,1296544
5469,2023-06-07,336,2,3,1,2006,1.77,20.0,0,1,2.66,0.054,1118461
5470,2022-08-26,115,1,2,2,1991,9.9,3.08,2,0,2.16,0.583,581199
5471,2023-01-20,117,4,2,1,1996,6.81,15.81,1,1,3.69,0.416,538734
5472,2023-02-15,242,5,3,1,2000,1.48,20.29,1,1,8.73,0.724,881402
5473,2022-11-22,104,4,2,2,2022,3.83,16.68,0,1,7.87,0.267,441647
5474,2022-05-09,217,3,2,2,2001,8.98,17.55,0,0,7.99,0.606,948350
5475,2022-05-05,74,2,3,2,2005,6.37,13.39,0,1,3.9,0.554,368582
5476,2022-12-22,180,4,1,2,2018,3.59,14.2,1,1,1.89,0.527,665345
5477,2021-03-14,151,3,1,1,1992,9.46,2.11,1,0,1.29,0.116,767233
5478,2022-05-24,331,4,2,1,2021,8.09,6.64,0,1,6.28,0.49,1317037
5479,2022-01-25,345,4,2,1,2021,7.62,18.19,2,1,7.32,0.551,1327730
5480,2022-09-11,343,3,3,2,2002,9.0,23.66,0,0,4.4,0.928,1223640
5481,2023-05-07,312,5,3,2,2009,7.93,13.77,0,1,5.76,0.461,1233583
5482,2021-10-22,169,4,2,1,1996,3.58,18.28,0,1,3.51,0.64,604486
5483,2022-01-04,280,3,2,1,2006,6.25,17.25,2,1,4.28,0.569,1073103
5484,2023-03-07,340,4,1,2,1999,8.58,24.98,1,1,7.57,0.195,1273683
5485,2023-05-15,210,5,1,2,1986,2.63,19.98,2,1,7.46,0.184,784617
5486,2022-11-25,210,3,1,1,1983,2.47,15.88,1,0,1.25,0.739,671463
5487,2022-07-03,127,4,1,1,2010,2.43,3.32,1,1,9.5,0.523,602629
5488,2022-10-11,87,1,3,1,2009,2.75,9.39,2,0,3.42,0.896,360019
5489,2023-04-30,77,5,1,2,2010,1.93,6.64,1,1,9.17,0.908,365054
5490,2022-07-22,149,4,1,1,1983,8.54,21.42,2,0,5.61,0.297,668466
5491,2021-07-06,343,2,2,1,1997,8.36,11.43,1,1,5.49,0.102,1333009
5492,2023-05-03,173,3,1,2,1999,2.36,13.61,0,0,5.06,0.344,649632
5493,2023-02-09,141,4,2,1,2019,7.35,24.14,1,0,9.3,0.067,626044
5494,2022-03-21,304,5,2,1,2019,6.64,21.0,2,1,2.87,0.781,1099765
5495,2022-07-24,146,5,1,1,2002,3.49,19.85,1,0,6.5,0.146,598240
5496,2021-12-29,55,2,1,2,2017,3.05,3.98,0,1,3.86,0.866,269977
5497,2021-05-03,218,2,2,2,1988,3.26,1.06,2,0,9.24,0.415,921634
5498,2021-07-07,320,4,3,1,1995,7.58,3.58,0,0,2.52,0.279,1287246
5499,2023-01-12,157,1,2,2,2000,3.87,18.64,0,0,7.09,0.502,574916
5500,2022-11-11,348,5,3,1,1988,3.5,10.56,0,1,4.8,0.605,1271474
5501,2022-02-24,96,1,3,1,2004,1.2,3.38,2,0,6.95,0.702,412621
5502,2022-09-18,148,1,1,2,2015,9.17,18.61,1,1,2.42,0.338,618610
5503,2021-09-09,63,4,1,1,2022,7.77,5.27,0,1,4.54,0.983,417406
5504,2022-09-11,243,3,1,2,1993,5.26,14.93,2,0,1.97,0.422,910427
5505,2022-07-03,206,3,1,2,1996,9.49,18.67,1,0,9.72,0.834,834029
5506,2021-12-01,203,3,2,1,2007,3.64,15.4,1,0,2.93,0.035,738980
5507,2021-04-02,164,2,3,1,2020,7.07,24.84,2,0,9.94,0.778,686435
5508,2022-06-14,307,5,2,2,1987,3.75,11.14,2,1,4.77,0.551,1137533
5509,2023-05-16,194,2,3,2,1993,3.83,8.14,1,1,1.64,0.64,726138
5510,2021-03-04,340,5,2,1,1994,8.6,5.43,1,1,1.16,0.373,1338546
5511,2022-10-24,59,5,3,2,2018,8.08,12.84,0,0,6.39,0.545,458975
5512,2022-05-27,263,5,1,1,2004,3.65,21.39,1,0,6.53,0.932,915677
5513,2021-05-19,282,4,3,1,1990,1.73,23.7,0,1,5.72,0.386,948122
5514,2022-11-29,220,3,1,2,2008,4.22,24.32,0,0,1.6,0.106,749570
5515,2021-07-04,70,2,3,1,1982,7.84,13.52,1,1,3.98,0.721,395482
5516,2021-07-24,64,2,2,2,2018,1.9,15.33,2,0,4.23,0.505,250653
5517,2023-02-11,175,4,3,1,2001,7.05,14.75,1,1,7.34,0.425,770175
5518,2021-08-02,262,5,2,1,2016,9.01,11.92,0,0,4.77,0.778,1061694
5519,2021-09-13,237,3,2,1,2020,2.61,4.23,1,0,6.16,0.562,898712
5520,2021-05-15,221,1,1,1,1999,8.76,2.1,1,1,3.58,0.631,900581
5521,2022-07-27,296,1,3,1,1998,1.46,11.2,2,0,7.53,0.926,1016127
5522,2023-05-25,54,4,2,1,1992,7.0,5.06,0,0,1.42,0.059,392184
5523,2023-04-02,280,3,3,2,2006,8.12,22.22,0,0,9.9,0.262,1067088
5524,2021-03-29,250,1,1,2,1998,5.0,19.16,0,1,6.77,0.898,855164
5525,2023-04-16,198,1,1,1,1995,2.83,15.65,0,1,2.34,0.793,691370
5526,2021-07-26,121,2,3,2,1981,9.32,1.66,2,0,7.46,0.189,702788
5527,2021-05-09,275,3,2,2,1980,1.18,15.75,2,0,8.08,0.169,998585
5528,2023-04-03,123,1,2,2,1982,6.0,15.72,0,0,8.1,0.825,513348
5529,2021-01-03,218,2,2,2,2003,4.36,11.26,1,0,3.44,0.553,792740
5530,2023-01-24,298,3,3,2,2017,5.15,16.61,0,0,9.63,0.86,1125487
5531,2021-05-01,329,5,2,1,1981,5.83,21.52,1,0,1.16,0.918,1166461
5532,2022-01-20,201,3,2,1,1995,5.81,19.07,0,1,4.42,0.07,764183
5533,2022-09-06,273,4,2,1,2008,2.83,12.1,2,1,1.94,0.97,938406
5534,2021-02-07,274,2,1,1,2016,7.12,6.93,2,0,4.46,0.716,1026683
5535,2021-12-07,87,5,2,1,1983,1.17,12.21,0,0,1.52,0.834,302505
5536,2022-10-07,93,2,3,2,1993,1.19,23.68,1,1,6.8,0.63,347724
5537,2022-12-15,234,2,3,2,1996,5.31,20.59,1,1,1.56,0.305,840513
5538,2023-05-10,290,1,2,1,1996,5.88,1.16,1,1,6.54,0.599,1157379
5539,2021-01-21,259,3,3,1,1999,3.47,19.68,2,1,3.11,0.516,895481
5540,2021-08-30,72,2,3,2,2008,5.97,4.68,1,1,2.61,0.932,378550
5541,2022-03-31,173,2,2,1,2020,5.64,14.49,1,0,4.12,0.555,662981
5542,2022-09-13,135,4,1,1,2005,4.14,20.26,1,0,6.77,0.028,559247
5543,2021-10-30,92,4,2,2,2021,6.87,14.25,2,0,6.2,0.686,486112
5544,2022-08-19,89,4,3,1,2017,9.62,10.39,0,1,7.12,0.051,609248
5545,2022-08-18,218,2,3,1,1996,5.42,8.37,2,1,9.27,0.944,912107
5546,2023-03-14,224,5,2,1,1991,8.07,7.97,2,1,2.83,0.487,981090
5547,2021-03-10,69,3,3,1,2007,3.23,21.02,0,0,4.72,0.968,278757
5548,2021-05-09,158,2,1,1,1988,7.86,20.71,0,1,3.39,0.026,664646
5549,2021-07-15,242,1,2,2,2011,6.84,20.67,1,0,6.28,0.533,840844
5550,2021-05-20,293,5,3,1,2013,6.76,7.43,1,0,3.55,0.226,1177312
5551,2022-03-20,329,5,1,1,1995,9.04,20.07,0,0,6.02,0.641,1265644
5552,2021-10-10,277,3,3,2,2010,3.1,1.4,1,0,8.41,0.498,1136647
5553,2021-11-08,85,5,1,1,2006,4.32,5.56,0,1,5.96,0.566,458597
5554,2023-01-16,94,3,3,1,2008,1.75,13.11,1,0,8.54,0.36,377757
5555,2022-06-19,77,5,2,2,1980,7.54,10.47,2,1,6.5,0.052,556776
5556,2022-10-27,203,3,3,2,2006,8.59,3.24,1,0,8.83,0.106,945079
5557,2021-10-04,72,4,2,2,2011,4.65,1.52,0,1,9.37,0.859,470982
5558,2021-03-02,256,4,1,2,1990,4.21,15.47,0,0,5.57,0.703,930818
5559,2021-11-15,140,5,1,2,2014,6.93,8.18,2,0,8.12,0.769,693543
5560,2023-06-09,87,5,3,1,1981,1.68,0.89,1,0,5.22,0.123,425938
5561,2021-02-21,277,3,2,2,1980,3.64,11.06,0,0,7.35,0.049,1029827
5562,2023-05-06,251,3,2,2,1985,4.3,8.02,1,0,1.34,0.017,906089
5563,2021-06-02,303,2,1,2,1986,5.67,14.63,0,0,9.7,0.522,1127344
5564,2023-01-19,87,4,1,2,1981,5.29,23.28,1,0,9.05,0.501,391507
5565,2021-11-07,270,2,3,1,1981,2.88,8.04,2,0,9.04,0.111,997837
5566,2023-03-25,236,2,1,2,1984,5.87,24.93,1,1,3.53,0.347,842072
5567,2022-06-28,92,1,1,1,1992,9.33,2.61,1,1,3.55,0.53,500352
5568,2022-07-21,163,3,2,1,1998,1.24,2.66,0,0,4.62,0.676,619332
5569,2023-05-14,309,1,2,2,1998,7.12,17.97,1,0,8.92,0.81,1121491
5570,2022-01-24,54,1,2,1,1980,6.62,18.84,0,1,8.73,0.641,332288
5571,2022-07-02,117,2,1,1,2014,9.32,10.86,0,0,3.61,0.03,596313
5572,2022-09-14,277,1,3,1,1997,6.81,7.51,1,0,5.88,0.586,1078288
5573,2021-06-26,172,3,3,2,2011,6.62,19.95,0,1,5.28,0.088,717901
5574,2021-12-28,222,2,1,2,2011,7.93,23.93,2,1,6.86,0.565,849674
5575,2021-11-10,202,3,3,1,1987,3.41,24.75,1,0,2.93,0.376,667080
5576,2023-03-18,316,5,1,2,1990,6.36,16.04,2,0,1.77,0.286,1153926
5577,2023-04-28,206,1,3,2,1999,5.67,18.63,1,1,1.25,0.482,751987
5578,2021-04-07,211,2,1,2,1987,4.95,20.65,0,0,4.43,0.381,776672
5579,2023-05-31,263,4,2,1,2007,1.72,20.07,2,1,9.52,0.83,951548
5580,2021-08-01,75,3,3,2,2000,3.63,24.84,2,0,7.16,0.226,355100
5581,2023-04-09,341,1,2,2,2017,3.52,20.36,0,0,7.74,0.137,1160823
5582,2021-05-17,238,3,2,1,2017,7.52,16.73,1,1,9.51,0.837,979985
5583,2021-01-06,171,3,3,2,1985,9.29,9.72,1,1,4.8,0.243,775922
5584,2021-04-19,279,5,1,1,1981,3.08,15.15,1,0,5.27,0.032,1005362
5585,2022-07-01,108,3,2,2,1989,1.67,22.07,1,0,4.24,0.387,382403
5586,2021-02-08,145,5,2,2,2021,10.0,7.98,2,1,2.63,0.819,756441
5587,2022-10-24,311,5,1,2,1988,7.22,1.25,0,1,7.9,0.432,1275303
5588,2022-03-01,185,5,1,2,1982,8.98,8.52,0,0,9.16,0.47,853472
5589,2022-09-22,332,1,3,1,1981,2.29,24.03,2,0,8.32,0.047,1126630
5590,2021-09-18,169,3,3,2,2015,8.21,19.95,0,0,1.43,0.711,661990
5591,2022-03-02,74,3,1,1,1987,8.32,5.08,0,0,3.69,0.344,473062
5592,2021-03-28,195,5,2,1,1988,2.36,0.79,0,0,6.33,0.729,808126
5593,2022-04-10,61,3,1,2,2005,2.45,16.89,2,0,3.94,0.411,282750
5594,2021-03-17,136,3,3,2,2013,3.66,14.69,2,0,2.35,0.527,554229
5595,2022-04-16,158,5,2,2,2009,2.95,2.53,0,0,5.85,0.589,674557
5596,2022-02-18,315,4,2,2,2017,9.78,24.17,2,1,5.69,0.197,1245052
5597,2023-04-05,271,4,3,2,1987,4.27,15.64,2,1,7.39,0.294,1093838
5598,2023-06-14,123,5,2,2,1982,7.85,16.46,2,0,10.0,0.586,641852
5599,2022-12-27,151,1,1,2,1990,8.25,21.41,1,0,6.83,0.823,608198
5600,2022-04-02,186,3,3,2,2004,4.47,8.76,2,1,3.85,0.961,745922
5601,2021-10-12,240,3,2,2,1984,7.14,14.18,1,0,9.61,0.524,982762
5602,2021-08-27,191,4,3,1,1991,1.97,14.62,0,1,6.14,0.074,720317
5603,2022-11-08,122,5,2,2,2009,4.57,24.2,0,0,6.81,0.956,509018
5604,2022-08-22,216,1,1,2,2006,9.71,3.72,0,1,4.22,0.421,908596
5605,2022-10-15,217,5,3,1,2022,2.52,19.09,2,1,5.07,0.102,867061
5606,2022-11-03,103,4,2,2,1984,4.47,14.59,1,1,4.77,0.972,486874
5607,2022-07-12,308,4,1,2,1999,8.11,21.21,2,0,9.43,0.281,1208397
5608,2022-01-07,160,3,1,1,2000,6.99,20.88,0,0,8.29,0.657,652842
5609,2022-05-10,281,2,1,2,1982,6.68,0.79,1,0,1.82,0.144,1073930
5610,2022-09-16,210,1,2,1,2020,8.68,6.78,2,0,3.82,0.72,873698
5611,2021-02-14,68,1,2,2,1983,1.26,4.93,2,1,1.5,0.976,281212
5612,2022-02-05,339,2,1,2,2003,7.94,11.81,0,1,5.65,0.985,1236315
5613,2021-09-04,99,4,1,2,1986,8.94,22.68,2,0,3.51,0.126,526107
5614,2022-09-08,224,5,1,1,2003,1.15,0.62,2,1,1.66,0.769,856381
5615,2022-08-20,233,1,1,1,1990,6.03,12.46,0,0,7.95,0.664,873767
5616,2022-03-26,234,2,1,1,1981,4.14,22.18,1,1,1.82,0.801,782961
5617,2022-04-30,130,3,2,1,2020,1.46,23.19,2,0,3.44,0.333,413638
5618,2022-10-08,205,3,3,2,1985,4.76,16.6,0,0,7.94,0.402,802519
5619,2022-09-12,324,4,3,1,1986,6.8,20.83,2,1,5.6,0.342,1273709
5620,2021-01-18,332,1,3,2,2017,9.27,8.44,1,1,8.35,0.767,1344951
5621,2022-08-29,298,5,2,2,1997,6.58,7.51,1,0,4.73,0.809,1174825
5622,2022-10-24,196,1,3,2,1988,8.71,1.7,0,1,8.33,0.249,922289
5623,2023-01-28,56,3,3,2,2007,2.09,12.83,0,1,5.84,0.573,278005
5624,2021-10-16,206,1,3,2,1998,2.89,11.67,2,0,1.79,0.126,736144
5625,2022-02-18,220,3,3,1,1983,9.73,9.61,0,0,5.24,0.013,962715
5626,2022-12-22,118,2,1,2,1983,8.99,3.28,0,0,5.98,0.61,625461
5627,2022-09-30,143,2,2,2,1992,3.12,6.15,0,0,6.51,0.84,589127
5628,2021-08-23,235,3,3,1,2007,6.59,5.49,2,0,9.35,0.907,996177
5629,2022-02-20,219,5,1,2,1990,4.26,23.63,0,0,2.65,0.62,763247
5630,2022-05-14,253,5,3,1,1981,5.22,24.18,1,0,6.45,0.809,923236
5631,2022-09-26,91,1,3,2,1985,8.75,0.58,0,0,7.77,0.404,566735
5632,2022-10-12,62,3,3,1,1991,7.62,4.68,2,0,9.01,0.875,453565
5633,2021-04-25,203,4,3,2,2019,3.15,22.28,2,0,5.73,0.775,729230
5634,2022-11-05,323,5,3,2,2016,3.84,1.44,1,1,2.93,0.309,1250597
5635,2022-12-14,347,5,1,1,2003,3.61,23.61,1,1,8.36,0.597,1234998
5636,2021-08-22,100,2,3,2,1988,8.03,9.81,2,1,9.15,0.051,593607
5637,2022-06-24,261,5,1,2,2005,5.41,13.7,2,0,1.96,0.147,999183
5638,2021-01-11,193,5,3,1,1983,9.56,19.21,2,1,3.07,0.947,822373
5639,2021-07-25,52,5,2,1,2020,8.35,6.48,2,0,8.84,0.01,501502
5640,2022-11-10,303,3,1,2,1983,2.9,2.97,1,0,5.36,0.203,1162090
5641,2021-09-04,305,3,3,1,2013,8.07,20.34,2,1,2.52,0.139,1154392
5642,2022-07-13,147,2,1,2,2001,5.55,24.62,1,0,6.81,0.699,514954
5643,2023-01-28,222,1,3,1,1992,3.28,16.64,2,0,5.12,0.106,819573
5644,2021-05-07,199,5,3,1,1994,4.27,20.72,1,0,9.71,0.02,829910
5645,2021-05-27,328,1,1,1,2019,9.75,23.56,2,0,3.0,0.93,1168767
5646,2021-04-28,108,3,3,2,2017,5.36,6.1,0,0,4.26,0.873,532157
5647,2022-01-17,162,5,3,2,2020,7.48,9.08,2,1,2.5,0.358,755565
5648,2022-02-16,292,1,3,2,2022,5.29,5.87,1,1,1.45,0.101,1077235
5649,2022-10-26,106,1,3,1,1981,4.34,2.01,2,1,3.47,0.678,509951
5650,2022-08-07,109,4,3,2,1981,8.17,18.44,2,1,8.38,0.883,604892
5651,2021-12-29,265,3,3,2,2022,8.63,4.07,0,1,3.41,0.975,1089685
5652,2022-05-24,282,2,1,1,1987,1.65,2.77,2,1,7.27,0.13,1050351
5653,2021-05-17,104,2,2,1,2017,3.51,9.26,0,1,5.73,0.6,456725
5654,2021-06-24,257,4,3,2,1997,5.57,1.98,2,1,5.68,0.431,1096450
5655,2021-10-16,112,1,1,2,2008,3.85,4.9,0,1,8.03,0.157,486930
5656,2022-04-26,233,4,2,2,1990,8.05,2.21,0,0,6.56,0.808,986467
5657,2021-01-19,330,4,1,2,1985,2.03,21.99,0,0,2.44,0.782,1047554
5658,2021-07-14,75,3,2,2,1988,8.18,19.6,2,1,2.99,0.965,404711
5659,2021-11-26,226,5,2,1,2001,6.56,21.56,0,0,5.89,0.086,938600
5660,2021-06-24,112,1,2,2,2004,3.6,21.77,2,0,8.61,0.239,442212
5661,2022-03-25,122,2,1,2,2010,4.1,23.64,1,0,2.37,0.828,397315
5662,2021-12-20,216,2,2,2,2000,2.65,5.07,2,1,1.96,0.395,789389
5663,2022-05-14,274,4,3,1,2017,3.27,22.55,2,1,5.66,0.476,998492
5664,2021-05-21,114,4,3,1,1998,7.46,13.36,1,0,2.7,0.612,529061
5665,2023-01-28,118,4,2,2,1989,4.38,4.57,0,0,9.95,0.408,599351
5666,2023-06-16,58,1,2,2,2016,7.19,16.57,2,0,1.04,0.035,290508
5667,2021-04-03,285,4,3,2,1991,5.63,8.51,2,0,5.04,0.604,1073002
5668,2021-08-27,247,4,1,2,1998,2.31,1.64,2,1,2.46,0.229,995255
5669,2021-07-24,222,5,1,1,1981,5.49,2.43,0,0,7.13,0.969,936498
5670,2022-07-14,331,1,3,2,1994,7.81,10.88,0,1,6.67,0.69,1272607
5671,2022-03-09,77,3,1,2,2017,3.68,20.75,1,0,8.26,0.841,340128
5672,2021-09-02,345,3,1,2,1987,6.83,8.12,2,1,6.07,0.954,1329971
5673,2023-04-12,183,5,2,1,2014,2.79,19.27,1,1,2.7,0.063,689077
5674,2021-11-13,76,2,1,1,2017,2.22,1.87,0,1,1.48,0.149,356973
5675,2021-10-22,87,3,3,1,2022,4.24,10.15,0,1,7.5,0.808,430619
5676,2022-10-02,245,1,1,1,2009,4.5,3.62,1,1,4.96,0.885,908695
5677,2023-05-06,252,2,2,1,1988,7.85,21.66,0,0,3.0,0.005,905199
5678,2021-10-09,134,4,3,2,2009,5.14,24.21,2,0,3.27,0.945,518218
5679,2021-01-17,79,1,3,1,1998,1.73,8.48,0,0,2.34,0.454,288300
5680,2021-03-12,148,2,3,2,2008,6.71,24.73,0,0,3.55,0.463,560917
5681,2021-09-26,239,3,2,2,1981,5.22,18.93,1,0,8.13,0.879,906142
5682,2021-11-21,61,4,3,2,2007,3.98,0.53,0,0,6.59,0.29,421901
5683,2023-03-05,140,4,2,1,1987,8.22,12.39,0,1,9.89,0.583,732741
5684,2021-11-01,79,1,2,1,2004,2.39,20.94,1,0,5.72,0.334,269204
5685,2022-03-27,262,4,1,1,1989,9.22,13.58,2,1,5.69,0.114,1109187
5686,2021-01-07,87,2,3,2,2001,4.01,13.97,1,0,2.72,0.359,360079
5687,2021-11-10,109,5,1,2,2014,5.15,11.47,2,0,6.28,0.173,543529
5688,2023-03-28,343,3,1,1,2021,9.36,10.18,2,1,6.48,0.521,1350249
5689,2021-04-13,192,1,2,1,2003,7.85,1.17,1,0,2.86,0.53,796814
5690,2023-04-01,229,5,1,1,2005,1.67,15.73,1,1,1.79,0.437,784923
5691,2021-07-12,334,5,1,2,2010,6.2,19.28,1,0,4.32,0.174,1234869
5692,2023-01-23,161,1,1,2,2002,3.79,19.86,0,1,2.55,0.119,530572
5693,2022-07-28,279,2,3,1,1981,5.58,15.8,2,0,5.53,0.105,1039691
5694,2022-06-13,70,3,1,2,2018,7.69,8.86,2,0,5.73,0.112,478463
5695,2021-06-20,194,1,2,2,2012,5.47,1.05,2,0,6.47,0.295,854737
5696,2022-06-21,195,5,3,1,2003,1.64,22.45,1,1,6.43,0.002,749981
5697,2021-09-08,215,5,2,2,1991,5.77,11.01,2,0,7.07,0.062,958660
5698,2023-02-04,189,1,3,2,2016,1.22,15.23,2,1,3.07,0.47,668173
5699,2022-01-22,252,5,3,2,1988,4.14,5.27,2,1,7.58,0.183,1060980
5700,2021-07-26,293,1,3,1,2022,5.3,3.98,2,0,5.72,0.263,1171443
5701,2022-06-25,162,1,2,2,1982,6.8,2.63,1,1,4.94,0.353,761780
5702,2022-09-21,250,3,1,2,2002,5.56,20.07,0,1,6.83,0.04,938270
5703,2022-02-20,308,1,3,1,2003,2.37,16.34,0,0,5.51,0.22,1048114
5704,2023-03-05,304,5,2,1,2012,9.39,15.72,1,1,5.73,0.777,1208253
5705,2022-01-15,72,4,3,2,2009,6.85,23.03,0,0,1.21,0.341,343585
5706,2021-05-24,295,3,1,2,2017,3.85,4.39,2,1,8.22,0.186,1119502
5707,2021-01-25,136,5,3,2,2022,9.69,4.67,0,0,4.82,0.198,740380
5708,2023-04-02,268,5,2,1,1981,8.94,5.14,0,0,5.66,0.985,1137117
5709,2022-10-30,76,3,3,1,2019,2.29,10.87,2,1,4.51,0.148,357834
5710,2021-03-14,339,3,2,2,2001,6.9,21.92,2,0,5.96,0.905,1209376
5711,2022-09-24,338,5,1,1,1990,6.04,22.1,2,0,1.49,0.081,1216240
5712,2023-04-04,272,4,1,1,1991,2.74,14.97,1,0,4.46,0.874,929738
5713,2023-04-13,227,2,3,1,1998,3.1,16.62,0,0,7.02,0.507,837229
5714,2021-04-03,197,5,1,1,1999,6.07,22.5,1,0,9.45,0.609,818929
5715,2022-05-20,276,3,2,1,1988,3.89,15.79,1,0,8.64,0.246,1014611
5716,2022-08-21,235,1,3,1,2022,8.51,6.13,2,0,9.67,0.899,1000881
5717,2021-12-02,343,1,2,2,1997,1.88,17.77,0,1,8.03,0.587,1147038
5718,2022-03-01,90,3,3,2,2020,9.23,19.36,1,1,6.69,0.676,496669
5719,2022-05-14,240,3,2,2,1997,8.56,16.07,2,0,4.81,0.557,997533
5720,2021-12-30,128,2,3,1,2019,7.65,7.2,1,0,2.11,0.125,606342
5721,2022-09-22,254,3,2,2,2015,3.36,10.3,0,0,3.26,0.836,911617
5722,2023-01-15,327,1,2,2,2006,7.43,12.03,2,1,3.44,0.184,1195504
5723,2021-07-18,321,4,3,1,1992,4.95,4.06,1,1,4.85,0.292,1238412
5724,2022-12-19,81,3,2,2,1987,6.7,11.58,0,0,6.49,0.67,414202
5725,2022-02-17,191,2,1,2,2022,3.81,4.45,0,1,6.57,0.093,749675
5726,2021-12-05,300,4,2,2,2002,8.52,12.74,1,0,5.1,0.933,1156952
5727,2022-10-21,343,2,3,2,1992,1.37,1.74,0,0,3.47,0.124,1215919
5728,2022-03-05,147,4,1,1,1986,7.22,23.74,2,0,1.51,0.667,601678
5729,2023-02-22,185,3,1,2,2019,8.46,6.54,2,0,9.9,0.635,861155
5730,2023-06-18,326,1,2,1,1981,6.82,11.94,2,1,9.46,0.698,1245757
5731,2021-05-19,92,4,2,1,1982,2.73,1.3,2,1,2.65,0.433,467815
5732,2022-11-24,169,5,2,2,2021,3.56,5.22,1,1,6.45,0.382,733100
5733,2022-06-26,269,2,1,1,2018,5.63,17.48,1,1,3.66,0.978,941343
5734,2021-02-26,95,4,1,1,2002,3.97,3.24,0,1,2.75,0.817,485023
5735,2021-08-20,285,2,1,1,1986,1.04,15.89,0,0,7.16,0.485,948153
5736,2022-10-20,97,1,3,1,1983,1.37,0.55,0,0,8.08,0.182,493237
5737,2022-03-11,247,2,3,2,1987,7.91,11.89,2,1,4.66,0.891,989930
5738,2022-01-19,133,2,2,2,2011,1.75,18.17,1,0,1.53,0.649,407154
5739,2022-07-14,80,5,3,1,1998,9.35,23.19,1,1,4.61,0.136,514970
5740,2021-07-13,210,2,3,1,1991,4.98,12.57,0,0,5.79,0.183,844817
5741,2023-01-06,120,4,2,1,1989,7.82,21.09,1,1,9.04,0.541,588739
5742,2022-10-10,57,2,2,1,1993,2.13,20.16,1,1,6.91,0.504,247519
5743,2022-06-18,101,3,1,2,2006,9.34,7.75,0,1,7.39,0.409,589128
5744,2022-06-02,94,2,1,1,2000,1.3,21.93,1,0,2.82,0.427,247835
5745,2022-12-17,342,3,2,2,1999,1.38,16.19,2,0,7.48,0.172,1160030
5746,2023-01-21,349,2,2,1,1983,1.49,3.05,1,0,5.52,0.255,1228724
5747,2021-07-04,87,2,3,1,1998,1.93,23.51,2,0,8.38,0.493,360150
5748,2023-05-22,280,4,3,1,2008,5.38,4.83,2,0,2.95,0.064,1132446
5749,2021-10-19,311,3,3,2,1986,8.09,12.02,0,1,5.63,0.353,1208124
5750,2021-12-01,117,3,2,2,2012,3.56,11.93,0,0,2.89,0.21,450110
5751,2023-01-02,228,5,2,2,1987,7.71,15.82,0,1,3.57,0.175,923356
5752,2021-04-26,235,2,1,1,1990,7.97,16.79,1,0,8.49,0.147,928827
5753,2023-04-05,250,2,3,2,2012,9.17,6.21,0,0,7.19,0.14,1059824
5754,2021-02-18,62,4,1,1,2004,2.34,9.13,2,0,7.56,0.16,308677
5755,2022-11-16,263,5,2,1,2012,2.22,4.04,0,1,1.62,0.374,927565
5756,2021-03-23,269,5,3,2,2015,2.1,3.59,2,0,7.56,0.101,1024653
5757,2023-04-14,335,4,1,1,2005,4.23,20.71,2,0,5.42,0.897,1122939
5758,2021-11-29,293,3,2,2,2015,5.4,18.89,1,0,5.13,0.498,1077728
5759,2022-07-11,307,1,1,1,1990,5.15,11.35,2,1,4.71,0.505,1177951
5760,2021-12-01,107,4,3,1,2009,3.31,2.85,1,0,8.67,0.211,608339
5761,2022-06-16,85,3,1,1,2012,6.6,11.52,1,0,2.6,0.867,405096
5762,2021-08-09,242,5,1,1,1989,4.04,7.71,0,1,8.33,0.828,941983
5763,2022-09-27,99,4,2,1,2008,4.29,19.56,1,0,9.35,0.034,470965
5764,2023-01-16,81,1,3,2,2004,1.95,2.87,2,1,2.51,0.732,358969
5765,2023-01-03,147,2,1,1,2011,6.33,11.56,2,1,10.0,0.184,733181
5766,2021-11-19,92,4,2,1,1983,6.9,14.99,2,0,9.91,0.556,504567
5767,2023-05-01,96,1,3,2,2018,7.82,24.65,2,1,6.59,0.871,443879
5768,2021-01-03,319,1,2,2,2013,9.14,2.7,2,1,3.42,0.934,1252467
5769,2022-11-25,112,4,3,1,2001,7.89,3.29,0,0,4.87,0.184,630455
5770,2021-07-25,68,3,2,2,1992,3.12,24.71,0,0,2.53,0.94,170444
5771,2023-04-12,150,4,2,1,2015,3.12,10.44,1,0,2.08,0.07,592604
5772,2021-02-09,86,5,2,2,1985,9.24,18.72,2,0,7.34,0.909,484052
5773,2021-02-28,156,1,1,2,1996,8.11,19.7,2,1,6.22,0.772,688759
5774,2022-07-28,141,1,1,1,2005,8.04,8.21,1,1,6.07,0.914,647439
5775,2022-10-06,234,2,2,2,2003,7.48,5.75,0,1,3.23,0.366,972408
5776,2022-05-22,265,1,3,1,1988,3.4,7.26,1,1,3.11,0.941,923351
5777,2022-07-26,77,2,2,1,1981,8.63,19.23,2,1,9.91,0.819,452296
5778,2023-06-03,85,1,1,1,1999,2.29,21.09,0,0,6.66,0.328,327010
5779,2023-04-23,67,1,3,2,2006,4.15,17.64,1,0,8.38,0.339,350541
5780,2021-05-02,245,4,1,1,1985,4.12,11.31,1,0,4.41,0.357,923691
5781,2022-04-24,127,4,2,2,2006,6.04,6.93,2,1,8.59,0.589,685173
5782,2022-09-11,216,5,1,1,2003,5.17,10.92,2,0,7.5,0.182,942443
5783,2021-04-06,139,3,1,2,1994,5.14,22.91,0,0,4.15,0.433,540430
5784,2023-05-09,313,5,1,2,2012,5.98,21.65,2,0,7.46,0.068,1201360
5785,2022-02-18,257,1,2,2,2021,4.74,8.42,1,1,9.33,0.358,1026666
5786,2021-08-23,261,5,1,2,1989,3.25,8.53,2,1,2.92,0.667,965560
5787,2023-06-17,320,4,2,1,2000,6.98,19.61,1,0,5.93,0.589,1191273
5788,2021-03-03,312,1,2,1,1985,8.12,10.95,2,1,9.7,0.317,1261283
5789,2021-09-13,322,1,1,1,2009,5.31,14.53,0,0,8.39,0.257,1162544
5790,2022-07-15,263,5,3,1,2002,6.85,10.85,0,1,6.58,0.327,1103550
5791,2021-12-14,113,2,1,2,2015,5.82,6.44,0,1,1.63,0.07,508846
5792,2022-11-02,61,3,1,1,1982,1.53,5.13,2,0,4.66,0.258,250158
5793,2021-05-04,259,5,1,2,2005,4.81,3.92,0,0,6.86,0.708,1039351
5794,2022-04-27,223,5,3,2,2013,1.09,0.78,1,1,4.69,0.179,899711
5795,2021-11-13,305,3,3,1,2009,6.96,7.38,2,0,9.97,0.138,1262049
5796,2022-05-19,150,1,2,1,1997,5.57,4.7,0,0,7.78,0.846,687101
5797,2022-12-20,65,1,3,1,1996,2.14,6.82,2,1,2.68,0.237,317473
5798,2021-02-17,246,2,3,1,2021,5.88,2.36,2,0,5.41,0.251,997551
5799,2022-02-13,307,5,1,1,2000,9.09,8.87,1,0,4.46,0.463,1250228
5800,2021-05-16,293,3,2,2,2003,4.06,13.24,2,1,6.34,0.472,1089491
5801,2021-07-20,298,5,2,1,1983,9.84,23.64,2,0,5.02,0.186,1207260
5802,2021-09-07,154,4,3,1,2004,9.63,9.0,2,0,3.14,0.556,746485
5803,2021-11-10,231,5,3,1,2003,8.07,1.26,1,0,7.52,0.696,1036840
5804,2023-05-19,204,5,1,2,2006,8.32,9.38,0,1,1.96,0.484,858780
5805,2022-01-03,336,4,3,1,2010,4.69,20.52,0,1,5.79,0.895,1156126
5806,2022-03-05,218,4,3,2,2014,4.62,8.83,2,0,3.79,0.992,843526
5807,2023-04-10,96,3,2,2,1999,9.59,7.65,0,1,9.7,0.529,639683
5808,2023-03-18,92,1,3,2,1995,4.3,23.02,2,1,3.73,0.973,324414
5809,2022-04-25,270,2,1,1,2010,1.87,7.78,0,1,4.07,0.646,900152
5810,2021-11-10,50,4,2,2,1986,2.37,24.27,0,0,7.36,0.529,204569
5811,2022-05-15,249,1,2,2,1997,7.39,20.9,1,0,2.16,0.87,876146
5812,2022-12-22,193,3,3,2,1987,4.45,17.26,1,0,3.92,0.966,691019
5813,2021-12-21,77,5,1,1,2006,2.79,15.16,1,0,7.26,0.999,348213
5814,2022-04-30,327,3,2,2,1993,8.32,6.01,0,1,1.28,0.759,1249937
5815,2021-07-30,90,3,1,1,1997,5.4,18.39,0,1,3.8,0.485,387884
5816,2022-12-05,196,4,1,2,1980,6.11,9.0,0,0,1.07,0.296,772402
5817,2021-02-13,227,2,3,2,2010,2.39,12.4,0,0,2.35,0.558,812303
5818,2022-06-25,216,4,1,1,1999,2.73,3.05,1,0,6.44,0.778,840922
5819,2022-07-25,172,5,2,2,1985,2.13,7.76,1,1,5.11,0.027,702292
5820,2022-08-06,123,4,3,2,1980,5.63,13.46,0,1,2.4,0.268,572872
5821,2021-04-02,288,5,2,2,1998,7.98,11.97,0,1,1.7,0.355,1132249
5822,2021-09-22,298,4,1,1,2018,7.59,8.92,1,1,1.51,0.78,1136618
5823,2023-06-14,312,2,1,1,2006,3.35,12.06,0,1,1.77,0.614,1070738
5824,2021-08-08,301,1,3,1,1995,8.66,18.75,2,0,1.86,0.426,1136179
5825,2022-03-18,160,2,3,2,1993,1.95,11.75,1,1,1.78,0.919,534726
5826,2022-02-05,229,4,2,2,2013,2.03,12.9,1,0,1.5,0.538,827519
5827,2022-02-04,237,3,2,2,1986,8.64,17.68,0,0,7.27,0.724,946974
5828,2022-12-28,256,1,1,1,1999,3.2,21.12,2,1,9.47,0.655,890472
5829,2023-06-18,283,3,3,1,2010,7.37,13.41,0,0,8.7,0.859,1090691
5830,2023-02-28,73,2,1,1,2001,1.08,23.73,2,1,3.39,0.812,219514
5831,2022-07-30,75,1,1,2,1999,1.84,9.16,0,1,2.84,0.989,227565
5832,2023-05-08,267,4,2,1,1994,6.48,6.69,1,0,1.43,0.379,1051027
5833,2023-03-15,59,3,2,1,2004,2.64,17.48,1,1,2.4,0.165,291226
5834,2022-05-05,66,4,2,2,1980,1.25,4.81,2,0,6.11,0.76,330447
5835,2022-04-30,294,5,3,1,1996,5.2,22.55,2,0,9.98,0.875,1135506
5836,2023-01-27,255,1,2,2,1995,3.97,9.97,0,1,8.73,0.054,974598
5837,2022-04-15,307,3,3,2,2016,8.22,17.6,1,1,5.63,0.333,1169306
5838,2022-07-28,161,2,1,1,2000,8.37,14.47,0,0,4.81,0.807,665654
5839,2023-04-24,254,2,3,1,2006,6.53,1.83,0,0,2.33,0.683,990193
5840,2022-11-13,76,2,2,2,2014,3.64,17.87,1,0,4.77,0.755,319309
5841,2022-03-21,120,2,3,1,2003,5.15,19.86,2,1,6.35,0.543,509863
5842,2021-09-26,225,3,3,2,1981,7.32,24.57,1,1,6.36,0.382,896488
5843,2021-09-24,251,5,2,1,2004,1.62,10.7,1,0,6.02,0.811,889726
5844,2021-02-23,297,2,2,1,1998,3.99,12.82,2,1,8.42,0.555,1110269
5845,2022-06-12,167,2,1,2,1992,8.4,21.93,1,0,5.59,0.515,672935
5846,2022-06-04,58,2,3,2,2008,4.65,7.1,2,1,5.26,0.735,352489
5847,2022-09-08,135,5,1,1,2011,6.62,5.13,1,1,3.75,0.191,672481
5848,2021-02-28,72,1,1,1,1985,1.87,3.76,2,1,2.62,0.586,298292
5849,2023-04-05,289,2,3,2,1988,7.99,24.47,2,0,1.01,0.304,1044011
5850,2021-02-09,122,2,1,1,1980,1.9,7.12,0,0,3.9,0.021,465119
5851,2021-08-25,76,2,3,1,2003,8.75,19.06,1,1,6.7,0.749,419773
5852,2022-01-21,130,1,1,1,1989,1.96,11.52,0,0,6.03,0.475,433945
5853,2022-08-29,133,2,1,2,2014,9.02,6.39,1,1,5.77,0.903,641973
5854,2023-01-04,248,1,3,1,1985,4.27,22.88,0,1,7.95,0.5,872807
5855,2022-12-17,92,1,2,1,1999,6.62,11.86,0,1,3.1,0.01,385906
5856,2022-10-12,312,4,3,1,2017,8.62,14.37,0,0,7.11,0.409,1242966
5857,2021-10-27,141,4,2,2,1991,1.09,5.95,0,0,6.46,0.171,622609
5858,2022-01-30,133,2,3,2,1982,3.39,8.44,0,1,4.05,0.921,542609
5859,2021-07-26,349,3,3,1,1997,9.18,18.82,1,1,2.97,0.446,1312761
5860,2021-12-02,345,4,2,2,2000,4.49,8.9,0,1,6.06,0.511,1263093
5861,2022-08-16,184,4,2,2,2014,7.36,12.9,0,0,9.51,0.365,792529
5862,2022-12-31,330,3,3,1,2016,2.26,3.3,1,0,1.69,0.522,1185801
5863,2022-05-29,108,5,3,1,1998,7.11,21.33,2,1,9.58,0.083,611558
5864,2021-06-27,290,2,3,2,2004,1.66,18.57,1,1,5.18,0.459,957910
5865,2022-01-31,147,5,2,1,1997,7.46,19.14,2,0,7.39,0.663,698155
5866,2022-01-06,111,5,3,1,2019,3.91,4.87,1,1,8.23,0.372,616031
5867,2023-05-08,313,1,2,1,2009,5.19,12.63,0,0,2.36,0.393,1073343
5868,2023-03-02,162,1,1,1,2021,2.5,1.17,2,0,1.4,0.837,578831
5869,2022-10-20,195,2,2,2,2021,6.65,8.22,0,0,2.16,0.537,772856
5870,2021-11-14,265,3,1,2,2013,4.04,9.03,2,0,4.07,0.588,980816
5871,2023-01-06,305,1,3,1,1989,4.45,22.89,0,0,9.61,0.297,1054265
5872,2022-01-04,307,4,3,1,2001,6.87,24.82,2,1,1.38,0.483,1124138
5873,2022-01-19,243,2,2,2,1983,2.61,15.63,0,1,9.28,0.054,900194
5874,2021-03-03,63,5,1,1,1982,8.67,13.16,2,1,6.05,0.43,483666
5875,2023-03-17,152,2,3,1,2007,7.65,11.28,2,1,1.92,0.803,677413
5876,2022-05-20,294,1,3,1,2001,6.2,0.95,0,1,2.37,0.161,1139096
5877,2021-08-27,294,3,1,2,1991,2.15,20.1,1,1,7.2,0.764,1012876
5878,2021-07-14,317,5,3,1,1992,7.18,16.96,1,1,6.48,0.374,1217370
5879,2022-11-09,273,3,3,1,2020,1.16,16.41,0,0,2.51,0.027,909775
5880,2021-08-10,269,2,2,1,2012,8.24,20.32,0,0,9.14,0.953,1002684
5881,2021-03-02,266,3,3,1,1998,3.73,23.24,1,0,2.2,0.181,900051
5882,2021-05-09,53,3,1,1,2020,2.05,10.04,2,1,5.6,0.335,271048
5883,2022-11-16,85,2,3,2,1996,2.48,10.95,0,1,5.75,0.481,352104
5884,2021-06-05,227,5,2,1,2013,9.67,24.39,0,0,8.83,0.949,957415
5885,2022-01-13,306,3,3,2,1983,7.96,16.78,0,0,1.2,0.581,1138077
5886,2022-09-14,66,3,1,2,2018,3.14,21.36,0,1,2.23,0.905,207930
5887,2023-02-20,248,2,3,1,1987,9.67,5.93,1,1,2.54,0.564,997346
5888,2023-05-18,97,4,1,1,2012,2.26,8.27,1,0,1.57,0.205,390077
5889,2023-03-01,111,3,2,1,1980,7.6,10.09,0,0,6.68,0.564,562337
5890,2022-08-09,118,1,3,1,1984,6.91,8.26,1,1,3.07,0.1,596268
5891,2022-03-13,196,5,3,1,2011,8.39,22.16,1,1,6.19,0.117,854951
5892,2021-07-26,211,3,2,1,2019,4.44,13.03,1,1,8.04,0.116,875137
5893,2022-01-23,276,2,1,1,1980,4.62,23.86,2,1,4.68,0.012,957843
5894,2022-04-25,279,1,1,1,2014,6.62,8.37,0,0,7.92,0.151,1086964
5895,2023-03-02,227,2,3,1,2001,4.58,1.41,0,1,8.0,0.353,962982
5896,2023-06-06,105,3,1,1,2008,1.37,3.88,0,0,3.37,0.072,440019
5897,2023-04-18,127,1,1,2,1996,7.57,5.82,0,0,1.14,0.006,546577
5898,2021-12-06,319,5,3,1,2009,6.77,16.18,1,1,1.93,0.112,1211918
5899,2023-05-19,255,5,1,1,2014,4.81,4.94,1,1,8.41,0.936,1044493
5900,2021-12-06,330,5,1,1,1980,3.73,9.85,2,0,4.65,0.526,1173559
5901,2021-07-23,277,4,3,2,1983,3.89,19.99,0,0,8.55,0.435,1035593
5902,2021-06-10,288,2,3,2,1988,7.67,3.56,2,0,5.93,0.487,1148836
5903,2022-06-24,337,3,1,2,2011,7.56,2.47,2,0,2.78,0.555,1266033
5904,2022-01-27,131,1,3,1,1984,8.37,13.73,2,1,7.41,0.108,648666
5905,2023-02-08,299,2,1,2,1993,7.86,17.6,2,1,6.02,0.585,1113078
5906,2022-11-08,242,3,1,1,2005,7.82,22.82,1,0,4.17,0.834,889506
5907,2022-07-29,155,4,1,1,2002,3.27,16.72,2,0,1.79,0.561,564814
5908,2022-06-18,238,3,1,2,2001,1.91,23.68,1,1,1.92,0.883,741766
5909,2021-03-11,325,2,3,1,2006,7.86,6.49,1,1,2.7,0.138,1249869
5910,2023-06-12,123,3,3,2,2004,1.89,8.87,2,0,7.06,0.826,538728
5911,2022-02-09,59,1,2,2,2015,9.84,21.06,0,1,7.55,0.663,374021
5912,2022-08-31,172,4,3,2,1983,8.88,20.37,1,1,6.68,0.604,796721
5913,2022-11-06,265,1,2,1,2011,5.8,16.79,0,0,4.04,0.589,885978
5914,2022-08-14,339,4,1,1,1988,4.17,12.9,1,0,4.96,0.119,1234282
5915,2022-06-01,89,4,3,1,1981,5.74,0.93,1,0,7.39,0.642,528320
5916,2023-04-08,242,3,1,1,2021,7.61,7.37,2,0,6.94,0.399,1024432
5917,2021-04-30,176,1,2,2,2018,7.81,4.38,2,0,7.96,0.063,857343
5918,2023-03-25,338,4,3,1,2004,1.66,1.75,0,1,3.17,0.205,1211016
5919,2022-11-21,120,4,3,2,1989,8.24,19.51,1,0,1.04,0.443,564055
5920,2022-11-19,186,3,3,1,2016,6.77,3.72,0,0,3.4,0.993,771903
5921,2021-08-05,193,2,3,2,2004,1.37,9.26,2,1,4.13,0.431,675201
5922,2021-02-25,348,2,1,2,2019,3.82,24.45,2,1,9.64,0.15,1237051
5923,2022-01-01,318,5,3,1,2008,5.6,10.52,0,1,2.96,0.902,1226948
5924,2022-11-30,188,5,2,2,2016,2.7,3.97,0,1,8.44,0.035,863532
5925,2022-05-19,101,4,3,1,1984,2.4,17.4,1,0,6.6,0.127,448532
5926,2023-01-14,66,2,2,1,1993,1.13,20.34,0,0,2.51,0.474,160842
5927,2023-02-06,214,4,2,2,2012,9.2,7.34,0,0,4.63,0.093,949902
5928,2022-03-31,62,1,1,1,2006,1.5,20.33,2,1,5.59,0.572,206995
5929,2021-04-14,239,2,3,2,1984,4.29,7.15,2,0,4.1,0.158,949355
5930,2021-03-18,313,2,2,1,1994,2.85,17.48,0,1,3.04,0.651,1038030
5931,2021-08-18,270,2,3,2,1982,7.67,3.56,2,0,3.28,0.118,1064885
5932,2021-09-15,153,5,1,2,1980,7.36,10.98,2,1,6.27,0.81,733539
5933,2021-09-21,247,3,1,1,2003,8.26,13.25,2,0,7.19,0.734,999137
5934,2021-11-27,349,3,3,1,1991,6.55,18.27,2,1,5.22,0.925,1293508
5935,2021-07-01,218,5,2,2,1993,6.32,16.43,1,1,9.48,0.068,948418
5936,2023-06-12,198,5,1,1,2021,4.66,21.41,1,0,7.56,0.555,774369
5937,2023-02-07,298,5,2,2,1999,6.73,5.02,0,1,9.03,0.709,1227304
5938,2022-07-04,305,3,2,1,1993,2.04,16.7,1,1,5.28,0.903,1039372
5939,2022-11-19,91,4,3,2,1993,7.16,3.63,0,0,1.13,0.482,484710
5940,2021-01-27,251,5,1,1,2014,1.94,12.21,1,0,6.33,0.951,901964
5941,2021-10-03,293,4,3,2,1998,8.76,13.35,1,1,8.36,0.122,1228707
5942,2022-10-14,206,4,3,1,1999,5.55,1.17,0,0,5.83,0.433,905298
5943,2021-10-26,335,1,3,1,2021,5.77,2.22,0,1,6.11,0.253,1260522
5944,2023-03-10,331,3,2,2,2002,6.26,21.06,0,1,9.77,0.155,1269813
5945,2021-04-01,287,4,3,2,2013,7.98,7.53,2,1,4.3,0.287,1196536
5946,2022-04-25,68,3,1,2,1980,5.31,8.98,2,0,8.22,0.665,415142
5947,2022-07-27,102,3,2,2,1983,4.85,16.19,2,1,5.55,0.483,470175
5948,2022-04-03,134,1,3,2,2019,3.6,5.91,0,0,5.17,0.182,573564
5949,2022-03-27,322,3,1,2,1996,2.15,5.23,2,0,2.31,0.032,1094856
5950,2021-12-31,262,4,3,1,2005,2.71,10.83,1,1,7.74,0.923,985039
5951,2023-05-09,153,2,3,1,1993,1.0,1.95,1,1,8.41,0.314,633122
5952,2022-11-06,241,4,3,2,2011,8.82,22.97,1,0,4.88,0.128,968351
5953,2021-12-17,226,4,2,1,2015,7.88,23.53,1,0,7.87,0.146,940353
5954,2022-10-17,196,3,3,2,1999,2.97,11.48,2,1,6.23,0.253,752157
5955,2022-02-04,130,4,1,1,1995,1.02,5.63,2,0,3.32,0.231,531684
5956,2021-09-10,242,2,3,2,1998,5.43,12.03,1,1,9.31,0.28,990666
5957,2023-02-20,86,3,3,2,2018,4.71,2.95,0,0,7.27,0.226,517649
5958,2023-05-31,203,5,2,1,2003,7.98,10.25,1,1,8.91,0.431,898426
5959,2023-03-14,179,4,3,2,1993,4.63,2.3,1,0,3.53,0.766,770819
5960,2022-04-04,108,4,1,1,2008,8.78,17.8,0,0,9.25,0.027,591424
5961,2022-11-30,273,1,1,1,2021,1.86,7.25,0,1,4.28,0.19,943406
5962,2022-05-14,298,5,3,1,1993,4.29,13.26,2,0,1.09,0.712,1110311
5963,2022-05-23,289,5,1,1,1990,9.41,0.83,0,0,1.68,0.149,1162849
5964,2021-10-31,342,2,1,1,1990,1.11,13.35,0,1,1.8,0.741,1092913
5965,2022-05-16,336,5,3,1,2019,4.52,0.58,2,0,2.86,0.515,1315288
5966,2023-03-14,253,1,1,1,2003,3.34,23.17,2,0,2.68,0.882,759881
5967,2022-08-21,148,2,1,1,2001,5.79,12.78,1,0,1.52,0.01,600669
5968,2021-06-15,225,5,3,1,2000,3.51,2.95,1,0,9.06,0.784,951137
5969,2022-02-19,311,2,2,1,1985,8.83,8.86,0,0,8.45,0.572,1192072
5970,2022-04-07,320,5,2,2,1993,9.43,1.63,2,0,7.87,0.469,1393457
5971,2021-04-24,192,5,3,1,1988,8.64,13.51,0,1,5.31,0.146,866763
5972,2022-03-09,238,5,2,1,2014,4.59,3.5,0,0,4.83,0.234,1000579
5973,2021-12-22,321,4,2,2,2015,9.91,12.09,1,1,4.83,0.786,1292461
5974,2022-11-26,69,5,2,2,2004,7.62,7.98,0,0,3.36,0.149,462575
5975,2021-07-26,349,4,2,2,1994,4.2,19.16,0,1,6.47,0.527,1258404
5976,2023-02-07,95,3,3,2,2007,1.84,12.32,1,1,1.53,0.208,403536
5977,2021-08-23,144,1,2,1,1993,7.0,21.28,1,0,6.93,0.489,545028
5978,2022-03-18,113,2,2,1,1992,7.56,23.56,2,1,5.62,0.255,483280
5979,2021-12-21,180,2,3,1,2020,2.1,24.25,1,0,8.35,0.351,628991
5980,2022-05-30,58,3,3,2,2010,5.95,6.87,2,0,9.75,0.802,401434
5981,2021-07-27,252,5,2,2,1984,9.88,19.31,2,1,8.89,0.037,1146172
5982,2022-12-10,347,1,1,1,1998,3.94,11.23,1,1,7.48,0.924,1190594
5983,2023-05-03,223,3,3,2,1987,3.72,10.94,1,1,4.9,0.319,867481
5984,2021-05-05,122,3,3,1,1992,9.13,21.77,1,1,2.93,0.596,579341
5985,2021-05-18,133,2,2,2,2020,2.06,4.07,0,1,6.98,0.222,615274
5986,2021-12-05,108,4,1,2,1996,9.4,12.21,1,0,2.81,0.359,586466
5987,2022-06-21,70,4,3,1,2011,8.02,15.03,2,0,1.18,0.46,400246
5988,2021-03-09,206,5,3,1,1984,4.52,2.12,2,1,6.16,0.689,916374
5989,2022-07-27,110,5,3,1,1988,1.75,21.68,2,1,4.55,0.873,437596
5990,2022-06-25,113,3,1,2,2022,1.17,8.2,1,1,8.88,0.866,478719
5991,2022-01-18,217,5,3,2,2013,4.38,16.59,2,0,6.81,0.337,854249
5992,2021-01-19,252,4,3,1,1980,7.35,23.24,2,1,6.83,0.089,1059745
5993,2022-11-14,178,1,1,1,2019,5.39,18.13,0,0,8.09,0.925,625077
5994,2022-03-26,294,2,3,1,1994,7.65,22.21,1,0,4.02,0.031,1105294
5995,2021-03-15,155,4,1,2,2011,7.04,2.2,1,1,9.62,0.881,751495
5996,2022-07-27,171,5,1,2,2013,6.16,12.57,2,0,2.99,0.026,744235
5997,2022-10-27,231,2,1,1,2014,9.71,14.34,0,0,8.85,0.977,940351
5998,2021-10-03,152,2,2,1,2007,7.56,17.38,2,1,9.2,0.011,689009
5999,2021-02-17,310,3,3,1,1996,9.23,3.36,0,1,1.35,0.017,1214773
6000,2021-07-30,162,5,3,2,1990,3.18,16.59,2,0,6.69,0.509,683612
6001,2023-05-05,119,3,3,2,2002,7.42,4.08,2,1,7.74,0.667,649593
6002,2022-10-13,209,2,1,1,2005,6.38,2.16,1,0,9.58,0.353,910482
6003,2022-09-14,289,3,2,2,1984,9.32,12.0,0,0,3.26,0.606,1161303
6004,2022-11-26,60,5,1,1,2005,5.59,15.21,0,1,6.06,0.846,359925
6005,2022-06-24,187,4,3,1,1985,3.52,23.97,0,0,7.96,0.796,626788
6006,2022-12-10,216,1,1,1,2022,4.46,17.62,1,0,2.34,0.884,688505
6007,2021-07-10,296,4,2,2,2013,2.97,14.99,1,0,8.68,0.159,1058585
6008,2021-11-11,80,2,3,1,2021,2.98,5.76,2,0,4.63,0.225,384796
6009,2022-07-17,61,4,1,1,1992,5.23,4.23,0,0,6.76,0.588,382551
6010,2022-10-23,292,3,2,2,2004,9.03,15.38,0,1,1.38,0.724,1153657
6011,2023-02-19,157,5,1,1,1981,2.73,5.96,2,1,3.01,0.107,685140
6012,2022-07-16,243,4,1,1,1993,3.59,17.81,2,0,5.3,0.176,896138
6013,2023-06-19,182,4,3,1,1996,8.68,3.3,2,1,3.6,0.923,867856
6014,2023-01-28,330,5,2,1,2020,4.05,8.82,2,1,9.62,0.026,1314941
6015,2021-04-23,340,3,1,2,2019,9.66,19.44,0,1,8.15,0.402,1275223
6016,2021-06-19,212,1,2,2,2019,3.42,20.86,2,1,8.78,0.211,751892
6017,2022-04-13,327,4,3,1,2018,4.98,8.96,0,1,5.2,0.774,1234146
6018,2022-11-09,252,2,3,2,2004,1.86,5.56,0,1,5.26,0.864,906678
6019,2021-01-14,145,3,3,2,2006,9.93,23.98,0,1,8.25,0.247,706114
6020,2022-12-16,272,3,2,2,2003,9.01,19.15,2,0,4.49,0.59,1088765
6021,2021-10-15,286,4,2,2,2012,8.36,20.27,2,1,5.33,0.843,1093459
6022,2021-07-08,166,5,1,2,2006,2.42,5.96,2,1,5.76,0.599,685288
6023,2021-06-04,241,4,2,2,2010,9.72,10.9,2,0,6.46,0.601,1050135
6024,2022-07-21,325,4,3,2,2017,9.36,2.17,1,1,6.85,0.413,1343437
6025,2022-11-25,155,5,1,2,1994,4.92,3.18,2,0,7.13,0.653,690088
6026,2022-12-23,53,2,2,1,2019,7.13,5.91,1,1,5.0,0.96,390511
6027,2023-06-07,67,5,3,1,1980,9.93,7.93,2,0,3.66,0.3,515406
6028,2022-04-16,69,4,3,1,1990,4.69,24.93,1,0,9.28,0.201,359624
6029,2021-03-16,171,1,1,1,1994,2.02,10.84,2,0,8.44,0.958,618864
6030,2021-10-04,186,5,3,1,2012,8.81,17.6,2,1,1.03,0.06,795880
6031,2022-10-07,129,2,2,1,2011,5.29,22.66,0,1,5.62,0.84,482144
6032,2021-12-09,203,5,3,1,2004,9.88,6.53,1,0,3.47,0.91,916888
6033,2022-03-01,74,5,1,1,2018,5.96,4.05,2,0,6.78,0.219,498357
6034,2022-07-25,218,3,3,2,2012,1.27,6.46,1,0,5.52,0.426,770130
6035,2022-05-26,108,3,3,1,2008,5.43,22.12,0,0,1.19,0.123,414366
6036,2023-05-07,90,4,2,1,2013,7.46,16.81,1,0,7.55,0.367,489209
6037,2021-07-01,87,4,2,2,1987,1.23,11.56,2,1,3.48,0.457,360543
6038,2022-04-03,166,5,2,2,1990,4.72,20.6,0,0,3.34,0.51,652291
6039,2023-05-01,324,1,2,1,1992,2.4,6.3,2,0,1.29,0.122,1099285
6040,2023-04-13,319,4,3,1,1984,6.79,6.36,0,0,8.46,0.404,1342293
6041,2021-03-05,176,5,2,1,1998,9.62,14.4,0,1,6.21,0.625,840428
6042,2023-04-19,52,5,3,2,2000,6.62,19.86,1,1,5.36,0.5,349009
6043,2021-09-17,342,5,2,1,1982,7.25,6.86,2,1,7.08,0.841,1374270
6044,2021-07-12,65,5,2,2,2005,4.57,5.65,2,1,4.11,0.951,411631
6045,2022-10-17,314,5,2,1,2012,6.07,12.11,0,0,6.13,0.817,1180933
6046,2022-09-08,288,3,3,2,2009,5.89,3.79,2,0,3.24,0.047,1167765
6047,2022-02-10,312,2,2,2,2001,7.84,18.82,0,0,1.57,0.215,1101115
6048,2022-12-27,183,2,3,2,1984,8.71,14.64,1,1,6.05,0.088,835255
6049,2023-01-24,262,5,2,1,1998,6.97,13.06,0,0,2.99,0.434,1018951
6050,2022-12-22,64,4,2,1,1988,9.82,21.87,2,1,7.75,0.724,450430
6051,2021-04-03,178,1,1,2,2003,8.45,18.45,0,1,5.07,0.032,734275
6052,2022-03-06,171,5,2,2,2018,2.12,4.16,2,1,3.25,0.267,714731
6053,2022-10-16,290,1,3,2,1991,5.57,10.8,1,0,6.48,0.094,1138491
6054,2022-03-10,164,3,1,1,2006,9.13,8.37,1,1,2.05,0.41,732898
6055,2022-02-08,246,2,3,2,2021,9.5,20.15,0,0,7.85,0.925,960307
6056,2022-03-10,271,3,3,1,2000,4.42,18.12,1,1,5.07,0.413,993340
6057,2021-04-22,263,4,1,1,2017,7.53,12.06,1,0,8.31,0.635,1087354
6058,2022-01-10,129,4,2,2,2014,4.69,20.68,0,1,2.24,0.387,504643
6059,2021-02-28,312,5,1,2,2011,2.11,10.55,2,1,4.44,0.731,1112139
6060,2021-02-12,184,4,3,1,2015,8.96,20.19,0,1,2.62,0.743,757796
6061,2021-07-26,291,4,2,1,2012,9.39,1.29,0,1,1.55,0.138,1207250
6062,2023-02-19,319,3,1,1,2022,5.54,3.8,2,1,9.6,0.653,1279272
6063,2021-10-23,336,1,3,2,1996,1.16,19.02,1,1,7.54,0.386,1125474
6064,2021-04-28,99,2,2,1,1984,8.34,3.3,0,1,3.93,0.86,539162
6065,2022-06-16,238,4,3,1,1999,5.29,17.25,0,0,3.22,0.158,885849
6066,2021-08-10,346,4,2,2,2002,1.68,18.23,2,0,2.84,0.897,1154867
6067,2021-06-15,63,3,2,1,2018,2.7,16.72,0,0,1.39,0.512,257493
6068,2022-10-05,281,2,1,2,1983,2.37,20.55,2,0,1.92,0.256,890338
6069,2021-06-05,310,3,2,2,2005,7.18,13.03,0,1,1.93,0.335,1137374
6070,2021-07-03,241,1,3,2,2009,3.69,22.48,0,0,7.0,0.005,829511
6071,2021-03-31,252,3,2,2,2008,2.15,14.45,2,0,6.35,0.95,902013
6072,2021-04-04,310,2,3,2,2013,9.26,12.94,2,1,6.11,0.225,1233270
6073,2021-01-13,162,2,2,2,1989,9.61,12.98,0,0,7.61,0.91,724908
6074,2023-04-14,85,4,2,2,1999,2.25,22.85,2,1,3.26,0.853,290280
6075,2023-03-16,128,1,1,2,2003,3.07,6.47,0,0,4.08,0.349,522245
6076,2023-01-12,324,5,2,2,2013,6.33,17.53,2,1,2.14,0.211,1202936
6077,2023-04-14,327,4,2,1,2016,2.35,6.44,1,1,6.29,0.427,1237994
6078,2023-03-15,211,3,3,2,1992,2.43,2.76,1,0,9.4,0.934,845709
6079,2022-03-14,66,3,3,1,2002,4.03,23.87,1,0,8.77,0.855,296310
6080,2022-06-22,253,2,3,1,1989,9.54,3.68,1,1,5.99,0.489,1118327
6081,2022-08-10,66,2,2,2,2001,9.66,17.31,0,1,6.8,0.546,422424
6082,2023-05-26,251,2,3,2,1993,8.58,10.9,0,1,9.93,0.409,1099511
6083,2023-03-22,259,5,3,2,2004,7.26,21.01,1,1,5.66,0.945,1008759
6084,2021-05-30,127,5,2,1,1997,7.49,19.44,1,1,8.84,0.989,608965
6085,2022-10-22,105,4,3,2,1999,5.23,4.02,1,0,5.51,0.289,553415
6086,2021-01-08,129,5,1,1,2007,5.77,11.96,2,0,1.43,0.95,571125
6087,2021-01-29,107,2,1,1,1987,6.71,1.17,0,0,9.41,0.95,564457
6088,2021-10-23,67,4,3,1,1984,7.58,11.02,1,0,2.01,0.473,399320
6089,2022-12-22,257,4,3,2,2000,1.87,17.66,1,0,7.34,0.415,896249
6090,2022-10-02,184,1,3,2,1999,3.02,6.19,0,1,3.14,0.869,678974
6091,2021-12-06,59,5,2,1,1995,9.67,20.35,1,0,9.11,0.943,412956
6092,2022-09-20,118,3,1,1,1999,4.02,1.8,1,0,2.8,0.402,487760
6093,2022-03-15,132,3,1,1,2004,3.42,1.35,0,0,2.26,0.492,563484
6094,2021-05-24,158,1,3,1,1986,4.8,1.17,0,1,4.95,0.334,665291
6095,2023-04-10,93,2,3,2,2004,3.62,7.36,2,0,5.47,0.209,420330
6096,2023-01-17,181,1,2,2,2015,1.82,11.94,0,1,8.37,0.996,639640
6097,2022-06-03,67,2,2,1,1989,2.87,3.13,1,0,7.86,0.189,375334
6098,2021-02-14,142,5,1,1,2019,6.76,24.92,0,1,3.95,0.814,549524
6099,2021-08-27,343,5,2,1,1995,3.01,24.99,0,0,4.46,0.421,1159529
6100,2021-06-04,197,4,1,2,1983,6.83,13.24,1,1,6.19,0.084,839217
6101,2021-06-30,221,4,3,2,1989,1.9,14.42,0,0,5.96,0.325,853723
6102,2021-08-03,100,4,3,1,2010,1.38,23.21,2,1,8.76,0.083,427212
6103,2021-03-29,68,4,1,2,1991,8.75,19.36,0,0,5.25,0.982,350319
6104,2021-09-13,169,3,3,2,1999,7.84,4.61,0,1,9.04,0.265,844314
6105,2022-05-26,274,4,2,1,2011,6.99,19.92,1,1,2.85,0.746,1024471
6106,2021-03-14,115,4,3,2,1981,1.28,6.16,2,0,8.81,0.426,530349
6107,2021-06-28,190,4,3,2,1990,3.15,11.04,2,1,3.74,0.679,713032
6108,2021-07-31,238,2,1,2,1999,8.31,13.55,0,0,8.1,0.255,995682
6109,2023-03-16,207,4,2,2,2002,2.3,18.07,2,1,6.09,0.094,755850
6110,2021-08-22,147,1,2,2,1992,8.32,4.18,1,0,8.88,0.809,728132
6111,2022-04-10,207,4,3,2,2014,6.26,2.37,0,0,3.08,0.717,895446
6112,2023-01-21,295,4,3,1,1996,7.66,21.72,2,1,7.31,0.109,1167830
6113,2021-08-11,285,3,2,1,1989,6.8,20.76,1,0,8.64,0.731,1087310
6114,2022-09-23,82,4,2,1,2019,4.75,13.32,1,0,7.99,0.598,450131
6115,2023-04-05,290,2,1,2,2017,3.63,16.73,1,1,6.09,0.171,1005476
6116,2021-09-21,324,5,3,2,1993,7.05,18.12,0,1,7.08,0.826,1270300
6117,2021-07-26,120,4,3,2,1998,8.26,12.18,1,0,2.77,0.699,595856
6118,2022-08-30,265,4,2,1,2011,1.4,6.8,1,0,2.95,0.507,896978
6119,2023-06-04,128,4,1,1,2012,4.42,12.29,0,1,3.41,0.179,548043
6120,2023-01-04,218,3,2,2,2022,4.16,23.79,0,0,8.45,0.54,774121
6121,2022-01-01,347,5,3,2,2004,6.04,21.03,1,0,2.51,0.163,1270037
6122,2021-10-03,229,3,3,2,2004,2.03,11.91,0,0,3.69,0.184,807897
6123,2022-01-15,165,3,3,2,1993,9.4,6.03,2,0,9.28,0.241,844052
6124,2023-01-13,309,3,3,2,2017,5.94,22.3,0,0,7.8,0.655,1100385
6125,2021-11-05,309,2,1,1,2015,9.31,16.14,1,0,7.6,0.68,1189997
6126,2022-09-23,54,5,3,1,2003,8.35,10.42,0,1,5.1,0.073,464084
6127,2021-09-25,346,2,2,2,2020,2.72,3.24,0,0,7.32,0.651,1239184
6128,2023-02-24,157,2,1,1,2018,2.19,18.92,1,0,6.09,0.035,549129
6129,2021-03-05,166,5,1,2,2018,8.75,8.27,1,1,1.64,0.905,752342
6130,2023-03-21,62,2,3,1,1992,5.82,15.35,0,1,6.19,0.779,361738
6131,2021-12-16,191,5,1,2,1981,1.18,14.46,2,0,5.07,0.724,661369
6132,2022-05-09,237,4,3,2,2013,9.41,17.64,2,0,2.03,0.239,952379
6133,2022-06-07,330,3,1,2,1994,5.26,13.67,1,1,4.1,0.988,1143215
6134,2021-04-08,164,2,1,2,1981,3.71,15.95,2,1,9.05,0.924,600958
6135,2021-03-12,285,5,2,1,2004,5.65,2.5,0,0,8.23,0.49,1145694
6136,2021-12-30,59,1,2,2,1984,8.41,16.8,1,1,9.23,0.035,436493
6137,2022-07-24,248,2,2,2,2013,1.99,5.26,0,1,7.45,0.511,885720
6138,2023-03-13,301,2,1,2,2018,4.23,10.1,2,0,6.69,0.154,1104326
6139,2023-02-02,99,5,2,2,1984,3.87,13.06,2,1,2.25,0.593,465760
6140,2021-10-03,191,1,2,1,2022,8.56,17.33,2,0,1.96,0.987,729145
6141,2021-02-19,320,1,2,1,1987,8.01,18.69,1,1,3.22,0.757,1165899
6142,2021-12-24,65,4,1,1,1993,4.6,17.77,2,0,3.83,0.322,309136
6143,2022-12-29,51,2,3,2,2008,6.98,2.83,1,0,6.46,0.394,395174
6144,2022-07-18,207,3,2,1,2009,4.55,9.98,1,0,8.9,0.945,815004
6145,2023-02-22,79,2,1,2,2016,6.14,7.38,1,1,9.02,0.11,488546
6146,2022-04-30,131,3,1,1,1983,9.92,10.26,1,0,7.14,0.89,714564
6147,2021-03-25,80,3,3,1,2014,5.82,16.35,1,0,6.17,0.075,432029
6148,2023-06-18,285,5,2,2,1986,9.9,5.23,1,0,3.2,0.415,1198320
6149,2023-03-16,197,2,1,1,2005,7.72,12.8,2,0,9.44,0.745,814697
6150,2022-09-30,226,5,1,2,2011,2.09,22.18,1,0,7.04,0.395,831465
6151,2023-03-19,84,4,1,1,2022,8.16,18.41,0,0,5.8,0.571,433573
6152,2022-08-07,72,3,3,2,2012,2.45,18.27,0,0,1.94,0.491,254512
6153,2021-10-23,155,1,2,2,2003,5.79,21.29,0,1,8.43,0.605,603821
6154,2021-08-24,146,3,1,2,1980,6.52,10.28,2,0,4.14,0.171,686071
6155,2021-02-25,279,4,1,2,2008,9.03,19.11,1,0,9.11,0.578,1105494
6156,2021-12-26,276,3,1,1,2017,2.89,1.94,2,0,2.52,0.987,986996
6157,2021-04-20,149,5,1,2,2017,8.88,1.88,2,0,1.44,0.194,702877
6158,2021-07-11,104,2,2,1,2000,9.41,8.63,1,0,4.91,0.067,600965
6159,2021-04-03,244,1,2,2,2002,1.81,5.32,2,0,1.7,0.392,839294
6160,2023-05-12,57,5,1,2,1984,8.97,13.2,1,0,1.56,0.374,408120
6161,2022-07-22,177,2,1,2,2009,3.33,4.99,1,0,7.42,0.126,732467
6162,2021-03-01,81,1,1,2,2019,1.73,24.4,1,0,3.32,0.571,217017
6163,2022-10-12,142,4,3,1,1997,9.63,21.35,0,1,6.75,0.438,682482
6164,2021-02-08,56,3,3,1,1985,4.53,24.57,1,1,6.14,0.837,270997
6165,2022-06-24,307,1,3,2,1984,6.61,20.29,1,0,2.27,0.423,1048849
6166,2021-02-18,269,4,1,1,2021,5.98,23.8,2,1,4.47,0.986,966685
6167,2022-02-24,289,2,3,1,1997,2.92,9.52,0,0,1.59,0.78,995774
6168,2022-09-29,155,1,2,2,1992,7.03,12.7,2,0,4.8,0.487,653459
6169,2021-01-13,85,4,3,1,1999,1.42,6.37,2,0,2.64,0.552,382951
6170,2021-02-05,94,2,1,2,2017,2.83,16.08,0,0,1.87,0.867,289027
6171,2021-04-11,347,5,2,2,2000,9.5,19.81,2,0,3.85,0.774,1316829
6172,2023-03-05,58,3,1,1,1983,9.58,12.72,2,1,1.03,0.658,359611
6173,2021-03-27,136,4,2,1,1992,5.34,7.76,1,0,7.82,0.267,643988
6174,2022-05-31,226,5,3,2,1997,2.52,12.94,0,1,2.42,0.41,878576
6175,2021-08-11,179,2,3,2,1992,4.79,2.04,0,0,6.63,0.787,754364
6176,2021-12-04,244,1,2,2,1992,8.89,18.17,0,1,8.49,0.627,979788
6177,2021-06-15,60,3,2,1,2018,1.63,11.56,2,0,9.26,0.956,296374
6178,2022-01-18,171,2,1,2,2016,2.15,22.51,2,0,6.02,0.873,556222
6179,2023-05-06,284,4,2,2,2014,9.06,23.12,0,1,8.09,0.427,1128818
6180,2023-06-14,80,3,1,2,2017,4.74,3.57,2,1,5.09,0.294,447180
6181,2022-01-11,273,5,2,2,2019,1.75,24.9,0,0,5.41,0.124,938695
6182,2022-04-16,202,3,2,2,2006,2.25,24.26,2,0,5.92,0.408,677744
6183,2023-03-01,261,5,3,1,2005,8.94,15.86,0,1,7.03,0.227,1082225
6184,2022-10-04,141,2,3,1,1991,5.41,20.72,0,1,7.03,0.017,600324
6185,2021-01-31,178,1,1,1,1981,2.47,0.95,2,0,8.07,0.138,746725
6186,2022-01-10,246,3,1,1,2022,9.05,24.27,0,1,6.55,0.453,943694
6187,2021-01-11,91,1,1,1,1999,8.61,11.68,0,0,8.94,0.892,492466
6188,2021-10-29,277,1,2,2,2014,1.21,22.79,1,1,7.38,0.321,922679
6189,2021-04-06,243,3,2,1,1989,6.23,9.94,0,0,9.36,0.441,1019304
6190,2021-07-09,67,3,1,2,1987,3.2,19.81,0,0,7.75,0.384,328013
6191,2022-03-29,292,1,2,1,2019,5.8,10.74,1,0,7.65,0.369,1109393
6192,2021-07-11,325,4,3,1,2015,3.51,9.39,0,1,8.74,0.723,1218593
6193,2022-05-01,176,4,2,2,2010,3.84,23.7,0,1,6.9,0.506,627032
6194,2021-09-23,124,3,3,1,1994,6.42,17.63,1,1,2.62,0.408,564840
6195,2022-02-28,111,1,1,1,2021,5.85,21.08,2,0,1.75,0.943,410457
6196,2021-05-08,337,1,2,2,1997,4.56,13.81,0,1,3.84,0.276,1169920
6197,2021-08-26,235,2,1,1,1994,1.97,23.0,2,0,8.33,0.833,783090
6198,2021-12-21,227,1,3,1,1998,9.72,18.63,0,1,1.2,0.515,860317
6199,2021-04-22,215,4,1,1,2003,2.57,2.27,0,1,2.35,0.442,803554
6200,2023-04-08,232,2,3,2,2014,6.7,19.29,2,1,1.96,0.063,862636
6201,2022-03-22,77,4,3,1,1981,1.74,0.96,1,0,1.33,0.858,363430
6202,2021-12-09,296,5,1,1,1992,7.19,20.81,1,0,8.29,0.271,1137727
6203,2021-05-25,71,3,3,2,1988,1.85,8.63,0,1,3.52,0.679,343563
6204,2021-03-06,145,5,1,1,2014,3.07,15.16,1,1,7.56,0.874,594374
6205,2021-09-04,171,3,1,2,1981,6.82,18.86,0,1,2.28,0.536,664441
6206,2023-01-05,299,4,1,2,1995,3.55,16.11,0,0,4.68,0.641,1035958
6207,2022-05-05,186,4,3,2,2015,5.8,16.97,2,1,2.05,0.34,786795
6208,2023-04-05,326,5,3,2,1981,2.12,22.37,2,0,1.02,0.727,1109896
6209,2022-03-15,110,3,2,1,1995,2.82,9.66,1,0,6.52,0.657,466067
6210,2021-04-16,299,3,1,1,1987,7.6,13.91,2,1,5.33,0.445,1160388
6211,2021-06-30,144,2,1,2,1980,1.32,4.79,0,0,4.75,0.635,550895
6212,2021-07-03,345,1,1,1,1997,2.01,11.95,1,1,1.71,0.263,1112800
6213,2021-08-14,233,2,1,1,2020,2.93,4.18,2,1,6.29,0.658,889629
6214,2023-02-16,309,4,1,1,2005,1.18,16.02,1,1,8.02,0.673,1062559
6215,2023-03-01,336,5,1,2,1984,1.86,8.44,1,1,1.61,0.445,1203341
6216,2021-03-30,204,3,1,1,2000,3.53,21.55,0,1,4.72,0.249,727782
6217,2022-11-19,235,2,2,2,2014,1.84,8.92,1,1,3.8,0.803,785524
6218,2022-06-14,118,5,2,2,2019,8.8,7.53,0,1,9.03,0.754,669745
6219,2022-01-06,310,5,1,1,2007,1.59,12.54,0,1,3.36,0.057,1116134
6220,2022-02-03,164,1,1,1,2005,8.75,4.8,1,0,9.5,0.494,794380
6221,2021-04-16,57,3,2,2,2011,8.41,5.49,2,1,8.46,0.092,471760
6222,2021-09-28,314,5,2,2,2000,1.91,19.69,2,0,1.9,0.32,1044275
6223,2023-04-11,320,3,1,2,1983,1.23,12.68,1,1,5.33,0.422,1094852
6224,2022-05-18,298,2,1,1,2021,1.45,5.56,0,1,6.84,0.177,1062192
6225,2022-11-10,154,5,2,2,2020,6.31,1.27,0,1,6.34,0.469,756815
6226,2022-06-09,312,5,2,1,2015,7.03,11.93,1,1,7.11,0.706,1226034
6227,2023-04-29,273,2,1,1,2003,6.59,18.69,1,0,4.84,0.437,976272
6228,2021-02-01,320,3,2,1,2012,5.87,9.1,2,1,9.14,0.234,1310909
6229,2022-01-28,214,3,1,1,1984,2.57,6.58,0,0,3.43,0.415,767254
6230,2021-02-09,132,5,3,2,1982,8.57,10.21,0,0,1.85,0.592,633537
6231,2022-10-22,344,2,1,2,1990,3.95,24.0,1,0,9.8,0.936,1170679
6232,2021-08-06,183,4,1,2,2011,9.88,10.87,0,1,6.87,0.499,852693
6233,2023-01-01,260,3,1,2,2001,4.46,6.86,1,1,6.93,0.888,972319
6234,2021-03-23,141,4,2,2,1990,3.37,14.45,0,0,8.36,0.985,561188
6235,2023-04-25,176,5,1,2,2017,9.05,20.36,2,0,4.79,0.559,764947
6236,2022-12-21,240,4,1,2,2001,6.11,1.05,0,1,4.48,0.147,1011995
6237,2021-07-20,208,4,2,1,1983,7.5,14.17,1,1,9.54,0.875,905870
6238,2022-03-23,59,3,3,2,2018,4.68,20.99,1,0,4.48,0.862,251980
6239,2023-04-24,156,5,3,1,1982,8.98,5.78,0,1,1.71,0.869,765703
6240,2022-03-04,136,4,2,1,1989,9.26,23.08,2,0,3.77,0.951,618732
6241,2021-02-07,116,3,1,2,2016,4.93,14.65,2,0,8.86,0.276,516732
6242,2021-07-30,111,4,3,2,1998,3.17,13.16,2,1,1.85,0.333,464595
6243,2022-03-20,195,3,3,2,1997,6.83,24.11,1,1,7.45,0.687,777109
6244,2021-11-23,202,5,2,2,2007,9.59,3.68,1,1,3.4,0.564,951231
6245,2023-01-31,156,2,3,1,2010,6.6,18.63,2,0,7.71,0.868,659872
6246,2021-08-15,197,3,3,1,1996,9.59,20.55,0,0,5.63,0.255,840065
6247,2021-02-17,235,3,2,1,2003,4.09,12.47,0,0,6.73,0.658,846069
6248,2021-01-18,227,4,3,1,1980,9.24,0.66,0,0,3.19,0.94,1015251
6249,2022-03-15,315,5,1,2,1984,2.01,13.35,0,0,2.51,0.216,1062567
6250,2023-03-18,198,1,2,1,2011,4.23,4.26,1,1,1.57,0.307,784761
6251,2022-12-09,296,1,1,1,1996,5.45,14.28,2,0,8.43,0.407,1110740
6252,2021-07-06,303,2,1,2,2000,6.88,18.6,2,0,7.39,0.087,1112959
6253,2021-12-11,78,5,2,2,2020,3.65,13.51,0,0,3.64,0.177,386779
6254,2021-08-12,315,3,3,2,2022,9.32,15.95,2,1,8.53,0.382,1312361
6255,2023-04-10,62,1,2,1,2001,9.13,3.05,1,1,8.5,0.074,510066
6256,2022-05-03,96,2,3,2,2018,8.19,2.88,0,1,2.24,0.363,506285
6257,2023-05-27,200,5,1,2,2018,2.03,21.35,2,0,7.42,0.244,733120
6258,2023-04-29,99,2,3,1,2013,1.7,1.71,1,1,3.63,0.865,442995
6259,2021-08-17,264,1,1,2,1993,5.48,7.47,2,0,5.2,0.608,1016149
6260,2022-01-25,181,4,1,1,1995,7.89,23.47,1,0,4.87,0.898,704848
6261,2022-08-12,162,4,1,2,1984,2.11,11.74,2,0,6.4,0.203,606055
6262,2021-07-07,301,5,2,2,1997,6.77,17.03,2,0,4.12,0.082,1206012
6263,2023-05-08,102,2,3,2,1983,5.75,5.93,1,0,1.66,0.354,484080
6264,2021-09-27,179,3,3,2,2007,7.53,7.13,2,0,7.05,0.056,874849
6265,2022-08-30,242,1,3,1,2006,4.92,12.97,0,0,9.65,0.884,905277
6266,2021-11-06,128,4,1,1,1985,7.24,16.13,2,0,7.01,0.188,628315
6267,2021-05-12,106,4,2,1,1990,2.44,24.03,2,0,5.86,0.141,401240
6268,2022-07-05,146,2,3,2,2000,2.93,14.57,1,0,2.47,0.788,504338
6269,2021-03-13,247,4,3,1,1996,9.13,2.85,0,0,6.63,0.712,1122132
6270,2023-03-04,184,2,2,1,2010,3.96,9.49,2,0,6.5,0.057,765564
6271,2023-04-25,196,1,3,2,2013,9.87,6.48,2,0,6.57,0.51,897371
6272,2022-11-03,221,2,2,1,1992,1.42,6.73,2,0,9.03,0.449,853950
6273,2021-07-06,112,4,2,1,2002,5.46,12.88,2,0,7.45,0.387,541212
6274,2022-05-01,114,2,3,1,1980,3.92,8.26,1,0,8.05,0.127,543301
6275,2021-07-10,344,4,2,2,1983,9.96,7.59,2,0,3.82,0.787,1366994
6276,2022-02-26,260,5,2,1,2009,9.91,24.22,1,0,3.43,0.24,1022201
6277,2021-04-30,158,4,3,2,2010,3.12,14.81,0,0,2.86,0.458,579581
6278,2021-08-08,331,4,1,2,1995,3.41,6.91,1,0,8.01,0.881,1171928
6279,2021-02-22,221,4,3,1,2022,7.75,7.26,0,1,7.29,0.318,967439
6280,2023-01-04,61,5,3,1,1982,9.01,20.37,0,1,4.08,0.036,468387
6281,2022-03-27,269,3,1,1,1991,6.97,22.22,0,1,2.27,0.889,907429
6282,2022-02-16,335,4,2,2,1991,8.78,17.14,2,1,8.62,0.494,1331027
6283,2022-10-05,221,3,3,1,1990,1.57,11.07,1,1,4.46,0.497,807562
6284,2021-08-25,285,1,1,2,1995,6.76,19.23,0,1,2.71,0.551,987404
6285,2023-01-28,215,2,1,1,2008,7.3,23.47,1,0,2.3,0.18,797637
6286,2023-01-08,236,3,3,2,2000,2.71,4.57,0,1,9.28,0.715,928968
6287,2022-12-21,219,1,3,1,2021,8.0,21.61,0,1,2.17,0.231,845109
6288,2022-02-10,101,2,1,2,2022,9.5,21.3,0,0,4.24,0.301,485802
6289,2022-08-31,238,4,3,2,1984,9.08,9.48,2,1,6.69,0.631,1027704
6290,2022-02-26,169,4,1,2,1992,3.2,7.65,1,0,4.67,0.75,681811
6291,2022-12-13,154,4,3,1,1996,3.92,14.35,2,0,5.3,0.731,623634
6292,2021-09-04,211,5,1,2,1991,5.5,7.17,1,1,8.22,0.083,891187
6293,2021-03-13,344,5,3,2,1996,2.43,4.06,0,0,9.99,0.755,1309235
6294,2023-04-10,90,5,3,2,1980,9.59,23.85,1,0,5.2,0.663,494089
6295,2021-07-04,214,5,3,1,1987,2.45,12.54,1,1,4.41,0.605,850163
6296,2021-01-06,209,1,2,2,1995,7.85,12.07,1,1,4.66,0.967,849622
6297,2021-07-25,313,1,3,2,1994,4.07,3.59,2,0,4.32,0.347,1139004
6298,2022-06-28,67,4,1,1,1998,6.16,12.85,0,0,5.26,0.683,384349
6299,2022-09-03,222,2,1,2,2004,1.42,18.7,1,0,4.0,0.573,694459
6300,2022-01-22,82,5,2,1,2010,2.85,6.58,1,1,5.16,0.388,403278
6301,2023-02-07,310,2,2,1,2021,5.0,9.54,1,1,9.51,0.788,1160078
6302,2022-11-30,259,1,2,1,1981,7.09,4.88,0,0,3.58,0.403,974717
6303,2021-03-17,213,5,3,1,2004,8.0,9.2,1,1,6.87,0.559,965796
6304,2021-06-26,54,1,3,2,2010,1.27,21.6,1,0,5.38,0.561,213790
6305,2023-04-07,83,1,1,1,1983,2.37,6.31,0,0,7.59,0.511,357894
6306,2023-03-10,329,3,1,2,1983,7.57,1.22,2,0,5.25,0.457,1309298
6307,2021-12-15,194,1,3,1,1991,8.32,13.64,1,1,2.44,0.168,785176
6308,2021-09-12,120,4,1,2,1996,3.13,14.7,1,1,8.85,0.241,524303
6309,2023-04-17,279,1,3,2,2000,3.07,8.56,0,0,7.08,0.124,1032065
6310,2022-12-03,174,5,2,2,2008,1.79,16.22,1,1,5.73,0.723,651778
6311,2021-11-04,327,4,3,2,2001,2.35,1.43,0,1,8.48,0.744,1226395
6312,2021-12-11,320,1,3,2,2015,1.07,8.84,2,0,9.79,0.639,1150806
6313,2021-05-07,64,4,3,1,2019,6.31,4.04,0,1,4.68,0.918,427009
6314,2021-10-14,291,1,1,2,1995,9.14,6.13,1,1,4.18,0.265,1198471
6315,2023-02-05,202,4,3,2,1994,2.35,9.87,0,1,7.78,0.821,802416
6316,2022-12-26,102,2,3,2,2009,7.76,12.59,0,1,5.09,0.186,512327
6317,2023-02-01,198,3,3,1,1990,6.16,2.78,0,1,1.77,0.068,851423
6318,2022-08-19,268,4,2,1,1992,9.46,2.98,0,0,4.19,0.0,1129530
6319,2022-05-02,162,5,3,1,2002,8.18,17.01,2,0,8.28,0.581,815329
6320,2022-01-18,337,3,3,1,2019,8.67,10.4,0,1,7.36,0.779,1308102
6321,2022-02-10,326,3,3,1,2020,6.75,4.82,0,0,8.77,0.823,1303393
6322,2022-01-23,132,1,1,1,2013,8.3,6.26,1,1,2.32,0.471,625225
6323,2022-06-09,267,4,2,2,1999,4.16,18.14,1,0,3.2,0.059,951689
6324,2022-07-11,275,3,2,1,1981,2.88,1.77,0,1,2.93,0.036,1041248
6325,2022-10-01,319,5,3,2,1987,9.21,12.96,0,0,9.74,0.917,1307296
6326,2022-09-18,64,5,3,2,1997,7.61,9.33,2,0,2.52,0.093,472964
6327,2021-10-03,339,5,1,2,1986,1.82,20.37,1,0,6.38,0.785,1143909
6328,2022-05-15,314,1,3,2,2022,8.8,19.86,2,1,6.7,0.07,1204638
6329,2022-12-18,248,2,1,2,2010,4.14,17.39,0,0,6.57,0.183,894475
6330,2021-12-03,207,4,3,2,2001,3.68,9.93,2,1,7.22,0.163,880093
6331,2022-04-26,256,3,1,1,2007,6.61,15.97,2,1,5.36,0.277,975087
6332,2023-06-16,223,4,2,2,2004,6.12,16.18,1,0,1.75,0.406,800502
6333,2021-09-30,233,3,3,1,1980,5.84,8.64,1,0,7.31,0.125,980821
6334,2021-02-27,314,1,1,2,2011,3.29,22.06,1,0,3.53,0.973,995616
6335,2021-11-24,295,4,1,2,2004,9.64,24.63,1,0,1.68,0.002,1117326
6336,2023-01-01,85,1,3,2,1995,9.55,8.2,0,0,2.53,0.772,491270
6337,2021-04-19,308,1,1,2,2008,1.04,20.13,1,0,3.58,0.527,969411
6338,2021-10-06,68,4,3,1,2021,4.04,12.77,0,0,4.89,0.086,396987
6339,2022-11-17,72,4,3,1,2003,1.41,11.86,1,0,8.75,0.12,392910
6340,2021-11-24,153,3,1,1,1996,8.65,9.97,0,1,5.83,0.59,713499
6341,2023-02-15,290,5,1,1,2021,8.98,7.65,2,0,5.25,0.315,1182408
6342,2021-11-11,253,1,1,2,1985,5.66,23.03,1,1,2.72,0.45,891953
6343,2022-04-19,302,2,2,2,1993,8.56,18.65,1,1,9.63,0.549,1178868
6344,2021-04-21,191,3,3,1,2005,7.33,11.3,2,1,9.18,0.573,857882
6345,2022-11-30,192,3,3,2,2007,5.5,18.91,1,0,8.34,0.583,783331
6346,2023-02-20,320,5,2,2,2015,4.27,18.11,0,0,3.91,0.07,1113526
6347,2021-08-17,159,5,2,1,2010,3.4,7.05,2,0,6.05,0.74,666619
6348,2022-05-12,57,1,1,1,2006,3.33,4.82,1,1,4.5,0.294,288055
6349,2021-06-05,118,3,3,2,1981,6.06,20.99,1,1,4.63,0.114,518804
6350,2022-04-18,239,3,2,1,1998,2.5,20.38,0,0,1.65,0.102,831374
6351,2022-12-02,228,2,2,2,2007,2.57,24.92,1,0,2.26,0.237,727613
6352,2021-09-29,112,1,3,2,2000,1.09,0.97,0,1,9.65,0.629,487262
6353,2023-06-06,117,1,3,2,1994,6.52,13.74,1,0,6.49,0.472,533663
6354,2021-01-02,255,5,3,2,2013,9.95,17.68,2,1,1.06,0.107,1087934
6355,2023-01-28,55,1,1,2,2019,9.0,14.77,0,1,8.28,0.032,356265
6356,2022-12-23,168,2,2,2,1982,7.35,17.91,0,0,1.78,0.025,666358
6357,2022-05-26,80,1,1,2,1980,8.07,3.86,1,0,7.37,0.421,473530
6358,2021-10-13,55,4,3,1,2003,4.75,0.54,0,1,6.59,0.788,409481
6359,2023-05-21,256,4,3,1,2022,3.68,2.78,0,0,1.57,0.574,943153
6360,2021-01-13,206,2,2,1,2006,4.32,9.81,2,0,5.78,0.81,782574
6361,2022-08-31,116,5,1,1,1988,1.73,8.56,0,0,1.43,0.319,447377
6362,2022-05-13,338,3,1,1,2003,6.7,21.91,2,0,1.58,0.14,1162258
6363,2023-01-03,189,1,1,2,1996,2.57,2.55,0,1,1.46,0.803,700756
6364,2021-08-26,349,5,3,2,2007,7.87,11.35,2,1,3.3,0.728,1365327
6365,2021-04-04,62,5,2,1,2018,2.71,23.97,2,1,8.22,0.589,328595
6366,2021-12-04,201,1,1,2,1983,3.05,12.82,2,1,4.26,0.888,690840
6367,2023-02-20,158,3,3,1,2008,9.62,3.74,2,1,6.76,0.631,828194
6368,2021-06-20,198,1,3,2,2007,1.95,7.64,2,0,2.12,0.526,675403
6369,2022-08-29,253,3,1,2,2016,5.49,15.86,1,1,9.4,0.502,968817
6370,2022-10-23,70,2,2,2,2008,1.56,0.79,0,0,5.54,0.617,312452
6371,2022-09-16,109,3,2,1,2008,1.81,24.22,1,0,1.22,0.517,337130
6372,2022-07-21,70,5,1,2,1984,6.7,14.39,0,0,5.84,0.273,448829
6373,2023-04-29,294,2,3,1,1990,6.68,17.75,0,1,2.66,0.954,1067499
6374,2022-04-12,122,4,3,2,1981,2.74,12.72,2,1,2.76,0.958,528354
6375,2022-09-20,125,2,1,1,1983,8.85,23.97,0,0,6.4,0.167,565945
6376,2021-05-23,235,3,3,1,1989,7.32,14.94,1,1,3.04,0.531,939224
6377,2021-07-20,127,2,3,1,2018,3.71,16.72,0,0,2.93,0.79,439321
6378,2021-06-29,114,2,1,2,1987,3.24,21.59,0,0,5.87,0.055,420746
6379,2022-12-15,339,4,3,2,2002,7.79,21.61,1,1,3.12,0.124,1262186
6380,2021-12-30,105,3,1,2,2006,7.6,1.19,1,0,1.99,0.545,559801
6381,2022-04-24,308,5,1,2,2002,2.34,7.44,1,0,4.67,0.028,1103926
6382,2022-07-19,239,2,1,1,2013,4.14,6.53,2,1,1.47,0.833,862697
6383,2022-04-16,55,1,3,2,2014,2.95,0.66,2,1,9.15,0.873,358478
6384,2022-01-19,55,5,1,1,1996,3.65,21.98,0,0,5.06,0.736,277930
6385,2022-11-23,240,2,3,1,1989,3.59,8.27,0,0,1.12,0.822,821187
6386,2022-02-21,197,5,1,2,1981,9.78,9.0,2,1,3.02,0.672,919663
6387,2023-04-05,307,1,2,1,1996,7.75,2.94,1,0,9.62,0.142,1267068
6388,2021-11-04,267,5,3,2,2010,8.02,24.75,1,1,5.47,0.03,1064964
6389,2022-10-11,139,5,3,2,1995,3.5,20.74,1,0,4.23,0.848,542443
6390,2022-11-25,59,1,3,2,2003,1.0,14.51,2,0,3.84,0.707,204534
6391,2022-01-02,136,1,2,1,1986,1.52,19.41,1,1,4.75,0.398,454672
6392,2021-01-01,299,1,1,2,1998,5.98,19.54,0,1,2.91,0.797,1027070
6393,2021-02-13,200,4,2,1,1995,3.57,16.59,2,1,7.74,0.053,858882
6394,2023-01-09,162,1,1,2,2012,2.74,4.76,1,1,5.57,0.319,653053
6395,2023-04-23,79,5,1,2,2015,1.45,18.15,0,1,7.76,0.342,351160
6396,2021-04-08,177,1,1,2,1989,8.88,14.46,0,1,3.29,0.105,764583
6397,2022-12-21,127,2,1,1,2022,6.4,18.24,1,1,1.01,0.742,456199
6398,2021-09-22,104,1,1,1,1994,1.97,13.81,2,1,9.7,0.778,406238
6399,2023-03-11,83,1,2,1,2022,7.9,23.93,2,1,5.61,0.583,399464
6400,2023-02-22,154,3,3,2,1982,7.8,15.86,1,0,1.72,0.418,636488
6401,2021-05-20,221,5,2,2,1981,3.6,14.56,2,0,1.93,0.607,803669
6402,2022-04-26,71,5,3,1,2022,2.7,21.15,0,0,4.91,0.898,261600
6403,2021-08-25,336,2,3,2,2021,8.33,9.79,1,1,7.26,0.358,1304295
6404,2021-03-13,154,4,3,2,2014,3.97,8.24,2,1,4.57,0.334,677869
6405,2022-10-29,198,3,2,2,2006,8.63,12.83,2,1,8.38,0.623,870737
6406,2021-07-09,321,2,1,2,1984,1.39,14.82,2,0,3.96,0.684,1055595
6407,2021-09-25,325,2,1,1,1994,5.49,5.9,1,1,1.41,0.458,1182025
6408,2021-11-17,348,5,3,1,2015,2.62,17.22,1,0,1.07,0.86,1181271
6409,2021-04-17,221,3,1,1,2012,7.05,20.16,0,1,8.73,0.352,870801
6410,2021-08-20,96,5,1,1,1980,9.97,14.64,1,0,9.86,0.641,613147
6411,2021-02-11,163,4,2,2,1991,4.71,13.31,1,0,2.2,0.668,644345
6412,2022-12-03,324,5,1,1,2021,1.9,7.72,2,0,1.56,0.295,1145930
6413,2023-06-02,256,1,1,1,2020,3.86,22.78,2,1,9.23,0.019,924466
6414,2021-05-19,291,5,2,2,1988,9.02,18.99,1,0,1.91,0.827,1103609
6415,2022-09-07,245,1,1,1,1999,7.89,12.27,2,1,3.06,0.482,970080
6416,2022-11-14,213,2,3,2,2009,3.09,16.65,2,1,8.21,0.095,847073
6417,2023-05-13,225,4,2,2,1993,9.58,8.75,1,1,9.98,0.958,1016043
6418,2021-09-30,320,1,1,1,2002,6.6,1.97,1,1,5.37,0.296,1232938
6419,2022-04-26,159,4,1,1,2008,2.51,5.5,2,1,2.9,0.474,630708
6420,2022-02-20,221,5,2,1,2021,6.15,2.45,0,0,8.63,0.484,1024571
6421,2022-05-21,251,5,3,2,2014,5.06,12.95,0,0,4.55,0.371,971655
6422,2023-01-03,217,2,2,2,2006,8.38,15.74,1,0,3.45,0.152,894175
6423,2022-12-26,151,5,3,1,2006,4.1,9.82,0,0,5.41,0.704,701215
6424,2023-05-03,135,1,2,2,2009,8.87,13.49,2,1,8.7,0.195,685788
6425,2022-02-28,191,2,1,1,1982,8.31,2.59,2,1,3.1,0.682,800231
6426,2022-02-11,262,4,2,2,1991,7.07,19.36,1,0,4.81,0.802,1016414
6427,2022-07-22,100,2,2,1,2010,3.33,1.3,0,1,5.0,0.023,479945
6428,2022-01-25,161,4,3,2,2016,9.73,16.04,2,1,8.49,0.732,786989
6429,2021-12-08,320,3,2,2,2006,5.94,11.12,2,1,7.08,0.638,1257985
6430,2022-09-06,114,1,3,1,2003,9.17,5.0,0,0,8.02,0.196,612508
6431,2022-05-08,232,1,2,2,2020,2.94,13.31,2,0,7.24,0.62,858703
6432,2021-07-11,59,4,1,1,2019,9.85,19.63,2,1,6.33,0.421,423304
6433,2022-05-14,283,5,2,2,1990,8.34,10.63,0,1,2.19,0.085,1109500
6434,2023-04-02,347,5,1,1,2006,9.54,9.51,0,1,8.5,0.524,1425870
6435,2022-12-13,293,3,3,1,1988,2.91,3.99,1,0,6.47,0.973,1039126
6436,2021-08-21,316,4,3,1,1995,4.88,15.07,0,0,7.31,0.649,1168362
6437,2021-08-15,167,3,3,2,1993,1.88,20.79,1,1,8.01,0.331,595210
6438,2022-01-06,193,4,3,1,2009,2.23,14.25,0,1,3.81,0.564,704118
6439,2021-05-19,250,3,2,2,2003,3.56,4.54,1,0,4.94,0.738,954379
6440,2023-05-06,288,4,2,1,2021,9.56,16.7,2,0,5.87,0.156,1184342
6441,2023-03-28,295,1,2,2,1992,7.0,1.24,1,0,4.09,0.529,1144609
6442,2021-05-29,57,3,1,1,2012,3.83,21.03,1,0,3.33,0.507,248724
6443,2021-04-25,201,3,2,2,1988,9.59,23.08,2,1,7.99,0.377,873429
6444,2022-03-26,260,4,1,2,2005,7.66,15.13,0,1,7.78,0.747,1029362
6445,2021-03-04,207,2,1,2,2021,9.16,22.1,0,0,8.49,0.565,836616
6446,2021-04-14,107,2,2,1,1992,9.34,2.57,1,0,7.27,0.699,602588
6447,2023-05-01,135,1,1,1,2000,7.76,6.09,0,1,3.81,0.596,623456
6448,2023-05-21,104,5,3,2,2008,3.19,8.27,1,1,3.94,0.781,491882
6449,2022-10-30,250,5,2,2,2007,9.97,19.44,2,0,5.75,0.634,1057905
6450,2021-09-30,171,1,2,2,2003,3.93,12.36,0,1,8.52,0.678,661013
6451,2021-01-06,157,5,1,1,1992,7.05,9.03,0,1,4.12,0.225,735309
6452,2021-05-27,181,4,2,1,2021,8.6,4.37,0,1,7.89,0.846,875821
6453,2021-07-03,247,2,2,2,1999,2.58,20.36,2,0,3.75,0.155,797361
6454,2021-01-28,96,1,1,1,2018,6.48,1.0,1,1,4.05,0.34,472427
6455,2022-07-04,277,4,2,1,1986,4.38,8.76,1,0,7.77,0.889,1045404
6456,2021-04-29,294,1,2,1,2020,3.2,6.45,2,0,7.11,0.109,1084556
6457,2021-10-20,252,2,2,1,1994,1.11,3.66,1,1,2.87,0.867,900956
6458,2022-01-06,310,5,1,1,2004,8.85,4.72,1,0,8.44,0.475,1306438
6459,2021-09-01,227,4,2,2,2014,2.22,12.6,2,0,8.06,0.184,883445
6460,2022-08-03,73,2,2,2,1992,8.9,10.94,0,1,8.18,0.737,497874
6461,2022-12-27,224,1,2,1,2022,6.41,13.2,1,1,5.23,0.284,901231
6462,2021-08-06,323,3,3,2,1987,6.59,18.33,2,0,3.96,0.678,1159099
6463,2021-06-26,310,4,2,1,2000,8.46,22.36,1,1,8.65,0.791,1224269
6464,2021-10-26,335,1,1,2,1985,5.58,3.4,0,0,6.29,0.569,1229546
6465,2022-11-07,50,1,3,1,1989,4.22,2.53,0,1,9.38,0.786,337424
6466,2021-02-27,135,2,1,1,2020,2.25,8.35,0,0,3.28,0.935,463500
6467,2021-09-26,118,1,2,1,2000,6.13,13.88,0,1,9.78,0.55,535310
6468,2021-11-04,80,4,2,2,1993,5.98,2.95,0,0,4.41,0.152,481283
6469,2022-07-24,247,4,2,2,2012,3.65,18.04,0,1,4.46,0.71,879280
6470,2021-10-15,140,1,3,2,2004,6.4,14.12,0,1,3.15,0.41,605069
6471,2021-04-15,65,2,2,1,1998,4.95,18.84,0,1,9.69,0.531,383430
6472,2021-08-16,325,4,1,1,1988,8.25,9.27,1,0,1.36,0.627,1217706
6473,2021-09-04,211,3,3,2,2016,6.04,10.33,2,0,5.26,0.717,834094
6474,2022-12-01,241,5,1,2,2015,9.4,20.29,2,0,4.29,0.64,987116
6475,2022-05-09,200,2,1,1,2015,5.66,7.04,1,0,2.43,0.233,799385
6476,2021-03-24,162,2,1,1,1994,8.99,9.84,2,0,7.42,0.748,751469
6477,2021-07-05,322,5,1,1,1984,5.68,0.83,2,1,9.08,0.807,1273515
6478,2021-09-09,225,5,1,2,1996,6.02,14.11,0,0,3.19,0.038,868194
6479,2021-12-21,198,4,2,1,2009,4.3,21.36,1,0,5.48,0.308,744744
6480,2023-01-20,227,1,1,1,1986,4.6,1.18,0,1,6.2,0.978,855859
6481,2023-05-22,272,1,1,1,1985,9.4,15.54,0,0,4.51,0.178,1021215
6482,2022-11-27,308,3,2,1,1994,3.01,21.21,0,0,9.29,0.183,1127928
6483,2023-03-07,322,1,3,2,1989,2.09,12.6,1,0,5.15,0.591,1070915
6484,2023-06-16,238,3,2,1,1985,8.47,8.17,1,0,9.85,0.338,1066410
6485,2021-07-29,139,3,3,2,2021,6.19,24.92,1,0,3.66,0.657,547913
6486,2023-03-27,311,2,1,1,2020,3.56,2.09,0,1,1.66,0.263,1126535
6487,2023-03-19,205,2,2,2,1992,4.89,5.66,1,1,6.17,0.426,860747
6488,2022-09-01,249,4,3,2,1993,5.72,22.19,0,1,8.41,0.998,930242
6489,2022-03-23,104,5,3,2,1980,6.33,7.78,2,1,4.5,0.373,579084
6490,2022-04-05,303,5,2,2,2012,8.39,20.59,0,1,2.67,0.086,1175492
6491,2022-04-17,222,3,2,1,1998,4.55,8.66,2,1,7.64,0.742,857195
6492,2022-12-21,249,5,2,2,1988,7.09,20.39,2,0,3.44,0.589,992042
6493,2022-01-05,151,3,2,2,2016,8.51,17.3,1,0,7.93,0.445,699789
6494,2023-06-19,334,5,2,1,1991,8.59,11.98,0,1,3.36,0.909,1266741
6495,2022-05-07,200,4,1,2,1984,3.29,13.31,1,1,6.02,0.147,801426
6496,2021-05-17,160,2,1,2,1985,4.15,4.85,1,1,8.99,0.49,695892
6497,2022-01-02,315,2,2,1,1990,6.35,3.34,2,0,2.84,0.192,1191750
6498,2021-07-03,140,3,2,2,2017,8.97,18.07,2,0,8.39,0.083,713156
6499,2022-08-11,226,5,1,1,1989,8.11,21.29,0,1,3.39,0.442,844269
6500,2021-10-14,280,1,3,2,1994,6.26,18.19,2,1,6.95,0.947,1042311
6501,2022-04-17,78,4,1,2,2018,9.85,22.87,0,0,3.19,0.722,430285
6502,2022-01-10,244,5,2,2,2007,4.95,22.31,0,0,2.03,0.235,859460
6503,2022-10-16,288,1,3,1,1982,8.58,19.57,1,0,6.98,0.463,1073013
6504,2023-01-19,316,4,2,2,1995,8.37,22.5,2,0,6.35,0.797,1199833
6505,2022-06-21,263,4,3,1,1996,9.17,4.6,1,1,4.61,0.195,1138154
6506,2022-05-26,131,2,2,2,2015,9.89,18.42,2,0,1.33,0.204,643671
6507,2023-03-13,177,3,1,2,1998,5.46,18.97,2,0,5.28,0.181,683428
6508,2022-08-02,311,5,2,2,1983,2.76,4.27,1,0,2.34,0.607,1128942
6509,2021-09-07,116,4,1,2,2004,5.15,22.78,0,0,4.24,0.029,479728
6510,2022-05-25,111,5,3,1,2006,8.68,0.72,1,1,6.28,0.588,652833
6511,2022-09-22,182,4,1,1,1991,8.52,11.15,2,1,9.45,0.825,850293
6512,2021-03-14,186,2,3,1,2006,4.02,1.03,1,0,5.6,0.783,785918
6513,2021-10-09,77,3,2,2,1983,1.43,13.32,1,0,2.75,0.667,281847
6514,2021-12-26,260,1,1,1,2003,5.59,10.6,2,0,9.52,0.219,987761
6515,2021-01-10,254,1,3,1,1996,5.27,15.77,2,1,1.23,0.816,888096
6516,2021-07-30,302,2,3,2,2005,1.77,19.28,0,1,6.79,0.957,967933
6517,2023-04-15,87,4,3,1,1997,8.15,19.33,2,1,3.36,0.184,485812
6518,2021-06-01,92,2,3,2,2001,3.55,18.19,2,1,7.82,0.91,424632
6519,2021-01-05,166,3,2,2,1985,6.81,3.0,2,1,3.98,0.853,738613
6520,2021-07-14,239,1,2,1,1998,1.91,10.73,2,0,4.86,0.979,822913
6521,2021-10-10,95,5,2,1,2016,8.75,20.49,2,0,7.93,0.319,520513
6522,2022-04-09,215,1,3,2,2013,7.65,16.53,0,1,9.08,0.934,903297
6523,2021-04-23,252,3,2,2,1990,4.5,17.19,2,0,2.64,0.18,934636
6524,2021-09-28,282,4,3,2,2003,6.67,6.06,1,1,3.67,0.175,1137686
6525,2021-06-12,294,2,3,2,2016,2.69,8.46,1,0,1.04,0.107,1004918
6526,2022-04-05,258,1,3,1,2002,9.87,23.92,2,1,8.71,0.428,1033507
6527,2021-04-15,297,1,1,2,2019,8.16,21.25,1,0,9.52,0.012,1133189
6528,2022-11-24,344,5,2,1,2022,8.1,4.54,0,0,3.52,0.381,1377260
6529,2022-07-10,207,2,2,2,1983,2.38,13.84,1,0,4.46,0.626,675695
6530,2021-10-09,50,5,1,1,1997,1.16,12.52,0,0,4.86,0.078,272329
6531,2022-11-18,266,5,1,2,2009,6.27,11.37,0,1,4.69,0.818,1033377
6532,2021-06-11,298,4,1,2,1994,2.3,12.03,1,0,4.54,0.293,1025321
6533,2021-12-17,118,1,1,1,2016,8.02,16.25,1,1,5.28,0.046,498448
6534,2022-03-10,79,2,3,2,2002,4.74,24.2,2,1,2.38,0.375,329769
6535,2023-05-02,164,4,2,1,1991,4.05,21.95,2,1,1.52,0.138,620607
6536,2021-05-20,57,4,2,2,1983,1.66,21.94,2,0,7.51,0.795,229363
6537,2022-04-16,324,4,2,2,1983,9.96,17.73,1,1,8.62,0.334,1333811
6538,2021-05-12,85,3,3,2,2020,9.6,0.93,0,1,8.29,0.117,662958
6539,2021-03-28,93,3,2,1,2020,2.18,11.29,0,0,6.64,0.454,387360
6540,2022-11-19,204,4,1,2,1993,4.0,13.02,2,1,9.72,0.452,822166
6541,2021-07-02,126,3,2,1,1987,4.52,21.14,0,0,1.01,0.276,489286
6542,2022-01-03,127,2,2,2,2002,3.67,23.11,1,1,3.88,0.327,455676
6543,2021-05-09,150,1,3,1,1980,9.41,11.56,1,1,3.79,0.769,697936
6544,2021-09-03,79,2,1,1,1990,7.49,7.86,0,0,4.15,0.639,404945
6545,2022-08-24,88,1,1,2,2006,9.6,8.77,1,1,8.2,0.215,564756
6546,2022-08-01,288,3,1,2,1983,8.87,14.68,0,0,4.16,0.948,1057230
6547,2022-11-01,62,2,2,2,2008,7.79,7.24,2,1,5.74,0.305,442361
6548,2023-06-18,171,5,1,2,1996,7.27,22.81,1,0,6.53,0.533,716919
6549,2022-01-13,193,4,1,1,1998,8.8,10.76,1,0,8.61,0.571,870798
6550,2021-05-29,221,1,2,1,2003,7.16,24.76,2,0,6.54,0.214,819173
6551,2023-05-02,296,1,3,2,2020,2.7,3.18,0,1,4.43,0.291,1112388
6552,2022-03-09,296,5,2,1,2011,6.83,5.1,1,1,7.25,0.481,1239487
6553,2022-09-20,94,5,3,2,2010,5.64,13.03,1,1,5.64,0.256,502667
6554,2022-12-27,302,4,3,2,1995,9.84,21.77,0,0,5.76,0.306,1152273
6555,2022-04-14,340,3,1,2,2011,5.59,9.17,2,1,4.02,0.613,1280180
6556,2022-03-22,256,2,1,2,2021,1.35,21.02,1,1,1.01,0.734,764308
6557,2022-04-26,56,2,2,2,2013,3.38,10.92,2,1,4.2,0.801,281196
6558,2023-06-03,291,2,3,1,2014,9.26,21.4,0,0,3.72,0.122,1105837
6559,2021-10-21,159,3,2,2,2016,9.66,7.3,0,1,1.9,0.737,739838
6560,2023-02-04,163,4,1,1,1995,7.56,12.06,2,1,2.79,0.936,666402
6561,2021-05-23,325,2,3,2,2000,1.51,7.33,0,0,9.83,0.581,1157797
6562,2021-09-07,145,1,1,2,1992,1.21,5.77,2,1,3.52,0.605,521514
6563,2023-05-28,343,1,1,2,1997,5.32,10.82,1,1,5.66,0.955,1208530
6564,2021-10-29,238,1,1,2,1981,10.0,8.7,2,0,5.94,0.869,994096
6565,2021-01-25,337,5,3,1,2012,8.82,19.79,2,0,6.04,0.558,1318189
6566,2023-02-28,203,5,3,1,2020,9.4,18.82,2,1,1.43,0.766,873634
6567,2023-06-08,107,3,1,2,1997,6.61,9.28,1,0,7.94,0.181,545446
6568,2023-06-09,99,2,3,2,2007,8.73,24.81,0,1,7.57,0.413,531101
6569,2021-03-11,256,5,1,2,2016,3.88,24.36,1,0,9.79,0.715,923723
6570,2022-09-17,101,1,1,2,2014,1.25,22.99,2,1,2.66,0.289,307215
6571,2023-05-25,199,5,1,1,2016,9.26,14.87,1,0,5.98,0.454,880594
6572,2021-04-22,102,1,3,1,1991,2.97,10.6,0,1,8.23,0.173,471970
6573,2021-12-30,262,2,2,2,2019,7.56,8.17,1,0,2.12,0.898,1017919
6574,2021-10-30,115,3,2,1,1987,6.93,0.87,2,1,8.11,0.896,619582
6575,2022-04-16,281,4,3,1,2004,2.42,15.98,1,0,3.43,0.478,999963
6576,2021-04-01,348,4,3,2,1986,2.76,14.05,1,1,3.53,0.192,1253384
6577,2022-06-14,200,1,1,1,1981,3.96,15.93,2,0,9.51,0.679,744447
6578,2022-10-23,254,5,1,2,2012,7.81,14.61,2,1,3.82,0.214,1041305
6579,2023-01-09,304,5,2,1,2012,1.35,3.87,0,1,6.26,0.229,1115517
6580,2022-12-27,186,1,1,1,2019,4.66,17.54,1,1,4.96,0.972,646666
6581,2023-05-22,184,2,2,2,2002,6.99,9.33,0,1,1.7,0.1,721105
6582,2022-10-25,103,1,2,1,1984,2.54,13.15,2,1,9.55,0.379,446317
6583,2021-07-11,114,2,3,1,1993,2.07,9.46,2,0,2.92,0.555,443714
6584,2022-07-06,51,3,3,1,1987,4.51,1.04,0,1,3.41,0.108,339593
6585,2021-08-30,181,3,3,1,1999,3.58,21.98,0,0,4.4,0.039,665922
6586,2021-05-18,81,1,2,1,1997,6.84,4.14,1,0,5.49,0.542,474173
6587,2021-12-11,292,3,3,2,2002,9.73,14.76,0,0,2.3,0.115,1156608
6588,2021-06-29,241,5,2,2,2008,1.04,22.14,1,1,6.67,0.251,850180
6589,2022-12-13,191,2,3,1,1986,9.12,5.92,2,1,5.63,0.497,878281
6590,2022-05-18,197,4,2,2,2003,4.9,10.59,2,0,3.73,0.347,802571
6591,2021-07-22,138,4,1,1,2004,6.98,9.75,1,0,7.23,0.711,628755
6592,2022-07-27,98,3,1,1,1993,8.66,2.69,1,1,5.63,0.962,514304
6593,2021-07-11,185,2,2,2,2017,6.16,10.88,2,1,8.57,0.753,821401
6594,2021-01-05,240,5,2,1,1982,1.88,12.25,1,1,8.7,1.0,920864
6595,2023-06-09,198,4,1,2,1993,2.27,1.15,0,1,9.82,0.389,808085
6596,2021-08-25,136,5,2,1,1982,8.1,12.46,1,0,1.61,0.305,615268
6597,2022-11-24,57,5,2,1,2021,3.06,2.8,2,1,4.65,0.213,392057
6598,2021-11-07,272,4,1,2,1988,6.12,22.37,1,1,5.51,0.885,988428
6599,2022-07-03,65,4,2,1,1986,4.85,16.43,0,0,3.1,0.39,335473
6600,2021-02-25,345,3,3,2,2005,3.73,1.88,1,1,9.3,0.711,1318760
6601,2022-03-19,155,2,1,2,1986,8.08,20.76,1,0,1.79,0.675,616009
6602,2021-08-25,332,1,3,1,1986,7.58,9.36,1,0,4.86,0.057,1263327
6603,2023-05-20,153,2,2,1,2015,6.81,6.03,2,0,2.67,0.88,678740
6604,2023-05-11,195,1,2,2,1992,4.35,6.72,1,0,7.14,0.487,765551
6605,2021-07-16,84,4,3,1,1982,3.04,15.14,0,1,7.34,0.224,401715
6606,2022-08-08,162,5,2,1,1999,5.64,2.5,2,0,8.85,0.979,766701
6607,2022-07-25,102,2,2,2,1988,8.35,1.94,1,1,4.68,0.753,582784
6608,2023-01-22,130,5,3,1,2001,6.18,15.87,2,1,7.98,0.617,653466
6609,2022-05-29,153,2,2,1,2012,9.73,24.56,1,0,5.95,0.988,638480
6610,2022-03-25,291,2,1,2,2002,1.14,12.34,2,1,8.31,0.757,985933
6611,2021-12-26,80,5,3,1,2002,9.99,10.63,1,1,1.77,0.121,543540
6612,2022-12-01,241,3,3,1,2017,7.22,23.71,0,0,5.17,0.991,871882
6613,2023-03-30,282,4,3,1,2005,8.49,6.4,2,1,2.36,0.598,1147943
6614,2021-01-30,147,3,3,1,2011,4.01,6.39,1,1,8.11,0.299,700586
6615,2023-02-18,83,3,1,1,2007,5.58,22.68,1,1,2.37,0.818,314082
6616,2021-04-18,292,2,3,1,2009,8.17,16.35,1,0,1.07,0.048,1081297
6617,2023-04-24,108,4,3,2,2019,7.85,1.82,2,0,9.37,0.654,669951
6618,2022-08-25,308,2,2,1,1996,4.01,17.01,2,1,5.36,0.159,1086305
6619,2022-12-18,66,1,3,1,1997,3.92,20.59,1,0,9.87,0.088,319875
6620,2023-06-10,127,2,2,1,2004,6.97,7.21,1,0,5.08,0.354,641820
6621,2022-03-21,255,5,3,2,1983,9.4,9.88,1,1,6.32,0.356,1124893
6622,2023-06-12,215,2,3,1,2005,4.95,5.34,2,1,7.7,0.601,913076
6623,2022-03-14,340,1,1,2,2010,4.18,16.02,0,1,3.53,0.565,1189975
6624,2023-01-02,161,2,2,2,1991,9.05,16.77,0,0,2.2,0.688,662619
6625,2023-06-09,194,1,1,2,1997,7.15,2.18,1,1,6.95,0.174,865984
6626,2022-08-29,205,4,2,2,1989,4.49,17.1,2,1,5.6,0.871,794111
6627,2022-04-02,227,2,3,2,2015,1.52,16.63,1,0,8.44,0.859,782743
6628,2022-09-07,185,1,1,1,1981,7.49,1.36,1,1,1.41,0.216,788567
6629,2023-01-05,67,4,2,1,2004,4.18,14.11,2,1,5.9,0.474,370016
6630,2022-11-29,204,5,2,1,1988,1.64,15.54,0,1,2.67,0.488,705191
6631,2022-11-27,321,3,1,1,2011,6.51,11.04,2,0,6.56,0.921,1214061
6632,2022-05-10,315,1,2,2,1984,3.91,22.58,1,1,7.84,0.906,1030431
6633,2022-11-05,65,5,3,2,1982,4.05,8.55,0,1,3.37,0.067,397052
6634,2021-09-04,61,4,2,2,1996,5.31,2.15,2,0,5.34,0.958,394804
6635,2022-06-27,124,5,3,2,1992,7.46,16.96,0,0,4.78,0.069,591736
6636,2022-07-18,261,2,2,2,1982,3.49,15.33,2,1,7.79,0.55,970916
6637,2023-05-07,228,3,1,2,2007,1.73,24.73,2,0,6.4,0.312,738235
6638,2022-08-11,178,1,3,1,1983,4.82,6.17,0,0,2.09,0.39,681203
6639,2023-06-16,332,4,2,1,1997,1.49,10.19,0,1,9.79,0.627,1214835
6640,2022-03-15,244,3,3,1,2014,7.28,11.8,1,1,9.21,0.584,989424
6641,2021-10-05,317,4,1,1,1993,9.63,21.61,1,0,6.21,0.167,1249710
6642,2022-07-06,79,5,2,2,1995,6.93,10.66,0,0,8.0,0.97,469571
6643,2022-09-05,58,4,2,2,1991,3.48,19.42,1,1,1.18,0.029,265378
6644,2021-04-21,214,4,3,2,1990,2.64,4.35,1,0,2.81,0.343,803832
6645,2022-01-20,242,5,1,1,1981,3.1,10.54,2,1,7.91,0.801,939658
6646,2023-04-13,309,5,1,1,2012,2.99,4.3,1,0,1.96,0.851,1106196
6647,2023-01-31,241,3,2,1,1992,3.82,23.77,2,1,1.38,0.797,817220
6648,2021-07-10,128,1,3,1,2009,1.88,4.86,1,0,6.54,0.372,516488
6649,2022-05-05,228,5,2,1,2005,9.06,10.77,0,0,1.31,0.673,921313
6650,2022-11-25,140,3,2,1,1997,8.97,2.52,2,0,2.65,0.764,699364
6651,2022-03-02,264,4,3,2,1992,6.54,23.07,1,0,1.72,0.578,945058
6652,2022-02-09,128,4,1,1,1983,1.56,15.78,0,1,5.81,0.679,481119
6653,2021-12-01,152,2,2,1,2012,8.24,24.08,2,1,7.09,0.554,633826
6654,2021-07-28,160,5,2,1,1994,1.56,1.54,1,0,2.65,0.055,680030
6655,2021-01-22,296,3,3,2,1996,1.96,4.79,0,1,5.22,0.273,1121310
6656,2022-11-09,283,3,3,1,1985,3.93,9.81,2,0,1.18,0.703,1011319
6657,2022-09-03,131,1,2,1,1984,4.88,15.72,1,1,3.38,0.242,544915
6658,2021-07-27,181,3,1,2,2012,4.19,8.57,1,1,2.62,0.455,717599
6659,2021-01-08,284,5,3,1,1995,2.49,17.94,2,1,2.49,0.535,1015640
6660,2022-12-03,327,3,2,1,2003,2.01,4.55,0,0,3.03,0.671,1133010
6661,2022-11-18,148,2,1,2,1984,8.73,15.22,2,0,8.25,0.259,683104
6662,2023-02-24,87,4,3,2,1982,4.27,10.25,0,0,9.55,0.595,494655
6663,2022-06-13,210,4,3,1,2014,2.97,12.95,0,0,7.35,0.597,824838
6664,2022-08-25,166,3,2,2,2006,5.38,14.46,2,0,1.65,0.845,611643
6665,2022-10-15,290,3,3,2,1991,1.33,1.97,0,0,6.65,0.552,1065820
6666,2022-10-19,75,3,2,1,2020,6.4,23.14,1,0,7.61,0.295,369711
6667,2021-06-15,185,3,3,2,2004,3.24,19.76,2,1,2.0,0.523,673581
6668,2023-04-29,99,2,1,2,1996,6.38,11.34,0,1,3.65,0.107,485251
6669,2022-05-11,343,5,1,1,1999,6.53,13.91,1,1,4.86,0.608,1253800
6670,2022-08-13,347,2,3,2,2007,8.28,1.3,0,1,3.8,0.916,1343389
6671,2022-03-05,342,2,2,1,2014,3.07,12.7,2,0,5.66,0.53,1200528
6672,2023-02-13,203,2,3,2,1994,5.17,10.94,1,1,2.18,0.292,794067
6673,2021-06-12,269,4,2,2,2012,9.66,9.67,0,0,5.0,0.406,1154082
6674,2022-01-01,189,2,3,1,1982,7.54,20.48,2,0,7.6,0.902,736060
6675,2022-06-10,98,3,1,2,1986,9.78,4.96,0,1,5.15,0.813,594333
6676,2021-08-27,191,2,2,2,1989,9.35,4.82,2,1,2.89,0.803,832319
6677,2021-03-13,95,3,1,2,2020,6.5,13.28,1,0,8.22,0.564,441155
6678,2022-03-21,212,5,1,2,2005,3.38,17.34,2,1,4.55,0.396,805814
6679,2022-10-17,334,4,1,2,2020,7.81,1.05,1,1,4.83,0.132,1347429
6680,2023-04-02,317,5,3,1,2019,7.28,13.87,0,0,4.22,0.976,1202433
6681,2022-05-24,165,5,2,2,1985,6.3,7.82,0,1,3.61,0.179,761659
6682,2023-03-06,131,4,1,1,2012,7.28,19.04,1,0,6.42,0.252,608292
6683,2021-09-26,93,3,2,2,1995,6.52,11.99,0,1,2.69,0.764,432083
6684,2023-01-23,243,3,2,2,2003,5.67,20.93,1,0,7.92,0.351,936825
6685,2022-02-19,307,3,1,1,2009,4.74,10.23,0,1,5.34,0.584,1079416
6686,2021-09-02,322,4,3,2,1989,1.4,20.76,0,1,8.95,0.762,1110779
6687,2022-11-06,323,2,1,2,1990,8.79,18.05,2,0,9.45,0.556,1262546
6688,2021-03-01,327,1,1,2,2001,8.79,20.79,2,1,4.45,0.491,1199373
6689,2021-01-06,132,2,2,2,1982,6.35,20.4,2,0,2.43,0.051,538229
6690,2022-12-10,107,2,3,1,2017,3.41,12.42,1,1,5.55,0.488,458050
6691,2022-07-24,102,5,2,1,2019,1.25,9.52,2,1,3.43,0.455,450415
6692,2023-03-28,50,1,3,2,2002,1.01,19.25,2,0,4.84,0.881,153659
6693,2022-02-11,265,3,1,1,1998,1.66,9.36,2,0,4.4,0.447,941659
6694,2021-08-05,277,2,3,1,2019,4.24,2.69,0,0,5.05,0.63,1033613
6695,2021-01-26,303,4,2,2,1992,2.7,21.54,1,0,5.49,0.774,1056862
6696,2023-03-26,208,2,1,2,2015,3.39,10.23,2,0,6.65,0.468,792318
6697,2021-01-05,336,3,3,1,1982,7.3,3.75,2,0,1.03,0.261,1334537
6698,2022-06-16,115,2,3,1,2001,9.63,16.34,2,0,3.31,0.894,547172
6699,2022-01-25,144,5,2,1,2004,2.86,22.3,0,1,2.53,0.896,528917
6700,2022-12-11,302,5,3,1,1999,5.19,21.59,1,1,7.39,0.9,1098453
6701,2022-07-25,199,2,1,1,2007,9.92,14.08,2,1,8.49,0.273,914730
6702,2022-03-24,72,5,3,1,1982,9.39,2.66,2,0,7.53,0.315,584755
6703,2023-01-24,293,4,2,2,2001,4.17,17.57,2,0,9.77,0.919,1086702
6704,2021-05-26,264,1,3,2,2016,3.88,15.42,0,1,1.7,0.126,933146
6705,2022-01-23,180,2,1,1,2017,3.18,5.65,0,0,5.18,0.656,688596
6706,2023-02-24,197,4,1,2,1997,2.4,22.56,2,1,9.09,0.292,752500
6707,2021-09-06,158,4,3,2,1999,5.14,2.62,0,0,3.87,0.721,704327
6708,2022-06-10,89,4,3,1,1984,4.07,9.64,1,0,8.22,0.834,473456
6709,2022-04-07,170,3,1,1,2022,7.7,2.82,2,0,6.06,0.408,790683
6710,2021-01-13,344,2,2,1,1988,3.13,22.84,1,0,9.81,0.151,1180566
6711,2022-01-19,169,2,1,2,2008,7.63,1.37,1,1,4.34,0.732,761663
6712,2022-07-10,67,2,3,1,1996,3.59,10.93,1,0,4.75,0.056,303154
6713,2023-06-06,218,1,3,2,1991,6.33,21.61,0,1,2.47,0.015,809161
6714,2022-02-03,247,4,2,2,2005,6.75,6.66,0,0,2.44,0.877,980376
6715,2021-01-19,192,2,1,1,2012,7.05,3.07,1,0,8.75,0.817,848519
6716,2022-07-29,86,5,1,2,2012,2.58,3.61,0,1,4.67,0.582,414275
6717,2022-05-06,235,3,2,1,2015,3.54,10.42,0,1,6.58,0.665,843425
6718,2023-01-21,310,1,1,1,2008,3.22,11.0,2,0,7.77,0.953,1089333
6719,2022-02-23,280,3,2,2,2001,6.19,18.09,2,1,4.94,0.063,1052517
6720,2021-12-03,303,4,1,1,1997,1.68,6.33,2,0,9.58,0.217,1111342
6721,2022-02-23,346,5,2,1,1996,5.66,17.7,2,1,9.44,0.729,1333667
6722,2022-09-04,59,4,2,1,2003,1.79,24.97,1,0,7.12,0.264,218163
6723,2022-11-06,279,2,2,1,2001,4.03,21.67,0,0,9.96,0.207,996979
6724,2021-05-02,73,3,3,1,1984,7.18,16.07,1,0,1.02,0.442,412897
6725,2022-03-08,127,5,3,1,1980,4.71,23.53,2,0,1.08,0.724,477364
6726,2021-02-13,242,3,3,2,1998,3.52,24.78,2,1,1.61,0.211,814636
6727,2023-05-22,158,1,1,1,2009,6.54,14.47,0,1,9.49,0.43,681405
6728,2021-11-13,329,5,2,2,2018,7.66,7.2,0,0,6.44,0.519,1312740
6729,2022-01-16,312,1,1,1,1994,3.29,22.92,0,1,9.35,0.172,1032722
6730,2021-05-25,317,5,1,1,2014,3.69,21.18,2,0,2.14,0.477,1086532
6731,2021-11-23,308,2,2,2,1984,6.76,2.57,0,1,1.29,0.866,1174482
6732,2021-12-29,134,3,3,2,1985,9.69,23.44,0,1,5.89,0.746,649568
6733,2021-02-19,59,3,1,1,2004,2.92,9.47,2,0,2.58,0.503,270740
6734,2021-03-06,338,4,1,1,1990,6.89,8.39,1,1,8.74,0.125,1353025
6735,2021-12-21,108,5,1,2,2001,9.16,8.91,1,1,4.78,0.023,644191
6736,2023-03-11,311,5,3,2,2013,5.16,8.34,2,1,7.93,0.067,1284553
6737,2021-06-13,334,1,2,2,1993,3.85,13.14,1,1,5.65,0.75,1158133
6738,2021-05-21,168,5,2,2,1988,7.0,14.7,2,0,5.76,0.704,768686
6739,2023-04-06,217,3,1,1,1999,1.28,10.93,1,0,7.14,0.746,750175
6740,2021-05-08,238,5,2,2,1995,4.24,10.61,0,1,4.02,0.307,943854
6741,2022-02-02,300,4,3,1,1996,3.32,18.56,1,0,9.54,0.09,1099818
6742,2023-05-30,278,4,2,2,1996,3.02,0.57,2,0,4.6,0.714,1024185
6743,2022-04-08,239,3,1,1,2013,2.62,23.7,2,1,4.58,0.922,800285
6744,2023-01-21,173,3,1,2,2021,7.63,18.0,1,0,7.37,0.452,788556
6745,2023-04-16,133,3,2,1,1990,9.6,17.83,2,1,6.73,0.764,661868
6746,2023-03-19,346,5,1,2,2014,4.46,10.84,1,0,9.96,0.728,1293537
6747,2021-07-06,264,5,3,2,2013,1.44,24.16,2,0,8.65,0.854,948331
6748,2022-12-21,286,2,3,2,2015,7.47,0.51,0,1,3.56,0.028,1162077
6749,2023-01-02,162,1,3,2,1987,5.84,2.37,1,1,1.91,0.955,638043
6750,2021-07-09,266,5,3,1,1998,7.51,20.2,1,0,1.96,0.865,1021293
6751,2022-01-23,295,2,1,2,2012,6.83,18.6,0,0,4.25,0.876,1063903
6752,2022-03-05,86,2,1,2,2002,9.15,7.15,2,0,5.29,0.996,490797
6753,2023-05-08,113,4,2,2,1981,2.26,15.07,1,0,6.73,0.639,464711
6754,2021-10-11,268,5,1,1,1987,2.52,13.54,0,0,8.72,0.082,990323
6755,2023-05-14,83,2,2,1,2008,4.07,13.41,2,0,9.91,0.823,402968
6756,2021-08-25,88,4,1,2,2021,5.42,15.09,0,1,4.68,0.135,439716
6757,2021-07-13,116,1,2,1,1986,9.33,24.85,0,0,5.91,0.738,497119
6758,2021-10-14,258,4,2,1,2008,9.16,24.69,1,0,6.41,0.424,1018795
6759,2023-02-10,201,1,3,1,2010,8.85,24.55,2,1,6.03,0.007,767624
6760,2023-01-28,248,3,2,2,2009,3.0,13.94,1,0,1.81,0.436,863048
6761,2021-05-16,138,3,2,1,2014,7.57,8.29,2,1,2.04,0.797,608478
6762,2023-03-03,297,4,2,1,2004,4.45,14.22,2,0,9.0,0.087,1155333
6763,2023-02-22,128,3,2,2,1983,9.38,15.76,0,0,7.08,0.002,672189
6764,2021-06-20,334,5,2,2,2022,2.93,8.13,0,1,7.11,0.453,1254824
6765,2021-06-08,81,4,3,2,2017,2.27,16.0,1,0,8.33,0.001,380569
6766,2021-07-20,136,2,2,1,1996,8.58,15.74,2,1,1.76,0.935,571856
6767,2022-05-02,88,5,2,2,1989,7.45,22.64,0,0,4.74,0.825,424725
6768,2022-07-11,150,4,2,1,1980,8.39,6.32,2,1,3.22,0.63,749048
6769,2023-02-15,293,1,1,1,1997,2.42,17.59,0,0,6.95,0.017,1006810
6770,2022-08-06,281,3,1,2,1998,8.96,11.54,0,0,2.93,0.57,1088482
6771,2022-05-19,117,3,3,2,2011,7.1,3.68,1,0,7.23,0.671,605945
6772,2023-05-26,241,3,2,2,2010,6.86,8.25,2,0,4.49,0.587,992558
6773,2022-01-06,77,4,2,2,2012,6.24,1.9,0,0,4.95,0.947,451854
6774,2021-04-13,319,5,1,2,2001,7.88,8.32,2,1,8.36,0.831,1285847
6775,2021-05-05,275,1,2,2,1980,4.74,2.19,2,0,4.13,0.365,1031684
6776,2021-11-09,126,3,3,1,2020,2.2,23.17,2,1,3.31,0.695,411900
6777,2023-03-09,272,5,2,2,2014,5.85,2.99,0,1,8.65,0.461,1164855
6778,2022-04-03,216,2,3,1,1996,7.73,20.52,2,1,7.17,0.928,862107
6779,2021-08-18,333,2,1,1,2013,2.38,22.7,1,1,4.64,0.618,1064896
6780,2022-10-20,241,1,3,1,2008,3.02,11.96,1,1,5.49,0.582,881075
6781,2023-06-01,138,3,3,1,1985,7.27,1.82,0,0,4.13,0.501,691776
6782,2021-07-16,81,2,3,1,1980,3.43,15.1,1,0,5.96,0.378,330167
6783,2023-06-04,186,5,3,1,2006,2.53,6.25,1,0,2.25,0.148,778892
6784,2023-01-03,205,5,3,2,1991,9.0,4.83,0,1,9.0,0.274,1049316
6785,2022-02-27,299,2,3,1,1983,2.45,14.39,2,1,5.99,0.333,1070479
6786,2022-07-26,144,3,3,1,1995,4.1,9.23,0,1,4.47,0.154,628507
6787,2022-09-02,66,1,3,1,1990,4.86,18.39,0,1,6.14,0.813,350060
6788,2021-06-20,166,3,3,2,1999,5.29,14.99,1,1,2.45,0.002,663164
6789,2022-01-17,59,4,1,1,2005,4.25,20.82,0,1,1.71,0.916,222017
6790,2021-06-22,129,2,3,1,2007,9.21,1.93,2,1,5.93,0.128,741225
6791,2022-10-25,183,4,3,2,2021,6.93,6.26,0,1,1.63,0.051,836483
6792,2022-03-29,252,2,2,2,1987,4.24,14.39,0,0,6.95,0.995,896761
6793,2021-12-16,165,1,2,2,1981,4.22,22.07,2,0,8.2,1.0,574578
6794,2022-09-26,269,3,2,1,2019,5.53,20.43,0,1,9.9,0.192,1057432
6795,2022-05-09,302,3,3,2,2005,1.3,17.15,2,1,7.92,0.134,1081415
6796,2022-09-12,218,2,1,2,2006,9.34,14.56,2,1,9.77,0.198,961637
6797,2021-01-04,254,5,1,2,2012,3.01,15.97,1,0,1.2,0.511,897106
6798,2021-04-03,347,4,2,1,1986,7.28,5.73,0,1,6.03,0.321,1394893
6799,2021-01-06,297,3,2,2,2015,8.0,15.08,2,1,2.48,0.336,1145674
6800,2021-10-15,120,3,3,1,2000,8.45,12.6,0,0,3.21,0.81,577055
6801,2022-09-10,205,2,1,1,2013,2.49,9.92,1,1,7.61,0.89,772017
6802,2021-05-26,151,5,1,2,2002,5.83,22.25,1,0,3.28,0.97,569741
6803,2023-02-22,62,4,2,1,2013,1.75,20.82,1,0,2.62,0.515,213310
6804,2022-02-28,320,5,1,1,2019,8.24,2.38,2,0,4.35,0.246,1301854
6805,2023-06-09,341,5,2,1,1986,5.38,24.65,1,0,1.75,0.555,1157692
6806,2022-08-31,269,2,2,2,2005,2.43,6.13,0,1,2.32,0.871,909034
6807,2022-04-02,64,5,3,1,2019,7.47,5.78,0,0,2.32,0.031,500360
6808,2023-01-11,287,4,2,2,1996,3.98,23.62,2,0,3.03,0.911,952836
6809,2021-07-21,166,1,3,1,2010,2.03,11.4,0,1,8.84,0.227,653709
6810,2021-07-31,105,1,1,2,2018,5.15,20.23,2,1,3.66,0.311,411635
6811,2021-01-06,181,4,1,1,2004,3.12,7.56,1,1,3.46,0.364,733353
6812,2022-09-16,275,2,2,1,2016,9.55,21.89,2,0,2.13,0.914,1016483
6813,2022-01-11,271,3,2,2,1994,4.25,20.89,2,0,1.14,0.176,963710
6814,2023-06-10,222,2,3,1,1981,6.15,13.23,0,0,2.44,0.223,843702
6815,2022-03-23,334,4,3,2,1990,9.54,17.77,0,1,7.51,0.731,1322006
6816,2023-04-15,206,5,1,2,2011,4.54,24.12,1,0,9.73,0.935,789587
6817,2021-04-16,200,1,1,1,2009,4.22,11.58,0,0,7.69,0.105,762493
6818,2022-10-13,234,5,2,2,1996,2.46,12.61,0,0,8.68,0.522,901728
6819,2023-03-22,227,2,2,1,2003,9.44,18.21,0,1,8.08,0.914,931983
6820,2022-02-05,70,4,3,2,1983,8.21,9.97,0,0,3.66,0.886,403577
6821,2021-04-06,161,1,2,2,2011,2.99,24.05,0,0,7.58,0.948,539361
6822,2022-01-23,220,4,3,2,1998,3.99,1.49,1,1,7.76,0.902,949661
6823,2022-03-28,187,1,1,1,1982,9.23,10.38,1,1,3.33,0.315,792878
6824,2023-04-29,282,1,1,1,1983,5.84,17.99,1,1,9.29,0.208,1047435
6825,2023-03-20,79,1,2,1,2004,6.01,11.02,1,1,9.98,0.901,436547
6826,2022-02-20,210,2,3,1,1988,6.83,6.85,1,0,6.05,0.712,913234
6827,2022-12-27,127,4,2,2,2000,7.86,10.63,0,0,3.85,0.379,608248
6828,2022-05-19,327,3,2,1,2002,9.45,22.1,2,0,4.22,0.713,1231808
6829,2022-03-30,70,3,3,1,2008,8.22,13.9,1,0,6.24,0.307,448282
6830,2021-10-18,192,3,2,2,2009,9.41,8.71,2,0,1.07,0.581,842390
6831,2022-06-18,85,4,3,1,2004,8.39,16.95,1,0,3.78,0.233,458236
6832,2021-07-12,263,5,3,1,2008,1.42,15.49,2,1,1.44,0.562,957946
6833,2021-05-30,81,4,2,2,2013,2.06,14.23,0,0,6.62,0.923,343257
6834,2023-05-30,235,1,3,1,1993,8.96,10.08,0,1,6.44,0.771,965344
6835,2023-01-29,223,5,1,1,2001,1.25,2.27,0,0,6.32,0.656,839856
6836,2023-02-18,103,1,1,1,1995,8.15,15.71,2,0,2.36,0.246,474013
6837,2023-02-02,210,1,1,1,1990,8.65,10.78,1,1,9.5,0.063,961134
6838,2022-05-30,299,4,1,1,1993,4.74,11.0,0,1,5.81,0.711,1135381
6839,2022-01-28,300,3,2,2,1986,4.19,6.23,2,1,6.0,0.576,1135232
6840,2021-11-12,328,5,1,1,1984,2.75,6.61,1,0,5.9,0.213,1213013
6841,2021-03-17,220,2,1,1,2019,1.44,19.79,0,1,5.72,0.935,704818
6842,2022-08-22,232,3,1,1,2008,7.71,12.24,1,1,9.45,0.552,936333
6843,2021-09-27,51,2,1,1,1996,1.66,3.18,1,0,6.42,0.572,260791
6844,2021-08-13,243,4,2,1,2009,9.5,1.62,0,1,5.37,0.299,1096072
6845,2022-06-14,215,5,1,1,2004,3.67,6.01,0,0,7.9,0.879,836133
6846,2021-04-23,296,4,3,1,1993,8.15,12.44,1,1,3.26,0.891,1192241
6847,2021-09-08,293,2,3,1,2021,1.54,15.62,0,1,2.73,0.715,941753
6848,2021-08-21,159,1,2,2,2001,5.83,4.02,0,1,4.95,0.099,676585
6849,2023-04-21,120,4,2,1,1984,4.14,11.13,0,1,1.14,0.084,527882
6850,2023-03-02,213,5,2,1,2019,1.27,2.28,2,1,3.64,0.469,842175
6851,2022-12-15,334,4,1,1,2007,6.9,1.42,0,1,4.78,0.142,1311992
6852,2021-03-24,162,3,2,2,1991,9.49,21.65,0,0,6.21,0.332,731704
6853,2021-05-05,277,4,1,1,2015,1.1,16.63,1,1,5.89,0.171,968295
6854,2021-06-24,65,2,2,2,1992,3.43,19.64,1,0,4.31,0.31,303773
6855,2021-03-10,80,4,3,1,2000,7.33,4.96,0,0,4.09,0.943,437320
6856,2021-02-16,211,5,3,1,2011,8.84,8.39,1,1,1.01,0.753,909585
6857,2023-06-03,242,4,1,1,2000,2.72,11.37,2,1,8.93,0.138,979886
6858,2021-09-13,259,4,2,1,2016,1.64,16.62,0,0,3.08,0.669,873068
6859,2022-12-28,281,5,3,2,2017,1.08,13.6,1,1,4.22,0.031,1018435
6860,2021-01-30,233,4,1,2,1988,2.94,14.01,1,0,1.18,0.984,777540
6861,2021-10-08,64,5,3,1,2016,1.64,4.35,0,0,9.61,0.532,399056
6862,2021-08-25,258,2,2,1,1981,4.23,12.13,1,0,5.45,0.505,917503
6863,2021-09-05,221,5,1,1,1982,4.96,20.68,1,1,1.21,0.24,782601
6864,2022-01-03,315,2,3,1,2022,5.32,12.98,1,1,3.26,0.458,1157785
6865,2022-05-10,69,2,2,2,1989,2.28,5.39,0,1,8.91,0.526,381706
6866,2021-01-25,119,5,1,1,2014,5.18,10.63,0,0,4.38,0.658,550167
6867,2022-08-09,57,4,3,2,1988,1.08,18.99,1,0,7.2,0.046,267423
6868,2022-12-19,83,3,3,2,2019,3.15,3.81,1,1,6.52,0.342,446170
6869,2022-05-05,273,5,1,2,2011,4.32,14.72,1,0,5.25,0.387,1013103
6870,2022-05-09,228,4,2,1,2000,2.07,24.15,0,0,8.5,0.149,784920
6871,2021-11-10,295,2,1,1,2013,8.33,9.82,1,1,1.36,0.24,1139420
6872,2022-08-29,309,1,3,2,2004,2.81,1.57,1,0,9.21,0.237,1163637
6873,2022-01-10,157,3,3,2,2021,7.79,16.01,1,1,7.46,0.81,712558
6874,2022-10-01,291,4,3,2,2011,5.27,1.65,2,0,8.77,0.687,1188292
6875,2021-01-25,73,3,2,1,2016,5.32,5.19,2,0,1.15,0.923,382761
6876,2021-11-30,265,1,3,1,2001,6.81,1.69,1,1,1.76,0.31,1055912
6877,2021-12-21,104,1,3,2,2004,1.4,4.68,1,0,2.85,0.882,424896
6878,2021-04-26,75,1,1,1,1980,1.71,21.45,2,0,6.34,0.864,224767
6879,2021-02-17,330,5,3,1,2015,3.94,18.5,1,1,1.83,0.448,1207707
6880,2023-01-08,341,3,1,1,2000,4.75,8.88,1,0,9.38,0.63,1229785
6881,2023-02-17,235,5,3,2,2020,4.87,22.48,0,0,7.74,0.598,903530
6882,2021-04-09,61,1,1,1,1995,7.09,16.8,2,0,8.27,0.308,326397
6883,2022-04-04,178,4,1,1,2011,1.01,11.47,2,1,6.25,0.262,657742
6884,2022-06-07,257,1,1,2,2000,9.63,2.17,2,0,6.68,0.169,1081016
6885,2022-08-20,182,5,1,2,2007,2.57,18.4,0,1,2.99,0.838,613140
6886,2022-02-09,245,1,2,1,1998,3.24,9.7,0,0,9.19,0.534,888488
6887,2021-08-02,311,1,3,2,1993,9.15,7.92,2,1,6.84,0.338,1309650
6888,2022-11-16,331,5,2,2,2002,1.05,7.56,0,0,4.76,0.51,1146278
6889,2022-05-18,152,5,3,1,2003,9.92,0.69,0,0,8.94,0.081,837294
6890,2022-12-22,169,4,1,2,1999,1.32,18.69,0,1,8.77,0.106,642314
6891,2022-03-24,232,5,3,2,2011,2.08,4.06,1,1,1.0,0.759,878185
6892,2023-06-13,58,4,1,1,2019,3.16,13.26,2,1,9.32,0.901,374665
6893,2022-07-30,94,2,3,1,1989,4.95,0.89,1,0,4.27,0.32,494164
6894,2021-09-15,293,2,1,1,1980,5.67,15.88,2,0,4.8,0.409,1010691
6895,2023-04-24,319,5,3,2,2010,1.94,9.55,0,1,1.77,0.374,1127271
6896,2021-05-01,161,1,3,1,2016,1.66,15.95,2,0,8.9,0.479,587643
6897,2023-03-21,104,3,3,2,1994,1.29,2.7,2,1,5.85,0.414,465532
6898,2021-02-23,64,1,1,1,2019,3.31,7.03,1,0,9.15,0.386,326507
6899,2021-11-27,86,5,3,1,2010,9.29,3.2,1,1,8.03,0.66,618878
6900,2023-02-23,227,4,1,2,2007,4.51,16.33,0,1,9.08,0.272,888573
6901,2021-08-29,176,1,2,2,1989,7.88,3.16,0,0,9.53,0.943,764441
6902,2023-01-25,166,2,3,1,1985,2.71,15.62,1,0,8.97,0.308,661897
6903,2022-06-14,121,5,1,2,1994,1.58,3.8,2,1,2.89,0.215,564928
6904,2022-04-28,160,1,1,1,2006,5.99,23.61,2,1,1.63,0.972,550151
6905,2021-07-06,198,1,1,2,1989,8.4,10.7,0,0,6.58,0.229,847287
6906,2023-05-08,234,4,2,1,2000,9.09,3.6,0,1,2.4,0.537,1012346
6907,2022-10-18,154,4,1,1,1998,5.92,1.52,0,1,8.77,0.329,732440
6908,2021-09-19,196,4,2,2,1983,3.65,8.57,2,0,9.53,0.077,845458
6909,2021-12-30,270,3,2,1,2001,1.99,22.34,2,1,2.09,0.953,859738
6910,2022-05-06,55,5,1,1,2017,7.01,4.02,0,0,3.12,0.374,374031
6911,2022-03-07,309,5,3,2,1994,3.52,19.88,2,0,6.63,0.645,1119108
6912,2021-08-27,348,2,2,2,1985,8.6,10.73,2,0,7.53,0.862,1351647
6913,2021-10-31,91,2,1,1,1990,6.45,20.17,2,0,5.61,0.553,398908
6914,2021-10-25,308,5,2,2,2009,8.73,21.92,2,1,4.32,0.713,1226759
6915,2021-03-17,320,1,1,1,2019,6.1,24.95,2,1,3.75,0.785,1097618
6916,2022-12-01,96,5,1,1,2003,7.95,2.17,2,0,6.99,0.382,595023
6917,2021-11-29,134,3,2,2,2001,3.65,20.01,0,1,7.7,0.629,515325
6918,2023-06-19,223,2,1,1,2009,5.53,2.21,0,0,3.6,0.206,922204
6919,2023-01-28,107,2,2,1,1983,1.17,8.21,1,0,3.93,0.055,413194
6920,2022-10-04,248,2,1,1,1985,6.47,16.33,0,1,5.14,0.987,909414
6921,2022-04-19,258,5,3,1,2017,5.8,11.46,1,1,5.05,0.093,1065466
6922,2023-04-07,297,2,3,1,2005,7.8,14.35,2,0,8.58,0.429,1142232
6923,2021-10-10,260,2,2,2,1998,7.56,24.17,2,0,4.93,0.067,939822
6924,2022-08-14,88,5,2,2,1981,6.65,20.56,2,0,9.81,0.923,495296
6925,2021-03-13,301,1,2,1,1983,1.51,9.41,0,0,3.8,0.109,994242
6926,2021-09-20,180,2,2,2,1984,9.13,15.2,2,1,7.24,0.787,798517
6927,2022-12-04,340,2,3,2,2014,1.16,1.69,0,0,7.83,0.716,1180378
6928,2023-05-29,299,2,2,2,2008,8.23,11.6,0,1,6.67,0.045,1181060
6929,2023-06-06,101,3,1,2,1995,5.31,15.41,0,0,4.3,0.721,423484
6930,2022-07-29,63,5,1,1,1991,8.36,18.01,2,0,3.32,0.969,331667
6931,2023-06-11,205,2,2,2,2000,5.19,22.59,0,0,6.44,0.521,739051
6932,2021-01-12,79,3,1,2,1988,6.82,7.43,1,0,6.93,0.29,470004
6933,2021-05-21,139,1,2,2,1990,4.27,22.6,1,1,3.32,0.545,474909
6934,2023-02-05,216,1,1,2,1987,7.69,16.71,2,0,4.03,0.121,813871
6935,2022-07-09,118,3,1,2,2005,3.29,2.4,1,0,8.76,0.956,529467
6936,2021-01-17,212,1,2,2,2011,7.47,9.82,0,1,8.29,0.365,882206
6937,2021-03-04,291,4,2,1,2018,2.74,12.18,1,0,2.65,0.457,1061168
6938,2021-09-10,101,1,3,2,1983,7.5,9.14,2,0,9.4,0.401,560643
6939,2022-04-10,191,4,2,2,2013,3.64,3.34,1,1,6.65,0.028,820743
6940,2022-01-11,112,3,3,2,2007,3.51,14.01,1,0,5.47,0.034,492963
6941,2023-03-15,341,4,2,2,2004,8.3,3.73,1,1,2.81,0.562,1353833
6942,2022-06-04,140,1,1,1,2014,8.32,22.92,0,0,7.57,0.502,582586
6943,2023-04-17,201,2,3,1,1998,7.22,21.7,0,1,9.29,0.986,810266
6944,2021-03-31,206,4,1,2,2014,9.32,12.14,1,0,1.58,0.263,880660
6945,2022-12-21,199,1,2,2,2018,2.41,2.16,0,0,5.69,0.368,720484
6946,2023-03-15,320,2,2,2,2008,3.42,14.03,1,0,8.89,0.988,1135069
6947,2023-03-07,118,3,2,2,1993,3.65,15.01,1,0,9.57,0.048,540442
6948,2022-09-22,165,3,2,1,2000,3.75,22.27,1,1,1.65,0.643,557318
6949,2023-05-11,241,5,3,2,2015,3.95,2.15,2,1,8.12,0.102,1049578
6950,2021-06-24,53,3,3,1,2017,7.27,17.46,2,0,3.53,0.946,316431
6951,2021-03-17,124,5,2,1,1993,3.44,14.29,0,1,5.87,0.288,546043
6952,2022-09-05,347,3,1,2,2019,3.57,4.78,2,0,8.05,0.814,1274276
6953,2022-10-25,290,3,3,2,1994,6.13,3.48,0,0,5.91,0.911,1097384
6954,2022-02-04,79,3,1,1,2009,2.74,17.5,1,0,1.99,0.847,274391
6955,2023-02-21,192,5,2,2,1991,4.28,8.83,2,1,6.31,0.557,830368
6956,2021-03-12,232,5,3,1,1984,1.52,25.0,1,0,2.06,0.973,751295
6957,2021-06-29,65,4,3,2,2006,9.57,22.4,0,1,4.13,0.677,390988
6958,2021-05-04,160,1,3,2,1994,3.86,14.36,1,0,6.02,0.786,581876
6959,2022-01-16,250,1,1,2,2005,8.65,16.22,2,0,9.92,0.244,1018063
6960,2021-10-20,156,1,2,2,1988,5.77,4.39,0,1,7.54,0.418,710851
6961,2023-03-08,211,3,2,1,2019,3.05,22.4,2,1,3.73,0.598,757022
6962,2021-07-14,332,1,3,2,2019,2.74,11.74,2,0,8.89,0.146,1214966
6963,2021-08-16,318,5,3,2,2014,7.25,13.27,2,0,3.04,0.966,1222204
6964,2022-03-07,204,4,2,2,1992,9.68,21.89,2,1,4.46,0.11,833838
6965,2022-03-12,122,2,1,1,2012,2.65,0.65,1,1,6.82,0.733,521937
6966,2023-02-26,246,4,3,2,2013,2.04,12.61,0,1,4.7,0.058,919188
6967,2022-04-06,292,1,1,1,1983,4.48,15.86,2,0,7.57,0.103,1038109
6968,2022-09-10,135,1,1,1,1992,4.54,4.4,2,0,6.86,0.623,562017
6969,2021-01-21,336,5,2,2,1989,8.26,2.17,1,1,7.01,0.452,1372312
6970,2021-03-05,308,4,2,1,1980,5.22,13.61,2,1,4.78,0.004,1212106
6971,2021-06-14,335,5,1,2,1990,1.56,13.91,0,1,1.5,0.394,1104390
6972,2021-01-27,198,5,1,2,1988,9.29,8.59,2,0,8.85,0.25,944854
6973,2021-11-07,239,2,2,2,2017,4.36,22.11,2,1,1.67,0.872,789041
6974,2021-10-12,266,5,3,1,2002,7.02,7.88,2,0,5.18,0.708,1080224
6975,2022-10-22,135,5,1,1,1992,7.01,13.15,0,1,3.72,0.737,617678
6976,2021-10-08,265,2,3,1,1984,1.51,5.07,2,0,3.67,0.951,946299
6977,2023-04-18,167,3,1,2,2004,1.03,0.77,0,1,3.04,0.71,595572
6978,2023-04-11,136,3,2,2,1989,1.79,10.94,0,1,3.44,0.161,522870
6979,2021-06-13,89,2,3,1,1984,9.61,13.41,2,0,9.6,0.937,538598
6980,2023-06-17,210,5,2,1,2001,8.15,19.23,1,0,9.75,0.113,920036
6981,2021-08-12,240,1,1,2,2021,2.19,11.49,2,1,6.14,0.193,838215
6982,2023-02-23,74,4,2,1,2004,6.53,7.33,1,1,5.72,0.285,497001
6983,2021-05-26,201,1,3,2,2016,6.51,15.3,2,1,1.44,0.175,761179
6984,2023-05-18,144,1,2,2,1999,1.01,9.84,1,1,8.23,0.018,538093
6985,2021-01-30,95,5,3,1,2007,4.86,6.22,0,0,2.53,0.459,507485
6986,2021-02-14,187,4,2,2,2000,7.41,22.8,0,1,2.28,0.688,725598
6987,2023-02-26,337,4,2,2,1990,2.68,13.65,2,0,4.82,0.421,1166668
6988,2022-04-16,213,3,3,1,2008,8.66,5.41,2,1,4.13,0.235,962977
6989,2021-02-03,65,2,3,1,1984,6.94,16.94,1,1,1.87,0.883,317128
6990,2022-10-15,67,5,3,1,2016,1.06,20.18,1,0,2.33,0.388,288926
6991,2022-03-03,185,4,1,2,1984,8.69,19.08,0,1,9.93,0.839,805379
6992,2023-04-10,296,5,2,2,2012,1.17,15.19,1,1,7.61,0.178,1085652
6993,2023-06-05,297,3,3,1,2015,8.99,13.23,0,0,6.39,0.333,1188779
6994,2021-08-09,247,1,1,2,1987,4.0,19.54,0,1,3.73,0.804,841849
6995,2023-05-18,50,4,1,1,1985,7.29,17.85,1,1,4.86,0.03,355157
6996,2022-06-18,239,3,3,2,1994,8.09,14.5,2,1,6.65,0.92,1009301
6997,2022-11-23,343,5,3,2,1994,3.53,16.61,1,1,8.06,0.397,1283638
6998,2022-01-02,94,3,3,2,1988,4.21,4.63,2,0,9.52,0.978,494347
6999,2023-04-21,81,3,1,2,1984,5.59,0.99,0,1,2.1,0.701,425947
7000,2023-01-13,167,3,1,2,2005,6.24,23.31,0,1,2.72,0.949,593913
7001,2022-07-04,345,3,2,1,2002,3.63,23.41,2,1,6.11,0.066,1197430
7002,2022-08-05,233,3,1,1,1995,9.93,19.81,0,1,9.45,0.722,948780
7003,2021-04-26,240,3,3,2,2018,7.63,9.62,0,0,5.07,0.875,991321
7004,2021-08-27,284,2,2,1,2014,3.47,4.19,1,1,6.71,0.988,1010896
7005,2021-12-01,287,5,2,1,1989,6.76,9.25,1,1,3.64,0.033,1184420
7006,2022-03-17,265,1,2,2,2006,4.92,18.29,0,0,8.31,0.083,938667
7007,2021-05-28,123,5,2,2,1995,8.74,8.71,1,0,6.45,0.732,671483
7008,2021-01-09,160,4,3,2,2000,3.96,20.0,0,1,4.44,0.039,625888
7009,2021-10-15,152,4,2,1,1991,2.69,16.99,0,0,5.88,0.011,558394
7010,2022-01-23,123,5,3,1,1988,1.42,15.93,2,1,7.25,0.545,547706
7011,2021-02-19,301,3,1,1,1995,9.86,23.29,1,0,2.92,0.529,1066083
7012,2023-04-30,163,2,3,2,1988,4.23,22.39,1,1,4.07,0.614,608243
7013,2022-06-01,287,1,2,2,2008,2.98,17.94,0,0,3.25,0.014,958588
7014,2023-05-05,222,3,1,2,2002,5.43,5.38,2,1,9.64,0.503,964758
7015,2022-09-30,128,5,1,2,2018,3.62,23.5,1,1,1.39,0.287,485056
7016,2022-08-10,142,5,1,2,2022,3.1,6.06,1,1,1.51,0.756,588708
7017,2022-11-08,99,2,2,1,2003,6.55,9.63,0,1,4.2,0.348,507488
7018,2021-10-05,334,2,3,1,2001,1.67,20.76,1,1,5.84,0.357,1139431
7019,2023-04-16,272,5,3,1,2010,5.58,5.61,1,0,3.96,0.654,1091443
7020,2021-10-27,130,3,2,2,1989,4.49,16.15,0,0,8.71,0.661,539307
7021,2023-03-13,315,3,2,2,2021,5.79,11.72,2,1,2.52,0.058,1177976
7022,2022-08-12,204,3,1,1,2006,3.88,15.79,1,1,4.28,0.626,744065
7023,2023-03-21,282,1,3,1,2013,6.13,23.97,0,0,5.39,0.658,973015
7024,2022-10-11,285,1,2,2,2018,1.74,20.3,0,1,2.82,0.458,947080
7025,2022-09-10,208,3,2,1,2003,4.39,7.75,2,0,3.61,0.828,797289
7026,2022-08-30,300,5,3,2,2000,3.14,1.9,2,0,9.53,0.009,1202714
7027,2021-05-15,331,2,1,1,1994,4.94,24.19,0,1,5.68,0.968,1101038
7028,2022-08-03,151,4,1,1,1996,4.59,14.84,0,1,8.83,0.376,632460
7029,2021-05-27,100,2,1,1,1998,6.68,4.74,0,0,3.42,0.596,517997
7030,2022-05-05,101,2,3,1,2004,6.66,15.86,1,0,6.51,0.034,510285
7031,2022-04-23,258,4,2,2,2019,4.72,1.53,1,1,7.87,0.709,1071516
7032,2021-06-08,180,3,2,2,2001,2.63,5.09,1,1,4.79,0.544,723803
7033,2022-01-19,319,2,2,2,2020,6.24,16.0,1,1,6.62,0.96,1179693
7034,2021-06-12,254,4,2,1,2021,9.7,10.36,2,1,8.77,0.423,1133778
7035,2022-03-17,268,5,3,2,1993,2.67,8.46,1,0,2.27,0.722,971274
7036,2023-05-03,306,5,1,1,2007,1.62,16.56,0,1,4.19,0.074,1063494
7037,2021-07-08,234,5,1,2,1991,3.38,21.73,1,1,8.42,0.065,863398
7038,2022-02-19,194,3,1,1,2006,4.72,17.13,2,1,3.08,0.949,701314
7039,2021-12-05,227,2,1,2,2003,3.76,11.85,0,1,6.01,0.253,876198
7040,2022-08-30,63,2,2,2,2001,8.51,16.64,1,0,4.94,0.912,373284
7041,2021-06-30,295,1,2,1,2018,5.44,17.54,1,1,6.98,0.088,1081274
7042,2021-10-15,236,5,3,2,2020,3.22,19.49,0,0,7.01,0.638,910953
7043,2023-04-14,308,3,1,1,2018,9.55,8.02,0,1,6.21,0.552,1227121
7044,2021-07-06,89,4,2,1,2015,2.13,3.3,0,1,9.52,0.966,460795
7045,2023-06-03,138,3,2,1,2002,2.11,17.21,2,1,2.58,0.404,495750
7046,2021-05-18,174,2,2,2,1987,3.21,3.47,2,0,8.52,0.048,744317
7047,2021-05-10,58,5,1,2,2007,1.69,11.82,2,0,5.4,0.474,300819
7048,2021-07-13,133,1,2,2,2008,7.76,6.15,0,0,6.96,0.824,630250
7049,2021-11-12,70,3,1,2,1994,3.82,8.64,1,0,3.46,0.052,347205
7050,2023-02-24,330,1,1,2,2018,7.57,12.03,0,1,1.85,0.036,1184738
7051,2023-05-14,221,2,3,1,1987,7.86,22.46,1,0,8.0,0.822,901864
7052,2021-05-24,74,4,3,2,2007,3.14,17.17,1,0,3.27,0.824,316249
7053,2021-01-16,152,3,1,2,2012,5.67,4.71,0,0,4.51,0.2,645099
7054,2021-10-29,239,2,1,2,1990,5.68,22.05,2,1,1.43,0.657,804294
7055,2022-02-27,285,5,1,1,2021,8.84,12.76,0,1,6.85,0.064,1222910
7056,2021-09-02,86,3,2,1,2016,1.23,5.5,1,1,7.19,0.766,444648
7057,2021-04-17,321,1,2,1,2004,3.85,13.42,0,0,9.11,0.305,1152622
7058,2021-03-29,342,3,2,1,2013,8.94,5.18,0,1,9.02,0.231,1387962
7059,2021-05-09,201,2,3,2,2001,3.13,9.5,1,0,7.35,0.678,777981
7060,2023-06-06,331,2,1,1,1981,2.23,20.24,0,1,3.9,0.912,1049107
7061,2021-12-07,69,1,2,2,1995,6.19,16.64,2,0,4.37,0.042,365522
7062,2021-01-04,186,2,2,2,1990,3.75,12.21,2,0,4.44,0.144,720351
7063,2021-11-23,78,3,3,2,1993,5.21,6.05,2,1,2.17,0.256,441191
7064,2022-02-14,80,1,3,1,2011,8.38,7.41,1,1,9.53,0.928,504512
7065,2023-05-29,68,2,1,2,2001,5.69,24.47,0,0,8.36,0.877,286807
7066,2021-11-02,197,2,1,1,1984,5.64,8.9,0,0,2.31,0.907,744180
7067,2022-08-30,332,3,2,1,2015,3.5,15.6,2,0,9.52,0.378,1206104
7068,2022-12-22,349,2,2,1,2002,8.14,12.74,1,0,8.59,0.232,1387041
7069,2021-08-13,212,3,2,1,1998,7.66,1.07,2,0,9.27,0.192,1029975
7070,2021-12-14,162,5,2,1,2008,3.11,23.64,2,0,3.57,0.882,566684
7071,2021-11-17,199,3,2,1,2021,3.88,2.65,2,1,4.02,0.231,817876
7072,2022-07-13,304,4,3,1,2002,8.1,16.64,2,0,5.23,0.531,1188448
7073,2021-06-30,136,2,1,2,1988,4.22,20.37,1,0,3.02,0.332,468815
7074,2022-09-10,147,5,3,1,1997,4.63,18.84,1,1,5.19,0.499,643575
7075,2022-12-12,181,1,1,2,2010,4.28,20.33,2,1,1.08,0.346,637719
7076,2022-01-21,146,4,1,1,2016,2.45,18.62,1,1,8.9,0.293,609151
7077,2022-09-10,147,1,1,2,1996,4.07,11.42,2,1,2.46,0.427,550598
7078,2023-03-03,339,4,3,2,1997,8.23,22.46,2,0,5.51,0.333,1280960
7079,2023-02-11,276,5,2,2,2006,5.42,22.85,2,1,9.36,0.84,1015167
7080,2021-04-18,194,5,1,2,2000,5.12,11.21,2,1,8.39,0.581,821282
7081,2022-06-15,205,5,1,1,1980,2.41,12.38,0,0,7.99,0.176,775531
7082,2022-02-14,319,4,3,2,2011,2.6,12.4,0,1,6.45,0.236,1145265
7083,2021-10-23,211,3,3,1,1993,1.39,7.33,2,0,4.93,0.054,795821
7084,2023-03-29,161,1,2,1,1993,1.13,3.32,2,1,5.01,0.3,615146
7085,2021-06-20,234,3,2,1,2012,5.39,6.92,2,1,1.78,0.67,907725
7086,2021-11-27,254,3,1,2,2015,4.68,21.18,0,0,1.58,0.183,891591
7087,2022-05-08,146,2,3,1,2018,3.48,13.8,0,1,8.59,0.099,642460
7088,2021-07-14,104,1,2,2,1991,9.91,21.33,2,0,4.68,0.321,486133
7089,2021-01-12,166,4,2,1,2004,4.58,18.76,0,0,1.49,0.613,610451
7090,2021-07-14,142,2,2,2,1994,8.1,9.04,0,1,6.97,0.473,665014
7091,2022-05-05,342,2,3,1,1999,2.89,5.04,0,1,7.15,0.332,1259028
7092,2023-03-06,253,5,3,2,2013,3.22,14.4,1,0,3.05,0.883,939349
7093,2023-05-31,331,4,3,2,1993,6.12,23.43,2,0,4.7,0.469,1190263
7094,2021-07-01,238,3,3,1,2009,1.04,21.07,0,0,6.16,0.455,775542
7095,2023-03-28,133,3,3,1,1992,1.16,19.21,0,0,6.37,0.032,490829
7096,2022-10-18,229,3,1,2,1993,2.28,19.22,1,0,5.6,0.639,798544
7097,2023-06-17,323,5,1,2,2008,3.01,13.43,1,1,4.28,0.459,1193914
7098,2021-11-12,230,3,3,2,2005,5.75,4.65,1,1,1.62,0.145,925208
7099,2022-11-25,230,1,1,2,1982,7.18,7.5,1,1,1.2,0.244,892771
7100,2021-01-30,332,3,3,2,2004,3.81,14.66,1,0,5.14,0.202,1197988
7101,2022-08-19,336,3,1,2,2006,3.15,8.25,1,0,2.83,0.122,1154112
7102,2022-11-09,155,1,1,1,2019,8.41,19.65,1,1,9.45,0.436,651037
7103,2023-03-07,178,5,2,1,1995,2.46,9.64,2,0,6.76,0.363,738409
7104,2023-03-04,311,2,3,2,2017,7.1,3.29,1,1,6.27,0.36,1241265
7105,2021-04-06,60,4,1,1,1990,9.38,19.67,0,1,4.66,0.252,369082
7106,2022-01-16,211,5,1,2,2008,3.09,17.6,0,1,3.97,0.436,780029
7107,2023-02-17,230,3,2,1,2003,1.78,6.7,0,0,2.62,0.548,809981
7108,2022-03-20,262,2,1,2,2008,9.82,24.54,0,1,1.54,0.612,955710
7109,2021-10-25,323,4,2,2,2013,3.44,10.38,1,0,6.71,0.22,1172184
7110,2023-03-19,70,4,1,1,1990,3.48,17.17,2,1,8.01,0.728,316592
7111,2023-01-07,324,4,2,1,1999,5.35,22.81,2,0,8.72,0.027,1195190
7112,2023-04-25,309,1,2,1,1999,3.08,4.32,1,0,7.52,0.75,1114454
7113,2021-12-27,165,1,3,2,1988,9.94,22.04,2,1,9.07,0.283,751734
7114,2022-01-09,74,2,3,1,2002,1.39,17.75,1,0,9.85,0.37,301757
7115,2022-07-08,303,3,1,2,2015,5.06,4.61,0,1,9.66,0.581,1173009
7116,2021-10-30,260,2,3,1,2006,5.94,16.78,1,1,6.33,0.61,986171
7117,2022-02-25,306,3,3,1,2003,5.2,21.93,2,1,3.02,0.421,1121184
7118,2021-09-03,217,5,3,1,2019,5.68,20.08,2,0,1.96,0.938,817724
7119,2022-12-21,70,4,1,2,2004,9.89,19.13,2,0,9.95,0.858,440038
7120,2021-08-25,135,4,1,2,2004,8.89,4.45,1,0,3.78,0.225,652126
7121,2022-06-18,64,1,3,1,2012,3.78,5.17,1,0,1.31,0.589,252709
7122,2021-07-04,99,5,3,2,2010,5.96,13.92,1,0,4.52,0.721,504036
7123,2022-04-13,245,5,1,2,1989,1.0,14.71,2,1,7.73,0.217,885293
7124,2023-01-24,337,3,3,1,2018,4.69,23.62,2,0,9.02,0.018,1241517
7125,2021-12-29,294,5,2,1,1994,2.47,11.98,2,1,5.3,0.976,1089560
7126,2021-10-10,250,1,1,1,1980,7.4,7.91,0,1,3.65,0.958,953787
7127,2022-07-07,242,3,1,1,1995,2.99,5.17,1,1,8.01,0.32,940098
7128,2021-12-02,195,2,2,2,2000,7.74,1.83,1,1,5.53,0.239,920828
7129,2021-06-11,176,3,3,1,1981,3.82,2.18,2,1,1.77,0.155,738211
7130,2021-06-09,224,2,2,2,1982,9.33,14.57,2,0,8.99,0.687,935917
7131,2022-04-19,183,3,3,1,1994,5.01,4.82,2,0,6.9,0.755,797273
7132,2022-08-24,115,4,3,1,2011,8.56,21.36,2,0,1.33,0.42,555038
7133,2021-11-18,328,2,1,1,2006,6.65,15.11,0,0,1.08,0.243,1097343
7134,2021-01-12,295,1,1,1,2015,9.8,21.69,2,1,1.79,0.449,1106911
7135,2022-02-28,286,2,3,1,2014,7.68,10.97,2,1,8.4,0.516,1130412
7136,2021-03-14,220,2,2,1,2018,7.55,15.1,2,1,5.33,0.543,846707
7137,2022-08-11,100,3,1,2,2003,3.38,13.37,1,1,4.02,0.443,409326
7138,2023-05-08,202,4,3,2,1987,5.54,24.67,1,0,3.24,0.004,745596
7139,2021-07-20,129,3,1,2,1986,3.61,20.02,2,1,5.56,0.472,509374
7140,2022-06-06,194,3,1,2,1983,1.17,15.09,1,1,1.75,0.347,654746
7141,2023-05-14,323,4,1,2,2009,7.4,15.36,0,1,6.55,0.557,1231639
7142,2022-05-20,204,3,2,2,1989,3.12,6.6,0,0,4.42,0.069,812706
7143,2023-01-08,192,4,2,2,2004,4.58,18.5,0,0,8.73,0.879,734600
7144,2022-11-19,347,1,3,1,2021,3.56,24.58,0,1,7.79,0.875,1164157
7145,2023-02-27,83,4,2,2,2011,2.8,3.67,1,0,1.17,0.564,349833
7146,2021-02-08,288,5,3,1,2011,1.6,16.11,1,1,2.5,0.737,1016280
7147,2021-03-01,187,4,3,2,2011,4.04,13.19,2,0,5.27,0.438,745135
7148,2022-08-01,303,4,1,2,1989,1.74,21.34,0,1,6.93,0.59,1014788
7149,2021-11-17,54,5,1,1,1988,5.86,0.5,0,1,7.44,0.618,421890
7150,2022-03-11,225,4,2,1,2004,1.18,3.85,1,1,8.35,0.354,887349
7151,2022-09-28,263,2,3,1,2004,9.46,1.41,0,0,1.44,0.961,1056884
7152,2022-11-07,72,3,3,1,2020,9.7,4.49,1,1,1.17,0.603,446065
7153,2022-02-12,62,3,1,1,1995,3.74,17.84,1,1,6.4,0.991,303763
7154,2022-01-21,290,1,1,2,1995,3.34,3.92,0,0,7.51,0.432,1039502
7155,2022-11-02,325,1,1,1,2009,1.94,15.75,2,0,8.08,0.032,1107004
7156,2022-07-23,141,5,2,1,2017,9.14,21.77,1,0,2.4,0.302,637809
7157,2021-03-19,157,2,3,1,1984,6.28,1.35,1,1,9.72,0.651,779178
7158,2021-07-13,278,1,3,2,1986,6.49,1.16,0,1,3.06,0.91,1057880
7159,2021-10-12,201,3,3,1,1992,9.06,24.75,1,0,3.25,0.615,815617
7160,2022-06-11,157,1,1,1,1987,9.2,17.0,2,1,2.39,0.472,696520
7161,2022-06-08,338,1,2,1,2012,8.46,3.95,0,1,1.39,0.081,1324039
7162,2022-09-05,225,4,2,2,1989,7.96,8.01,1,0,8.29,0.145,1005023
7163,2021-06-05,335,1,1,1,1999,8.9,24.63,0,1,1.05,0.053,1161649
7164,2021-12-06,290,5,2,2,2011,8.88,6.07,2,0,5.17,0.711,1196275
7165,2021-05-05,194,3,2,2,2008,4.32,18.94,0,0,1.83,0.831,657335
7166,2023-05-21,63,5,3,1,1980,9.76,6.41,2,1,1.4,0.164,492771
7167,2021-10-07,324,5,1,2,2006,7.38,10.26,0,1,9.41,0.325,1312106
7168,2022-09-14,120,2,1,2,1999,4.33,22.08,2,1,8.43,0.479,482380
7169,2023-04-26,244,4,1,2,1993,4.98,1.2,0,1,4.55,0.143,993303
7170,2023-05-19,349,5,1,2,1994,7.18,8.03,0,0,5.13,0.416,1330621
7171,2022-10-20,60,2,3,2,1985,4.25,12.44,1,0,8.81,0.967,338433
7172,2022-12-29,155,3,2,2,1981,8.44,15.82,0,1,8.17,0.719,716588
7173,2022-11-05,307,3,2,1,2008,2.33,1.19,1,1,7.22,0.167,1163282
7174,2021-05-08,245,2,3,2,2018,9.17,10.56,2,1,5.83,0.099,1054143
7175,2021-11-10,194,5,2,2,2011,3.71,8.94,2,1,6.47,0.445,814742
7176,2021-11-28,269,5,1,1,1984,2.37,1.16,0,0,4.54,0.988,1004155
7177,2021-05-30,223,4,3,2,2001,8.72,9.21,1,1,5.75,0.793,962418
7178,2022-03-30,265,4,3,1,2007,3.16,23.33,1,1,5.86,0.293,942262
7179,2021-02-05,142,3,1,1,2011,8.59,7.23,0,1,8.78,0.026,699030
7180,2022-11-16,309,4,1,2,2008,3.67,14.85,1,0,2.97,0.411,1056739
7181,2022-02-24,112,2,1,2,2019,9.4,7.8,0,0,3.22,0.161,567215
7182,2021-01-22,78,3,2,2,1982,2.97,3.11,0,1,2.9,0.18,384610
7183,2021-07-25,324,5,1,1,2010,1.63,7.6,0,1,6.21,0.162,1140561
7184,2022-10-01,334,3,3,2,1992,9.43,12.03,1,1,7.26,0.72,1345291
7185,2023-04-28,119,1,2,1,1985,2.49,7.76,0,0,3.15,0.036,440098
7186,2021-12-22,328,3,2,2,2000,9.5,15.79,2,1,7.09,0.565,1266456
7187,2022-03-16,280,4,3,2,1993,8.42,23.75,0,0,6.65,0.753,1078667
7188,2022-12-30,304,2,2,2,2004,1.74,2.2,1,1,3.89,0.156,1116050
7189,2021-04-06,221,5,1,1,1986,5.01,18.07,0,1,3.07,0.893,759214
7190,2021-06-13,229,5,1,1,2022,1.66,0.53,0,1,8.94,0.078,953338
7191,2021-05-28,313,4,1,2,2001,3.97,0.53,2,0,6.13,0.683,1189885
7192,2022-06-14,232,4,1,1,2011,4.16,3.76,2,1,7.34,0.172,960866
7193,2021-10-21,254,4,2,2,2020,6.4,12.26,1,0,9.33,0.806,1000832
7194,2021-07-14,298,1,3,1,2011,9.78,1.68,0,1,2.85,0.571,1203506
7195,2022-10-25,262,2,2,1,2021,2.53,18.19,0,1,4.15,0.589,876015
7196,2022-04-25,208,1,3,2,2009,3.96,1.22,2,0,4.91,0.346,881117
7197,2023-05-27,149,4,3,2,1996,6.28,12.64,0,1,3.1,0.283,674220
7198,2021-05-03,161,2,1,1,2019,2.54,17.06,1,1,8.56,0.463,601170
7199,2022-02-04,215,4,2,1,2017,7.4,6.32,2,1,1.75,0.758,925469
7200,2022-11-30,85,2,1,1,2000,4.63,14.69,2,1,3.15,0.168,400481
7201,2022-03-28,161,5,2,2,2005,9.55,6.91,1,0,2.72,0.816,741409
7202,2022-10-23,136,1,2,2,2022,6.67,5.75,0,0,9.58,0.48,659100
7203,2021-04-14,232,4,1,1,1982,4.27,20.55,1,0,6.65,0.452,848773
7204,2023-01-25,134,4,2,2,2017,7.48,8.66,2,1,7.45,0.017,699461
7205,2022-04-07,318,3,1,1,1996,8.55,20.44,2,0,1.98,0.124,1151578
7206,2023-01-13,214,5,3,2,2018,8.2,5.81,1,1,2.75,0.432,955285
7207,2022-12-19,139,4,1,2,1985,3.36,9.22,2,1,8.29,0.981,601063
7208,2022-12-11,287,1,2,1,2000,4.75,3.02,0,0,6.11,0.25,1105260
7209,2022-01-31,71,5,2,2,2019,5.07,12.66,2,1,1.41,0.01,359547
7210,2021-12-03,216,4,3,1,1992,4.5,9.85,1,1,6.09,0.436,860142
7211,2022-08-22,264,1,3,2,1988,3.8,0.65,1,0,5.28,0.016,1027345
7212,2021-05-22,107,3,3,1,1984,7.77,11.89,2,0,2.38,0.336,540559
7213,2021-11-13,79,3,1,2,2022,1.11,2.32,1,1,6.34,0.354,385508
7214,2022-12-12,155,1,1,2,1986,3.64,21.01,1,1,2.56,0.002,524542
7215,2022-07-12,216,5,2,2,2017,2.27,12.6,0,1,8.3,0.78,833075
7216,2023-03-11,203,1,3,1,2017,2.16,17.41,2,1,6.57,0.913,675574
7217,2022-06-11,56,1,3,1,2010,3.49,20.62,0,1,8.84,0.999,290453
7218,2022-07-10,246,3,1,2,1983,7.86,1.75,1,0,4.82,0.509,1032023
7219,2022-02-05,95,3,2,2,1992,9.72,8.76,1,1,5.61,0.307,590955
7220,2022-11-12,67,3,3,1,1994,5.63,1.12,0,0,7.85,0.717,423049
7221,2021-11-06,202,4,1,1,2019,4.05,1.72,2,0,5.92,0.736,818867
7222,2022-05-10,313,4,1,2,1992,8.46,1.43,1,1,6.15,0.379,1306064
7223,2022-07-10,123,2,3,2,2022,1.6,12.21,1,1,5.98,0.566,474724
7224,2022-09-02,194,4,3,1,2022,1.84,11.54,1,0,5.42,0.822,725161
7225,2023-02-12,151,5,2,1,2022,4.11,2.0,2,1,8.25,0.189,733500
7226,2021-04-19,170,5,3,1,2005,5.04,6.93,0,0,5.37,0.02,741917
7227,2023-03-06,225,3,1,2,1998,8.18,6.49,0,0,9.11,0.54,990756
7228,2022-01-07,112,1,3,2,1980,9.33,7.77,2,1,8.28,0.664,615181
7229,2023-05-05,345,3,3,1,1992,5.78,16.2,1,0,7.23,0.575,1287867
7230,2022-09-08,133,1,2,1,2004,5.46,17.58,1,0,9.09,0.596,535098
7231,2023-02-07,64,3,1,2,1999,2.92,8.81,2,1,5.83,0.393,337729
7232,2023-06-10,183,3,3,2,2020,5.06,19.81,1,1,8.4,0.651,730569
7233,2021-07-25,170,5,1,2,2002,9.31,10.74,0,1,3.18,0.043,798196
7234,2023-04-27,177,1,2,2,2003,4.54,13.3,0,0,1.66,0.151,653759
7235,2021-02-12,337,2,1,1,2022,2.9,4.07,1,1,7.17,0.445,1257417
7236,2023-05-15,229,2,3,2,2020,4.04,6.21,2,1,3.71,0.943,868385
7237,2021-09-02,131,3,3,2,2018,5.63,18.33,2,1,6.71,0.644,586202
7238,2021-10-14,62,3,2,2,2019,6.39,24.44,1,1,1.7,0.355,288711
7239,2021-12-21,73,5,2,1,2009,4.89,17.76,1,1,9.6,0.458,431412
7240,2023-02-24,217,1,2,1,2013,7.83,1.83,1,1,5.64,0.846,903412
7241,2022-04-21,319,3,1,1,1989,6.26,4.0,2,1,1.09,0.542,1178417
7242,2021-03-24,119,2,1,2,2020,6.99,11.42,2,0,5.28,0.048,573599
7243,2021-04-20,138,1,1,2,1980,8.77,18.45,2,1,8.11,0.417,640522
7244,2021-07-09,238,3,1,2,1991,8.79,4.57,1,0,8.79,0.388,1065859
7245,2023-03-11,306,1,2,2,2008,2.83,18.9,2,0,5.15,0.9,1007637
7246,2021-09-08,266,5,1,1,1990,6.61,14.12,2,0,2.13,0.305,1021825
7247,2022-12-25,81,2,1,2,2020,7.45,19.48,0,1,9.16,0.065,454992
7248,2021-10-18,190,1,1,1,1996,2.31,14.16,1,0,9.83,0.355,712367
7249,2022-10-07,210,2,1,2,1999,8.58,15.26,0,1,1.57,0.044,830501
7250,2021-07-20,81,3,2,2,2017,2.62,6.59,2,1,1.7,0.832,306169
7251,2023-03-08,201,4,2,2,1985,8.19,18.14,0,1,6.09,0.59,822506
7252,2021-11-22,309,1,3,2,1999,2.45,21.18,0,1,5.81,0.469,1049833
7253,2022-05-26,265,2,3,2,1989,7.68,21.85,1,0,6.3,0.36,1042760
7254,2022-02-13,328,1,1,2,1989,2.33,1.22,0,1,3.85,0.418,1173699
7255,2022-08-30,334,3,1,1,2010,4.41,15.8,1,0,1.45,0.788,1115753
7256,2023-03-01,147,3,2,1,2005,2.29,24.74,0,0,6.22,0.18,503712
7257,2023-04-17,79,2,3,1,1996,3.44,14.88,0,0,2.36,0.071,346393
7258,2022-05-23,139,5,1,1,1993,9.86,4.7,2,1,4.07,0.562,759654
7259,2023-01-01,197,1,3,1,1984,1.97,22.0,1,1,6.24,0.859,602886
7260,2022-08-24,193,1,3,2,1982,4.66,6.98,2,0,2.88,0.562,747204
7261,2021-03-13,116,3,3,2,2022,7.09,1.6,2,0,5.88,0.796,622002
7262,2021-09-04,107,1,2,1,1999,1.85,11.05,1,1,7.43,0.893,391257
7263,2022-10-03,330,2,1,2,1994,1.98,2.96,1,0,1.59,0.077,1130085
7264,2022-12-25,328,4,1,2,1982,2.29,3.32,1,0,6.58,0.589,1199739
7265,2023-05-05,285,3,2,2,1982,6.8,11.85,1,1,5.58,0.833,1090296
7266,2022-08-31,177,4,2,2,2002,9.18,15.51,2,0,1.88,0.644,782250
7267,2022-08-10,258,1,2,1,1988,8.43,22.68,0,0,7.36,0.592,997570
7268,2022-07-20,235,5,3,2,1990,9.85,17.78,0,0,3.8,0.788,992685
7269,2021-12-10,218,2,3,1,2020,6.2,21.14,1,0,2.64,0.707,794320
7270,2021-02-23,221,1,1,1,1992,9.65,10.59,2,1,3.54,0.502,911056
7271,2022-12-31,309,2,1,2,1987,3.74,8.31,1,0,5.92,0.044,1139496
7272,2022-06-12,254,1,3,2,2001,4.79,15.02,0,0,6.22,0.613,903507
7273,2022-09-03,184,1,3,2,2017,4.56,17.54,2,1,2.53,0.213,674610
7274,2022-06-16,95,1,2,1,2006,1.43,14.42,1,1,9.43,0.254,369579
7275,2022-07-12,58,3,3,2,2005,8.47,6.98,1,1,3.96,0.68,398533
7276,2021-07-12,210,4,1,1,2002,1.22,9.56,1,0,3.41,0.453,766783
7277,2023-06-14,338,5,1,2,2018,7.57,11.48,1,0,2.68,0.717,1271438
7278,2021-02-27,155,4,2,1,2010,4.66,0.85,1,1,2.08,0.393,702576
7279,2022-03-13,339,4,2,1,2008,1.06,22.06,1,1,9.84,0.87,1150931
7280,2021-04-21,137,2,1,1,1980,3.61,13.03,0,1,7.07,0.427,583795
7281,2021-05-09,241,3,3,1,1989,4.12,18.9,2,0,8.08,0.494,944232
7282,2023-04-29,202,3,3,1,1983,9.68,4.71,2,1,4.61,0.126,961566
7283,2022-12-07,186,1,1,1,2010,6.95,14.14,0,1,4.73,0.504,724346
7284,2023-05-02,322,4,3,1,1983,5.89,23.19,2,0,9.88,0.24,1219168
7285,2021-11-22,198,5,3,2,2008,2.14,5.75,1,1,2.81,0.763,751124
7286,2021-01-08,237,2,1,1,1988,4.52,8.97,2,0,3.94,0.714,860661
7287,2021-01-29,190,3,1,2,1994,1.32,10.01,0,0,2.76,0.016,659246
7288,2021-04-22,180,1,2,2,2020,7.86,9.89,0,0,3.54,0.494,690509
7289,2022-11-04,53,5,1,2,1982,2.46,15.22,1,1,6.97,0.045,265064
7290,2021-05-11,312,4,2,1,1994,6.35,10.15,1,0,3.78,0.569,1176625
7291,2021-07-07,75,5,2,1,1990,7.29,17.01,2,0,8.88,0.902,476238
7292,2022-11-06,73,3,3,2,1985,4.3,12.37,1,0,1.44,0.867,309624
7293,2022-12-10,315,2,1,1,1986,6.69,4.36,2,1,4.19,0.244,1252943
7294,2022-04-20,278,4,3,1,1983,7.88,23.74,2,1,8.75,0.14,1120025
7295,2021-12-30,318,2,1,2,2000,2.66,6.37,1,1,6.59,0.791,1111677
7296,2021-07-23,174,5,1,2,1980,6.41,14.28,2,1,7.94,0.546,749742
7297,2021-07-31,221,5,3,2,2002,7.6,1.99,2,1,3.91,0.424,1008430
7298,2022-09-13,283,1,2,2,1992,4.21,23.01,2,0,4.32,0.81,896024
7299,2021-10-03,344,4,1,2,2022,2.46,23.24,2,1,8.99,0.253,1189594
7300,2021-03-14,324,5,2,2,2007,3.58,9.43,0,1,7.75,0.225,1233892
7301,2022-11-10,125,3,3,2,2008,9.4,3.46,0,1,4.46,0.612,651411
7302,2023-02-11,263,3,3,1,1997,4.22,19.36,0,1,2.94,0.273,927286
7303,2021-08-31,207,2,1,1,2002,1.97,6.93,2,0,1.96,0.427,726205
7304,2023-02-26,253,3,3,1,2007,1.74,17.67,1,0,8.76,0.455,881339
7305,2021-04-12,198,5,1,2,1988,2.62,22.92,0,1,7.28,0.205,740737
7306,2022-11-16,124,3,1,1,2022,2.15,14.96,2,0,6.47,0.062,512585
7307,2021-06-20,278,4,1,2,1985,5.46,21.6,0,1,7.99,0.767,995816
7308,2022-10-15,111,2,1,2,1995,4.13,6.0,0,1,9.23,0.784,509502
7309,2021-07-07,107,4,1,2,2016,8.57,22.81,0,1,7.85,0.598,527989
7310,2022-03-17,323,5,3,1,1980,8.93,6.05,0,0,4.79,0.149,1337037
7311,2021-03-27,157,5,1,2,2001,5.26,6.03,2,0,2.59,0.476,678767
7312,2022-04-21,236,3,2,2,2002,9.0,22.06,0,1,7.42,0.178,951113
7313,2021-02-21,278,1,1,2,2000,5.05,14.1,2,1,3.22,0.881,947705
7314,2021-04-21,97,1,1,1,2010,6.78,20.09,1,0,8.04,0.697,441759
7315,2023-05-27,317,5,1,1,2017,2.46,20.16,1,1,4.05,0.031,1093431
7316,2023-05-04,264,5,3,2,2007,1.47,16.35,0,0,2.41,0.002,909530
7317,2021-02-12,339,2,2,2,2006,2.44,5.13,1,1,3.29,0.984,1193142
7318,2021-07-30,303,5,2,2,2018,3.27,17.46,1,0,3.4,0.04,1086592
7319,2021-07-19,136,5,2,1,2021,7.76,2.06,2,0,4.41,0.866,679703
7320,2023-03-21,230,2,3,2,2021,2.56,5.42,2,0,3.32,0.956,829836
7321,2023-05-08,74,4,3,2,1992,2.18,16.25,0,0,3.03,0.308,290704
7322,2023-01-22,271,4,1,1,2011,9.35,22.74,1,1,4.53,0.54,1028056
7323,2022-09-19,98,2,3,1,1986,7.2,19.41,1,1,8.81,0.647,489054
7324,2021-01-26,224,2,2,1,2012,5.26,8.65,2,0,1.63,0.52,838523
7325,2021-10-26,323,4,2,1,1992,1.85,20.68,0,0,3.67,0.214,1063323
7326,2021-03-18,84,4,3,1,2011,8.67,24.18,1,0,6.06,0.581,467434
7327,2021-05-17,266,4,3,1,1986,1.97,8.63,1,0,8.87,0.259,1033945
7328,2021-01-20,258,4,2,2,1991,6.5,5.08,0,0,3.56,0.165,1025481
7329,2022-03-16,209,3,2,1,2019,7.01,5.34,2,0,4.14,0.506,880807
7330,2021-07-30,56,2,2,1,1994,4.6,10.31,2,0,8.18,0.372,338972
7331,2023-01-22,318,1,2,2,2000,9.2,1.78,2,1,4.35,0.027,1277981
7332,2022-07-05,175,3,2,2,1991,1.46,12.45,1,1,8.66,0.95,659035
7333,2022-03-11,139,1,3,2,1992,8.36,18.44,1,1,5.1,0.04,597497
7334,2023-02-19,91,1,3,1,2019,5.98,13.5,2,0,6.12,0.903,410075
7335,2021-07-26,208,5,1,1,2021,6.5,24.27,2,0,6.05,0.19,800834
7336,2022-03-15,251,2,1,1,2018,9.88,11.81,1,1,2.07,0.142,998629
7337,2023-02-18,331,3,1,1,1981,6.24,0.82,2,1,4.19,0.069,1278133
7338,2022-10-28,337,2,3,1,2008,8.17,12.02,1,1,3.17,0.426,1246866
7339,2021-02-11,140,4,1,2,2008,2.38,23.28,2,0,7.15,0.587,502235
7340,2022-02-15,174,2,1,2,2015,8.28,2.85,2,1,9.4,0.904,819166
7341,2022-06-07,175,1,3,1,2017,7.85,5.96,1,0,2.91,0.784,740825
7342,2023-03-17,101,4,2,1,1986,9.71,18.03,0,1,1.82,0.16,537944
7343,2022-09-02,152,2,3,2,2009,9.42,7.71,2,0,5.56,0.168,769683
7344,2022-03-03,236,2,3,1,2002,2.93,19.25,0,0,4.52,0.008,807819
7345,2021-10-02,254,1,2,2,2007,5.18,10.77,0,0,1.32,0.688,887143
7346,2022-03-24,63,4,1,2,2002,9.2,20.0,2,0,9.29,0.017,451290
7347,2023-06-03,153,1,3,2,2015,6.77,14.01,2,0,9.46,0.139,699376
7348,2023-01-12,166,2,3,2,2021,5.17,2.52,0,1,8.65,0.635,743301
7349,2022-01-04,142,3,2,2,2008,1.98,9.96,0,0,3.52,0.15,522834
7350,2021-08-08,193,3,3,2,1983,4.17,8.66,2,1,2.1,0.153,774575
7351,2022-07-31,159,5,1,2,1999,6.99,20.35,1,1,6.33,0.234,691936
7352,2023-05-17,212,3,2,2,1984,7.99,15.81,2,1,3.53,0.385,878506
7353,2021-08-20,102,4,3,1,1990,5.02,19.55,1,1,2.82,0.008,489012
7354,2021-11-24,52,5,1,2,1981,1.5,9.62,0,0,6.77,0.746,247579
7355,2022-03-19,117,4,1,2,2020,6.7,17.45,0,0,7.75,0.774,521194
7356,2021-02-21,295,3,3,2,2003,9.29,2.1,0,0,5.75,0.367,1283743
7357,2023-06-05,187,3,1,2,2012,5.47,1.4,2,0,3.88,0.798,740385
7358,2022-01-11,336,2,2,2,2001,9.36,7.54,1,0,5.61,0.285,1293583
7359,2021-09-20,115,4,1,1,1985,4.19,19.46,2,1,6.4,0.986,493723
7360,2021-09-24,204,1,2,2,2003,8.98,13.59,0,0,1.47,0.398,839025
7361,2021-12-25,136,2,2,1,2008,8.08,10.52,2,0,4.99,0.669,661402
7362,2021-11-13,82,4,2,2,2011,9.66,22.47,1,1,6.38,0.322,498071
7363,2021-11-20,117,5,3,2,2009,8.12,12.69,2,1,2.17,0.451,605218
7364,2022-10-28,236,4,1,1,2020,3.89,15.53,2,1,5.04,0.645,869422
7365,2023-05-20,241,5,3,1,1982,9.11,24.65,1,0,4.12,0.348,980330
7366,2023-05-28,262,5,3,2,2004,7.03,13.3,1,1,8.81,0.657,1115213
7367,2022-10-14,137,3,2,2,2007,2.46,19.7,0,0,5.4,0.146,511592
7368,2022-07-17,157,1,3,1,1994,1.41,10.64,1,1,4.84,0.484,532303
7369,2022-09-21,289,4,1,1,1996,4.29,1.39,0,0,3.19,0.273,1069909
7370,2022-02-25,265,1,3,2,1981,8.08,20.94,2,0,9.62,0.92,1027237
7371,2021-02-15,226,5,3,1,2006,6.56,23.64,0,1,9.65,0.825,885369
7372,2023-04-01,102,3,2,1,2015,5.74,11.14,2,0,4.3,0.487,451632
7373,2022-08-23,98,1,2,1,1993,1.03,12.84,1,0,9.36,0.454,400564
7374,2022-12-21,163,2,3,1,2022,4.92,10.89,0,1,6.57,0.834,674475
7375,2023-06-08,144,5,2,1,2011,2.42,24.92,0,0,8.03,0.69,559242
7376,2021-09-26,74,2,3,2,1991,5.09,22.63,0,1,1.81,0.683,311849
7377,2022-08-24,181,1,1,2,2002,9.93,1.51,1,0,1.19,0.548,781586
7378,2022-01-16,228,1,1,2,1995,8.92,19.59,2,1,5.63,0.862,886173
7379,2021-04-28,194,1,2,2,1981,3.8,15.22,0,1,1.68,0.189,663429
7380,2022-07-20,247,4,1,2,1986,6.34,1.12,2,0,9.03,0.862,1014124
7381,2021-04-26,133,5,1,2,2000,5.52,11.4,2,1,8.38,0.521,672490
7382,2022-09-22,206,5,3,1,2010,2.17,4.17,2,0,7.43,0.621,846893
7383,2021-09-17,134,5,2,1,2002,9.91,21.89,0,0,1.28,0.962,616546
7384,2021-03-16,302,4,1,1,2004,4.83,0.81,2,0,5.13,0.425,1178291
7385,2022-04-25,121,1,2,2,2014,5.55,21.89,0,1,1.7,0.668,433890
7386,2021-11-01,272,1,2,1,2014,6.83,23.55,2,0,9.36,0.522,1019145
7387,2021-01-07,325,2,2,1,1986,2.72,2.29,2,1,6.51,0.932,1182586
7388,2022-01-01,332,4,1,1,1984,3.0,18.14,0,1,2.41,0.488,1113120
7389,2022-09-26,313,3,2,1,2011,2.73,13.95,0,1,6.05,0.256,1116505
7390,2022-06-07,295,4,2,1,1984,4.46,23.88,1,0,2.07,0.483,1030030
7391,2021-12-14,110,2,3,2,2004,2.8,20.05,1,0,2.31,0.917,375957
7392,2022-03-14,308,2,3,2,2010,9.34,17.51,1,1,1.73,0.501,1166722
7393,2021-08-03,56,2,3,1,1999,7.43,23.17,2,0,8.85,0.146,359545
7394,2022-03-05,237,1,3,1,2001,9.08,4.43,1,1,5.91,0.542,1017996
7395,2023-03-02,53,3,2,2,2017,8.64,9.71,1,1,3.95,0.388,385607
7396,2022-05-13,280,2,3,2,1992,7.33,21.15,1,0,1.01,0.65,974294
7397,2022-06-24,182,5,3,1,2018,3.18,2.99,2,1,5.25,0.241,802906
7398,2023-01-17,174,1,1,1,1981,6.54,23.42,1,0,5.61,0.322,643229
7399,2022-01-02,64,3,3,2,2001,2.68,18.76,0,1,4.03,0.517,287733
7400,2021-11-09,62,5,3,2,1988,2.19,11.26,2,0,5.36,0.118,333836
7401,2022-06-22,167,3,1,1,1981,6.69,8.8,2,0,1.91,0.211,706161
7402,2021-02-23,289,3,2,1,2011,6.62,4.12,0,0,9.3,0.801,1165798
7403,2022-06-25,312,5,2,2,1987,2.41,2.8,1,1,3.33,0.939,1124383
7404,2022-04-12,55,4,1,1,1995,4.17,10.88,1,0,9.54,0.97,322859
7405,2023-05-15,280,3,1,2,2012,1.6,21.16,0,1,5.44,0.937,917868
7406,2021-06-13,79,4,2,1,1990,7.44,13.53,1,0,8.71,0.942,465477
7407,2023-02-21,71,3,3,1,2011,9.89,11.55,1,0,6.19,0.821,438781
7408,2021-11-30,205,5,1,2,1987,7.66,8.32,1,1,8.6,0.736,938043
7409,2022-07-01,167,3,1,1,2011,8.6,4.35,2,1,1.09,0.232,771959
7410,2023-03-09,242,2,1,1,2000,5.29,24.76,0,1,2.68,0.442,784720
7411,2021-12-14,244,2,2,2,2004,1.86,1.13,1,0,4.19,0.398,878582
7412,2021-09-30,217,3,2,2,1999,7.54,8.14,0,0,3.67,0.73,874804
7413,2022-12-21,288,5,2,2,1980,3.31,19.35,2,0,9.52,0.475,1078977
7414,2023-01-20,293,5,2,1,2000,4.49,13.25,1,0,4.55,0.36,1115271
7415,2022-02-18,118,1,2,2,1986,7.33,8.19,0,0,9.75,0.814,559412
7416,2022-05-15,144,5,3,2,2004,9.14,24.82,2,0,6.86,0.75,669212
7417,2021-04-03,126,4,3,2,1988,5.38,15.67,2,0,8.52,0.369,624043
7418,2022-11-16,220,3,2,2,2001,9.65,7.73,0,0,4.54,0.419,972348
7419,2021-03-20,50,2,2,1,1981,5.68,21.27,1,0,2.71,0.893,211453
7420,2022-09-14,111,5,2,2,1998,2.1,4.18,1,1,1.45,0.733,468374
7421,2021-08-05,256,2,1,1,1985,5.67,11.86,0,0,6.91,0.69,959887
7422,2021-12-24,203,1,1,1,1984,8.75,21.07,2,0,9.75,0.712,780095
7423,2022-09-10,323,3,2,2,1989,5.84,24.6,0,1,2.06,0.102,1122589
7424,2022-05-22,97,5,2,2,1980,7.73,9.88,0,1,7.95,0.564,575051
7425,2022-07-13,186,2,1,2,2005,5.93,3.88,2,0,4.28,0.291,769922
7426,2021-06-30,50,5,1,1,2005,5.91,14.39,0,1,9.94,0.085,400742
7427,2022-07-30,284,1,1,2,1997,3.56,23.63,2,0,8.83,0.731,976917
7428,2021-09-03,305,2,1,2,2000,2.81,16.81,2,0,3.08,0.304,1002190
7429,2021-09-01,156,2,1,2,1991,3.51,15.25,0,1,7.89,0.31,591200
7430,2022-05-21,222,3,2,1,2017,4.97,8.08,0,0,7.61,0.64,894612
7431,2022-02-26,179,3,2,2,1993,8.29,15.36,0,0,7.87,0.666,745943
7432,2021-11-16,343,2,1,1,2011,8.46,22.17,1,1,1.75,0.474,1204091
7433,2021-03-28,89,3,2,1,2018,2.47,9.7,2,1,8.28,0.556,478345
7434,2021-08-05,65,2,1,1,2014,5.98,6.43,2,1,3.35,0.849,365422
7435,2022-05-05,176,4,1,2,1996,4.74,12.28,2,1,6.31,0.107,743432
7436,2022-06-03,252,5,1,2,1989,6.14,9.72,2,1,2.04,0.065,976873
7437,2021-10-05,183,4,2,1,2014,6.83,12.01,2,0,6.02,0.656,741955
7438,2023-04-29,308,4,2,2,1995,3.52,2.85,1,0,9.16,0.604,1213294
7439,2022-12-23,63,5,2,1,1985,9.27,8.74,2,1,2.59,0.186,462901
7440,2021-06-18,115,2,2,2,1983,9.42,20.75,1,0,8.7,0.522,572979
7441,2021-11-26,244,2,3,2,1988,1.95,10.31,0,0,4.92,0.746,874177
7442,2022-10-12,163,3,1,2,2008,7.33,24.21,0,0,3.9,0.732,600009
7443,2022-03-17,208,1,1,1,1986,1.3,17.87,1,0,1.51,0.596,617806
7444,2022-01-26,210,2,2,2,1995,1.42,9.47,2,0,5.76,0.13,783611
7445,2022-05-11,303,5,2,1,1985,9.62,6.67,2,0,2.8,0.304,1283787
7446,2022-01-16,64,1,3,2,1982,7.25,17.29,2,1,9.46,0.406,428188
7447,2021-11-02,86,5,1,2,1993,3.92,7.91,2,1,3.14,0.788,455196
7448,2023-01-12,204,5,1,2,1993,7.03,23.21,2,0,6.28,0.544,768959
7449,2023-03-31,76,5,2,2,1988,8.61,3.35,1,0,6.03,0.733,539027
7450,2022-11-04,61,1,2,1,2015,8.84,1.2,1,0,4.03,0.924,437992
7451,2022-05-28,116,4,3,1,2002,1.18,5.92,1,1,8.67,0.624,543276
7452,2023-01-18,79,5,1,2,1994,8.36,15.36,0,0,2.65,0.237,441691
7453,2021-07-07,145,3,3,1,1986,8.68,20.96,0,0,8.35,0.14,658849
7454,2022-05-31,264,2,1,1,1999,6.36,4.67,1,0,2.87,0.001,1009768
7455,2022-10-06,243,2,2,1,1998,5.32,14.83,1,0,1.35,0.176,906951
7456,2022-03-03,184,2,3,2,1985,2.0,4.03,0,1,9.49,0.269,760576
7457,2022-05-17,339,1,2,2,2018,3.16,14.3,1,1,6.74,0.27,1172755
7458,2022-12-31,81,3,1,2,1980,5.41,0.95,0,0,6.67,0.667,421979
7459,2021-09-17,88,3,1,2,1986,8.79,14.17,0,0,3.39,0.15,477377
7460,2022-05-28,255,3,3,1,2014,8.23,13.28,1,0,2.25,0.435,989938
7461,2021-03-12,92,3,2,1,2004,5.46,1.55,1,0,7.35,0.005,538158
7462,2022-04-23,308,3,1,2,2017,8.07,17.39,0,0,5.67,0.261,1192151
7463,2021-06-27,298,4,1,2,2002,7.89,14.52,1,1,3.86,0.041,1179834
7464,2022-04-02,123,3,3,2,2004,6.21,15.77,2,1,3.85,0.71,580393
7465,2021-07-08,345,3,3,1,2017,2.98,13.48,0,1,9.0,0.354,1258914
7466,2021-10-18,323,1,2,2,1990,4.13,18.19,0,1,9.01,0.48,1152398
7467,2022-06-04,239,1,3,2,2013,2.48,13.36,2,0,3.47,0.761,841988
7468,2023-02-04,187,3,1,2,2010,1.06,23.1,2,1,8.15,0.863,611351
7469,2021-10-19,331,4,2,1,2017,1.72,23.62,2,1,3.04,0.517,1093443
7470,2023-01-26,215,3,2,2,1991,7.84,18.3,1,0,8.27,0.65,864946
7471,2022-09-27,327,3,2,1,1988,1.3,22.84,2,0,2.14,0.736,1020845
7472,2023-03-22,75,3,1,2,1992,4.6,23.12,2,0,7.82,0.285,345419
7473,2021-10-10,122,5,3,2,1999,9.87,6.92,1,1,6.0,0.707,690846
7474,2022-06-28,164,4,2,2,2000,8.16,24.85,2,0,2.06,0.654,648724
7475,2023-04-26,100,2,1,1,2001,7.76,7.05,0,1,6.54,0.443,548809
7476,2022-01-12,220,3,3,2,1980,3.47,0.95,2,1,2.73,0.341,886650
7477,2022-10-20,317,2,2,1,2019,6.78,24.07,2,0,2.75,0.974,1069924
7478,2021-06-05,52,4,3,2,2020,5.49,5.98,1,0,5.03,0.986,371856
7479,2022-05-23,259,3,3,1,1996,6.61,14.81,1,1,9.68,0.695,1028943
7480,2022-02-17,164,2,3,2,1983,4.92,24.28,2,1,9.03,0.384,639620
7481,2022-06-12,216,2,1,2,1985,5.78,1.71,2,0,8.44,0.752,926149
7482,2021-12-21,314,4,2,1,1998,9.9,7.1,0,1,8.66,0.679,1330987
7483,2022-07-13,276,3,2,1,2009,3.96,15.42,1,1,5.48,0.545,995017
7484,2023-02-02,200,5,2,2,2002,2.95,19.18,0,1,4.37,0.132,786061
7485,2021-07-06,317,4,1,2,2011,5.04,20.28,0,1,8.96,0.947,1129250
7486,2021-01-31,165,5,3,2,2008,5.72,22.15,2,1,1.73,0.233,690541
7487,2021-09-17,137,3,1,1,1987,1.77,4.63,2,0,9.96,0.393,565961
7488,2022-02-25,291,2,2,2,2000,8.25,9.57,2,1,5.98,0.342,1150187
7489,2022-06-13,89,4,3,1,1996,4.8,18.0,0,0,5.86,0.154,453960
7490,2022-07-05,231,4,1,1,1996,4.72,18.03,0,1,3.63,0.025,887533
7491,2021-10-31,258,4,1,1,2000,6.93,8.05,1,0,2.53,0.93,986517
7492,2021-02-08,322,1,1,2,1994,7.96,7.95,1,1,7.12,0.739,1276963
7493,2022-05-04,168,3,1,2,2006,9.87,8.36,1,1,4.26,0.021,833880
7494,2022-10-06,73,1,3,2,2004,2.56,22.36,1,0,3.72,0.688,224033
7495,2022-06-26,307,4,1,2,2012,4.11,22.78,1,0,2.46,0.13,1040076
7496,2022-11-01,141,4,3,1,1981,2.51,0.86,1,1,5.82,0.724,608796
7497,2021-10-05,210,5,1,2,2021,8.93,8.46,0,0,6.29,0.505,922855
7498,2021-07-22,198,1,2,1,1995,5.94,10.1,2,0,4.99,0.978,767474
7499,2021-03-07,166,2,1,1,2015,8.67,24.57,1,0,1.11,0.432,625266
7500,2021-04-18,102,3,1,1,1987,9.87,23.63,0,0,5.43,0.749,482176
7501,2021-09-25,94,2,2,2,1995,5.95,15.89,0,0,3.45,0.041,443706
7502,2021-08-10,314,2,3,2,1986,2.06,1.62,2,1,2.25,0.936,1118042
7503,2023-03-15,311,3,1,2,1984,4.25,5.18,1,1,6.2,0.562,1178320
7504,2022-06-14,283,4,1,1,2002,1.33,11.14,2,0,7.04,0.314,1024233
7505,2021-03-31,84,5,2,1,1987,8.64,24.0,2,1,5.67,0.127,500287
7506,2022-11-24,246,4,3,2,1982,1.16,2.82,2,1,6.53,0.641,971862
7507,2021-09-12,74,4,2,1,2014,6.33,19.89,1,0,6.46,0.746,400291
7508,2022-03-31,251,1,1,1,2015,1.96,5.18,1,1,2.12,0.085,856653
7509,2021-09-10,322,2,3,1,2015,1.07,12.94,1,1,2.94,0.165,1129338
7510,2021-09-14,85,2,1,2,1994,3.31,19.29,0,0,1.09,0.385,280569
7511,2022-01-18,272,2,2,2,2009,5.97,17.47,0,0,9.84,0.852,991915
7512,2022-03-18,326,5,1,2,1994,1.68,19.51,0,1,2.9,0.983,1063730
7513,2023-05-08,67,5,2,1,2008,6.53,20.43,1,1,8.33,0.745,412236
7514,2022-08-22,237,5,2,2,1983,7.05,7.99,2,0,8.03,0.006,1058235
7515,2021-03-31,306,3,3,2,2013,9.73,9.42,2,1,7.35,0.903,1284941
7516,2023-01-19,191,5,2,1,2002,9.1,20.49,0,1,5.05,0.027,861479
7517,2022-01-25,185,1,3,1,2014,6.1,1.45,2,1,6.25,0.897,842886
7518,2022-08-05,128,1,3,2,2007,8.14,13.1,0,0,2.68,0.41,567734
7519,2021-02-13,341,4,3,2,2010,4.27,23.05,2,1,1.95,0.742,1170041
7520,2022-12-13,111,4,3,2,2021,6.27,22.18,1,1,4.17,0.087,490401
7521,2022-10-26,178,4,3,1,2012,4.63,20.21,0,1,8.43,0.165,757819
7522,2022-08-21,347,4,2,2,1997,4.03,1.03,0,0,6.08,0.451,1318721
7523,2021-01-19,306,1,2,1,1984,7.55,22.25,2,0,7.87,0.039,1131907
7524,2021-04-11,261,4,3,2,1988,3.67,22.84,1,1,9.01,0.39,980747
7525,2022-08-30,103,1,2,2,1999,4.42,16.76,1,0,6.04,0.752,405276
7526,2023-02-05,224,5,3,1,2017,4.3,7.82,1,0,4.31,0.655,898792
7527,2021-12-23,149,5,2,2,1988,8.83,12.5,1,0,8.7,0.352,756635
7528,2022-06-26,88,3,3,1,1997,2.53,19.18,0,1,3.07,0.009,358831
7529,2023-01-31,312,4,1,2,1994,4.43,20.42,1,1,1.22,0.27,1046701
7530,2021-02-02,199,5,1,2,1994,8.99,8.91,2,0,1.46,0.776,849035
7531,2021-08-17,170,5,3,2,1993,1.14,8.49,0,0,6.24,0.341,684029
7532,2022-06-08,227,2,2,2,2014,9.53,18.54,2,0,9.03,0.377,946387
7533,2022-09-22,169,2,3,2,2019,9.09,17.32,1,0,6.08,0.074,769540
7534,2023-05-12,121,1,2,1,2022,4.76,13.07,0,1,4.68,0.602,527394
7535,2021-06-04,268,3,3,2,2015,6.88,10.8,2,0,6.19,0.622,1045937
7536,2022-02-27,172,2,3,2,2021,9.92,16.6,1,1,7.04,0.431,761265
7537,2021-09-03,293,3,2,1,1999,5.99,1.29,0,0,7.83,0.761,1184098
7538,2022-02-09,124,5,2,2,1990,1.87,2.35,1,0,4.13,0.877,573401
7539,2023-04-24,55,1,3,1,2020,8.68,14.54,1,0,4.48,0.751,353604
7540,2023-01-29,70,3,1,2,1996,2.21,5.65,1,1,1.21,0.544,306205
7541,2022-06-25,239,2,1,2,2020,3.32,19.48,1,0,6.85,0.936,795101
7542,2021-06-10,274,5,1,1,2004,8.86,19.42,2,1,7.99,0.382,1139314
7543,2023-01-17,152,4,1,1,2008,3.3,17.89,1,0,5.6,0.655,566841
7544,2022-12-03,148,5,1,2,2002,7.71,22.64,0,0,4.39,0.575,635097
7545,2021-04-27,132,2,2,1,1988,5.03,3.95,2,1,4.0,0.842,553313
7546,2021-09-28,230,2,1,2,2004,7.84,6.85,1,0,6.81,0.5,956380
7547,2023-02-09,201,4,2,1,2020,3.09,6.68,0,1,3.98,0.553,764616
7548,2022-11-23,105,5,1,1,2002,4.78,19.67,0,0,6.39,0.454,478546
7549,2022-05-02,239,3,2,1,1981,3.86,13.27,2,1,9.34,0.141,928169
7550,2023-06-04,71,3,1,1,1980,3.24,6.69,2,1,3.98,0.886,356521
7551,2021-06-21,117,5,1,1,2017,3.83,3.84,2,1,1.61,0.862,515167
7552,2021-10-01,234,3,2,2,1985,3.91,22.38,2,1,8.87,0.702,855154
7553,2021-09-16,59,5,2,2,1994,9.6,17.46,1,0,3.46,0.348,434713
7554,2021-05-15,115,5,3,1,1986,5.8,13.45,2,1,9.9,0.355,614722
7555,2022-11-14,313,2,1,2,1981,5.16,24.15,2,1,8.56,0.036,1099631
7556,2022-12-23,274,1,1,1,2009,5.53,21.31,0,1,4.84,0.078,961743
7557,2023-01-18,172,2,2,2,2008,9.97,4.86,2,0,6.65,0.514,821568
7558,2022-02-26,87,3,2,1,1991,6.88,12.95,0,1,3.5,0.05,434339
7559,2022-02-25,172,1,1,1,2013,7.33,12.41,1,0,1.76,0.099,688831
7560,2021-07-05,205,5,1,2,2009,3.82,21.19,0,0,5.73,0.251,760779
7561,2021-12-30,116,3,2,1,2015,5.24,4.15,1,1,4.82,0.374,575007
7562,2022-08-30,182,4,2,2,2014,2.66,11.57,0,1,9.73,0.489,751913
7563,2022-01-13,189,3,1,1,1981,7.17,16.1,0,0,6.38,0.325,729219
7564,2022-06-07,131,1,2,1,1982,4.1,23.66,2,0,7.72,0.941,454478
7565,2022-08-03,107,1,2,1,2021,7.73,22.53,0,1,2.22,0.951,422840
7566,2023-06-10,198,5,1,2,1991,2.92,13.58,1,1,7.51,0.056,817171
7567,2022-12-23,180,4,3,1,1983,4.63,15.36,0,0,1.51,0.985,666788
7568,2021-07-15,118,5,2,2,1986,5.24,21.38,2,1,6.52,0.173,577625
7569,2023-05-31,299,4,3,2,1999,2.5,18.74,2,0,8.55,0.331,1075265
7570,2021-04-08,226,4,2,2,1998,1.63,22.04,1,1,5.35,0.837,751979
7571,2022-08-28,121,5,3,2,1987,3.85,22.45,2,0,2.94,0.688,470456
7572,2021-01-22,66,3,2,1,1982,5.9,20.9,0,0,4.99,0.058,334636
7573,2022-03-26,209,2,3,1,2006,6.87,0.73,1,0,8.57,0.775,887178
7574,2021-06-21,119,4,3,1,1994,4.83,8.12,2,1,7.43,0.663,600729
7575,2022-01-18,162,1,2,1,1987,5.5,10.39,0,0,6.45,0.95,634814
7576,2021-05-14,281,5,3,2,1997,5.89,17.11,2,0,7.24,0.91,1074951
7577,2022-03-02,70,3,1,2,2008,5.61,8.02,2,1,8.51,0.975,403314
7578,2021-01-25,184,4,1,2,2015,1.81,8.43,1,1,2.37,0.455,683410
7579,2022-05-18,312,3,1,1,1982,4.65,10.3,1,0,8.58,0.707,1165623
7580,2021-07-04,160,5,3,2,1988,2.84,23.91,1,1,8.26,0.962,618998
7581,2021-03-26,295,1,2,2,1989,5.8,11.21,0,1,5.3,0.002,1105422
7582,2022-07-21,332,4,3,1,2019,7.82,3.95,2,1,4.63,0.789,1332428
7583,2023-02-02,57,4,2,1,1999,6.22,0.66,1,1,9.39,0.054,490155
7584,2021-05-24,333,3,3,1,1981,3.0,6.3,0,0,8.37,0.999,1224083
7585,2023-05-13,256,5,2,1,1980,2.87,23.5,0,1,9.9,0.014,991065
7586,2022-11-10,243,2,3,1,2006,1.33,23.9,0,0,6.78,0.555,819375
7587,2022-02-16,96,4,3,1,1983,4.84,13.46,2,0,1.28,0.521,417706
7588,2021-08-12,291,1,1,1,2016,4.9,16.34,1,1,2.38,0.305,961499
7589,2021-08-08,59,4,3,2,2011,3.13,20.0,2,0,8.38,0.732,320148
7590,2021-06-28,338,4,1,2,1997,7.88,1.87,0,0,6.75,0.257,1352747
7591,2022-09-23,180,2,2,2,1993,4.48,9.67,2,1,2.78,0.291,711426
7592,2022-03-09,319,2,2,1,1994,7.02,16.24,1,0,1.11,0.18,1152408
7593,2021-09-22,110,5,1,1,1983,6.76,22.51,0,0,3.37,0.714,458532
7594,2022-03-05,213,4,3,2,1998,6.44,18.31,2,1,2.24,0.17,823818
7595,2022-10-24,62,4,2,1,2003,9.17,9.08,1,1,8.89,0.898,461652
7596,2022-02-20,321,3,3,2,2009,1.14,22.79,1,1,8.95,0.288,1084466
7597,2022-03-29,257,3,3,1,1992,1.61,16.78,1,0,8.58,0.519,929493
7598,2022-12-28,295,1,3,2,1990,7.5,20.84,1,1,1.85,0.475,1096164
7599,2021-07-16,182,1,2,2,2007,4.18,9.94,0,0,2.22,0.702,637803
7600,2022-07-08,293,3,2,1,1990,9.88,0.55,0,0,2.22,0.234,1264095
7601,2021-02-22,343,1,3,1,1980,2.95,4.57,2,1,3.33,0.839,1171231
7602,2022-04-25,87,4,1,1,2021,2.65,23.22,1,0,1.66,0.738,270565
7603,2022-03-19,105,2,1,1,1983,6.29,1.31,1,0,9.83,0.343,583665
7604,2021-11-26,97,4,1,2,2017,3.51,15.1,0,0,8.7,0.12,399560
7605,2021-09-08,154,3,3,2,2013,4.06,10.52,2,0,1.62,0.505,643222
7606,2023-03-18,108,5,1,2,1991,9.29,11.02,2,0,2.29,0.981,546831
7607,2023-06-09,126,5,2,2,2003,1.24,10.32,0,1,3.36,0.024,517353
7608,2023-02-22,267,3,1,2,2016,5.78,2.15,0,1,7.98,0.845,1075233
7609,2021-05-03,104,4,1,2,2011,4.01,3.5,0,0,7.43,0.7,474549
7610,2023-05-29,104,1,3,1,1998,4.11,2.04,0,1,6.67,0.183,569156
7611,2022-01-22,178,1,2,2,2008,3.23,1.82,0,0,9.21,0.476,730623
7612,2021-12-05,134,5,2,1,2017,2.21,2.6,0,0,1.33,0.628,539038
7613,2023-02-17,263,3,1,2,2008,1.31,17.57,2,0,2.45,0.697,824899
7614,2021-12-14,164,3,3,1,1998,9.89,3.3,0,0,2.71,0.921,778744
7615,2021-01-29,342,2,3,1,1999,6.94,6.91,0,0,1.54,0.873,1212071
7616,2021-02-04,98,5,1,2,1982,7.99,16.6,2,1,6.56,0.328,554104
7617,2022-06-02,116,3,2,1,2019,1.59,3.25,2,1,2.89,0.12,532893
7618,2022-01-31,324,2,2,2,1984,1.13,22.8,1,1,5.34,0.104,1086604
7619,2022-09-15,178,1,2,1,2002,6.4,12.2,1,0,7.17,0.969,698259
7620,2021-10-21,78,5,3,2,1984,7.51,24.09,2,1,6.36,0.956,431783
7621,2022-08-12,82,5,1,1,2009,4.55,5.22,0,0,3.61,0.82,424817
7622,2021-12-15,168,3,3,2,2011,4.49,1.25,2,0,4.73,0.98,745160
7623,2021-05-27,229,3,2,2,2003,4.46,14.96,0,1,4.06,0.274,884439
7624,2021-03-08,200,4,3,2,2021,2.37,8.55,0,0,8.67,0.826,818230
7625,2022-06-04,182,1,2,1,2014,7.79,14.52,0,0,4.78,0.502,708880
7626,2021-05-02,234,1,1,2,2011,2.94,12.1,2,1,1.56,0.799,799242
7627,2021-12-06,183,2,2,2,2001,3.92,11.7,0,0,6.57,0.611,666521
7628,2021-06-24,226,2,1,2,2000,7.04,21.35,2,0,2.78,0.846,797165
7629,2023-06-19,71,4,3,2,2007,1.0,5.2,0,1,4.05,0.397,326284
7630,2022-11-22,290,1,3,1,2013,7.9,12.74,0,0,3.95,0.989,1046224
7631,2022-08-20,126,2,3,1,1995,9.09,10.69,2,0,1.65,0.219,624479
7632,2022-03-27,253,1,2,1,1990,1.46,17.01,2,0,9.56,0.673,854032
7633,2022-07-11,53,1,1,2,2012,6.32,1.73,0,1,5.92,0.803,353242
7634,2021-05-16,214,2,3,1,2017,4.68,13.47,0,1,2.41,0.586,763125
7635,2023-05-05,177,3,3,1,1998,1.71,12.22,1,0,6.0,0.29,680580
7636,2021-01-16,94,3,1,1,2007,7.14,24.35,2,0,5.06,0.561,409346
7637,2021-11-29,267,2,2,1,2008,6.51,19.02,1,0,4.1,0.505,962365
7638,2021-07-14,284,4,3,1,2016,6.78,4.3,1,0,5.25,0.19,1140541
7639,2022-05-11,185,5,2,1,1982,8.32,12.98,1,0,7.03,0.763,853629
7640,2021-01-09,217,1,2,2,1997,3.58,19.7,2,0,2.8,0.267,739829
7641,2023-04-08,286,5,2,2,1997,7.09,13.35,0,1,5.84,0.832,1131325
7642,2021-11-30,142,2,3,1,1991,7.69,9.24,0,0,8.32,0.214,668788
7643,2021-11-29,54,1,3,2,1997,2.52,9.73,2,0,3.0,0.502,261984
7644,2021-11-23,205,5,1,2,2011,9.61,9.49,1,1,5.64,0.695,931532
7645,2021-01-15,294,3,1,2,2021,4.06,0.99,2,1,9.69,0.996,1139499
7646,2023-04-19,130,4,2,2,2015,7.42,18.4,0,1,8.2,0.271,658897
7647,2022-09-06,296,5,3,2,1998,7.79,15.47,2,0,6.34,0.636,1192446
7648,2021-08-14,186,4,2,1,1983,5.54,7.08,1,0,7.74,0.153,835191
7649,2022-03-01,112,3,1,1,1990,2.16,15.94,2,0,5.73,0.82,374372
7650,2023-03-01,165,5,2,2,1982,3.48,8.06,0,0,9.88,0.861,732404
7651,2022-02-12,162,2,2,1,2006,3.11,6.46,0,0,2.52,0.888,598411
7652,2021-04-23,80,1,3,1,1995,5.67,18.66,0,1,7.48,0.946,393334
7653,2022-03-04,56,3,2,1,1997,3.35,20.32,1,0,1.05,0.356,204956
7654,2021-01-01,52,4,2,1,2009,5.92,15.83,0,0,2.13,0.666,267912
7655,2021-09-23,292,4,3,1,2003,3.59,19.71,0,1,7.5,0.316,1102808
7656,2022-05-06,105,3,3,1,1985,1.01,9.46,2,1,7.83,0.804,475377
7657,2021-07-27,122,2,1,1,2013,4.27,2.26,2,0,1.35,0.416,489438
7658,2022-09-14,59,2,3,2,1991,6.46,15.32,1,1,4.0,0.555,341524
7659,2022-12-13,110,4,2,2,2021,7.96,6.77,1,1,2.06,0.133,615022
7660,2022-01-04,99,3,1,2,2002,1.26,19.55,2,0,9.01,0.85,367897
7661,2021-11-02,171,3,1,1,2015,3.32,9.27,0,0,5.08,0.483,639653
7662,2021-01-12,224,1,1,2,2019,9.87,16.93,2,1,4.98,0.64,890394
7663,2021-12-11,50,4,1,1,1994,3.36,14.05,2,1,8.41,0.669,307167
7664,2022-04-10,87,2,2,2,1995,7.99,20.53,0,1,7.26,0.274,476354
7665,2022-12-01,239,5,2,2,1993,5.58,20.89,2,1,9.3,0.795,930943
7666,2022-10-28,128,2,2,1,1994,2.1,2.17,2,1,9.45,0.833,531794
7667,2022-05-09,239,2,2,2,1991,6.79,7.73,0,0,3.82,0.516,921578
7668,2022-01-03,233,5,1,1,2022,9.7,21.84,0,1,6.84,0.902,963882
7669,2023-04-26,116,4,2,2,2014,8.98,10.4,1,1,5.88,0.161,662717
7670,2022-02-24,66,1,1,2,2004,7.21,13.11,1,1,6.36,0.414,357254
7671,2023-06-08,345,2,3,1,1993,5.61,4.99,2,0,6.63,0.044,1336554
7672,2023-03-02,258,2,2,2,1981,3.87,14.04,1,0,1.54,0.399,879927
7673,2021-06-20,90,4,3,2,1997,4.21,6.98,0,1,9.06,0.997,501670
7674,2021-05-14,164,4,3,2,2014,4.12,20.82,0,1,2.26,0.463,610282
7675,2022-03-03,149,3,2,2,1988,9.3,5.41,1,0,4.82,0.419,756137
7676,2021-01-25,188,4,1,2,1990,2.9,9.32,0,0,3.63,0.688,691496
7677,2022-06-14,343,4,3,1,2005,4.4,2.83,0,0,5.98,0.049,1329310
7678,2021-07-09,66,2,2,1,1982,4.89,14.91,2,1,9.65,0.354,380285
7679,2021-05-21,341,1,3,1,1984,4.68,23.58,0,1,4.71,0.533,1136769
7680,2022-07-09,123,2,3,1,2011,1.04,4.74,2,0,6.43,0.484,505521
7681,2023-04-26,312,4,2,1,2020,3.44,0.98,0,1,2.27,0.642,1165382
7682,2023-03-07,65,3,3,1,1989,5.49,10.85,2,0,5.17,0.139,452002
7683,2022-10-20,63,1,1,2,2017,7.84,18.84,1,1,9.24,0.403,403442
7684,2021-11-11,330,3,1,1,1985,6.13,24.39,2,1,9.39,0.634,1231199
7685,2022-03-20,53,5,3,1,1990,4.46,1.76,0,0,5.92,0.302,400107
7686,2021-11-15,176,3,3,2,1996,6.99,19.76,2,0,7.92,0.613,737224
7687,2022-03-17,55,3,2,2,1981,6.99,9.53,2,0,1.03,0.958,280025
7688,2021-04-02,178,4,1,1,2020,3.23,4.27,2,1,5.78,0.93,715708
7689,2021-06-28,281,4,3,2,2003,1.93,5.21,1,0,7.59,0.726,1027430
7690,2021-02-25,244,4,1,2,1984,8.23,23.14,0,0,3.97,0.178,945682
7691,2021-06-04,114,4,3,2,2000,5.77,20.33,2,0,9.11,0.784,537245
7692,2022-11-03,152,4,2,2,1985,2.59,8.14,1,0,8.02,0.447,617403
7693,2021-04-21,326,3,2,1,1983,3.36,23.53,2,1,7.93,0.952,1133972
7694,2021-05-17,207,5,1,1,1988,7.9,3.08,2,0,1.19,0.611,900608
7695,2021-08-20,273,4,1,2,1984,6.88,8.4,0,1,2.65,0.218,1045656
7696,2022-04-13,338,5,3,2,1983,9.51,16.5,1,0,7.42,0.312,1392865
7697,2023-01-02,327,5,3,2,1988,5.18,24.99,2,0,6.06,0.319,1178777
7698,2022-04-26,231,2,3,1,1997,1.47,11.91,0,0,6.21,0.276,831831
7699,2021-03-09,53,2,1,2,2022,7.3,20.36,2,1,1.13,0.772,260592
7700,2023-03-25,264,1,2,1,1995,3.29,22.94,0,1,4.98,0.337,911186
7701,2021-09-06,266,2,2,1,1981,3.91,0.74,1,1,8.08,0.196,1083004
7702,2021-11-19,258,4,1,2,2008,2.77,7.58,1,0,6.97,0.596,940026
7703,2022-06-02,123,5,2,2,2021,3.78,2.96,1,0,6.15,0.465,634543
7704,2023-03-03,276,1,1,2,2015,8.47,19.51,2,0,7.27,0.022,1037263
7705,2022-03-08,142,2,3,2,1991,6.19,14.39,1,0,8.66,0.279,625844
7706,2022-05-02,114,3,1,2,2020,1.98,2.84,1,0,8.65,0.038,563999
7707,2022-08-29,59,1,2,2,2016,6.28,10.81,0,0,5.1,0.767,314018
7708,2022-03-05,327,4,1,2,2013,6.7,13.09,1,1,3.77,0.951,1209083
7709,2021-09-26,135,5,1,1,2014,8.96,17.59,0,1,4.3,0.5,649410
7710,2022-12-10,75,4,1,1,2019,8.74,19.6,1,1,5.69,0.558,416155
7711,2022-06-21,267,4,1,1,1985,1.57,2.65,2,0,1.8,0.845,980561
7712,2021-05-28,144,3,2,2,2016,8.8,12.45,2,0,6.32,0.019,759559
7713,2021-04-28,293,3,3,1,2015,1.46,4.45,1,0,5.08,0.162,1035421
7714,2023-04-30,156,5,2,1,1999,2.39,18.95,0,1,7.83,0.654,598562
7715,2022-01-02,297,2,2,2,1995,2.0,16.61,2,0,3.47,0.742,992497
7716,2023-04-30,63,4,3,1,1987,2.64,18.21,2,0,1.6,0.626,262473
7717,2021-03-07,210,2,2,2,2001,8.23,2.34,2,1,9.05,0.939,939923
7718,2023-03-24,120,5,3,1,1984,7.18,13.0,0,0,1.61,0.392,583647
7719,2022-01-05,201,4,3,2,1984,7.18,21.09,1,1,9.35,0.555,872494
7720,2021-06-24,124,2,1,2,1990,9.3,17.98,2,0,5.48,0.956,595820
7721,2023-04-11,264,4,2,2,2022,4.53,21.61,2,0,1.51,0.9,870256
7722,2022-08-11,100,3,3,1,1998,1.03,5.55,2,0,2.13,0.031,407610
7723,2022-05-10,192,3,2,2,2018,6.76,7.53,2,1,5.8,0.352,831990
7724,2021-04-24,85,1,2,1,1996,8.81,11.31,2,0,1.14,0.739,475285
7725,2021-04-21,216,5,3,1,2016,9.79,13.32,2,1,9.24,0.001,1072719
7726,2023-01-31,285,2,1,2,2017,4.28,6.68,1,1,8.17,0.863,1070711
7727,2022-03-15,309,4,3,1,1997,8.4,9.84,2,1,5.54,0.502,1259696
7728,2022-12-16,241,1,1,1,1988,8.64,17.33,2,0,9.34,0.087,989746
7729,2021-05-27,251,5,3,1,1996,2.3,16.31,2,1,3.34,0.442,942522
7730,2021-02-04,311,5,3,2,2020,6.68,3.21,1,1,8.68,0.493,1297082
7731,2021-11-05,234,5,1,1,2012,2.56,24.65,0,0,8.25,0.367,828795
7732,2022-06-22,207,2,1,1,1999,5.02,14.29,0,0,6.24,0.454,764613
7733,2023-01-20,295,3,2,1,1997,8.91,12.35,2,0,3.87,0.891,1116732
7734,2021-01-14,159,1,3,1,2003,8.11,24.2,1,1,6.02,0.324,626429
7735,2022-01-09,148,2,2,1,1992,6.13,3.94,1,0,9.61,0.961,672730
7736,2022-07-11,290,4,2,1,2019,8.28,13.82,0,1,1.76,0.687,1101409
7737,2022-03-04,251,2,1,2,2007,2.38,20.22,0,1,2.81,0.896,801883
7738,2022-12-29,171,4,1,2,1982,2.75,10.27,1,1,6.8,0.209,701060
7739,2021-08-21,166,4,2,2,2015,2.88,18.54,2,0,7.11,0.492,612589
7740,2022-12-06,145,5,1,2,1990,7.98,22.53,1,0,2.48,0.565,605858
7741,2022-07-17,283,2,3,1,2018,9.02,6.91,0,0,8.26,0.085,1177470
7742,2023-06-06,116,3,1,1,2000,6.07,6.42,1,0,9.36,0.494,584991
7743,2022-12-27,267,4,1,1,2016,9.62,9.34,2,0,1.72,0.861,1070745
7744,2022-10-25,64,5,3,1,1981,7.55,10.75,2,1,9.77,0.052,552520
7745,2022-03-16,322,3,1,2,1985,6.07,3.22,0,0,3.53,0.642,1189588
7746,2022-05-17,268,2,2,2,1984,6.5,6.17,1,0,3.78,0.989,1046775
7747,2021-10-02,323,3,2,1,2022,8.65,21.89,1,0,1.4,0.527,1139668
7748,2023-04-30,196,2,2,1,2011,1.81,14.38,2,1,5.48,0.303,693150
7749,2021-03-17,201,4,1,1,2016,2.51,7.06,1,0,9.59,0.585,799085
7750,2022-03-15,64,1,1,2,2019,3.4,23.62,2,1,2.45,0.541,186727
7751,2023-01-02,133,1,1,2,1990,9.05,19.47,2,1,6.19,0.105,589367
7752,2023-05-10,241,4,2,2,1996,9.5,9.38,1,0,3.47,0.214,1030440
7753,2022-11-30,90,3,1,1,1993,4.21,19.25,0,0,1.17,0.669,290228
7754,2021-10-16,310,2,3,1,1981,9.31,15.1,1,1,9.88,0.593,1234707
7755,2022-06-24,185,1,1,1,2018,5.92,17.25,1,0,7.45,0.344,710791
7756,2023-06-10,327,2,2,2,1997,5.26,8.38,0,1,7.62,0.979,1239178
7757,2022-11-23,155,4,3,2,2012,8.49,5.63,1,1,6.97,0.645,786740
7758,2021-09-10,56,3,3,2,2009,5.91,6.71,2,0,2.29,0.231,374829
7759,2021-05-06,79,2,2,1,1994,5.09,2.55,1,1,2.86,0.471,399756
7760,2021-06-26,175,3,3,2,2008,1.14,12.04,2,0,4.47,0.712,610382
7761,2021-02-06,128,1,3,1,2005,1.12,10.45,0,1,9.96,0.672,459666
7762,2022-02-14,116,2,3,1,1980,6.65,0.56,1,1,7.05,0.246,621337
7763,2022-09-03,72,5,3,1,1996,1.66,21.48,1,1,4.98,0.648,321398
7764,2022-09-02,238,1,3,2,2018,7.63,17.21,0,0,5.36,0.333,902570
7765,2021-05-07,123,3,1,2,1981,6.6,11.45,0,1,9.3,0.458,605749
7766,2022-04-28,54,4,2,2,1994,5.12,24.19,2,1,2.77,0.669,268883
7767,2021-06-17,131,5,2,2,2001,7.39,23.54,0,0,3.89,0.581,574790
7768,2022-08-15,74,2,1,2,1999,9.94,2.83,2,1,4.34,0.713,535180
7769,2021-10-21,313,1,1,2,2008,3.22,15.57,0,1,9.08,0.382,1105731
7770,2023-04-25,51,2,2,1,2004,6.01,20.52,2,0,7.99,0.752,287863
7771,2022-09-30,327,2,2,2,2022,8.59,4.74,0,0,6.32,0.016,1320675
7772,2021-12-09,273,5,1,2,2003,1.15,3.64,2,1,3.83,0.188,1026431
7773,2021-11-06,121,5,1,1,2013,2.83,6.86,2,0,2.82,0.973,454193
7774,2022-10-24,117,5,3,2,2022,5.69,7.35,1,1,3.98,0.087,590802
7775,2022-06-12,143,5,1,2,2000,5.97,24.14,2,1,9.37,0.662,624651
7776,2022-06-24,68,4,1,1,1981,1.78,19.62,1,0,9.19,0.917,269426
7777,2022-02-23,177,3,3,2,1995,4.67,1.96,1,0,4.8,0.86,745340
7778,2022-03-20,131,5,3,1,2019,5.68,19.77,0,1,3.93,0.913,507269
7779,2022-11-16,303,1,2,1,2000,4.81,4.66,1,1,8.96,0.984,1159604
7780,2022-07-12,270,2,2,1,2016,7.31,9.25,2,0,5.02,0.357,1063848
7781,2023-04-20,146,5,1,2,1987,7.94,8.3,0,1,1.35,0.33,706775
7782,2021-08-24,101,1,3,1,1993,5.14,7.17,2,0,4.11,0.121,489814
7783,2022-03-15,224,4,3,2,2001,4.83,8.06,1,0,6.47,0.201,931311
7784,2021-08-02,231,1,2,1,1997,7.35,18.98,1,1,9.5,0.653,888963
7785,2021-03-26,164,1,2,2,1984,6.0,7.03,1,1,4.82,0.331,674686
7786,2023-03-05,50,4,1,1,2021,8.83,20.12,1,0,3.16,0.341,333454
7787,2023-01-14,112,4,3,2,2009,5.33,2.73,2,1,4.46,0.646,589694
7788,2021-03-26,297,2,2,2,2010,6.17,15.08,2,0,1.51,0.105,1044955
7789,2022-05-04,280,5,1,2,1988,2.16,21.64,0,0,9.09,0.056,1016371
7790,2021-03-06,275,1,1,2,2010,8.52,2.44,0,0,1.3,0.803,1045778
7791,2022-10-08,68,3,1,2,2010,4.8,16.05,2,1,1.01,0.79,285717
7792,2022-10-25,80,3,2,2,2020,7.47,13.03,2,0,6.53,0.385,451227
7793,2022-09-19,170,2,2,2,1988,4.87,8.63,1,1,2.39,0.593,685169
7794,2021-03-05,73,3,2,2,2016,1.01,2.97,1,0,3.66,0.238,325454
7795,2021-12-09,260,2,2,2,1985,4.6,17.07,0,1,5.42,0.368,943433
7796,2023-05-25,210,5,2,1,2021,2.33,8.08,0,0,8.13,0.036,845564
7797,2021-12-18,304,2,3,1,2005,4.59,8.8,0,0,4.49,0.274,1105443
7798,2021-06-07,108,4,3,1,1989,3.89,18.08,2,1,9.61,0.016,516889
7799,2022-08-12,163,4,3,1,1985,2.82,23.66,0,1,5.08,0.424,622484
7800,2022-05-06,209,4,3,1,2012,2.11,8.67,2,0,9.28,0.52,822267
7801,2022-10-20,269,4,1,2,2009,7.56,18.79,2,1,5.07,0.495,1026647
7802,2023-05-05,218,4,1,1,2019,7.79,23.94,0,0,5.65,0.341,869685
7803,2022-04-08,61,4,3,1,2003,3.38,2.9,2,1,9.62,0.207,448561
7804,2021-08-13,291,4,2,1,2007,5.46,13.47,2,1,7.07,0.454,1136918
7805,2021-11-09,188,4,3,1,2017,5.18,0.77,0,1,2.34,0.87,825891
7806,2022-09-07,146,4,3,2,2008,4.2,20.72,0,0,6.39,0.983,591584
7807,2023-05-09,196,5,1,2,1994,3.5,7.53,0,0,3.03,0.313,750321
7808,2023-03-24,231,4,2,1,1987,2.67,8.65,0,0,3.79,0.974,851539
7809,2022-04-11,106,2,1,1,2002,8.86,17.34,1,1,8.54,0.435,519091
7810,2021-03-29,91,5,2,1,2022,8.5,19.83,1,1,7.14,0.613,485625
7811,2023-06-02,248,3,1,1,1988,4.75,10.3,1,0,3.58,0.804,903049
7812,2021-10-30,80,1,3,2,1990,7.49,16.81,0,1,1.04,0.359,378061
7813,2022-11-11,229,5,2,2,1985,5.48,23.93,1,0,5.78,0.208,886400
7814,2022-03-11,51,4,1,2,1991,1.77,22.23,0,1,3.25,0.273,200631
7815,2022-11-13,337,5,3,1,2013,8.4,17.68,1,1,1.25,0.839,1280522
7816,2021-05-15,187,1,1,2,2000,2.97,23.61,2,1,1.57,0.934,603566
7817,2021-02-19,154,1,1,1,2011,7.36,21.96,0,1,7.06,0.128,666877
7818,2022-03-08,267,4,1,2,2015,5.75,18.36,1,0,4.73,0.695,989921
7819,2021-12-06,271,4,3,2,2004,7.21,22.97,1,0,3.36,0.035,1028954
7820,2021-12-13,154,2,2,1,2014,5.24,20.53,0,1,8.92,0.875,602119
7821,2022-10-08,176,1,1,2,2013,7.32,12.81,2,0,8.43,0.857,729850
7822,2021-12-13,314,4,3,2,1998,1.3,12.81,1,0,5.2,0.775,1075068
7823,2022-10-11,249,1,1,1,2016,1.37,0.72,0,0,3.48,0.824,864432
7824,2021-09-02,301,2,2,2,1996,9.07,1.24,1,0,5.56,0.604,1247094
7825,2021-04-19,64,3,1,2,1995,7.75,18.78,2,1,7.78,0.147,402352
7826,2023-04-05,275,1,3,1,1995,8.46,14.09,0,1,1.1,0.915,1011741
7827,2023-03-10,154,2,1,2,1983,5.11,19.14,1,1,6.51,0.141,578872
7828,2022-06-17,282,2,1,1,2009,5.14,23.77,1,0,7.39,0.225,992047
7829,2021-03-31,268,2,2,1,2013,5.81,11.59,0,0,8.35,0.433,1028450
7830,2021-10-23,326,5,2,1,1984,3.19,2.67,2,0,2.95,0.498,1193134
7831,2021-04-22,310,4,2,1,2012,7.6,15.85,1,1,2.83,0.096,1179821
7832,2023-03-24,239,1,1,1,1988,8.47,2.94,2,0,2.94,0.762,935416
7833,2022-08-12,247,5,3,1,1996,9.17,15.72,0,1,9.38,0.137,1065651
7834,2021-06-26,326,1,1,1,1991,5.65,13.43,1,0,2.27,0.655,1147915
7835,2021-12-09,88,5,1,1,2003,4.73,17.95,1,0,7.88,0.452,402850
7836,2022-10-22,211,4,1,1,1991,8.48,9.1,2,1,9.88,0.811,958061
7837,2021-04-11,170,2,1,1,1994,7.77,4.02,2,1,9.52,0.296,842658
7838,2023-01-28,311,1,2,1,1995,8.81,6.29,2,1,4.69,0.837,1244114
7839,2022-09-21,265,2,2,1,2002,6.9,17.25,0,0,8.55,0.252,999394
7840,2022-08-27,98,4,2,1,1997,8.95,12.22,2,0,7.03,0.574,597369
7841,2022-02-05,141,1,2,2,2001,1.8,13.75,1,0,8.82,0.486,528617
7842,2021-01-28,178,3,3,1,2010,7.12,8.41,0,0,2.45,0.353,770339
7843,2022-06-21,77,3,1,1,2022,1.8,21.0,0,1,7.88,0.012,352030
7844,2021-02-27,197,3,1,1,1994,7.74,24.99,0,0,6.28,0.398,770070
7845,2022-05-13,114,4,1,2,2000,6.66,8.15,1,0,5.86,0.118,566700
7846,2021-10-24,267,3,3,1,1987,1.14,18.11,2,0,7.56,0.225,901585
7847,2021-05-14,100,1,3,2,2019,6.39,4.69,0,0,3.46,0.688,491766
7848,2021-11-27,123,3,2,1,2015,2.32,18.69,0,0,1.67,0.571,415882
7849,2021-09-06,248,1,1,2,2021,2.28,11.06,1,0,5.52,0.527,831606
7850,2022-07-04,241,4,1,2,2017,2.35,15.33,1,1,3.72,0.564,848139
7851,2021-03-16,238,2,3,2,1985,5.35,6.32,2,1,3.31,0.12,928881
7852,2022-10-16,61,5,1,2,1996,2.04,21.37,2,0,9.99,0.165,322653
7853,2023-04-14,288,3,3,2,2019,2.13,4.75,2,1,2.78,0.543,1025949
7854,2021-06-17,130,5,2,1,2015,3.31,23.25,1,1,3.12,0.407,520942
7855,2023-02-10,319,2,3,1,2007,1.01,2.0,0,1,4.0,0.463,1168496
7856,2022-05-18,339,4,1,1,2002,3.48,7.56,0,1,5.47,0.879,1220450
7857,2023-06-04,97,4,3,2,2010,6.57,14.29,1,0,8.82,0.185,554082
7858,2021-12-21,258,2,3,2,1990,6.41,21.53,2,1,2.59,0.911,938772
7859,2021-08-13,84,5,2,2,1999,9.73,14.64,0,1,6.54,0.857,531317
7860,2022-10-26,168,3,1,2,2011,2.08,5.79,0,0,4.32,0.902,588120
7861,2022-06-15,114,1,1,1,1996,8.79,21.55,1,0,8.17,0.641,543999
7862,2021-05-26,291,4,2,2,2021,4.52,15.11,2,1,6.42,0.864,1090273
7863,2021-08-29,85,2,3,1,2017,4.48,6.19,0,1,8.16,0.991,453649
7864,2023-06-03,301,5,3,2,1985,4.14,14.27,2,1,8.7,0.471,1193284
7865,2023-06-12,292,3,1,2,1980,2.12,17.04,1,0,9.21,0.862,1024311
7866,2021-12-10,91,5,3,2,2016,5.31,17.17,1,1,9.96,0.904,520718
7867,2023-01-19,118,3,2,2,1983,8.09,18.24,2,0,6.57,0.31,589018
7868,2021-02-04,156,1,1,2,2010,8.88,22.45,0,1,6.74,0.443,629304
7869,2022-12-03,88,1,3,1,1990,9.67,20.71,0,1,2.27,0.574,440256
7870,2021-01-01,118,2,2,2,1996,8.07,15.39,0,0,1.95,0.349,519136
7871,2021-06-02,229,2,2,1,1986,6.61,1.29,2,0,5.39,0.322,946682
7872,2022-03-05,61,3,1,1,2014,5.48,18.86,2,1,7.24,0.381,374451
7873,2022-05-23,253,3,1,2,1981,8.87,24.39,0,1,3.23,0.424,943157
7874,2021-05-06,85,3,3,2,2019,7.66,7.99,1,0,3.94,0.252,504196
7875,2022-05-06,175,3,3,2,2016,2.45,15.37,1,0,7.3,0.473,653364
7876,2022-04-27,112,1,3,2,2016,7.14,19.33,0,1,2.9,0.779,461402
7877,2021-12-11,131,2,2,2,1989,4.88,16.16,2,1,5.69,0.624,562862
7878,2023-01-08,348,2,2,2,1991,6.36,23.1,0,0,5.85,0.38,1257669
7879,2021-08-09,83,4,3,1,1996,9.09,12.1,1,1,9.25,0.156,550706
7880,2022-12-24,289,2,1,1,2005,6.87,13.53,1,0,4.62,0.824,1053614
7881,2021-01-25,146,2,2,2,1984,9.45,1.44,1,1,2.89,0.511,665960
7882,2022-06-12,98,5,2,2,1984,8.8,22.56,0,0,2.57,0.971,451505
7883,2021-07-01,195,5,3,1,2017,2.16,6.93,0,1,3.64,0.253,780535
7884,2022-05-14,174,4,1,1,2006,1.1,24.47,1,1,3.51,0.176,576261
7885,2023-04-21,238,3,2,1,1984,4.46,5.45,1,0,7.75,0.008,1002737
7886,2022-10-03,106,4,1,2,1987,8.79,6.71,1,1,6.34,0.083,622644
7887,2021-02-11,158,4,2,1,2010,3.07,12.37,1,1,7.14,0.385,689247
7888,2022-04-26,54,1,1,2,2012,7.22,16.68,2,0,6.67,0.198,333848
7889,2023-04-28,73,2,1,2,2000,5.28,11.3,0,0,5.33,0.038,360941
7890,2023-01-18,270,1,2,1,2014,7.71,9.12,2,0,9.35,0.225,1106562
7891,2023-05-22,343,2,1,1,2000,2.48,13.73,1,1,8.36,0.729,1189209
7892,2022-03-15,59,4,2,1,1994,3.15,23.98,1,1,2.9,0.736,236534
7893,2022-02-06,214,2,2,2,2015,3.18,24.07,2,1,4.81,0.15,733389
7894,2022-06-30,264,3,1,2,1981,5.94,8.54,2,1,3.59,0.936,986577
7895,2021-12-11,175,3,2,1,2009,3.61,17.16,2,0,7.71,0.159,717140
7896,2023-06-12,316,4,1,2,2007,8.31,18.19,1,1,4.1,0.089,1232887
7897,2021-02-14,329,5,2,1,1996,4.12,16.51,0,0,6.76,0.163,1189395
7898,2022-10-08,137,3,1,2,1999,6.95,3.27,0,0,3.63,0.141,642385
7899,2021-01-21,163,4,2,1,2019,9.54,13.72,2,0,2.54,0.632,749045
7900,2022-09-26,70,1,2,2,2008,6.46,19.2,2,0,1.08,0.156,331972
7901,2021-03-11,197,5,3,1,1984,3.18,5.42,2,0,9.95,0.634,861854
7902,2023-05-14,294,3,2,2,2004,8.47,9.03,1,0,2.98,0.277,1180870
7903,2023-05-23,315,4,2,2,1989,1.11,5.49,2,1,8.49,0.248,1179681
7904,2021-02-17,266,4,1,2,1998,3.31,22.23,1,1,8.4,0.897,968904
7905,2022-05-06,289,1,1,1,2020,4.49,21.53,0,0,3.12,0.214,1004507
7906,2022-07-05,281,1,1,2,1980,2.76,4.65,1,1,4.74,0.865,987662
7907,2021-10-14,281,5,1,2,2013,6.44,19.13,2,0,8.53,0.304,1107466
7908,2021-01-10,291,3,3,1,1993,6.02,9.42,1,1,7.21,0.991,1111943
7909,2022-06-26,239,4,3,1,2004,4.66,17.31,1,0,4.33,0.981,871753
7910,2023-01-26,278,5,1,2,2005,3.65,12.59,1,0,9.54,0.828,1050969
7911,2021-10-01,115,5,1,2,2000,4.91,12.06,1,1,4.08,0.868,528869
7912,2022-08-23,328,1,1,1,1995,3.62,22.09,1,1,2.91,0.823,1047726
7913,2023-01-26,318,4,1,2,1989,2.99,16.11,1,0,2.32,0.63,1087459
7914,2022-01-16,258,2,2,2,2011,4.16,6.28,0,1,7.31,0.809,969325
7915,2021-11-25,65,1,1,1,1999,6.42,3.21,0,0,1.26,0.628,353747
7916,2022-04-24,346,4,2,1,1988,6.84,23.37,0,1,8.61,0.842,1275257
7917,2021-01-15,269,5,1,1,2013,3.68,4.26,2,0,3.74,0.936,1019715
7918,2022-05-31,306,5,3,2,2010,9.53,18.48,0,1,4.33,0.753,1200044
7919,2021-07-10,317,3,3,2,1998,3.36,12.65,2,0,8.22,0.965,1149053
7920,2021-06-17,278,2,1,1,2010,7.41,3.93,0,1,8.33,0.448,1121721
7921,2022-06-05,168,1,3,1,2009,1.73,19.53,1,1,4.6,0.925,567327
7922,2022-09-13,227,3,3,2,2003,6.98,22.66,1,0,5.98,0.226,859372
7923,2021-05-17,69,3,3,1,2012,5.14,3.48,0,1,7.11,0.031,447821
7924,2021-06-03,85,2,3,2,1997,6.12,2.14,0,1,7.2,0.128,545516
7925,2022-01-23,157,1,2,1,2000,2.66,21.32,2,0,5.81,0.16,553641
7926,2021-07-28,238,1,2,1,2010,4.9,12.77,2,1,8.6,0.824,931646
7927,2021-09-29,227,5,2,2,2018,7.9,17.03,2,1,8.57,0.401,1003939
7928,2021-05-23,145,1,2,2,2021,7.9,11.32,1,0,8.64,0.233,699491
7929,2022-09-03,69,3,1,1,2020,3.14,10.6,0,0,3.41,0.812,294228
7930,2023-06-08,213,5,3,2,2022,4.17,7.84,2,1,3.31,0.202,873358
7931,2023-03-31,146,1,3,2,1983,1.03,14.29,0,1,2.26,0.078,498079
7932,2021-03-10,192,2,1,1,2005,1.81,4.42,0,0,8.44,0.466,702857
7933,2021-09-04,111,3,1,2,2012,2.14,18.07,0,1,1.55,0.069,384530
7934,2021-09-18,291,4,2,2,2012,3.64,13.96,1,1,2.22,0.279,1036117
7935,2023-02-27,287,2,2,2,1999,7.83,21.26,1,0,9.34,0.7,1049536
7936,2021-03-20,180,2,3,2,2020,5.59,23.06,2,0,2.13,0.375,667197
7937,2022-10-20,142,1,1,1,1987,8.13,22.56,0,0,2.09,0.087,553088
7938,2022-09-15,140,5,3,1,2015,7.79,15.23,2,0,9.18,0.403,746393
7939,2023-02-09,182,5,1,1,1987,6.28,8.31,0,0,3.79,0.513,742568
7940,2022-08-28,172,3,2,1,2010,5.5,9.25,0,0,8.93,0.25,775138
7941,2022-06-09,167,1,3,1,2001,9.38,16.49,0,0,4.4,0.171,676923
7942,2023-02-11,247,5,3,2,2021,6.12,17.94,1,1,4.36,0.762,959915
7943,2022-09-13,331,4,1,2,1998,5.35,4.45,1,0,2.22,0.068,1280735
7944,2021-11-26,50,1,3,2,1999,8.82,24.95,0,0,9.27,0.957,307225
7945,2021-07-08,260,1,2,1,2002,1.64,3.13,2,1,7.86,0.008,971873
7946,2021-04-05,312,5,3,1,2003,6.9,15.37,2,0,3.03,0.651,1186112
7947,2022-09-09,261,2,1,1,2022,2.02,13.51,1,0,7.55,0.134,937609
7948,2021-01-08,136,1,3,2,2003,8.38,14.98,0,0,1.93,0.547,568749
7949,2021-03-08,202,2,2,2,2015,8.13,13.58,1,0,5.71,0.187,854855
7950,2022-05-11,236,3,1,2,1988,5.53,1.92,2,1,3.29,0.034,977066
7951,2021-07-10,110,3,1,1,2019,6.95,24.9,2,0,8.66,0.86,494019
7952,2022-01-01,334,5,2,1,1995,7.95,24.54,1,1,5.6,0.424,1278267
7953,2023-02-07,144,3,1,2,2006,5.35,13.35,0,1,9.29,0.275,682252
7954,2022-06-05,323,5,1,2,2016,9.15,5.6,1,0,6.27,0.947,1303899
7955,2021-04-27,90,5,3,2,1992,4.93,4.98,1,0,5.54,0.082,533735
7956,2021-09-24,196,2,1,1,1981,9.03,1.9,1,1,7.25,0.349,887848
7957,2022-09-03,295,2,3,1,1991,6.24,15.49,0,0,8.06,0.177,1141706
7958,2022-04-30,181,3,2,2,2020,4.84,12.22,0,0,1.14,0.991,681735
7959,2022-05-24,346,2,2,2,2012,1.04,10.7,2,1,5.7,0.546,1199727
7960,2021-10-25,172,1,2,1,2002,3.66,13.37,0,0,7.98,0.812,607366
7961,2021-06-13,192,4,2,2,1993,8.81,21.88,0,1,4.67,0.164,804579
7962,2022-01-11,231,1,1,2,2018,4.86,2.23,0,1,1.41,0.304,865803
7963,2022-10-15,241,1,1,1,2009,4.79,13.83,1,0,1.16,0.62,801354
7964,2021-09-25,256,5,3,2,2013,5.4,17.67,2,1,8.14,0.178,1086887
7965,2022-07-03,280,4,3,2,1988,3.58,24.28,2,1,2.78,0.5,983411
7966,2021-03-15,71,5,3,2,1994,5.42,18.62,1,0,2.57,0.932,365981
7967,2022-05-23,129,2,1,1,2003,4.38,13.93,2,1,3.61,0.93,514987
7968,2021-03-14,179,2,3,2,2020,9.18,19.29,1,1,1.92,0.355,751269
7969,2021-11-04,341,4,1,2,2004,6.08,24.93,1,1,1.48,0.516,1148814
7970,2021-07-18,325,3,2,1,2015,8.51,22.27,0,0,8.85,0.198,1255355
7971,2021-05-10,104,2,1,2,2011,7.18,2.68,0,0,3.73,0.979,539637
7972,2023-01-28,115,1,2,2,2000,2.91,14.58,0,0,6.24,0.52,420096
7973,2023-04-04,276,4,3,1,2021,8.81,19.77,2,0,8.72,0.206,1131457
7974,2022-07-26,75,4,1,2,2018,1.79,16.96,0,0,9.8,0.845,334174
7975,2023-03-02,302,2,3,2,1985,5.04,10.72,2,1,7.2,0.42,1174078
7976,2022-09-07,246,2,3,2,2004,3.15,8.4,0,1,9.55,0.636,969606
7977,2023-03-19,179,5,2,1,1981,5.84,15.86,0,1,4.81,0.844,728004
7978,2023-04-12,292,5,3,2,2010,3.7,10.6,2,0,8.11,0.309,1140157
7979,2022-05-02,261,1,1,1,2009,7.51,10.1,2,1,9.44,0.578,999176
7980,2023-05-03,239,4,3,1,1994,9.43,21.0,0,1,1.48,0.056,968485
7981,2021-05-31,339,3,2,1,1997,7.38,8.23,1,0,3.86,0.235,1282310
7982,2022-10-31,275,3,2,1,2011,4.2,16.3,2,0,7.66,0.139,986745
7983,2021-07-25,295,4,3,1,1993,6.4,21.9,2,0,3.84,0.644,1121178
7984,2021-06-28,105,1,2,1,1997,9.0,15.73,0,0,1.15,0.255,481331
7985,2021-07-16,104,5,3,1,2014,3.43,12.57,0,0,8.26,0.76,457822
7986,2023-01-05,325,5,2,2,2001,2.06,1.36,2,0,2.48,0.761,1188812
7987,2021-03-30,202,5,3,2,1993,2.18,17.2,0,0,3.89,0.784,755862
7988,2023-03-10,102,3,3,1,2017,5.45,24.94,1,1,9.2,0.133,513252
7989,2022-03-10,160,3,1,2,1993,7.59,20.31,2,1,2.88,0.526,671463
7990,2023-02-27,253,1,1,2,2013,6.92,16.04,1,1,9.05,0.679,944453
7991,2023-01-18,161,3,3,2,2001,5.09,11.99,2,1,4.8,0.323,685444
7992,2021-07-02,307,2,1,1,1995,7.56,6.0,1,0,9.26,0.26,1209169
7993,2021-07-28,65,3,1,2,1995,6.71,17.46,0,0,8.89,0.718,363551
7994,2022-05-08,215,5,2,1,1995,6.65,4.84,0,1,4.74,0.351,951928
7995,2021-05-10,329,1,1,1,2019,2.82,22.23,2,1,9.3,0.249,1135537
7996,2022-10-27,207,4,2,2,2017,3.81,9.17,2,1,6.69,0.563,824288
7997,2021-01-13,298,4,1,1,1997,4.1,10.3,1,0,5.28,0.62,1083140
7998,2022-09-26,230,1,1,1,2002,8.27,5.79,0,1,5.78,0.777,953259
7999,2023-05-21,240,2,3,1,2019,7.98,12.3,0,1,1.57,0.041,966803
8000,2023-01-02,188,4,1,2,1997,3.27,17.17,1,0,8.27,0.174,736611
8001,2021-04-16,127,5,3,2,2001,1.5,7.92,2,0,3.63,0.777,507833
8002,2022-01-10,99,4,3,2,2019,7.91,17.7,1,1,3.43,0.532,515291
8003,2022-08-05,134,4,3,1,2009,4.69,15.7,1,1,7.44,0.806,572122
8004,2022-12-08,232,5,3,2,2021,2.98,9.62,1,1,4.34,0.449,889484
8005,2022-11-29,232,3,1,2,2021,2.05,8.16,1,1,5.63,0.459,822327
8006,2021-04-09,53,2,3,2,1997,1.12,21.6,2,1,4.79,0.378,240560
8007,2022-08-17,160,5,1,1,1997,4.85,0.79,1,0,5.54,0.691,757646
8008,2022-08-10,300,5,1,1,2020,4.06,18.04,0,1,3.0,0.59,1033317
8009,2023-06-05,182,1,2,2,1980,7.27,10.72,2,1,8.96,0.393,790606
8010,2023-05-02,149,2,2,1,2021,9.79,18.08,1,0,6.49,0.188,688736
8011,2021-07-11,221,3,2,2,1994,2.86,12.93,1,1,3.1,0.002,840939
8012,2021-11-21,336,5,3,2,1984,3.19,2.55,0,0,1.82,0.091,1262144
8013,2022-12-27,168,3,1,1,2006,4.04,24.56,1,0,5.82,0.108,636288
8014,2023-04-07,224,5,1,1,1996,5.19,2.61,0,1,5.21,0.569,964421
8015,2022-04-12,79,5,3,1,2020,7.28,4.38,0,0,9.39,0.759,551321
8016,2023-06-13,104,1,2,1,2011,4.17,10.8,1,1,3.08,0.457,436606
8017,2022-01-02,245,4,2,1,2017,1.94,23.64,2,0,8.93,0.414,895649
8018,2021-11-14,90,2,1,1,2005,7.57,7.68,2,0,7.9,0.132,546431
8019,2021-05-24,222,1,1,2,1981,8.15,14.43,1,1,5.29,0.901,881314
8020,2022-01-19,268,3,1,2,2007,3.23,13.28,1,0,8.86,0.735,980643
8021,2021-08-04,257,5,2,1,2002,2.23,8.59,2,1,8.76,0.417,1034043
8022,2021-12-27,207,5,1,1,1999,5.75,17.56,1,1,7.43,0.097,853585
8023,2021-11-20,277,2,2,2,2015,2.87,12.79,1,1,1.91,0.846,925851
8024,2021-01-15,134,1,2,2,2021,4.37,14.67,0,1,2.44,0.17,502230
8025,2021-08-05,222,1,2,1,2001,8.0,5.65,2,1,6.32,0.673,984549
8026,2022-05-07,294,3,3,1,1990,2.98,23.2,0,1,3.21,0.34,971817
8027,2022-07-01,222,1,3,2,2007,8.26,3.21,2,0,5.96,0.86,964640
8028,2021-07-02,261,1,1,2,2001,7.07,17.41,0,0,6.05,0.587,987128
8029,2021-09-27,133,4,2,2,1996,2.98,22.2,2,0,6.28,0.227,529582
8030,2022-04-12,222,2,1,2,2010,5.74,2.56,2,1,6.13,0.013,930684
8031,2023-05-20,232,1,2,2,1990,6.53,1.2,0,0,4.41,0.212,948327
8032,2022-09-04,182,3,1,1,2015,2.8,8.66,1,0,2.89,0.365,661643
8033,2022-06-03,337,5,1,2,1993,2.3,19.85,2,0,5.67,0.708,1132665
8034,2022-06-26,311,1,3,1,2014,5.78,18.08,1,1,5.46,0.216,1158818
8035,2022-04-12,331,1,3,2,2002,7.24,20.64,1,1,3.48,0.262,1218277
8036,2021-11-01,342,5,3,1,2008,5.19,10.24,0,1,1.46,0.435,1259369
8037,2021-05-24,318,4,3,2,2002,1.63,24.85,1,1,2.85,0.043,1056121
8038,2021-04-21,246,2,2,1,2015,9.33,9.47,1,0,5.96,0.768,1015695
8039,2021-08-20,74,4,1,2,1995,7.25,20.23,2,0,5.82,0.079,415956
8040,2022-11-22,190,3,1,1,2018,6.59,9.09,2,0,2.2,0.737,741310
8041,2022-08-07,272,1,2,2,1999,6.79,5.85,2,0,6.45,0.268,1048803
8042,2022-12-23,69,4,2,1,2004,4.59,8.75,1,1,4.8,0.46,368483
8043,2023-01-02,296,2,1,1,1998,9.86,5.22,2,0,6.88,0.41,1197804
8044,2022-08-15,250,3,3,1,2005,2.19,3.66,2,0,8.99,0.253,972492
8045,2022-05-15,164,4,3,1,2011,7.65,9.42,2,0,3.78,0.256,770726
8046,2022-08-18,238,1,3,2,2000,4.79,4.1,0,1,4.13,0.949,883035
8047,2022-07-08,75,2,2,2,1988,8.93,12.81,1,0,7.09,0.305,452609
8048,2021-09-30,103,1,1,1,2022,7.46,1.37,0,0,9.54,0.183,552418
8049,2022-12-04,219,1,2,2,1998,6.06,11.07,0,1,5.38,0.25,831367
8050,2021-06-22,60,3,1,1,2000,9.44,23.97,0,0,2.52,0.695,287588
8051,2021-01-07,76,2,3,2,1997,9.21,9.29,2,0,9.42,0.309,533775
8052,2021-06-04,132,5,3,2,1985,1.47,3.87,0,1,5.23,0.172,616481
8053,2022-06-06,339,1,3,1,2014,2.73,7.98,1,0,5.15,0.414,1218335
8054,2022-06-30,87,2,1,2,1993,7.08,19.89,0,1,5.86,0.118,423625
8055,2022-07-02,136,1,3,1,1988,9.3,8.18,0,0,3.27,0.399,665997
8056,2022-06-02,205,4,1,2,2014,4.87,9.9,1,0,8.06,0.862,806305
8057,2021-08-03,335,4,2,2,1981,1.34,19.83,2,0,6.77,0.373,1157026
8058,2021-05-14,235,2,3,2,1985,6.79,6.88,0,0,9.59,0.514,967718
8059,2021-10-12,231,3,2,1,2014,2.75,12.22,1,0,2.83,0.789,812706
8060,2021-05-06,192,5,2,2,2004,5.97,2.05,0,1,6.57,0.516,856644
8061,2022-03-15,255,4,1,1,1988,4.46,4.76,0,0,5.65,0.047,987587
8062,2023-04-29,191,3,2,1,2010,6.02,5.63,2,0,9.05,0.215,860240
8063,2022-11-17,234,5,1,2,1986,9.39,11.86,1,0,1.27,0.894,980346
8064,2021-06-01,290,4,1,1,2007,5.37,20.61,0,1,7.85,0.802,1071997
8065,2021-11-27,57,5,2,2,1981,1.31,9.19,0,0,6.61,0.761,276105
8066,2022-06-22,121,1,1,1,1980,6.23,9.82,1,0,6.47,0.547,512964
8067,2022-01-18,337,2,1,2,2016,3.93,7.87,0,0,8.88,0.353,1209099
8068,2021-04-25,144,4,1,1,2003,8.0,8.35,2,0,6.31,0.694,708956
8069,2023-06-13,206,4,2,1,2014,5.23,10.39,1,0,7.44,0.663,848654
8070,2022-04-27,90,1,1,1,1986,7.67,22.54,2,0,6.81,0.643,420312
8071,2021-10-11,318,4,3,1,2017,9.18,1.1,1,0,1.63,0.504,1283935
8072,2023-06-18,204,4,2,2,2008,4.26,15.8,0,0,2.02,0.259,757530
8073,2021-03-16,324,4,2,2,1980,9.9,22.25,1,0,4.05,0.435,1240015
8074,2021-06-15,203,4,1,1,2009,2.35,10.72,1,0,7.08,0.512,791547
8075,2021-07-08,102,4,2,1,2011,6.8,16.45,1,1,1.24,0.216,518265
8076,2021-03-19,228,3,3,1,1989,1.31,14.85,0,1,7.95,0.23,854974
8077,2022-08-25,289,4,2,1,2013,2.92,8.8,0,1,2.83,0.792,1054268
8078,2022-11-19,186,1,2,2,1990,6.7,3.87,2,1,6.04,0.32,818013
8079,2021-01-21,304,4,2,2,2016,1.42,5.88,2,0,2.81,0.974,1044145
8080,2022-07-20,273,5,1,2,2006,1.92,1.91,0,1,2.58,0.436,1006618
8081,2021-07-03,229,5,3,1,1989,3.62,19.24,0,1,4.01,0.609,841085
8082,2023-05-21,231,1,3,2,2017,6.18,13.55,1,1,9.29,0.504,925508
8083,2021-08-10,308,3,3,2,2001,1.14,19.75,0,0,3.14,0.493,998983
8084,2023-04-07,292,1,2,1,2003,5.34,7.61,2,1,1.44,0.89,1044096
8085,2021-11-24,145,3,3,2,1987,6.63,20.21,0,1,8.94,0.093,656130
8086,2021-06-28,246,2,1,1,1985,4.62,8.08,2,1,4.95,0.346,937294
8087,2023-02-27,63,5,2,1,1983,1.61,3.47,0,0,6.59,0.286,379354
8088,2021-04-22,169,5,1,1,1984,6.5,13.58,0,0,8.97,0.326,740288
8089,2023-01-06,318,5,2,1,1985,6.45,23.66,1,1,7.8,0.913,1207884
8090,2022-12-27,220,3,1,1,2011,5.55,10.65,2,1,8.17,0.07,939128
8091,2021-02-28,121,1,2,1,2017,7.24,13.13,0,0,5.32,0.283,543642
8092,2021-11-23,228,3,1,1,1999,2.87,11.56,1,1,7.19,0.738,793736
8093,2022-09-13,219,5,3,2,2019,7.11,11.71,1,1,9.67,0.239,949367
8094,2023-06-16,208,5,2,2,2015,2.45,5.75,2,1,9.01,0.833,862850
8095,2022-10-31,203,5,2,1,1993,4.53,10.85,1,0,6.51,0.33,851907
8096,2021-07-10,131,5,1,2,1998,1.61,12.67,2,1,1.77,0.113,549912
8097,2021-07-19,106,2,1,2,1990,8.37,18.75,2,1,9.82,0.519,542363
8098,2021-11-08,56,5,1,2,2018,5.84,3.93,2,0,3.03,0.511,375894
8099,2022-12-09,161,3,2,1,1980,9.74,14.5,1,1,4.25,0.039,738841
8100,2021-02-04,97,5,1,2,2014,9.48,16.72,1,0,2.26,0.718,514996
8101,2022-01-14,129,4,3,1,1998,9.99,9.88,2,1,2.5,0.142,704159
8102,2022-01-22,82,2,1,1,2012,1.91,13.95,1,1,8.16,0.213,348229
8103,2023-01-28,164,5,1,1,2011,6.46,17.91,1,0,2.15,0.562,656784
8104,2021-08-25,52,4,1,1,2015,4.67,11.89,2,1,2.7,0.891,287123
8105,2022-09-08,53,3,3,1,2003,5.79,8.67,2,0,2.54,0.021,380424
8106,2022-06-03,309,2,1,1,2022,3.78,20.71,1,0,4.33,0.823,1008364
8107,2021-10-10,91,5,1,1,1986,1.43,24.73,2,0,7.25,0.754,334177
8108,2021-01-01,58,3,2,2,1986,7.37,5.81,2,1,6.79,0.162,472568
8109,2023-01-01,194,4,2,2,1984,9.69,22.29,0,1,7.52,0.373,846621
8110,2022-04-09,146,2,1,1,1993,5.79,13.86,2,1,7.54,0.906,600493
8111,2021-08-18,325,5,2,2,2005,3.97,11.47,0,1,1.03,0.146,1150858
8112,2021-06-21,191,3,1,2,1980,9.44,22.38,1,1,7.16,0.111,804280
8113,2021-03-28,327,2,1,1,1992,4.28,22.8,1,1,7.16,0.735,1102173
8114,2022-07-07,76,4,3,2,2002,9.23,7.18,0,0,1.56,0.471,502321
8115,2021-05-03,92,5,1,1,1999,8.7,9.28,0,0,4.84,0.284,526457
8116,2023-04-23,180,2,2,2,1986,5.76,21.37,0,0,1.71,0.172,642561
8117,2021-10-25,265,4,2,1,1985,7.09,12.53,0,1,2.72,0.722,998169
8118,2023-06-04,143,4,2,1,1988,7.3,7.56,0,0,5.41,0.44,681961
8119,2022-11-21,57,3,2,2,2007,6.77,24.07,0,0,1.11,0.239,272617
8120,2022-07-29,135,4,1,1,1989,2.45,5.82,0,1,1.85,0.943,521928
8121,2022-04-29,187,4,3,2,2014,7.23,15.45,1,1,1.76,0.561,810274
8122,2021-06-14,295,1,3,1,1986,1.03,10.98,0,0,2.12,0.353,965379
8123,2022-11-30,70,4,1,1,2004,7.39,11.56,0,0,1.45,0.72,376111
8124,2022-01-18,314,5,2,2,2009,5.99,3.1,1,0,6.51,0.496,1243566
8125,2021-07-28,197,2,3,2,2022,3.34,6.8,1,0,2.61,0.009,803777
8126,2023-01-09,233,5,3,2,2005,8.23,4.59,0,0,8.76,0.841,1060396
8127,2022-03-08,276,5,1,1,1991,4.65,18.87,0,1,8.96,0.066,1076531
8128,2022-01-24,341,3,2,2,1992,5.37,17.59,2,0,7.22,0.989,1242853
8129,2022-07-14,85,1,3,1,2019,1.25,19.96,0,1,1.58,0.35,275394
8130,2021-08-12,295,1,1,2,1983,4.61,17.63,2,1,9.02,0.525,1085968
8131,2021-01-03,122,5,3,2,1980,2.51,3.65,2,1,4.77,1.0,560531
8132,2022-01-07,199,2,3,2,1985,3.49,24.48,1,0,2.63,0.269,716416
8133,2022-11-18,50,1,2,2,1981,3.27,5.12,2,1,8.01,0.463,289450
8134,2022-03-22,118,1,2,2,2006,1.41,9.09,0,1,4.12,0.755,412734
8135,2022-09-03,342,5,3,1,1997,5.14,17.82,2,0,5.55,0.467,1300998
8136,2021-04-26,279,1,2,1,2021,5.7,3.94,1,1,7.69,0.334,1098534
8137,2021-09-27,260,3,3,2,2008,6.14,4.68,2,0,1.91,0.121,1054004
8138,2022-03-23,121,5,3,2,2012,5.16,21.98,2,0,2.53,0.513,500315
8139,2022-01-03,145,1,3,2,1982,8.83,8.63,2,0,9.72,0.552,738772
8140,2021-09-10,133,1,1,1,1999,1.34,16.81,2,0,7.42,0.233,461607
8141,2021-11-13,277,1,2,1,1983,6.52,21.54,2,1,3.08,0.334,1013833
8142,2022-02-19,348,5,2,2,1997,8.8,24.34,2,0,6.16,0.299,1332194
8143,2021-04-05,285,2,3,1,1987,1.37,5.65,2,1,2.69,0.427,977279
8144,2023-02-24,342,4,2,1,2001,5.47,3.51,1,1,8.79,0.798,1321174
8145,2023-06-11,271,1,3,2,2020,6.3,18.65,0,0,5.04,0.333,963491
8146,2021-01-24,272,4,2,1,2001,2.72,5.11,1,1,8.26,0.272,1094832
8147,2022-09-20,330,4,2,1,1998,3.27,14.71,2,0,9.75,0.84,1177171
8148,2022-10-25,270,1,3,1,2007,8.07,13.55,2,1,9.83,0.811,1087317
8149,2023-04-30,265,1,2,1,1981,6.11,14.22,1,1,2.24,0.793,988769
8150,2021-02-19,280,4,3,2,1988,3.84,16.42,2,0,9.5,0.743,1083432
8151,2022-05-17,218,2,1,1,2014,7.88,21.35,1,0,3.43,0.889,776667
8152,2022-12-19,91,4,3,1,2001,7.72,7.16,2,0,4.24,0.713,513756
8153,2022-05-13,307,2,2,1,2005,4.11,14.1,2,1,1.57,0.169,1063858
8154,2021-12-01,245,3,1,2,2013,5.4,8.75,0,1,6.81,0.033,981347
8155,2021-03-20,145,2,1,2,1986,6.98,8.31,2,1,6.8,0.182,676055
8156,2022-08-05,63,5,3,2,2009,4.09,1.0,0,0,7.99,0.365,451315
8157,2021-01-27,162,1,1,2,2004,6.66,15.19,0,0,9.52,0.053,692393
8158,2021-09-28,126,3,3,2,1988,3.26,24.33,1,0,4.85,0.757,450060
8159,2022-07-16,326,4,2,2,2006,3.63,19.15,0,0,4.67,0.641,1123393
8160,2023-03-15,209,2,3,2,1980,3.8,6.45,1,1,6.75,0.718,832301
8161,2021-09-04,168,3,1,1,2012,9.42,18.05,1,0,7.01,0.096,744562
8162,2023-02-15,210,5,3,1,1987,8.5,7.78,0,1,5.01,0.329,929108
8163,2022-08-14,195,2,3,1,2011,6.09,18.96,1,1,9.27,0.459,803154
8164,2022-01-22,212,4,2,1,2019,6.07,21.45,0,1,1.47,0.603,762027
8165,2022-12-03,228,4,3,2,1998,1.51,8.69,2,1,7.81,0.803,898042
8166,2022-07-13,138,2,2,1,2015,6.85,0.55,1,1,2.87,0.977,611595
8167,2021-12-27,272,5,1,1,2001,3.95,7.97,0,0,5.46,0.082,1035273
8168,2023-05-16,315,1,1,2,2018,6.51,5.54,0,1,8.66,0.642,1204859
8169,2022-05-03,288,1,3,1,2005,8.56,15.66,0,0,3.97,0.135,1121043
8170,2021-12-18,83,4,3,2,1982,1.41,7.61,0,1,9.1,0.3,425797
8171,2022-12-02,216,5,1,2,1988,6.46,1.38,2,1,5.06,0.772,946842
8172,2021-09-13,174,4,1,1,2014,6.08,13.52,1,0,7.32,0.994,729257
8173,2021-08-10,273,1,1,1,1986,2.86,21.93,0,1,7.5,0.526,921869
8174,2023-06-03,199,4,3,2,1994,6.82,11.56,1,1,3.35,0.353,854766
8175,2023-01-23,238,2,1,1,1983,5.99,9.72,0,1,9.11,0.214,996395
8176,2023-02-20,92,2,3,2,2016,7.91,4.87,1,1,2.12,0.783,494068
8177,2021-01-01,78,5,1,1,2007,2.0,9.99,0,0,6.31,0.904,381897
8178,2022-06-30,169,1,1,1,1988,4.99,8.61,0,1,9.36,0.849,700622
8179,2022-03-22,80,5,3,1,2014,9.98,24.88,2,1,1.28,0.51,466224
8180,2021-03-20,230,5,2,2,2004,7.2,1.25,1,1,5.78,0.589,1027679
8181,2021-08-24,211,1,3,2,1988,7.16,6.35,0,1,3.22,0.837,863900
8182,2021-11-30,177,3,2,1,2012,3.86,2.18,0,0,2.73,0.929,674728
8183,2023-06-08,304,3,3,1,1996,1.84,21.51,2,0,3.1,0.939,992304
8184,2021-12-15,343,4,2,2,1991,9.55,10.72,2,0,9.12,0.69,1384631
8185,2021-04-08,303,3,2,2,1988,1.95,20.01,2,1,4.83,0.192,1073390
8186,2021-03-23,179,2,2,2,1984,9.93,17.46,2,1,3.12,0.313,768653
8187,2022-05-17,61,5,3,2,2005,2.13,23.24,2,1,9.35,0.266,374067
8188,2022-04-22,84,4,3,1,1998,2.54,1.08,1,1,3.89,0.173,449337
8189,2022-12-05,247,5,3,2,2014,3.78,5.58,0,1,7.51,0.251,990879
8190,2023-02-04,297,1,2,2,1981,5.61,17.7,1,1,5.83,0.87,1033358
8191,2022-07-04,159,3,2,2,1986,8.11,14.84,2,1,7.11,0.77,709992
8192,2021-01-14,294,1,3,2,1988,9.74,17.52,0,0,2.64,0.044,1154157
8193,2022-01-27,299,4,3,1,2001,4.23,14.6,1,1,7.11,0.148,1115579
8194,2021-12-13,212,2,1,1,2021,1.18,14.74,2,1,9.15,0.985,747712
8195,2021-11-06,97,3,1,1,2012,6.55,23.35,1,0,1.91,0.226,427152
8196,2022-01-21,120,1,1,2,1995,7.4,23.07,1,0,3.94,0.634,517168
8197,2021-07-28,183,3,1,2,2022,4.58,1.43,2,0,9.75,0.206,820356
8198,2021-12-23,288,5,1,1,2003,2.65,10.63,0,0,3.03,0.234,1028600
8199,2022-08-24,117,2,3,1,1987,3.75,13.01,2,0,1.54,0.499,436926
8200,2022-07-22,327,3,2,2,2009,6.9,9.27,2,0,1.5,0.488,1209414
8201,2021-04-04,81,2,2,2,2005,5.45,1.71,1,0,3.48,0.646,470843
8202,2021-04-03,172,5,3,1,2014,7.69,12.07,0,0,5.45,0.168,814609
8203,2021-12-06,71,5,3,2,1996,2.96,24.4,2,0,3.42,0.263,335956
8204,2022-08-20,204,1,3,1,2017,8.58,2.27,0,0,3.53,0.624,883816
8205,2022-03-21,159,4,1,2,1989,2.4,20.51,1,1,8.48,0.097,640052
8206,2023-01-27,320,1,1,1,2020,3.97,5.29,2,0,7.9,0.909,1193461
8207,2021-01-22,349,2,1,2,1996,6.32,14.63,0,0,3.8,0.179,1229955
8208,2021-10-18,164,1,3,2,1986,7.63,9.98,0,0,4.1,0.438,712633
8209,2022-04-30,269,3,3,2,1981,3.4,9.05,1,1,9.73,0.109,1053932
8210,2023-02-23,279,1,2,1,1990,9.53,21.83,0,1,9.55,0.685,1043085
8211,2021-11-02,301,4,3,2,1982,7.36,24.35,0,0,9.76,0.327,1164707
8212,2022-09-26,298,4,1,2,1999,2.96,9.97,0,1,9.45,0.074,1131525
8213,2021-05-08,58,2,2,2,1992,7.53,16.19,2,0,6.65,0.593,359879
8214,2022-09-17,83,5,3,1,2002,7.27,14.13,2,0,3.77,0.981,449254
8215,2021-09-30,277,4,2,2,1996,7.77,2.38,1,0,9.73,0.871,1177369
8216,2023-04-28,122,2,2,1,2008,9.24,1.51,1,0,7.69,0.703,679209
8217,2022-03-18,261,4,3,2,2022,7.41,19.45,2,1,7.4,0.013,1115466
8218,2022-05-18,121,4,1,1,2018,4.17,10.17,0,0,8.18,0.86,541674
8219,2021-05-10,107,5,1,1,2011,8.11,8.04,2,0,6.39,0.897,600775
8220,2021-05-12,269,3,2,2,2014,7.26,24.65,1,0,6.25,0.038,999497
8221,2022-08-20,324,2,3,1,2014,6.17,2.59,1,0,4.25,0.122,1235526
8222,2022-04-27,298,4,3,2,2013,4.18,7.09,2,1,2.36,0.451,1109333
8223,2023-05-12,65,4,1,2,2000,9.29,21.49,1,1,4.95,0.402,400896
8224,2022-01-25,124,1,3,2,1995,5.61,10.67,1,0,5.66,0.294,555035
8225,2022-08-16,155,3,3,2,2002,6.65,14.81,1,1,8.9,0.198,732443
8226,2021-11-21,185,5,2,1,1990,4.74,1.69,1,0,4.61,0.549,788521
8227,2021-03-10,123,2,3,1,1993,8.03,23.05,1,1,8.95,0.771,529833
8228,2022-10-22,303,4,3,1,1982,4.07,3.85,0,1,3.86,0.937,1128616
8229,2022-03-24,67,2,3,1,1986,8.3,5.73,2,0,9.5,0.301,525956
8230,2022-06-12,92,5,1,1,2019,1.97,4.34,1,1,1.35,0.703,395601
8231,2023-03-30,99,3,1,2,1990,7.38,12.69,1,1,5.73,0.788,496515
8232,2022-09-09,52,1,2,2,2012,5.29,20.51,1,1,3.89,0.478,212659
8233,2021-06-14,281,3,1,1,1998,7.29,7.04,2,0,3.65,0.921,1081297
8234,2022-05-03,268,1,1,1,2020,5.78,3.99,2,0,1.71,0.023,1018908
8235,2022-12-14,108,2,1,2,2002,2.21,10.54,2,1,7.13,0.9,423870
8236,2022-12-10,333,3,1,1,2002,5.29,24.55,1,0,4.53,0.893,1137988
8237,2022-03-02,113,3,2,1,2008,9.68,0.77,1,1,9.54,0.137,744706
8238,2022-11-28,119,3,3,1,1985,7.79,12.85,2,0,7.41,0.439,660796
8239,2023-04-14,191,5,3,1,2018,3.7,16.9,0,0,4.99,0.516,717433
8240,2021-09-22,251,2,3,2,1984,9.5,20.26,0,0,6.65,0.402,1007396
8241,2023-05-25,256,1,2,2,2011,8.01,18.78,2,1,1.59,0.896,907217
8242,2022-09-04,270,3,1,1,2019,4.28,2.32,1,0,6.3,0.713,1043268
8243,2021-12-08,295,2,2,2,2005,6.43,11.82,1,0,7.0,0.124,1143223
8244,2023-04-12,130,5,2,1,1993,4.84,2.43,0,0,1.96,0.927,541664
8245,2022-12-27,300,5,2,2,1997,1.87,15.69,1,0,7.14,0.046,1093813
8246,2021-10-05,100,2,3,1,2000,8.25,2.39,2,0,5.27,0.596,574657
8247,2022-11-05,334,1,1,2,2004,2.72,1.69,1,0,5.32,0.523,1153008
8248,2022-03-15,253,2,3,2,1999,5.12,8.0,1,0,7.51,0.072,1004869
8249,2021-06-06,74,2,2,2,2003,7.32,23.5,2,1,5.05,0.696,406547
8250,2022-02-26,90,4,2,1,1982,9.39,17.89,0,1,3.11,0.963,483287
8251,2021-09-08,118,5,3,2,2001,1.56,0.6,2,0,3.68,0.458,531059
8252,2023-05-28,53,1,3,2,1987,4.54,7.48,1,0,7.65,0.514,323663
8253,2022-09-01,289,4,3,1,2008,6.53,0.93,2,0,1.64,0.384,1123442
8254,2022-06-14,80,2,1,1,1986,8.01,7.71,2,0,8.57,0.875,456172
8255,2021-11-23,166,5,3,1,1985,9.29,17.29,0,1,6.24,0.928,806273
8256,2023-06-14,244,4,1,1,1985,1.0,19.11,0,0,7.54,0.397,847567
8257,2021-04-07,139,4,1,1,1991,6.65,20.2,1,0,4.09,0.891,566991
8258,2022-05-28,227,1,3,2,2001,1.06,22.79,2,0,3.0,0.204,727290
8259,2021-08-04,194,2,2,1,2005,8.09,9.46,1,0,8.24,0.458,881475
8260,2021-05-12,251,1,2,1,2004,2.35,21.63,2,1,1.92,0.252,822656
8261,2021-09-17,252,4,1,2,1998,9.05,18.33,2,1,2.49,0.224,1003533
8262,2021-05-05,73,4,1,1,2015,2.4,13.68,0,1,3.56,0.857,293129
8263,2021-03-23,154,1,1,1,2014,7.88,23.89,2,0,4.16,0.714,577595
8264,2021-10-10,324,4,2,2,1992,3.6,23.72,0,0,2.83,0.067,1091492
8265,2022-11-14,109,3,1,2,2004,6.02,22.49,2,0,9.21,0.757,516289
8266,2021-02-28,64,5,1,1,2011,6.48,5.45,1,0,1.24,0.573,369252
8267,2022-06-28,134,2,2,1,2009,2.86,5.59,1,0,8.23,0.787,552538
8268,2021-06-10,246,5,3,2,2000,3.69,22.57,2,0,4.7,0.593,857233
8269,2021-10-11,284,2,2,1,2021,1.97,10.25,0,0,8.53,0.377,1032858
8270,2021-04-16,312,4,3,2,2019,1.05,20.04,0,1,8.16,0.495,1087690
8271,2021-04-15,55,1,3,2,1987,3.16,17.33,0,0,2.09,0.142,251448
8272,2022-03-15,338,1,1,2,2020,5.64,19.18,2,0,7.0,0.311,1179266
8273,2021-08-16,107,4,1,1,2021,7.42,1.14,1,1,4.41,0.022,600016
8274,2022-12-01,194,2,3,1,1986,8.14,11.03,0,1,8.39,0.406,842423
8275,2022-08-05,91,4,1,1,1982,1.63,21.5,1,1,8.66,0.091,391713
8276,2021-11-14,249,2,3,2,2016,3.45,12.5,0,1,2.7,0.661,872156
8277,2022-04-09,223,4,1,1,1982,7.93,17.41,2,1,5.31,0.913,902422
8278,2023-03-13,144,4,2,1,1997,5.33,19.02,2,1,6.35,0.741,603328
8279,2022-08-22,266,4,3,2,2021,2.64,3.46,0,1,5.9,0.207,1068298
8280,2023-06-01,160,1,3,1,1988,4.53,4.32,1,0,3.27,0.507,674449
8281,2023-05-24,229,2,1,1,2003,3.43,18.25,0,1,3.45,0.712,768441
8282,2022-04-17,212,4,2,2,1986,1.46,1.84,0,0,8.72,0.806,849705
8283,2021-02-25,168,5,1,2,2012,7.87,8.88,0,1,1.29,0.283,747242
8284,2022-09-17,277,5,2,2,2004,3.63,22.99,1,0,3.36,0.477,961294
8285,2021-01-13,194,1,1,1,2021,9.51,14.57,0,1,3.01,0.104,756796
8286,2022-03-16,191,3,3,1,2013,8.99,22.81,0,1,4.34,0.726,790109
8287,2021-01-18,171,1,2,1,2017,7.45,8.08,2,0,7.17,0.435,758387
8288,2022-11-25,334,3,2,2,2000,3.94,16.1,1,0,5.79,0.042,1212133
8289,2021-04-23,275,1,1,1,2017,3.52,7.53,2,0,5.87,0.529,1001704
8290,2021-08-17,306,5,2,1,2019,5.28,3.22,2,1,7.58,0.791,1217305
8291,2021-06-20,334,4,1,1,1997,4.19,24.77,0,1,8.31,0.044,1181936
8292,2021-10-22,214,2,2,2,2018,9.11,4.82,0,1,2.44,0.403,905179
8293,2021-07-08,270,4,1,1,2012,2.11,5.12,0,1,1.97,0.482,983943
8294,2022-03-02,118,5,1,2,2007,7.52,21.13,2,1,3.71,1.0,562208
8295,2021-03-20,273,2,1,1,2004,6.5,20.15,1,0,8.45,0.219,1036110
8296,2022-10-20,173,3,3,2,1993,8.26,24.46,1,0,5.88,0.819,745371
8297,2021-07-01,61,3,2,2,1999,5.88,2.26,2,1,2.29,0.146,423748
8298,2022-05-14,101,5,3,1,2018,6.67,2.81,2,1,2.47,0.964,545729
8299,2023-03-09,178,2,3,1,1999,9.66,11.49,1,1,9.08,0.307,833037
8300,2023-02-01,184,4,3,2,1986,1.83,15.0,0,0,4.3,0.146,660861
8301,2023-05-16,194,5,3,2,1983,1.94,1.43,1,0,3.3,0.382,776799
8302,2023-04-06,176,3,2,1,2010,4.54,4.38,2,0,7.24,0.015,768111
8303,2022-12-09,275,5,2,2,2009,5.25,17.73,0,0,8.75,0.109,1070826
8304,2023-04-15,120,4,3,2,2016,2.8,16.88,0,0,4.98,0.496,472967
8305,2021-03-12,322,1,2,2,2000,1.74,2.7,1,0,8.12,0.941,1135633
8306,2021-09-05,236,1,2,1,1980,1.2,23.33,0,1,4.87,0.445,788411
8307,2021-05-26,52,4,1,2,1982,7.88,6.74,2,0,7.22,0.66,434398
8308,2022-09-10,334,2,2,1,1992,5.37,22.24,1,0,6.17,0.707,1159640
8309,2023-02-14,71,5,3,1,1986,8.59,23.11,2,1,9.05,0.037,523657
8310,2021-10-23,215,4,2,1,1985,4.25,12.51,2,1,3.93,0.322,828803
8311,2022-08-05,295,1,3,2,1985,7.33,10.59,2,0,7.93,0.997,1119149
8312,2022-04-15,283,3,2,2,2013,5.4,7.31,1,1,7.16,0.007,1148535
8313,2022-05-21,207,4,3,2,2011,6.51,20.28,2,0,8.55,0.47,861341
8314,2021-07-12,200,4,2,1,1995,4.33,5.32,2,1,6.47,0.837,839203
8315,2021-03-09,262,4,2,1,2017,1.73,15.74,0,0,5.14,0.288,890183
8316,2022-05-09,267,1,2,1,1987,9.53,14.39,0,1,1.45,0.997,987742
8317,2023-03-28,295,1,3,1,2000,8.52,6.6,2,1,8.56,0.486,1209809
8318,2021-02-21,325,4,1,1,1990,3.81,24.58,0,1,9.19,0.914,1113830
8319,2023-06-01,200,4,3,1,2002,9.63,21.23,1,0,5.05,0.528,897679
8320,2021-12-29,245,2,2,1,1985,3.7,1.0,0,0,3.0,0.398,960497
8321,2023-03-08,70,3,3,1,1994,4.99,10.85,1,0,6.82,0.71,414296
8322,2022-04-19,306,5,2,2,1990,7.8,9.29,1,1,2.1,0.958,1190260
8323,2023-04-26,66,5,2,2,2006,3.78,22.13,0,0,1.37,0.376,260695
8324,2022-06-05,100,5,1,2,1994,3.92,6.98,0,1,3.61,0.865,439697
8325,2023-02-02,319,1,2,2,2017,4.69,24.96,1,1,7.12,0.66,1093312
8326,2022-03-07,132,1,2,1,1983,5.22,5.4,2,1,8.33,0.379,652085
8327,2023-04-24,173,2,2,2,1993,2.11,6.48,2,0,2.41,0.055,668451
8328,2021-10-25,339,1,1,1,1989,1.16,16.82,2,0,9.52,0.311,1142178
8329,2022-03-11,311,4,3,2,2008,9.27,4.45,2,0,5.97,0.831,1304198
8330,2022-11-27,98,3,1,1,1991,4.18,22.28,0,0,9.33,0.095,422591
8331,2022-11-22,55,3,3,2,2019,1.92,3.19,0,0,2.35,0.572,272165
8332,2021-07-17,166,3,2,2,1999,7.83,24.59,1,1,5.12,0.512,659176
8333,2021-05-08,167,3,3,2,2016,3.66,21.93,1,1,4.88,0.662,609803
8334,2022-06-16,312,5,3,1,1981,2.63,21.07,2,0,4.71,0.939,1083550
8335,2022-02-15,178,5,3,2,1999,9.66,10.48,1,0,9.38,0.752,875405
8336,2023-04-20,220,4,3,2,1991,9.28,13.08,0,1,8.64,0.511,966655
8337,2021-03-06,76,2,2,2,2017,1.95,11.68,2,0,8.15,0.83,336242
8338,2022-11-25,248,1,1,2,2009,9.09,24.69,2,0,3.58,0.702,905163
8339,2021-08-29,146,1,3,2,1997,9.02,1.35,2,0,4.05,0.896,701077
8340,2022-01-04,66,5,2,1,1989,6.71,9.85,1,1,3.33,0.724,415719
8341,2022-06-20,222,3,2,1,1986,5.77,24.23,2,0,8.14,0.753,782175
8342,2022-01-19,150,4,2,2,2021,2.96,9.55,0,0,4.54,0.084,627785
8343,2022-03-07,235,2,2,1,1984,2.09,10.26,2,0,9.81,0.004,906395
8344,2021-03-24,233,5,3,2,2008,6.46,15.97,1,0,4.28,0.956,942537
8345,2023-04-11,264,4,1,2,2014,8.4,22.73,1,0,2.53,0.252,987580
8346,2022-11-28,300,4,2,2,2018,7.2,7.72,2,0,9.37,0.165,1257807
8347,2023-04-08,265,5,1,2,1991,2.63,23.72,2,0,8.04,0.159,974568
8348,2022-09-03,78,4,1,1,1989,3.61,7.42,1,0,6.25,0.738,391923
8349,2022-07-28,151,3,1,2,2016,5.92,20.48,0,1,8.73,0.046,651816
8350,2021-10-13,172,4,2,2,1981,6.62,7.26,0,1,9.55,0.661,804862
8351,2022-06-18,103,2,2,1,1982,1.65,2.29,2,1,8.75,0.571,457079
8352,2022-04-04,332,4,2,2,1993,6.53,20.4,2,1,9.14,0.147,1287119
8353,2021-07-31,151,1,1,2,1999,7.63,11.53,2,1,3.44,0.135,639882
8354,2021-05-06,166,4,2,1,1983,2.63,10.07,1,0,5.6,0.133,653363
8355,2022-02-17,153,5,2,1,2005,3.22,11.03,1,0,8.16,0.26,679375
8356,2022-05-14,94,1,1,2,1994,3.33,15.48,2,1,5.73,0.642,396751
8357,2022-03-01,163,5,2,2,1988,9.46,6.94,1,0,6.78,0.207,851455
8358,2022-07-08,80,2,3,2,1982,4.66,6.31,1,1,9.31,0.66,472681
8359,2022-09-02,213,3,3,1,1981,5.78,12.34,0,1,3.66,0.972,829311
8360,2022-06-27,238,2,3,2,2018,7.52,1.37,1,1,5.85,0.862,1026694
8361,2021-06-07,342,1,3,2,2020,4.34,16.25,2,0,6.07,0.798,1223343
8362,2021-04-22,244,3,1,2,2009,1.95,20.66,0,0,4.24,0.949,762162
8363,2022-02-06,341,4,2,2,2016,6.89,18.32,1,0,4.31,0.612,1232830
8364,2023-01-29,310,1,3,1,1996,7.01,12.0,0,0,7.92,0.769,1178342
8365,2021-05-02,256,3,3,1,1982,3.34,14.35,1,1,9.37,0.774,934519
8366,2021-09-30,101,5,2,2,1988,1.32,1.14,1,0,6.7,0.975,470221
8367,2021-10-21,98,3,1,1,1987,6.99,22.85,0,1,5.39,0.647,436001
8368,2022-02-02,55,5,3,2,1988,7.33,14.17,1,0,7.75,0.273,418725
8369,2022-04-16,273,5,2,1,1996,1.23,8.25,2,1,9.98,0.196,1027578
8370,2021-07-26,72,3,2,1,2003,7.24,7.69,1,1,1.74,0.307,456838
8371,2021-04-20,194,2,3,1,1987,9.45,16.66,0,1,6.86,0.762,823767
8372,2022-03-16,159,2,3,2,1993,2.61,14.82,0,1,6.0,0.657,581519
8373,2021-10-05,261,5,2,2,1995,5.69,5.1,1,1,6.49,0.219,1118716
8374,2022-07-22,349,1,2,1,1997,7.27,10.54,2,0,1.21,0.86,1181922
8375,2023-06-06,90,3,3,2,2003,3.07,17.07,1,1,9.6,0.981,442434
8376,2022-07-23,221,1,3,1,2018,7.76,7.79,1,0,1.77,0.757,912623
8377,2022-04-27,235,2,3,2,2006,8.81,12.98,1,0,3.77,0.062,950960
8378,2023-03-14,263,1,3,1,2007,8.33,6.74,1,0,3.68,0.628,1031714
8379,2021-04-24,101,4,1,1,1986,3.33,2.26,2,1,7.6,0.938,519144
8380,2023-06-12,119,4,2,2,2013,8.24,10.01,1,0,7.04,0.313,643402
8381,2023-06-16,245,2,3,2,2006,4.72,18.44,2,0,1.56,0.585,878534
8382,2023-03-31,200,1,2,1,2013,3.4,5.74,1,1,2.35,0.227,760326
8383,2023-05-03,158,3,3,2,2018,2.51,18.99,2,1,3.87,0.881,586048
8384,2022-04-22,167,2,1,1,1998,9.18,16.9,1,1,7.34,0.87,795534
8385,2022-12-11,144,4,2,1,1985,4.84,12.93,0,0,9.36,0.364,614746
8386,2021-11-17,305,2,1,2,2009,8.79,24.3,1,0,3.84,0.35,1127708
8387,2021-06-28,93,1,2,2,2007,2.44,22.14,1,1,5.73,0.0,375855
8388,2023-06-16,116,1,1,2,1991,7.9,14.3,0,1,4.35,0.317,501210
8389,2021-08-07,205,1,3,2,1994,1.99,14.17,0,1,6.2,0.781,696534
8390,2023-02-28,255,5,3,1,2018,1.16,7.31,1,0,6.65,0.029,990381
8391,2022-06-12,323,1,1,1,2018,9.96,23.04,2,0,5.66,0.203,1178424
8392,2022-05-07,204,4,3,1,1994,1.66,22.45,0,0,4.5,0.73,668761
8393,2023-06-10,228,4,1,2,2015,5.15,18.68,0,1,8.92,0.648,882344
8394,2021-03-02,109,5,1,2,1982,8.91,3.63,0,0,8.22,0.987,616676
8395,2021-02-23,123,4,2,1,1980,8.37,17.74,0,0,9.99,0.391,626018
8396,2022-11-11,98,4,1,2,1986,5.24,6.7,0,1,4.71,0.133,488628
8397,2022-06-22,320,2,2,2,1988,6.5,5.13,0,0,1.35,0.665,1149053
8398,2023-04-28,122,1,1,2,1980,6.67,19.1,1,0,6.86,0.079,531310
8399,2021-03-06,245,2,2,1,1984,1.99,24.01,1,0,8.05,0.117,831496
8400,2022-09-04,228,2,2,1,2015,3.56,3.17,0,0,9.43,0.568,903567
8401,2022-08-09,97,4,3,2,1989,3.71,4.52,2,1,1.09,0.472,491013
8402,2022-12-05,121,3,2,1,1981,4.4,5.87,2,1,8.92,0.264,616246
8403,2021-06-20,162,1,2,1,2002,3.47,24.09,2,1,5.65,0.478,559377
8404,2021-09-30,294,3,1,1,2018,3.26,17.56,1,1,4.37,0.868,982200
8405,2023-06-08,208,4,2,1,2008,4.19,17.12,1,0,3.0,0.725,762779
8406,2022-11-30,323,5,3,1,1998,4.41,12.87,1,1,8.33,0.455,1285107
8407,2022-06-19,317,2,1,2,2017,5.39,13.67,1,1,4.27,0.311,1159449
8408,2022-01-26,79,4,2,1,1999,2.56,7.61,0,1,6.44,0.582,366529
8409,2022-11-24,146,4,1,2,1991,8.1,4.29,0,1,5.61,0.003,701628
8410,2021-11-23,300,3,1,2,1990,8.75,19.62,2,0,3.37,0.733,1096207
8411,2021-04-18,56,5,1,1,2014,3.23,12.03,2,0,8.09,0.802,296634
8412,2023-04-27,141,2,1,1,1986,2.11,6.77,0,0,3.68,0.122,504094
8413,2021-06-11,162,5,1,1,2002,7.5,16.0,2,0,8.09,0.403,700579
8414,2023-03-25,308,5,2,1,1996,9.32,5.63,1,1,4.69,0.145,1303922
8415,2022-03-28,156,5,1,2,1981,1.32,12.48,2,1,1.27,0.949,528504
8416,2021-07-25,112,1,1,2,1984,1.13,5.16,1,1,7.91,0.826,416987
8417,2022-08-13,320,5,3,2,2000,2.65,19.11,2,1,9.09,0.02,1188188
8418,2021-01-16,248,4,3,1,1992,7.16,8.36,1,0,2.08,0.97,966068
8419,2021-11-23,195,1,1,2,1990,9.68,11.32,2,0,6.27,0.142,849502
8420,2022-08-31,110,1,2,2,2003,7.75,18.99,1,1,1.65,0.084,454529
8421,2022-10-21,169,5,3,1,2012,6.16,16.66,0,0,8.47,0.033,786309
8422,2021-01-02,110,4,3,1,2006,7.3,10.29,0,1,9.89,0.791,617500
8423,2021-01-10,75,2,1,1,2014,3.08,2.24,1,1,5.45,0.925,372726
8424,2022-03-10,164,5,2,2,1997,7.2,23.08,0,1,3.82,0.096,686140
8425,2021-05-05,89,1,2,1,2000,3.89,0.69,2,0,8.61,0.983,473809
8426,2021-03-22,165,2,3,2,1983,3.0,18.5,0,0,5.69,0.316,609842
8427,2022-04-30,185,2,3,1,2020,3.13,23.66,1,1,5.04,0.679,644307
8428,2022-10-14,326,1,3,2,2011,7.01,8.01,0,0,3.05,0.986,1202324
8429,2023-04-18,348,2,3,2,2022,7.91,2.35,2,1,6.54,0.008,1379180
8430,2021-05-30,70,4,3,1,1990,6.24,6.61,1,0,6.46,0.547,459890
8431,2023-03-11,80,4,1,2,1982,1.57,8.18,0,1,3.37,0.656,321202
8432,2023-05-23,296,5,1,1,2000,1.34,11.56,0,1,2.9,0.371,1011932
8433,2021-12-06,76,5,1,1,2022,2.95,13.37,0,0,4.95,0.11,378483
8434,2021-05-09,122,2,3,1,1993,3.58,18.27,2,0,5.06,0.621,500786
8435,2022-03-14,146,1,1,2,1985,4.64,22.57,0,1,2.16,0.047,529158
8436,2023-01-21,210,4,3,2,2008,1.68,11.89,2,1,3.48,0.923,764685
8437,2022-05-16,349,3,2,2,2010,7.53,18.79,1,1,2.44,0.462,1259454
8438,2021-02-27,348,5,2,1,2007,7.4,3.62,2,0,9.11,0.91,1428907
8439,2021-07-17,336,4,1,2,2022,4.12,8.56,0,0,1.67,0.837,1148712
8440,2021-07-30,261,2,2,2,2015,6.07,3.39,1,1,8.91,0.004,1127620
8441,2021-02-14,125,4,2,1,2007,1.91,17.45,0,0,5.75,0.459,460619
8442,2021-04-07,192,4,2,1,1998,4.74,22.74,0,0,6.99,0.888,705896
8443,2021-10-06,83,2,1,1,1982,8.72,22.28,2,1,9.31,0.372,456845
8444,2022-06-19,53,5,2,1,1991,6.95,8.5,0,1,4.29,0.323,403488
8445,2022-02-14,147,5,1,1,2015,1.94,6.24,2,1,7.32,0.686,613224
8446,2022-04-06,266,3,3,1,2003,8.63,7.21,1,1,7.05,0.705,1116550
8447,2022-01-26,77,3,3,1,1991,7.13,7.54,1,1,9.9,0.643,518752
8448,2023-04-27,250,5,1,2,2003,5.08,2.52,1,0,1.41,0.363,980042
8449,2021-02-13,322,5,1,1,1980,7.23,3.77,0,1,5.1,0.064,1248705
8450,2021-01-27,176,5,2,1,2007,2.56,5.75,2,0,9.91,0.923,802399
8451,2023-03-05,251,5,3,1,1995,5.95,0.7,0,1,3.95,0.317,1096202
8452,2021-04-07,58,4,2,1,2000,6.56,1.66,0,1,9.69,0.796,436568
8453,2022-07-02,336,3,3,1,2009,9.35,17.61,2,0,8.35,0.352,1319788
8454,2022-09-13,137,2,2,2,2013,1.6,15.67,0,0,4.05,0.495,459267
8455,2022-07-21,68,1,2,1,2005,4.37,23.66,1,0,1.26,0.374,243374
8456,2022-12-05,130,2,3,2,2014,9.43,10.34,2,0,3.52,0.081,672785
8457,2021-08-07,156,1,2,2,2010,2.95,11.39,1,1,2.11,0.329,544103
8458,2021-07-04,279,4,3,1,1995,8.32,2.16,0,0,4.86,0.956,1196749
8459,2021-03-10,161,3,1,1,2021,1.01,4.23,0,0,9.46,0.11,644058
8460,2023-04-09,269,1,2,1,2008,1.23,17.44,1,0,5.61,0.556,909548
8461,2021-05-10,172,5,3,2,2008,3.95,6.26,0,0,5.03,0.968,703568
8462,2022-07-21,293,4,3,1,1988,7.92,19.45,0,0,2.94,0.021,1141505
8463,2023-06-09,227,1,2,2,1993,1.94,17.79,2,1,6.59,0.069,807313
8464,2022-09-01,114,5,3,2,1987,4.45,18.81,2,0,5.1,0.909,479177
8465,2023-04-28,52,4,2,1,1981,2.18,17.42,1,0,7.95,0.736,268763
8466,2022-08-22,256,1,2,1,1990,3.01,17.84,0,0,5.65,0.545,861914
8467,2023-03-17,70,5,1,2,1981,5.53,13.9,1,0,8.98,0.537,437882
8468,2022-09-23,342,3,1,2,1997,3.87,17.12,0,1,8.05,0.975,1173135
8469,2022-12-21,64,4,1,1,1984,2.91,13.39,2,1,2.31,0.021,314322
8470,2021-11-30,255,1,2,1,1986,4.54,5.55,2,1,2.22,0.27,971407
8471,2021-06-03,251,5,2,2,2002,7.31,5.83,0,0,1.22,0.317,980994
8472,2022-07-01,169,3,3,2,1998,2.07,10.43,2,1,4.32,0.119,650085
8473,2021-03-20,186,5,1,1,1998,5.32,0.84,2,1,1.49,0.357,812335
8474,2022-08-02,349,3,1,2,1998,3.47,22.29,0,1,5.05,0.37,1178000
8475,2023-05-05,344,1,3,1,2019,4.41,7.07,2,0,3.17,0.959,1208908
8476,2022-02-17,74,5,1,1,2007,8.39,1.76,0,0,5.48,0.442,530406
8477,2022-06-30,283,5,1,1,1990,9.37,10.9,1,1,2.42,0.935,1127874
8478,2022-09-01,170,2,1,2,1990,3.19,20.48,0,1,5.94,0.81,600912
8479,2021-06-18,139,4,3,2,1988,6.67,10.24,1,0,9.7,0.737,695289
8480,2022-11-12,249,5,1,2,1993,7.09,6.94,0,0,6.74,0.331,1015962
8481,2022-10-25,229,3,2,1,2013,8.58,13.85,0,0,6.08,0.427,945024
8482,2022-08-06,125,4,1,1,2008,9.09,14.57,0,0,8.09,0.045,650391
8483,2022-05-30,186,1,2,1,2000,5.21,19.1,0,1,1.05,0.377,635848
8484,2021-11-10,187,4,1,2,1984,9.84,20.09,0,1,3.54,0.87,745464
8485,2021-02-01,59,2,2,1,2012,9.74,17.8,1,1,9.88,0.781,402682
8486,2021-10-14,250,1,1,1,1988,5.56,0.61,2,1,8.04,0.808,986232
8487,2022-08-17,268,5,2,1,1982,5.88,0.55,0,1,1.81,0.222,1112035
8488,2021-02-12,109,1,2,2,1993,7.01,24.45,1,1,3.94,0.21,446313
8489,2022-09-09,196,1,1,2,1997,4.36,6.97,1,0,4.96,0.663,757112
8490,2021-01-01,156,2,3,2,1991,6.96,7.42,0,1,9.41,0.651,717505
8491,2022-07-27,87,3,1,2,2002,5.63,18.44,0,1,6.28,0.195,402400
8492,2021-09-27,183,1,3,2,1993,1.32,14.75,0,0,1.7,0.72,564503
8493,2021-06-29,270,3,3,2,1995,8.67,11.86,1,1,5.58,0.376,1108453
8494,2023-01-06,182,4,3,2,2016,9.46,3.35,0,0,3.6,0.887,852576
8495,2022-06-02,102,2,3,1,1999,1.24,2.5,0,1,4.05,0.364,451124
8496,2021-04-13,111,5,3,1,1999,8.1,17.74,2,1,2.03,0.23,601683
8497,2021-01-10,72,1,3,1,1994,4.47,3.55,1,0,5.13,0.196,355393
8498,2022-08-06,93,3,1,1,2020,6.27,11.18,0,0,7.03,0.898,491931
8499,2021-03-31,95,1,2,2,2004,5.5,18.54,1,0,7.84,0.86,383242
8500,2021-08-14,196,2,2,2,1996,5.96,23.12,0,1,7.26,0.426,747104
8501,2022-11-01,265,5,1,1,1991,5.46,21.9,0,1,6.94,0.241,1018733
8502,2023-01-10,96,4,1,1,2021,8.68,21.67,1,0,8.82,0.285,533274
8503,2021-05-06,73,4,1,2,2018,7.15,9.28,1,0,3.99,0.385,453119
8504,2021-07-28,194,3,3,2,1986,4.71,23.22,1,1,2.93,0.044,744866
8505,2021-04-07,138,4,3,2,1987,7.2,17.25,1,0,1.8,0.067,625210
8506,2021-03-15,223,3,2,1,2003,9.69,22.22,2,0,2.49,0.927,881633
8507,2022-09-19,113,5,1,2,2004,1.72,2.68,1,0,2.34,0.766,443261
8508,2021-07-10,168,1,2,1,2000,4.49,1.47,0,0,9.21,0.814,695178
8509,2022-11-13,272,2,2,2,2012,8.83,11.03,0,0,2.62,0.479,1030793
8510,2023-03-30,205,5,3,2,1989,7.65,20.79,1,1,1.85,0.365,790692
8511,2022-12-17,227,5,3,1,2001,9.41,10.51,1,1,4.6,0.092,1011988
8512,2021-02-25,105,4,2,2,1998,1.36,22.17,1,0,2.53,0.558,324106
8513,2022-12-21,108,4,3,1,2008,8.76,6.25,1,0,2.18,0.743,564826
8514,2022-07-07,269,2,3,2,1982,8.13,1.46,1,0,4.26,0.196,1133952
8515,2021-02-01,234,1,3,2,2018,8.34,19.15,0,1,9.27,0.389,935388
8516,2022-06-11,96,5,2,1,1983,6.38,15.84,2,1,1.27,0.927,473846
8517,2022-07-28,151,4,2,2,2016,1.47,11.28,1,1,2.87,0.844,520922
8518,2022-10-29,93,5,2,2,2010,5.85,21.21,1,1,8.42,0.798,458341
8519,2021-10-11,64,1,1,2,1985,4.67,20.69,1,1,3.21,0.039,261271
8520,2022-12-22,285,3,2,2,2007,5.74,8.45,1,0,4.97,0.166,1123363
8521,2023-04-12,100,1,3,2,1989,7.66,21.03,2,1,1.89,0.306,453047
8522,2022-05-09,83,5,2,2,1991,6.36,8.96,2,0,8.16,0.304,530111
8523,2021-07-06,173,5,1,2,1981,3.63,15.74,0,0,7.63,0.129,676064
8524,2022-05-13,126,2,3,2,1982,6.4,5.22,1,0,2.15,0.289,603919
8525,2022-03-18,172,5,2,2,1980,1.75,6.97,1,1,9.53,0.428,737022
8526,2021-05-10,254,4,2,1,2014,1.05,11.47,0,0,6.32,0.049,880301
8527,2022-10-01,277,2,3,2,2003,4.61,8.21,0,0,8.18,0.403,1075061
8528,2021-10-19,119,5,2,2,2013,7.81,3.66,1,1,7.87,0.497,694483
8529,2021-04-24,279,1,1,2,1999,8.4,12.32,2,0,5.67,0.041,1084710
8530,2021-07-18,70,5,3,1,1995,5.95,13.03,0,1,7.73,0.674,436559
8531,2021-01-13,157,1,2,1,2009,8.81,4.39,1,1,3.14,0.08,719301
8532,2021-09-28,290,1,3,1,2018,2.13,4.77,1,0,1.19,0.648,1013712
8533,2022-08-24,300,5,2,1,2004,9.68,1.22,1,0,4.08,0.994,1266000
8534,2021-08-03,184,1,2,1,1984,9.3,1.24,0,0,2.37,0.061,805321
8535,2022-03-20,139,3,3,1,2008,6.39,9.29,0,0,9.83,0.272,685752
8536,2023-03-01,128,2,2,2,2016,1.53,4.09,0,0,9.31,0.129,538195
8537,2022-05-27,226,5,2,1,2007,5.09,23.02,1,1,2.3,0.369,809331
8538,2022-03-23,347,3,3,2,2020,2.61,5.39,0,1,4.1,0.835,1263258
8539,2022-12-16,151,1,2,2,2002,6.66,2.12,1,0,5.58,0.929,658785
8540,2021-03-15,161,1,2,2,2011,2.71,10.4,2,1,4.59,0.84,575289
8541,2022-06-21,230,2,3,1,1997,5.34,5.22,2,0,7.3,0.691,912955
8542,2021-04-11,153,3,1,2,2020,2.85,2.01,2,0,5.53,0.717,625810
8543,2021-06-25,65,3,1,2,2014,2.64,18.94,0,0,6.09,0.12,230707
8544,2022-03-03,145,5,1,1,2022,3.23,14.15,1,1,7.1,0.249,615744
8545,2021-04-27,342,1,1,1,2003,1.26,1.9,0,0,1.21,0.364,1157646
8546,2021-06-15,195,4,1,2,2007,7.45,11.97,2,0,1.11,0.05,827685
8547,2021-02-10,51,5,1,1,2015,3.76,1.45,1,1,2.6,0.822,338306
8548,2022-03-05,168,5,3,1,2000,7.28,9.18,2,0,7.46,0.256,869300
8549,2021-12-10,143,5,3,2,1984,6.88,9.4,1,1,3.16,0.052,710684
8550,2022-02-28,240,2,3,2,2005,1.6,20.66,0,0,9.28,0.073,825074
8551,2022-01-01,52,2,2,2,2002,3.81,18.51,1,0,1.71,0.969,205373
8552,2021-04-30,160,5,1,2,2012,6.1,22.48,2,1,6.22,0.912,658794
8553,2022-09-01,226,4,1,2,2005,9.27,3.94,1,0,1.23,0.959,942408
8554,2022-10-19,306,3,3,2,2001,4.61,13.58,1,1,9.75,0.957,1159884
8555,2022-12-29,71,3,2,2,1999,5.54,0.99,2,0,2.92,0.799,404447
8556,2021-08-17,269,1,2,2,1981,7.75,20.73,2,1,6.29,0.276,1062102
8557,2023-04-05,222,3,3,1,2020,8.23,9.48,2,1,9.58,0.325,977258
8558,2021-05-10,273,3,1,1,1997,9.31,2.2,2,1,1.27,0.402,1145471
8559,2021-12-18,114,4,2,1,1984,5.47,8.45,1,0,5.61,0.785,545701
8560,2023-06-08,326,3,1,1,2011,2.74,7.53,1,0,5.74,0.927,1149037
8561,2021-11-14,298,4,2,1,1990,7.88,19.27,2,1,4.16,0.44,1139085
8562,2022-10-11,309,2,1,2,2000,2.13,3.6,1,1,6.89,0.301,1155649
8563,2023-04-16,180,4,2,1,2001,4.77,14.12,2,1,5.88,0.243,773689
8564,2021-12-03,162,2,1,1,1982,6.65,19.95,1,1,3.24,0.256,617166
8565,2021-09-30,335,4,1,2,1988,7.23,18.62,0,0,7.35,0.007,1283761
8566,2021-04-27,336,5,1,1,1981,7.6,23.43,1,0,5.2,0.234,1248493
8567,2023-03-29,260,2,3,2,2007,2.74,0.52,2,1,5.23,0.295,1001798
8568,2022-01-03,69,2,1,1,2013,9.83,9.17,0,1,9.57,0.776,446788
8569,2021-04-04,264,3,1,1,1989,2.61,9.55,0,1,5.82,0.549,964045
8570,2021-06-17,300,2,2,2,1998,1.86,1.32,2,0,8.06,0.331,1105418
8571,2022-12-16,320,4,2,1,2008,6.98,20.52,2,0,8.81,0.597,1226943
8572,2021-12-07,229,5,3,1,1981,9.19,17.38,1,0,6.23,0.788,1002485
8573,2022-10-23,243,5,2,1,1985,6.03,13.44,1,1,8.08,0.61,982095
8574,2022-11-26,128,3,1,2,1986,6.36,10.42,0,1,3.79,0.07,611903
8575,2021-06-01,229,4,3,2,2015,5.85,22.44,1,0,2.64,0.241,832743
8576,2022-08-09,212,4,3,2,1987,1.38,6.98,1,1,7.26,0.286,870660
8577,2023-05-27,251,1,3,2,1998,7.13,8.7,1,0,9.34,0.363,1067254
8578,2021-10-01,63,2,1,2,1989,4.22,23.84,0,0,1.38,0.025,238215
8579,2022-07-08,295,3,1,1,2012,9.42,2.08,1,0,7.87,0.744,1236838
8580,2022-05-11,63,5,2,1,2016,2.68,19.63,1,1,1.26,0.47,286399
8581,2022-12-25,148,1,2,2,2017,3.72,18.09,2,0,5.13,0.897,516105
8582,2021-04-11,82,4,2,2,2006,5.54,22.6,0,1,7.09,0.518,372734
8583,2022-07-11,306,2,3,1,2008,5.3,2.72,2,1,4.65,0.988,1153132
8584,2021-03-23,83,5,1,2,1998,4.6,24.28,0,0,3.71,0.701,374318
8585,2022-06-13,68,1,2,1,1997,3.83,1.21,2,1,2.68,0.887,320500
8586,2021-03-14,201,4,1,2,2002,2.32,8.77,2,1,9.8,0.973,814214
8587,2021-01-14,309,5,3,2,1980,8.39,2.58,2,1,6.13,0.472,1316770
8588,2022-03-09,213,5,1,1,2022,5.04,1.75,2,1,2.15,0.633,875536
8589,2021-06-06,126,4,1,1,1982,6.16,24.14,1,1,1.43,0.914,507789
8590,2023-01-05,186,4,3,2,1989,5.92,18.13,1,1,3.19,0.575,746514
8591,2021-05-12,257,3,2,2,1986,6.18,12.89,1,0,5.85,0.053,1027733
8592,2021-12-04,291,5,1,1,2005,7.34,3.15,2,0,7.77,0.697,1255280
8593,2022-02-08,116,4,1,1,1995,6.66,13.39,0,1,9.83,0.936,568298
8594,2022-01-11,165,1,3,2,2018,3.47,8.34,0,1,8.51,0.781,673520
8595,2023-06-07,251,2,1,1,2011,5.98,7.15,2,1,6.51,0.791,998090
8596,2022-07-13,299,3,1,2,1991,3.2,15.64,2,0,7.0,0.079,1068994
8597,2021-04-17,327,4,1,2,1987,6.3,19.88,1,0,5.7,0.737,1184661
8598,2022-09-12,161,2,3,2,1987,4.89,11.36,2,0,4.91,0.032,703669
8599,2021-09-22,283,3,1,2,1990,1.35,12.59,1,0,8.06,0.931,985601
8600,2021-07-24,225,5,3,2,2012,7.61,16.46,1,0,2.6,0.914,898078
8601,2021-03-20,192,2,2,2,2004,3.47,3.55,2,0,4.01,0.98,675273
8602,2021-06-04,81,3,1,2,1996,9.28,20.8,0,0,9.81,0.303,445048
8603,2023-02-22,230,4,3,1,2010,3.53,21.0,0,0,6.15,0.54,868041
8604,2021-09-04,116,4,3,1,1998,9.97,13.76,2,1,5.49,0.579,632954
8605,2022-06-15,53,3,1,2,1994,5.17,5.1,1,1,8.66,0.557,403515
8606,2023-05-08,335,5,3,1,2014,1.24,12.77,1,1,7.86,0.412,1193687
8607,2022-06-22,318,3,2,2,2018,1.69,3.1,0,0,3.93,0.987,1081521
8608,2022-12-30,285,1,2,2,1981,1.74,19.2,1,0,6.63,0.887,935590
8609,2021-06-03,326,3,2,1,2013,1.51,8.12,0,0,2.67,0.61,1132515
8610,2021-06-03,90,3,2,1,2004,3.41,8.12,2,1,1.48,0.648,413014
8611,2022-11-17,170,4,3,2,2017,3.92,23.65,2,1,9.91,0.714,695911
8612,2021-04-02,324,5,3,1,1983,2.0,10.84,1,0,7.63,0.604,1158897
8613,2022-03-09,280,3,2,2,1995,4.94,19.84,2,1,9.38,0.708,1006142
8614,2021-12-04,135,2,2,1,2011,4.29,16.11,2,1,8.49,0.816,554371
8615,2022-04-25,112,4,2,2,1994,6.73,8.25,1,0,4.85,0.978,551370
8616,2022-11-24,241,4,2,2,2021,2.76,3.53,1,1,8.75,0.849,956503
8617,2021-05-11,342,3,2,2,1993,9.23,20.04,0,1,8.08,0.129,1371576
8618,2022-03-26,80,2,3,1,2020,5.64,19.18,2,0,3.32,0.546,332098
8619,2023-03-21,195,3,2,2,1994,6.61,4.64,2,1,6.61,0.632,858116
8620,2023-02-26,156,2,2,2,1986,1.36,6.6,1,0,3.75,0.266,611917
8621,2021-09-30,159,4,1,1,1986,6.03,19.27,2,0,3.11,0.476,643016
8622,2022-08-11,325,2,3,1,1987,4.31,24.6,0,1,1.74,0.933,1037654
8623,2021-06-26,259,3,2,2,1998,9.32,21.17,0,0,5.89,0.259,976698
8624,2022-11-27,188,1,3,1,1997,8.97,17.26,1,0,4.53,0.317,773933
8625,2023-04-11,135,1,1,2,1996,6.74,22.93,2,1,1.79,0.908,466706
8626,2022-10-05,93,2,1,2,1997,7.91,7.49,0,0,7.47,0.094,514920
8627,2023-05-25,131,3,2,2,1998,6.8,0.74,2,1,7.51,0.88,726637
8628,2021-02-18,113,5,2,1,2019,1.15,8.36,1,1,3.12,0.304,457468
8629,2022-07-21,104,1,2,1,1992,7.33,24.31,1,1,9.6,0.498,470393
8630,2022-10-28,123,4,2,1,1990,2.59,22.11,2,0,8.0,0.643,499401
8631,2021-12-21,178,3,1,2,1986,7.14,1.73,0,0,8.25,0.646,815046
8632,2022-12-13,305,3,3,2,2006,1.09,12.8,1,0,1.03,0.98,1022845
8633,2021-11-04,280,1,2,2,2016,3.8,2.44,2,0,9.81,0.035,1118063
8634,2023-05-18,186,5,3,1,1984,5.65,19.83,2,1,9.91,0.704,795276
8635,2023-06-04,161,4,2,1,1987,4.0,9.63,0,0,5.56,0.846,657544
8636,2022-09-22,195,5,2,2,1989,7.25,22.84,1,0,9.87,0.588,829438
8637,2023-02-14,82,4,1,1,2016,5.7,1.83,2,1,6.51,0.976,451598
8638,2021-02-15,309,1,2,1,2005,9.64,18.48,1,1,2.21,0.418,1194611
8639,2021-10-29,136,3,2,1,1994,4.22,10.28,1,1,8.33,0.75,580967
8640,2023-05-18,314,4,2,1,1995,7.5,7.07,1,0,6.02,0.686,1236038
8641,2022-02-12,79,3,1,2,2008,8.52,13.18,2,0,4.08,0.031,456341
8642,2021-07-08,281,2,3,2,2007,3.28,12.39,2,0,3.13,0.553,993235
8643,2023-04-02,125,2,1,2,1989,7.79,9.05,0,0,5.67,0.261,597001
8644,2023-04-10,178,1,2,1,2019,4.54,16.4,0,0,7.23,0.529,672881
8645,2021-05-09,320,1,2,1,1983,2.16,16.7,1,0,8.89,0.884,1065835
8646,2022-07-15,138,1,2,1,2019,1.03,2.39,2,0,6.39,0.63,559203
8647,2022-06-21,219,2,3,2,1993,7.69,15.09,1,1,4.74,0.594,870471
8648,2021-09-23,177,4,3,1,2012,2.68,17.91,2,1,6.69,0.672,677144
8649,2021-04-28,223,5,2,2,1997,1.46,2.36,2,0,5.47,0.528,839708
8650,2022-04-09,75,1,2,2,1991,5.47,16.65,1,0,6.87,0.448,361658
8651,2021-05-24,110,5,3,2,1989,4.12,20.2,0,1,6.48,0.374,530158
8652,2022-03-18,116,5,1,1,2000,7.23,20.88,2,0,9.81,0.7,569728
8653,2021-07-19,75,2,1,2,2012,1.97,1.52,1,0,6.6,0.776,385459
8654,2021-06-06,132,4,3,2,1993,2.19,17.59,0,0,7.22,0.423,500505
8655,2022-05-02,109,2,3,1,1988,4.64,20.03,0,0,9.03,0.044,459806
8656,2023-05-10,88,1,2,2,2005,5.68,10.22,2,0,9.22,0.543,488130
8657,2021-05-14,172,2,3,1,1994,8.42,13.8,1,0,2.27,0.574,717887
8658,2021-05-28,341,2,3,2,2000,6.27,7.0,0,1,5.08,0.479,1266675
8659,2021-12-02,326,2,2,1,2001,9.12,8.1,2,1,9.48,0.36,1343276
8660,2021-03-12,331,1,3,2,2020,2.96,12.79,1,0,9.64,0.896,1171022
8661,2021-08-21,240,1,2,2,2022,6.37,4.2,2,1,2.71,0.481,965454
8662,2021-11-30,341,2,1,2,1984,6.9,9.58,1,0,4.99,0.799,1237632
8663,2023-03-22,201,2,1,1,1995,7.53,7.89,2,1,3.51,0.638,803298
8664,2022-10-28,282,5,1,1,2014,9.9,6.34,2,1,8.12,0.787,1219829
8665,2021-03-31,195,4,2,1,1984,5.21,12.36,1,1,8.67,0.878,812916
8666,2021-11-30,320,5,1,2,2005,4.32,21.05,2,1,5.22,0.243,1179938
8667,2021-07-18,183,4,1,1,2005,8.67,6.44,1,0,7.08,0.829,807189
8668,2021-06-10,220,4,2,1,1984,2.59,16.66,0,1,8.83,0.721,811599
8669,2022-06-22,77,2,2,1,2015,1.33,6.73,0,0,7.39,0.561,343286
8670,2021-05-01,185,5,1,1,2003,4.99,3.98,2,1,2.41,0.545,817700
8671,2021-10-28,290,4,1,2,1994,3.22,23.61,1,1,7.41,0.311,1007221
8672,2022-12-25,277,4,1,2,2009,4.57,16.01,0,0,2.43,0.541,953711
8673,2022-07-29,336,1,3,2,1984,9.87,3.06,1,1,6.88,0.384,1388160
8674,2022-03-12,83,4,2,2,2019,4.14,16.0,0,0,4.0,0.889,307296
8675,2021-03-09,51,2,2,2,2001,7.37,4.82,1,0,1.51,0.582,327477
8676,2023-02-04,244,3,2,2,2012,3.25,22.25,1,0,3.04,0.299,838763
8677,2022-04-04,143,1,2,1,1984,3.73,6.56,0,1,5.22,0.144,598674
8678,2022-05-29,184,3,1,2,2011,3.19,20.27,0,0,9.95,0.694,674083
8679,2022-02-02,253,2,2,1,2002,6.15,5.38,2,1,3.3,0.665,957996
8680,2022-09-12,299,3,3,2,1989,3.03,14.18,1,1,9.81,0.36,1095885
8681,2021-10-13,196,4,3,1,2015,7.47,22.85,2,1,4.28,0.162,845243
8682,2022-07-15,303,3,1,2,1996,7.12,7.75,0,0,9.64,0.716,1186482
8683,2021-05-20,225,5,1,2,2006,4.79,2.49,0,0,9.6,0.27,961580
8684,2022-12-31,174,2,2,2,1987,1.23,14.04,1,0,2.29,0.862,543538
8685,2022-07-10,300,5,1,2,2019,1.2,4.72,1,0,8.46,0.726,1102870
8686,2023-02-20,180,3,1,1,1985,5.8,18.34,0,0,5.66,0.892,662792
8687,2022-08-13,99,5,1,1,1986,8.55,14.98,2,1,7.18,0.985,570258
8688,2022-12-29,142,1,3,2,2005,6.39,8.99,1,1,7.98,0.341,645354
8689,2023-06-13,269,3,2,2,1996,4.92,17.79,1,1,2.12,0.504,974866
8690,2022-09-02,69,5,1,1,2016,8.94,6.34,2,0,8.19,0.404,561337
8691,2023-01-18,254,4,2,2,2002,2.77,22.97,0,1,3.73,0.078,892156
8692,2021-10-09,140,3,2,2,2006,4.23,9.0,0,1,7.59,0.405,596029
8693,2022-10-23,222,1,2,1,2019,6.09,19.19,0,1,6.16,0.444,841352
8694,2023-03-27,238,4,3,1,1998,3.63,6.83,0,0,7.16,0.173,943777
8695,2022-08-01,51,3,2,1,2006,9.98,18.01,2,0,6.61,0.883,371453
8696,2023-01-16,217,4,2,1,2004,5.07,1.27,0,0,8.29,0.292,939083
8697,2022-04-02,73,3,1,2,2019,1.47,7.74,1,0,9.05,0.759,335445
8698,2021-03-28,117,3,1,2,2004,2.58,2.78,1,0,5.04,0.076,510139
8699,2021-03-20,243,2,3,2,2000,5.79,11.55,1,0,4.53,0.03,962939
8700,2021-07-24,133,5,2,2,2004,5.95,11.16,2,0,3.18,0.995,594930
8701,2023-03-02,256,3,3,1,1986,9.86,9.3,2,1,8.32,0.123,1110623
8702,2021-12-03,98,1,2,2,2014,6.4,24.54,1,1,9.7,0.766,455021
8703,2021-09-11,81,5,3,2,1985,7.0,6.48,0,0,2.76,0.605,502420
8704,2021-10-31,219,2,2,1,2019,2.92,19.88,0,1,5.12,0.453,765788
8705,2022-01-15,178,5,1,2,1994,1.96,11.46,0,0,7.93,0.037,721599
8706,2021-05-10,151,5,3,1,2003,6.42,8.7,0,1,6.72,0.329,733973
8707,2022-08-19,84,3,1,1,1983,8.78,5.48,1,1,8.34,0.9,509132
8708,2021-10-03,248,1,2,1,1986,6.29,16.02,0,0,1.15,0.905,856002
8709,2022-11-30,126,3,3,1,2009,4.99,8.68,2,1,9.2,0.6,658363
8710,2022-07-12,63,1,1,1,1996,6.2,20.42,0,0,1.55,0.575,246905
8711,2023-06-18,180,1,1,2,2017,5.22,24.23,0,0,5.01,0.426,647530
8712,2021-07-02,287,4,1,2,2009,2.28,6.06,1,1,3.48,0.776,1060179
8713,2021-09-25,329,3,2,2,2018,7.67,3.65,0,0,9.35,0.883,1305059
8714,2023-03-19,114,2,3,1,1988,5.8,8.23,1,1,3.48,0.728,518575
8715,2021-11-18,187,5,1,1,1998,4.59,11.94,1,0,4.36,0.525,735158
8716,2022-05-27,318,4,2,2,1992,6.04,7.87,0,1,9.0,0.635,1248121
8717,2022-09-04,277,2,2,1,2016,3.17,24.28,1,1,5.84,0.22,926680
8718,2021-03-19,250,3,2,1,1998,4.85,19.59,2,1,9.08,0.991,949266
8719,2023-02-23,191,1,3,1,1985,6.6,24.17,1,0,6.95,0.936,725594
8720,2021-12-05,149,3,2,2,1991,3.04,9.64,1,0,1.71,0.957,506498
8721,2022-11-05,187,3,2,1,1994,7.74,7.96,0,0,4.91,0.167,855592
8722,2022-07-10,217,4,3,1,1982,5.69,10.48,0,0,2.59,0.653,838429
8723,2022-05-24,148,2,3,1,1983,8.76,13.31,1,0,1.59,0.656,638413
8724,2021-08-26,115,4,2,2,2016,8.63,18.67,2,0,4.36,0.355,578446
8725,2021-05-14,96,2,2,1,2017,5.45,22.09,2,0,9.18,0.865,407000
8726,2021-07-11,280,4,1,2,1985,2.76,11.85,1,1,2.06,0.782,959392
8727,2021-12-22,195,5,3,1,2007,7.63,7.58,1,0,1.06,0.72,821822
8728,2021-10-05,256,1,3,1,1987,4.77,8.31,1,1,9.42,0.029,1027638
8729,2021-01-18,195,1,1,2,2010,6.35,17.58,1,1,5.77,0.991,710761
8730,2022-06-08,201,1,2,2,2000,1.97,14.41,0,1,6.03,0.718,694640
8731,2021-06-29,328,5,2,2,2008,6.68,12.42,1,1,9.36,0.969,1259264
8732,2021-05-03,189,5,2,1,1994,4.36,5.47,1,1,7.3,0.087,854754
8733,2021-09-03,200,1,2,2,2003,4.01,21.95,2,0,8.44,0.694,691109
8734,2023-01-04,70,1,1,2,2000,9.82,19.64,1,0,7.93,0.745,418988
8735,2022-01-08,303,2,3,2,2002,4.89,3.95,1,1,6.51,0.065,1205895
8736,2021-02-20,113,2,3,1,2010,7.1,9.5,1,1,7.2,0.064,561553
8737,2021-03-12,267,3,2,2,2013,6.65,13.78,1,1,6.05,0.762,1048319
8738,2022-04-25,121,4,1,1,2007,1.94,11.63,1,0,4.2,0.798,401522
8739,2022-07-14,211,2,2,1,2011,7.73,10.25,2,0,3.57,0.91,820844
8740,2021-01-19,179,2,2,1,2001,3.91,18.11,0,1,2.58,0.772,639452
8741,2023-02-13,118,2,1,2,1982,8.19,1.84,0,1,4.19,0.24,603486
8742,2021-03-25,274,2,1,2,1988,6.47,12.05,2,0,6.19,0.969,1052113
8743,2021-06-04,295,5,3,2,1985,3.85,6.92,1,0,6.29,0.267,1165487
8744,2022-07-19,117,3,3,2,1980,4.21,2.57,2,0,7.15,0.727,569436
8745,2022-09-11,156,2,2,1,2001,7.58,11.89,1,0,8.91,0.529,700911
8746,2021-12-23,158,4,2,2,1983,5.95,4.7,0,1,6.87,0.122,784115
8747,2023-03-27,152,2,3,2,1987,7.02,6.83,0,0,2.54,0.927,634850
8748,2022-10-09,190,5,1,1,2016,2.42,12.92,0,1,1.23,0.588,641146
8749,2022-03-19,114,1,2,2,2021,8.08,24.36,1,1,2.77,0.092,466284
8750,2021-03-10,183,1,2,1,1998,3.88,17.26,1,0,9.17,0.383,693576
8751,2022-06-07,248,3,1,1,1980,6.58,7.35,2,1,6.11,0.765,982130
8752,2021-05-23,204,1,2,2,2020,2.03,9.87,1,0,8.64,0.618,791899
8753,2021-07-11,128,2,1,1,2003,3.89,10.45,1,1,3.11,0.223,503281
8754,2022-01-22,299,5,3,1,1996,6.84,4.26,0,1,7.39,0.569,1226568
8755,2022-01-13,136,3,3,1,2011,3.47,4.44,1,0,7.59,0.309,607645
8756,2022-08-04,290,2,3,2,1993,8.92,4.14,2,0,8.29,0.527,1238856
8757,2022-06-19,137,1,3,2,1996,6.95,13.28,2,1,5.82,0.318,624080
8758,2022-11-24,221,4,3,2,2011,8.83,17.02,0,1,8.14,0.496,976398
8759,2021-10-20,66,2,2,1,2012,4.56,14.97,1,1,9.42,0.842,375745
8760,2021-01-09,272,4,3,2,2009,1.31,24.46,0,1,9.62,0.212,967667
8761,2021-09-28,343,4,2,2,2013,6.19,3.58,0,1,2.13,0.002,1324760
8762,2022-01-22,268,3,2,1,2007,4.05,24.67,2,0,6.62,0.155,929618
8763,2021-04-03,283,5,1,2,2003,5.03,11.93,0,0,2.02,0.842,987761
8764,2022-06-13,297,1,2,2,1993,7.13,5.86,0,0,9.3,0.415,1139874
8765,2021-06-03,101,1,2,1,2013,7.31,23.61,2,1,9.6,0.74,476598
8766,2022-02-09,64,2,3,2,1980,1.25,11.98,0,1,5.5,0.031,342248
8767,2023-04-20,161,1,3,1,2001,7.92,9.01,0,0,9.64,0.146,749134
8768,2021-05-29,233,3,1,2,2012,5.44,5.74,1,1,7.9,0.569,971538
8769,2023-06-08,56,1,1,2,1997,6.01,7.06,1,1,7.26,0.72,358145
8770,2021-09-24,100,2,2,2,2018,3.68,24.49,1,1,6.23,0.788,370376
8771,2022-02-26,290,1,1,1,1991,4.79,7.95,1,1,4.66,0.643,1042406
8772,2023-04-20,294,5,3,2,1989,7.39,24.46,2,1,9.67,0.757,1153446
8773,2022-09-10,235,4,3,2,1981,7.99,8.59,2,0,2.77,0.166,990166
8774,2022-04-17,336,4,3,1,1981,4.48,6.17,1,0,8.22,0.658,1297717
8775,2023-06-12,141,4,2,2,1985,7.22,4.99,0,1,4.31,0.425,705650
8776,2022-07-01,155,5,2,1,1999,3.32,10.59,0,1,7.78,0.915,645389
8777,2022-09-23,62,3,1,2,2017,8.49,6.3,0,1,2.47,0.615,394575
8778,2022-06-10,195,2,3,2,2007,6.49,17.57,1,1,4.36,0.542,757866
8779,2022-05-18,168,5,2,2,2021,7.98,6.37,0,0,9.52,0.578,846913
8780,2021-01-14,252,2,2,2,1982,5.29,20.97,2,0,6.02,0.831,915875
8781,2023-02-17,190,3,1,2,2016,3.06,20.93,1,1,5.42,0.011,719418
8782,2022-10-14,164,5,3,2,2016,4.86,7.5,1,1,7.77,0.86,734794
8783,2023-03-17,201,1,3,1,2021,4.43,18.96,0,1,4.75,0.029,729236
8784,2021-12-30,106,3,1,2,2004,3.99,21.51,1,1,5.44,0.583,447178
8785,2021-04-29,206,4,1,1,2002,2.91,14.96,0,0,6.05,0.503,775408
8786,2021-08-26,182,5,1,2,1992,7.83,9.48,1,1,9.91,0.37,853173
8787,2022-06-30,212,3,1,1,2003,1.78,11.3,0,0,8.25,0.129,765694
8788,2021-06-18,324,3,3,1,1982,8.99,19.76,0,1,1.36,0.124,1223145
8789,2022-06-06,232,5,3,1,2017,2.58,7.69,0,0,8.05,0.742,934156
8790,2022-09-26,126,4,1,2,2007,9.82,8.69,0,1,5.53,0.113,667316
8791,2022-10-19,93,4,2,2,2005,9.9,4.44,0,0,3.08,0.687,559377
8792,2023-01-05,255,3,2,1,1999,4.59,10.28,2,1,8.68,0.99,1013703
8793,2023-06-02,87,2,3,1,2006,9.89,2.62,2,0,3.43,0.682,544632
8794,2023-02-08,71,3,3,1,1980,8.82,8.37,0,1,3.88,0.075,485142
8795,2023-02-19,122,5,1,1,1989,1.74,9.65,2,1,1.57,0.542,512827
8796,2023-05-21,290,5,2,1,1989,9.53,6.76,0,0,9.8,0.834,1230285
8797,2022-05-31,203,5,3,1,1980,1.38,2.98,0,1,8.16,0.955,845900
8798,2022-02-01,286,4,2,2,2011,2.64,13.28,2,0,2.33,0.728,990457
8799,2023-05-16,54,1,1,2,2011,6.26,21.69,2,1,5.41,0.31,259131
8800,2021-04-16,270,5,3,1,2022,1.73,8.72,0,0,4.03,0.251,1003363
8801,2021-03-26,135,5,3,2,2006,2.46,6.3,2,0,1.29,0.784,544622
8802,2021-08-02,226,2,2,1,1992,9.58,7.48,1,0,9.34,0.76,969641
8803,2021-05-01,308,2,2,1,1996,9.95,21.62,2,1,8.55,0.486,1255305
8804,2021-05-12,269,3,3,2,2007,8.18,13.43,0,0,9.88,0.087,1132076
8805,2023-04-30,87,3,2,1,2004,5.64,3.7,1,0,3.18,0.672,445060
8806,2021-07-16,191,3,2,2,2015,9.1,17.88,2,1,7.29,0.59,836795
8807,2021-01-19,284,5,1,1,1981,2.01,4.28,2,0,2.06,0.012,1079274
8808,2022-10-04,252,2,2,1,2011,9.49,1.98,2,0,4.88,0.642,1106641
8809,2021-01-12,343,3,3,2,2011,4.16,6.76,2,0,8.62,0.132,1305403
8810,2021-03-22,221,2,1,2,1985,8.75,4.62,2,0,1.07,0.826,898981
8811,2021-11-26,174,5,3,2,2010,7.02,15.32,0,1,5.33,0.674,757265
8812,2023-05-16,114,5,1,1,1988,9.64,12.37,2,0,4.91,0.052,656217
8813,2023-02-13,330,3,1,2,2022,8.78,18.24,1,1,7.22,0.532,1254023
8814,2022-01-27,321,5,2,1,1995,8.99,13.03,2,0,3.14,0.805,1214267
8815,2022-09-29,293,5,2,1,2004,6.69,10.77,2,0,2.56,0.83,1101762
8816,2021-11-03,64,2,3,2,2019,8.5,13.39,0,1,6.86,0.085,465026
8817,2021-09-24,275,1,2,1,2007,7.81,11.14,0,0,6.77,0.079,1062871
8818,2022-03-23,180,4,1,2,1996,2.45,1.41,1,1,7.77,0.775,764587
8819,2022-03-17,244,3,2,2,2010,6.84,17.18,0,1,3.22,0.233,939789
8820,2023-06-14,342,1,3,1,2002,2.33,24.07,1,1,1.15,0.594,1063990
8821,2022-10-14,258,3,1,1,2010,8.83,10.84,2,1,8.9,0.609,1085642
8822,2023-04-21,162,1,3,2,2005,1.59,10.88,0,0,2.86,0.63,534832
8823,2021-01-02,293,5,2,2,1983,9.88,1.62,2,0,4.76,0.338,1263813
8824,2022-06-04,215,3,1,1,2018,4.61,22.31,2,0,5.22,0.04,751328
8825,2023-02-01,240,1,3,2,2022,2.54,23.26,0,1,2.69,0.537,765931
8826,2022-10-13,306,4,2,1,2022,9.42,20.42,0,0,5.69,0.515,1168537
8827,2022-09-28,267,5,2,1,2022,1.41,3.11,0,1,9.23,0.433,1045330
8828,2021-11-05,324,3,3,2,1994,5.23,22.56,2,0,3.44,0.28,1155899
8829,2023-01-10,101,3,1,1,2016,7.93,1.09,0,0,5.68,0.843,563162
8830,2022-06-06,207,1,3,2,2017,3.85,11.39,1,1,3.78,0.37,761322
8831,2022-04-14,104,3,2,2,2002,5.76,12.77,1,0,9.83,0.127,531655
8832,2021-07-31,63,5,3,1,1984,7.3,20.93,0,1,2.99,0.758,359507
8833,2021-04-22,318,2,2,1,2020,9.57,18.9,1,1,1.98,0.636,1202757
8834,2021-01-08,139,1,1,1,2022,1.92,20.03,0,1,2.28,0.309,419927
8835,2023-03-15,76,4,3,2,2004,2.42,21.76,2,0,4.3,0.151,313775
8836,2022-04-22,138,3,1,2,2009,5.58,12.16,1,1,5.98,0.44,583606
8837,2023-05-24,90,5,3,2,2005,4.77,19.62,1,1,7.01,0.066,486901
8838,2022-04-05,317,3,2,2,1982,4.7,2.17,1,1,6.06,0.223,1226343
8839,2021-09-10,187,4,1,2,1983,3.67,11.39,1,0,9.15,0.964,718530
8840,2022-06-10,55,5,2,2,1997,6.05,1.24,1,0,4.24,0.15,414022
8841,2023-01-22,291,4,3,1,2016,8.95,22.93,2,1,7.41,0.275,1188621
8842,2022-03-14,211,5,2,1,1990,2.45,23.98,1,0,3.41,0.139,739309
8843,2023-01-24,229,2,3,1,1990,2.94,2.56,0,0,7.14,0.912,859195
8844,2023-05-04,346,5,1,2,2015,7.04,13.55,1,1,9.33,0.925,1345706
8845,2022-10-23,55,4,2,1,1995,1.51,8.47,0,1,9.81,0.059,366479
8846,2021-08-24,320,1,2,2,2022,7.06,8.89,0,0,7.57,0.898,1205083
8847,2021-11-02,321,2,3,1,2004,3.83,11.54,2,1,9.48,0.142,1223875
8848,2022-04-23,205,3,3,1,1980,4.22,3.56,1,0,7.12,0.397,893345
8849,2022-11-10,134,2,3,1,2005,4.65,4.93,2,0,9.67,0.586,669226
8850,2021-01-20,249,2,1,1,2009,4.15,14.65,1,1,9.08,0.462,933041
8851,2021-08-04,59,3,2,2,1985,8.57,0.96,1,1,1.96,0.136,476785
8852,2023-05-05,187,5,3,2,2006,9.51,15.2,2,1,5.27,0.792,880374
8853,2021-05-15,291,2,3,1,1998,5.93,8.31,2,1,4.13,0.687,1101265
8854,2021-05-09,250,2,2,1,2017,6.24,20.89,0,0,1.24,0.941,879879
8855,2022-02-14,205,1,1,2,2022,1.63,15.2,0,0,5.2,0.353,706024
8856,2022-02-26,324,1,2,2,1998,7.42,17.85,0,0,2.34,0.43,1162766
8857,2021-10-21,274,4,3,1,2018,6.26,3.3,2,0,1.33,0.35,1108076
8858,2021-09-03,117,3,2,1,2011,1.45,7.01,1,1,5.01,0.063,518833
8859,2022-12-02,233,5,3,1,1980,2.79,24.92,0,1,3.09,0.055,818714
8860,2022-07-10,244,5,3,1,2004,2.82,11.12,2,1,9.42,0.761,996851
8861,2021-03-27,91,4,2,1,1992,2.54,9.29,0,0,8.31,0.285,417142
8862,2022-07-10,200,5,2,1,1989,6.93,21.91,1,1,9.61,0.487,848539
8863,2023-04-22,133,5,1,2,1997,9.36,1.31,2,0,8.93,0.979,700299
8864,2022-01-10,183,1,3,2,2015,7.87,13.6,2,1,7.55,0.018,829233
8865,2022-03-22,347,5,3,2,2001,5.3,5.65,1,1,6.38,0.518,1376443
8866,2022-01-13,79,5,3,2,1985,4.64,9.52,2,0,1.59,0.518,451573
8867,2022-01-25,58,4,3,1,2006,4.48,5.39,2,1,3.39,0.999,358498
8868,2022-10-19,219,4,3,2,1987,6.41,1.43,2,0,7.4,0.834,971725
8869,2021-02-20,339,2,2,2,2003,4.23,10.7,0,0,4.61,0.067,1208421
8870,2021-08-30,217,5,3,2,1999,3.04,19.84,1,1,3.93,0.157,852260
8871,2021-10-21,194,5,2,1,2001,6.43,23.82,0,1,1.94,0.034,764036
8872,2022-07-17,277,5,1,1,1988,4.52,15.78,1,1,1.63,0.197,1048779
8873,2021-09-23,125,1,3,1,2019,1.13,10.03,2,0,2.89,0.212,481879
8874,2021-04-30,272,5,1,2,2018,1.2,19.36,1,1,8.51,0.09,992648
8875,2022-12-13,226,1,2,2,1998,3.47,12.88,2,0,6.97,0.527,813716
8876,2021-09-05,238,2,2,1,1980,5.61,9.51,2,1,4.07,0.975,884206
8877,2021-03-11,95,3,1,1,1990,4.19,4.89,1,0,1.55,0.804,411922
8878,2023-05-03,66,5,3,2,2020,1.22,20.01,2,1,2.7,0.203,292678
8879,2021-02-26,115,4,2,1,2021,3.01,12.76,0,1,5.05,0.783,451255
8880,2022-01-17,310,4,2,1,1989,1.87,24.11,1,1,2.38,0.982,1016640
8881,2021-02-08,172,5,2,2,1980,9.54,20.15,1,0,7.86,0.835,788466
8882,2023-03-12,280,1,2,2,2006,3.82,10.79,1,0,8.1,0.469,1031338
8883,2022-03-19,174,4,2,2,1996,1.13,18.65,2,0,2.23,0.269,629435
8884,2021-01-18,161,4,2,1,1996,6.95,11.61,0,0,7.54,0.748,702563
8885,2023-01-02,321,2,1,2,2018,3.09,2.46,1,1,5.61,0.786,1116094
8886,2023-04-05,130,2,3,2,2022,6.1,13.16,2,0,9.66,0.297,617537
8887,2023-01-26,295,2,3,1,1981,2.36,21.71,0,1,8.09,0.224,1059099
8888,2021-12-18,264,4,3,1,2002,9.86,21.46,2,1,6.27,0.672,1088418
8889,2023-03-27,284,4,3,1,2020,9.73,14.59,2,1,6.43,0.888,1173007
8890,2021-10-25,131,5,1,2,1989,6.9,9.81,0,0,2.61,0.021,607465
8891,2021-10-10,343,5,1,2,2021,7.36,0.75,2,0,9.04,0.987,1385801
8892,2022-08-09,125,1,3,1,2009,4.83,8.13,0,1,6.03,0.192,554129
8893,2021-04-20,64,4,2,2,2014,9.66,24.75,1,1,6.17,0.349,409981
8894,2021-06-29,269,5,3,2,2004,4.81,18.3,1,1,6.18,0.053,1070925
8895,2022-06-28,279,5,2,2,1996,3.16,18.08,0,0,3.49,0.056,1045588
8896,2023-01-16,314,2,2,2,1998,2.04,19.15,2,1,8.31,0.273,1078869
8897,2023-03-05,313,2,1,1,1997,2.87,15.69,1,1,8.76,0.565,1088067
8898,2021-01-25,159,2,2,2,1997,6.15,14.85,0,0,3.59,0.901,596663
8899,2023-04-23,249,3,1,2,2014,3.21,11.61,0,1,4.98,0.07,945791
8900,2023-03-02,275,5,3,2,1989,6.89,11.38,2,1,2.61,0.546,1116717
8901,2023-01-08,234,2,1,1,2002,4.44,21.84,2,1,3.15,0.416,804967
8902,2021-02-26,80,2,2,2,2001,8.98,10.14,1,1,4.02,0.989,445470
8903,2021-06-29,151,4,2,2,1988,6.03,21.09,1,0,9.12,0.187,696200
8904,2021-08-20,308,2,2,2,2011,6.6,21.02,1,1,6.64,0.37,1132283
8905,2023-06-13,148,4,3,1,2005,6.01,19.39,2,0,6.29,0.033,663357
8906,2021-12-09,348,1,1,2,2008,8.97,1.42,1,1,9.52,0.914,1338808
8907,2022-04-22,334,2,3,1,2021,1.57,4.13,0,1,8.12,0.622,1221666
8908,2023-03-10,315,4,1,2,1998,1.61,8.21,0,0,1.14,0.588,1057746
8909,2022-07-30,189,2,3,1,2008,7.32,21.26,1,0,2.12,0.049,738155
8910,2022-03-31,335,1,3,1,2014,7.91,21.89,2,1,3.23,0.099,1226920
8911,2021-08-20,265,2,2,2,1991,4.9,1.52,1,1,3.74,0.79,1033262
8912,2021-10-16,81,4,3,2,1987,4.17,8.46,0,0,8.51,0.549,406278
8913,2021-08-01,137,1,3,1,2004,3.5,21.33,1,1,7.93,0.199,512231
8914,2021-09-15,112,1,1,1,2006,3.11,6.62,0,1,2.31,0.55,464466
8915,2022-06-14,328,1,3,2,2022,9.21,24.41,2,1,5.81,0.968,1179788
8916,2022-11-18,123,3,2,2,1985,3.66,12.49,0,0,1.98,0.104,471749
8917,2021-08-17,173,4,3,2,1992,6.83,23.46,1,0,2.56,0.97,686158
8918,2021-08-14,318,3,1,2,1990,8.08,11.01,2,0,3.18,0.775,1195774
8919,2022-08-19,334,1,1,2,2017,1.2,8.43,2,0,9.15,0.144,1171427
8920,2023-03-14,170,3,3,2,1985,1.3,9.38,2,1,4.29,0.815,669920
8921,2022-03-11,261,2,3,2,1984,4.0,22.17,1,0,9.24,0.744,920253
8922,2023-06-01,197,3,1,1,1986,7.26,8.6,0,1,7.76,0.574,837750
8923,2023-01-28,127,5,2,1,1998,3.35,16.9,1,1,7.74,0.774,561810
8924,2022-02-06,63,1,3,2,2022,1.01,12.01,0,1,8.23,0.141,296373
8925,2022-09-14,185,1,2,2,1985,3.59,23.57,2,0,1.86,0.722,609375
8926,2023-02-05,329,4,2,2,2004,1.81,4.4,0,0,8.33,0.641,1187437
8927,2021-03-29,128,2,3,1,1988,2.97,11.0,2,1,3.27,0.285,530013
8928,2022-08-07,292,4,2,1,1999,4.0,3.55,2,0,9.86,0.69,1156328
8929,2023-06-12,242,3,1,2,2004,2.15,14.66,2,1,8.63,0.679,871785
8930,2022-06-26,291,5,2,2,1987,7.36,10.37,2,1,9.97,0.239,1208076
8931,2022-11-15,100,5,1,1,2016,3.3,1.99,1,0,9.43,0.148,541585
8932,2021-11-05,281,5,3,1,2017,6.95,21.32,0,1,4.24,0.362,1067503
8933,2021-12-09,308,5,2,1,1981,6.39,9.7,1,0,9.48,0.399,1266319
8934,2022-03-12,267,2,1,2,2001,9.08,12.59,2,1,3.97,0.824,1057164
8935,2021-06-26,255,3,1,2,2015,1.79,10.48,0,0,6.93,0.436,910217
8936,2021-05-19,169,5,3,1,1983,2.93,12.47,0,1,8.37,0.737,702259
8937,2021-07-13,129,1,2,2,1980,8.79,0.9,0,1,4.44,0.463,638702
8938,2021-07-05,91,3,1,2,2012,8.4,20.48,1,0,2.83,0.067,449043
8939,2021-08-06,70,2,1,2,2003,2.73,8.64,0,0,9.05,0.653,361093
8940,2021-06-13,59,5,3,1,1984,1.97,18.25,0,1,1.93,0.895,224350
8941,2021-06-10,202,2,2,1,2014,8.71,2.09,0,0,4.28,0.518,891025
8942,2022-06-09,343,5,2,1,2021,2.6,13.33,0,1,5.87,0.702,1209634
8943,2023-03-19,135,1,1,2,2005,8.84,22.77,2,1,8.24,0.779,592839
8944,2022-08-24,162,3,2,2,2022,9.65,10.26,0,1,8.82,0.467,798686
8945,2023-04-16,238,1,2,1,2020,2.99,5.33,2,1,5.6,0.25,911145
8946,2021-02-11,161,5,2,2,2022,8.56,2.93,0,0,6.16,0.86,788667
8947,2021-07-29,224,4,2,1,2005,4.81,21.55,0,0,8.68,0.829,824147
8948,2023-01-11,53,3,2,2,2020,8.1,6.35,1,0,5.2,0.859,357752
8949,2023-05-12,271,2,2,2,1984,4.67,24.39,1,1,6.03,0.826,938282
8950,2021-10-02,270,5,2,2,1997,1.63,6.57,1,1,1.17,0.133,1000172
8951,2021-10-06,220,1,1,2,2004,7.41,12.28,0,1,9.56,0.415,900490
8952,2021-09-08,262,4,1,2,2020,2.36,11.72,2,1,6.1,0.192,972762
8953,2021-11-06,302,5,2,1,2019,9.34,2.02,1,1,7.55,0.155,1353583
8954,2022-12-21,173,2,2,1,2017,4.76,13.53,1,0,3.23,0.781,673398
8955,2023-04-13,177,1,3,2,2000,1.74,16.98,0,1,6.91,0.481,643680
8956,2021-05-20,262,3,1,1,2003,3.06,18.68,1,1,5.14,0.091,932514
8957,2023-03-03,161,4,3,2,2007,8.76,13.3,0,1,2.01,0.406,735691
8958,2022-06-30,134,5,1,2,1983,3.89,20.41,2,1,8.47,0.993,534989
8959,2023-04-01,53,5,3,2,1987,8.71,18.93,0,1,8.55,0.212,402502
8960,2022-06-14,114,5,3,1,2012,2.55,5.25,2,1,1.57,0.397,554216
8961,2021-02-26,169,5,3,2,1982,5.21,10.34,2,1,4.52,0.595,751461
8962,2021-04-22,292,1,1,2,1999,8.9,3.99,0,0,3.53,0.2,1211054
8963,2021-01-05,186,3,1,1,2014,1.44,3.77,0,0,5.65,0.968,662603
8964,2022-02-14,296,2,2,2,2018,3.74,17.95,2,0,5.4,0.635,1033989
8965,2022-02-18,94,4,1,1,2022,9.19,13.5,1,1,6.91,0.229,582569
8966,2021-07-01,195,5,1,1,1986,6.37,15.22,0,1,3.23,0.447,772433
8967,2021-01-13,225,5,1,1,2006,7.45,18.44,0,0,3.0,0.361,870967
8968,2021-12-05,91,3,1,1,1984,8.58,7.29,0,0,7.51,0.122,542172
8969,2023-03-08,346,3,2,1,2016,5.71,10.33,2,1,9.79,0.285,1335322
8970,2021-09-16,138,1,2,1,1980,8.61,15.37,1,0,9.52,0.554,655447
8971,2021-03-31,267,1,1,1,2001,6.75,2.87,0,1,8.13,0.088,1084796
8972,2022-09-08,277,1,3,2,1986,7.17,20.91,0,1,1.61,0.048,960088
8973,2023-06-10,347,4,3,2,1987,2.38,8.91,1,1,3.14,0.541,1238274
8974,2022-11-29,340,1,1,2,2009,9.45,16.64,2,1,7.21,0.434,1303807
8975,2021-09-07,116,5,2,2,2007,8.16,24.89,0,0,3.66,0.188,533556
8976,2021-09-12,300,1,3,2,2005,3.29,12.15,0,1,4.54,0.713,1073327
8977,2022-08-11,90,4,2,2,2013,6.22,5.77,2,1,9.58,0.088,585209
8978,2023-06-17,148,1,2,2,2011,4.39,5.8,0,0,1.78,0.27,577090
8979,2021-04-18,128,1,3,2,2001,6.94,1.98,2,1,8.75,0.101,710399
8980,2022-10-30,248,5,1,1,1999,9.94,19.29,1,0,1.45,0.728,1020209
8981,2022-08-17,196,5,2,2,1993,1.41,7.69,1,1,4.04,0.633,744123
8982,2022-08-12,155,5,3,2,2002,9.57,4.73,2,1,6.0,0.188,870303
8983,2022-04-30,242,1,2,1,1982,1.65,17.99,2,1,4.21,0.557,836838
8984,2021-09-15,171,5,3,1,1998,5.15,8.07,2,1,9.61,0.696,802884
8985,2022-10-01,126,3,1,1,1993,5.34,15.21,1,0,5.54,0.034,523999
8986,2021-10-09,161,2,1,2,2019,3.42,10.74,1,1,7.6,0.663,642546
8987,2021-03-29,346,2,1,1,2018,6.1,8.69,0,1,7.32,0.312,1320096
8988,2021-07-23,219,5,2,1,2016,8.51,12.49,2,1,8.52,0.135,1001123
8989,2021-01-16,55,4,1,1,2014,3.65,8.19,2,1,8.78,0.821,376142
8990,2021-05-31,246,5,1,1,1980,1.63,21.83,0,1,5.2,0.606,815022
8991,2021-09-11,147,5,1,2,1998,6.69,2.29,0,0,8.77,0.547,731859
8992,2021-07-07,279,1,1,1,1994,7.77,1.24,1,0,6.88,0.836,1103632
8993,2021-11-25,217,4,3,2,2004,9.59,10.46,0,1,7.17,0.265,993046
8994,2022-06-28,346,5,3,1,1980,2.44,4.73,0,1,2.56,0.014,1260639
8995,2023-02-22,314,3,2,1,2010,9.11,18.72,2,1,3.21,0.949,1174622
8996,2022-02-01,57,2,3,1,2016,5.34,9.16,0,1,7.19,0.263,336244
8997,2022-06-01,221,3,3,2,2022,3.12,6.91,2,0,3.39,0.633,851099
8998,2022-04-04,244,3,3,1,2001,9.66,9.3,2,1,5.41,0.977,1046832
8999,2021-11-26,318,3,3,2,1999,3.15,5.88,2,1,5.41,0.234,1222526
9000,2023-03-31,68,4,3,1,2020,7.6,7.84,0,0,3.11,0.993,412879
9001,2023-04-25,98,4,1,2,2022,8.06,14.42,0,0,6.1,0.539,472073
9002,2021-06-18,207,4,2,2,1984,4.87,21.67,2,1,6.07,0.959,786100
9003,2022-11-24,115,2,3,1,1994,7.21,9.59,1,0,2.16,0.086,541005
9004,2022-01-01,108,1,3,1,1981,6.15,8.36,1,0,4.43,0.531,525810
9005,2021-06-27,208,5,2,1,1991,2.73,19.65,2,0,4.29,0.944,733565
9006,2022-10-17,320,5,3,2,1986,7.84,1.05,1,1,6.06,0.156,1395154
9007,2021-12-28,170,1,3,1,1981,9.35,7.9,0,0,7.74,0.275,783276
9008,2023-01-30,303,5,2,2,1987,5.4,11.58,2,1,1.16,0.212,1153585
9009,2022-10-01,310,3,1,2,1988,9.95,15.22,0,0,2.19,0.965,1164982
9010,2023-02-14,184,2,1,2,2006,4.85,4.32,1,1,3.72,0.264,742513
9011,2021-02-09,323,5,2,2,2007,5.32,11.1,1,1,8.29,0.121,1246610
9012,2022-02-20,105,2,1,2,2016,7.07,14.37,0,1,5.32,0.797,471545
9013,2021-12-21,145,1,1,2,1994,2.67,13.0,1,0,5.6,0.514,480861
9014,2021-09-12,163,5,1,2,1998,9.12,14.58,1,0,4.68,0.59,730650
9015,2021-05-23,77,2,1,1,2009,8.21,16.73,0,0,4.74,0.607,383767
9016,2023-01-22,51,3,3,1,1992,8.85,9.79,0,1,9.8,0.613,467946
9017,2023-01-10,261,3,2,2,1985,6.49,2.06,0,1,9.09,0.454,1104942
9018,2023-05-03,117,1,1,1,2009,8.95,1.86,0,1,7.53,0.976,603749
9019,2022-12-11,177,4,1,1,1980,7.12,21.54,1,0,3.92,0.174,700107
9020,2022-07-31,73,5,2,2,2021,5.6,17.1,0,1,5.62,0.958,372341
9021,2023-06-19,302,3,3,1,2017,9.39,19.22,2,1,7.2,0.292,1238611
9022,2021-01-11,279,3,1,2,2004,4.96,23.26,1,1,4.55,0.19,956358
9023,2022-09-12,225,1,1,2,2014,5.51,18.89,1,1,5.72,0.626,792252
9024,2021-01-26,270,3,3,1,2005,2.53,17.46,0,1,2.31,0.892,875621
9025,2022-02-25,85,5,2,2,1992,9.53,16.57,1,1,1.84,0.363,512502
9026,2022-10-25,51,1,1,2,1998,2.99,6.84,0,1,2.51,0.075,277675
9027,2021-08-09,323,2,1,1,1989,2.81,23.95,1,1,7.8,0.537,1092249
9028,2023-05-03,226,1,2,1,1986,1.91,13.78,0,1,2.71,0.985,741413
9029,2022-05-11,313,5,3,2,1994,5.08,5.94,1,1,9.32,0.39,1262276
9030,2021-08-25,235,5,2,1,2002,3.46,5.64,2,0,4.32,0.02,955837
9031,2021-08-25,64,2,1,2,2015,7.67,20.47,0,1,2.52,0.501,297470
9032,2021-08-07,328,1,3,1,2022,3.77,6.63,0,0,8.43,0.384,1191859
9033,2022-05-02,243,5,3,1,2010,7.49,1.51,2,1,5.11,0.067,1101407
9034,2022-04-06,247,5,3,1,1987,2.76,11.0,0,0,4.5,0.875,907944
9035,2022-10-25,113,2,2,2,2009,3.07,20.53,1,0,3.97,0.619,429166
9036,2022-09-27,339,4,2,1,2013,8.26,10.65,1,1,3.97,0.154,1347650
9037,2021-05-24,67,1,2,2,2012,4.34,20.19,1,1,6.97,0.926,287255
9038,2021-07-08,113,5,1,2,1980,2.01,20.77,2,0,5.87,0.576,464928
9039,2021-09-12,300,3,2,2,1995,9.65,21.51,2,0,5.21,0.689,1197846
9040,2021-03-09,66,2,3,1,1990,2.6,14.93,1,0,5.02,0.583,284809
9041,2022-09-08,190,4,1,1,2006,2.35,17.64,2,0,2.28,0.978,643858
9042,2021-12-02,294,4,1,2,2001,4.23,6.92,0,1,8.45,0.891,1090438
9043,2022-11-02,339,2,1,2,2019,1.86,2.94,2,0,9.34,0.017,1251984
9044,2023-04-01,136,4,3,1,1998,2.4,13.55,0,1,8.22,0.015,583267
9045,2023-05-24,248,5,2,1,1985,8.62,0.76,1,0,5.06,0.488,1057496
9046,2022-02-13,210,4,3,1,2019,2.54,11.91,1,1,9.75,0.314,874232
9047,2021-10-27,189,1,2,1,2018,2.0,3.0,1,1,6.57,0.539,728497
9048,2022-08-25,125,3,1,2,1999,8.92,3.16,2,1,7.97,0.338,688427
9049,2021-12-23,68,5,1,2,1982,4.99,21.83,1,0,7.67,0.878,300610
9050,2021-09-13,99,2,3,1,1980,2.41,16.19,2,0,7.37,0.17,413403
9051,2021-12-19,281,3,2,2,2002,6.23,16.31,1,1,6.78,0.057,1076507
9052,2023-01-02,344,5,1,1,2017,1.37,10.41,0,1,2.9,0.343,1185319
9053,2022-06-05,61,3,3,1,1982,4.85,10.62,2,0,3.65,0.139,328527
9054,2022-06-08,64,4,3,1,2013,6.31,7.93,0,0,8.98,0.592,453079
9055,2023-04-17,77,2,2,1,1996,9.61,11.14,0,0,2.62,0.472,454428
9056,2023-01-26,341,2,2,2,2006,3.94,14.88,0,0,2.37,0.708,1116569
9057,2022-11-25,299,1,2,2,2018,7.89,5.07,1,1,3.56,0.073,1143475
9058,2021-10-11,147,4,1,2,2002,2.19,6.91,0,0,4.26,0.754,580119
9059,2021-11-08,88,1,3,1,2017,4.9,12.62,0,0,5.98,0.277,407260
9060,2021-04-09,87,1,2,2,1990,3.01,9.93,0,0,6.45,0.671,371952
9061,2021-07-16,349,4,3,1,1994,5.43,20.58,2,0,8.12,0.291,1298149
9062,2022-04-27,228,5,1,2,2005,4.76,20.63,2,0,1.66,0.834,804465
9063,2023-05-28,146,1,1,1,1990,9.82,8.73,2,0,2.87,0.834,676116
9064,2021-08-14,331,3,2,2,1986,9.26,11.54,2,0,5.55,0.306,1326218
9065,2023-04-25,287,5,1,1,1987,6.24,24.43,2,1,3.26,0.91,1036684
9066,2022-09-07,213,4,3,2,1984,2.59,20.77,2,0,8.86,0.321,817515
9067,2022-09-10,146,2,3,2,1996,6.01,5.78,2,1,6.76,0.896,668818
9068,2021-12-31,306,5,1,2,2002,8.13,7.37,1,1,5.41,0.193,1264006
9069,2022-01-03,311,1,1,2,1981,1.34,2.55,2,0,1.0,0.288,1080799
9070,2022-07-24,342,3,1,2,2006,4.91,17.11,0,0,8.73,0.884,1227738
9071,2022-08-13,307,4,3,2,2000,1.38,8.26,1,1,5.15,0.081,1090365
9072,2021-03-16,298,2,1,2,1986,3.2,13.65,2,1,5.78,0.702,1052326
9073,2021-02-11,294,3,2,1,2017,1.83,19.32,2,1,7.28,0.682,1026720
9074,2022-02-26,300,2,2,1,2005,9.65,20.98,0,1,9.44,0.972,1182834
9075,2023-04-16,172,4,3,1,2009,2.52,8.47,0,0,2.42,0.972,662110
9076,2021-06-30,218,5,1,2,1991,2.35,6.31,0,1,1.64,0.48,817522
9077,2022-06-29,224,1,1,2,1990,9.75,21.29,1,0,2.1,0.658,808157
9078,2021-03-12,318,4,1,1,1996,5.64,9.84,1,1,7.67,0.156,1233733
9079,2022-07-22,253,3,2,2,1989,7.82,20.64,1,1,2.16,0.226,946326
9080,2021-04-15,115,5,2,1,1995,3.95,4.17,1,0,5.51,0.558,537103
9081,2021-07-19,108,2,2,2,1994,5.8,22.84,0,1,7.36,0.238,498056
9082,2021-04-11,268,5,2,1,1994,1.06,12.34,0,1,7.41,0.217,976831
9083,2023-02-07,315,5,2,2,1999,4.68,4.67,0,0,4.66,0.023,1258056
9084,2021-11-03,190,3,3,2,1983,6.0,13.61,0,1,7.29,0.073,807946
9085,2022-08-09,285,1,3,2,2011,5.63,21.82,0,1,9.55,0.711,1021725
9086,2022-11-14,267,5,1,2,2001,4.65,10.04,2,0,1.25,0.014,1022926
9087,2022-01-12,64,5,1,2,2014,8.09,4.86,0,0,7.04,0.896,455248
9088,2022-10-17,187,1,2,2,1993,5.51,14.63,0,1,5.7,0.079,740143
9089,2022-11-09,281,1,1,1,2009,6.73,20.94,2,1,2.91,0.157,993226
9090,2022-02-03,138,2,3,1,2010,2.66,3.47,1,0,3.77,0.34,560993
9091,2023-02-12,126,2,3,1,1989,8.75,1.51,0,0,8.53,0.727,674553
9092,2021-08-09,185,1,1,2,1985,4.27,1.88,2,1,6.28,0.701,730636
9093,2022-08-18,159,4,2,1,2006,5.34,6.15,2,0,1.13,0.247,704466
9094,2021-07-01,140,1,3,2,1990,4.17,0.68,2,0,9.69,0.327,673246
9095,2021-11-03,239,2,1,1,2015,9.03,11.0,2,1,7.0,0.821,993629
9096,2022-06-06,122,3,2,1,1989,9.11,17.59,1,1,4.98,0.497,611912
9097,2022-01-31,222,3,1,1,1995,3.02,17.91,1,0,7.41,0.458,801760
9098,2021-01-04,84,5,2,2,2003,7.77,16.1,1,0,2.84,0.633,496221
9099,2023-05-13,259,3,2,2,2000,1.93,7.76,0,1,3.34,0.457,929910
9100,2023-04-28,347,2,3,1,2019,1.27,18.53,2,0,2.37,0.434,1088087
9101,2023-03-15,182,3,3,2,2020,8.53,14.62,0,1,4.57,0.799,772192
9102,2021-10-08,332,4,1,1,2015,2.18,21.6,2,0,9.14,0.931,1112374
9103,2021-08-03,247,1,1,2,2021,2.39,12.21,2,1,4.5,0.549,860042
9104,2022-09-02,81,1,2,1,2002,6.46,4.91,1,1,3.59,0.289,435331
9105,2022-02-24,185,2,3,2,2000,8.35,16.05,1,1,7.33,0.95,802741
9106,2021-04-11,297,5,2,1,2011,2.71,4.19,0,1,8.83,0.702,1132363
9107,2022-06-05,195,1,2,2,1996,2.03,24.1,2,0,3.2,0.654,605621
9108,2022-07-27,192,3,2,2,1996,1.7,17.73,2,0,8.27,0.607,684360
9109,2021-11-05,283,4,2,1,2000,1.22,19.03,0,1,3.74,0.74,928121
9110,2022-10-20,93,5,2,2,1983,2.05,17.14,1,1,3.23,0.776,374444
9111,2022-05-25,81,5,2,2,2002,9.48,2.89,2,0,5.26,0.791,574075
9112,2021-03-04,280,5,1,2,2004,1.86,11.9,2,0,1.6,0.976,980632
9113,2022-09-25,77,1,3,2,2011,6.38,16.46,2,1,8.76,0.411,455724
9114,2021-08-14,209,5,3,2,1985,9.29,6.12,1,0,8.87,0.243,1031974
9115,2021-04-15,256,2,2,2,1993,6.65,17.15,1,0,7.1,0.394,985224
9116,2023-02-11,67,3,2,2,2020,1.29,20.59,0,0,3.73,0.767,199378
9117,2023-05-11,152,4,2,2,2017,6.37,7.24,1,1,2.5,0.541,694901
9118,2022-03-01,119,3,3,2,2021,9.13,5.39,1,0,7.29,0.865,680340
9119,2021-09-12,168,2,3,1,2017,3.9,22.14,0,0,1.93,0.236,602722
9120,2022-03-05,188,2,2,2,2020,3.82,0.63,0,0,4.7,0.737,741993
9121,2022-03-10,209,3,3,2,1995,3.24,6.77,2,1,1.8,0.249,808116
9122,2021-07-26,281,1,2,1,2011,5.55,10.46,1,1,4.84,0.799,1044339
9123,2021-01-28,197,2,2,2,1995,3.14,16.97,0,0,2.21,0.438,616009
9124,2022-11-13,292,5,2,2,1998,7.51,24.93,0,1,1.29,0.989,1074933
9125,2021-12-02,84,4,1,2,2016,6.8,9.59,2,1,5.05,0.669,500099
9126,2022-08-11,288,4,3,2,2022,4.61,23.75,1,1,6.11,0.742,1030754
9127,2022-09-20,198,2,3,1,2000,7.5,9.49,2,1,4.95,0.043,866353
9128,2021-03-10,160,5,3,2,1994,1.89,17.54,1,0,2.59,0.703,617810
9129,2023-05-16,66,3,2,2,2005,7.75,4.55,0,0,1.7,0.419,390298
9130,2023-01-16,275,4,1,1,2009,6.43,11.78,2,1,2.14,0.323,1050800
9131,2022-05-28,189,5,2,1,2019,6.67,21.85,1,1,7.54,0.795,819053
9132,2021-06-16,193,5,2,1,1994,1.58,8.34,0,1,1.14,0.229,698137
9133,2023-05-14,309,1,2,2,2022,6.56,3.08,2,1,8.77,0.182,1246483
9134,2022-12-31,266,2,1,1,1992,5.45,13.31,2,0,8.56,0.355,1009711
9135,2023-02-24,211,5,2,2,2006,5.37,11.27,0,1,8.92,0.629,933578
9136,2022-01-03,141,3,2,1,2002,3.9,6.12,1,1,8.91,0.257,646648
9137,2021-09-08,223,4,1,1,2013,1.07,22.69,1,0,7.01,0.559,715143
9138,2023-05-09,254,1,2,2,2013,4.8,15.24,2,0,8.63,0.385,954709
9139,2023-05-06,202,3,2,1,2002,4.61,9.01,0,1,7.57,0.397,815939
9140,2022-11-17,152,4,3,2,1999,4.81,24.91,1,1,3.7,0.203,611174
9141,2021-06-19,251,2,1,1,1988,6.51,3.87,1,1,7.8,0.322,1042044
9142,2023-01-28,329,3,3,1,1999,3.7,21.27,1,0,6.54,0.274,1133955
9143,2021-03-31,114,4,2,2,2018,3.42,6.15,2,1,1.25,0.243,552777
9144,2022-07-15,166,1,1,2,1993,5.48,6.37,2,0,8.08,0.081,709216
9145,2022-03-22,202,4,1,1,2005,6.33,12.7,2,0,8.84,0.433,849662
9146,2021-10-21,205,5,2,2,2006,6.11,16.72,1,1,5.66,0.245,866294
9147,2021-05-30,213,1,3,1,2013,8.93,17.42,0,0,5.38,0.961,866738
9148,2021-05-12,131,3,2,2,2008,7.92,1.04,0,0,4.85,0.602,635249
9149,2022-03-09,55,2,1,1,2011,1.47,7.53,0,0,7.47,0.462,249253
9150,2021-02-28,116,1,1,2,2020,6.07,16.68,2,0,2.94,0.338,484279
9151,2023-04-16,287,1,2,1,1984,4.76,22.3,1,0,7.97,0.461,990936
9152,2021-07-18,121,1,2,1,1983,4.25,16.91,1,1,3.63,0.341,468826
9153,2021-08-03,144,4,2,1,2002,9.62,7.01,0,0,3.35,0.857,689745
9154,2023-06-17,127,5,2,1,2000,5.11,12.94,1,0,8.28,0.256,625075
9155,2022-07-15,116,2,3,2,2012,7.47,16.37,0,1,2.57,0.28,503721
9156,2022-04-17,225,2,3,2,2020,9.7,3.82,2,1,8.76,0.71,1045671
9157,2023-01-14,221,5,3,2,2003,2.36,13.85,0,0,9.8,0.901,858021
9158,2021-09-04,304,4,3,1,1995,1.49,12.06,2,1,3.88,0.68,1087640
9159,2022-01-17,112,4,1,1,2011,3.82,8.75,1,1,9.35,0.085,553313
9160,2021-08-27,295,5,1,1,1998,1.4,15.78,1,1,6.1,0.899,1047997
9161,2022-01-02,241,5,3,2,2005,2.05,16.09,2,1,3.33,0.769,827972
9162,2021-06-17,120,3,2,2,1982,9.93,24.3,1,1,5.07,0.24,572865
9163,2022-07-14,278,4,1,2,2014,9.64,10.99,2,0,8.2,0.063,1235609
9164,2021-02-20,112,1,2,2,2018,7.22,13.52,0,1,7.0,0.717,521098
9165,2023-03-22,346,2,3,1,1997,7.78,4.36,2,1,5.45,0.235,1397146
9166,2022-09-02,294,4,1,1,1986,2.26,13.93,0,0,3.32,0.524,1001061
9167,2022-12-29,56,5,1,1,2011,6.36,1.38,1,1,7.53,0.09,505435
9168,2022-11-20,309,1,1,1,2003,2.39,4.17,0,0,3.82,0.568,1050566
9169,2022-01-15,138,3,1,2,1995,4.41,4.7,0,1,3.98,0.021,614754
9170,2022-04-19,226,3,3,1,2003,4.11,16.0,1,0,7.72,0.534,880010
9171,2021-03-21,253,1,1,2,1983,6.53,14.4,1,1,6.03,0.834,966767
9172,2022-11-28,183,1,3,2,2011,1.72,20.05,0,0,2.67,0.581,534638
9173,2022-01-02,131,5,1,1,2021,1.93,11.88,2,0,7.18,0.885,540986
9174,2022-04-06,70,5,3,2,2013,6.49,12.13,0,0,3.32,0.549,395013
9175,2022-06-23,177,2,3,2,1998,6.73,4.46,1,0,7.84,0.687,794678
9176,2022-03-28,244,2,2,1,1993,4.06,18.7,2,1,5.31,0.366,872934
9177,2022-04-09,243,3,3,2,2017,2.32,0.59,0,1,6.35,0.297,914495
9178,2022-04-23,233,1,2,1,1992,8.97,10.91,1,1,6.41,0.336,994856
9179,2022-02-24,296,3,1,2,2001,1.48,5.11,2,1,2.32,0.103,1026768
9180,2022-12-08,209,5,2,2,2010,7.46,19.39,1,1,6.85,0.254,890152
9181,2021-08-02,243,4,3,2,2009,2.26,17.0,2,0,8.8,0.387,911376
9182,2022-01-04,159,5,2,2,2002,6.74,17.82,0,0,9.02,0.342,705094
9183,2023-05-04,115,4,1,2,1991,6.97,4.14,2,1,7.2,0.496,644435
9184,2021-04-24,303,1,2,1,2022,8.24,16.89,2,1,9.72,0.488,1177601
9185,2023-01-24,332,1,3,2,1993,4.56,17.43,0,0,6.38,0.735,1131161
9186,2022-05-18,109,1,3,2,2015,1.2,0.56,2,0,3.29,0.396,421662
9187,2022-09-28,167,2,1,2,1987,8.3,8.28,0,1,6.94,0.677,729878
9188,2023-03-28,93,2,1,2,2003,5.0,2.64,1,1,9.18,0.891,501831
9189,2022-08-11,259,4,2,1,1982,8.62,17.19,1,1,4.23,0.456,999105
9190,2021-11-07,85,3,1,2,1993,7.98,5.7,1,0,3.38,0.553,509959
9191,2022-04-14,68,3,3,2,1990,5.48,6.98,0,0,9.7,0.677,430478
9192,2023-04-04,140,4,2,2,2017,9.99,2.42,0,0,7.9,0.494,753686
9193,2022-12-09,261,2,2,1,2007,5.16,12.35,0,0,1.45,0.163,949082
9194,2023-05-13,271,5,2,2,2002,7.27,1.31,0,1,6.05,0.294,1151379
9195,2021-02-13,266,4,2,2,1997,7.03,21.22,1,1,3.11,0.028,1034370
9196,2022-02-19,272,3,1,2,1999,5.66,1.15,0,1,3.58,0.684,1030459
9197,2022-11-29,147,4,2,1,2012,6.27,2.01,1,1,1.79,0.28,674859
9198,2023-05-05,68,4,2,2,1981,8.19,16.19,2,0,3.08,0.824,407125
9199,2021-09-03,346,1,2,2,2018,6.14,22.96,2,1,5.55,0.656,1229873
9200,2021-03-25,75,2,3,2,2016,5.05,22.36,1,1,1.71,0.736,305059
9201,2021-07-26,77,1,3,1,2005,6.96,2.55,2,0,9.01,0.882,490274
9202,2021-05-31,113,2,1,2,1981,1.32,7.57,1,1,7.98,0.426,450247
9203,2022-10-30,272,4,3,2,1982,1.98,13.27,0,0,4.43,0.189,961649
9204,2022-06-12,129,2,3,2,1999,2.13,1.15,1,1,2.17,0.936,504596
9205,2021-06-14,100,3,1,2,1989,4.83,13.45,0,1,9.95,0.996,493967
9206,2021-05-25,151,1,1,1,2021,8.85,11.47,2,0,6.07,0.218,719574
9207,2021-02-06,225,4,2,1,2000,6.79,14.92,1,0,4.81,0.741,897258
9208,2021-11-29,59,3,2,1,2019,9.75,23.05,0,0,2.79,0.072,399997
9209,2022-02-07,286,2,1,2,1988,1.36,7.23,1,0,2.83,0.027,993004
9210,2022-02-18,149,2,2,1,1981,7.5,16.16,1,1,8.17,0.675,690182
9211,2021-02-14,277,3,2,2,2007,3.83,11.03,1,0,5.68,0.255,1021391
9212,2022-02-06,113,2,2,2,1982,1.21,11.16,2,1,9.86,0.868,462871
9213,2021-07-25,68,1,1,2,1995,8.43,16.36,0,1,9.58,0.513,405970
9214,2021-03-03,190,5,3,1,1983,2.46,23.81,2,1,2.86,0.782,652881
9215,2022-02-24,74,2,3,1,2002,2.93,21.64,0,0,9.99,0.103,330173
9216,2023-05-18,277,4,1,2,2009,4.06,16.17,1,1,9.88,0.874,1039290
9217,2022-04-13,138,2,1,2,2017,8.1,11.81,2,0,8.19,0.19,656680
9218,2023-03-31,141,4,2,1,1992,6.62,10.89,0,0,4.52,0.568,642236
9219,2021-01-19,91,2,1,1,1985,3.38,19.78,0,1,3.02,0.61,301867
9220,2021-12-31,344,2,1,2,1989,2.52,5.85,2,1,1.93,0.066,1190945
9221,2021-10-27,130,4,1,1,1996,1.99,14.9,0,1,1.47,0.978,439664
9222,2021-01-07,156,1,1,2,1987,2.35,12.87,0,1,8.39,0.302,543432
9223,2023-01-31,160,5,2,1,1988,8.81,16.41,1,1,9.51,0.714,803763
9224,2022-03-04,326,5,2,1,2013,9.3,5.09,0,1,7.95,0.632,1375143
9225,2021-04-27,263,1,1,1,1996,9.71,17.55,0,0,7.83,0.033,1060522
9226,2022-08-03,280,2,1,2,2022,8.51,15.86,2,1,4.74,0.862,1079957
9227,2022-05-22,170,5,3,2,2001,8.99,4.91,0,0,6.77,0.304,856725
9228,2022-06-30,183,1,3,2,1982,8.34,11.52,1,1,7.04,0.249,824080
9229,2022-12-07,257,1,1,2,2020,9.62,17.13,2,1,3.32,0.059,1019465
9230,2021-11-21,306,5,3,1,2019,8.61,22.59,2,0,7.65,0.25,1195277
9231,2021-02-24,234,4,3,2,2008,5.16,3.49,0,1,2.32,0.62,942662
9232,2023-02-17,335,3,2,1,2018,3.91,0.71,2,0,3.64,0.201,1248828
9233,2021-02-11,229,4,2,2,2006,6.26,4.55,2,0,6.31,0.467,1010297
9234,2021-10-24,97,2,2,2,2018,6.47,24.74,2,1,5.86,0.8,415006
9235,2021-08-19,136,4,3,2,2019,6.17,19.33,1,1,7.34,0.955,603295
9236,2022-03-29,68,3,1,1,2016,7.36,15.55,1,1,6.25,0.7,367889
9237,2023-06-09,95,3,2,1,1982,7.29,3.76,0,0,1.45,0.196,497386
9238,2022-01-29,105,1,3,1,1998,1.78,10.69,1,0,9.8,0.383,407744
9239,2022-06-06,278,2,1,2,2013,3.57,18.02,0,0,7.87,0.554,998753
9240,2021-12-24,194,1,2,2,1993,9.01,22.45,2,1,8.92,0.871,812863
9241,2022-03-20,141,4,3,1,2000,6.31,9.85,1,1,8.24,0.548,689049
9242,2021-05-08,131,4,2,1,1981,3.96,24.99,1,1,2.91,0.491,494082
9243,2022-11-22,274,5,3,1,1989,8.65,3.92,1,0,9.39,0.26,1204096
9244,2022-02-09,128,1,2,1,2021,3.24,9.98,1,1,9.86,0.5,548608
9245,2022-01-27,199,1,3,2,1996,4.68,21.95,2,0,1.71,0.319,668112
9246,2021-07-12,332,1,1,2,1981,3.49,16.42,2,1,2.43,0.564,1073794
9247,2022-08-27,209,1,2,2,2006,8.84,20.37,1,0,9.91,0.809,862866
9248,2023-05-31,205,3,2,2,1980,7.55,22.74,2,1,3.64,0.946,783118
9249,2023-01-13,205,5,3,2,2015,5.14,12.93,2,0,8.38,0.81,829587
9250,2021-03-19,251,2,1,1,2012,9.39,6.25,2,1,1.67,0.828,995104
9251,2021-03-26,166,2,1,1,2001,9.35,17.5,0,0,7.59,0.358,752796
9252,2021-01-30,203,2,2,2,2014,7.4,14.31,1,1,7.31,0.696,823528
9253,2022-12-26,168,3,3,1,2013,9.03,19.43,0,0,9.44,0.388,783930
9254,2021-02-18,248,5,2,2,1997,7.47,13.04,0,0,7.56,0.024,1029157
9255,2023-02-16,312,5,3,2,2015,6.65,20.37,2,0,1.37,0.885,1138353
9256,2021-05-25,233,3,1,1,1982,4.79,22.6,0,0,5.05,0.052,839259
9257,2021-03-10,197,1,2,1,1995,3.46,18.86,2,1,4.13,0.116,691605
9258,2021-02-27,215,4,3,2,1990,1.54,18.72,2,0,6.14,0.018,789064
9259,2022-11-28,124,1,1,2,1989,8.21,14.89,0,0,4.85,0.067,560683
9260,2022-07-28,285,2,3,1,2021,2.1,12.06,1,1,3.53,0.059,997754
9261,2022-04-24,321,1,2,1,2000,4.69,24.33,1,1,6.95,0.677,1089633
9262,2023-03-31,228,3,3,2,2004,3.11,16.31,2,1,3.8,0.853,800457
9263,2022-03-21,332,2,2,1,2014,5.09,21.09,0,1,8.66,0.797,1172902
9264,2021-10-23,100,4,1,2,1985,3.83,12.88,1,0,3.91,0.626,443872
9265,2022-11-09,124,2,3,2,1987,8.47,14.09,0,0,5.64,0.786,557800
9266,2021-06-20,193,1,1,1,2013,9.8,16.74,0,1,8.43,0.457,812374
9267,2022-07-29,237,5,1,1,2020,9.47,18.35,0,1,8.41,0.906,953622
9268,2021-05-27,172,5,2,2,1980,6.6,11.48,2,0,6.27,0.46,788266
9269,2022-04-29,300,5,2,1,1982,9.81,9.23,2,1,4.42,0.028,1243724
9270,2021-11-02,345,2,1,1,2017,4.61,6.37,2,1,6.02,0.702,1270496
9271,2022-11-04,179,5,2,1,2006,5.7,10.88,1,1,8.65,0.831,807419
9272,2022-10-15,301,3,1,1,1992,3.31,5.68,0,0,2.97,0.225,1093928
9273,2023-04-26,229,4,2,1,2022,9.08,10.71,2,1,2.1,0.318,986405
9274,2022-09-01,159,5,2,2,1998,2.62,21.93,0,0,6.24,0.695,548726
9275,2022-03-22,127,3,3,1,1998,6.49,24.44,0,0,6.17,0.574,524923
9276,2021-08-09,51,3,3,1,1985,8.2,14.64,2,1,3.64,0.89,364077
9277,2022-07-09,325,2,2,1,1993,6.36,4.08,1,1,4.91,0.478,1256525
9278,2023-03-15,339,2,1,2,1984,1.71,10.98,2,1,1.8,0.672,1134833
9279,2022-01-13,346,4,1,2,2022,6.5,15.25,0,0,2.18,0.272,1233143
9280,2022-09-12,218,4,1,2,2015,7.9,9.58,0,1,8.45,0.929,928421
9281,2021-09-23,289,1,2,1,1988,2.69,5.53,1,1,5.18,0.37,1039796
9282,2021-04-05,72,4,2,2,2002,7.63,6.06,2,0,1.9,0.54,422876
9283,2021-09-19,343,2,1,1,2011,8.91,12.11,0,0,9.66,0.616,1300215
9284,2023-04-05,221,3,3,1,2008,9.88,5.8,0,1,2.89,0.254,983208
9285,2023-06-16,335,1,3,2,2007,4.69,6.61,0,0,3.85,0.317,1188957
9286,2021-03-12,242,4,1,2,2019,1.23,21.89,0,1,9.75,0.502,811965
9287,2021-08-07,218,3,2,2,1990,4.77,19.59,2,0,2.63,0.271,762497
9288,2022-06-17,167,2,2,2,1998,6.94,1.86,2,0,9.72,0.13,830080
9289,2021-04-02,55,5,1,1,1980,9.02,8.34,2,1,7.5,0.837,470813
9290,2021-05-07,181,1,3,2,1988,9.44,13.53,2,1,4.84,0.325,812871
9291,2021-03-21,142,3,1,1,1981,9.19,1.98,2,1,6.35,0.416,747267
9292,2023-04-04,300,2,1,2,1983,6.92,17.24,1,1,5.57,0.547,1090811
9293,2021-08-26,59,2,1,2,2008,7.14,9.92,2,0,8.24,0.842,340154
9294,2022-01-07,100,1,3,2,1983,1.02,10.23,0,0,1.57,0.14,360656
9295,2022-05-01,343,1,1,1,1980,4.27,7.0,2,1,8.32,0.626,1244701
9296,2022-11-25,178,4,3,2,2007,9.16,8.68,1,1,9.74,0.351,911450
9297,2021-01-25,298,4,2,1,1997,7.21,21.61,0,1,4.87,0.87,1076023
9298,2021-06-05,151,1,3,1,1992,5.21,19.82,1,0,2.72,0.661,578290
9299,2022-06-01,132,1,3,1,2019,1.94,23.43,0,0,1.98,0.145,410819
9300,2022-09-24,240,3,1,1,1985,3.22,17.63,0,1,4.12,0.297,836031
9301,2023-02-28,192,4,2,1,2022,5.99,14.66,2,0,2.18,0.036,758691
9302,2022-06-14,286,2,1,1,2018,9.08,6.85,1,1,3.07,0.771,1124645
9303,2022-12-11,336,4,3,1,2001,1.86,16.84,1,1,6.89,0.413,1202020
9304,2021-02-26,326,4,3,1,2009,2.38,22.7,0,0,4.74,0.049,1069179
9305,2022-08-28,340,1,1,1,2006,6.9,2.19,2,0,9.11,0.013,1336823
9306,2021-01-19,218,1,2,2,1987,3.65,11.36,0,1,5.18,0.956,770806
9307,2022-01-19,193,4,3,2,2022,2.53,4.16,1,1,2.39,0.852,759857
9308,2023-05-15,233,5,3,2,2007,2.61,20.36,0,1,2.25,0.334,792341
9309,2021-07-12,94,5,3,1,1981,5.43,15.55,2,0,7.24,0.517,519132
9310,2021-08-25,292,4,2,1,1999,6.25,22.05,1,1,6.71,0.576,1105236
9311,2022-01-22,317,5,1,2,1990,9.14,2.05,0,1,7.37,0.515,1347177
9312,2022-03-02,302,4,2,2,1993,5.77,22.69,2,0,4.05,0.308,1079248
9313,2021-10-04,338,1,2,1,2003,7.22,2.15,1,1,9.24,0.391,1364216
9314,2021-08-15,261,1,3,2,1992,2.63,7.55,2,0,2.02,0.181,911731
9315,2023-01-15,226,1,2,1,1987,7.42,4.33,0,1,1.3,0.033,869060
9316,2022-07-06,70,2,3,2,2000,6.84,4.06,1,1,7.68,0.155,495636
9317,2021-11-19,101,1,2,1,2001,2.95,4.71,2,1,7.09,0.013,487716
9318,2021-06-02,282,1,2,1,1988,7.02,12.27,1,1,5.44,0.433,1096490
9319,2022-10-01,172,4,1,1,2021,2.9,19.72,0,0,1.39,0.661,547183
9320,2021-08-25,149,5,2,1,2022,6.34,22.51,0,0,2.03,0.181,594168
9321,2021-02-24,263,5,1,2,1990,7.02,14.39,2,0,2.76,0.534,1007813
9322,2022-03-12,184,1,3,1,1995,7.24,4.36,1,0,6.75,0.325,834616
9323,2022-11-15,267,1,3,1,1988,9.18,2.44,0,0,6.97,0.12,1113042
9324,2021-04-19,137,1,1,2,1982,9.53,12.61,2,0,7.09,0.128,693106
9325,2023-05-16,329,4,3,2,2015,8.29,19.25,2,1,8.23,0.618,1280992
9326,2021-07-03,89,4,3,2,2021,8.91,15.69,2,0,1.22,0.118,493956
9327,2022-01-03,289,4,2,1,1992,1.17,14.78,1,1,6.79,0.553,1018127
9328,2021-07-17,185,5,1,1,1980,4.26,1.68,0,1,3.26,0.191,769207
9329,2022-01-06,231,2,3,2,1990,1.36,10.58,0,0,6.14,0.866,807951
9330,2022-01-08,314,5,1,2,2003,3.02,13.98,1,0,7.64,0.05,1162315
9331,2022-05-12,308,4,2,2,1984,4.44,15.16,0,0,7.48,0.387,1122047
9332,2022-08-22,231,3,3,1,1981,8.81,0.62,2,0,3.59,0.762,1016833
9333,2021-07-20,70,2,3,2,1996,5.61,5.39,2,1,4.2,0.749,417350
9334,2023-04-29,245,1,1,2,1996,6.84,23.77,1,0,9.26,0.145,925914
9335,2022-05-24,261,5,3,1,1999,4.27,12.96,2,0,8.64,0.197,1074704
9336,2021-11-18,65,2,1,1,1994,6.43,17.74,0,1,3.31,0.546,318191
9337,2021-10-02,251,3,3,1,1983,8.34,8.05,0,1,6.28,0.684,1061606
9338,2021-07-30,267,2,2,2,1990,3.71,14.84,1,0,1.97,0.752,881984
9339,2022-05-19,142,5,2,1,2002,9.39,9.23,2,0,6.88,0.621,717458
9340,2021-04-28,182,4,1,1,1980,2.92,7.78,0,0,6.59,0.783,690833
9341,2022-12-04,188,1,3,2,2021,9.27,10.58,0,1,3.38,0.44,816468
9342,2022-07-08,206,4,3,1,1983,1.25,11.77,0,1,4.8,0.561,762414
9343,2021-02-11,119,4,1,2,2017,5.88,8.61,2,0,8.04,0.433,547876
9344,2021-11-11,64,5,2,2,1981,9.87,6.82,0,1,3.3,0.761,480996
9345,2023-02-27,284,4,2,1,2006,6.49,15.78,2,0,7.92,0.175,1146499
9346,2021-11-25,261,4,2,2,2013,5.99,9.83,0,1,3.85,0.252,1071612
9347,2021-01-17,339,5,1,2,1992,7.14,5.44,2,0,8.56,0.837,1375784
9348,2021-10-10,109,5,2,2,1997,3.6,19.08,0,0,1.27,0.714,396841
9349,2021-09-15,301,3,1,1,1990,1.49,18.23,2,0,3.32,0.735,963732
9350,2022-07-29,51,4,2,2,1984,3.26,22.23,1,0,2.6,0.099,238525
9351,2022-07-28,285,2,2,2,2008,2.59,14.1,1,1,9.02,0.484,1045298
9352,2022-09-04,68,1,1,1,2004,9.31,7.35,1,1,4.86,0.564,457697
9353,2021-01-19,98,1,3,1,1993,8.67,21.66,0,0,5.91,0.78,463640
9354,2022-06-13,127,5,3,2,2020,3.86,7.37,2,1,3.18,0.422,572986
9355,2023-04-17,77,5,3,2,2017,8.52,16.56,0,0,2.16,0.541,414966
9356,2022-02-27,97,3,2,1,2020,2.91,5.16,2,0,6.38,0.238,504880
9357,2022-04-11,145,4,2,2,2016,2.8,15.91,2,1,3.55,0.832,547814
9358,2022-01-08,214,5,3,1,1990,7.91,21.1,0,0,9.36,0.914,876805
9359,2023-01-28,225,5,2,1,2011,3.94,13.73,2,1,5.29,0.464,863553
9360,2023-02-02,122,1,2,1,1985,1.58,12.04,1,1,2.24,0.437,412620
9361,2021-03-22,78,4,3,2,1985,7.48,24.84,0,0,1.21,0.328,400647
9362,2022-07-05,206,3,1,1,2001,9.91,1.05,1,0,3.09,0.267,929411
9363,2022-07-02,328,5,3,1,1982,6.09,8.63,1,0,3.88,0.553,1274511
9364,2022-02-28,332,5,3,1,1998,3.37,23.01,1,1,2.86,0.169,1171722
9365,2022-03-05,56,5,1,2,2013,4.36,16.24,0,1,4.29,0.589,298086
9366,2022-01-23,231,1,2,2,2020,6.84,13.78,1,1,8.91,0.561,884366
9367,2022-12-10,158,5,3,1,2020,7.31,16.12,0,0,1.43,0.694,684047
9368,2022-11-01,255,5,3,1,1986,8.98,8.39,0,0,8.21,0.226,1114637
9369,2021-07-23,283,1,2,2,1995,9.18,2.24,1,1,4.83,0.702,1119269
9370,2021-07-15,236,5,2,2,2017,8.75,7.24,2,1,9.16,0.017,1065826
9371,2022-12-29,57,4,1,2,1988,6.84,8.74,2,1,7.0,0.534,428915
9372,2021-10-12,102,4,2,1,1992,5.05,12.26,0,1,2.48,0.844,466782
9373,2021-07-15,248,1,3,2,2013,7.11,10.15,1,0,9.64,0.728,955987
9374,2021-11-03,186,4,2,1,2016,7.0,13.26,0,1,2.39,0.851,741925
9375,2022-10-26,308,3,2,1,2022,2.96,5.3,2,1,4.03,0.148,1152925
9376,2021-01-14,221,5,1,2,1985,5.57,5.01,0,0,9.81,0.719,943177
9377,2023-04-17,135,3,1,1,2017,2.87,9.12,0,1,2.91,0.469,509942
9378,2021-05-26,95,4,3,1,1983,9.09,12.11,2,0,6.68,0.323,582767
9379,2021-02-26,235,1,3,2,1984,3.91,8.87,1,0,9.8,0.356,937744
9380,2022-12-24,205,1,2,1,1985,8.25,14.63,2,1,7.2,0.102,884311
9381,2023-02-19,58,3,3,1,1992,4.4,8.1,1,0,6.96,0.697,369801
9382,2021-07-29,164,4,3,2,2003,7.87,4.84,1,1,6.59,0.632,799293
9383,2022-06-13,203,5,2,1,2007,2.99,21.64,2,1,6.0,0.153,750630
9384,2023-03-09,179,4,2,2,1992,7.87,5.41,0,1,9.54,0.544,868108
9385,2021-12-10,130,4,2,2,2021,2.62,24.18,0,0,5.89,0.13,495316
9386,2022-12-16,339,1,1,1,1997,5.42,24.69,2,0,6.97,0.313,1149406
9387,2022-09-03,196,2,1,1,1986,2.02,17.57,1,1,7.65,0.044,713503
9388,2021-10-06,344,5,2,2,1983,5.75,12.8,2,1,5.75,0.621,1305651
9389,2021-07-28,318,5,1,2,2010,8.39,19.99,0,1,8.99,0.012,1231629
9390,2022-10-03,182,1,1,1,2003,7.8,21.89,0,1,1.21,0.261,665241
9391,2021-12-01,99,4,1,1,2001,1.46,17.88,1,1,4.56,0.267,382444
9392,2021-10-15,72,1,3,1,2000,5.43,3.0,2,0,6.55,0.748,410732
9393,2021-09-09,137,4,2,2,2021,8.67,0.57,0,0,1.17,0.451,707288
9394,2021-09-22,161,2,2,1,2005,6.85,5.2,2,1,9.43,0.573,745224
9395,2021-09-28,160,2,3,1,2009,1.53,5.12,2,1,8.44,0.249,720024
9396,2022-12-01,121,3,1,1,2014,3.93,4.97,2,0,2.97,0.548,518684
9397,2022-02-23,203,4,2,1,2002,6.01,12.99,1,0,3.99,0.149,822961
9398,2022-12-27,106,1,1,2,2019,2.55,13.24,0,0,7.09,0.992,393434
9399,2023-03-06,306,1,3,2,2009,7.14,18.21,1,0,4.07,0.517,1075983
9400,2021-07-30,205,1,1,1,1998,6.71,5.44,0,0,8.71,0.879,878768
9401,2021-12-31,162,3,3,1,2011,2.82,2.77,0,0,3.24,0.106,653226
9402,2021-03-17,96,5,3,2,1998,5.95,16.82,2,0,8.36,0.59,538481
9403,2022-10-22,287,1,1,1,2001,8.31,12.36,2,0,5.18,0.671,1085625
9404,2021-11-17,155,2,1,2,1983,4.37,16.82,0,0,5.08,0.789,535100
9405,2022-12-26,236,1,2,2,1991,3.22,9.83,2,1,2.52,0.486,861060
9406,2022-03-09,208,1,3,2,1994,7.31,18.89,2,0,9.85,0.036,882142
9407,2021-04-19,247,1,1,2,1994,1.64,17.22,2,1,4.1,0.261,879569
9408,2022-10-03,226,5,1,1,1989,8.49,16.43,1,0,2.84,0.281,927915
9409,2022-06-06,310,1,2,2,1998,9.49,1.18,1,0,1.29,0.318,1209119
9410,2021-02-16,336,5,2,1,1987,9.68,21.52,0,0,5.44,0.092,1268379
9411,2022-01-14,342,5,2,1,2010,4.89,9.73,2,1,1.29,0.001,1267242
9412,2023-04-07,192,3,3,2,1988,6.61,3.82,2,0,5.1,0.52,854725
9413,2021-04-06,246,2,2,2,2008,8.72,19.01,2,1,9.12,0.737,993673
9414,2021-04-13,274,1,3,2,1986,3.01,12.42,1,0,5.48,0.23,989284
9415,2023-06-11,92,1,2,1,1987,1.25,1.28,0,0,1.39,0.694,343998
9416,2023-05-04,200,1,3,2,2020,4.46,19.66,2,1,3.38,0.731,686135
9417,2021-05-26,345,5,2,2,1996,8.96,11.16,1,0,1.44,0.411,1322735
9418,2023-05-30,112,4,3,2,1994,5.55,19.0,1,1,8.94,0.525,532548
9419,2021-01-27,179,2,2,1,1995,5.77,19.01,2,0,3.16,0.314,685924
9420,2023-01-02,304,1,2,2,1986,7.22,2.95,2,1,1.59,0.375,1177382
9421,2022-06-14,263,4,1,2,2021,6.17,15.52,1,0,9.68,0.589,1018934
9422,2022-11-10,122,4,3,2,1998,1.49,9.32,1,0,5.38,0.362,478742
9423,2021-03-23,153,4,1,1,2017,6.05,13.89,0,1,4.65,0.501,703204
9424,2022-03-04,207,2,3,2,2004,6.83,2.67,1,1,9.34,0.744,932401
9425,2022-08-07,321,4,1,1,1991,6.77,14.91,1,1,5.78,0.965,1199874
9426,2023-04-02,287,1,2,1,2011,7.56,19.55,0,0,3.53,0.891,969492
9427,2022-04-24,207,1,1,1,1989,5.68,24.68,1,0,8.13,0.914,738689
9428,2023-02-05,158,3,2,1,2003,9.1,8.35,1,1,3.45,0.911,750733
9429,2021-06-11,58,5,3,1,1983,5.18,4.3,0,1,4.99,0.242,432694
9430,2023-04-19,108,4,2,2,2022,5.66,9.46,0,0,8.23,0.946,534411
9431,2022-02-06,241,5,1,2,2016,8.02,0.97,2,0,9.38,0.222,1108013
9432,2022-05-23,185,5,3,1,2021,8.5,10.51,1,1,6.45,0.864,846176
9433,2021-02-07,300,5,1,1,2018,6.84,22.91,2,1,5.54,0.581,1109936
9434,2022-05-26,195,5,2,1,2022,2.14,5.26,0,0,1.69,0.839,716548
9435,2022-01-28,107,5,2,1,1983,3.99,12.2,1,0,6.55,0.982,509862
9436,2022-12-14,226,1,1,2,2015,1.18,14.53,0,1,3.94,0.876,718919
9437,2022-05-09,337,2,3,2,2016,3.66,4.91,1,1,5.63,0.817,1216211
9438,2021-07-19,294,4,1,1,2004,6.13,8.59,2,0,7.7,0.207,1156532
9439,2021-09-12,97,4,2,1,2020,8.25,22.83,1,1,6.76,0.86,448446
9440,2021-06-28,149,1,3,1,2009,6.27,7.75,0,0,1.87,0.166,633636
9441,2022-07-01,262,1,1,2,1980,1.36,16.07,1,1,4.58,0.513,848755
9442,2022-08-17,214,5,2,1,2008,3.33,3.86,2,0,2.8,0.502,855957
9443,2022-01-24,175,2,3,2,1995,6.2,16.91,2,1,2.36,0.519,754550
9444,2022-02-02,170,4,1,2,2016,7.38,7.34,2,0,2.98,0.723,731854
9445,2023-01-02,137,3,3,1,2016,8.8,6.17,0,1,9.29,0.396,748608
9446,2021-06-07,266,1,2,2,1986,9.71,3.54,1,0,7.41,0.457,1110485
9447,2021-01-04,110,3,1,1,2019,9.03,1.65,1,0,9.17,0.659,642175
9448,2021-06-16,228,4,1,2,2012,5.21,24.21,0,1,5.56,0.682,800038
9449,2022-04-13,239,1,2,1,2001,7.72,10.64,2,0,1.01,0.438,890601
9450,2022-02-13,212,4,2,1,2022,3.16,19.55,0,0,1.31,0.052,701468
9451,2022-02-16,130,1,2,1,2006,1.57,23.04,1,1,2.3,0.259,379877
9452,2021-07-23,219,4,1,1,2008,1.5,5.5,1,1,8.03,0.944,834475
9453,2021-07-13,245,3,2,1,1995,3.17,21.81,1,0,2.81,0.927,797295
9454,2021-08-23,252,2,1,1,2000,1.34,17.85,1,1,1.91,0.65,792742
9455,2022-12-19,96,1,1,2,1990,8.65,14.66,1,1,8.75,0.185,516245
9456,2021-05-30,207,3,3,2,2000,5.41,20.32,2,0,3.06,0.096,792781
9457,2021-06-08,243,4,2,1,1988,8.3,3.21,0,1,5.52,0.95,1037083
9458,2021-10-06,328,3,2,2,2006,9.46,6.96,2,0,4.06,0.873,1291240
9459,2023-03-27,318,1,3,1,2018,9.95,3.71,1,0,9.07,0.398,1316244
9460,2022-02-08,248,3,1,2,2001,9.43,22.45,2,0,7.34,0.63,998401
9461,2023-06-12,273,4,1,2,1994,7.45,2.92,0,0,5.09,0.914,1049119
9462,2022-11-09,312,5,1,1,2022,4.98,24.51,1,1,8.77,0.138,1140581
9463,2021-11-07,215,2,2,1,2002,6.38,3.19,2,0,7.54,0.636,896110
9464,2021-03-09,229,2,1,2,2008,8.35,16.71,0,0,8.28,0.919,908929
9465,2022-04-08,241,5,3,2,2018,9.08,16.68,2,0,9.8,0.837,1040339
9466,2021-03-29,265,1,1,2,1995,9.61,23.32,2,0,2.83,0.287,961124
9467,2021-08-05,333,3,2,2,1982,7.58,8.42,0,1,2.82,0.952,1246859
9468,2021-01-01,156,3,2,2,1995,5.86,8.63,1,1,6.01,0.203,724221
9469,2021-05-15,147,5,1,2,1987,9.72,21.23,2,0,5.79,0.209,720186
9470,2022-11-28,279,5,1,1,2005,9.63,24.48,1,1,8.82,0.097,1164078
9471,2021-12-17,306,4,2,2,2021,5.3,1.24,0,1,2.4,0.118,1194256
9472,2021-05-20,92,4,1,1,1988,6.84,16.07,1,1,4.83,0.762,461454
9473,2022-09-10,291,2,3,2,2014,8.28,6.47,2,0,5.75,0.276,1181973
9474,2021-05-13,91,1,2,1,1986,4.9,18.34,2,1,5.18,0.869,369835
9475,2022-09-12,144,1,1,1,1987,8.46,19.43,0,0,1.6,0.858,520452
9476,2021-06-27,303,5,1,1,2014,2.0,19.18,2,1,2.33,0.116,1058893
9477,2023-03-21,237,2,1,1,2018,5.33,11.17,2,0,2.38,0.532,831353
9478,2021-12-24,216,2,3,2,2015,5.34,4.37,0,1,6.36,0.739,855685
9479,2022-01-15,320,4,2,1,1985,7.16,14.83,1,1,4.86,0.683,1250812
9480,2023-05-21,174,3,3,1,1986,2.05,19.83,1,1,2.6,0.104,616574
9481,2022-10-20,210,1,1,2,1991,1.93,22.85,1,0,7.63,0.322,689940
9482,2022-03-26,136,2,3,2,2018,9.11,11.59,1,0,8.23,0.612,658796
9483,2022-08-09,275,4,1,2,1980,3.73,6.52,2,1,2.89,0.584,1034359
9484,2022-04-08,194,4,1,1,2022,3.94,3.41,1,0,7.5,0.814,824978
9485,2021-04-18,297,4,2,2,2022,7.99,20.04,0,0,1.57,0.056,1134903
9486,2021-05-02,55,3,2,1,2004,4.73,13.61,0,0,8.7,0.48,300319
9487,2021-01-17,80,2,1,1,1991,8.5,17.02,1,1,9.66,0.849,479250
9488,2021-07-15,246,5,1,1,2006,4.61,4.4,2,0,2.4,0.994,942445
9489,2021-11-23,281,5,1,2,2002,7.85,0.66,0,0,8.08,0.128,1156962
9490,2021-11-14,345,4,2,1,1998,5.73,24.21,0,1,1.88,0.646,1153831
9491,2023-03-20,184,4,2,1,2000,9.42,20.37,2,0,9.65,0.001,824544
9492,2022-04-24,62,3,1,1,2000,3.95,10.3,0,0,5.07,0.35,326567
9493,2021-09-09,53,4,2,2,2003,4.26,11.7,1,0,5.82,0.445,319144
9494,2022-05-18,227,2,1,2,1992,9.73,23.26,1,1,7.88,0.346,910759
9495,2021-04-29,283,4,3,1,2021,7.64,5.59,1,1,3.24,0.625,1148713
9496,2022-11-05,308,4,2,1,2015,7.95,20.17,2,0,4.59,0.015,1219587
9497,2022-12-11,189,2,1,1,1994,3.66,0.94,0,0,1.63,0.908,687758
9498,2022-05-13,114,1,3,1,1980,5.79,21.95,0,1,6.53,0.319,486434
9499,2022-05-01,332,5,1,2,2013,3.82,14.94,2,1,8.19,0.15,1259417
9500,2021-02-14,254,4,3,1,2021,3.34,12.2,1,1,8.67,0.433,971027
9501,2021-11-10,66,2,2,2,2010,5.82,17.81,1,1,5.83,0.514,355752
9502,2021-06-28,249,5,2,1,2011,9.89,2.16,2,1,7.89,0.052,1198124
9503,2023-06-13,81,3,1,1,2015,2.93,5.29,0,0,2.35,0.799,357541
9504,2022-02-22,261,1,2,2,2008,3.18,10.47,1,1,7.69,0.737,942257
9505,2022-07-10,322,4,2,1,1989,3.19,15.64,1,0,1.04,0.512,1115615
9506,2023-02-22,339,1,3,1,2000,8.13,4.04,0,0,2.75,0.186,1305329
9507,2021-03-19,340,4,2,2,2015,5.59,9.8,1,1,6.71,0.927,1279467
9508,2021-11-22,283,4,3,1,2003,4.46,6.89,0,0,3.88,0.794,1077825
9509,2022-11-21,231,4,3,2,2006,8.59,16.32,0,1,4.7,0.234,1005225
9510,2021-12-23,195,1,3,2,2000,3.68,23.02,1,1,8.43,0.736,718396
9511,2022-02-20,99,3,2,1,1997,4.53,4.57,1,1,6.14,0.101,523283
9512,2022-05-30,152,2,1,2,1983,1.66,5.14,0,0,4.59,0.118,562726
9513,2021-08-02,82,2,1,2,1997,2.07,15.21,2,0,5.19,0.445,325204
9514,2023-05-04,138,3,2,1,1988,2.23,11.61,2,1,8.64,0.702,577915
9515,2021-03-15,290,3,3,1,2009,4.12,18.09,1,0,5.37,0.917,1043052
9516,2022-07-17,315,4,2,1,2014,5.72,7.55,0,0,8.88,0.971,1190719
9517,2022-08-02,272,4,1,2,2009,1.01,13.85,0,0,3.22,0.692,915390
9518,2022-05-24,285,2,3,1,2018,2.71,9.98,0,0,5.8,0.783,975266
9519,2021-11-28,202,4,2,2,1985,2.58,7.39,2,1,4.32,0.51,788027
9520,2021-04-03,106,4,3,1,1993,3.28,18.37,1,1,6.32,0.056,495255
9521,2022-11-19,161,3,3,1,2008,2.49,20.0,1,1,6.18,0.125,614373
9522,2022-10-19,64,1,1,1,2011,2.76,8.56,2,1,6.14,0.971,297396
9523,2022-06-03,318,5,3,2,1993,9.85,15.76,0,0,5.75,0.393,1310543
9524,2021-09-26,163,5,2,2,1999,6.35,4.88,2,1,5.09,0.772,754786
9525,2022-01-11,301,4,3,2,1988,7.86,19.88,2,0,9.19,0.22,1178831
9526,2023-04-14,191,4,3,1,1991,8.37,7.39,1,0,3.41,0.533,832320
9527,2021-01-04,163,5,2,1,1993,7.01,4.69,2,0,4.91,0.153,789645
9528,2021-05-18,339,3,1,1,2002,7.34,23.53,0,1,2.9,0.809,1201607
9529,2021-08-19,74,5,1,1,2013,6.69,10.85,2,0,3.99,0.168,442263
9530,2022-08-23,304,5,2,1,1995,6.84,16.27,0,1,3.24,0.706,1183288
9531,2022-06-13,317,5,3,1,1997,9.36,20.33,2,1,7.03,0.151,1270753
9532,2021-02-21,175,4,2,1,2020,2.67,17.31,0,0,7.37,0.819,609446
9533,2022-10-08,299,4,2,2,2019,3.47,14.33,1,0,3.49,0.503,1062526
9534,2022-12-24,336,5,2,1,2012,1.84,9.6,1,0,9.85,0.412,1231835
9535,2021-11-21,102,4,1,1,1984,8.54,23.0,2,1,3.56,0.337,485709
9536,2023-01-01,92,5,3,2,2018,5.04,3.77,1,0,8.46,0.688,544395
9537,2022-12-18,215,3,2,1,1989,9.16,22.16,2,0,3.63,0.088,849905
9538,2022-12-24,91,4,1,1,2001,4.71,17.89,0,0,4.72,0.856,387099
9539,2021-10-04,225,1,1,2,2022,4.98,14.5,0,1,6.98,0.761,822390
9540,2022-06-20,116,4,3,1,2012,5.04,8.46,1,1,6.02,0.373,577800
9541,2022-05-01,115,3,2,2,2010,6.51,4.08,2,0,5.56,0.978,577938
9542,2022-05-31,132,3,3,1,1985,7.9,11.36,0,1,8.15,0.832,694915
9543,2021-06-01,154,4,2,2,2015,4.16,19.7,2,1,7.37,0.271,640070
9544,2022-04-28,336,2,1,1,1982,6.67,18.76,1,0,9.23,0.888,1202535
9545,2021-09-16,235,5,1,2,1983,2.84,16.31,2,0,3.08,0.099,867444
9546,2021-11-20,333,5,3,1,2006,5.99,24.82,1,0,1.15,0.69,1149782
9547,2023-05-19,53,3,2,2,2017,5.92,24.33,2,0,10.0,0.131,345736
9548,2021-06-17,187,4,3,1,2004,9.0,10.3,1,1,3.55,0.976,852237
9549,2022-11-19,228,2,2,1,2016,9.06,5.22,2,1,1.39,0.05,1005201
9550,2021-11-06,286,1,3,1,2006,5.38,11.86,2,1,3.23,0.233,1055833
9551,2023-03-14,67,5,1,2,2020,1.22,21.19,2,1,7.02,0.53,263429
9552,2022-04-24,58,2,3,2,2015,8.6,11.73,1,0,6.29,0.584,401058
9553,2021-02-25,78,5,2,1,2015,1.01,8.73,2,1,2.86,0.513,361903
9554,2022-09-12,193,4,3,1,2021,5.3,18.66,1,1,2.68,0.74,728469
9555,2022-04-18,198,5,2,2,1986,1.18,16.43,0,1,5.0,0.002,733610
9556,2021-10-23,113,1,3,2,2009,4.17,24.23,2,1,1.12,0.564,425227
9557,2022-04-06,236,4,2,2,2008,6.73,13.96,2,0,1.02,0.615,893163
9558,2021-11-20,276,3,2,2,2019,4.34,24.2,1,0,6.55,0.209,960417
9559,2023-03-25,167,2,2,2,2020,9.34,7.63,2,0,3.93,0.659,780828
9560,2023-04-26,303,5,3,2,1984,6.77,21.69,2,0,1.22,0.654,1083589
9561,2021-05-21,80,4,3,1,1985,6.82,9.1,0,1,5.14,0.53,480218
9562,2022-10-29,210,4,1,1,1986,4.37,20.34,2,0,9.42,0.259,809645
9563,2021-09-19,264,5,2,1,2018,1.35,23.19,2,1,3.29,0.417,862713
9564,2023-02-24,218,3,1,2,2011,7.64,15.77,0,1,3.26,0.272,856153
9565,2022-02-24,130,5,1,2,1994,7.45,18.35,1,0,5.21,0.77,571786
9566,2023-01-14,95,3,2,1,1992,5.77,23.99,0,1,2.34,0.619,386882
9567,2021-08-29,98,5,1,1,1997,4.75,9.69,0,0,6.74,0.151,505767
9568,2021-12-21,347,4,3,2,1989,5.84,13.03,2,0,8.55,0.568,1331787
9569,2023-04-29,332,1,1,1,2019,7.72,22.51,2,0,2.75,0.903,1116909
9570,2023-02-09,137,1,3,1,1990,7.42,16.98,1,1,6.93,0.833,590638
9571,2023-01-31,170,4,2,2,2019,6.92,21.9,1,1,8.99,0.891,727195
9572,2022-08-12,52,1,2,1,2019,9.13,15.65,1,0,9.13,0.917,345459
9573,2021-06-29,276,3,2,1,1981,6.49,18.62,0,1,5.98,0.188,1046433
9574,2021-03-07,128,4,1,2,2006,1.13,0.82,0,1,2.37,0.72,511627
9575,2023-03-31,194,3,2,2,1987,6.56,8.82,0,1,6.93,0.644,840488
9576,2021-12-14,291,4,2,2,2017,6.51,19.38,1,1,7.61,0.033,1124861
9577,2021-06-20,81,3,3,2,1995,1.63,10.4,1,1,7.79,0.778,371950
9578,2022-04-19,312,3,1,1,2003,4.85,9.39,2,1,9.41,0.207,1213784
9579,2022-06-18,260,1,1,1,2002,6.86,23.81,0,0,6.54,0.917,884677
9580,2022-01-02,120,4,2,2,1993,7.34,14.04,2,0,5.2,0.835,546338
9581,2021-04-17,246,5,1,2,2006,9.04,5.22,1,1,5.52,0.769,1074889
9582,2022-03-15,107,1,2,2,1989,8.57,12.07,2,0,3.89,0.697,510346
9583,2023-04-15,161,3,3,1,2007,2.05,13.21,0,0,1.52,0.47,576747
9584,2021-08-15,97,3,1,1,2004,6.48,24.72,1,0,7.46,0.798,405174
9585,2022-03-20,234,5,1,1,1981,6.37,18.1,0,1,1.18,0.819,864306
9586,2022-03-18,214,5,3,2,2012,3.73,13.23,1,1,1.58,0.098,798468
9587,2022-01-31,264,3,1,2,2014,2.66,11.08,0,0,4.01,0.331,934605
9588,2022-12-29,170,5,2,1,2020,2.8,22.93,2,1,9.38,0.317,673354
9589,2022-08-04,262,2,1,1,1992,2.6,16.33,1,0,5.35,0.125,899115
9590,2021-03-25,90,1,1,2,1984,8.26,9.22,0,1,2.94,0.976,430467
9591,2022-09-07,338,4,3,2,1984,2.34,11.88,1,1,9.07,0.584,1236317
9592,2022-07-05,217,5,3,2,2001,3.38,7.31,1,0,6.15,0.59,877490
9593,2021-01-13,83,5,2,2,2013,2.96,24.03,0,0,4.33,0.382,327609
9594,2023-03-20,324,2,1,2,1980,7.42,17.7,2,0,7.44,0.769,1195284
9595,2023-04-05,246,4,1,2,1996,2.43,10.11,1,1,4.97,0.476,877775
9596,2022-11-24,240,2,3,2,1988,1.22,4.99,0,1,7.57,0.742,899330
9597,2022-05-08,270,4,2,2,1989,4.37,4.84,1,0,2.97,0.878,1008328
9598,2021-09-25,59,1,1,1,1994,3.75,12.2,2,0,2.35,0.657,247479
9599,2022-06-09,169,5,2,1,2008,4.58,11.96,2,0,5.15,0.623,706448
9600,2021-04-30,172,1,1,1,2004,7.78,10.74,0,0,3.88,0.787,661429
9601,2021-12-19,296,4,3,2,2000,1.11,21.37,2,0,6.45,0.503,1063106
9602,2021-02-26,270,5,3,1,1996,1.34,24.49,1,0,8.1,0.812,930289
9603,2021-02-09,310,2,3,1,2006,3.3,9.19,2,0,9.11,0.092,1140804
9604,2023-06-05,107,3,3,1,2007,9.0,7.72,2,1,7.84,0.242,651839
9605,2021-12-02,177,2,3,2,2002,2.52,19.37,2,1,4.08,0.925,605823
9606,2022-10-02,236,3,3,2,2018,9.97,11.52,1,1,7.55,0.171,1055865
9607,2021-06-22,254,2,2,2,2015,8.25,5.83,2,1,5.77,0.453,1031737
9608,2022-07-01,135,4,3,1,1982,5.11,4.93,1,1,9.15,0.481,689259
9609,2021-09-16,153,1,2,1,2012,7.73,7.37,0,1,7.36,0.418,690417
9610,2023-06-07,192,3,3,2,1986,5.67,0.53,1,1,2.35,0.867,842133
9611,2022-06-01,254,4,1,1,1984,6.09,23.57,1,1,1.7,0.75,891912
9612,2022-12-31,178,1,1,1,2005,6.23,11.04,0,1,5.89,0.81,712988
9613,2022-06-07,295,1,1,2,1996,6.84,2.53,2,1,4.29,0.991,1139802
9614,2023-06-13,87,5,2,2,1996,1.55,4.54,2,1,2.51,0.975,406218
9615,2023-04-19,158,5,3,2,1982,6.55,8.42,0,1,8.18,0.892,758687
9616,2021-04-27,101,5,2,2,1982,7.45,14.02,2,0,4.38,0.566,555836
9617,2021-07-03,50,3,3,2,2013,3.8,17.74,2,0,1.77,0.301,235756
9618,2023-05-24,60,3,1,2,1987,9.81,8.04,0,0,3.36,0.724,421247
9619,2021-04-26,284,1,2,2,1985,2.3,23.96,2,0,7.09,0.949,907537
9620,2021-06-11,177,3,3,2,2016,9.19,19.13,0,0,6.83,0.99,759242
9621,2022-08-02,263,1,2,2,2001,7.09,20.73,2,0,3.36,0.613,916269
9622,2022-12-13,292,4,2,2,2012,6.98,8.43,2,1,4.07,0.701,1126362
9623,2022-06-27,93,2,1,2,1986,8.88,9.83,2,1,1.45,0.279,496426
9624,2022-08-10,55,1,1,2,2019,8.49,13.68,2,0,9.58,0.202,419975
9625,2021-08-25,205,1,1,1,1998,4.11,11.57,0,0,3.94,0.639,713195
9626,2023-04-19,57,4,1,2,1989,7.35,6.87,1,0,9.36,0.225,484086
9627,2021-03-07,54,5,1,1,2002,1.46,24.93,1,0,8.32,0.395,239379
9628,2021-03-11,231,5,3,1,1981,5.18,21.28,0,0,4.02,0.493,860494
9629,2023-03-20,161,5,3,1,2000,9.44,6.33,0,1,7.25,0.933,852909
9630,2022-03-23,322,1,1,2,2003,3.47,22.36,2,0,5.26,0.978,1065399
9631,2022-02-20,314,1,1,2,1992,1.45,14.88,2,0,9.79,0.247,1053394
9632,2022-06-16,261,3,1,2,1984,6.25,0.81,1,1,6.75,0.132,1087856
9633,2022-03-17,127,3,2,2,1997,4.2,8.98,1,0,5.67,0.225,574792
9634,2023-01-08,319,2,1,1,1990,4.42,1.13,0,0,6.74,0.519,1199864
9635,2022-04-09,203,2,3,1,2016,6.24,2.65,0,0,2.98,0.783,834829
9636,2022-01-31,270,3,3,2,2011,6.59,4.88,2,1,3.76,0.522,1090063
9637,2022-12-12,74,1,2,2,2007,4.94,12.37,2,0,7.41,0.933,351909
9638,2022-07-05,257,4,3,2,2001,5.57,9.84,2,0,1.75,0.637,984767
9639,2022-10-19,52,3,1,2,2007,9.94,4.15,1,1,3.72,0.484,420577
9640,2022-07-11,264,1,2,1,1980,9.61,10.17,1,1,6.58,0.77,1046282
9641,2022-01-30,161,3,2,2,1985,7.37,7.96,0,0,9.96,0.954,753628
9642,2021-11-22,241,5,3,1,1990,2.45,10.55,1,1,9.33,0.333,980619
9643,2023-06-12,96,3,1,2,2021,4.24,4.72,2,1,8.49,0.275,553934
9644,2021-04-01,270,5,1,2,2012,8.95,15.44,0,1,5.51,0.213,1094057
9645,2023-01-20,236,1,1,2,1995,4.81,1.59,1,1,8.24,0.536,950484
9646,2021-03-11,99,5,2,2,1992,9.6,10.0,2,1,6.03,0.468,616263
9647,2021-06-15,246,3,3,2,2000,5.39,22.42,0,0,5.13,0.247,897274
9648,2022-10-04,265,5,3,2,2018,8.76,10.78,1,0,3.01,0.722,1073880
9649,2021-08-02,270,4,3,1,2003,1.32,11.31,0,0,9.56,0.298,1004932
9650,2023-05-02,139,5,1,1,2022,4.91,2.17,0,1,6.38,0.757,685975
9651,2022-08-24,281,5,2,2,2006,7.3,15.33,1,0,7.08,0.839,1097087
9652,2021-12-01,307,2,2,1,2016,8.77,23.44,2,0,2.27,0.866,1104493
9653,2023-02-03,202,4,3,2,1982,6.49,7.64,1,0,4.88,0.146,868158
9654,2022-01-04,305,1,3,1,1991,2.56,10.13,2,0,9.68,0.306,1089166
9655,2023-05-11,307,5,2,2,1986,8.97,14.91,0,1,7.82,0.524,1244551
9656,2022-08-07,114,4,3,1,1999,6.17,2.78,2,0,8.95,0.846,671290
9657,2022-11-08,239,1,2,2,1994,1.97,23.78,2,0,4.56,0.401,748989
9658,2021-02-18,140,4,2,1,1980,5.17,11.96,0,0,1.6,0.66,544270
9659,2021-02-21,222,2,3,1,1989,7.29,3.32,1,0,4.16,0.455,915329
9660,2021-10-16,296,1,2,2,1993,5.06,8.71,0,0,4.38,0.03,1118211
9661,2023-03-01,305,1,2,2,1994,8.84,9.66,2,1,3.71,0.316,1214357
9662,2022-09-18,165,5,3,2,2013,4.81,8.96,1,1,5.74,0.757,744454
9663,2021-08-27,98,3,3,2,2004,6.25,17.48,1,0,2.73,0.73,462655
9664,2021-05-13,276,1,3,2,2010,2.9,8.97,0,1,9.44,0.884,1027082
9665,2023-02-25,118,1,2,1,1989,5.61,8.43,0,0,9.17,0.593,543295
9666,2021-06-15,175,2,3,2,2016,3.01,8.39,2,0,3.35,0.766,650757
9667,2022-01-09,262,2,3,2,1985,3.03,19.56,1,1,6.86,0.415,952913
9668,2022-01-08,102,2,2,1,1985,3.52,8.06,1,0,5.51,0.35,456319
9669,2023-03-16,161,5,2,1,2007,1.4,0.84,0,0,3.25,0.34,635315
9670,2022-04-23,208,1,3,1,2017,2.47,9.46,0,0,9.07,0.159,804451
9671,2023-01-25,289,2,3,2,1993,4.82,7.32,2,1,3.08,0.438,1082410
9672,2022-04-24,199,2,2,2,1992,2.18,22.77,2,0,6.62,0.811,685903
9673,2023-04-12,188,4,2,1,1992,2.2,12.21,1,0,4.02,0.012,692895
9674,2022-10-12,162,4,1,1,1989,9.71,6.25,0,0,8.43,0.575,817581
9675,2022-08-14,192,2,2,2,1995,4.84,24.55,2,0,6.58,0.173,713953
9676,2022-11-13,187,5,2,1,2018,4.63,6.55,1,0,8.49,0.744,815554
9677,2022-09-27,80,3,1,2,2014,3.41,19.19,2,0,4.13,0.14,338381
9678,2022-11-19,342,4,3,1,1994,5.61,16.41,1,0,1.1,0.164,1228046
9679,2021-10-27,157,4,1,1,2002,6.36,11.82,2,0,2.99,0.043,693716
9680,2021-03-23,333,1,2,2,2016,4.76,10.44,0,0,8.33,0.443,1210474
9681,2021-03-28,208,1,1,1,1987,4.54,21.87,1,1,3.85,0.648,705084
9682,2021-08-13,63,2,1,1,2005,7.3,12.14,0,0,3.88,0.289,376388
9683,2021-01-16,171,1,1,2,2001,9.55,9.7,0,0,5.05,0.041,733645
9684,2023-04-02,264,1,1,2,1984,8.9,9.18,1,1,3.47,0.933,1029544
9685,2021-12-24,321,3,1,1,2013,2.07,7.26,2,1,8.26,0.861,1161621
9686,2021-06-12,74,5,1,2,2006,6.87,10.52,2,0,3.9,0.463,451216
9687,2022-09-02,343,2,3,2,1998,1.06,3.44,1,1,6.44,0.823,1224688
9688,2022-10-30,218,3,1,2,2022,6.7,2.1,1,0,5.06,0.801,912798
9689,2022-05-29,152,2,1,1,2022,5.18,13.77,0,1,3.59,0.562,577278
9690,2021-12-16,89,5,1,1,2014,5.42,11.63,1,1,3.39,0.527,438445
9691,2022-11-12,284,2,1,1,1999,6.29,4.75,1,0,5.52,0.651,1093924
9692,2022-04-09,138,1,2,1,2017,7.68,3.12,1,0,2.9,0.722,653330
9693,2023-04-07,149,5,1,1,1992,7.57,4.01,0,1,4.11,0.821,707163
9694,2023-04-17,193,3,1,1,1997,1.4,8.22,0,0,1.35,0.574,630438
9695,2022-01-10,131,3,1,1,1997,7.63,11.56,0,0,8.11,0.746,629961
9696,2021-04-02,126,4,3,2,1980,8.47,5.24,0,1,1.39,0.186,642793
9697,2021-06-30,108,3,1,2,2011,1.61,19.01,1,0,8.85,0.746,403816
9698,2023-01-13,278,4,2,1,2004,3.91,5.24,0,1,1.43,0.058,1028113
9699,2021-10-28,140,1,3,1,2000,8.13,3.54,1,0,8.63,0.658,697486
9700,2022-10-22,50,3,2,2,2006,5.44,24.87,0,0,6.8,0.713,245887
9701,2023-03-03,318,5,3,1,1990,7.25,11.47,1,0,5.55,0.968,1229558
9702,2021-07-08,335,4,3,1,1980,5.52,4.67,2,0,2.3,0.422,1279537
9703,2023-05-09,246,3,1,1,1998,9.8,22.42,0,1,3.31,0.114,971730
9704,2023-05-12,323,1,1,2,2011,9.43,6.16,1,0,7.21,0.335,1267675
9705,2021-11-10,127,5,3,2,1987,3.53,23.18,1,0,5.61,0.419,502825
9706,2022-05-08,190,5,1,2,1998,4.47,3.41,0,1,5.63,0.77,824483
9707,2021-05-08,337,1,1,1,1995,4.88,21.12,0,1,2.2,0.186,1117014
9708,2022-06-03,120,3,3,2,2014,1.94,5.01,1,0,5.28,0.17,533393
9709,2022-03-02,99,2,3,2,1981,4.64,23.49,2,0,6.31,0.22,394703
9710,2022-07-13,129,3,2,1,1991,7.97,14.57,0,0,2.1,0.231,613937
9711,2022-07-19,284,4,3,1,2008,8.62,5.15,2,0,9.77,0.924,1227553
9712,2021-07-06,336,4,2,1,1989,8.98,21.2,1,0,8.47,0.16,1270161
9713,2022-07-04,204,3,2,1,2001,1.13,10.07,1,0,3.86,0.413,700044
9714,2022-03-29,109,4,1,2,2013,8.1,18.45,2,0,6.07,0.403,530667
9715,2022-04-16,82,2,1,2,2000,5.52,16.26,0,1,6.03,0.128,428851
9716,2023-01-08,176,2,3,1,2016,2.86,18.0,1,1,1.96,0.109,680167
9717,2022-07-19,270,5,3,1,1984,5.49,8.92,0,1,4.94,0.91,1070892
9718,2021-08-12,249,4,2,1,1985,8.6,23.5,0,1,2.87,0.836,961606
9719,2021-06-03,175,3,2,1,2011,4.91,14.22,2,1,4.0,0.933,707751
9720,2022-07-14,90,5,1,1,1982,9.91,2.4,1,0,9.49,0.317,619906
9721,2021-12-17,324,2,3,2,1989,6.55,2.13,0,1,5.96,0.527,1266255
9722,2021-05-27,346,5,3,1,1984,5.41,18.59,0,1,1.6,0.256,1247859
9723,2022-07-30,134,1,3,2,2003,3.65,21.32,0,1,7.05,0.392,533615
9724,2021-12-15,138,4,3,1,1999,1.1,17.53,1,0,9.99,0.794,580032
9725,2021-07-01,91,3,1,2,2016,6.49,7.3,2,0,2.51,0.476,505380
9726,2022-09-29,169,2,1,1,2010,6.2,6.03,2,0,7.15,0.11,762578
9727,2021-06-28,328,5,2,1,1996,5.65,14.35,1,1,8.42,0.003,1293238
9728,2021-02-08,82,3,1,2,2003,5.84,5.32,2,0,8.6,0.236,484690
9729,2023-02-11,325,4,2,2,1997,8.59,9.79,2,0,7.37,0.183,1323056
9730,2023-06-13,202,3,1,2,2005,3.85,15.9,2,0,9.19,0.794,789169
9731,2021-01-03,139,4,1,2,2021,5.95,7.48,2,0,1.29,0.667,618394
9732,2021-03-05,153,4,3,2,1986,7.12,9.7,2,0,1.58,0.838,687222
9733,2021-01-29,61,4,2,2,2022,2.89,9.33,0,0,2.21,0.419,276597
9734,2022-01-07,209,5,2,2,1993,9.32,11.78,1,0,1.39,0.584,931169
9735,2022-06-07,245,4,2,2,2020,7.63,17.02,0,0,2.08,0.417,946990
9736,2021-04-07,311,3,1,1,1981,1.48,19.67,0,0,8.35,0.221,1053779
9737,2023-05-20,140,1,3,1,2009,8.79,16.79,1,1,9.07,0.631,685215
9738,2022-03-18,246,3,1,1,1996,9.37,1.14,0,1,4.02,0.389,1045782
9739,2021-07-22,118,5,3,2,1999,8.14,22.47,2,0,9.61,0.249,616916
9740,2022-02-15,269,4,1,2,1989,4.84,14.74,0,0,4.77,0.938,953964
9741,2021-01-21,263,1,2,1,2003,9.95,23.05,1,1,2.55,0.108,982797
9742,2022-07-05,195,5,1,2,1991,2.12,24.11,0,1,7.13,0.777,680281
9743,2023-01-05,282,2,2,1,2006,5.83,11.96,2,0,4.78,0.55,1009524
9744,2021-04-12,283,2,3,2,1994,2.53,22.95,1,0,1.17,0.763,885902
9745,2021-02-15,263,2,2,2,1988,4.95,9.45,0,1,9.7,0.09,1003689
9746,2021-03-07,110,1,2,2,1997,9.35,6.88,2,1,6.38,0.39,608263
9747,2022-08-26,127,3,2,2,1986,8.15,2.3,1,1,6.52,0.796,669461
9748,2021-06-13,144,1,2,1,2007,8.04,11.57,1,0,9.84,0.815,690155
9749,2021-04-21,265,1,3,1,2015,4.18,17.37,2,1,8.5,0.789,974424
9750,2021-12-04,262,1,1,1,1982,9.41,24.43,1,1,4.26,0.744,944485
9751,2021-05-03,249,2,1,2,1995,4.31,13.27,1,0,1.38,0.377,856245
9752,2022-12-06,80,3,1,1,2015,1.36,18.49,0,1,3.0,0.716,286753
9753,2022-03-23,339,1,1,1,1983,6.74,22.46,2,0,4.16,0.109,1161587
9754,2022-09-03,184,3,2,1,2014,4.26,13.81,0,0,9.64,0.163,796942
9755,2021-10-18,132,4,3,1,1988,2.38,4.59,0,0,9.0,0.54,610859
9756,2022-11-02,96,1,3,1,1991,9.41,21.28,0,1,1.19,0.55,414789
9757,2022-02-16,255,1,1,1,1989,6.74,14.57,2,0,9.89,0.472,970354
9758,2022-09-07,126,1,1,2,1981,9.46,19.08,1,1,3.31,0.735,561022
9759,2023-06-16,308,4,3,2,1998,6.25,16.63,2,1,7.98,0.564,1215476
9760,2021-10-08,141,4,3,2,1992,1.57,2.0,1,1,2.05,0.066,613011
9761,2021-02-12,149,2,2,2,2021,1.27,4.64,2,1,2.98,0.887,554652
9762,2022-05-01,244,5,3,1,2012,9.11,7.51,1,0,5.55,0.628,1067197
9763,2022-08-19,241,3,3,1,1980,1.35,7.48,0,0,7.33,0.895,856388
9764,2022-12-04,117,5,2,2,2007,6.54,21.06,0,1,4.11,0.43,538461
9765,2021-02-20,291,1,2,1,2019,3.68,15.16,1,0,8.86,0.002,1088017
9766,2023-06-17,139,1,2,1,1985,7.19,2.54,0,0,9.46,0.763,668912
9767,2021-07-29,59,2,3,1,1982,3.56,9.99,2,1,2.1,0.566,305557
9768,2021-05-06,313,5,3,2,2004,1.33,14.13,2,0,7.47,0.02,1171502
9769,2022-05-07,317,1,3,1,1995,7.58,6.66,2,0,2.19,0.573,1186070
9770,2022-05-24,167,5,2,2,2022,3.8,1.48,1,1,4.07,0.931,729629
9771,2022-08-04,299,2,3,2,1983,5.96,9.82,1,1,8.38,0.209,1195954
9772,2023-02-16,108,5,3,1,1987,7.96,11.8,2,0,4.03,0.282,583105
9773,2021-09-15,244,3,2,2,2018,7.33,22.67,1,0,9.17,0.65,921605
9774,2021-07-07,99,2,1,2,1995,4.14,22.75,2,1,4.7,0.821,360780
9775,2021-08-18,345,5,1,2,2017,7.73,12.76,0,1,3.79,0.642,1319332
9776,2021-07-08,146,1,3,2,2002,9.33,12.05,0,0,9.9,0.672,677397
9777,2022-02-19,176,4,2,2,1985,6.49,16.19,0,0,4.97,0.327,732543
9778,2021-01-10,295,4,2,1,2022,7.33,6.82,2,1,7.67,0.01,1233411
9779,2021-04-24,136,2,3,1,1995,8.79,7.5,1,1,6.4,0.84,679026
9780,2021-03-17,126,4,3,2,1995,8.59,0.56,2,1,2.82,0.995,687810
9781,2022-11-07,253,3,1,2,2002,4.16,2.42,2,1,5.5,0.866,946638
9782,2022-05-17,195,2,2,2,1995,9.93,4.87,2,1,1.7,0.398,903450
9783,2021-03-26,198,1,3,2,2015,1.26,16.19,0,1,7.38,0.352,675372
9784,2021-02-18,160,1,2,2,1991,9.88,5.71,0,0,5.67,0.96,739941
9785,2022-05-10,178,2,3,2,2016,3.21,3.54,0,0,2.1,0.988,675532
9786,2023-04-18,302,4,1,2,1988,4.96,15.6,2,0,7.9,0.612,1151440
9787,2022-11-20,215,4,3,1,1997,8.95,16.47,1,1,8.24,0.514,953562
9788,2022-01-22,346,1,1,2,1988,3.2,1.96,1,1,7.6,0.516,1226919
9789,2022-01-24,186,3,1,1,2000,3.02,19.44,1,1,3.96,0.202,631143
9790,2021-08-06,328,4,3,1,1980,6.79,15.35,1,0,7.51,0.728,1276615
9791,2022-12-02,60,3,3,2,2002,7.35,10.23,1,0,6.2,0.171,414624
9792,2021-12-12,120,4,1,1,1984,1.07,24.59,1,1,5.89,0.21,411506
9793,2021-08-18,208,2,2,2,1998,5.05,0.75,2,1,6.84,0.674,856872
9794,2021-09-12,265,5,2,1,2014,5.4,13.85,0,1,6.67,0.869,1015324
9795,2021-08-24,75,1,1,1,2012,3.45,4.41,1,0,8.19,0.666,403896
9796,2021-01-26,335,2,1,2,1997,5.91,8.57,0,1,9.87,0.475,1271831
9797,2022-08-07,211,4,3,1,2019,2.39,3.76,2,1,7.54,0.695,852103
9798,2021-09-18,151,1,3,1,1993,3.91,16.87,1,1,4.98,0.455,595647
9799,2023-02-05,118,5,1,1,1999,7.42,10.34,0,1,5.16,0.654,543725
9800,2021-09-28,182,5,1,1,1992,8.86,24.66,2,0,1.26,0.78,719247
9801,2021-05-03,238,4,2,2,1995,6.3,16.52,2,1,2.44,0.015,931239
9802,2022-10-18,260,1,2,1,2020,1.67,22.97,1,1,3.05,0.219,822732
9803,2021-09-14,292,4,2,2,2010,7.11,6.4,0,0,9.91,0.703,1160923
9804,2022-10-18,215,5,1,2,2018,9.08,8.31,1,1,7.87,0.401,986907
9805,2022-02-25,110,2,1,2,2014,5.54,9.39,1,0,2.27,0.522,457408
9806,2021-09-16,328,2,2,2,1999,5.44,21.04,1,1,5.49,0.685,1130087
9807,2021-02-16,162,3,2,1,1980,9.92,5.69,1,1,2.92,0.527,774492
9808,2023-05-13,79,5,3,1,2019,6.73,23.69,2,0,3.68,0.837,356838
9809,2022-06-09,210,5,3,1,1992,8.25,1.57,2,1,6.44,0.379,1054469
9810,2023-06-07,283,4,1,1,1986,6.82,22.3,2,0,6.39,0.692,979790
9811,2021-07-27,219,3,3,2,2001,2.99,11.56,0,0,8.85,0.425,843488
9812,2021-11-07,235,3,1,2,1986,3.56,13.38,1,0,2.48,0.529,819148
9813,2023-01-17,106,1,1,1,1999,6.99,24.94,2,0,5.48,0.114,430677
9814,2021-05-29,289,4,1,2,2016,5.1,21.82,2,1,6.39,0.831,1037195
9815,2023-04-14,306,2,2,2,2015,4.64,22.65,2,1,9.37,0.32,1124988
9816,2022-03-14,250,1,3,2,1983,1.2,14.85,2,1,5.65,0.301,842406
9817,2021-06-04,155,3,3,2,1985,8.96,23.93,2,0,4.07,0.089,650118
9818,2022-11-09,339,2,3,2,1982,8.96,17.35,0,0,3.63,0.506,1245019
9819,2021-03-31,150,5,3,2,1982,5.15,20.57,0,0,2.94,0.418,546495
9820,2022-11-29,146,4,2,2,1982,7.31,18.16,0,0,9.66,0.099,672058
9821,2023-04-10,202,3,3,2,2015,2.6,19.63,1,0,6.43,0.752,706229
9822,2021-12-24,78,5,3,2,1988,5.53,16.13,0,0,3.73,0.066,423314
9823,2021-06-23,202,3,2,1,1995,4.95,18.3,0,0,7.71,0.145,812314
9824,2021-08-05,122,2,3,1,1995,6.91,11.18,1,0,3.6,0.461,566615
9825,2022-04-01,303,1,3,2,1991,5.23,17.82,0,0,5.53,0.358,1078414
9826,2023-02-15,53,2,2,1,2017,5.49,7.28,0,0,1.23,0.276,282502
9827,2022-09-01,286,4,2,2,1999,3.66,16.06,0,0,8.62,0.564,1034908
9828,2022-09-21,87,4,2,2,2010,1.44,13.33,2,0,9.61,0.524,394342
9829,2021-07-18,69,3,2,1,2009,9.25,22.51,2,1,8.79,0.432,449516
9830,2023-04-12,162,2,1,1,2000,1.11,16.99,1,1,2.54,0.776,500605
9831,2022-05-01,72,1,2,2,1982,3.53,15.12,1,0,8.43,0.498,334795
9832,2022-06-17,185,4,3,2,2000,5.03,8.17,1,1,4.12,0.979,778054
9833,2021-07-19,297,1,3,1,2007,3.87,21.64,1,1,9.43,0.802,1068971
9834,2022-01-06,146,5,3,2,2007,5.97,1.83,1,1,3.69,0.106,742932
9835,2023-05-03,82,3,3,1,1984,5.15,22.54,2,1,1.8,0.274,373396
9836,2022-03-24,184,1,1,2,1986,3.3,16.5,2,1,8.68,0.536,707140
9837,2021-09-05,304,3,1,2,1984,1.79,5.14,0,0,2.05,0.469,1054002
9838,2023-02-27,327,5,1,1,1988,2.24,22.62,0,1,5.87,0.047,1120867
9839,2021-09-21,182,1,3,2,2000,5.38,8.5,2,0,4.38,0.528,711941
9840,2021-02-27,287,1,3,1,1999,8.61,4.62,2,0,7.81,0.605,1171009
9841,2021-10-29,64,5,2,2,2017,1.91,8.32,0,1,7.74,0.463,346980
9842,2021-01-31,326,2,2,1,2019,7.09,24.05,0,0,7.99,0.866,1158384
9843,2022-05-13,175,1,3,2,2016,8.13,18.94,1,1,1.57,0.557,700521
9844,2021-09-06,66,1,2,1,1996,3.49,22.96,0,0,8.73,0.786,244204
9845,2022-08-28,99,4,2,1,2021,7.01,7.82,2,0,5.2,0.587,533890
9846,2023-02-16,184,2,3,1,2007,7.18,2.52,1,0,2.97,0.909,731152
9847,2021-09-28,167,1,1,1,2010,7.37,14.29,1,1,3.69,0.214,670604
9848,2022-08-29,109,5,3,1,2012,9.02,12.33,1,1,9.12,0.832,710090
9849,2022-10-28,174,3,3,1,2011,4.59,18.15,1,1,1.05,0.448,672824
9850,2022-01-29,165,5,2,2,2011,3.19,13.8,2,0,8.22,0.698,710481
9851,2023-03-08,222,2,2,1,2002,5.89,10.21,2,1,9.32,0.566,930115
9852,2022-05-17,236,4,3,2,2000,1.56,0.61,0,0,3.25,0.109,922780
9853,2022-08-15,137,4,1,2,2004,4.01,11.96,0,0,8.4,0.437,582033
9854,2023-03-15,252,4,3,1,2012,8.95,3.46,2,1,2.45,0.674,1070933
9855,2021-03-25,231,5,1,2,1982,5.79,23.09,2,0,1.15,0.898,846717
9856,2021-12-31,217,3,1,2,1985,4.93,23.08,0,1,6.44,0.218,774005
9857,2023-06-05,230,3,3,1,2007,3.39,20.19,2,1,6.82,0.355,868838
9858,2022-07-03,349,1,3,1,1981,3.25,4.37,2,0,2.35,0.361,1269306
9859,2021-12-08,179,3,3,1,2011,3.13,4.11,1,1,5.61,0.524,764711
9860,2023-04-19,198,3,1,1,2005,8.46,14.3,2,1,4.47,0.863,816864
9861,2022-02-11,258,1,2,2,1984,9.87,18.32,1,1,1.69,0.396,1015333
9862,2022-03-01,160,5,1,1,1990,5.81,22.66,2,0,5.57,0.147,666485
9863,2023-01-14,186,5,1,1,1989,1.72,22.4,0,0,6.27,0.507,638074
9864,2021-04-03,260,2,1,1,1994,7.76,4.31,2,0,2.95,0.038,1063492
9865,2023-04-28,195,5,2,2,1997,8.89,24.89,2,0,7.66,0.344,829915
9866,2022-09-06,133,4,1,2,1993,9.38,4.34,0,0,1.65,0.514,628992
9867,2022-02-16,79,4,1,1,2007,6.66,21.08,0,1,5.96,0.518,392834
9868,2022-03-08,114,2,1,1,2009,5.56,14.88,0,1,3.73,0.82,443302
9869,2022-11-09,73,3,2,1,1992,6.58,17.12,2,1,4.92,0.801,359716
9870,2021-06-08,260,2,1,2,1999,1.12,15.3,0,1,9.04,0.283,902569
9871,2021-01-14,271,1,2,2,1981,6.9,21.81,2,1,7.03,0.301,1003550
9872,2022-01-08,139,2,2,2,2004,7.39,16.11,0,1,2.34,0.982,540777
9873,2021-08-13,155,2,3,2,2022,7.5,21.29,2,0,8.98,0.391,686403
9874,2022-05-20,221,4,3,1,1991,6.07,4.28,0,0,4.36,0.143,917761
9875,2021-03-14,279,1,3,2,2004,7.3,21.73,0,1,4.07,0.657,1026714
9876,2021-09-06,126,1,2,1,1983,6.75,24.83,1,0,5.51,0.244,536471
9877,2022-05-26,117,2,3,1,2021,2.04,16.71,2,0,2.85,0.603,429211
9878,2022-08-26,141,1,3,1,1991,9.09,24.42,0,0,9.23,0.821,603579
9879,2021-08-04,137,1,3,1,1986,6.6,5.89,2,0,5.21,0.174,656078
9880,2022-08-25,99,5,2,2,2017,7.55,20.82,0,1,4.54,0.452,484098
9881,2022-06-25,152,1,1,1,2019,4.09,4.64,2,0,2.54,0.383,608867
9882,2023-03-28,95,3,3,2,2011,9.27,13.14,2,0,8.22,0.999,569159
9883,2021-08-08,228,1,3,2,2022,5.52,16.77,2,0,9.58,0.712,896627
9884,2023-04-20,316,4,3,2,1985,7.11,16.68,1,1,8.83,0.082,1254815
9885,2022-12-28,317,5,3,1,2006,9.57,16.94,2,0,2.45,0.229,1275136
9886,2021-08-09,57,4,2,1,2014,9.24,8.36,0,0,7.76,0.157,482791
9887,2022-01-24,314,4,1,1,2000,6.8,24.36,1,0,2.84,0.015,1129232
9888,2022-07-08,127,3,1,1,1999,2.49,0.66,2,0,1.35,0.316,527208
9889,2022-10-09,289,5,3,1,1998,9.56,15.71,0,1,5.36,0.324,1174289
9890,2021-02-11,307,2,1,2,2012,9.86,21.72,2,1,7.03,0.235,1203197
9891,2022-11-07,245,1,3,1,1983,1.93,22.33,1,1,2.12,0.553,773302
9892,2023-05-23,180,3,3,2,1998,5.05,18.15,0,0,6.45,0.218,690919
9893,2021-10-10,310,3,1,2,2007,5.93,14.58,0,0,8.59,0.941,1120238
9894,2021-02-27,291,2,1,2,2001,1.83,11.7,0,1,2.88,0.732,968564
9895,2023-03-25,220,3,2,2,2003,2.71,11.51,1,0,4.85,0.121,806815
9896,2023-04-14,196,2,3,1,2009,5.84,10.91,0,1,5.49,0.269,794642
9897,2022-06-21,319,2,1,1,2008,9.67,17.65,2,1,8.48,0.982,1191405
9898,2021-03-14,198,2,2,1,1989,1.25,18.41,2,1,7.94,0.2,733832
9899,2023-06-04,348,3,1,2,2011,9.21,13.11,0,0,7.92,0.117,1333799
9900,2021-05-09,77,2,1,2,1988,9.09,18.65,1,1,7.11,0.232,452852
9901,2022-08-22,198,3,3,2,2004,8.71,13.45,0,1,6.56,0.714,854643
9902,2023-04-22,329,5,2,2,1995,4.4,2.89,0,0,5.58,0.518,1260158
9903,2022-03-02,231,2,3,2,1994,5.42,21.36,0,0,4.33,0.068,848019
9904,2022-10-27,215,3,1,2,1997,4.63,21.83,2,0,5.62,0.362,776455
9905,2022-11-25,66,3,2,1,2002,9.53,7.03,2,1,8.68,0.087,543869
9906,2021-05-05,199,3,3,2,2021,5.69,19.77,1,1,6.14,0.291,796752
9907,2021-03-08,94,1,2,1,1982,1.73,13.02,1,0,9.87,0.171,371835
9908,2021-01-06,238,1,1,1,1986,3.47,3.54,1,0,2.28,0.221,884111
9909,2022-09-29,188,2,2,1,2018,5.16,10.25,2,0,4.97,0.778,767551
9910,2021-11-10,110,5,1,2,1990,9.58,2.38,2,1,2.8,0.783,622980
9911,2021-11-22,343,2,3,1,2003,6.12,19.77,2,1,4.29,0.732,1193513
9912,2022-07-19,82,4,1,1,2014,7.26,5.31,2,0,8.11,0.688,539577
9913,2022-08-01,348,4,1,2,2004,1.8,4.53,1,1,8.42,0.245,1263485
9914,2023-04-06,161,5,2,1,2007,8.9,5.61,2,0,1.29,0.441,800007
9915,2022-05-21,340,5,2,1,1991,5.85,6.04,1,1,9.58,0.46,1384910
9916,2021-03-23,86,5,3,2,2002,9.29,17.01,2,1,8.85,0.535,570038
9917,2022-08-22,149,1,2,2,1996,5.01,16.15,0,0,9.14,0.856,579753
9918,2021-01-02,72,1,3,2,2020,7.15,3.67,1,0,4.39,0.889,398131
9919,2021-07-23,267,4,1,1,2016,5.24,18.25,1,1,5.47,0.216,1001857
9920,2022-10-24,138,5,1,1,1997,2.28,9.05,2,1,2.52,0.432,572168
9921,2023-03-16,258,3,2,2,1988,3.45,11.71,1,0,4.57,0.148,955500
9922,2022-02-08,320,4,1,1,2014,1.61,3.56,0,1,2.14,0.648,1127986
9923,2021-04-13,286,5,1,2,2015,4.96,17.86,1,0,8.77,0.572,1097351
9924,2022-06-20,258,3,3,2,1997,6.84,9.72,1,0,6.23,0.851,1023884
9925,2022-01-03,327,5,2,2,1999,3.19,15.99,0,0,2.22,0.519,1184882
9926,2021-07-31,255,2,3,1,2000,5.41,10.97,2,0,8.91,0.781,1009273
9927,2022-07-31,127,3,1,1,1999,5.13,1.7,2,0,1.72,0.318,584223
9928,2021-07-28,147,2,1,1,1985,5.8,17.74,0,1,9.34,0.694,615817
9929,2023-02-02,143,1,1,2,1988,2.66,14.04,1,0,1.95,0.04,499644
9930,2023-06-16,129,4,2,2,2022,5.81,11.14,2,1,7.46,0.152,654341
9931,2021-04-27,87,5,1,1,2008,4.28,5.44,2,0,6.81,0.447,504123
9932,2022-09-20,277,4,1,1,2008,3.57,15.8,2,0,8.04,0.887,953562
9933,2023-01-19,183,5,3,1,1992,6.27,7.24,0,1,6.08,0.885,812247
9934,2022-04-23,245,2,2,2,2015,2.33,11.01,0,0,4.15,0.599,809991
9935,2021-04-15,331,3,1,2,2006,9.11,1.88,1,0,3.47,0.13,1350312
9936,2022-05-10,150,3,3,1,1985,9.41,19.53,0,0,9.51,0.681,681713
9937,2023-02-10,124,5,1,1,2018,6.95,2.71,0,0,4.97,0.177,631090
9938,2021-02-15,343,2,3,1,2011,3.73,22.33,0,1,8.58,0.35,1188458
9939,2023-04-03,257,5,1,1,2022,6.63,21.76,2,1,7.51,0.314,991989
9940,2021-11-27,132,5,2,2,2007,6.41,24.29,0,1,6.91,0.884,560892
9941,2021-08-04,192,5,2,1,1980,4.52,22.76,0,1,9.74,0.694,719960
9942,2022-05-07,105,3,3,1,2022,3.59,24.3,2,1,6.09,0.071,477798
9943,2023-03-24,336,5,1,2,2010,2.52,22.24,0,1,7.6,0.843,1156522
9944,2023-04-25,260,3,2,2,2009,2.96,3.26,0,1,8.65,0.43,1001313
9945,2022-03-25,228,1,1,1,1997,6.88,11.22,2,0,1.41,0.755,848049
9946,2022-06-20,107,2,2,2,2008,8.97,2.37,1,0,9.97,0.777,637086
9947,2022-05-26,122,1,3,1,2021,4.46,13.86,0,0,3.36,0.999,432738
9948,2022-04-03,264,5,2,1,2017,2.1,13.48,1,1,7.32,0.347,1004532
9949,2022-07-01,315,3,1,1,2002,1.12,23.09,1,1,9.58,0.864,1039356
9950,2022-06-20,122,2,1,2,2001,4.65,24.26,1,0,7.87,0.287,494120
9951,2022-06-24,320,4,1,1,1981,3.09,6.86,2,1,3.07,0.996,1129581
9952,2022-04-29,283,2,3,1,1984,3.9,14.77,1,0,4.26,0.41,978660
9953,2021-01-16,68,2,3,2,2021,3.18,11.88,2,1,4.73,0.66,351496
9954,2022-07-25,162,5,1,2,1994,6.98,13.9,0,1,6.28,0.995,699614
9955,2021-08-31,112,1,1,2,2011,6.75,13.53,1,0,6.43,0.2,510128
9956,2021-07-26,233,1,2,1,1985,9.21,22.9,1,1,8.09,0.624,927469
9957,2021-09-28,326,4,2,1,1993,7.3,22.46,1,0,8.74,0.998,1188003
9958,2023-01-31,211,5,2,1,2003,2.48,3.51,0,0,1.81,0.944,778932
9959,2023-02-18,292,2,1,1,2000,7.76,8.96,0,1,3.46,0.221,1110403
9960,2022-12-06,194,1,2,1,1993,2.63,18.94,2,0,4.09,0.099,658652
9961,2023-04-27,195,1,1,2,1991,6.03,17.26,2,1,1.12,0.426,731333
9962,2022-12-31,130,3,3,2,1983,1.69,15.96,2,1,4.76,0.763,475804
9963,2021-04-25,92,2,2,1,2000,1.43,24.85,2,0,4.23,0.79,258709
9964,2022-08-03,342,5,1,1,1996,5.18,8.75,2,0,5.73,0.607,1312518
9965,2021-10-26,225,1,1,1,2008,1.94,13.12,2,1,1.9,0.615,720995
9966,2023-04-17,118,5,3,1,1995,3.76,24.49,0,1,4.73,0.121,492358
9967,2022-04-28,105,2,3,1,1997,4.05,17.54,1,0,6.38,0.441,456772
9968,2022-02-01,168,2,3,1,2017,7.92,16.39,1,1,8.23,0.576,764643
9969,2022-01-29,253,1,3,1,2020,3.99,4.29,1,0,7.9,0.684,942587
9970,2021-03-16,104,4,2,1,1990,5.45,6.54,0,1,4.64,0.092,528872
9971,2022-04-27,87,5,3,2,2011,7.95,9.75,0,0,4.51,0.691,477710
9972,2021-04-13,292,5,1,2,2007,2.84,11.89,2,0,1.34,0.941,1025830
9973,2021-10-24,250,3,1,1,1995,8.24,12.68,2,1,1.74,0.786,991596
9974,2021-06-27,285,2,1,1,2013,8.49,22.6,1,0,8.85,0.624,1093628
9975,2021-08-03,64,2,1,1,2009,9.9,3.13,1,1,8.25,0.097,519024
9976,2021-11-11,193,1,1,2,2017,5.0,6.58,0,1,1.19,0.794,698020
9977,2021-02-08,126,1,3,2,2001,4.34,4.02,0,0,8.94,0.663,563594
9978,2021-09-16,312,1,1,1,1984,7.32,18.52,1,0,6.52,0.549,1093469
9979,2022-12-17,234,3,3,1,1988,1.52,24.28,0,1,8.22,0.802,803100
9980,2021-01-07,104,4,3,1,1992,1.36,22.4,1,0,5.52,0.675,355274
9981,2021-02-18,53,1,3,1,2018,4.01,18.22,1,0,2.36,0.47,179217
9982,2022-06-22,348,1,3,1,2002,7.57,1.03,1,1,4.21,0.235,1385636
9983,2021-06-10,89,1,2,2,2006,2.05,9.0,1,0,5.05,0.504,340742
9984,2023-05-19,279,3,2,1,2011,6.72,21.66,1,1,7.79,0.154,1076725
9985,2021-06-25,335,5,2,1,2010,3.43,16.5,1,0,8.31,0.06,1234598
9986,2022-08-14,187,4,2,2,2012,6.87,5.64,1,0,7.67,0.234,881919
9987,2021-01-02,152,5,2,1,2021,5.11,11.93,2,0,5.29,0.367,647447
9988,2023-06-14,56,2,1,2,2005,2.04,2.65,0,1,6.97,0.647,312859
9989,2022-03-31,213,2,2,2,1997,3.23,13.26,0,0,3.66,0.499,745942
9990,2022-10-06,325,1,1,2,1991,2.98,22.58,1,0,9.89,0.735,1090399
9991,2021-10-03,98,5,1,1,1982,2.48,1.45,0,1,2.51,0.737,439969
9992,2022-05-13,145,3,3,2,1984,5.22,15.54,2,1,7.51,0.706,631598
9993,2022-09-21,108,4,3,2,1993,9.59,6.21,0,1,2.39,0.547,632359
9994,2022-11-07,280,5,3,2,1991,6.92,24.76,2,0,3.53,0.663,1027864
9995,2023-03-11,226,5,2,1,1983,8.52,2.09,2,1,7.74,0.977,1030192
9996,2021-01-28,139,4,1,2,1995,9.83,15.62,1,1,7.56,0.706,690255
9997,2021-11-29,331,5,2,2,1990,5.87,6.78,0,1,2.12,0.742,1214124
9998,2021-01-01,85,5,3,1,2015,3.14,22.12,0,0,7.11,0.291,382177
9999,2021-07-07,220,4,3,1,2017,9.35,3.49,2,1,2.83,0.478,999756
10000,2021-02-25,175,3,1,2,1981,7.29,11.02,1,1,9.76,0.435,811871
