user_id,event_timestamp,age,tenure_months,monthly_spend,num_logins_last_30d,num_support_tickets,churn
1,2026-03-01 10:00:00,43,39,150.78,21,4,0
2,2026-03-01 10:00:00,40,52,171.55,29,2,0
3,2026-03-01 10:00:00,23,29,122.17,20,3,0
4,2026-03-01 10:00:00,44,15,152.82,22,4,0
5,2026-03-01 10:00:00,38,43,82.3,17,3,0
6,2026-03-01 10:00:00,54,8,157.42,23,1,1
7,2026-03-01 10:00:00,64,21,173.38,25,3,0
8,2026-03-01 10:00:00,51,39,142.3,30,1,0
9,2026-03-01 10:00:00,36,58,157.53,13,4,0
10,2026-03-01 10:00:00,18,19,144.01,20,2,0
11,2026-03-01 10:00:00,66,23,57.04,21,1,0
12,2026-03-01 10:00:00,53,11,91.93,27,1,0
13,2026-03-01 10:00:00,35,11,154.06,19,2,0
14,2026-03-01 10:00:00,19,24,94.85,18,1,0
15,2026-03-01 10:00:00,36,53,105.08,18,2,0
16,2026-03-01 10:00:00,33,36,138.11,20,4,0
17,2026-03-01 10:00:00,56,40,147.47,11,2,0
18,2026-03-01 10:00:00,64,24,111.63,25,4,0
19,2026-03-01 10:00:00,52,3,78.37,25,0,1
20,2026-03-01 10:00:00,44,22,133.42,25,1,0
21,2026-03-01 10:00:00,54,53,74.32,21,0,0
22,2026-03-01 10:00:00,64,2,160.8,11,1,0
23,2026-03-01 10:00:00,44,24,131.09,14,1,0
24,2026-03-01 10:00:00,25,44,160.34,20,1,0
25,2026-03-01 10:00:00,68,30,115.91,24,1,0
26,2026-03-01 10:00:00,52,38,121.01,21,1,0
27,2026-03-01 10:00:00,50,2,85.97,20,3,0
28,2026-03-01 10:00:00,64,21,20.0,25,0,0
29,2026-03-01 10:00:00,37,33,80.36,16,3,0
30,2026-03-01 10:00:00,21,12,71.39,26,1,0
31,2026-03-01 10:00:00,66,58,87.14,13,2,0
32,2026-03-01 10:00:00,68,22,118.23,21,1,0
33,2026-03-01 10:00:00,55,44,127.8,23,2,0
34,2026-03-01 10:00:00,54,25,118.01,18,1,0
35,2026-03-01 10:00:00,63,49,66.6,23,2,0
36,2026-03-01 10:00:00,31,27,161.76,25,1,0
37,2026-03-01 10:00:00,40,59,133.64,21,2,0
38,2026-03-01 10:00:00,22,42,36.44,26,3,0
39,2026-03-01 10:00:00,31,28,98.69,16,3,0
40,2026-03-01 10:00:00,61,16,96.2,19,1,1
41,2026-03-01 10:00:00,45,15,151.1,27,1,0
42,2026-03-01 10:00:00,31,47,79.92,22,0,0
43,2026-03-01 10:00:00,50,51,35.29,17,0,0
44,2026-03-01 10:00:00,36,44,148.23,18,2,0
45,2026-03-01 10:00:00,23,55,122.73,15,0,0
46,2026-03-01 10:00:00,32,52,101.85,16,1,0
47,2026-03-01 10:00:00,58,57,166.52,19,1,0
48,2026-03-01 10:00:00,37,3,66.56,21,2,1
49,2026-03-01 10:00:00,67,37,163.78,17,2,0
50,2026-03-01 10:00:00,21,51,168.26,20,3,0
51,2026-03-01 10:00:00,31,7,182.4,26,3,0
52,2026-03-01 10:00:00,65,21,145.58,14,2,0
53,2026-03-01 10:00:00,54,9,83.64,22,3,0
54,2026-03-01 10:00:00,39,39,107.86,16,2,0
55,2026-03-01 10:00:00,26,18,135.3,23,0,0
56,2026-03-01 10:00:00,18,4,171.47,29,3,1
57,2026-03-01 10:00:00,22,25,102.35,19,1,0
58,2026-03-01 10:00:00,43,14,85.76,23,1,0
59,2026-03-01 10:00:00,47,50,142.67,26,2,0
60,2026-03-01 10:00:00,18,58,128.69,17,2,0
61,2026-03-01 10:00:00,35,9,134.32,8,2,0
62,2026-03-01 10:00:00,51,26,158.87,26,6,1
63,2026-03-01 10:00:00,36,53,137.26,22,1,0
64,2026-03-01 10:00:00,45,2,106.84,25,4,1
65,2026-03-01 10:00:00,41,20,161.82,26,2,0
66,2026-03-01 10:00:00,25,28,127.45,28,4,1
67,2026-03-01 10:00:00,66,47,140.35,16,1,0
68,2026-03-01 10:00:00,28,7,170.14,20,3,0
69,2026-03-01 10:00:00,27,44,108.75,21,2,0
70,2026-03-01 10:00:00,23,8,122.95,22,0,0
71,2026-03-01 10:00:00,32,47,169.67,20,4,0
72,2026-03-01 10:00:00,43,35,112.68,31,2,0
73,2026-03-01 10:00:00,50,14,150.85,19,1,0
74,2026-03-01 10:00:00,31,17,87.52,23,0,0
75,2026-03-01 10:00:00,38,36,146.7,27,1,0
76,2026-03-01 10:00:00,52,50,171.82,19,1,0
77,2026-03-01 10:00:00,62,40,115.08,14,2,0
78,2026-03-01 10:00:00,48,4,158.17,25,4,1
79,2026-03-01 10:00:00,51,2,143.95,17,1,0
80,2026-03-01 10:00:00,28,6,73.97,19,1,0
81,2026-03-01 10:00:00,38,54,125.81,21,5,0
82,2026-03-01 10:00:00,26,42,140.03,28,1,0
83,2026-03-01 10:00:00,24,4,165.48,21,3,0
84,2026-03-01 10:00:00,54,54,126.68,28,6,0
85,2026-03-01 10:00:00,44,29,154.99,18,7,0
86,2026-03-01 10:00:00,21,18,109.53,19,2,0
87,2026-03-01 10:00:00,31,26,79.21,22,4,1
88,2026-03-01 10:00:00,54,44,47.51,15,1,1
89,2026-03-01 10:00:00,68,34,95.05,24,2,0
90,2026-03-01 10:00:00,68,10,44.39,7,2,0
91,2026-03-01 10:00:00,42,36,67.56,10,4,0
92,2026-03-01 10:00:00,39,14,20.0,20,0,0
93,2026-03-01 10:00:00,24,31,87.91,17,3,0
94,2026-03-01 10:00:00,24,48,60.13,18,1,0
95,2026-03-01 10:00:00,65,15,105.65,17,1,0
96,2026-03-01 10:00:00,24,8,121.41,19,3,0
97,2026-03-01 10:00:00,21,14,56.36,18,1,0
98,2026-03-01 10:00:00,41,23,176.21,23,3,0
99,2026-03-01 10:00:00,68,57,174.46,27,2,0
100,2026-03-01 10:00:00,27,40,113.57,19,4,1
101,2026-03-01 10:00:00,36,21,140.46,30,1,0
102,2026-03-01 10:00:00,29,16,128.19,9,4,1
103,2026-03-01 10:00:00,65,45,96.74,20,2,0
104,2026-03-01 10:00:00,46,18,62.43,17,3,0
105,2026-03-01 10:00:00,21,47,95.38,24,1,0
106,2026-03-01 10:00:00,65,53,98.59,23,5,0
107,2026-03-01 10:00:00,55,24,168.38,24,2,0
108,2026-03-01 10:00:00,67,26,171.43,17,4,0
109,2026-03-01 10:00:00,42,25,72.92,22,4,1
110,2026-03-01 10:00:00,49,45,118.92,21,0,0
111,2026-03-01 10:00:00,61,41,135.31,28,1,0
112,2026-03-01 10:00:00,53,29,232.02,24,2,0
113,2026-03-01 10:00:00,59,15,56.49,23,1,0
114,2026-03-01 10:00:00,61,45,205.18,18,2,0
115,2026-03-01 10:00:00,18,1,113.4,25,2,0
116,2026-03-01 10:00:00,64,25,89.03,19,0,0
117,2026-03-01 10:00:00,24,7,74.69,24,3,0
118,2026-03-01 10:00:00,51,9,83.69,18,0,0
119,2026-03-01 10:00:00,64,24,170.21,21,3,0
120,2026-03-01 10:00:00,37,1,167.86,16,2,0
121,2026-03-01 10:00:00,44,44,122.71,20,0,0
122,2026-03-01 10:00:00,42,8,129.52,18,1,0
123,2026-03-01 10:00:00,52,24,132.42,25,6,0
124,2026-03-01 10:00:00,50,11,45.52,29,1,0
125,2026-03-01 10:00:00,21,51,72.9,22,4,0
126,2026-03-01 10:00:00,57,17,190.77,16,3,0
127,2026-03-01 10:00:00,27,8,164.32,18,2,0
128,2026-03-01 10:00:00,53,35,139.2,11,3,0
129,2026-03-01 10:00:00,27,35,76.41,20,4,1
130,2026-03-01 10:00:00,23,33,137.3,25,1,0
131,2026-03-01 10:00:00,66,59,126.99,29,1,0
132,2026-03-01 10:00:00,54,5,117.34,29,3,0
133,2026-03-01 10:00:00,49,42,162.67,22,1,1
134,2026-03-01 10:00:00,60,39,102.14,24,4,1
135,2026-03-01 10:00:00,40,58,124.04,13,3,0
136,2026-03-01 10:00:00,48,41,96.29,17,1,0
137,2026-03-01 10:00:00,43,28,139.49,21,2,0
138,2026-03-01 10:00:00,60,7,76.95,16,3,0
139,2026-03-01 10:00:00,42,9,107.96,14,3,0
140,2026-03-01 10:00:00,24,8,143.82,25,1,0
141,2026-03-01 10:00:00,20,12,98.57,20,2,0
142,2026-03-01 10:00:00,22,34,115.39,16,3,0
143,2026-03-01 10:00:00,58,33,195.32,21,3,1
144,2026-03-01 10:00:00,62,48,175.16,24,2,0
145,2026-03-01 10:00:00,51,55,149.8,14,4,1
146,2026-03-01 10:00:00,49,23,128.5,22,3,0
147,2026-03-01 10:00:00,56,24,117.46,25,2,0
148,2026-03-01 10:00:00,61,37,84.11,19,3,0
149,2026-03-01 10:00:00,24,35,79.22,19,2,0
150,2026-03-01 10:00:00,18,44,87.65,11,0,0
151,2026-03-01 10:00:00,54,40,139.2,19,2,0
152,2026-03-01 10:00:00,61,22,112.83,17,1,0
153,2026-03-01 10:00:00,43,27,107.51,24,3,0
154,2026-03-01 10:00:00,25,35,112.54,13,1,0
155,2026-03-01 10:00:00,66,1,57.68,15,1,1
156,2026-03-01 10:00:00,35,35,96.24,20,2,0
157,2026-03-01 10:00:00,47,37,103.84,19,1,0
158,2026-03-01 10:00:00,28,47,48.21,15,1,0
159,2026-03-01 10:00:00,53,14,136.78,15,0,0
160,2026-03-01 10:00:00,32,3,135.78,20,1,0
161,2026-03-01 10:00:00,35,1,169.92,18,2,1
162,2026-03-01 10:00:00,63,5,117.55,21,1,1
163,2026-03-01 10:00:00,66,26,99.29,18,1,0
164,2026-03-01 10:00:00,32,55,90.35,27,1,0
165,2026-03-01 10:00:00,50,14,151.54,17,3,0
166,2026-03-01 10:00:00,67,39,150.2,21,1,0
167,2026-03-01 10:00:00,31,27,135.36,22,1,0
168,2026-03-01 10:00:00,46,9,108.11,28,1,0
169,2026-03-01 10:00:00,65,15,187.68,14,2,0
170,2026-03-01 10:00:00,46,15,114.86,21,3,0
171,2026-03-01 10:00:00,59,26,99.26,14,1,0
172,2026-03-01 10:00:00,52,42,145.5,17,4,0
173,2026-03-01 10:00:00,31,13,100.56,17,2,0
174,2026-03-01 10:00:00,35,51,65.65,32,3,0
175,2026-03-01 10:00:00,62,32,205.95,26,2,0
176,2026-03-01 10:00:00,42,39,151.21,30,1,0
177,2026-03-01 10:00:00,31,49,123.49,19,3,0
178,2026-03-01 10:00:00,54,52,125.78,21,3,0
179,2026-03-01 10:00:00,61,32,73.68,21,3,0
180,2026-03-01 10:00:00,53,4,123.47,9,1,1
181,2026-03-01 10:00:00,49,30,109.83,19,1,1
182,2026-03-01 10:00:00,64,37,98.54,22,2,0
183,2026-03-01 10:00:00,67,23,73.09,19,5,0
184,2026-03-01 10:00:00,25,39,74.59,21,1,0
185,2026-03-01 10:00:00,43,45,119.69,30,1,0
186,2026-03-01 10:00:00,21,15,117.72,23,1,0
187,2026-03-01 10:00:00,30,43,127.35,13,0,1
188,2026-03-01 10:00:00,42,29,98.36,29,1,0
189,2026-03-01 10:00:00,59,36,90.55,21,2,1
190,2026-03-01 10:00:00,43,13,151.32,18,0,0
191,2026-03-01 10:00:00,45,32,131.04,21,3,0
192,2026-03-01 10:00:00,68,7,144.69,16,2,0
193,2026-03-01 10:00:00,33,59,176.95,29,2,0
194,2026-03-01 10:00:00,26,51,115.6,19,2,0
195,2026-03-01 10:00:00,68,22,73.08,25,1,0
196,2026-03-01 10:00:00,61,28,84.11,25,3,0
197,2026-03-01 10:00:00,48,2,89.11,26,3,1
198,2026-03-01 10:00:00,52,42,96.73,15,0,0
199,2026-03-01 10:00:00,40,45,109.24,17,4,0
200,2026-03-01 10:00:00,54,57,157.67,26,2,0
201,2026-03-01 10:00:00,20,53,81.65,19,3,0
202,2026-03-01 10:00:00,54,6,107.78,18,1,0
203,2026-03-01 10:00:00,40,28,134.08,29,2,0
204,2026-03-01 10:00:00,60,28,131.98,18,2,0
205,2026-03-01 10:00:00,24,44,117.02,17,1,0
206,2026-03-01 10:00:00,19,44,152.0,24,2,0
207,2026-03-01 10:00:00,35,20,135.21,24,1,0
208,2026-03-01 10:00:00,52,30,234.2,24,3,0
209,2026-03-01 10:00:00,59,11,56.21,24,1,0
210,2026-03-01 10:00:00,33,58,129.53,16,2,0
211,2026-03-01 10:00:00,36,55,56.93,18,2,0
212,2026-03-01 10:00:00,55,28,140.29,28,3,0
213,2026-03-01 10:00:00,19,25,169.05,24,4,1
214,2026-03-01 10:00:00,56,39,132.78,28,2,0
215,2026-03-01 10:00:00,40,33,204.93,23,1,0
216,2026-03-01 10:00:00,19,1,78.04,16,3,1
217,2026-03-01 10:00:00,47,57,132.76,19,1,0
218,2026-03-01 10:00:00,40,27,123.1,21,1,0
219,2026-03-01 10:00:00,55,57,137.59,17,2,0
220,2026-03-01 10:00:00,50,52,132.76,22,3,0
221,2026-03-01 10:00:00,63,13,151.11,24,1,0
222,2026-03-01 10:00:00,50,41,67.91,24,2,0
223,2026-03-01 10:00:00,67,3,163.49,17,2,0
224,2026-03-01 10:00:00,45,39,100.01,14,0,0
225,2026-03-01 10:00:00,39,6,155.7,26,0,0
226,2026-03-01 10:00:00,40,8,154.44,25,2,0
227,2026-03-01 10:00:00,45,27,82.68,15,3,0
228,2026-03-01 10:00:00,49,9,104.32,20,4,0
229,2026-03-01 10:00:00,63,37,82.91,14,3,0
230,2026-03-01 10:00:00,40,33,99.8,12,2,0
231,2026-03-01 10:00:00,48,51,150.62,19,4,0
232,2026-03-01 10:00:00,30,42,151.4,28,2,0
233,2026-03-01 10:00:00,29,44,152.62,24,3,0
234,2026-03-01 10:00:00,61,24,111.96,23,2,0
235,2026-03-01 10:00:00,41,15,46.77,29,2,0
236,2026-03-01 10:00:00,36,59,119.74,25,2,0
237,2026-03-01 10:00:00,20,54,173.86,13,3,0
238,2026-03-01 10:00:00,49,32,163.91,15,1,0
239,2026-03-01 10:00:00,45,32,86.72,25,2,0
240,2026-03-01 10:00:00,35,24,181.03,20,2,0
241,2026-03-01 10:00:00,21,41,79.89,26,1,0
242,2026-03-01 10:00:00,32,52,121.61,17,4,0
243,2026-03-01 10:00:00,33,49,86.65,16,2,0
244,2026-03-01 10:00:00,44,49,213.8,20,4,0
245,2026-03-01 10:00:00,68,58,118.71,27,2,0
246,2026-03-01 10:00:00,57,52,64.69,15,1,0
247,2026-03-01 10:00:00,39,12,172.19,19,3,0
248,2026-03-01 10:00:00,47,39,68.73,16,1,0
249,2026-03-01 10:00:00,39,2,104.93,22,4,0
250,2026-03-01 10:00:00,46,3,171.18,22,2,0
251,2026-03-01 10:00:00,28,49,105.3,14,3,0
252,2026-03-01 10:00:00,53,37,135.05,16,3,0
253,2026-03-01 10:00:00,65,49,79.81,11,3,0
254,2026-03-01 10:00:00,65,56,197.21,23,1,0
255,2026-03-01 10:00:00,69,17,67.73,21,3,0
256,2026-03-01 10:00:00,32,59,96.2,17,4,0
257,2026-03-01 10:00:00,67,49,109.69,21,1,0
258,2026-03-01 10:00:00,18,2,56.35,21,3,0
259,2026-03-01 10:00:00,21,2,127.4,15,1,0
260,2026-03-01 10:00:00,61,28,168.68,18,1,0
261,2026-03-01 10:00:00,61,54,187.78,24,2,0
262,2026-03-01 10:00:00,45,23,143.06,29,1,0
263,2026-03-01 10:00:00,66,37,86.01,19,3,0
264,2026-03-01 10:00:00,40,32,60.64,21,3,0
265,2026-03-01 10:00:00,34,33,240.1,10,3,0
266,2026-03-01 10:00:00,56,1,165.89,17,2,1
267,2026-03-01 10:00:00,33,19,182.23,22,3,0
268,2026-03-01 10:00:00,41,2,132.39,21,3,0
269,2026-03-01 10:00:00,62,53,167.84,26,2,0
270,2026-03-01 10:00:00,64,44,113.22,18,3,0
271,2026-03-01 10:00:00,38,26,69.84,25,1,0
272,2026-03-01 10:00:00,40,32,69.7,23,5,1
273,2026-03-01 10:00:00,37,6,117.48,18,3,0
274,2026-03-01 10:00:00,49,32,126.66,22,1,0
275,2026-03-01 10:00:00,62,55,129.11,16,2,0
276,2026-03-01 10:00:00,64,4,65.86,21,9,0
277,2026-03-01 10:00:00,22,55,130.44,21,3,0
278,2026-03-01 10:00:00,49,11,20.0,34,2,0
279,2026-03-01 10:00:00,31,56,129.23,27,2,0
280,2026-03-01 10:00:00,36,59,86.45,18,3,0
281,2026-03-01 10:00:00,41,17,102.27,27,1,1
282,2026-03-01 10:00:00,53,38,177.0,21,4,0
283,2026-03-01 10:00:00,44,24,127.16,25,3,0
284,2026-03-01 10:00:00,58,5,112.45,25,2,0
285,2026-03-01 10:00:00,58,52,125.49,19,0,0
286,2026-03-01 10:00:00,28,34,170.75,15,1,0
287,2026-03-01 10:00:00,34,6,161.1,25,1,0
288,2026-03-01 10:00:00,47,22,200.55,21,2,0
289,2026-03-01 10:00:00,63,11,79.9,14,2,0
290,2026-03-01 10:00:00,52,48,107.92,19,1,0
291,2026-03-01 10:00:00,32,16,158.48,26,2,0
292,2026-03-01 10:00:00,42,33,165.79,24,4,0
293,2026-03-01 10:00:00,55,9,132.92,13,3,1
294,2026-03-01 10:00:00,24,59,160.48,17,1,0
295,2026-03-01 10:00:00,19,6,115.87,13,1,0
296,2026-03-01 10:00:00,64,16,98.57,24,2,0
297,2026-03-01 10:00:00,20,29,128.61,22,2,0
298,2026-03-01 10:00:00,66,3,84.78,13,5,1
299,2026-03-01 10:00:00,68,20,131.46,22,4,1
300,2026-03-01 10:00:00,51,59,108.14,19,0,0
301,2026-03-01 10:00:00,24,36,57.01,24,2,0
302,2026-03-01 10:00:00,37,19,155.76,20,0,0
303,2026-03-01 10:00:00,67,26,127.17,18,4,0
304,2026-03-01 10:00:00,18,3,112.48,20,1,0
305,2026-03-01 10:00:00,47,19,143.4,16,2,0
306,2026-03-01 10:00:00,18,20,148.02,18,1,0
307,2026-03-01 10:00:00,46,32,155.75,18,3,0
308,2026-03-01 10:00:00,22,7,89.7,18,2,0
309,2026-03-01 10:00:00,20,52,76.75,27,5,1
310,2026-03-01 10:00:00,47,41,85.6,17,0,0
311,2026-03-01 10:00:00,18,33,225.26,28,1,0
312,2026-03-01 10:00:00,60,40,81.14,21,4,0
313,2026-03-01 10:00:00,28,39,162.77,11,3,1
314,2026-03-01 10:00:00,34,18,76.46,14,0,0
315,2026-03-01 10:00:00,56,40,72.79,24,1,1
316,2026-03-01 10:00:00,38,1,54.68,18,3,1
317,2026-03-01 10:00:00,45,11,61.96,17,3,0
318,2026-03-01 10:00:00,21,28,108.22,21,4,1
319,2026-03-01 10:00:00,57,57,128.74,20,1,0
320,2026-03-01 10:00:00,28,25,135.84,19,1,0
321,2026-03-01 10:00:00,69,50,136.43,17,0,0
322,2026-03-01 10:00:00,19,23,145.11,18,4,0
323,2026-03-01 10:00:00,55,31,105.86,18,0,0
324,2026-03-01 10:00:00,26,30,32.6,12,1,0
325,2026-03-01 10:00:00,56,42,115.27,26,2,0
326,2026-03-01 10:00:00,32,35,93.52,18,2,0
327,2026-03-01 10:00:00,54,7,145.29,22,1,0
328,2026-03-01 10:00:00,69,16,150.76,24,1,0
329,2026-03-01 10:00:00,29,26,91.91,21,0,0
330,2026-03-01 10:00:00,54,48,154.87,23,1,0
331,2026-03-01 10:00:00,23,57,116.33,18,2,0
332,2026-03-01 10:00:00,65,52,83.07,17,0,0
333,2026-03-01 10:00:00,58,49,212.82,20,3,0
334,2026-03-01 10:00:00,29,2,105.47,15,1,0
335,2026-03-01 10:00:00,61,1,149.74,20,3,0
336,2026-03-01 10:00:00,50,48,172.21,30,3,0
337,2026-03-01 10:00:00,62,12,142.06,18,4,1
338,2026-03-01 10:00:00,47,5,101.79,17,1,1
339,2026-03-01 10:00:00,60,37,108.59,17,0,0
340,2026-03-01 10:00:00,37,32,33.88,19,0,0
341,2026-03-01 10:00:00,27,59,83.03,27,2,0
342,2026-03-01 10:00:00,29,55,152.05,14,2,0
343,2026-03-01 10:00:00,25,9,114.49,13,0,0
344,2026-03-01 10:00:00,40,41,140.97,14,1,0
345,2026-03-01 10:00:00,21,35,72.11,18,2,0
346,2026-03-01 10:00:00,46,19,109.33,26,3,0
347,2026-03-01 10:00:00,63,48,136.4,23,3,1
348,2026-03-01 10:00:00,50,16,117.46,16,1,0
349,2026-03-01 10:00:00,21,3,190.48,12,2,1
350,2026-03-01 10:00:00,32,20,96.46,16,1,0
351,2026-03-01 10:00:00,29,24,122.18,14,0,0
352,2026-03-01 10:00:00,37,54,128.48,20,4,1
353,2026-03-01 10:00:00,67,56,82.68,21,3,0
354,2026-03-01 10:00:00,65,33,68.58,15,2,0
355,2026-03-01 10:00:00,51,24,131.23,14,2,0
356,2026-03-01 10:00:00,41,52,152.42,23,1,0
357,2026-03-01 10:00:00,33,11,142.82,17,2,0
358,2026-03-01 10:00:00,52,49,148.94,19,2,0
359,2026-03-01 10:00:00,48,8,98.4,22,2,0
360,2026-03-01 10:00:00,60,36,87.44,23,3,0
361,2026-03-01 10:00:00,24,38,110.43,17,1,0
362,2026-03-01 10:00:00,60,40,173.04,25,3,0
363,2026-03-01 10:00:00,31,20,148.1,16,4,0
364,2026-03-01 10:00:00,62,35,69.01,20,0,0
365,2026-03-01 10:00:00,49,48,140.9,23,5,1
366,2026-03-01 10:00:00,44,25,220.77,19,3,0
367,2026-03-01 10:00:00,40,35,167.13,27,1,0
368,2026-03-01 10:00:00,42,25,93.23,23,3,0
369,2026-03-01 10:00:00,62,29,162.75,21,3,0
370,2026-03-01 10:00:00,61,18,128.08,19,1,0
371,2026-03-01 10:00:00,49,46,95.03,16,0,0
372,2026-03-01 10:00:00,52,18,136.62,16,3,0
373,2026-03-01 10:00:00,55,2,172.73,14,0,1
374,2026-03-01 10:00:00,26,54,91.92,17,1,0
375,2026-03-01 10:00:00,66,35,135.94,23,2,1
376,2026-03-01 10:00:00,38,16,87.07,22,4,1
377,2026-03-01 10:00:00,67,41,74.38,26,1,0
378,2026-03-01 10:00:00,63,36,90.37,19,2,0
379,2026-03-01 10:00:00,21,33,85.11,25,5,1
380,2026-03-01 10:00:00,35,4,123.83,20,3,1
381,2026-03-01 10:00:00,59,33,88.27,16,1,0
382,2026-03-01 10:00:00,33,14,186.3,14,2,1
383,2026-03-01 10:00:00,29,21,88.42,15,0,1
384,2026-03-01 10:00:00,68,48,127.46,23,2,0
385,2026-03-01 10:00:00,29,20,177.48,7,0,0
386,2026-03-01 10:00:00,61,56,107.58,15,2,0
387,2026-03-01 10:00:00,42,8,133.27,16,3,0
388,2026-03-01 10:00:00,48,7,192.66,21,1,0
389,2026-03-01 10:00:00,63,3,134.93,24,5,1
390,2026-03-01 10:00:00,62,17,68.79,28,1,0
391,2026-03-01 10:00:00,24,33,145.33,19,1,0
392,2026-03-01 10:00:00,40,48,195.29,25,0,0
393,2026-03-01 10:00:00,58,12,93.71,18,1,0
394,2026-03-01 10:00:00,50,59,174.07,15,5,0
395,2026-03-01 10:00:00,56,51,144.13,19,3,1
396,2026-03-01 10:00:00,26,22,114.26,20,0,0
397,2026-03-01 10:00:00,61,55,136.41,21,1,0
398,2026-03-01 10:00:00,53,22,58.08,13,2,0
399,2026-03-01 10:00:00,34,46,88.14,26,3,0
400,2026-03-01 10:00:00,29,30,124.39,17,3,0
401,2026-03-01 10:00:00,54,38,123.73,26,3,0
402,2026-03-01 10:00:00,59,38,125.64,21,4,0
403,2026-03-01 10:00:00,63,45,145.57,20,5,0
404,2026-03-01 10:00:00,51,51,159.6,24,2,0
405,2026-03-01 10:00:00,65,54,102.7,27,1,0
406,2026-03-01 10:00:00,25,8,77.56,24,0,0
407,2026-03-01 10:00:00,35,27,125.58,12,1,0
408,2026-03-01 10:00:00,37,27,80.66,22,2,0
409,2026-03-01 10:00:00,28,34,100.73,18,2,0
410,2026-03-01 10:00:00,42,21,176.33,24,0,0
411,2026-03-01 10:00:00,62,30,69.56,22,0,0
412,2026-03-01 10:00:00,36,33,124.06,20,1,0
413,2026-03-01 10:00:00,34,28,146.42,15,3,0
414,2026-03-01 10:00:00,40,47,80.5,23,1,0
415,2026-03-01 10:00:00,48,33,137.65,16,3,0
416,2026-03-01 10:00:00,62,5,187.96,21,1,0
417,2026-03-01 10:00:00,20,48,110.32,22,3,0
418,2026-03-01 10:00:00,29,19,150.77,14,2,0
419,2026-03-01 10:00:00,33,4,157.88,18,2,0
420,2026-03-01 10:00:00,28,35,157.99,23,3,0
421,2026-03-01 10:00:00,58,49,171.15,22,2,0
422,2026-03-01 10:00:00,48,17,114.24,23,1,0
423,2026-03-01 10:00:00,68,44,211.34,24,3,0
424,2026-03-01 10:00:00,44,28,138.59,19,0,0
425,2026-03-01 10:00:00,62,30,123.32,28,0,0
426,2026-03-01 10:00:00,34,29,112.05,16,5,0
427,2026-03-01 10:00:00,45,46,148.23,16,2,0
428,2026-03-01 10:00:00,19,53,130.48,25,1,0
429,2026-03-01 10:00:00,55,6,108.01,17,2,0
430,2026-03-01 10:00:00,35,35,106.1,19,5,1
431,2026-03-01 10:00:00,54,41,33.85,23,1,1
432,2026-03-01 10:00:00,30,37,109.33,12,0,0
433,2026-03-01 10:00:00,33,24,159.18,18,6,0
434,2026-03-01 10:00:00,63,29,153.9,24,3,0
435,2026-03-01 10:00:00,20,49,107.02,13,0,0
436,2026-03-01 10:00:00,31,46,146.83,13,2,0
437,2026-03-01 10:00:00,38,53,75.34,18,4,1
438,2026-03-01 10:00:00,61,31,114.26,21,1,0
439,2026-03-01 10:00:00,65,35,98.73,20,1,0
440,2026-03-01 10:00:00,41,33,88.06,17,2,0
441,2026-03-01 10:00:00,21,52,199.97,21,1,0
442,2026-03-01 10:00:00,66,21,163.06,26,2,0
443,2026-03-01 10:00:00,63,32,100.22,17,2,0
444,2026-03-01 10:00:00,59,23,122.01,13,1,0
445,2026-03-01 10:00:00,51,33,20.0,18,1,0
446,2026-03-01 10:00:00,51,3,166.88,15,1,0
447,2026-03-01 10:00:00,24,18,129.42,19,1,0
448,2026-03-01 10:00:00,22,25,126.27,20,1,0
449,2026-03-01 10:00:00,53,42,170.05,14,2,0
450,2026-03-01 10:00:00,37,31,158.73,20,3,0
451,2026-03-01 10:00:00,57,54,176.49,18,3,0
452,2026-03-01 10:00:00,21,58,51.11,17,1,0
453,2026-03-01 10:00:00,40,3,137.98,13,1,0
454,2026-03-01 10:00:00,50,40,121.77,31,1,0
455,2026-03-01 10:00:00,21,46,83.27,36,1,0
456,2026-03-01 10:00:00,35,24,158.23,26,1,0
457,2026-03-01 10:00:00,21,50,123.74,29,5,1
458,2026-03-01 10:00:00,68,32,159.91,22,1,0
459,2026-03-01 10:00:00,58,47,132.05,16,3,0
460,2026-03-01 10:00:00,52,22,107.67,20,0,0
461,2026-03-01 10:00:00,48,23,87.04,19,3,0
462,2026-03-01 10:00:00,38,2,122.13,31,3,1
463,2026-03-01 10:00:00,45,27,108.91,26,3,0
464,2026-03-01 10:00:00,24,42,22.12,16,2,0
465,2026-03-01 10:00:00,63,2,81.66,15,3,0
466,2026-03-01 10:00:00,66,26,78.59,19,2,0
467,2026-03-01 10:00:00,31,17,135.9,19,4,0
468,2026-03-01 10:00:00,18,40,92.08,23,1,0
469,2026-03-01 10:00:00,21,33,117.16,19,1,0
470,2026-03-01 10:00:00,45,9,114.18,20,1,0
471,2026-03-01 10:00:00,50,43,109.74,24,1,0
472,2026-03-01 10:00:00,49,54,62.43,26,4,0
473,2026-03-01 10:00:00,53,48,92.46,16,2,0
474,2026-03-01 10:00:00,58,39,159.14,21,2,0
475,2026-03-01 10:00:00,42,29,167.5,22,1,0
476,2026-03-01 10:00:00,39,42,106.68,25,0,0
477,2026-03-01 10:00:00,22,55,77.98,23,3,0
478,2026-03-01 10:00:00,31,26,85.11,24,4,1
479,2026-03-01 10:00:00,42,35,135.34,17,3,0
480,2026-03-01 10:00:00,22,50,152.56,22,2,0
481,2026-03-01 10:00:00,22,25,86.97,23,4,1
482,2026-03-01 10:00:00,68,24,163.74,25,2,0
483,2026-03-01 10:00:00,21,13,108.52,14,1,0
484,2026-03-01 10:00:00,59,58,98.17,30,2,0
485,2026-03-01 10:00:00,29,7,62.45,21,2,0
486,2026-03-01 10:00:00,55,57,106.4,28,1,0
487,2026-03-01 10:00:00,60,36,113.0,26,1,0
488,2026-03-01 10:00:00,49,45,101.53,19,4,0
489,2026-03-01 10:00:00,54,20,178.1,19,0,0
490,2026-03-01 10:00:00,54,1,120.3,15,3,1
491,2026-03-01 10:00:00,33,8,98.32,21,5,1
492,2026-03-01 10:00:00,23,46,138.04,10,3,0
493,2026-03-01 10:00:00,58,16,164.21,12,2,0
494,2026-03-01 10:00:00,55,14,116.27,22,3,0
495,2026-03-01 10:00:00,65,12,119.14,21,3,0
496,2026-03-01 10:00:00,39,51,93.9,17,2,0
497,2026-03-01 10:00:00,38,23,171.67,22,5,0
498,2026-03-01 10:00:00,48,15,120.34,23,2,0
499,2026-03-01 10:00:00,38,28,81.95,19,2,0
500,2026-03-01 10:00:00,23,34,119.73,17,2,0
501,2026-03-01 10:00:00,62,2,145.77,24,1,0
502,2026-03-01 10:00:00,23,32,191.72,19,4,0
503,2026-03-01 10:00:00,40,23,47.42,17,0,1
504,2026-03-01 10:00:00,69,22,108.74,20,5,1
505,2026-03-01 10:00:00,33,51,109.93,24,2,0
506,2026-03-01 10:00:00,40,25,39.75,18,3,0
507,2026-03-01 10:00:00,62,58,138.36,18,1,0
508,2026-03-01 10:00:00,65,22,116.3,22,2,0
509,2026-03-01 10:00:00,29,58,92.88,21,3,0
510,2026-03-01 10:00:00,28,58,105.3,17,3,0
511,2026-03-01 10:00:00,68,22,151.0,14,2,0
512,2026-03-01 10:00:00,20,49,20.0,24,3,0
513,2026-03-01 10:00:00,51,52,174.14,22,2,0
514,2026-03-01 10:00:00,18,42,102.85,20,0,1
515,2026-03-01 10:00:00,62,6,42.28,6,1,1
516,2026-03-01 10:00:00,20,15,117.6,14,1,0
517,2026-03-01 10:00:00,41,54,157.81,19,5,1
518,2026-03-01 10:00:00,55,43,118.71,14,3,0
519,2026-03-01 10:00:00,51,37,135.44,21,1,0
520,2026-03-01 10:00:00,28,33,155.97,18,3,0
521,2026-03-01 10:00:00,25,8,165.13,18,2,0
522,2026-03-01 10:00:00,26,53,186.46,21,3,0
523,2026-03-01 10:00:00,45,44,142.85,18,0,0
524,2026-03-01 10:00:00,29,44,66.47,21,2,0
525,2026-03-01 10:00:00,19,5,173.8,18,2,0
526,2026-03-01 10:00:00,67,39,198.42,22,1,0
527,2026-03-01 10:00:00,26,4,93.74,20,3,0
528,2026-03-01 10:00:00,40,6,117.48,17,1,0
529,2026-03-01 10:00:00,53,45,94.46,21,1,0
530,2026-03-01 10:00:00,29,32,148.3,12,3,0
531,2026-03-01 10:00:00,62,52,62.61,23,1,0
532,2026-03-01 10:00:00,53,30,75.17,20,1,0
533,2026-03-01 10:00:00,32,47,112.64,21,2,0
534,2026-03-01 10:00:00,66,35,139.99,29,0,0
535,2026-03-01 10:00:00,57,55,116.92,17,4,0
536,2026-03-01 10:00:00,57,40,117.87,24,4,1
537,2026-03-01 10:00:00,47,52,145.19,17,1,0
538,2026-03-01 10:00:00,58,16,162.43,17,0,0
539,2026-03-01 10:00:00,36,13,127.18,14,1,0
540,2026-03-01 10:00:00,59,50,180.95,12,3,0
541,2026-03-01 10:00:00,60,42,31.48,27,1,0
542,2026-03-01 10:00:00,63,30,103.04,18,1,0
543,2026-03-01 10:00:00,52,19,27.11,22,7,1
544,2026-03-01 10:00:00,27,17,131.41,22,6,0
545,2026-03-01 10:00:00,19,56,139.11,20,2,1
546,2026-03-01 10:00:00,43,19,88.79,13,3,0
547,2026-03-01 10:00:00,67,28,97.46,12,2,0
548,2026-03-01 10:00:00,42,58,56.51,15,2,0
549,2026-03-01 10:00:00,57,55,151.95,24,3,0
550,2026-03-01 10:00:00,52,26,58.71,18,1,0
551,2026-03-01 10:00:00,57,37,185.12,21,2,0
552,2026-03-01 10:00:00,37,26,93.6,13,3,0
553,2026-03-01 10:00:00,47,53,122.09,13,2,0
554,2026-03-01 10:00:00,25,23,169.79,13,3,0
555,2026-03-01 10:00:00,22,9,116.58,22,3,0
556,2026-03-01 10:00:00,19,12,115.91,24,2,0
557,2026-03-01 10:00:00,27,53,156.22,24,4,1
558,2026-03-01 10:00:00,66,1,78.5,17,7,1
559,2026-03-01 10:00:00,57,58,100.01,20,2,0
560,2026-03-01 10:00:00,18,58,136.7,24,2,0
561,2026-03-01 10:00:00,25,1,114.93,24,2,0
562,2026-03-01 10:00:00,44,47,57.92,9,3,0
563,2026-03-01 10:00:00,20,34,76.92,21,2,0
564,2026-03-01 10:00:00,64,32,194.3,28,8,1
565,2026-03-01 10:00:00,22,54,121.03,28,3,0
566,2026-03-01 10:00:00,37,48,127.66,18,1,0
567,2026-03-01 10:00:00,41,25,141.83,23,4,0
568,2026-03-01 10:00:00,33,40,177.19,22,1,0
569,2026-03-01 10:00:00,23,45,71.43,16,3,0
570,2026-03-01 10:00:00,57,53,116.34,17,0,0
571,2026-03-01 10:00:00,42,1,103.89,24,1,0
572,2026-03-01 10:00:00,59,16,138.63,12,1,0
573,2026-03-01 10:00:00,47,39,74.79,19,2,0
574,2026-03-01 10:00:00,64,5,151.53,20,4,1
575,2026-03-01 10:00:00,59,22,112.95,13,1,0
576,2026-03-01 10:00:00,67,29,123.08,29,1,0
577,2026-03-01 10:00:00,45,55,142.1,18,3,1
578,2026-03-01 10:00:00,61,3,87.3,27,3,0
579,2026-03-01 10:00:00,60,12,172.17,15,5,0
580,2026-03-01 10:00:00,51,26,204.6,21,3,0
581,2026-03-01 10:00:00,56,16,163.36,18,1,0
582,2026-03-01 10:00:00,41,51,194.84,22,2,0
583,2026-03-01 10:00:00,39,37,122.45,19,3,0
584,2026-03-01 10:00:00,18,22,142.0,14,0,0
585,2026-03-01 10:00:00,32,57,97.2,16,3,0
586,2026-03-01 10:00:00,65,29,144.57,24,3,0
587,2026-03-01 10:00:00,52,14,167.75,27,0,0
588,2026-03-01 10:00:00,60,28,69.22,18,2,0
589,2026-03-01 10:00:00,57,5,91.18,15,0,1
590,2026-03-01 10:00:00,31,47,129.06,24,3,0
591,2026-03-01 10:00:00,30,49,181.33,22,3,0
592,2026-03-01 10:00:00,56,30,127.6,18,3,1
593,2026-03-01 10:00:00,24,46,63.01,19,4,0
594,2026-03-01 10:00:00,33,52,94.49,15,3,0
595,2026-03-01 10:00:00,63,5,85.52,11,1,0
596,2026-03-01 10:00:00,62,12,127.82,22,1,0
597,2026-03-01 10:00:00,61,16,112.72,16,2,0
598,2026-03-01 10:00:00,68,26,69.29,20,3,0
599,2026-03-01 10:00:00,64,26,118.2,14,3,0
600,2026-03-01 10:00:00,28,48,124.83,24,2,0
601,2026-03-01 10:00:00,30,21,110.77,22,0,0
602,2026-03-01 10:00:00,53,39,171.17,21,0,0
603,2026-03-01 10:00:00,63,36,118.71,25,2,0
604,2026-03-01 10:00:00,48,33,165.0,17,0,0
605,2026-03-01 10:00:00,32,30,187.42,10,6,1
606,2026-03-01 10:00:00,56,37,105.58,18,1,0
607,2026-03-01 10:00:00,47,23,116.53,27,3,0
608,2026-03-01 10:00:00,43,58,126.09,20,3,0
609,2026-03-01 10:00:00,58,10,194.33,17,0,0
610,2026-03-01 10:00:00,51,54,82.33,20,2,0
611,2026-03-01 10:00:00,49,5,64.47,19,4,1
612,2026-03-01 10:00:00,24,36,142.29,24,3,0
613,2026-03-01 10:00:00,32,34,152.98,31,5,1
614,2026-03-01 10:00:00,25,52,82.55,22,3,0
615,2026-03-01 10:00:00,60,31,86.68,25,2,0
616,2026-03-01 10:00:00,67,10,90.52,21,1,0
617,2026-03-01 10:00:00,47,58,156.78,20,1,0
618,2026-03-01 10:00:00,62,19,199.55,23,3,0
619,2026-03-01 10:00:00,54,58,208.57,19,1,0
620,2026-03-01 10:00:00,33,32,125.03,9,2,0
621,2026-03-01 10:00:00,25,1,42.39,14,0,0
622,2026-03-01 10:00:00,43,56,79.23,13,2,0
623,2026-03-01 10:00:00,27,5,111.37,24,1,1
624,2026-03-01 10:00:00,54,45,125.72,15,1,0
625,2026-03-01 10:00:00,29,4,148.51,22,0,0
626,2026-03-01 10:00:00,21,16,157.98,19,3,0
627,2026-03-01 10:00:00,44,24,165.52,17,2,0
628,2026-03-01 10:00:00,64,16,60.79,26,7,0
629,2026-03-01 10:00:00,66,55,60.91,20,1,0
630,2026-03-01 10:00:00,62,2,125.48,15,2,0
631,2026-03-01 10:00:00,51,49,109.54,25,3,0
632,2026-03-01 10:00:00,32,28,77.98,27,1,0
633,2026-03-01 10:00:00,31,32,86.87,14,0,0
634,2026-03-01 10:00:00,52,27,148.89,23,4,0
635,2026-03-01 10:00:00,33,20,128.9,17,5,1
636,2026-03-01 10:00:00,32,24,162.01,16,4,1
637,2026-03-01 10:00:00,20,12,127.48,19,2,0
638,2026-03-01 10:00:00,42,50,65.72,15,4,0
639,2026-03-01 10:00:00,22,35,91.91,17,0,0
640,2026-03-01 10:00:00,60,33,94.77,16,2,0
641,2026-03-01 10:00:00,23,33,131.44,21,1,0
642,2026-03-01 10:00:00,61,51,75.14,23,2,0
643,2026-03-01 10:00:00,43,43,150.92,17,2,0
644,2026-03-01 10:00:00,26,37,45.79,22,0,0
645,2026-03-01 10:00:00,42,12,41.8,16,1,1
646,2026-03-01 10:00:00,57,3,120.07,17,3,1
647,2026-03-01 10:00:00,29,1,88.46,16,2,0
648,2026-03-01 10:00:00,40,33,103.74,23,2,0
649,2026-03-01 10:00:00,56,40,167.25,18,3,0
650,2026-03-01 10:00:00,49,10,62.59,16,3,0
651,2026-03-01 10:00:00,25,43,163.21,24,3,0
652,2026-03-01 10:00:00,63,44,131.19,18,1,0
653,2026-03-01 10:00:00,64,29,97.23,22,5,1
654,2026-03-01 10:00:00,48,13,101.41,24,3,0
655,2026-03-01 10:00:00,20,12,141.66,15,2,0
656,2026-03-01 10:00:00,47,31,141.49,16,0,0
657,2026-03-01 10:00:00,52,46,93.02,15,1,0
658,2026-03-01 10:00:00,68,2,137.14,24,3,0
659,2026-03-01 10:00:00,66,51,111.25,19,1,0
660,2026-03-01 10:00:00,67,50,154.29,22,1,0
661,2026-03-01 10:00:00,26,35,81.35,21,2,0
662,2026-03-01 10:00:00,47,23,104.25,15,2,0
663,2026-03-01 10:00:00,31,17,29.59,10,0,0
664,2026-03-01 10:00:00,41,26,145.51,14,2,0
665,2026-03-01 10:00:00,26,8,137.97,22,3,0
666,2026-03-01 10:00:00,39,29,84.78,16,3,0
667,2026-03-01 10:00:00,53,26,167.75,12,2,0
668,2026-03-01 10:00:00,48,10,72.81,29,2,0
669,2026-03-01 10:00:00,45,26,140.47,16,0,0
670,2026-03-01 10:00:00,51,34,168.22,21,2,0
671,2026-03-01 10:00:00,65,51,117.79,22,1,0
672,2026-03-01 10:00:00,54,41,112.67,20,3,0
673,2026-03-01 10:00:00,53,7,135.73,17,5,1
674,2026-03-01 10:00:00,52,4,137.27,21,0,0
675,2026-03-01 10:00:00,18,58,139.32,22,2,0
676,2026-03-01 10:00:00,62,53,82.93,26,0,0
677,2026-03-01 10:00:00,29,50,95.38,24,1,0
678,2026-03-01 10:00:00,21,45,148.98,18,1,1
679,2026-03-01 10:00:00,18,11,140.36,23,3,0
680,2026-03-01 10:00:00,64,29,129.48,21,0,0
681,2026-03-01 10:00:00,56,56,94.05,13,4,0
682,2026-03-01 10:00:00,50,36,39.67,21,3,1
683,2026-03-01 10:00:00,44,25,80.48,18,2,0
684,2026-03-01 10:00:00,43,21,113.36,16,2,0
685,2026-03-01 10:00:00,47,57,160.5,16,3,1
686,2026-03-01 10:00:00,60,36,77.99,26,4,1
687,2026-03-01 10:00:00,59,10,118.17,18,3,0
688,2026-03-01 10:00:00,23,37,97.67,12,0,0
689,2026-03-01 10:00:00,37,9,158.09,23,2,0
690,2026-03-01 10:00:00,39,24,156.15,21,2,0
691,2026-03-01 10:00:00,56,35,124.81,17,3,0
692,2026-03-01 10:00:00,23,49,153.09,20,5,0
693,2026-03-01 10:00:00,25,35,145.85,25,3,0
694,2026-03-01 10:00:00,59,48,92.08,21,1,0
695,2026-03-01 10:00:00,36,36,174.53,17,0,0
696,2026-03-01 10:00:00,37,18,121.0,17,0,0
697,2026-03-01 10:00:00,19,49,86.45,27,2,0
698,2026-03-01 10:00:00,64,39,96.8,12,2,0
699,2026-03-01 10:00:00,56,32,120.65,15,0,1
700,2026-03-01 10:00:00,69,24,193.0,29,2,0
701,2026-03-01 10:00:00,66,23,92.94,17,1,0
702,2026-03-01 10:00:00,68,32,111.93,18,2,0
703,2026-03-01 10:00:00,58,37,134.77,21,1,0
704,2026-03-01 10:00:00,44,12,65.64,20,0,0
705,2026-03-01 10:00:00,24,49,97.47,11,2,0
706,2026-03-01 10:00:00,69,55,154.61,23,1,0
707,2026-03-01 10:00:00,20,13,95.85,23,1,0
708,2026-03-01 10:00:00,47,23,161.36,19,2,0
709,2026-03-01 10:00:00,43,25,53.53,19,4,0
710,2026-03-01 10:00:00,20,35,142.94,18,1,0
711,2026-03-01 10:00:00,60,41,64.51,15,3,0
712,2026-03-01 10:00:00,53,30,134.61,19,1,0
713,2026-03-01 10:00:00,45,17,116.53,17,0,0
714,2026-03-01 10:00:00,58,49,175.33,17,1,0
715,2026-03-01 10:00:00,23,20,128.73,23,0,0
716,2026-03-01 10:00:00,62,48,148.02,20,1,0
717,2026-03-01 10:00:00,19,25,131.86,17,2,0
718,2026-03-01 10:00:00,44,22,131.1,22,3,0
719,2026-03-01 10:00:00,35,13,192.38,19,1,0
720,2026-03-01 10:00:00,69,59,128.8,25,3,0
721,2026-03-01 10:00:00,22,19,104.17,17,1,0
722,2026-03-01 10:00:00,69,49,121.85,12,4,1
723,2026-03-01 10:00:00,19,36,51.21,21,6,0
724,2026-03-01 10:00:00,49,12,93.36,18,3,0
725,2026-03-01 10:00:00,19,41,70.48,17,3,0
726,2026-03-01 10:00:00,39,19,93.94,23,1,1
727,2026-03-01 10:00:00,28,12,66.87,23,3,0
728,2026-03-01 10:00:00,52,9,179.52,19,2,0
729,2026-03-01 10:00:00,22,7,181.5,20,3,0
730,2026-03-01 10:00:00,67,28,108.46,22,2,0
731,2026-03-01 10:00:00,53,14,79.46,22,0,0
732,2026-03-01 10:00:00,43,31,101.68,21,2,0
733,2026-03-01 10:00:00,50,52,161.02,20,1,0
734,2026-03-01 10:00:00,51,19,73.09,23,6,1
735,2026-03-01 10:00:00,19,58,133.23,15,4,0
736,2026-03-01 10:00:00,51,47,87.43,29,2,0
737,2026-03-01 10:00:00,63,16,153.81,20,3,0
738,2026-03-01 10:00:00,28,53,173.24,24,2,0
739,2026-03-01 10:00:00,20,5,176.33,15,2,0
740,2026-03-01 10:00:00,32,35,69.85,19,1,0
741,2026-03-01 10:00:00,33,12,99.52,15,3,0
742,2026-03-01 10:00:00,23,25,156.75,22,1,0
743,2026-03-01 10:00:00,30,52,107.37,14,3,0
744,2026-03-01 10:00:00,22,59,141.47,12,0,1
745,2026-03-01 10:00:00,18,21,108.63,23,6,1
746,2026-03-01 10:00:00,54,36,71.27,21,4,0
747,2026-03-01 10:00:00,31,53,68.76,21,2,0
748,2026-03-01 10:00:00,50,23,120.84,16,0,0
749,2026-03-01 10:00:00,63,16,111.88,22,2,0
750,2026-03-01 10:00:00,56,57,167.97,17,1,0
751,2026-03-01 10:00:00,48,39,103.53,16,0,0
752,2026-03-01 10:00:00,19,45,73.39,28,2,0
753,2026-03-01 10:00:00,67,53,149.76,22,0,0
754,2026-03-01 10:00:00,36,42,102.99,20,1,0
755,2026-03-01 10:00:00,56,58,58.3,27,2,1
756,2026-03-01 10:00:00,19,39,134.62,13,4,1
757,2026-03-01 10:00:00,68,14,91.64,15,0,0
758,2026-03-01 10:00:00,30,31,53.97,15,2,0
759,2026-03-01 10:00:00,43,58,138.48,22,0,0
760,2026-03-01 10:00:00,48,5,89.16,18,2,0
761,2026-03-01 10:00:00,45,35,157.42,16,1,0
762,2026-03-01 10:00:00,32,23,112.08,15,0,1
763,2026-03-01 10:00:00,25,29,106.16,19,4,1
764,2026-03-01 10:00:00,62,43,206.39,24,2,0
765,2026-03-01 10:00:00,18,11,126.56,17,2,0
766,2026-03-01 10:00:00,55,18,109.33,23,1,0
767,2026-03-01 10:00:00,63,47,127.04,15,5,0
768,2026-03-01 10:00:00,69,12,126.82,20,2,0
769,2026-03-01 10:00:00,45,9,187.68,24,1,0
770,2026-03-01 10:00:00,49,10,99.91,22,2,0
771,2026-03-01 10:00:00,68,58,131.22,14,2,0
772,2026-03-01 10:00:00,68,44,112.08,20,4,1
773,2026-03-01 10:00:00,47,17,156.73,19,0,0
774,2026-03-01 10:00:00,64,38,135.81,17,0,0
775,2026-03-01 10:00:00,50,7,101.49,19,3,0
776,2026-03-01 10:00:00,66,46,115.65,25,0,0
777,2026-03-01 10:00:00,54,13,137.62,22,1,0
778,2026-03-01 10:00:00,36,40,78.05,21,0,0
779,2026-03-01 10:00:00,25,42,142.76,23,2,0
780,2026-03-01 10:00:00,36,9,84.99,16,3,0
781,2026-03-01 10:00:00,51,50,163.97,20,1,0
782,2026-03-01 10:00:00,46,27,164.92,17,1,0
783,2026-03-01 10:00:00,20,58,59.82,17,3,0
784,2026-03-01 10:00:00,54,2,136.69,19,2,0
785,2026-03-01 10:00:00,61,5,108.74,14,2,1
786,2026-03-01 10:00:00,42,29,102.62,14,1,0
787,2026-03-01 10:00:00,62,37,116.54,28,1,0
788,2026-03-01 10:00:00,57,38,125.23,24,4,1
789,2026-03-01 10:00:00,26,19,51.47,18,1,0
790,2026-03-01 10:00:00,25,8,40.88,18,0,1
791,2026-03-01 10:00:00,60,48,175.14,18,5,0
792,2026-03-01 10:00:00,24,45,116.17,17,1,0
793,2026-03-01 10:00:00,63,1,115.81,28,3,0
794,2026-03-01 10:00:00,30,22,84.33,15,0,0
795,2026-03-01 10:00:00,64,52,105.9,25,3,0
796,2026-03-01 10:00:00,68,17,76.23,19,2,0
797,2026-03-01 10:00:00,50,7,109.9,19,1,0
798,2026-03-01 10:00:00,58,25,108.16,12,3,0
799,2026-03-01 10:00:00,49,45,104.89,16,4,1
800,2026-03-01 10:00:00,38,4,118.69,26,0,0
801,2026-03-01 10:00:00,38,36,113.74,18,0,0
802,2026-03-01 10:00:00,68,6,150.47,24,0,0
803,2026-03-01 10:00:00,49,31,163.63,20,2,0
804,2026-03-01 10:00:00,33,19,123.52,18,5,1
805,2026-03-01 10:00:00,65,44,88.75,20,0,0
806,2026-03-01 10:00:00,65,54,125.66,20,3,0
807,2026-03-01 10:00:00,22,39,99.2,18,2,0
808,2026-03-01 10:00:00,53,27,140.69,21,3,0
809,2026-03-01 10:00:00,40,10,44.05,18,2,0
810,2026-03-01 10:00:00,38,26,112.84,31,0,0
811,2026-03-01 10:00:00,41,19,165.66,22,4,0
812,2026-03-01 10:00:00,23,39,133.28,21,1,0
813,2026-03-01 10:00:00,21,3,181.97,21,3,1
814,2026-03-01 10:00:00,27,45,52.97,14,1,0
815,2026-03-01 10:00:00,29,13,87.68,18,2,0
816,2026-03-01 10:00:00,59,50,97.96,30,1,0
817,2026-03-01 10:00:00,47,28,125.89,22,0,0
818,2026-03-01 10:00:00,18,58,157.2,18,1,0
819,2026-03-01 10:00:00,36,20,98.45,20,2,0
820,2026-03-01 10:00:00,66,28,74.55,26,3,0
821,2026-03-01 10:00:00,54,8,89.6,26,3,0
822,2026-03-01 10:00:00,39,41,125.59,26,0,0
823,2026-03-01 10:00:00,19,39,94.4,21,4,1
824,2026-03-01 10:00:00,19,1,113.45,25,1,0
825,2026-03-01 10:00:00,56,3,69.31,18,1,0
826,2026-03-01 10:00:00,59,13,171.3,11,1,0
827,2026-03-01 10:00:00,36,28,137.48,26,0,0
828,2026-03-01 10:00:00,56,57,126.05,19,2,1
829,2026-03-01 10:00:00,24,49,68.61,19,4,0
830,2026-03-01 10:00:00,48,25,158.19,19,1,0
831,2026-03-01 10:00:00,35,56,105.77,22,3,0
832,2026-03-01 10:00:00,18,33,188.13,19,3,0
833,2026-03-01 10:00:00,18,38,109.42,20,2,0
834,2026-03-01 10:00:00,35,53,122.63,22,2,0
835,2026-03-01 10:00:00,55,6,81.19,21,3,0
836,2026-03-01 10:00:00,20,58,76.96,15,1,0
837,2026-03-01 10:00:00,35,44,160.68,17,4,1
838,2026-03-01 10:00:00,39,45,114.4,17,1,0
839,2026-03-01 10:00:00,25,32,177.33,20,3,0
840,2026-03-01 10:00:00,55,45,83.16,26,1,0
841,2026-03-01 10:00:00,27,47,73.75,19,2,0
842,2026-03-01 10:00:00,20,21,97.85,21,3,0
843,2026-03-01 10:00:00,61,16,55.79,19,1,0
844,2026-03-01 10:00:00,34,54,110.7,25,0,0
845,2026-03-01 10:00:00,24,21,155.23,11,2,0
846,2026-03-01 10:00:00,54,11,163.07,19,1,0
847,2026-03-01 10:00:00,39,37,52.2,22,2,0
848,2026-03-01 10:00:00,64,36,46.18,20,3,0
849,2026-03-01 10:00:00,58,35,94.2,25,2,0
850,2026-03-01 10:00:00,28,19,52.92,11,1,0
851,2026-03-01 10:00:00,65,20,160.15,15,2,0
852,2026-03-01 10:00:00,36,57,113.9,15,1,0
853,2026-03-01 10:00:00,46,18,100.35,18,1,0
854,2026-03-01 10:00:00,45,47,158.2,29,3,0
855,2026-03-01 10:00:00,45,41,124.12,19,2,0
856,2026-03-01 10:00:00,53,49,89.28,27,1,0
857,2026-03-01 10:00:00,41,14,82.55,12,4,1
858,2026-03-01 10:00:00,61,15,75.77,18,1,0
859,2026-03-01 10:00:00,28,31,133.7,35,2,0
860,2026-03-01 10:00:00,48,1,142.18,30,4,1
861,2026-03-01 10:00:00,25,53,184.05,15,3,0
862,2026-03-01 10:00:00,65,54,72.07,21,5,1
863,2026-03-01 10:00:00,35,54,142.69,23,1,1
864,2026-03-01 10:00:00,49,3,78.19,31,2,0
865,2026-03-01 10:00:00,57,16,127.31,25,1,0
866,2026-03-01 10:00:00,48,23,99.58,21,6,1
867,2026-03-01 10:00:00,29,57,127.92,30,2,0
868,2026-03-01 10:00:00,69,11,158.03,21,4,1
869,2026-03-01 10:00:00,45,12,148.54,9,1,0
870,2026-03-01 10:00:00,68,10,41.94,15,1,1
871,2026-03-01 10:00:00,25,32,70.93,17,1,0
872,2026-03-01 10:00:00,36,16,80.27,19,2,0
873,2026-03-01 10:00:00,41,8,173.14,20,1,0
874,2026-03-01 10:00:00,47,38,182.35,22,0,1
875,2026-03-01 10:00:00,49,12,148.62,19,2,0
876,2026-03-01 10:00:00,67,24,91.1,19,2,0
877,2026-03-01 10:00:00,28,28,175.41,15,3,0
878,2026-03-01 10:00:00,32,53,108.68,28,1,0
879,2026-03-01 10:00:00,19,8,101.57,17,1,0
880,2026-03-01 10:00:00,27,58,28.16,25,3,0
881,2026-03-01 10:00:00,19,28,177.85,24,7,1
882,2026-03-01 10:00:00,45,36,129.28,18,1,0
883,2026-03-01 10:00:00,28,26,108.45,21,4,0
884,2026-03-01 10:00:00,44,8,145.46,27,3,0
885,2026-03-01 10:00:00,48,58,106.86,19,2,0
886,2026-03-01 10:00:00,60,50,141.76,15,2,0
887,2026-03-01 10:00:00,25,28,125.43,30,3,0
888,2026-03-01 10:00:00,60,28,90.85,25,0,0
889,2026-03-01 10:00:00,24,37,70.3,17,4,1
890,2026-03-01 10:00:00,42,41,160.35,20,6,0
891,2026-03-01 10:00:00,34,36,37.05,16,0,0
892,2026-03-01 10:00:00,37,27,66.2,23,3,0
893,2026-03-01 10:00:00,64,54,82.5,15,3,0
894,2026-03-01 10:00:00,37,17,91.11,15,0,1
895,2026-03-01 10:00:00,19,9,121.83,15,2,0
896,2026-03-01 10:00:00,19,33,115.54,18,3,0
897,2026-03-01 10:00:00,43,53,67.39,16,0,0
898,2026-03-01 10:00:00,45,20,99.77,16,0,1
899,2026-03-01 10:00:00,31,13,161.66,23,1,0
900,2026-03-01 10:00:00,31,28,121.75,18,0,0
901,2026-03-01 10:00:00,32,48,142.98,33,3,0
902,2026-03-01 10:00:00,33,29,65.72,16,3,0
903,2026-03-01 10:00:00,62,13,111.79,13,3,0
904,2026-03-01 10:00:00,56,46,148.83,21,3,0
905,2026-03-01 10:00:00,52,35,123.57,18,1,0
906,2026-03-01 10:00:00,21,6,78.78,31,0,0
907,2026-03-01 10:00:00,36,18,135.1,22,3,0
908,2026-03-01 10:00:00,53,51,119.96,11,1,0
909,2026-03-01 10:00:00,51,5,103.6,13,1,0
910,2026-03-01 10:00:00,64,47,140.82,15,1,0
911,2026-03-01 10:00:00,52,25,84.85,23,1,0
912,2026-03-01 10:00:00,23,2,107.75,22,2,1
913,2026-03-01 10:00:00,25,10,111.27,21,2,0
914,2026-03-01 10:00:00,60,56,151.18,29,2,0
915,2026-03-01 10:00:00,41,30,123.43,26,1,0
916,2026-03-01 10:00:00,52,50,99.61,30,3,0
917,2026-03-01 10:00:00,47,59,92.81,18,3,0
918,2026-03-01 10:00:00,60,45,63.05,29,1,0
919,2026-03-01 10:00:00,45,5,87.81,23,0,0
920,2026-03-01 10:00:00,33,55,117.68,17,2,0
921,2026-03-01 10:00:00,38,56,45.93,16,0,0
922,2026-03-01 10:00:00,50,33,116.23,15,0,0
923,2026-03-01 10:00:00,24,54,80.15,27,0,0
924,2026-03-01 10:00:00,28,1,154.65,20,0,0
925,2026-03-01 10:00:00,44,18,111.04,21,2,0
926,2026-03-01 10:00:00,51,32,117.33,17,1,0
927,2026-03-01 10:00:00,48,47,77.57,19,0,0
928,2026-03-01 10:00:00,66,49,95.28,21,1,0
929,2026-03-01 10:00:00,48,11,109.88,20,0,0
930,2026-03-01 10:00:00,44,21,136.6,18,3,0
931,2026-03-01 10:00:00,24,26,110.99,16,1,0
932,2026-03-01 10:00:00,62,25,97.79,24,1,0
933,2026-03-01 10:00:00,45,22,89.98,17,4,1
934,2026-03-01 10:00:00,29,59,129.11,13,2,0
935,2026-03-01 10:00:00,54,27,109.64,13,4,1
936,2026-03-01 10:00:00,20,49,70.45,20,2,0
937,2026-03-01 10:00:00,62,13,129.25,25,2,0
938,2026-03-01 10:00:00,43,33,192.55,12,2,0
939,2026-03-01 10:00:00,67,34,102.57,21,1,0
940,2026-03-01 10:00:00,66,41,129.97,18,4,1
941,2026-03-01 10:00:00,67,35,117.71,21,0,0
942,2026-03-01 10:00:00,50,1,121.13,20,1,0
943,2026-03-01 10:00:00,45,21,191.16,22,4,0
944,2026-03-01 10:00:00,39,48,71.14,22,1,0
945,2026-03-01 10:00:00,36,55,129.64,17,4,1
946,2026-03-01 10:00:00,61,6,120.84,25,2,1
947,2026-03-01 10:00:00,30,28,64.57,19,0,0
948,2026-03-01 10:00:00,42,17,138.48,19,1,0
949,2026-03-01 10:00:00,21,5,45.2,13,1,1
950,2026-03-01 10:00:00,56,31,147.19,10,4,0
951,2026-03-01 10:00:00,27,5,109.04,25,2,0
952,2026-03-01 10:00:00,59,38,123.94,16,3,0
953,2026-03-01 10:00:00,64,3,134.95,16,2,1
954,2026-03-01 10:00:00,42,53,50.85,14,3,0
955,2026-03-01 10:00:00,23,23,143.28,23,0,0
956,2026-03-01 10:00:00,52,37,139.33,18,2,0
957,2026-03-01 10:00:00,61,53,111.38,21,3,0
958,2026-03-01 10:00:00,51,37,149.36,23,2,0
959,2026-03-01 10:00:00,55,10,186.55,18,1,0
960,2026-03-01 10:00:00,36,10,187.64,16,1,0
961,2026-03-01 10:00:00,51,19,194.54,13,0,0
962,2026-03-01 10:00:00,33,17,60.79,8,3,1
963,2026-03-01 10:00:00,38,21,111.68,23,4,1
964,2026-03-01 10:00:00,23,14,124.6,22,0,0
965,2026-03-01 10:00:00,21,9,117.78,15,0,0
966,2026-03-01 10:00:00,60,46,159.3,15,5,0
967,2026-03-01 10:00:00,60,1,66.92,23,2,0
968,2026-03-01 10:00:00,32,51,82.22,20,2,0
969,2026-03-01 10:00:00,58,45,104.36,19,1,0
970,2026-03-01 10:00:00,56,13,126.6,24,1,0
971,2026-03-01 10:00:00,45,4,121.32,22,3,1
972,2026-03-01 10:00:00,29,1,131.15,26,2,1
973,2026-03-01 10:00:00,40,49,141.72,17,2,0
974,2026-03-01 10:00:00,60,40,152.16,20,5,1
975,2026-03-01 10:00:00,68,32,144.37,21,1,0
976,2026-03-01 10:00:00,18,34,110.39,18,3,0
977,2026-03-01 10:00:00,26,28,105.87,18,1,0
978,2026-03-01 10:00:00,55,31,100.27,20,2,0
979,2026-03-01 10:00:00,38,8,178.04,20,2,0
980,2026-03-01 10:00:00,23,39,70.55,21,3,0
981,2026-03-01 10:00:00,48,26,142.74,20,2,0
982,2026-03-01 10:00:00,28,58,112.99,28,4,0
983,2026-03-01 10:00:00,55,34,226.65,17,0,0
984,2026-03-01 10:00:00,34,54,75.57,15,1,0
985,2026-03-01 10:00:00,51,54,74.96,20,3,0
986,2026-03-01 10:00:00,61,3,196.29,15,2,1
987,2026-03-01 10:00:00,58,59,90.92,26,1,0
988,2026-03-01 10:00:00,60,50,129.54,22,1,0
989,2026-03-01 10:00:00,46,12,36.87,21,0,0
990,2026-03-01 10:00:00,48,1,121.01,22,1,0
991,2026-03-01 10:00:00,67,54,104.42,20,1,0
992,2026-03-01 10:00:00,47,44,131.56,18,3,0
993,2026-03-01 10:00:00,52,5,105.23,15,3,0
994,2026-03-01 10:00:00,44,30,105.35,20,4,0
995,2026-03-01 10:00:00,36,30,179.06,19,3,0
996,2026-03-01 10:00:00,45,59,161.17,26,3,0
997,2026-03-01 10:00:00,22,57,127.81,18,1,0
998,2026-03-01 10:00:00,28,17,173.19,25,1,0
999,2026-03-01 10:00:00,43,48,164.73,17,0,0
1000,2026-03-01 10:00:00,23,47,160.16,21,3,0
1001,2026-03-01 10:00:00,50,23,190.68,20,3,1
1002,2026-03-01 10:00:00,35,15,122.38,19,3,0
1003,2026-03-01 10:00:00,61,37,151.14,27,2,0
1004,2026-03-01 10:00:00,23,21,147.89,26,1,0
1005,2026-03-01 10:00:00,47,14,94.54,26,4,0
1006,2026-03-01 10:00:00,31,2,134.15,16,3,0
1007,2026-03-01 10:00:00,30,11,139.78,18,4,1
1008,2026-03-01 10:00:00,18,51,144.76,17,5,1
1009,2026-03-01 10:00:00,38,39,69.48,15,2,1
1010,2026-03-01 10:00:00,35,38,50.0,25,2,0
1011,2026-03-01 10:00:00,55,34,127.36,25,2,0
1012,2026-03-01 10:00:00,61,38,120.8,19,2,0
1013,2026-03-01 10:00:00,56,50,147.66,22,2,0
1014,2026-03-01 10:00:00,33,34,139.99,12,2,0
1015,2026-03-01 10:00:00,22,18,121.14,23,1,1
1016,2026-03-01 10:00:00,33,30,61.79,19,2,0
1017,2026-03-01 10:00:00,26,15,97.13,21,1,0
1018,2026-03-01 10:00:00,58,27,123.14,22,1,0
1019,2026-03-01 10:00:00,36,51,110.97,11,3,0
1020,2026-03-01 10:00:00,33,34,107.71,11,3,0
1021,2026-03-01 10:00:00,50,52,131.21,21,1,0
1022,2026-03-01 10:00:00,63,57,135.62,10,3,0
1023,2026-03-01 10:00:00,45,38,180.0,18,1,0
1024,2026-03-01 10:00:00,23,33,117.11,17,1,0
1025,2026-03-01 10:00:00,67,24,152.8,14,1,0
1026,2026-03-01 10:00:00,60,15,121.65,8,2,0
1027,2026-03-01 10:00:00,46,30,94.53,28,0,0
1028,2026-03-01 10:00:00,36,55,105.65,26,5,0
1029,2026-03-01 10:00:00,45,42,116.67,28,4,0
1030,2026-03-01 10:00:00,21,51,95.71,25,2,0
1031,2026-03-01 10:00:00,19,17,112.77,18,2,0
1032,2026-03-01 10:00:00,57,5,159.47,17,0,0
1033,2026-03-01 10:00:00,43,29,100.04,17,1,0
1034,2026-03-01 10:00:00,31,4,67.28,18,2,0
1035,2026-03-01 10:00:00,65,10,136.57,25,1,0
1036,2026-03-01 10:00:00,31,56,134.17,18,2,0
1037,2026-03-01 10:00:00,29,17,126.04,27,1,0
1038,2026-03-01 10:00:00,46,10,137.65,18,6,0
1039,2026-03-01 10:00:00,43,17,75.33,25,1,0
1040,2026-03-01 10:00:00,46,20,117.3,24,1,0
1041,2026-03-01 10:00:00,49,24,94.37,27,1,0
1042,2026-03-01 10:00:00,53,5,185.48,19,0,0
1043,2026-03-01 10:00:00,64,34,113.59,35,2,0
1044,2026-03-01 10:00:00,69,6,124.97,18,0,0
1045,2026-03-01 10:00:00,43,53,28.37,22,3,0
1046,2026-03-01 10:00:00,25,2,45.71,20,2,0
1047,2026-03-01 10:00:00,67,13,177.87,16,4,1
1048,2026-03-01 10:00:00,31,43,118.94,15,3,0
1049,2026-03-01 10:00:00,69,43,95.75,16,2,1
1050,2026-03-01 10:00:00,62,48,98.85,20,1,0
1051,2026-03-01 10:00:00,30,11,127.73,13,1,0
1052,2026-03-01 10:00:00,49,51,128.26,19,1,0
1053,2026-03-01 10:00:00,53,47,100.75,23,0,0
1054,2026-03-01 10:00:00,21,57,127.31,22,1,0
1055,2026-03-01 10:00:00,55,23,97.27,20,1,0
1056,2026-03-01 10:00:00,28,55,132.76,16,1,0
1057,2026-03-01 10:00:00,29,16,164.85,26,3,0
1058,2026-03-01 10:00:00,18,31,106.37,17,2,0
1059,2026-03-01 10:00:00,65,11,123.4,23,2,0
1060,2026-03-01 10:00:00,61,54,108.12,28,4,0
1061,2026-03-01 10:00:00,26,16,35.48,18,4,1
1062,2026-03-01 10:00:00,66,8,155.96,16,2,0
1063,2026-03-01 10:00:00,54,4,98.4,15,1,1
1064,2026-03-01 10:00:00,65,40,101.47,21,1,0
1065,2026-03-01 10:00:00,43,4,137.72,18,1,1
1066,2026-03-01 10:00:00,40,56,188.51,23,3,0
1067,2026-03-01 10:00:00,18,25,149.07,10,0,0
1068,2026-03-01 10:00:00,21,3,111.18,19,2,1
1069,2026-03-01 10:00:00,31,32,148.58,16,0,0
1070,2026-03-01 10:00:00,28,3,140.41,19,2,1
1071,2026-03-01 10:00:00,63,27,115.77,21,1,0
1072,2026-03-01 10:00:00,49,29,158.81,25,6,0
1073,2026-03-01 10:00:00,56,32,151.02,21,2,0
1074,2026-03-01 10:00:00,64,50,192.19,27,2,0
1075,2026-03-01 10:00:00,61,58,105.75,18,2,0
1076,2026-03-01 10:00:00,62,51,122.75,19,0,0
1077,2026-03-01 10:00:00,38,19,187.04,18,1,0
1078,2026-03-01 10:00:00,56,21,91.35,25,3,0
1079,2026-03-01 10:00:00,20,5,106.81,20,3,0
1080,2026-03-01 10:00:00,54,18,110.14,16,1,0
1081,2026-03-01 10:00:00,48,28,127.37,21,0,0
1082,2026-03-01 10:00:00,41,42,156.23,26,2,0
1083,2026-03-01 10:00:00,34,22,141.66,18,3,0
1084,2026-03-01 10:00:00,59,21,77.18,25,2,0
1085,2026-03-01 10:00:00,50,6,133.68,24,1,0
1086,2026-03-01 10:00:00,47,1,160.64,15,1,0
1087,2026-03-01 10:00:00,28,5,162.45,13,1,0
1088,2026-03-01 10:00:00,19,41,222.39,11,1,0
1089,2026-03-01 10:00:00,48,12,158.36,21,5,1
1090,2026-03-01 10:00:00,21,26,61.2,19,2,0
1091,2026-03-01 10:00:00,24,46,120.54,16,2,0
1092,2026-03-01 10:00:00,28,34,105.5,14,1,0
1093,2026-03-01 10:00:00,62,49,106.38,28,0,0
1094,2026-03-01 10:00:00,44,14,114.83,20,0,0
1095,2026-03-01 10:00:00,44,26,148.75,17,2,0
1096,2026-03-01 10:00:00,63,45,99.71,15,3,0
1097,2026-03-01 10:00:00,45,27,112.2,16,2,0
1098,2026-03-01 10:00:00,57,9,52.53,17,0,1
1099,2026-03-01 10:00:00,65,26,51.2,29,2,0
1100,2026-03-01 10:00:00,24,57,141.08,16,1,1
1101,2026-03-01 10:00:00,18,47,143.73,19,3,0
1102,2026-03-01 10:00:00,48,57,122.26,21,1,0
1103,2026-03-01 10:00:00,26,22,178.42,15,1,0
1104,2026-03-01 10:00:00,37,47,132.79,20,4,1
1105,2026-03-01 10:00:00,55,56,55.13,18,5,1
1106,2026-03-01 10:00:00,32,30,153.03,16,3,0
1107,2026-03-01 10:00:00,20,43,49.68,21,1,0
1108,2026-03-01 10:00:00,58,48,190.99,18,0,0
1109,2026-03-01 10:00:00,53,17,175.58,20,6,1
1110,2026-03-01 10:00:00,33,26,199.7,13,4,1
1111,2026-03-01 10:00:00,19,36,166.75,20,5,0
1112,2026-03-01 10:00:00,31,1,156.98,25,0,0
1113,2026-03-01 10:00:00,64,8,173.87,19,2,0
1114,2026-03-01 10:00:00,64,49,128.27,20,1,0
1115,2026-03-01 10:00:00,49,35,75.6,15,1,0
1116,2026-03-01 10:00:00,51,52,153.55,14,0,0
1117,2026-03-01 10:00:00,39,15,173.02,22,1,0
1118,2026-03-01 10:00:00,31,47,182.78,24,1,0
1119,2026-03-01 10:00:00,37,56,75.87,21,1,0
1120,2026-03-01 10:00:00,35,22,20.0,20,1,0
1121,2026-03-01 10:00:00,42,14,149.2,22,3,0
1122,2026-03-01 10:00:00,51,26,156.47,22,4,0
1123,2026-03-01 10:00:00,40,28,64.94,23,1,0
1124,2026-03-01 10:00:00,23,23,103.49,20,2,0
1125,2026-03-01 10:00:00,33,14,124.56,19,2,0
1126,2026-03-01 10:00:00,48,24,111.09,18,1,0
1127,2026-03-01 10:00:00,62,2,76.56,16,2,0
1128,2026-03-01 10:00:00,36,45,159.6,24,2,0
1129,2026-03-01 10:00:00,59,26,125.43,21,2,0
1130,2026-03-01 10:00:00,49,14,136.31,20,0,0
1131,2026-03-01 10:00:00,59,59,149.04,19,3,0
1132,2026-03-01 10:00:00,54,56,196.05,15,1,0
1133,2026-03-01 10:00:00,63,51,106.29,13,4,1
1134,2026-03-01 10:00:00,60,7,173.34,18,1,0
1135,2026-03-01 10:00:00,38,3,144.61,19,5,1
1136,2026-03-01 10:00:00,22,47,90.36,25,3,0
1137,2026-03-01 10:00:00,46,23,122.51,24,0,0
1138,2026-03-01 10:00:00,59,46,161.88,17,0,0
1139,2026-03-01 10:00:00,44,43,124.32,20,3,0
1140,2026-03-01 10:00:00,36,47,151.37,24,2,0
1141,2026-03-01 10:00:00,19,45,105.22,22,7,0
1142,2026-03-01 10:00:00,42,18,63.39,30,2,0
1143,2026-03-01 10:00:00,35,58,70.79,16,3,1
1144,2026-03-01 10:00:00,60,38,108.17,29,1,0
1145,2026-03-01 10:00:00,20,35,154.9,23,1,1
1146,2026-03-01 10:00:00,47,51,139.14,20,4,0
1147,2026-03-01 10:00:00,24,15,146.22,21,0,0
1148,2026-03-01 10:00:00,19,25,91.51,19,5,0
1149,2026-03-01 10:00:00,40,55,103.1,24,2,0
1150,2026-03-01 10:00:00,50,37,84.34,15,0,0
1151,2026-03-01 10:00:00,54,28,95.02,21,3,1
1152,2026-03-01 10:00:00,51,10,179.76,17,6,1
1153,2026-03-01 10:00:00,50,39,140.58,19,2,0
1154,2026-03-01 10:00:00,45,57,104.03,16,2,0
1155,2026-03-01 10:00:00,31,17,85.86,15,4,0
1156,2026-03-01 10:00:00,34,39,85.79,18,1,0
1157,2026-03-01 10:00:00,28,22,107.17,23,0,0
1158,2026-03-01 10:00:00,61,26,152.72,27,3,0
1159,2026-03-01 10:00:00,49,44,72.75,15,3,0
1160,2026-03-01 10:00:00,56,25,175.08,17,2,0
1161,2026-03-01 10:00:00,36,17,181.35,22,2,0
1162,2026-03-01 10:00:00,68,13,129.36,13,2,0
1163,2026-03-01 10:00:00,20,20,129.3,23,2,1
1164,2026-03-01 10:00:00,35,25,145.63,12,2,0
1165,2026-03-01 10:00:00,67,4,63.21,16,1,0
1166,2026-03-01 10:00:00,68,10,56.07,15,2,0
1167,2026-03-01 10:00:00,30,3,128.93,18,3,1
1168,2026-03-01 10:00:00,22,41,73.08,15,1,0
1169,2026-03-01 10:00:00,29,45,92.11,24,4,0
1170,2026-03-01 10:00:00,66,18,121.65,13,2,0
1171,2026-03-01 10:00:00,40,47,53.78,24,2,0
1172,2026-03-01 10:00:00,36,36,144.29,21,1,0
1173,2026-03-01 10:00:00,35,47,126.44,19,1,0
1174,2026-03-01 10:00:00,37,22,175.93,24,3,0
1175,2026-03-01 10:00:00,31,34,57.16,18,3,0
1176,2026-03-01 10:00:00,56,47,115.68,17,0,0
1177,2026-03-01 10:00:00,47,8,87.55,23,1,0
1178,2026-03-01 10:00:00,40,40,162.57,23,0,0
1179,2026-03-01 10:00:00,33,49,147.51,16,1,0
1180,2026-03-01 10:00:00,18,44,155.38,22,1,0
1181,2026-03-01 10:00:00,30,19,132.92,27,1,0
1182,2026-03-01 10:00:00,48,42,109.19,27,2,0
1183,2026-03-01 10:00:00,22,41,136.65,32,2,0
1184,2026-03-01 10:00:00,66,37,100.41,24,4,1
1185,2026-03-01 10:00:00,60,6,166.13,19,1,0
1186,2026-03-01 10:00:00,28,52,82.53,17,3,0
1187,2026-03-01 10:00:00,32,26,125.74,24,1,0
1188,2026-03-01 10:00:00,69,34,127.96,17,2,0
1189,2026-03-01 10:00:00,68,59,113.36,21,2,0
1190,2026-03-01 10:00:00,63,56,120.5,17,2,0
1191,2026-03-01 10:00:00,32,59,134.26,22,1,0
1192,2026-03-01 10:00:00,66,45,101.78,15,0,0
1193,2026-03-01 10:00:00,48,6,144.4,21,4,1
1194,2026-03-01 10:00:00,22,37,87.71,20,2,0
1195,2026-03-01 10:00:00,24,57,74.31,19,1,0
1196,2026-03-01 10:00:00,38,33,60.72,19,4,0
1197,2026-03-01 10:00:00,61,53,74.41,19,1,0
1198,2026-03-01 10:00:00,41,22,133.69,14,2,0
1199,2026-03-01 10:00:00,18,21,115.59,17,0,0
1200,2026-03-01 10:00:00,64,6,129.81,19,0,0
1201,2026-03-01 10:00:00,46,6,114.0,23,0,0
1202,2026-03-01 10:00:00,66,55,56.39,20,4,1
1203,2026-03-01 10:00:00,41,48,136.2,14,2,0
1204,2026-03-01 10:00:00,65,4,96.98,17,3,0
1205,2026-03-01 10:00:00,22,30,115.48,20,4,0
1206,2026-03-01 10:00:00,40,11,198.01,17,2,0
1207,2026-03-01 10:00:00,39,30,73.39,17,3,0
1208,2026-03-01 10:00:00,18,31,131.37,23,1,0
1209,2026-03-01 10:00:00,45,24,174.63,24,1,0
1210,2026-03-01 10:00:00,55,55,135.4,22,3,0
1211,2026-03-01 10:00:00,23,9,112.56,24,6,1
1212,2026-03-01 10:00:00,49,55,161.19,19,2,0
1213,2026-03-01 10:00:00,30,3,150.2,20,5,1
1214,2026-03-01 10:00:00,18,51,214.12,20,2,0
1215,2026-03-01 10:00:00,63,31,29.99,22,3,0
1216,2026-03-01 10:00:00,31,40,151.59,22,3,0
1217,2026-03-01 10:00:00,54,37,94.95,16,1,0
1218,2026-03-01 10:00:00,55,36,164.78,21,2,0
1219,2026-03-01 10:00:00,26,24,76.28,21,3,0
1220,2026-03-01 10:00:00,51,31,210.78,32,2,0
1221,2026-03-01 10:00:00,60,6,71.04,16,1,0
1222,2026-03-01 10:00:00,37,2,62.98,22,0,0
1223,2026-03-01 10:00:00,65,20,41.13,20,2,1
1224,2026-03-01 10:00:00,50,28,62.96,28,2,0
1225,2026-03-01 10:00:00,62,11,141.5,26,2,0
1226,2026-03-01 10:00:00,38,4,189.53,25,6,1
1227,2026-03-01 10:00:00,43,15,68.23,21,1,0
1228,2026-03-01 10:00:00,56,6,121.68,20,2,0
1229,2026-03-01 10:00:00,26,54,54.79,24,4,1
1230,2026-03-01 10:00:00,23,49,20.0,28,2,0
1231,2026-03-01 10:00:00,46,30,98.84,15,2,0
1232,2026-03-01 10:00:00,53,56,190.02,16,1,0
1233,2026-03-01 10:00:00,56,38,20.77,21,4,1
1234,2026-03-01 10:00:00,36,51,139.56,8,1,0
1235,2026-03-01 10:00:00,61,57,62.96,25,0,0
1236,2026-03-01 10:00:00,45,2,73.76,18,3,0
1237,2026-03-01 10:00:00,52,15,106.13,22,2,0
1238,2026-03-01 10:00:00,56,11,129.53,22,0,0
1239,2026-03-01 10:00:00,67,8,57.71,19,2,0
1240,2026-03-01 10:00:00,20,26,131.72,15,4,0
1241,2026-03-01 10:00:00,54,51,136.59,13,1,0
1242,2026-03-01 10:00:00,31,45,79.38,12,1,0
1243,2026-03-01 10:00:00,32,44,85.62,20,0,0
1244,2026-03-01 10:00:00,44,5,76.95,12,2,0
1245,2026-03-01 10:00:00,47,6,172.97,22,1,0
1246,2026-03-01 10:00:00,38,26,138.01,17,2,0
1247,2026-03-01 10:00:00,40,54,101.2,28,3,0
1248,2026-03-01 10:00:00,26,4,115.96,24,4,1
1249,2026-03-01 10:00:00,24,19,172.92,24,4,1
1250,2026-03-01 10:00:00,62,20,163.71,16,5,0
1251,2026-03-01 10:00:00,51,33,178.19,24,3,0
1252,2026-03-01 10:00:00,18,20,135.17,21,0,0
1253,2026-03-01 10:00:00,41,49,122.74,14,2,1
1254,2026-03-01 10:00:00,34,12,59.34,17,2,0
1255,2026-03-01 10:00:00,66,47,150.07,31,1,0
1256,2026-03-01 10:00:00,18,1,186.68,14,2,1
1257,2026-03-01 10:00:00,21,26,100.84,12,4,1
1258,2026-03-01 10:00:00,47,14,176.56,15,3,0
1259,2026-03-01 10:00:00,52,38,104.52,26,0,0
1260,2026-03-01 10:00:00,51,37,151.55,27,2,0
1261,2026-03-01 10:00:00,59,11,136.89,19,0,0
1262,2026-03-01 10:00:00,64,36,99.46,12,1,0
1263,2026-03-01 10:00:00,27,13,105.4,22,1,0
1264,2026-03-01 10:00:00,52,43,94.78,18,1,0
1265,2026-03-01 10:00:00,65,3,78.44,16,0,0
1266,2026-03-01 10:00:00,39,33,131.66,17,1,0
1267,2026-03-01 10:00:00,36,6,95.11,29,0,0
1268,2026-03-01 10:00:00,48,50,134.43,32,3,0
1269,2026-03-01 10:00:00,47,56,170.47,25,0,0
1270,2026-03-01 10:00:00,19,10,122.88,18,1,1
1271,2026-03-01 10:00:00,54,5,102.22,21,1,0
1272,2026-03-01 10:00:00,50,23,158.46,22,5,0
1273,2026-03-01 10:00:00,67,10,95.07,11,6,1
1274,2026-03-01 10:00:00,31,44,131.23,19,2,0
1275,2026-03-01 10:00:00,42,2,20.0,26,1,0
1276,2026-03-01 10:00:00,33,13,154.85,21,3,0
1277,2026-03-01 10:00:00,43,40,149.07,17,4,0
1278,2026-03-01 10:00:00,53,2,27.73,20,2,0
1279,2026-03-01 10:00:00,38,20,84.49,22,2,0
1280,2026-03-01 10:00:00,31,1,75.31,15,1,1
1281,2026-03-01 10:00:00,29,37,110.61,12,2,0
1282,2026-03-01 10:00:00,58,9,62.67,27,3,0
1283,2026-03-01 10:00:00,45,17,123.99,22,1,0
1284,2026-03-01 10:00:00,67,9,193.47,22,1,0
1285,2026-03-01 10:00:00,55,11,118.84,16,0,0
1286,2026-03-01 10:00:00,37,15,167.51,20,0,0
1287,2026-03-01 10:00:00,47,24,122.35,20,0,0
1288,2026-03-01 10:00:00,47,38,62.55,32,0,0
1289,2026-03-01 10:00:00,62,55,114.0,24,1,0
1290,2026-03-01 10:00:00,37,35,26.96,21,1,0
1291,2026-03-01 10:00:00,45,30,127.14,18,0,0
1292,2026-03-01 10:00:00,25,31,109.64,14,4,1
1293,2026-03-01 10:00:00,27,49,192.96,21,3,0
1294,2026-03-01 10:00:00,43,5,146.28,18,2,0
1295,2026-03-01 10:00:00,63,44,112.35,34,2,0
1296,2026-03-01 10:00:00,21,50,93.85,15,3,0
1297,2026-03-01 10:00:00,21,14,138.91,23,4,1
1298,2026-03-01 10:00:00,50,53,20.0,31,3,1
1299,2026-03-01 10:00:00,39,56,124.1,23,3,0
1300,2026-03-01 10:00:00,41,11,105.66,23,3,0
1301,2026-03-01 10:00:00,57,9,109.48,17,3,0
1302,2026-03-01 10:00:00,64,34,91.42,24,2,0
1303,2026-03-01 10:00:00,57,12,186.41,21,3,0
1304,2026-03-01 10:00:00,47,35,121.94,25,3,0
1305,2026-03-01 10:00:00,37,35,164.37,25,2,0
1306,2026-03-01 10:00:00,62,1,101.41,15,1,0
1307,2026-03-01 10:00:00,69,40,100.58,17,3,0
1308,2026-03-01 10:00:00,64,22,175.95,18,2,0
1309,2026-03-01 10:00:00,55,29,151.63,22,0,0
1310,2026-03-01 10:00:00,19,8,97.46,22,2,0
1311,2026-03-01 10:00:00,56,11,159.49,22,5,1
1312,2026-03-01 10:00:00,34,41,74.51,23,2,0
1313,2026-03-01 10:00:00,53,37,163.75,22,3,0
1314,2026-03-01 10:00:00,55,14,145.26,19,3,0
1315,2026-03-01 10:00:00,35,30,116.5,23,1,0
1316,2026-03-01 10:00:00,41,35,131.94,17,1,0
1317,2026-03-01 10:00:00,21,21,78.06,23,0,0
1318,2026-03-01 10:00:00,45,37,105.4,18,1,0
1319,2026-03-01 10:00:00,44,5,174.55,20,1,1
1320,2026-03-01 10:00:00,31,19,168.12,20,2,0
1321,2026-03-01 10:00:00,26,59,79.44,22,3,1
1322,2026-03-01 10:00:00,21,14,135.18,14,2,0
1323,2026-03-01 10:00:00,27,26,55.58,19,3,0
1324,2026-03-01 10:00:00,32,4,177.8,26,4,1
1325,2026-03-01 10:00:00,20,25,132.12,26,4,0
1326,2026-03-01 10:00:00,57,45,101.59,13,2,0
1327,2026-03-01 10:00:00,51,42,28.87,23,0,0
1328,2026-03-01 10:00:00,24,25,114.37,20,5,0
1329,2026-03-01 10:00:00,53,18,206.01,17,4,0
1330,2026-03-01 10:00:00,41,40,107.85,15,1,0
1331,2026-03-01 10:00:00,52,8,131.47,24,2,0
1332,2026-03-01 10:00:00,29,39,108.91,22,0,0
1333,2026-03-01 10:00:00,48,40,98.4,28,2,0
1334,2026-03-01 10:00:00,51,14,135.86,17,1,0
1335,2026-03-01 10:00:00,46,32,180.76,12,4,1
1336,2026-03-01 10:00:00,59,51,137.47,13,2,0
1337,2026-03-01 10:00:00,63,38,121.8,26,3,0
1338,2026-03-01 10:00:00,34,33,101.17,21,1,0
1339,2026-03-01 10:00:00,25,23,125.54,17,2,0
1340,2026-03-01 10:00:00,53,15,99.18,19,3,0
1341,2026-03-01 10:00:00,28,33,109.76,20,2,0
1342,2026-03-01 10:00:00,55,25,157.17,13,2,0
1343,2026-03-01 10:00:00,68,17,135.38,15,4,1
1344,2026-03-01 10:00:00,47,33,117.94,23,0,1
1345,2026-03-01 10:00:00,44,47,48.78,20,1,0
1346,2026-03-01 10:00:00,23,55,105.4,25,0,0
1347,2026-03-01 10:00:00,58,2,192.14,19,6,1
1348,2026-03-01 10:00:00,40,14,156.93,28,1,0
1349,2026-03-01 10:00:00,61,53,161.34,17,1,0
1350,2026-03-01 10:00:00,44,40,88.16,18,0,0
1351,2026-03-01 10:00:00,42,40,185.27,12,0,0
1352,2026-03-01 10:00:00,34,51,87.95,16,3,0
1353,2026-03-01 10:00:00,39,39,126.21,19,3,0
1354,2026-03-01 10:00:00,62,51,86.22,20,3,0
1355,2026-03-01 10:00:00,66,6,180.75,20,2,0
1356,2026-03-01 10:00:00,39,6,146.73,13,2,0
1357,2026-03-01 10:00:00,57,3,169.26,16,2,0
1358,2026-03-01 10:00:00,63,7,20.0,29,4,1
1359,2026-03-01 10:00:00,69,51,128.72,20,1,1
1360,2026-03-01 10:00:00,66,8,77.65,25,1,0
1361,2026-03-01 10:00:00,68,42,119.71,24,0,0
1362,2026-03-01 10:00:00,61,52,37.37,20,3,0
1363,2026-03-01 10:00:00,42,15,81.17,15,3,0
1364,2026-03-01 10:00:00,44,47,79.25,19,1,0
1365,2026-03-01 10:00:00,29,29,54.67,20,2,0
1366,2026-03-01 10:00:00,23,33,100.4,23,2,0
1367,2026-03-01 10:00:00,66,52,162.24,30,0,0
1368,2026-03-01 10:00:00,33,30,129.46,27,0,0
1369,2026-03-01 10:00:00,64,39,80.86,20,1,0
1370,2026-03-01 10:00:00,38,27,114.1,15,1,0
1371,2026-03-01 10:00:00,49,36,122.53,15,2,0
1372,2026-03-01 10:00:00,43,29,162.36,15,1,0
1373,2026-03-01 10:00:00,38,38,168.03,24,4,1
1374,2026-03-01 10:00:00,23,57,123.41,27,1,0
1375,2026-03-01 10:00:00,55,33,124.75,23,3,0
1376,2026-03-01 10:00:00,51,37,179.02,19,3,0
1377,2026-03-01 10:00:00,34,27,60.43,12,2,0
1378,2026-03-01 10:00:00,35,55,102.92,24,2,0
1379,2026-03-01 10:00:00,34,33,61.52,24,1,0
1380,2026-03-01 10:00:00,28,4,87.57,16,1,0
1381,2026-03-01 10:00:00,58,22,173.27,24,5,0
1382,2026-03-01 10:00:00,18,2,158.35,25,5,1
1383,2026-03-01 10:00:00,42,10,103.0,20,1,1
1384,2026-03-01 10:00:00,62,5,91.05,15,3,0
1385,2026-03-01 10:00:00,64,59,127.38,12,2,0
1386,2026-03-01 10:00:00,69,10,143.4,20,3,0
1387,2026-03-01 10:00:00,32,33,111.88,14,0,0
1388,2026-03-01 10:00:00,52,54,123.54,16,3,0
1389,2026-03-01 10:00:00,29,38,143.37,16,1,0
1390,2026-03-01 10:00:00,58,13,115.54,22,4,0
1391,2026-03-01 10:00:00,39,31,145.92,24,1,0
1392,2026-03-01 10:00:00,65,47,146.54,14,0,0
1393,2026-03-01 10:00:00,40,36,115.08,26,1,0
1394,2026-03-01 10:00:00,62,45,126.63,14,3,0
1395,2026-03-01 10:00:00,19,24,118.63,22,1,0
1396,2026-03-01 10:00:00,68,52,131.68,19,1,0
1397,2026-03-01 10:00:00,65,56,100.78,17,1,0
1398,2026-03-01 10:00:00,62,15,153.76,14,3,0
1399,2026-03-01 10:00:00,61,29,98.89,14,2,0
1400,2026-03-01 10:00:00,22,8,127.26,18,3,0
1401,2026-03-01 10:00:00,52,5,38.89,18,2,1
1402,2026-03-01 10:00:00,68,29,126.34,15,3,0
1403,2026-03-01 10:00:00,45,47,150.71,15,2,0
1404,2026-03-01 10:00:00,18,4,81.58,14,3,1
1405,2026-03-01 10:00:00,34,12,45.08,17,1,0
1406,2026-03-01 10:00:00,39,45,96.69,13,3,0
1407,2026-03-01 10:00:00,65,2,44.56,30,3,0
1408,2026-03-01 10:00:00,19,27,99.05,22,2,0
1409,2026-03-01 10:00:00,18,31,72.4,12,0,0
1410,2026-03-01 10:00:00,54,51,108.98,26,1,0
1411,2026-03-01 10:00:00,46,51,114.39,24,0,0
1412,2026-03-01 10:00:00,33,36,150.05,25,2,0
1413,2026-03-01 10:00:00,64,36,190.05,17,3,0
1414,2026-03-01 10:00:00,41,26,109.47,29,0,0
1415,2026-03-01 10:00:00,62,43,110.88,17,1,0
1416,2026-03-01 10:00:00,68,27,108.75,25,2,0
1417,2026-03-01 10:00:00,51,5,117.2,18,1,0
1418,2026-03-01 10:00:00,61,20,72.37,13,4,1
1419,2026-03-01 10:00:00,64,11,185.02,20,4,1
1420,2026-03-01 10:00:00,24,10,146.4,28,3,0
1421,2026-03-01 10:00:00,68,40,166.09,24,2,0
1422,2026-03-01 10:00:00,68,38,151.24,20,1,0
1423,2026-03-01 10:00:00,35,6,155.94,24,3,0
1424,2026-03-01 10:00:00,28,8,136.66,21,2,0
1425,2026-03-01 10:00:00,40,23,173.57,21,2,0
1426,2026-03-01 10:00:00,61,47,123.41,21,6,0
1427,2026-03-01 10:00:00,30,26,127.73,23,2,0
1428,2026-03-01 10:00:00,31,46,95.66,33,1,0
1429,2026-03-01 10:00:00,35,43,117.18,30,1,0
1430,2026-03-01 10:00:00,19,12,147.65,22,1,0
1431,2026-03-01 10:00:00,62,26,107.34,18,1,0
1432,2026-03-01 10:00:00,65,13,84.87,23,1,0
1433,2026-03-01 10:00:00,19,40,166.05,21,1,0
1434,2026-03-01 10:00:00,21,18,123.52,28,0,0
1435,2026-03-01 10:00:00,34,25,122.57,23,4,1
1436,2026-03-01 10:00:00,31,33,179.64,22,2,0
1437,2026-03-01 10:00:00,39,47,62.48,17,0,0
1438,2026-03-01 10:00:00,33,40,152.46,18,2,0
1439,2026-03-01 10:00:00,26,43,69.05,27,0,1
1440,2026-03-01 10:00:00,32,12,54.46,26,0,0
1441,2026-03-01 10:00:00,50,44,113.99,18,1,0
1442,2026-03-01 10:00:00,20,36,181.2,15,3,0
1443,2026-03-01 10:00:00,21,48,102.49,23,5,0
1444,2026-03-01 10:00:00,52,4,149.02,16,5,1
1445,2026-03-01 10:00:00,50,5,97.98,21,4,1
1446,2026-03-01 10:00:00,59,56,91.91,13,5,0
1447,2026-03-01 10:00:00,27,37,100.24,18,1,0
1448,2026-03-01 10:00:00,67,8,79.35,17,2,0
1449,2026-03-01 10:00:00,28,42,145.04,12,3,0
1450,2026-03-01 10:00:00,32,49,64.92,12,3,0
1451,2026-03-01 10:00:00,53,28,120.12,16,2,0
1452,2026-03-01 10:00:00,64,31,106.86,16,2,0
1453,2026-03-01 10:00:00,35,58,55.3,23,0,0
1454,2026-03-01 10:00:00,35,9,78.69,24,1,0
1455,2026-03-01 10:00:00,45,54,127.27,18,0,0
1456,2026-03-01 10:00:00,26,51,106.42,26,2,0
1457,2026-03-01 10:00:00,48,29,141.73,28,1,0
1458,2026-03-01 10:00:00,67,14,113.19,28,0,0
1459,2026-03-01 10:00:00,67,40,123.91,13,2,0
1460,2026-03-01 10:00:00,34,41,143.92,19,2,0
1461,2026-03-01 10:00:00,38,22,74.56,20,2,0
1462,2026-03-01 10:00:00,67,11,52.88,31,1,0
1463,2026-03-01 10:00:00,34,23,159.75,26,1,0
1464,2026-03-01 10:00:00,19,1,74.05,20,1,1
1465,2026-03-01 10:00:00,68,46,22.62,19,1,0
1466,2026-03-01 10:00:00,66,37,163.13,25,0,0
1467,2026-03-01 10:00:00,28,21,78.01,11,5,1
1468,2026-03-01 10:00:00,40,26,122.6,24,4,1
1469,2026-03-01 10:00:00,37,46,127.7,21,1,0
1470,2026-03-01 10:00:00,65,36,204.23,26,1,0
1471,2026-03-01 10:00:00,53,54,60.9,18,1,0
1472,2026-03-01 10:00:00,36,23,150.55,15,5,1
1473,2026-03-01 10:00:00,29,57,114.07,19,1,0
1474,2026-03-01 10:00:00,21,1,187.51,20,3,0
1475,2026-03-01 10:00:00,36,54,131.55,21,1,0
1476,2026-03-01 10:00:00,39,55,92.63,17,2,0
1477,2026-03-01 10:00:00,33,51,112.14,16,1,0
1478,2026-03-01 10:00:00,29,40,186.88,20,3,0
1479,2026-03-01 10:00:00,52,15,120.49,22,0,0
1480,2026-03-01 10:00:00,61,21,101.81,23,0,0
1481,2026-03-01 10:00:00,60,47,160.89,20,4,0
1482,2026-03-01 10:00:00,57,9,101.05,19,1,0
1483,2026-03-01 10:00:00,36,53,101.02,24,1,0
1484,2026-03-01 10:00:00,63,9,108.08,20,1,1
1485,2026-03-01 10:00:00,51,10,163.58,18,0,0
1486,2026-03-01 10:00:00,58,52,113.25,14,2,0
1487,2026-03-01 10:00:00,67,57,157.3,20,1,0
1488,2026-03-01 10:00:00,50,53,100.59,19,0,0
1489,2026-03-01 10:00:00,24,26,111.05,24,4,1
1490,2026-03-01 10:00:00,49,41,82.72,21,1,0
1491,2026-03-01 10:00:00,56,35,20.84,25,4,1
1492,2026-03-01 10:00:00,60,52,109.09,20,0,0
1493,2026-03-01 10:00:00,19,25,106.5,15,1,0
1494,2026-03-01 10:00:00,35,26,147.9,13,2,0
1495,2026-03-01 10:00:00,31,11,126.04,24,0,0
1496,2026-03-01 10:00:00,21,38,126.59,20,0,0
1497,2026-03-01 10:00:00,35,2,91.25,18,3,0
1498,2026-03-01 10:00:00,36,7,152.78,22,3,0
1499,2026-03-01 10:00:00,51,18,156.73,20,0,0
1500,2026-03-01 10:00:00,32,27,40.08,16,4,1
1501,2026-03-01 10:00:00,29,34,111.65,24,1,0
1502,2026-03-01 10:00:00,60,27,74.3,26,2,0
1503,2026-03-01 10:00:00,37,17,145.59,18,1,0
1504,2026-03-01 10:00:00,44,43,112.41,19,2,0
1505,2026-03-01 10:00:00,40,59,101.15,18,3,0
1506,2026-03-01 10:00:00,46,44,135.57,22,0,0
1507,2026-03-01 10:00:00,43,59,163.78,26,1,0
1508,2026-03-01 10:00:00,19,51,83.09,15,2,0
1509,2026-03-01 10:00:00,20,54,176.19,21,3,0
1510,2026-03-01 10:00:00,38,24,129.55,17,1,0
1511,2026-03-01 10:00:00,54,25,103.1,23,5,1
1512,2026-03-01 10:00:00,36,7,77.1,20,0,0
1513,2026-03-01 10:00:00,53,52,99.85,24,2,0
1514,2026-03-01 10:00:00,67,6,179.23,24,0,0
1515,2026-03-01 10:00:00,46,53,77.3,26,2,0
1516,2026-03-01 10:00:00,62,24,143.1,25,2,0
1517,2026-03-01 10:00:00,19,33,78.52,16,3,0
1518,2026-03-01 10:00:00,31,49,139.27,18,1,0
1519,2026-03-01 10:00:00,40,29,130.11,20,3,0
1520,2026-03-01 10:00:00,67,43,182.88,22,2,0
1521,2026-03-01 10:00:00,68,22,90.55,18,3,0
1522,2026-03-01 10:00:00,18,26,115.22,14,1,0
1523,2026-03-01 10:00:00,20,28,78.0,14,1,0
1524,2026-03-01 10:00:00,68,50,142.38,22,3,0
1525,2026-03-01 10:00:00,33,21,142.67,20,2,0
1526,2026-03-01 10:00:00,52,49,81.32,15,2,0
1527,2026-03-01 10:00:00,50,7,20.0,15,1,0
1528,2026-03-01 10:00:00,58,17,72.19,19,3,0
1529,2026-03-01 10:00:00,56,20,25.19,20,0,0
1530,2026-03-01 10:00:00,54,41,80.14,23,6,0
1531,2026-03-01 10:00:00,35,49,70.34,24,1,0
1532,2026-03-01 10:00:00,45,20,122.24,18,6,0
1533,2026-03-01 10:00:00,61,54,98.3,30,1,1
1534,2026-03-01 10:00:00,42,22,108.24,25,2,0
1535,2026-03-01 10:00:00,43,28,113.45,24,2,0
1536,2026-03-01 10:00:00,57,40,122.95,15,3,0
1537,2026-03-01 10:00:00,67,49,111.38,14,0,0
1538,2026-03-01 10:00:00,59,7,119.51,16,2,0
1539,2026-03-01 10:00:00,41,1,104.23,20,2,0
1540,2026-03-01 10:00:00,47,32,111.59,27,0,0
1541,2026-03-01 10:00:00,51,13,54.92,21,1,0
1542,2026-03-01 10:00:00,49,30,44.2,17,3,0
1543,2026-03-01 10:00:00,64,23,136.08,19,5,1
1544,2026-03-01 10:00:00,36,51,104.2,21,1,0
1545,2026-03-01 10:00:00,60,59,145.46,20,2,0
1546,2026-03-01 10:00:00,19,56,140.8,28,4,1
1547,2026-03-01 10:00:00,54,19,111.2,15,1,0
1548,2026-03-01 10:00:00,31,32,120.83,21,2,0
1549,2026-03-01 10:00:00,26,30,156.25,18,1,0
1550,2026-03-01 10:00:00,46,29,123.92,27,2,0
1551,2026-03-01 10:00:00,36,49,125.12,21,1,0
1552,2026-03-01 10:00:00,35,45,50.45,33,6,1
1553,2026-03-01 10:00:00,60,29,121.22,15,2,0
1554,2026-03-01 10:00:00,56,30,198.84,20,1,0
1555,2026-03-01 10:00:00,67,16,125.65,26,3,0
1556,2026-03-01 10:00:00,61,40,167.08,26,4,1
1557,2026-03-01 10:00:00,63,19,134.48,24,1,0
1558,2026-03-01 10:00:00,46,18,105.36,14,1,0
1559,2026-03-01 10:00:00,37,1,124.57,19,3,0
1560,2026-03-01 10:00:00,63,14,194.9,16,3,0
1561,2026-03-01 10:00:00,34,51,198.48,20,2,0
1562,2026-03-01 10:00:00,55,47,119.06,19,1,0
1563,2026-03-01 10:00:00,66,50,71.28,20,1,0
1564,2026-03-01 10:00:00,42,2,153.5,23,1,0
1565,2026-03-01 10:00:00,60,54,144.65,21,3,0
1566,2026-03-01 10:00:00,24,28,137.35,28,3,0
1567,2026-03-01 10:00:00,61,49,108.2,16,3,0
1568,2026-03-01 10:00:00,66,50,58.05,20,1,0
1569,2026-03-01 10:00:00,49,30,83.61,25,3,1
1570,2026-03-01 10:00:00,31,38,97.93,17,4,1
1571,2026-03-01 10:00:00,53,51,143.99,20,3,0
1572,2026-03-01 10:00:00,28,4,68.5,26,2,0
1573,2026-03-01 10:00:00,59,1,128.59,19,0,0
1574,2026-03-01 10:00:00,50,8,20.0,23,1,0
1575,2026-03-01 10:00:00,67,29,210.72,13,1,0
1576,2026-03-01 10:00:00,33,55,146.91,19,1,0
1577,2026-03-01 10:00:00,20,39,98.68,22,4,1
1578,2026-03-01 10:00:00,44,3,139.57,16,2,0
1579,2026-03-01 10:00:00,59,32,91.78,17,3,0
1580,2026-03-01 10:00:00,64,10,106.39,19,3,0
1581,2026-03-01 10:00:00,27,10,76.82,29,2,0
1582,2026-03-01 10:00:00,24,19,165.34,12,3,0
1583,2026-03-01 10:00:00,64,46,146.58,17,1,0
1584,2026-03-01 10:00:00,37,34,154.45,16,2,0
1585,2026-03-01 10:00:00,22,33,183.53,20,1,0
1586,2026-03-01 10:00:00,37,23,152.24,21,2,0
1587,2026-03-01 10:00:00,27,55,72.14,19,2,0
1588,2026-03-01 10:00:00,22,28,99.41,18,4,1
1589,2026-03-01 10:00:00,55,32,101.05,17,0,0
1590,2026-03-01 10:00:00,21,50,95.06,18,2,0
1591,2026-03-01 10:00:00,34,7,100.1,20,3,0
1592,2026-03-01 10:00:00,59,29,82.82,22,4,1
1593,2026-03-01 10:00:00,46,8,201.14,19,1,0
1594,2026-03-01 10:00:00,50,1,115.69,25,5,1
1595,2026-03-01 10:00:00,43,57,136.22,23,2,0
1596,2026-03-01 10:00:00,67,55,146.48,19,1,0
1597,2026-03-01 10:00:00,34,3,166.38,15,2,0
1598,2026-03-01 10:00:00,62,24,144.54,16,0,0
1599,2026-03-01 10:00:00,63,23,112.56,16,1,0
1600,2026-03-01 10:00:00,63,59,131.13,24,0,0
1601,2026-03-01 10:00:00,47,8,103.69,21,2,0
1602,2026-03-01 10:00:00,22,54,124.32,25,1,0
1603,2026-03-01 10:00:00,26,57,174.25,23,2,0
1604,2026-03-01 10:00:00,33,47,58.39,20,3,0
1605,2026-03-01 10:00:00,57,37,167.91,20,2,0
1606,2026-03-01 10:00:00,55,3,126.3,21,1,1
1607,2026-03-01 10:00:00,39,51,76.01,17,2,0
1608,2026-03-01 10:00:00,30,33,117.42,14,2,0
1609,2026-03-01 10:00:00,57,28,78.58,23,1,0
1610,2026-03-01 10:00:00,19,47,117.86,22,1,0
1611,2026-03-01 10:00:00,30,8,101.7,14,0,0
1612,2026-03-01 10:00:00,38,34,136.87,15,5,1
1613,2026-03-01 10:00:00,66,35,87.26,18,1,0
1614,2026-03-01 10:00:00,56,32,109.13,24,1,0
1615,2026-03-01 10:00:00,39,24,136.04,23,2,0
1616,2026-03-01 10:00:00,59,14,115.8,25,1,0
1617,2026-03-01 10:00:00,42,32,124.37,21,1,0
1618,2026-03-01 10:00:00,20,56,149.72,19,3,0
1619,2026-03-01 10:00:00,68,46,64.45,19,2,0
1620,2026-03-01 10:00:00,41,43,171.95,22,2,0
1621,2026-03-01 10:00:00,35,16,92.67,13,2,0
1622,2026-03-01 10:00:00,44,4,84.35,12,1,1
1623,2026-03-01 10:00:00,54,52,115.82,20,2,0
1624,2026-03-01 10:00:00,56,37,87.86,14,2,0
1625,2026-03-01 10:00:00,53,54,111.14,12,2,0
1626,2026-03-01 10:00:00,65,21,91.2,23,2,0
1627,2026-03-01 10:00:00,43,14,106.83,19,2,0
1628,2026-03-01 10:00:00,66,31,162.37,7,1,0
1629,2026-03-01 10:00:00,48,55,163.28,16,4,0
1630,2026-03-01 10:00:00,33,48,20.0,23,5,1
1631,2026-03-01 10:00:00,27,18,98.13,18,1,0
1632,2026-03-01 10:00:00,18,7,110.28,24,2,0
1633,2026-03-01 10:00:00,26,10,88.85,23,1,0
1634,2026-03-01 10:00:00,54,7,151.48,28,2,0
1635,2026-03-01 10:00:00,31,33,50.8,20,1,1
1636,2026-03-01 10:00:00,46,23,162.65,29,2,0
1637,2026-03-01 10:00:00,19,21,156.19,14,3,0
1638,2026-03-01 10:00:00,20,19,120.61,14,1,0
1639,2026-03-01 10:00:00,67,48,109.06,21,4,0
1640,2026-03-01 10:00:00,44,19,136.86,18,2,0
1641,2026-03-01 10:00:00,23,36,109.49,20,1,0
1642,2026-03-01 10:00:00,54,29,83.52,14,1,0
1643,2026-03-01 10:00:00,46,18,124.27,10,1,0
1644,2026-03-01 10:00:00,62,2,143.05,19,2,0
1645,2026-03-01 10:00:00,30,1,81.31,21,4,1
1646,2026-03-01 10:00:00,33,47,158.09,24,0,0
1647,2026-03-01 10:00:00,65,5,156.76,21,2,0
1648,2026-03-01 10:00:00,18,20,121.45,26,2,0
1649,2026-03-01 10:00:00,41,11,109.69,21,0,0
1650,2026-03-01 10:00:00,60,42,99.18,20,3,0
1651,2026-03-01 10:00:00,45,2,99.49,26,3,0
1652,2026-03-01 10:00:00,28,3,113.25,18,2,0
1653,2026-03-01 10:00:00,40,23,64.85,19,4,0
1654,2026-03-01 10:00:00,47,55,54.26,19,4,1
1655,2026-03-01 10:00:00,64,12,127.98,16,1,0
1656,2026-03-01 10:00:00,32,20,32.52,21,1,0
1657,2026-03-01 10:00:00,40,5,116.51,23,3,1
1658,2026-03-01 10:00:00,31,37,154.26,17,0,0
1659,2026-03-01 10:00:00,34,38,131.89,24,1,0
1660,2026-03-01 10:00:00,63,30,93.82,24,2,0
1661,2026-03-01 10:00:00,56,9,95.47,22,0,0
1662,2026-03-01 10:00:00,32,34,89.77,29,3,0
1663,2026-03-01 10:00:00,27,53,172.59,16,3,0
1664,2026-03-01 10:00:00,49,44,97.21,24,0,0
1665,2026-03-01 10:00:00,40,35,85.65,15,3,0
1666,2026-03-01 10:00:00,55,52,131.17,22,3,0
1667,2026-03-01 10:00:00,60,58,190.71,20,0,0
1668,2026-03-01 10:00:00,29,22,134.97,21,2,1
1669,2026-03-01 10:00:00,26,44,115.93,15,4,1
1670,2026-03-01 10:00:00,61,24,96.74,17,0,0
1671,2026-03-01 10:00:00,44,17,77.12,20,2,0
1672,2026-03-01 10:00:00,38,10,164.66,11,3,0
1673,2026-03-01 10:00:00,61,30,145.48,20,0,0
1674,2026-03-01 10:00:00,63,56,55.47,15,2,0
1675,2026-03-01 10:00:00,42,59,122.93,17,2,0
1676,2026-03-01 10:00:00,27,46,57.2,17,2,0
1677,2026-03-01 10:00:00,31,23,147.33,20,6,1
1678,2026-03-01 10:00:00,30,32,124.74,21,1,0
1679,2026-03-01 10:00:00,64,17,90.32,18,1,0
1680,2026-03-01 10:00:00,38,50,47.38,26,3,0
1681,2026-03-01 10:00:00,65,51,172.91,20,0,0
1682,2026-03-01 10:00:00,61,17,87.6,15,0,0
1683,2026-03-01 10:00:00,20,14,84.87,23,1,0
1684,2026-03-01 10:00:00,32,9,41.66,14,3,0
1685,2026-03-01 10:00:00,23,40,109.69,18,3,0
1686,2026-03-01 10:00:00,21,2,117.05,20,4,1
1687,2026-03-01 10:00:00,32,45,29.54,14,0,0
1688,2026-03-01 10:00:00,25,25,155.91,16,2,0
1689,2026-03-01 10:00:00,33,39,130.78,13,1,0
1690,2026-03-01 10:00:00,50,9,80.33,13,5,0
1691,2026-03-01 10:00:00,28,54,124.9,28,4,1
1692,2026-03-01 10:00:00,33,22,198.6,21,0,0
1693,2026-03-01 10:00:00,36,43,128.79,28,1,0
1694,2026-03-01 10:00:00,36,46,54.7,12,1,0
1695,2026-03-01 10:00:00,65,4,90.76,22,2,1
1696,2026-03-01 10:00:00,20,26,101.42,18,1,0
1697,2026-03-01 10:00:00,30,58,114.68,16,5,0
1698,2026-03-01 10:00:00,58,29,131.16,24,2,0
1699,2026-03-01 10:00:00,24,45,170.55,21,3,0
1700,2026-03-01 10:00:00,22,34,147.06,16,4,0
1701,2026-03-01 10:00:00,24,23,131.98,19,2,0
1702,2026-03-01 10:00:00,59,37,233.28,21,0,0
1703,2026-03-01 10:00:00,66,11,74.35,17,1,1
1704,2026-03-01 10:00:00,32,6,96.6,22,1,0
1705,2026-03-01 10:00:00,45,18,128.55,19,2,0
1706,2026-03-01 10:00:00,32,21,154.4,15,3,0
1707,2026-03-01 10:00:00,18,42,137.22,12,3,0
1708,2026-03-01 10:00:00,36,36,94.92,21,1,0
1709,2026-03-01 10:00:00,48,41,121.78,27,3,0
1710,2026-03-01 10:00:00,53,38,83.35,16,5,0
1711,2026-03-01 10:00:00,50,34,118.44,11,2,0
1712,2026-03-01 10:00:00,62,17,91.24,21,0,0
1713,2026-03-01 10:00:00,30,37,128.54,20,5,0
1714,2026-03-01 10:00:00,30,25,246.22,15,0,0
1715,2026-03-01 10:00:00,64,38,57.65,22,3,0
1716,2026-03-01 10:00:00,26,58,105.18,26,2,0
1717,2026-03-01 10:00:00,55,12,129.36,27,1,0
1718,2026-03-01 10:00:00,57,23,89.77,24,2,0
1719,2026-03-01 10:00:00,25,53,105.39,17,3,0
1720,2026-03-01 10:00:00,46,42,77.68,23,2,0
1721,2026-03-01 10:00:00,66,22,146.72,23,2,0
1722,2026-03-01 10:00:00,23,21,179.16,29,1,0
1723,2026-03-01 10:00:00,38,27,135.12,30,3,0
1724,2026-03-01 10:00:00,27,57,151.18,20,4,1
1725,2026-03-01 10:00:00,57,31,147.02,16,3,0
1726,2026-03-01 10:00:00,39,6,102.0,17,1,0
1727,2026-03-01 10:00:00,54,27,150.99,19,1,0
1728,2026-03-01 10:00:00,68,40,96.71,19,1,0
1729,2026-03-01 10:00:00,25,34,94.34,17,0,0
1730,2026-03-01 10:00:00,23,12,45.78,10,2,0
1731,2026-03-01 10:00:00,65,45,119.01,21,2,0
1732,2026-03-01 10:00:00,61,57,167.25,15,0,0
1733,2026-03-01 10:00:00,45,53,107.0,23,0,0
1734,2026-03-01 10:00:00,38,7,85.03,30,0,0
1735,2026-03-01 10:00:00,43,10,155.51,18,3,0
1736,2026-03-01 10:00:00,37,45,155.69,20,3,0
1737,2026-03-01 10:00:00,49,17,105.19,14,1,0
1738,2026-03-01 10:00:00,66,26,118.28,24,3,0
1739,2026-03-01 10:00:00,49,21,87.25,19,0,0
1740,2026-03-01 10:00:00,20,28,82.91,16,5,0
1741,2026-03-01 10:00:00,50,58,129.05,37,2,1
1742,2026-03-01 10:00:00,54,46,183.04,17,1,0
1743,2026-03-01 10:00:00,34,2,163.99,16,3,0
1744,2026-03-01 10:00:00,29,54,57.63,16,2,0
1745,2026-03-01 10:00:00,65,43,159.02,22,1,0
1746,2026-03-01 10:00:00,33,1,114.12,19,2,1
1747,2026-03-01 10:00:00,64,51,129.34,20,2,0
1748,2026-03-01 10:00:00,33,53,64.61,24,2,0
1749,2026-03-01 10:00:00,62,36,84.68,14,1,0
1750,2026-03-01 10:00:00,28,51,214.98,27,4,0
1751,2026-03-01 10:00:00,25,26,154.2,26,3,0
1752,2026-03-01 10:00:00,69,29,95.8,20,1,0
1753,2026-03-01 10:00:00,35,21,93.3,26,2,0
1754,2026-03-01 10:00:00,28,11,87.19,16,3,0
1755,2026-03-01 10:00:00,41,40,167.69,14,2,0
1756,2026-03-01 10:00:00,68,11,107.38,15,3,0
1757,2026-03-01 10:00:00,66,36,84.09,28,2,0
1758,2026-03-01 10:00:00,45,49,123.93,13,1,0
1759,2026-03-01 10:00:00,48,59,105.59,18,1,0
1760,2026-03-01 10:00:00,50,39,118.48,19,1,0
1761,2026-03-01 10:00:00,51,40,89.69,15,1,0
1762,2026-03-01 10:00:00,49,35,133.98,24,1,0
1763,2026-03-01 10:00:00,63,54,120.61,24,2,0
1764,2026-03-01 10:00:00,60,34,119.13,15,3,0
1765,2026-03-01 10:00:00,68,55,65.82,24,3,0
1766,2026-03-01 10:00:00,55,47,157.8,24,5,1
1767,2026-03-01 10:00:00,37,24,116.83,22,1,0
1768,2026-03-01 10:00:00,56,54,165.47,21,3,0
1769,2026-03-01 10:00:00,45,22,157.54,22,2,0
1770,2026-03-01 10:00:00,66,5,94.15,15,2,0
1771,2026-03-01 10:00:00,49,56,100.02,16,3,0
1772,2026-03-01 10:00:00,54,33,129.32,18,0,0
1773,2026-03-01 10:00:00,38,58,168.04,18,6,0
1774,2026-03-01 10:00:00,56,36,70.34,19,0,0
1775,2026-03-01 10:00:00,49,47,146.8,28,0,0
1776,2026-03-01 10:00:00,32,20,63.16,20,2,0
1777,2026-03-01 10:00:00,43,19,80.9,18,1,0
1778,2026-03-01 10:00:00,24,35,93.59,23,4,0
1779,2026-03-01 10:00:00,41,52,67.27,18,3,0
1780,2026-03-01 10:00:00,61,43,64.85,27,1,0
1781,2026-03-01 10:00:00,52,17,160.64,22,3,0
1782,2026-03-01 10:00:00,45,59,189.76,16,2,0
1783,2026-03-01 10:00:00,51,45,183.25,22,1,0
1784,2026-03-01 10:00:00,48,43,103.08,21,2,0
1785,2026-03-01 10:00:00,49,34,175.36,25,2,0
1786,2026-03-01 10:00:00,47,9,155.87,15,2,0
1787,2026-03-01 10:00:00,37,26,93.6,15,1,0
1788,2026-03-01 10:00:00,66,2,116.33,24,1,0
1789,2026-03-01 10:00:00,35,53,161.77,24,3,0
1790,2026-03-01 10:00:00,35,9,113.16,16,5,0
1791,2026-03-01 10:00:00,40,9,103.31,22,0,1
1792,2026-03-01 10:00:00,42,40,78.3,21,5,0
1793,2026-03-01 10:00:00,36,17,142.53,20,4,1
1794,2026-03-01 10:00:00,44,1,134.6,20,2,0
1795,2026-03-01 10:00:00,30,25,122.21,23,3,0
1796,2026-03-01 10:00:00,44,43,123.29,17,0,0
1797,2026-03-01 10:00:00,38,40,51.06,19,2,0
1798,2026-03-01 10:00:00,42,42,163.22,16,1,0
1799,2026-03-01 10:00:00,40,25,109.81,18,0,0
1800,2026-03-01 10:00:00,39,39,119.74,21,0,0
1801,2026-03-01 10:00:00,57,35,172.24,19,1,0
1802,2026-03-01 10:00:00,39,3,85.25,26,1,0
1803,2026-03-01 10:00:00,24,50,111.95,14,2,0
1804,2026-03-01 10:00:00,62,37,120.77,25,4,1
1805,2026-03-01 10:00:00,66,44,156.17,26,3,0
1806,2026-03-01 10:00:00,33,44,111.67,15,1,0
1807,2026-03-01 10:00:00,25,51,204.55,22,3,0
1808,2026-03-01 10:00:00,32,30,42.31,25,1,0
1809,2026-03-01 10:00:00,39,38,113.21,25,0,0
1810,2026-03-01 10:00:00,38,34,116.96,26,3,0
1811,2026-03-01 10:00:00,48,12,162.74,29,2,0
1812,2026-03-01 10:00:00,52,19,117.45,16,3,0
1813,2026-03-01 10:00:00,42,37,148.45,19,5,1
1814,2026-03-01 10:00:00,44,44,89.07,17,3,0
1815,2026-03-01 10:00:00,27,59,130.09,28,3,0
1816,2026-03-01 10:00:00,47,59,194.81,18,0,0
1817,2026-03-01 10:00:00,39,49,74.95,20,3,0
1818,2026-03-01 10:00:00,61,17,87.31,22,2,0
1819,2026-03-01 10:00:00,45,10,141.77,25,3,0
1820,2026-03-01 10:00:00,60,57,187.05,28,2,0
1821,2026-03-01 10:00:00,53,55,129.42,23,1,0
1822,2026-03-01 10:00:00,59,49,130.68,17,2,0
1823,2026-03-01 10:00:00,69,47,99.79,23,1,0
1824,2026-03-01 10:00:00,42,12,97.06,26,2,0
1825,2026-03-01 10:00:00,58,16,113.87,23,3,1
1826,2026-03-01 10:00:00,54,24,142.01,15,6,1
1827,2026-03-01 10:00:00,49,19,30.79,20,1,0
1828,2026-03-01 10:00:00,47,8,174.57,17,3,0
1829,2026-03-01 10:00:00,67,31,194.56,16,3,0
1830,2026-03-01 10:00:00,59,21,147.29,29,5,0
1831,2026-03-01 10:00:00,47,17,62.99,21,4,1
1832,2026-03-01 10:00:00,51,23,73.99,26,0,0
1833,2026-03-01 10:00:00,26,37,134.52,21,1,0
1834,2026-03-01 10:00:00,19,54,162.56,19,4,0
1835,2026-03-01 10:00:00,34,16,136.77,24,3,0
1836,2026-03-01 10:00:00,35,6,101.12,23,7,0
1837,2026-03-01 10:00:00,23,8,114.45,26,0,0
1838,2026-03-01 10:00:00,28,25,156.32,20,1,0
1839,2026-03-01 10:00:00,33,18,25.82,19,0,0
1840,2026-03-01 10:00:00,37,25,123.76,20,0,0
1841,2026-03-01 10:00:00,60,12,124.56,19,1,0
1842,2026-03-01 10:00:00,59,15,72.63,21,1,0
1843,2026-03-01 10:00:00,38,59,167.61,15,5,0
1844,2026-03-01 10:00:00,43,26,104.92,26,4,1
1845,2026-03-01 10:00:00,25,41,144.03,22,3,0
1846,2026-03-01 10:00:00,60,45,119.24,15,1,0
1847,2026-03-01 10:00:00,56,26,85.24,18,1,0
1848,2026-03-01 10:00:00,53,47,150.79,25,2,0
1849,2026-03-01 10:00:00,26,32,186.63,27,3,0
1850,2026-03-01 10:00:00,29,10,62.58,23,2,0
1851,2026-03-01 10:00:00,67,16,121.04,21,1,0
1852,2026-03-01 10:00:00,22,7,75.22,20,1,0
1853,2026-03-01 10:00:00,46,17,113.12,23,1,0
1854,2026-03-01 10:00:00,21,23,127.79,30,2,0
1855,2026-03-01 10:00:00,29,26,119.75,21,2,0
1856,2026-03-01 10:00:00,56,21,85.58,21,4,1
1857,2026-03-01 10:00:00,36,22,133.12,23,1,0
1858,2026-03-01 10:00:00,35,58,145.27,25,2,0
1859,2026-03-01 10:00:00,52,7,70.38,18,3,0
1860,2026-03-01 10:00:00,64,14,131.37,20,5,1
1861,2026-03-01 10:00:00,31,15,153.47,21,3,1
1862,2026-03-01 10:00:00,54,53,166.6,18,2,0
1863,2026-03-01 10:00:00,51,7,111.94,19,2,0
1864,2026-03-01 10:00:00,20,9,37.43,31,4,1
1865,2026-03-01 10:00:00,69,51,101.24,18,1,0
1866,2026-03-01 10:00:00,64,48,207.37,22,1,0
1867,2026-03-01 10:00:00,40,8,56.94,24,5,1
1868,2026-03-01 10:00:00,30,50,66.33,20,1,0
1869,2026-03-01 10:00:00,50,59,112.38,17,4,0
1870,2026-03-01 10:00:00,26,23,86.14,19,2,0
1871,2026-03-01 10:00:00,63,29,86.16,11,0,0
1872,2026-03-01 10:00:00,68,18,79.7,19,0,0
1873,2026-03-01 10:00:00,56,31,85.03,18,1,0
1874,2026-03-01 10:00:00,36,30,95.63,20,2,0
1875,2026-03-01 10:00:00,36,52,145.28,24,1,0
1876,2026-03-01 10:00:00,36,39,233.99,20,2,0
1877,2026-03-01 10:00:00,58,35,143.58,13,2,0
1878,2026-03-01 10:00:00,27,18,130.79,27,3,0
1879,2026-03-01 10:00:00,26,59,161.61,17,1,0
1880,2026-03-01 10:00:00,64,42,134.15,17,2,0
1881,2026-03-01 10:00:00,43,39,177.57,20,2,0
1882,2026-03-01 10:00:00,63,17,135.3,19,2,0
1883,2026-03-01 10:00:00,43,14,44.39,23,1,0
1884,2026-03-01 10:00:00,64,31,153.03,22,3,0
1885,2026-03-01 10:00:00,55,24,109.8,20,2,0
1886,2026-03-01 10:00:00,19,35,120.67,13,3,0
1887,2026-03-01 10:00:00,21,44,76.49,18,3,0
1888,2026-03-01 10:00:00,59,45,155.41,20,1,0
1889,2026-03-01 10:00:00,49,34,87.45,24,0,0
1890,2026-03-01 10:00:00,23,3,87.78,17,3,0
1891,2026-03-01 10:00:00,64,37,163.41,20,1,0
1892,2026-03-01 10:00:00,27,43,69.72,15,1,0
1893,2026-03-01 10:00:00,39,40,172.91,26,2,0
1894,2026-03-01 10:00:00,40,26,188.54,26,1,0
1895,2026-03-01 10:00:00,40,55,162.37,15,4,0
1896,2026-03-01 10:00:00,24,23,86.64,19,1,0
1897,2026-03-01 10:00:00,34,44,120.69,24,2,0
1898,2026-03-01 10:00:00,33,39,122.6,29,1,1
1899,2026-03-01 10:00:00,49,15,68.26,16,1,0
1900,2026-03-01 10:00:00,56,56,125.47,13,3,0
1901,2026-03-01 10:00:00,47,49,46.62,16,3,0
1902,2026-03-01 10:00:00,66,4,115.31,13,1,1
1903,2026-03-01 10:00:00,62,29,121.0,22,4,0
1904,2026-03-01 10:00:00,45,22,124.12,23,3,0
1905,2026-03-01 10:00:00,47,25,169.04,14,1,1
1906,2026-03-01 10:00:00,22,13,86.36,23,3,0
1907,2026-03-01 10:00:00,45,18,125.5,18,1,0
1908,2026-03-01 10:00:00,51,33,116.25,21,1,0
1909,2026-03-01 10:00:00,57,16,220.96,17,2,0
1910,2026-03-01 10:00:00,50,45,20.0,24,1,0
1911,2026-03-01 10:00:00,52,42,93.88,22,2,0
1912,2026-03-01 10:00:00,36,44,163.97,21,2,0
1913,2026-03-01 10:00:00,49,2,52.98,17,2,0
1914,2026-03-01 10:00:00,64,55,176.33,26,7,1
1915,2026-03-01 10:00:00,41,35,120.71,21,2,0
1916,2026-03-01 10:00:00,48,42,111.02,19,3,0
1917,2026-03-01 10:00:00,30,34,32.25,24,0,0
1918,2026-03-01 10:00:00,36,30,132.67,19,3,0
1919,2026-03-01 10:00:00,50,59,135.82,21,3,0
1920,2026-03-01 10:00:00,42,55,40.37,26,1,0
1921,2026-03-01 10:00:00,19,13,121.89,19,3,0
1922,2026-03-01 10:00:00,34,13,137.26,19,5,1
1923,2026-03-01 10:00:00,49,18,110.68,21,4,0
1924,2026-03-01 10:00:00,61,32,170.04,25,0,0
1925,2026-03-01 10:00:00,39,32,119.67,19,0,0
1926,2026-03-01 10:00:00,55,35,119.13,27,1,0
1927,2026-03-01 10:00:00,60,59,130.51,15,0,0
1928,2026-03-01 10:00:00,63,39,20.0,24,5,0
1929,2026-03-01 10:00:00,47,46,103.36,23,1,0
1930,2026-03-01 10:00:00,26,52,55.11,16,1,0
1931,2026-03-01 10:00:00,52,29,77.28,17,3,0
1932,2026-03-01 10:00:00,68,49,106.62,20,0,0
1933,2026-03-01 10:00:00,63,29,82.18,21,3,0
1934,2026-03-01 10:00:00,62,53,168.87,22,1,0
1935,2026-03-01 10:00:00,64,44,99.55,22,2,0
1936,2026-03-01 10:00:00,43,57,111.03,27,1,0
1937,2026-03-01 10:00:00,68,16,128.98,17,1,0
1938,2026-03-01 10:00:00,57,56,142.63,27,0,0
1939,2026-03-01 10:00:00,60,44,154.71,25,2,0
1940,2026-03-01 10:00:00,40,47,161.91,28,2,1
1941,2026-03-01 10:00:00,55,57,36.38,15,3,0
1942,2026-03-01 10:00:00,30,10,155.46,20,1,0
1943,2026-03-01 10:00:00,56,30,161.85,17,2,0
1944,2026-03-01 10:00:00,34,25,211.33,25,4,0
1945,2026-03-01 10:00:00,26,39,118.96,22,3,0
1946,2026-03-01 10:00:00,62,20,123.32,17,2,0
1947,2026-03-01 10:00:00,27,5,145.5,19,0,0
1948,2026-03-01 10:00:00,39,1,218.83,16,4,1
1949,2026-03-01 10:00:00,68,30,122.72,19,3,0
1950,2026-03-01 10:00:00,48,49,117.61,21,2,0
1951,2026-03-01 10:00:00,29,3,138.62,18,0,0
1952,2026-03-01 10:00:00,36,45,68.14,19,2,0
1953,2026-03-01 10:00:00,55,14,159.44,24,0,0
1954,2026-03-01 10:00:00,31,56,103.59,28,0,0
1955,2026-03-01 10:00:00,68,30,118.34,20,2,0
1956,2026-03-01 10:00:00,55,50,121.62,18,2,0
1957,2026-03-01 10:00:00,51,4,193.94,28,2,1
1958,2026-03-01 10:00:00,60,18,103.05,20,0,0
1959,2026-03-01 10:00:00,63,37,169.7,16,2,0
1960,2026-03-01 10:00:00,28,25,34.56,18,1,0
1961,2026-03-01 10:00:00,55,48,149.0,19,0,0
1962,2026-03-01 10:00:00,29,1,167.84,28,2,1
1963,2026-03-01 10:00:00,39,53,155.6,20,1,0
1964,2026-03-01 10:00:00,52,46,88.99,22,4,0
1965,2026-03-01 10:00:00,55,15,143.03,13,1,0
1966,2026-03-01 10:00:00,37,9,153.92,19,2,0
1967,2026-03-01 10:00:00,53,15,102.29,17,0,0
1968,2026-03-01 10:00:00,47,49,83.64,27,2,0
1969,2026-03-01 10:00:00,53,57,148.77,22,2,0
1970,2026-03-01 10:00:00,69,24,90.1,14,1,0
1971,2026-03-01 10:00:00,19,4,129.84,13,3,1
1972,2026-03-01 10:00:00,62,12,154.35,21,2,0
1973,2026-03-01 10:00:00,64,59,69.71,14,0,0
1974,2026-03-01 10:00:00,26,58,110.08,22,1,0
1975,2026-03-01 10:00:00,55,37,90.93,21,0,0
1976,2026-03-01 10:00:00,50,37,128.42,18,0,0
1977,2026-03-01 10:00:00,50,43,135.04,27,0,0
1978,2026-03-01 10:00:00,57,6,123.17,13,3,0
1979,2026-03-01 10:00:00,67,39,162.67,16,1,0
1980,2026-03-01 10:00:00,48,56,131.18,22,0,1
1981,2026-03-01 10:00:00,42,46,114.24,16,2,0
1982,2026-03-01 10:00:00,32,24,126.31,18,1,0
1983,2026-03-01 10:00:00,26,11,136.16,24,2,0
1984,2026-03-01 10:00:00,65,13,200.69,16,2,0
1985,2026-03-01 10:00:00,47,34,136.27,15,2,0
1986,2026-03-01 10:00:00,23,25,75.29,18,1,0
1987,2026-03-01 10:00:00,27,7,100.66,14,5,0
1988,2026-03-01 10:00:00,44,52,86.15,20,2,0
1989,2026-03-01 10:00:00,39,4,98.0,21,4,1
1990,2026-03-01 10:00:00,65,59,120.08,19,0,0
1991,2026-03-01 10:00:00,49,8,133.14,26,4,0
1992,2026-03-01 10:00:00,62,20,74.84,14,2,0
1993,2026-03-01 10:00:00,21,29,185.59,21,1,0
1994,2026-03-01 10:00:00,61,54,61.7,18,5,0
1995,2026-03-01 10:00:00,27,53,116.51,11,4,0
1996,2026-03-01 10:00:00,59,51,41.41,12,5,1
1997,2026-03-01 10:00:00,54,45,128.71,24,3,0
1998,2026-03-01 10:00:00,36,46,150.61,12,1,0
1999,2026-03-01 10:00:00,48,10,136.14,17,3,0
2000,2026-03-01 10:00:00,46,43,128.05,17,1,0
2001,2026-03-01 10:00:00,43,34,156.38,23,2,0
2002,2026-03-01 10:00:00,56,57,173.26,19,0,0
2003,2026-03-01 10:00:00,53,26,137.83,24,2,0
2004,2026-03-01 10:00:00,29,41,152.68,27,1,0
2005,2026-03-01 10:00:00,48,49,63.2,17,2,0
2006,2026-03-01 10:00:00,25,58,142.33,23,0,0
2007,2026-03-01 10:00:00,31,3,117.37,14,0,1
2008,2026-03-01 10:00:00,38,56,104.24,15,3,0
2009,2026-03-01 10:00:00,56,6,123.84,15,2,0
2010,2026-03-01 10:00:00,58,5,173.23,16,0,0
2011,2026-03-01 10:00:00,29,5,115.29,25,3,1
2012,2026-03-01 10:00:00,64,54,87.01,21,0,0
2013,2026-03-01 10:00:00,66,47,63.93,21,1,0
2014,2026-03-01 10:00:00,63,23,142.35,26,0,0
2015,2026-03-01 10:00:00,56,49,124.61,18,1,0
2016,2026-03-01 10:00:00,62,9,86.91,22,0,0
2017,2026-03-01 10:00:00,50,35,108.43,19,3,0
2018,2026-03-01 10:00:00,29,20,186.76,15,1,0
2019,2026-03-01 10:00:00,33,58,124.22,12,2,0
2020,2026-03-01 10:00:00,38,49,100.08,17,3,0
2021,2026-03-01 10:00:00,62,59,105.23,23,2,0
2022,2026-03-01 10:00:00,68,42,73.56,23,5,1
2023,2026-03-01 10:00:00,40,35,89.52,20,3,0
2024,2026-03-01 10:00:00,32,50,120.44,25,1,0
2025,2026-03-01 10:00:00,33,18,111.18,17,2,0
2026,2026-03-01 10:00:00,34,17,159.0,22,2,0
2027,2026-03-01 10:00:00,47,24,101.93,9,5,1
2028,2026-03-01 10:00:00,37,3,92.19,18,1,0
2029,2026-03-01 10:00:00,18,32,152.49,17,2,0
2030,2026-03-01 10:00:00,30,35,58.17,15,1,0
2031,2026-03-01 10:00:00,27,38,92.2,28,2,0
2032,2026-03-01 10:00:00,54,13,91.14,16,1,0
2033,2026-03-01 10:00:00,18,56,77.47,28,1,0
2034,2026-03-01 10:00:00,31,47,88.23,24,3,0
2035,2026-03-01 10:00:00,31,25,39.92,25,2,0
2036,2026-03-01 10:00:00,27,9,110.23,17,0,0
2037,2026-03-01 10:00:00,55,4,52.49,16,1,0
2038,2026-03-01 10:00:00,24,14,131.23,15,1,0
2039,2026-03-01 10:00:00,44,37,125.97,18,0,0
2040,2026-03-01 10:00:00,64,34,133.52,9,2,1
2041,2026-03-01 10:00:00,19,11,164.36,26,1,0
2042,2026-03-01 10:00:00,21,41,86.19,19,1,0
2043,2026-03-01 10:00:00,57,56,166.24,18,0,1
2044,2026-03-01 10:00:00,34,3,20.0,19,7,1
2045,2026-03-01 10:00:00,37,59,198.38,21,3,0
2046,2026-03-01 10:00:00,24,28,132.66,17,6,0
2047,2026-03-01 10:00:00,68,29,168.65,16,5,1
2048,2026-03-01 10:00:00,23,9,96.24,20,3,0
2049,2026-03-01 10:00:00,25,3,101.34,30,2,0
2050,2026-03-01 10:00:00,27,25,77.29,18,3,0
2051,2026-03-01 10:00:00,42,34,155.91,15,1,0
2052,2026-03-01 10:00:00,21,12,138.27,24,4,0
2053,2026-03-01 10:00:00,33,42,103.52,20,3,0
2054,2026-03-01 10:00:00,25,9,155.85,21,4,1
2055,2026-03-01 10:00:00,66,15,56.86,21,1,0
2056,2026-03-01 10:00:00,67,40,99.12,22,1,0
2057,2026-03-01 10:00:00,54,25,60.68,21,1,0
2058,2026-03-01 10:00:00,41,5,176.82,18,2,0
2059,2026-03-01 10:00:00,35,11,111.69,26,2,0
2060,2026-03-01 10:00:00,21,59,143.76,28,0,0
2061,2026-03-01 10:00:00,40,34,166.52,19,3,0
2062,2026-03-01 10:00:00,40,24,169.5,15,2,0
2063,2026-03-01 10:00:00,22,15,103.38,22,1,0
2064,2026-03-01 10:00:00,66,38,119.79,27,2,0
2065,2026-03-01 10:00:00,29,8,161.38,20,4,0
2066,2026-03-01 10:00:00,18,59,78.55,23,0,0
2067,2026-03-01 10:00:00,23,5,91.92,21,4,1
2068,2026-03-01 10:00:00,41,48,114.17,29,2,0
2069,2026-03-01 10:00:00,32,26,127.63,21,1,1
2070,2026-03-01 10:00:00,62,18,155.49,20,2,0
2071,2026-03-01 10:00:00,30,6,159.26,20,2,0
2072,2026-03-01 10:00:00,29,37,77.83,20,2,0
2073,2026-03-01 10:00:00,45,48,99.18,16,3,0
2074,2026-03-01 10:00:00,31,13,91.09,20,2,0
2075,2026-03-01 10:00:00,55,28,98.76,13,3,0
2076,2026-03-01 10:00:00,34,5,101.88,25,2,0
2077,2026-03-01 10:00:00,65,13,92.09,23,1,0
2078,2026-03-01 10:00:00,28,17,62.88,19,3,0
2079,2026-03-01 10:00:00,53,50,158.49,26,3,0
2080,2026-03-01 10:00:00,45,40,160.78,23,3,0
2081,2026-03-01 10:00:00,60,45,21.05,18,1,0
2082,2026-03-01 10:00:00,42,32,133.09,21,1,0
2083,2026-03-01 10:00:00,29,29,233.15,18,0,0
2084,2026-03-01 10:00:00,54,51,138.79,28,2,0
2085,2026-03-01 10:00:00,66,58,182.72,21,5,0
2086,2026-03-01 10:00:00,37,3,167.45,24,1,0
2087,2026-03-01 10:00:00,45,56,72.92,22,3,0
2088,2026-03-01 10:00:00,33,40,143.63,25,2,1
2089,2026-03-01 10:00:00,25,34,36.38,19,3,1
2090,2026-03-01 10:00:00,26,40,110.51,18,2,0
2091,2026-03-01 10:00:00,45,27,118.22,14,2,0
2092,2026-03-01 10:00:00,20,13,223.04,12,3,0
2093,2026-03-01 10:00:00,62,45,144.61,13,1,0
2094,2026-03-01 10:00:00,55,33,78.99,17,5,0
2095,2026-03-01 10:00:00,63,6,147.25,26,3,0
2096,2026-03-01 10:00:00,58,24,149.07,17,4,1
2097,2026-03-01 10:00:00,52,19,124.5,24,2,0
2098,2026-03-01 10:00:00,56,16,143.29,21,0,0
2099,2026-03-01 10:00:00,61,40,202.89,21,2,0
2100,2026-03-01 10:00:00,33,28,109.72,17,3,0
2101,2026-03-01 10:00:00,22,33,132.78,23,3,0
2102,2026-03-01 10:00:00,22,59,164.22,20,1,0
2103,2026-03-01 10:00:00,52,59,86.1,20,2,0
2104,2026-03-01 10:00:00,59,48,164.38,22,3,0
2105,2026-03-01 10:00:00,43,41,99.41,20,2,0
2106,2026-03-01 10:00:00,26,13,111.71,24,2,0
2107,2026-03-01 10:00:00,63,43,117.28,20,0,0
2108,2026-03-01 10:00:00,47,45,49.72,10,1,0
2109,2026-03-01 10:00:00,53,25,143.09,19,3,0
2110,2026-03-01 10:00:00,44,53,199.62,29,2,0
2111,2026-03-01 10:00:00,18,42,105.24,17,3,0
2112,2026-03-01 10:00:00,65,36,190.08,25,0,0
2113,2026-03-01 10:00:00,62,27,20.0,16,4,0
2114,2026-03-01 10:00:00,43,38,168.63,20,4,1
2115,2026-03-01 10:00:00,27,7,53.52,26,1,0
2116,2026-03-01 10:00:00,21,5,161.98,27,0,0
2117,2026-03-01 10:00:00,65,43,63.68,27,4,1
2118,2026-03-01 10:00:00,21,45,188.35,16,2,0
2119,2026-03-01 10:00:00,21,58,52.69,19,2,0
2120,2026-03-01 10:00:00,55,57,162.43,29,2,1
2121,2026-03-01 10:00:00,26,51,103.48,19,1,0
2122,2026-03-01 10:00:00,51,31,101.73,20,1,0
2123,2026-03-01 10:00:00,22,23,113.21,24,0,0
2124,2026-03-01 10:00:00,48,42,112.93,18,2,0
2125,2026-03-01 10:00:00,53,10,156.65,21,3,0
2126,2026-03-01 10:00:00,50,32,131.58,21,1,0
2127,2026-03-01 10:00:00,30,43,134.04,17,2,1
2128,2026-03-01 10:00:00,28,53,143.41,16,3,0
2129,2026-03-01 10:00:00,54,30,43.52,20,5,1
2130,2026-03-01 10:00:00,52,39,209.5,21,0,1
2131,2026-03-01 10:00:00,57,31,109.7,19,0,0
2132,2026-03-01 10:00:00,67,18,107.24,19,1,1
2133,2026-03-01 10:00:00,66,36,113.31,21,2,0
2134,2026-03-01 10:00:00,64,2,136.44,21,0,0
2135,2026-03-01 10:00:00,35,14,190.52,19,4,0
2136,2026-03-01 10:00:00,47,13,173.59,14,0,0
2137,2026-03-01 10:00:00,56,29,147.85,22,1,0
2138,2026-03-01 10:00:00,30,12,89.64,21,1,0
2139,2026-03-01 10:00:00,22,39,109.33,28,1,0
2140,2026-03-01 10:00:00,59,2,101.36,23,4,1
2141,2026-03-01 10:00:00,23,32,91.95,22,0,0
2142,2026-03-01 10:00:00,65,13,233.54,29,1,0
2143,2026-03-01 10:00:00,23,46,159.63,23,0,0
2144,2026-03-01 10:00:00,62,27,99.19,33,0,0
2145,2026-03-01 10:00:00,20,49,123.86,20,2,0
2146,2026-03-01 10:00:00,67,41,188.84,18,3,0
2147,2026-03-01 10:00:00,46,17,33.79,14,4,0
2148,2026-03-01 10:00:00,38,40,85.16,26,3,0
2149,2026-03-01 10:00:00,62,31,94.85,18,3,0
2150,2026-03-01 10:00:00,25,34,74.58,15,3,0
2151,2026-03-01 10:00:00,45,24,108.13,23,3,0
2152,2026-03-01 10:00:00,66,45,137.96,23,0,0
2153,2026-03-01 10:00:00,29,35,120.09,19,1,0
2154,2026-03-01 10:00:00,59,48,82.84,20,2,1
2155,2026-03-01 10:00:00,65,6,97.22,17,2,1
2156,2026-03-01 10:00:00,55,19,60.98,20,0,0
2157,2026-03-01 10:00:00,30,30,125.54,18,1,0
2158,2026-03-01 10:00:00,48,7,41.94,23,2,0
2159,2026-03-01 10:00:00,50,10,84.58,18,1,0
2160,2026-03-01 10:00:00,49,41,113.41,13,1,0
2161,2026-03-01 10:00:00,44,32,111.93,23,3,0
2162,2026-03-01 10:00:00,35,34,186.77,19,3,0
2163,2026-03-01 10:00:00,32,28,153.9,28,2,0
2164,2026-03-01 10:00:00,21,15,89.73,15,2,0
2165,2026-03-01 10:00:00,66,30,58.54,31,3,0
2166,2026-03-01 10:00:00,62,37,80.22,22,2,0
2167,2026-03-01 10:00:00,63,29,101.75,18,2,0
2168,2026-03-01 10:00:00,69,22,131.86,28,3,0
2169,2026-03-01 10:00:00,67,4,104.31,24,1,1
2170,2026-03-01 10:00:00,64,20,98.91,16,6,0
2171,2026-03-01 10:00:00,60,32,167.68,15,0,0
2172,2026-03-01 10:00:00,59,36,164.72,17,0,0
2173,2026-03-01 10:00:00,28,50,120.54,24,2,0
2174,2026-03-01 10:00:00,36,4,125.72,15,3,0
2175,2026-03-01 10:00:00,46,27,112.56,8,0,0
2176,2026-03-01 10:00:00,32,17,170.66,17,2,0
2177,2026-03-01 10:00:00,50,12,98.49,17,1,0
2178,2026-03-01 10:00:00,58,22,126.97,20,3,0
2179,2026-03-01 10:00:00,49,17,139.85,19,1,0
2180,2026-03-01 10:00:00,38,10,162.23,18,0,0
2181,2026-03-01 10:00:00,18,54,69.41,22,4,0
2182,2026-03-01 10:00:00,31,1,143.31,17,0,0
2183,2026-03-01 10:00:00,34,22,63.79,18,3,0
2184,2026-03-01 10:00:00,43,26,100.23,15,1,0
2185,2026-03-01 10:00:00,23,56,109.33,19,1,0
2186,2026-03-01 10:00:00,65,59,111.29,16,0,0
2187,2026-03-01 10:00:00,24,18,122.6,27,3,0
2188,2026-03-01 10:00:00,33,50,35.26,15,1,0
2189,2026-03-01 10:00:00,34,14,118.55,15,1,0
2190,2026-03-01 10:00:00,67,47,196.07,18,2,0
2191,2026-03-01 10:00:00,51,29,96.41,21,3,0
2192,2026-03-01 10:00:00,66,12,84.17,18,0,0
2193,2026-03-01 10:00:00,63,36,131.04,18,2,0
2194,2026-03-01 10:00:00,58,59,128.85,21,4,1
2195,2026-03-01 10:00:00,41,35,20.85,11,3,0
2196,2026-03-01 10:00:00,54,52,182.51,18,2,0
2197,2026-03-01 10:00:00,27,12,101.69,18,1,0
2198,2026-03-01 10:00:00,44,7,94.93,26,2,0
2199,2026-03-01 10:00:00,40,29,112.61,22,3,0
2200,2026-03-01 10:00:00,19,11,123.34,19,0,0
2201,2026-03-01 10:00:00,26,33,65.44,21,0,0
2202,2026-03-01 10:00:00,54,6,141.04,19,0,0
2203,2026-03-01 10:00:00,66,47,103.81,13,2,0
2204,2026-03-01 10:00:00,21,15,63.03,15,6,1
2205,2026-03-01 10:00:00,48,32,202.13,12,1,0
2206,2026-03-01 10:00:00,49,51,93.75,20,0,0
2207,2026-03-01 10:00:00,38,11,103.23,26,4,0
2208,2026-03-01 10:00:00,38,58,82.39,18,3,0
2209,2026-03-01 10:00:00,29,23,124.44,16,2,0
2210,2026-03-01 10:00:00,32,26,70.49,22,5,1
2211,2026-03-01 10:00:00,32,34,129.31,19,4,0
2212,2026-03-01 10:00:00,35,46,112.47,21,4,0
2213,2026-03-01 10:00:00,37,34,123.94,19,1,0
2214,2026-03-01 10:00:00,43,29,93.98,16,1,0
2215,2026-03-01 10:00:00,66,4,143.55,20,3,1
2216,2026-03-01 10:00:00,61,17,132.28,17,2,0
2217,2026-03-01 10:00:00,41,35,151.69,23,4,0
2218,2026-03-01 10:00:00,68,13,74.73,21,1,0
2219,2026-03-01 10:00:00,38,41,144.28,23,3,0
2220,2026-03-01 10:00:00,31,39,187.71,22,1,0
2221,2026-03-01 10:00:00,69,15,114.31,16,0,0
2222,2026-03-01 10:00:00,67,55,166.7,20,0,0
2223,2026-03-01 10:00:00,19,29,85.66,17,2,0
2224,2026-03-01 10:00:00,69,29,143.33,19,2,0
2225,2026-03-01 10:00:00,38,11,123.45,17,4,0
2226,2026-03-01 10:00:00,48,52,134.09,24,2,0
2227,2026-03-01 10:00:00,20,32,83.97,17,2,0
2228,2026-03-01 10:00:00,37,2,162.49,23,1,0
2229,2026-03-01 10:00:00,39,47,70.08,22,2,0
2230,2026-03-01 10:00:00,64,14,108.4,19,4,0
2231,2026-03-01 10:00:00,28,20,101.92,15,2,0
2232,2026-03-01 10:00:00,38,22,95.26,27,1,0
2233,2026-03-01 10:00:00,34,11,78.65,25,2,0
2234,2026-03-01 10:00:00,25,27,123.48,22,2,0
2235,2026-03-01 10:00:00,51,3,57.18,16,1,1
2236,2026-03-01 10:00:00,18,17,142.65,15,3,0
2237,2026-03-01 10:00:00,31,44,93.94,16,2,0
2238,2026-03-01 10:00:00,21,56,128.73,20,1,0
2239,2026-03-01 10:00:00,63,28,124.09,23,1,0
2240,2026-03-01 10:00:00,20,29,70.08,18,2,0
2241,2026-03-01 10:00:00,58,21,149.23,17,1,0
2242,2026-03-01 10:00:00,41,47,188.04,25,3,0
2243,2026-03-01 10:00:00,62,16,150.41,12,3,0
2244,2026-03-01 10:00:00,27,37,50.71,19,0,0
2245,2026-03-01 10:00:00,43,59,134.4,18,2,0
2246,2026-03-01 10:00:00,48,20,75.74,18,1,0
2247,2026-03-01 10:00:00,60,6,37.4,32,0,0
2248,2026-03-01 10:00:00,59,19,98.82,19,2,0
2249,2026-03-01 10:00:00,57,57,78.25,13,3,0
2250,2026-03-01 10:00:00,68,5,119.44,18,3,0
2251,2026-03-01 10:00:00,58,3,156.13,17,1,0
2252,2026-03-01 10:00:00,27,59,113.63,17,0,0
2253,2026-03-01 10:00:00,30,1,128.2,21,0,1
2254,2026-03-01 10:00:00,25,58,73.42,16,2,0
2255,2026-03-01 10:00:00,45,38,144.13,21,0,0
2256,2026-03-01 10:00:00,64,15,141.21,16,2,0
2257,2026-03-01 10:00:00,64,34,141.67,26,0,0
2258,2026-03-01 10:00:00,45,35,90.47,22,3,0
2259,2026-03-01 10:00:00,54,49,131.16,26,4,0
2260,2026-03-01 10:00:00,31,25,182.54,20,1,0
2261,2026-03-01 10:00:00,40,24,93.11,23,1,0
2262,2026-03-01 10:00:00,38,12,115.3,15,2,0
2263,2026-03-01 10:00:00,61,18,120.73,25,3,0
2264,2026-03-01 10:00:00,50,15,115.68,21,1,0
2265,2026-03-01 10:00:00,68,44,65.28,19,2,0
2266,2026-03-01 10:00:00,46,16,85.44,23,2,0
2267,2026-03-01 10:00:00,33,27,141.13,17,3,0
2268,2026-03-01 10:00:00,27,8,78.49,19,1,0
2269,2026-03-01 10:00:00,62,46,124.14,22,2,0
2270,2026-03-01 10:00:00,35,25,107.89,21,2,0
2271,2026-03-01 10:00:00,42,17,148.13,24,3,0
2272,2026-03-01 10:00:00,37,29,130.62,22,4,0
2273,2026-03-01 10:00:00,36,53,105.64,20,1,0
2274,2026-03-01 10:00:00,21,8,122.79,15,1,0
2275,2026-03-01 10:00:00,22,15,151.78,30,2,0
2276,2026-03-01 10:00:00,55,27,86.0,22,0,0
2277,2026-03-01 10:00:00,21,46,162.21,25,1,0
2278,2026-03-01 10:00:00,53,50,158.52,23,1,0
2279,2026-03-01 10:00:00,23,52,45.98,20,1,0
2280,2026-03-01 10:00:00,28,7,69.76,18,2,0
2281,2026-03-01 10:00:00,26,3,56.88,10,4,1
2282,2026-03-01 10:00:00,19,29,144.59,23,5,1
2283,2026-03-01 10:00:00,62,44,101.76,22,2,0
2284,2026-03-01 10:00:00,26,53,103.83,18,4,1
2285,2026-03-01 10:00:00,26,24,153.49,15,0,0
2286,2026-03-01 10:00:00,26,58,110.32,18,2,0
2287,2026-03-01 10:00:00,44,3,136.7,22,4,1
2288,2026-03-01 10:00:00,58,20,67.35,22,2,0
2289,2026-03-01 10:00:00,66,46,98.6,15,2,0
2290,2026-03-01 10:00:00,62,15,203.75,22,0,0
2291,2026-03-01 10:00:00,41,25,79.08,19,2,0
2292,2026-03-01 10:00:00,26,30,127.7,16,2,0
2293,2026-03-01 10:00:00,41,14,69.18,16,2,0
2294,2026-03-01 10:00:00,56,7,103.67,18,4,1
2295,2026-03-01 10:00:00,43,17,138.8,16,5,0
2296,2026-03-01 10:00:00,62,44,83.18,21,3,0
2297,2026-03-01 10:00:00,29,20,128.43,15,2,0
2298,2026-03-01 10:00:00,65,36,131.28,21,1,0
2299,2026-03-01 10:00:00,59,9,151.78,19,2,0
2300,2026-03-01 10:00:00,18,38,58.19,20,2,0
2301,2026-03-01 10:00:00,18,48,98.83,20,1,0
2302,2026-03-01 10:00:00,62,57,109.38,21,3,0
2303,2026-03-01 10:00:00,42,22,85.35,14,1,0
2304,2026-03-01 10:00:00,53,54,135.22,20,2,0
2305,2026-03-01 10:00:00,40,53,83.41,19,1,0
2306,2026-03-01 10:00:00,44,53,155.06,25,3,0
2307,2026-03-01 10:00:00,57,2,43.84,18,2,1
2308,2026-03-01 10:00:00,35,24,154.37,22,2,0
2309,2026-03-01 10:00:00,25,8,64.66,25,2,0
2310,2026-03-01 10:00:00,39,11,126.17,30,4,1
2311,2026-03-01 10:00:00,35,13,156.03,14,1,0
2312,2026-03-01 10:00:00,43,17,131.23,7,1,0
2313,2026-03-01 10:00:00,64,8,59.46,19,2,0
2314,2026-03-01 10:00:00,46,21,202.38,26,1,0
2315,2026-03-01 10:00:00,59,18,21.9,21,2,1
2316,2026-03-01 10:00:00,39,30,92.9,16,2,0
2317,2026-03-01 10:00:00,32,18,95.63,24,2,0
2318,2026-03-01 10:00:00,21,46,66.31,26,3,0
2319,2026-03-01 10:00:00,49,47,189.87,16,1,0
2320,2026-03-01 10:00:00,28,31,91.0,23,3,0
2321,2026-03-01 10:00:00,24,38,79.23,21,3,0
2322,2026-03-01 10:00:00,23,32,59.95,21,3,0
2323,2026-03-01 10:00:00,26,11,170.11,22,3,0
2324,2026-03-01 10:00:00,33,45,141.28,28,1,0
2325,2026-03-01 10:00:00,36,25,132.88,17,1,0
2326,2026-03-01 10:00:00,23,33,164.89,17,0,0
2327,2026-03-01 10:00:00,57,38,201.18,21,0,1
2328,2026-03-01 10:00:00,24,41,98.89,23,1,0
2329,2026-03-01 10:00:00,57,8,122.42,24,2,0
2330,2026-03-01 10:00:00,56,11,101.32,24,0,0
2331,2026-03-01 10:00:00,52,22,127.68,22,2,0
2332,2026-03-01 10:00:00,23,51,42.34,22,2,0
2333,2026-03-01 10:00:00,48,24,85.29,25,3,0
2334,2026-03-01 10:00:00,53,41,97.15,14,2,0
2335,2026-03-01 10:00:00,57,17,152.29,23,2,0
2336,2026-03-01 10:00:00,22,12,85.84,21,1,0
2337,2026-03-01 10:00:00,29,57,177.05,23,2,0
2338,2026-03-01 10:00:00,60,46,88.36,20,0,0
2339,2026-03-01 10:00:00,24,32,145.57,17,1,0
2340,2026-03-01 10:00:00,38,15,118.38,17,2,0
2341,2026-03-01 10:00:00,35,16,104.53,17,2,0
2342,2026-03-01 10:00:00,61,54,102.83,22,0,0
2343,2026-03-01 10:00:00,31,22,145.3,23,4,0
2344,2026-03-01 10:00:00,21,28,99.63,7,7,1
2345,2026-03-01 10:00:00,57,20,157.31,24,3,0
2346,2026-03-01 10:00:00,42,33,120.49,21,3,0
2347,2026-03-01 10:00:00,42,10,148.23,16,1,0
2348,2026-03-01 10:00:00,50,40,60.89,20,5,1
2349,2026-03-01 10:00:00,32,32,52.07,25,0,0
2350,2026-03-01 10:00:00,48,50,97.05,20,3,0
2351,2026-03-01 10:00:00,63,33,151.56,16,3,0
2352,2026-03-01 10:00:00,59,2,155.18,25,2,0
2353,2026-03-01 10:00:00,55,33,143.25,24,0,0
2354,2026-03-01 10:00:00,34,33,178.8,24,1,0
2355,2026-03-01 10:00:00,37,41,170.19,15,4,0
2356,2026-03-01 10:00:00,64,13,72.42,22,2,0
2357,2026-03-01 10:00:00,22,30,94.4,19,1,1
2358,2026-03-01 10:00:00,46,33,89.58,20,0,0
2359,2026-03-01 10:00:00,55,13,122.23,15,2,0
2360,2026-03-01 10:00:00,21,52,143.12,24,1,0
2361,2026-03-01 10:00:00,55,26,105.39,20,2,0
2362,2026-03-01 10:00:00,53,22,190.87,24,0,0
2363,2026-03-01 10:00:00,20,39,120.1,22,4,1
2364,2026-03-01 10:00:00,59,2,115.49,21,3,0
2365,2026-03-01 10:00:00,24,38,83.44,19,1,0
2366,2026-03-01 10:00:00,51,39,123.59,18,4,0
2367,2026-03-01 10:00:00,19,26,104.98,12,1,0
2368,2026-03-01 10:00:00,40,46,108.44,20,1,0
2369,2026-03-01 10:00:00,35,58,103.84,18,3,0
2370,2026-03-01 10:00:00,48,50,180.92,21,1,0
2371,2026-03-01 10:00:00,29,15,118.32,18,4,0
2372,2026-03-01 10:00:00,64,34,136.0,14,2,0
2373,2026-03-01 10:00:00,30,42,135.09,20,1,0
2374,2026-03-01 10:00:00,60,55,111.84,19,4,1
2375,2026-03-01 10:00:00,23,44,125.34,23,0,0
2376,2026-03-01 10:00:00,23,49,111.28,22,1,0
2377,2026-03-01 10:00:00,47,40,153.05,27,0,0
2378,2026-03-01 10:00:00,49,11,79.81,21,0,0
2379,2026-03-01 10:00:00,45,3,79.07,18,1,0
2380,2026-03-01 10:00:00,69,59,180.27,20,2,1
2381,2026-03-01 10:00:00,44,6,121.16,16,4,0
2382,2026-03-01 10:00:00,57,9,129.27,16,3,0
2383,2026-03-01 10:00:00,50,6,105.71,20,3,0
2384,2026-03-01 10:00:00,59,9,121.16,21,0,0
2385,2026-03-01 10:00:00,34,39,91.55,13,2,0
2386,2026-03-01 10:00:00,30,31,137.24,21,3,0
2387,2026-03-01 10:00:00,33,32,97.24,21,2,0
2388,2026-03-01 10:00:00,43,41,86.48,23,3,0
2389,2026-03-01 10:00:00,44,50,120.27,21,2,0
2390,2026-03-01 10:00:00,45,12,114.47,22,3,0
2391,2026-03-01 10:00:00,42,8,91.04,24,2,0
2392,2026-03-01 10:00:00,63,8,70.81,18,0,0
2393,2026-03-01 10:00:00,66,50,130.46,27,0,0
2394,2026-03-01 10:00:00,40,28,163.31,23,0,0
2395,2026-03-01 10:00:00,68,20,177.54,25,4,1
2396,2026-03-01 10:00:00,39,47,138.04,19,5,0
2397,2026-03-01 10:00:00,63,59,138.96,17,3,0
2398,2026-03-01 10:00:00,32,7,101.7,18,2,0
2399,2026-03-01 10:00:00,53,11,111.79,25,1,0
2400,2026-03-01 10:00:00,24,20,124.54,16,4,1
2401,2026-03-01 10:00:00,39,16,135.65,20,3,0
2402,2026-03-01 10:00:00,47,4,125.29,13,0,1
2403,2026-03-01 10:00:00,27,6,130.01,16,1,0
2404,2026-03-01 10:00:00,42,58,84.3,20,2,0
2405,2026-03-01 10:00:00,62,22,72.86,23,2,0
2406,2026-03-01 10:00:00,36,26,133.54,20,1,0
2407,2026-03-01 10:00:00,52,3,131.21,16,2,1
2408,2026-03-01 10:00:00,18,41,52.41,21,5,1
2409,2026-03-01 10:00:00,49,42,82.1,23,1,0
2410,2026-03-01 10:00:00,66,14,101.78,12,3,0
2411,2026-03-01 10:00:00,48,11,86.25,17,1,0
2412,2026-03-01 10:00:00,50,18,114.21,19,0,0
2413,2026-03-01 10:00:00,61,54,76.14,18,1,0
2414,2026-03-01 10:00:00,66,12,129.91,27,1,0
2415,2026-03-01 10:00:00,32,23,134.07,30,5,0
2416,2026-03-01 10:00:00,57,12,188.35,29,2,0
2417,2026-03-01 10:00:00,60,13,42.24,19,0,0
2418,2026-03-01 10:00:00,56,25,67.84,22,2,0
2419,2026-03-01 10:00:00,29,45,137.47,23,1,0
2420,2026-03-01 10:00:00,37,51,164.52,19,4,1
2421,2026-03-01 10:00:00,18,58,125.24,15,1,0
2422,2026-03-01 10:00:00,24,19,159.5,22,1,0
2423,2026-03-01 10:00:00,26,55,92.68,15,0,0
2424,2026-03-01 10:00:00,39,46,87.49,15,2,0
2425,2026-03-01 10:00:00,64,36,122.61,16,2,0
2426,2026-03-01 10:00:00,63,45,84.46,26,4,1
2427,2026-03-01 10:00:00,64,8,101.05,23,0,0
2428,2026-03-01 10:00:00,51,29,125.81,18,4,1
2429,2026-03-01 10:00:00,64,55,114.4,15,6,1
2430,2026-03-01 10:00:00,48,53,118.17,12,2,0
2431,2026-03-01 10:00:00,26,55,119.74,31,3,1
2432,2026-03-01 10:00:00,21,32,190.74,15,1,0
2433,2026-03-01 10:00:00,32,51,157.56,21,1,0
2434,2026-03-01 10:00:00,30,44,180.61,23,2,0
2435,2026-03-01 10:00:00,29,18,59.88,25,2,0
2436,2026-03-01 10:00:00,51,6,214.48,20,1,0
2437,2026-03-01 10:00:00,58,18,172.2,23,2,0
2438,2026-03-01 10:00:00,26,19,180.62,17,1,0
2439,2026-03-01 10:00:00,48,22,109.74,15,1,0
2440,2026-03-01 10:00:00,57,37,107.52,13,5,0
2441,2026-03-01 10:00:00,38,32,157.02,24,1,0
2442,2026-03-01 10:00:00,53,56,73.05,30,2,0
2443,2026-03-01 10:00:00,27,41,153.84,17,0,0
2444,2026-03-01 10:00:00,18,59,155.47,17,2,0
2445,2026-03-01 10:00:00,37,3,84.43,12,2,0
2446,2026-03-01 10:00:00,36,28,134.83,21,4,1
2447,2026-03-01 10:00:00,30,10,52.92,18,2,0
2448,2026-03-01 10:00:00,34,51,165.95,20,1,0
2449,2026-03-01 10:00:00,46,35,132.29,23,4,0
2450,2026-03-01 10:00:00,22,29,133.39,25,1,0
2451,2026-03-01 10:00:00,69,54,145.9,26,5,0
2452,2026-03-01 10:00:00,32,15,74.08,19,2,0
2453,2026-03-01 10:00:00,33,33,154.28,28,0,0
2454,2026-03-01 10:00:00,45,7,113.9,28,0,0
2455,2026-03-01 10:00:00,51,12,84.93,21,1,0
2456,2026-03-01 10:00:00,31,49,161.51,17,4,1
2457,2026-03-01 10:00:00,27,30,84.32,23,2,0
2458,2026-03-01 10:00:00,39,21,104.33,17,1,0
2459,2026-03-01 10:00:00,36,31,59.88,20,0,0
2460,2026-03-01 10:00:00,22,58,66.53,24,2,0
2461,2026-03-01 10:00:00,24,24,60.67,25,2,0
2462,2026-03-01 10:00:00,29,20,158.18,22,2,0
2463,2026-03-01 10:00:00,23,37,78.41,20,1,0
2464,2026-03-01 10:00:00,40,4,111.07,18,2,0
2465,2026-03-01 10:00:00,68,28,91.22,20,3,0
2466,2026-03-01 10:00:00,24,44,142.22,13,3,0
2467,2026-03-01 10:00:00,44,20,131.04,20,3,0
2468,2026-03-01 10:00:00,27,24,61.63,16,1,0
2469,2026-03-01 10:00:00,33,50,151.54,12,3,0
2470,2026-03-01 10:00:00,66,49,143.38,21,0,0
2471,2026-03-01 10:00:00,59,51,77.04,20,0,0
2472,2026-03-01 10:00:00,68,32,160.67,21,3,0
2473,2026-03-01 10:00:00,64,41,98.94,16,1,0
2474,2026-03-01 10:00:00,61,36,73.09,20,2,0
2475,2026-03-01 10:00:00,34,58,137.17,20,3,0
2476,2026-03-01 10:00:00,18,53,156.82,23,1,0
2477,2026-03-01 10:00:00,36,34,155.2,16,3,0
2478,2026-03-01 10:00:00,43,36,52.92,27,1,1
2479,2026-03-01 10:00:00,57,2,161.57,25,3,1
2480,2026-03-01 10:00:00,21,15,198.73,23,3,0
2481,2026-03-01 10:00:00,29,34,59.89,18,2,0
2482,2026-03-01 10:00:00,50,36,138.56,21,1,0
2483,2026-03-01 10:00:00,38,6,119.38,21,2,0
2484,2026-03-01 10:00:00,57,39,143.04,14,3,0
2485,2026-03-01 10:00:00,45,42,97.11,19,1,0
2486,2026-03-01 10:00:00,47,51,123.02,21,1,0
2487,2026-03-01 10:00:00,56,51,129.42,24,3,0
2488,2026-03-01 10:00:00,20,58,79.58,13,5,1
2489,2026-03-01 10:00:00,59,54,160.38,32,0,0
2490,2026-03-01 10:00:00,18,12,94.72,23,2,0
2491,2026-03-01 10:00:00,19,3,144.0,18,3,0
2492,2026-03-01 10:00:00,54,45,143.75,22,2,1
2493,2026-03-01 10:00:00,68,18,146.76,12,3,0
2494,2026-03-01 10:00:00,48,40,82.94,23,3,0
2495,2026-03-01 10:00:00,28,21,187.13,23,2,0
2496,2026-03-01 10:00:00,29,15,57.11,19,1,0
2497,2026-03-01 10:00:00,19,33,74.68,22,1,0
2498,2026-03-01 10:00:00,37,35,76.5,12,2,1
2499,2026-03-01 10:00:00,55,26,183.32,21,3,0
2500,2026-03-01 10:00:00,66,8,158.5,16,5,1
2501,2026-03-01 10:00:00,29,36,110.62,15,1,0
2502,2026-03-01 10:00:00,64,48,150.53,20,1,0
2503,2026-03-01 10:00:00,61,30,151.43,14,1,0
2504,2026-03-01 10:00:00,30,23,82.22,19,2,0
2505,2026-03-01 10:00:00,65,42,72.34,24,1,0
2506,2026-03-01 10:00:00,47,44,156.78,22,1,0
2507,2026-03-01 10:00:00,22,14,92.24,21,6,1
2508,2026-03-01 10:00:00,47,14,144.95,24,1,1
2509,2026-03-01 10:00:00,39,2,70.39,21,3,0
2510,2026-03-01 10:00:00,20,55,90.37,25,0,0
2511,2026-03-01 10:00:00,53,37,115.13,23,3,0
2512,2026-03-01 10:00:00,18,5,207.74,18,0,0
2513,2026-03-01 10:00:00,19,38,99.37,20,0,0
2514,2026-03-01 10:00:00,32,45,132.3,24,1,0
2515,2026-03-01 10:00:00,33,41,115.86,25,2,0
2516,2026-03-01 10:00:00,62,54,52.31,23,3,0
2517,2026-03-01 10:00:00,48,47,120.32,21,1,0
2518,2026-03-01 10:00:00,50,14,119.38,21,1,0
2519,2026-03-01 10:00:00,61,56,149.35,25,5,1
2520,2026-03-01 10:00:00,24,39,58.37,19,4,1
2521,2026-03-01 10:00:00,31,25,109.79,19,0,0
2522,2026-03-01 10:00:00,37,20,136.61,19,2,0
2523,2026-03-01 10:00:00,27,2,148.93,16,5,1
2524,2026-03-01 10:00:00,63,39,173.49,15,2,0
2525,2026-03-01 10:00:00,18,6,142.71,18,2,0
2526,2026-03-01 10:00:00,60,17,88.86,14,2,0
2527,2026-03-01 10:00:00,27,59,121.24,13,4,1
2528,2026-03-01 10:00:00,53,25,91.21,13,3,0
2529,2026-03-01 10:00:00,50,57,134.25,21,5,0
2530,2026-03-01 10:00:00,66,28,90.89,19,4,1
2531,2026-03-01 10:00:00,38,2,158.09,13,3,0
2532,2026-03-01 10:00:00,42,35,95.61,20,3,0
2533,2026-03-01 10:00:00,47,37,86.52,23,4,1
2534,2026-03-01 10:00:00,34,5,119.16,23,2,1
2535,2026-03-01 10:00:00,60,1,113.65,22,1,1
2536,2026-03-01 10:00:00,55,40,121.28,23,0,0
2537,2026-03-01 10:00:00,32,12,78.69,21,2,1
2538,2026-03-01 10:00:00,52,56,83.14,28,3,0
2539,2026-03-01 10:00:00,26,36,73.82,34,1,0
2540,2026-03-01 10:00:00,61,45,153.6,21,0,0
2541,2026-03-01 10:00:00,55,23,126.62,20,3,0
2542,2026-03-01 10:00:00,32,47,170.33,21,3,0
2543,2026-03-01 10:00:00,53,31,109.0,23,2,0
2544,2026-03-01 10:00:00,66,11,136.45,24,2,0
2545,2026-03-01 10:00:00,29,10,75.21,16,0,0
2546,2026-03-01 10:00:00,28,3,132.96,12,1,0
2547,2026-03-01 10:00:00,67,54,80.75,17,2,0
2548,2026-03-01 10:00:00,64,14,130.24,20,0,0
2549,2026-03-01 10:00:00,57,16,131.29,15,3,0
2550,2026-03-01 10:00:00,63,10,123.04,19,1,0
2551,2026-03-01 10:00:00,62,29,79.68,21,0,0
2552,2026-03-01 10:00:00,63,10,128.8,24,4,0
2553,2026-03-01 10:00:00,51,12,96.06,24,1,0
2554,2026-03-01 10:00:00,28,30,162.76,27,2,0
2555,2026-03-01 10:00:00,32,41,130.7,17,1,0
2556,2026-03-01 10:00:00,38,1,92.1,17,1,0
2557,2026-03-01 10:00:00,42,5,117.32,20,3,0
2558,2026-03-01 10:00:00,20,20,171.31,20,4,1
2559,2026-03-01 10:00:00,41,8,127.93,16,4,0
2560,2026-03-01 10:00:00,46,43,138.77,20,5,1
2561,2026-03-01 10:00:00,50,12,60.61,14,2,0
2562,2026-03-01 10:00:00,44,1,170.8,18,4,1
2563,2026-03-01 10:00:00,30,57,74.96,18,1,0
2564,2026-03-01 10:00:00,18,54,81.0,18,1,0
2565,2026-03-01 10:00:00,66,20,124.75,22,3,0
2566,2026-03-01 10:00:00,33,28,134.46,23,2,0
2567,2026-03-01 10:00:00,18,57,52.7,19,2,0
2568,2026-03-01 10:00:00,29,43,155.27,21,1,0
2569,2026-03-01 10:00:00,35,37,66.83,21,2,0
2570,2026-03-01 10:00:00,38,47,84.81,19,3,0
2571,2026-03-01 10:00:00,43,37,183.28,11,0,0
2572,2026-03-01 10:00:00,37,12,142.35,25,2,0
2573,2026-03-01 10:00:00,29,37,92.4,15,0,0
2574,2026-03-01 10:00:00,21,49,118.45,21,3,0
2575,2026-03-01 10:00:00,18,49,96.55,24,2,0
2576,2026-03-01 10:00:00,19,56,118.46,20,4,1
2577,2026-03-01 10:00:00,42,44,113.75,20,2,1
2578,2026-03-01 10:00:00,22,56,137.74,27,2,0
2579,2026-03-01 10:00:00,43,28,102.4,18,4,0
2580,2026-03-01 10:00:00,46,47,97.69,21,1,0
2581,2026-03-01 10:00:00,48,15,132.44,20,1,0
2582,2026-03-01 10:00:00,36,6,81.1,21,2,0
2583,2026-03-01 10:00:00,19,44,117.5,24,3,0
2584,2026-03-01 10:00:00,37,59,83.75,23,4,1
2585,2026-03-01 10:00:00,22,20,86.44,16,0,0
2586,2026-03-01 10:00:00,35,50,136.65,23,0,0
2587,2026-03-01 10:00:00,29,14,105.3,24,3,0
2588,2026-03-01 10:00:00,66,2,177.57,19,3,0
2589,2026-03-01 10:00:00,24,9,80.15,19,2,0
2590,2026-03-01 10:00:00,33,37,154.21,22,1,0
2591,2026-03-01 10:00:00,21,20,80.36,24,3,0
2592,2026-03-01 10:00:00,18,26,20.0,22,4,1
2593,2026-03-01 10:00:00,52,29,158.22,17,2,0
2594,2026-03-01 10:00:00,32,1,93.18,17,3,0
2595,2026-03-01 10:00:00,69,55,140.59,24,1,0
2596,2026-03-01 10:00:00,30,35,79.32,21,0,0
2597,2026-03-01 10:00:00,18,6,97.88,28,2,0
2598,2026-03-01 10:00:00,41,37,136.36,22,2,0
2599,2026-03-01 10:00:00,26,53,94.07,16,1,0
2600,2026-03-01 10:00:00,61,59,173.53,17,0,0
2601,2026-03-01 10:00:00,33,5,132.39,18,2,0
2602,2026-03-01 10:00:00,53,33,95.15,32,2,0
2603,2026-03-01 10:00:00,62,49,113.15,23,3,0
2604,2026-03-01 10:00:00,18,51,94.94,16,2,0
2605,2026-03-01 10:00:00,52,14,136.88,18,2,0
2606,2026-03-01 10:00:00,35,12,152.55,22,1,0
2607,2026-03-01 10:00:00,54,42,161.29,24,1,0
2608,2026-03-01 10:00:00,50,20,121.86,26,5,0
2609,2026-03-01 10:00:00,32,53,112.02,18,5,0
2610,2026-03-01 10:00:00,46,50,185.88,23,1,0
2611,2026-03-01 10:00:00,21,24,140.41,24,1,0
2612,2026-03-01 10:00:00,27,59,133.16,17,3,0
2613,2026-03-01 10:00:00,59,43,106.25,13,5,0
2614,2026-03-01 10:00:00,32,34,103.66,16,3,0
2615,2026-03-01 10:00:00,62,25,88.77,15,2,0
2616,2026-03-01 10:00:00,44,50,141.39,20,6,0
2617,2026-03-01 10:00:00,52,29,138.77,20,1,0
2618,2026-03-01 10:00:00,27,57,79.94,28,1,0
2619,2026-03-01 10:00:00,31,39,184.23,18,2,0
2620,2026-03-01 10:00:00,37,31,128.87,14,0,0
2621,2026-03-01 10:00:00,53,56,158.16,21,3,0
2622,2026-03-01 10:00:00,45,47,56.27,12,0,0
2623,2026-03-01 10:00:00,31,43,89.68,19,2,0
2624,2026-03-01 10:00:00,53,50,122.0,19,5,1
2625,2026-03-01 10:00:00,34,23,115.4,20,2,0
2626,2026-03-01 10:00:00,66,44,79.67,27,1,0
2627,2026-03-01 10:00:00,39,38,64.56,16,6,0
2628,2026-03-01 10:00:00,35,20,129.65,14,3,0
2629,2026-03-01 10:00:00,26,23,62.52,17,4,1
2630,2026-03-01 10:00:00,69,45,117.23,20,0,0
2631,2026-03-01 10:00:00,66,52,22.0,17,3,0
2632,2026-03-01 10:00:00,67,16,153.58,30,3,0
2633,2026-03-01 10:00:00,59,50,75.47,11,2,0
2634,2026-03-01 10:00:00,27,42,106.08,14,4,0
2635,2026-03-01 10:00:00,34,55,97.93,22,1,0
2636,2026-03-01 10:00:00,20,8,128.21,19,3,0
2637,2026-03-01 10:00:00,62,50,55.04,19,4,1
2638,2026-03-01 10:00:00,43,21,93.04,24,4,1
2639,2026-03-01 10:00:00,28,1,103.09,20,2,1
2640,2026-03-01 10:00:00,31,55,121.84,18,2,1
2641,2026-03-01 10:00:00,30,8,182.73,18,2,0
2642,2026-03-01 10:00:00,30,29,104.92,23,0,0
2643,2026-03-01 10:00:00,50,32,125.3,21,0,0
2644,2026-03-01 10:00:00,35,38,81.59,23,2,0
2645,2026-03-01 10:00:00,28,5,187.69,26,0,0
2646,2026-03-01 10:00:00,62,47,74.7,19,0,0
2647,2026-03-01 10:00:00,19,22,133.91,28,2,0
2648,2026-03-01 10:00:00,47,47,166.41,28,0,0
2649,2026-03-01 10:00:00,33,34,91.05,17,5,0
2650,2026-03-01 10:00:00,42,1,76.1,20,1,0
2651,2026-03-01 10:00:00,52,55,132.59,20,0,0
2652,2026-03-01 10:00:00,24,55,148.82,16,4,0
2653,2026-03-01 10:00:00,31,26,78.23,28,1,0
2654,2026-03-01 10:00:00,69,43,131.12,21,5,0
2655,2026-03-01 10:00:00,34,10,68.63,20,0,1
2656,2026-03-01 10:00:00,49,30,73.94,14,2,0
2657,2026-03-01 10:00:00,40,50,91.73,12,1,0
2658,2026-03-01 10:00:00,28,18,108.02,23,3,0
2659,2026-03-01 10:00:00,69,17,20.0,28,2,0
2660,2026-03-01 10:00:00,25,26,105.93,21,0,0
2661,2026-03-01 10:00:00,53,8,134.85,19,1,0
2662,2026-03-01 10:00:00,30,47,137.34,15,5,1
2663,2026-03-01 10:00:00,55,40,170.4,26,3,0
2664,2026-03-01 10:00:00,20,49,49.34,22,6,1
2665,2026-03-01 10:00:00,34,12,106.61,20,2,0
2666,2026-03-01 10:00:00,44,27,201.59,28,2,0
2667,2026-03-01 10:00:00,58,8,135.51,30,1,0
2668,2026-03-01 10:00:00,36,25,110.04,20,1,0
2669,2026-03-01 10:00:00,45,46,128.53,19,1,0
2670,2026-03-01 10:00:00,47,4,132.76,24,3,0
2671,2026-03-01 10:00:00,58,33,249.41,26,2,0
2672,2026-03-01 10:00:00,19,1,73.69,19,3,0
2673,2026-03-01 10:00:00,69,19,83.01,18,2,0
2674,2026-03-01 10:00:00,30,31,118.9,28,4,1
2675,2026-03-01 10:00:00,34,16,126.56,18,2,0
2676,2026-03-01 10:00:00,67,14,178.74,22,0,0
2677,2026-03-01 10:00:00,35,53,83.93,21,2,0
2678,2026-03-01 10:00:00,51,48,59.54,23,3,0
2679,2026-03-01 10:00:00,28,5,56.08,21,1,0
2680,2026-03-01 10:00:00,67,41,56.07,19,5,0
2681,2026-03-01 10:00:00,66,26,65.86,20,2,0
2682,2026-03-01 10:00:00,37,28,155.76,13,1,0
2683,2026-03-01 10:00:00,48,2,126.33,17,3,0
2684,2026-03-01 10:00:00,56,50,155.09,22,1,0
2685,2026-03-01 10:00:00,26,6,89.88,18,0,0
2686,2026-03-01 10:00:00,46,9,151.57,17,2,0
2687,2026-03-01 10:00:00,68,33,74.74,16,3,0
2688,2026-03-01 10:00:00,37,41,91.54,24,6,1
2689,2026-03-01 10:00:00,25,25,150.75,15,2,0
2690,2026-03-01 10:00:00,51,48,20.0,18,1,0
2691,2026-03-01 10:00:00,60,13,153.52,14,1,0
2692,2026-03-01 10:00:00,18,9,105.47,12,3,0
2693,2026-03-01 10:00:00,48,53,182.87,19,2,0
2694,2026-03-01 10:00:00,49,13,87.85,24,2,0
2695,2026-03-01 10:00:00,18,31,107.31,23,4,0
2696,2026-03-01 10:00:00,59,41,132.5,19,3,0
2697,2026-03-01 10:00:00,51,11,88.5,30,1,0
2698,2026-03-01 10:00:00,45,4,139.89,20,1,0
2699,2026-03-01 10:00:00,47,34,135.43,22,6,1
2700,2026-03-01 10:00:00,29,38,180.43,23,1,0
2701,2026-03-01 10:00:00,44,46,239.06,19,1,0
2702,2026-03-01 10:00:00,27,4,176.18,19,1,0
2703,2026-03-01 10:00:00,18,38,97.73,20,0,0
2704,2026-03-01 10:00:00,26,19,115.13,17,3,0
2705,2026-03-01 10:00:00,30,6,104.11,18,1,0
2706,2026-03-01 10:00:00,53,34,121.75,12,2,0
2707,2026-03-01 10:00:00,33,18,112.26,17,0,0
2708,2026-03-01 10:00:00,41,13,132.72,21,1,0
2709,2026-03-01 10:00:00,64,41,151.99,15,1,0
2710,2026-03-01 10:00:00,41,23,199.01,20,4,0
2711,2026-03-01 10:00:00,67,19,58.1,22,0,1
2712,2026-03-01 10:00:00,23,45,161.13,20,0,0
2713,2026-03-01 10:00:00,47,11,184.51,20,3,0
2714,2026-03-01 10:00:00,32,1,106.91,23,1,1
2715,2026-03-01 10:00:00,26,24,59.03,21,3,0
2716,2026-03-01 10:00:00,35,54,89.17,22,2,0
2717,2026-03-01 10:00:00,53,7,118.97,22,1,0
2718,2026-03-01 10:00:00,55,25,99.96,20,1,0
2719,2026-03-01 10:00:00,67,21,76.19,23,0,0
2720,2026-03-01 10:00:00,57,15,160.36,15,0,0
2721,2026-03-01 10:00:00,51,1,175.35,23,1,1
2722,2026-03-01 10:00:00,25,12,90.74,17,2,0
2723,2026-03-01 10:00:00,31,58,116.5,27,2,0
2724,2026-03-01 10:00:00,31,7,133.45,11,2,0
2725,2026-03-01 10:00:00,60,15,154.63,14,1,0
2726,2026-03-01 10:00:00,37,21,163.51,24,3,0
2727,2026-03-01 10:00:00,46,19,120.07,18,3,1
2728,2026-03-01 10:00:00,62,29,149.4,23,0,0
2729,2026-03-01 10:00:00,40,25,73.76,26,2,0
2730,2026-03-01 10:00:00,54,33,132.32,14,3,0
2731,2026-03-01 10:00:00,40,49,151.21,26,3,1
2732,2026-03-01 10:00:00,19,32,65.2,17,0,0
2733,2026-03-01 10:00:00,54,49,47.59,18,4,1
2734,2026-03-01 10:00:00,30,35,200.03,16,3,0
2735,2026-03-01 10:00:00,69,44,78.64,27,3,0
2736,2026-03-01 10:00:00,40,38,152.52,15,3,0
2737,2026-03-01 10:00:00,65,26,83.04,20,3,0
2738,2026-03-01 10:00:00,55,11,143.59,20,2,1
2739,2026-03-01 10:00:00,37,35,79.42,15,2,0
2740,2026-03-01 10:00:00,61,8,119.45,22,3,0
2741,2026-03-01 10:00:00,62,46,173.03,22,2,0
2742,2026-03-01 10:00:00,19,14,122.84,18,1,0
2743,2026-03-01 10:00:00,53,10,37.92,19,3,0
2744,2026-03-01 10:00:00,34,2,112.22,22,3,0
2745,2026-03-01 10:00:00,65,46,105.41,18,2,0
2746,2026-03-01 10:00:00,26,9,82.58,14,2,0
2747,2026-03-01 10:00:00,66,3,107.37,23,1,0
2748,2026-03-01 10:00:00,59,21,161.4,21,0,0
2749,2026-03-01 10:00:00,55,26,229.42,14,6,0
2750,2026-03-01 10:00:00,30,8,152.98,23,3,0
2751,2026-03-01 10:00:00,54,48,78.11,14,6,0
2752,2026-03-01 10:00:00,52,2,69.55,22,1,1
2753,2026-03-01 10:00:00,66,6,70.1,18,3,0
2754,2026-03-01 10:00:00,26,28,122.25,15,3,0
2755,2026-03-01 10:00:00,47,53,121.9,19,2,0
2756,2026-03-01 10:00:00,22,29,124.75,17,1,0
2757,2026-03-01 10:00:00,37,26,115.55,25,0,0
2758,2026-03-01 10:00:00,53,25,80.79,18,2,0
2759,2026-03-01 10:00:00,46,12,93.54,12,1,0
2760,2026-03-01 10:00:00,40,5,111.51,19,1,0
2761,2026-03-01 10:00:00,47,34,172.35,16,1,0
2762,2026-03-01 10:00:00,26,48,90.22,13,1,0
2763,2026-03-01 10:00:00,24,37,108.83,16,4,0
2764,2026-03-01 10:00:00,28,15,190.19,27,2,0
2765,2026-03-01 10:00:00,30,44,140.15,18,6,1
2766,2026-03-01 10:00:00,66,36,102.93,27,0,0
2767,2026-03-01 10:00:00,43,15,67.33,19,3,0
2768,2026-03-01 10:00:00,27,43,172.0,17,2,0
2769,2026-03-01 10:00:00,38,48,127.91,17,0,0
2770,2026-03-01 10:00:00,34,23,129.22,31,2,0
2771,2026-03-01 10:00:00,23,6,152.07,16,1,0
2772,2026-03-01 10:00:00,35,46,122.22,17,1,0
2773,2026-03-01 10:00:00,25,50,98.4,26,1,0
2774,2026-03-01 10:00:00,44,44,136.53,11,1,0
2775,2026-03-01 10:00:00,40,59,68.55,21,1,0
2776,2026-03-01 10:00:00,53,43,76.6,20,1,0
2777,2026-03-01 10:00:00,50,45,134.03,25,4,0
2778,2026-03-01 10:00:00,63,21,193.9,25,4,1
2779,2026-03-01 10:00:00,66,23,156.2,22,0,0
2780,2026-03-01 10:00:00,62,43,88.24,14,2,0
2781,2026-03-01 10:00:00,21,55,165.47,16,1,0
2782,2026-03-01 10:00:00,66,16,143.87,18,0,0
2783,2026-03-01 10:00:00,67,47,146.08,16,3,0
2784,2026-03-01 10:00:00,63,53,176.73,19,1,0
2785,2026-03-01 10:00:00,68,15,102.95,10,1,0
2786,2026-03-01 10:00:00,48,25,101.36,24,5,0
2787,2026-03-01 10:00:00,55,36,138.54,26,0,0
2788,2026-03-01 10:00:00,27,11,134.96,32,3,0
2789,2026-03-01 10:00:00,28,51,132.91,20,5,0
2790,2026-03-01 10:00:00,34,15,120.06,18,2,0
2791,2026-03-01 10:00:00,34,4,161.55,21,2,1
2792,2026-03-01 10:00:00,29,21,83.27,21,2,0
2793,2026-03-01 10:00:00,19,13,167.21,19,2,0
2794,2026-03-01 10:00:00,22,22,152.51,29,2,0
2795,2026-03-01 10:00:00,28,19,60.19,17,1,0
2796,2026-03-01 10:00:00,51,34,100.33,24,4,1
2797,2026-03-01 10:00:00,44,14,69.72,12,3,0
2798,2026-03-01 10:00:00,23,4,104.59,20,1,0
2799,2026-03-01 10:00:00,40,48,133.35,30,1,1
2800,2026-03-01 10:00:00,57,53,91.87,23,2,0
2801,2026-03-01 10:00:00,32,52,122.61,16,2,0
2802,2026-03-01 10:00:00,44,46,75.43,20,1,0
2803,2026-03-01 10:00:00,44,27,179.59,17,1,0
2804,2026-03-01 10:00:00,34,29,146.33,20,4,1
2805,2026-03-01 10:00:00,24,47,93.49,15,3,0
2806,2026-03-01 10:00:00,23,28,144.15,17,2,0
2807,2026-03-01 10:00:00,52,35,139.8,24,0,0
2808,2026-03-01 10:00:00,53,8,41.15,18,3,0
2809,2026-03-01 10:00:00,55,16,115.04,29,3,0
2810,2026-03-01 10:00:00,34,42,135.89,14,2,0
2811,2026-03-01 10:00:00,45,36,112.47,20,4,0
2812,2026-03-01 10:00:00,67,30,186.73,11,1,0
2813,2026-03-01 10:00:00,18,18,155.83,27,3,0
2814,2026-03-01 10:00:00,38,2,94.74,20,4,1
2815,2026-03-01 10:00:00,53,49,46.32,19,4,0
2816,2026-03-01 10:00:00,48,13,139.8,21,3,0
2817,2026-03-01 10:00:00,39,4,36.64,15,0,0
2818,2026-03-01 10:00:00,57,26,127.66,21,2,0
2819,2026-03-01 10:00:00,58,25,114.62,13,2,0
2820,2026-03-01 10:00:00,27,30,66.99,18,2,0
2821,2026-03-01 10:00:00,45,11,49.01,17,2,0
2822,2026-03-01 10:00:00,44,7,91.22,21,2,0
2823,2026-03-01 10:00:00,30,31,82.07,18,3,0
2824,2026-03-01 10:00:00,18,44,132.14,15,1,0
2825,2026-03-01 10:00:00,69,10,62.23,19,2,0
2826,2026-03-01 10:00:00,60,39,186.27,24,2,0
2827,2026-03-01 10:00:00,39,13,38.98,21,2,0
2828,2026-03-01 10:00:00,40,31,147.48,22,5,0
2829,2026-03-01 10:00:00,68,7,139.33,22,2,0
2830,2026-03-01 10:00:00,51,56,157.59,22,1,0
2831,2026-03-01 10:00:00,28,49,20.0,19,2,0
2832,2026-03-01 10:00:00,39,42,94.92,19,1,1
2833,2026-03-01 10:00:00,66,42,88.42,19,1,0
2834,2026-03-01 10:00:00,22,56,119.34,24,3,0
2835,2026-03-01 10:00:00,27,36,138.48,12,3,0
2836,2026-03-01 10:00:00,26,20,111.1,26,1,0
2837,2026-03-01 10:00:00,34,4,102.3,16,4,1
2838,2026-03-01 10:00:00,33,54,134.86,19,2,0
2839,2026-03-01 10:00:00,27,7,159.8,20,3,0
2840,2026-03-01 10:00:00,38,54,85.88,25,1,1
2841,2026-03-01 10:00:00,19,1,68.12,19,2,0
2842,2026-03-01 10:00:00,64,44,202.2,20,3,0
2843,2026-03-01 10:00:00,53,56,178.36,20,0,0
2844,2026-03-01 10:00:00,50,45,117.17,19,2,0
2845,2026-03-01 10:00:00,26,42,171.55,19,1,1
2846,2026-03-01 10:00:00,34,47,204.1,23,2,0
2847,2026-03-01 10:00:00,50,59,58.93,23,0,1
2848,2026-03-01 10:00:00,29,13,78.68,19,3,0
2849,2026-03-01 10:00:00,30,55,136.14,23,5,0
2850,2026-03-01 10:00:00,63,22,128.92,17,5,0
2851,2026-03-01 10:00:00,62,54,119.09,23,1,0
2852,2026-03-01 10:00:00,18,21,101.94,24,3,0
2853,2026-03-01 10:00:00,57,22,51.98,22,5,0
2854,2026-03-01 10:00:00,61,28,141.05,20,1,0
2855,2026-03-01 10:00:00,39,9,81.43,26,0,0
2856,2026-03-01 10:00:00,27,26,148.39,18,4,0
2857,2026-03-01 10:00:00,65,9,112.08,21,0,0
2858,2026-03-01 10:00:00,55,15,118.32,16,3,0
2859,2026-03-01 10:00:00,66,10,136.6,20,3,0
2860,2026-03-01 10:00:00,57,24,102.69,18,1,0
2861,2026-03-01 10:00:00,61,58,82.93,20,1,0
2862,2026-03-01 10:00:00,68,57,122.44,19,1,0
2863,2026-03-01 10:00:00,69,42,172.19,25,1,0
2864,2026-03-01 10:00:00,49,8,94.87,20,2,0
2865,2026-03-01 10:00:00,30,24,78.95,23,4,1
2866,2026-03-01 10:00:00,18,16,113.09,19,2,0
2867,2026-03-01 10:00:00,63,49,82.59,23,3,0
2868,2026-03-01 10:00:00,41,26,122.36,21,2,0
2869,2026-03-01 10:00:00,53,27,111.16,19,2,0
2870,2026-03-01 10:00:00,39,37,53.32,25,2,0
2871,2026-03-01 10:00:00,59,4,149.83,25,1,0
2872,2026-03-01 10:00:00,29,50,77.5,25,2,0
2873,2026-03-01 10:00:00,35,24,68.01,14,1,0
2874,2026-03-01 10:00:00,38,19,159.71,26,1,0
2875,2026-03-01 10:00:00,47,36,49.94,19,2,0
2876,2026-03-01 10:00:00,21,39,67.06,21,2,0
2877,2026-03-01 10:00:00,20,10,109.1,16,2,0
2878,2026-03-01 10:00:00,19,25,115.55,21,0,0
2879,2026-03-01 10:00:00,21,18,185.43,11,1,0
2880,2026-03-01 10:00:00,21,19,103.24,18,2,0
2881,2026-03-01 10:00:00,25,36,96.33,25,2,0
2882,2026-03-01 10:00:00,27,10,168.71,18,3,0
2883,2026-03-01 10:00:00,46,33,58.18,18,5,1
2884,2026-03-01 10:00:00,50,55,74.48,14,5,0
2885,2026-03-01 10:00:00,47,50,148.7,21,2,0
2886,2026-03-01 10:00:00,39,5,82.51,17,1,0
2887,2026-03-01 10:00:00,45,47,111.5,12,3,0
2888,2026-03-01 10:00:00,69,49,155.84,14,4,0
2889,2026-03-01 10:00:00,46,35,116.4,18,7,1
2890,2026-03-01 10:00:00,65,44,192.26,13,4,0
2891,2026-03-01 10:00:00,54,34,121.38,19,0,0
2892,2026-03-01 10:00:00,61,33,76.5,20,0,0
2893,2026-03-01 10:00:00,30,55,154.94,10,2,0
2894,2026-03-01 10:00:00,23,21,71.91,16,4,0
2895,2026-03-01 10:00:00,46,17,196.82,19,1,1
2896,2026-03-01 10:00:00,32,22,97.97,23,1,0
2897,2026-03-01 10:00:00,20,48,184.17,24,1,0
2898,2026-03-01 10:00:00,20,37,115.4,18,4,1
2899,2026-03-01 10:00:00,27,15,79.75,19,0,0
2900,2026-03-01 10:00:00,64,35,152.75,20,2,0
2901,2026-03-01 10:00:00,49,28,197.69,19,1,0
2902,2026-03-01 10:00:00,68,7,160.59,18,2,0
2903,2026-03-01 10:00:00,19,32,87.35,18,3,0
2904,2026-03-01 10:00:00,34,11,144.78,23,7,1
2905,2026-03-01 10:00:00,39,10,20.0,10,5,0
2906,2026-03-01 10:00:00,60,9,171.9,23,2,0
2907,2026-03-01 10:00:00,60,14,131.09,22,0,0
2908,2026-03-01 10:00:00,63,13,52.46,19,2,0
2909,2026-03-01 10:00:00,59,57,126.37,17,1,0
2910,2026-03-01 10:00:00,55,25,129.69,23,2,0
2911,2026-03-01 10:00:00,39,2,187.05,17,4,1
2912,2026-03-01 10:00:00,22,35,136.9,22,1,0
2913,2026-03-01 10:00:00,57,7,147.43,22,4,1
2914,2026-03-01 10:00:00,44,21,155.54,16,3,0
2915,2026-03-01 10:00:00,22,18,135.01,15,3,0
2916,2026-03-01 10:00:00,50,3,139.55,17,0,0
2917,2026-03-01 10:00:00,50,42,123.02,22,0,0
2918,2026-03-01 10:00:00,43,54,171.8,26,1,0
2919,2026-03-01 10:00:00,39,39,30.23,17,6,1
2920,2026-03-01 10:00:00,34,41,121.92,18,0,0
2921,2026-03-01 10:00:00,44,49,197.11,16,3,0
2922,2026-03-01 10:00:00,19,11,117.36,21,2,0
2923,2026-03-01 10:00:00,63,39,78.21,22,2,0
2924,2026-03-01 10:00:00,37,24,91.47,26,1,0
2925,2026-03-01 10:00:00,54,46,168.1,21,2,0
2926,2026-03-01 10:00:00,56,19,149.39,21,2,0
2927,2026-03-01 10:00:00,61,4,175.84,17,2,1
2928,2026-03-01 10:00:00,64,26,196.34,23,0,0
2929,2026-03-01 10:00:00,32,38,135.8,21,0,0
2930,2026-03-01 10:00:00,48,42,136.71,13,1,0
2931,2026-03-01 10:00:00,67,32,56.04,18,2,0
2932,2026-03-01 10:00:00,45,39,116.68,15,0,0
2933,2026-03-01 10:00:00,58,45,87.53,23,1,0
2934,2026-03-01 10:00:00,24,46,46.19,24,2,1
2935,2026-03-01 10:00:00,56,36,133.99,15,5,1
2936,2026-03-01 10:00:00,62,40,75.87,23,4,0
2937,2026-03-01 10:00:00,63,37,138.24,13,2,0
2938,2026-03-01 10:00:00,18,33,85.35,17,3,0
2939,2026-03-01 10:00:00,24,36,168.47,14,2,0
2940,2026-03-01 10:00:00,24,3,129.22,21,3,0
2941,2026-03-01 10:00:00,26,9,152.74,17,1,0
2942,2026-03-01 10:00:00,28,8,111.78,13,2,0
2943,2026-03-01 10:00:00,61,33,139.32,14,0,0
2944,2026-03-01 10:00:00,40,59,117.41,15,2,0
2945,2026-03-01 10:00:00,69,6,123.25,22,0,0
2946,2026-03-01 10:00:00,55,41,140.92,25,3,0
2947,2026-03-01 10:00:00,35,39,72.77,14,3,0
2948,2026-03-01 10:00:00,66,4,149.08,24,2,0
2949,2026-03-01 10:00:00,33,13,82.07,19,5,0
2950,2026-03-01 10:00:00,63,49,55.15,21,5,1
2951,2026-03-01 10:00:00,22,2,186.11,22,3,0
2952,2026-03-01 10:00:00,63,5,92.39,13,2,1
2953,2026-03-01 10:00:00,42,44,224.34,15,3,0
2954,2026-03-01 10:00:00,69,27,147.35,22,2,0
2955,2026-03-01 10:00:00,22,32,176.91,22,1,0
2956,2026-03-01 10:00:00,47,21,94.06,14,3,0
2957,2026-03-01 10:00:00,67,8,66.57,30,1,0
2958,2026-03-01 10:00:00,60,38,72.56,13,3,0
2959,2026-03-01 10:00:00,42,8,164.97,26,2,0
2960,2026-03-01 10:00:00,68,50,105.75,25,3,0
2961,2026-03-01 10:00:00,21,3,110.68,28,2,0
2962,2026-03-01 10:00:00,36,54,60.38,18,2,0
2963,2026-03-01 10:00:00,49,44,93.77,25,2,0
2964,2026-03-01 10:00:00,29,58,111.79,22,6,1
2965,2026-03-01 10:00:00,24,3,118.9,19,3,0
2966,2026-03-01 10:00:00,53,22,133.39,20,4,1
2967,2026-03-01 10:00:00,23,6,99.31,20,2,0
2968,2026-03-01 10:00:00,61,2,90.48,18,2,1
2969,2026-03-01 10:00:00,34,23,182.75,20,1,0
2970,2026-03-01 10:00:00,31,44,80.27,23,0,0
2971,2026-03-01 10:00:00,19,2,82.48,16,3,0
2972,2026-03-01 10:00:00,29,38,148.44,24,0,0
2973,2026-03-01 10:00:00,28,17,36.63,16,2,0
2974,2026-03-01 10:00:00,65,35,91.69,21,6,1
2975,2026-03-01 10:00:00,50,34,153.07,13,4,1
2976,2026-03-01 10:00:00,19,23,205.29,24,3,0
2977,2026-03-01 10:00:00,41,30,64.36,18,2,0
2978,2026-03-01 10:00:00,33,52,111.02,24,6,1
2979,2026-03-01 10:00:00,20,8,107.28,18,4,1
2980,2026-03-01 10:00:00,57,22,96.36,21,5,0
2981,2026-03-01 10:00:00,57,44,126.34,20,1,0
2982,2026-03-01 10:00:00,62,58,93.27,23,1,0
2983,2026-03-01 10:00:00,26,36,101.82,31,2,0
2984,2026-03-01 10:00:00,22,5,152.31,17,2,0
2985,2026-03-01 10:00:00,60,13,83.12,14,2,0
2986,2026-03-01 10:00:00,18,29,133.24,15,1,0
2987,2026-03-01 10:00:00,33,31,149.72,18,1,0
2988,2026-03-01 10:00:00,42,47,75.18,17,3,1
2989,2026-03-01 10:00:00,42,57,174.71,29,3,0
2990,2026-03-01 10:00:00,36,55,158.17,18,2,0
2991,2026-03-01 10:00:00,63,16,63.22,22,1,0
2992,2026-03-01 10:00:00,35,42,196.36,25,3,0
2993,2026-03-01 10:00:00,44,30,200.06,22,1,1
2994,2026-03-01 10:00:00,26,57,104.52,11,0,0
2995,2026-03-01 10:00:00,55,55,109.2,31,2,0
2996,2026-03-01 10:00:00,38,16,103.98,18,2,0
2997,2026-03-01 10:00:00,22,12,121.72,20,3,0
2998,2026-03-01 10:00:00,65,17,74.5,23,2,0
2999,2026-03-01 10:00:00,47,16,107.57,16,2,0
3000,2026-03-01 10:00:00,25,12,126.93,14,3,0
3001,2026-03-01 10:00:00,45,8,48.34,18,2,0
3002,2026-03-01 10:00:00,34,20,161.93,25,2,0
3003,2026-03-01 10:00:00,54,3,50.39,24,0,0
3004,2026-03-01 10:00:00,69,16,117.19,11,1,0
3005,2026-03-01 10:00:00,38,30,114.22,18,1,0
3006,2026-03-01 10:00:00,35,45,164.14,16,0,0
3007,2026-03-01 10:00:00,27,23,137.34,21,4,1
3008,2026-03-01 10:00:00,23,28,99.83,21,1,0
3009,2026-03-01 10:00:00,61,51,116.04,16,3,0
3010,2026-03-01 10:00:00,54,40,186.05,21,2,0
3011,2026-03-01 10:00:00,40,54,148.34,18,2,0
3012,2026-03-01 10:00:00,35,5,181.54,29,4,1
3013,2026-03-01 10:00:00,62,20,147.95,23,1,0
3014,2026-03-01 10:00:00,31,40,165.73,18,2,0
3015,2026-03-01 10:00:00,49,56,192.23,19,2,0
3016,2026-03-01 10:00:00,37,44,183.54,19,2,0
3017,2026-03-01 10:00:00,54,1,117.47,23,1,1
3018,2026-03-01 10:00:00,22,57,105.82,18,1,0
3019,2026-03-01 10:00:00,42,30,56.47,15,2,0
3020,2026-03-01 10:00:00,52,21,122.08,15,4,0
3021,2026-03-01 10:00:00,39,20,66.32,22,3,0
3022,2026-03-01 10:00:00,25,6,63.61,26,2,0
3023,2026-03-01 10:00:00,52,22,137.56,16,0,0
3024,2026-03-01 10:00:00,28,18,114.91,20,1,0
3025,2026-03-01 10:00:00,18,8,51.77,14,5,1
3026,2026-03-01 10:00:00,49,39,152.09,22,1,0
3027,2026-03-01 10:00:00,43,32,153.28,18,0,0
3028,2026-03-01 10:00:00,49,33,101.26,21,0,0
3029,2026-03-01 10:00:00,49,53,159.13,18,6,0
3030,2026-03-01 10:00:00,51,16,135.8,20,3,0
3031,2026-03-01 10:00:00,54,12,147.29,19,2,0
3032,2026-03-01 10:00:00,30,38,129.45,27,0,0
3033,2026-03-01 10:00:00,32,52,164.81,21,1,0
3034,2026-03-01 10:00:00,55,34,107.21,21,1,0
3035,2026-03-01 10:00:00,20,14,140.73,26,2,0
3036,2026-03-01 10:00:00,33,36,80.35,20,3,0
3037,2026-03-01 10:00:00,53,33,136.35,15,0,0
3038,2026-03-01 10:00:00,19,23,30.85,24,2,0
3039,2026-03-01 10:00:00,32,50,137.76,26,4,1
3040,2026-03-01 10:00:00,60,45,185.16,20,3,0
3041,2026-03-01 10:00:00,21,2,141.0,20,0,0
3042,2026-03-01 10:00:00,30,41,115.36,14,2,0
3043,2026-03-01 10:00:00,56,21,115.86,22,4,0
3044,2026-03-01 10:00:00,33,2,184.13,23,1,1
3045,2026-03-01 10:00:00,59,27,142.28,22,0,0
3046,2026-03-01 10:00:00,66,57,108.54,21,0,0
3047,2026-03-01 10:00:00,26,9,145.23,13,1,0
3048,2026-03-01 10:00:00,52,1,119.8,21,3,0
3049,2026-03-01 10:00:00,65,11,149.39,25,1,0
3050,2026-03-01 10:00:00,43,3,99.35,23,3,0
3051,2026-03-01 10:00:00,44,52,103.55,16,3,0
3052,2026-03-01 10:00:00,56,23,94.94,12,0,0
3053,2026-03-01 10:00:00,33,26,105.84,16,1,0
3054,2026-03-01 10:00:00,27,4,90.74,20,1,0
3055,2026-03-01 10:00:00,38,18,184.17,9,2,0
3056,2026-03-01 10:00:00,44,55,163.76,19,1,0
3057,2026-03-01 10:00:00,33,6,54.97,23,0,0
3058,2026-03-01 10:00:00,48,35,39.41,15,2,0
3059,2026-03-01 10:00:00,42,22,122.08,17,4,1
3060,2026-03-01 10:00:00,68,43,85.58,20,3,0
3061,2026-03-01 10:00:00,30,15,74.95,18,3,0
3062,2026-03-01 10:00:00,59,22,211.83,19,2,0
3063,2026-03-01 10:00:00,53,37,101.65,25,3,0
3064,2026-03-01 10:00:00,47,52,73.64,20,3,0
3065,2026-03-01 10:00:00,23,42,67.4,13,2,0
3066,2026-03-01 10:00:00,56,12,195.55,24,1,0
3067,2026-03-01 10:00:00,50,47,104.17,14,1,0
3068,2026-03-01 10:00:00,23,49,139.33,23,2,0
3069,2026-03-01 10:00:00,22,42,136.52,22,1,0
3070,2026-03-01 10:00:00,59,38,109.02,14,3,0
3071,2026-03-01 10:00:00,46,18,204.65,14,2,0
3072,2026-03-01 10:00:00,35,45,102.27,15,2,0
3073,2026-03-01 10:00:00,63,35,62.11,23,2,0
3074,2026-03-01 10:00:00,31,30,62.3,14,2,0
3075,2026-03-01 10:00:00,27,24,125.66,17,1,0
3076,2026-03-01 10:00:00,59,42,171.56,14,0,0
3077,2026-03-01 10:00:00,33,30,126.55,24,0,0
3078,2026-03-01 10:00:00,64,14,65.23,23,1,0
3079,2026-03-01 10:00:00,60,6,110.74,23,2,0
3080,2026-03-01 10:00:00,25,3,72.89,15,3,0
3081,2026-03-01 10:00:00,25,16,95.13,18,1,0
3082,2026-03-01 10:00:00,36,7,84.48,11,1,0
3083,2026-03-01 10:00:00,65,52,79.43,23,1,0
3084,2026-03-01 10:00:00,56,14,90.45,18,2,0
3085,2026-03-01 10:00:00,55,9,92.28,13,3,0
3086,2026-03-01 10:00:00,40,15,101.01,18,1,0
3087,2026-03-01 10:00:00,59,21,96.47,25,2,0
3088,2026-03-01 10:00:00,40,35,169.66,28,4,1
3089,2026-03-01 10:00:00,46,2,73.29,28,1,0
3090,2026-03-01 10:00:00,28,27,53.73,21,2,0
3091,2026-03-01 10:00:00,23,2,131.82,24,2,0
3092,2026-03-01 10:00:00,66,35,119.14,20,3,0
3093,2026-03-01 10:00:00,51,18,66.42,18,2,0
3094,2026-03-01 10:00:00,47,14,192.38,21,0,0
3095,2026-03-01 10:00:00,60,20,126.3,19,1,0
3096,2026-03-01 10:00:00,33,18,170.22,13,0,0
3097,2026-03-01 10:00:00,21,10,120.92,27,3,0
3098,2026-03-01 10:00:00,35,25,172.16,23,0,0
3099,2026-03-01 10:00:00,55,2,193.05,17,5,1
3100,2026-03-01 10:00:00,57,25,65.0,22,1,0
3101,2026-03-01 10:00:00,62,54,73.26,25,1,0
3102,2026-03-01 10:00:00,55,33,106.32,20,3,0
3103,2026-03-01 10:00:00,46,36,121.13,25,2,0
3104,2026-03-01 10:00:00,55,31,155.62,16,2,0
3105,2026-03-01 10:00:00,26,14,127.74,14,4,0
3106,2026-03-01 10:00:00,68,1,124.69,18,2,1
3107,2026-03-01 10:00:00,44,46,124.14,24,1,1
3108,2026-03-01 10:00:00,34,16,163.05,25,2,0
3109,2026-03-01 10:00:00,28,54,105.13,19,4,1
3110,2026-03-01 10:00:00,50,46,168.31,14,3,0
3111,2026-03-01 10:00:00,67,52,131.05,19,0,0
3112,2026-03-01 10:00:00,25,3,119.19,16,2,1
3113,2026-03-01 10:00:00,29,35,73.55,22,2,0
3114,2026-03-01 10:00:00,20,41,134.25,15,2,0
3115,2026-03-01 10:00:00,61,6,104.61,22,1,0
3116,2026-03-01 10:00:00,28,25,122.86,14,0,0
3117,2026-03-01 10:00:00,27,13,97.7,23,2,0
3118,2026-03-01 10:00:00,40,53,158.89,20,4,0
3119,2026-03-01 10:00:00,32,34,168.19,21,3,0
3120,2026-03-01 10:00:00,51,8,90.89,22,2,0
3121,2026-03-01 10:00:00,43,21,122.78,19,1,0
3122,2026-03-01 10:00:00,51,34,81.33,26,3,0
3123,2026-03-01 10:00:00,34,4,88.2,17,2,0
3124,2026-03-01 10:00:00,66,25,109.64,18,2,0
3125,2026-03-01 10:00:00,24,15,156.77,18,4,0
3126,2026-03-01 10:00:00,43,4,62.19,18,1,0
3127,2026-03-01 10:00:00,59,45,86.9,25,0,0
3128,2026-03-01 10:00:00,44,12,134.45,12,3,0
3129,2026-03-01 10:00:00,32,32,69.78,20,1,1
3130,2026-03-01 10:00:00,49,32,166.94,28,2,0
3131,2026-03-01 10:00:00,52,28,156.34,7,2,0
3132,2026-03-01 10:00:00,41,13,143.53,16,2,0
3133,2026-03-01 10:00:00,38,31,122.1,20,2,0
3134,2026-03-01 10:00:00,35,14,78.03,19,3,0
3135,2026-03-01 10:00:00,55,20,69.28,27,1,0
3136,2026-03-01 10:00:00,36,18,77.4,20,0,0
3137,2026-03-01 10:00:00,40,29,138.05,15,3,0
3138,2026-03-01 10:00:00,40,6,84.46,17,1,0
3139,2026-03-01 10:00:00,51,32,122.15,24,2,0
3140,2026-03-01 10:00:00,18,29,42.9,16,2,0
3141,2026-03-01 10:00:00,65,43,121.52,21,2,0
3142,2026-03-01 10:00:00,25,2,112.95,19,2,0
3143,2026-03-01 10:00:00,25,23,102.26,26,1,0
3144,2026-03-01 10:00:00,42,19,127.18,22,4,0
3145,2026-03-01 10:00:00,57,31,192.32,21,2,0
3146,2026-03-01 10:00:00,24,51,130.98,23,2,0
3147,2026-03-01 10:00:00,33,5,98.4,17,1,0
3148,2026-03-01 10:00:00,68,19,75.37,16,3,0
3149,2026-03-01 10:00:00,52,34,90.19,24,5,0
3150,2026-03-01 10:00:00,34,10,114.88,20,1,0
3151,2026-03-01 10:00:00,65,25,132.14,13,0,0
3152,2026-03-01 10:00:00,39,2,105.05,26,2,0
3153,2026-03-01 10:00:00,44,11,78.6,21,2,0
3154,2026-03-01 10:00:00,54,50,60.29,14,3,0
3155,2026-03-01 10:00:00,28,31,114.68,20,0,0
3156,2026-03-01 10:00:00,20,56,90.48,19,0,0
3157,2026-03-01 10:00:00,31,15,129.18,16,4,1
3158,2026-03-01 10:00:00,35,9,98.5,16,2,0
3159,2026-03-01 10:00:00,26,23,68.26,20,1,0
3160,2026-03-01 10:00:00,25,19,80.21,17,0,0
3161,2026-03-01 10:00:00,21,9,173.88,16,2,0
3162,2026-03-01 10:00:00,67,35,162.49,30,2,0
3163,2026-03-01 10:00:00,18,21,168.12,19,4,0
3164,2026-03-01 10:00:00,31,9,143.13,22,3,0
3165,2026-03-01 10:00:00,64,28,140.25,26,2,0
3166,2026-03-01 10:00:00,43,46,126.29,26,2,0
3167,2026-03-01 10:00:00,52,51,159.19,17,1,0
3168,2026-03-01 10:00:00,62,7,126.74,20,0,0
3169,2026-03-01 10:00:00,56,16,165.9,30,3,0
3170,2026-03-01 10:00:00,26,16,171.97,26,3,0
3171,2026-03-01 10:00:00,25,33,105.08,22,3,1
3172,2026-03-01 10:00:00,63,4,153.83,24,1,1
3173,2026-03-01 10:00:00,38,4,99.05,35,3,0
3174,2026-03-01 10:00:00,60,39,115.09,14,2,0
3175,2026-03-01 10:00:00,49,40,89.03,18,3,0
3176,2026-03-01 10:00:00,24,17,155.28,17,1,0
3177,2026-03-01 10:00:00,33,37,128.32,17,1,0
3178,2026-03-01 10:00:00,49,39,141.9,11,2,0
3179,2026-03-01 10:00:00,49,52,160.64,23,2,0
3180,2026-03-01 10:00:00,67,29,98.63,16,2,0
3181,2026-03-01 10:00:00,52,52,104.04,13,5,1
3182,2026-03-01 10:00:00,27,36,134.97,23,6,0
3183,2026-03-01 10:00:00,49,38,109.65,17,0,0
3184,2026-03-01 10:00:00,40,39,120.88,22,2,0
3185,2026-03-01 10:00:00,37,50,172.08,25,2,0
3186,2026-03-01 10:00:00,18,37,78.23,18,3,1
3187,2026-03-01 10:00:00,53,52,86.41,29,3,0
3188,2026-03-01 10:00:00,48,35,104.41,17,1,0
3189,2026-03-01 10:00:00,24,7,140.31,20,2,0
3190,2026-03-01 10:00:00,65,27,123.4,17,1,0
3191,2026-03-01 10:00:00,44,28,151.12,22,1,0
3192,2026-03-01 10:00:00,19,22,113.52,14,3,0
3193,2026-03-01 10:00:00,45,14,131.06,18,2,0
3194,2026-03-01 10:00:00,69,7,146.61,28,1,0
3195,2026-03-01 10:00:00,51,37,128.15,20,0,0
3196,2026-03-01 10:00:00,39,22,97.23,19,1,0
3197,2026-03-01 10:00:00,27,5,183.3,23,1,0
3198,2026-03-01 10:00:00,40,55,190.81,18,3,0
3199,2026-03-01 10:00:00,67,2,168.35,19,1,1
3200,2026-03-01 10:00:00,36,27,88.82,22,2,0
3201,2026-03-01 10:00:00,57,21,133.78,16,3,0
3202,2026-03-01 10:00:00,61,54,150.19,23,0,0
3203,2026-03-01 10:00:00,63,38,135.85,19,2,0
3204,2026-03-01 10:00:00,61,15,100.39,20,0,0
3205,2026-03-01 10:00:00,69,21,135.97,16,0,0
3206,2026-03-01 10:00:00,27,10,101.7,22,3,0
3207,2026-03-01 10:00:00,40,23,55.2,19,3,0
3208,2026-03-01 10:00:00,45,58,164.41,11,1,0
3209,2026-03-01 10:00:00,66,56,170.49,21,1,1
3210,2026-03-01 10:00:00,31,39,130.39,34,3,0
3211,2026-03-01 10:00:00,62,5,20.0,27,5,1
3212,2026-03-01 10:00:00,30,1,181.17,17,1,0
3213,2026-03-01 10:00:00,43,13,97.22,19,1,0
3214,2026-03-01 10:00:00,42,21,71.13,18,2,0
3215,2026-03-01 10:00:00,30,26,79.4,22,2,0
3216,2026-03-01 10:00:00,46,50,122.08,22,2,0
3217,2026-03-01 10:00:00,19,45,143.24,19,0,0
3218,2026-03-01 10:00:00,52,21,132.51,20,1,0
3219,2026-03-01 10:00:00,57,53,117.24,20,1,0
3220,2026-03-01 10:00:00,61,18,178.85,22,1,0
3221,2026-03-01 10:00:00,69,37,119.2,18,2,0
3222,2026-03-01 10:00:00,58,45,111.03,22,2,1
3223,2026-03-01 10:00:00,45,32,134.44,17,1,0
3224,2026-03-01 10:00:00,26,36,97.56,14,4,1
3225,2026-03-01 10:00:00,55,17,55.26,22,5,1
3226,2026-03-01 10:00:00,45,35,123.25,26,0,1
3227,2026-03-01 10:00:00,53,49,138.71,19,1,0
3228,2026-03-01 10:00:00,20,11,110.81,18,2,0
3229,2026-03-01 10:00:00,22,21,133.47,27,2,0
3230,2026-03-01 10:00:00,53,52,110.96,25,1,0
3231,2026-03-01 10:00:00,22,55,98.89,16,2,0
3232,2026-03-01 10:00:00,43,53,100.75,18,2,0
3233,2026-03-01 10:00:00,31,26,96.96,18,1,1
3234,2026-03-01 10:00:00,42,4,54.58,11,0,1
3235,2026-03-01 10:00:00,64,34,140.26,24,1,0
3236,2026-03-01 10:00:00,20,52,69.28,23,2,0
3237,2026-03-01 10:00:00,36,48,213.89,14,1,0
3238,2026-03-01 10:00:00,66,18,43.23,24,2,0
3239,2026-03-01 10:00:00,63,40,101.25,18,2,0
3240,2026-03-01 10:00:00,46,35,201.18,19,1,0
3241,2026-03-01 10:00:00,37,41,109.54,18,1,0
3242,2026-03-01 10:00:00,28,29,91.06,16,2,0
3243,2026-03-01 10:00:00,64,52,66.93,14,1,0
3244,2026-03-01 10:00:00,29,29,122.94,28,3,0
3245,2026-03-01 10:00:00,53,38,77.46,28,3,0
3246,2026-03-01 10:00:00,61,42,119.18,18,3,0
3247,2026-03-01 10:00:00,26,21,160.31,23,4,0
3248,2026-03-01 10:00:00,63,42,102.44,28,3,0
3249,2026-03-01 10:00:00,46,13,150.96,23,5,0
3250,2026-03-01 10:00:00,27,49,112.47,15,2,0
3251,2026-03-01 10:00:00,20,41,181.94,20,1,0
3252,2026-03-01 10:00:00,35,17,157.88,16,6,1
3253,2026-03-01 10:00:00,18,56,179.5,19,0,0
3254,2026-03-01 10:00:00,61,9,132.23,14,2,0
3255,2026-03-01 10:00:00,49,41,179.65,22,7,1
3256,2026-03-01 10:00:00,31,1,97.87,14,4,1
3257,2026-03-01 10:00:00,53,2,112.34,22,5,1
3258,2026-03-01 10:00:00,21,48,141.46,27,1,0
3259,2026-03-01 10:00:00,59,29,71.55,10,2,1
3260,2026-03-01 10:00:00,21,33,106.68,11,0,0
3261,2026-03-01 10:00:00,18,10,133.19,19,1,0
3262,2026-03-01 10:00:00,52,50,99.81,15,2,0
3263,2026-03-01 10:00:00,32,58,184.7,18,2,0
3264,2026-03-01 10:00:00,52,40,146.41,19,3,1
3265,2026-03-01 10:00:00,60,21,140.48,29,0,0
3266,2026-03-01 10:00:00,21,28,93.57,20,0,0
3267,2026-03-01 10:00:00,32,11,159.12,16,4,0
3268,2026-03-01 10:00:00,40,55,59.28,28,2,1
3269,2026-03-01 10:00:00,50,34,134.07,24,2,0
3270,2026-03-01 10:00:00,57,8,162.37,14,3,0
3271,2026-03-01 10:00:00,57,59,120.01,21,2,0
3272,2026-03-01 10:00:00,65,22,68.18,22,1,0
3273,2026-03-01 10:00:00,24,8,133.84,13,5,0
3274,2026-03-01 10:00:00,21,49,55.34,28,2,0
3275,2026-03-01 10:00:00,22,15,61.54,21,1,0
3276,2026-03-01 10:00:00,27,17,179.43,19,5,1
3277,2026-03-01 10:00:00,68,23,157.92,18,0,0
3278,2026-03-01 10:00:00,29,24,47.32,20,3,0
3279,2026-03-01 10:00:00,50,45,74.6,20,0,0
3280,2026-03-01 10:00:00,51,19,149.42,18,1,0
3281,2026-03-01 10:00:00,51,5,165.31,17,7,1
3282,2026-03-01 10:00:00,42,32,126.47,21,1,0
3283,2026-03-01 10:00:00,36,44,100.07,15,3,0
3284,2026-03-01 10:00:00,21,1,139.6,25,2,0
3285,2026-03-01 10:00:00,41,23,170.75,28,1,0
3286,2026-03-01 10:00:00,49,37,99.62,16,3,0
3287,2026-03-01 10:00:00,49,8,162.1,18,2,0
3288,2026-03-01 10:00:00,57,13,90.11,17,0,0
3289,2026-03-01 10:00:00,64,8,85.03,17,3,1
3290,2026-03-01 10:00:00,33,57,143.07,27,2,0
3291,2026-03-01 10:00:00,39,23,154.35,22,2,0
3292,2026-03-01 10:00:00,32,43,140.05,14,5,0
3293,2026-03-01 10:00:00,37,1,111.52,17,3,0
3294,2026-03-01 10:00:00,68,45,133.53,20,1,0
3295,2026-03-01 10:00:00,64,51,119.88,13,4,1
3296,2026-03-01 10:00:00,45,24,126.22,31,2,0
3297,2026-03-01 10:00:00,27,35,153.95,17,3,0
3298,2026-03-01 10:00:00,33,24,81.97,14,1,0
3299,2026-03-01 10:00:00,64,17,152.25,22,1,0
3300,2026-03-01 10:00:00,34,5,180.12,21,1,0
3301,2026-03-01 10:00:00,53,20,87.07,24,1,0
3302,2026-03-01 10:00:00,46,21,171.35,12,2,0
3303,2026-03-01 10:00:00,34,40,128.27,16,2,0
3304,2026-03-01 10:00:00,59,58,144.79,15,3,0
3305,2026-03-01 10:00:00,47,31,67.45,20,2,0
3306,2026-03-01 10:00:00,47,46,146.06,23,1,0
3307,2026-03-01 10:00:00,59,36,33.81,25,2,0
3308,2026-03-01 10:00:00,37,11,72.77,25,2,0
3309,2026-03-01 10:00:00,57,52,60.4,15,3,0
3310,2026-03-01 10:00:00,45,15,79.09,20,2,0
3311,2026-03-01 10:00:00,59,19,97.94,15,4,0
3312,2026-03-01 10:00:00,27,7,120.67,20,3,0
3313,2026-03-01 10:00:00,44,51,40.31,26,2,0
3314,2026-03-01 10:00:00,19,28,136.75,19,2,0
3315,2026-03-01 10:00:00,21,51,107.02,19,2,0
3316,2026-03-01 10:00:00,53,43,154.77,22,3,0
3317,2026-03-01 10:00:00,59,58,142.61,20,0,1
3318,2026-03-01 10:00:00,49,5,155.36,26,3,0
3319,2026-03-01 10:00:00,55,5,117.71,22,4,1
3320,2026-03-01 10:00:00,19,30,138.7,17,1,0
3321,2026-03-01 10:00:00,31,54,125.23,20,1,0
3322,2026-03-01 10:00:00,62,32,136.22,15,4,0
3323,2026-03-01 10:00:00,55,8,111.75,18,0,0
3324,2026-03-01 10:00:00,60,10,24.14,18,1,0
3325,2026-03-01 10:00:00,68,38,142.61,23,1,0
3326,2026-03-01 10:00:00,44,47,133.52,20,1,0
3327,2026-03-01 10:00:00,31,32,144.63,27,0,0
3328,2026-03-01 10:00:00,66,48,114.77,22,4,1
3329,2026-03-01 10:00:00,18,28,182.36,20,3,1
3330,2026-03-01 10:00:00,40,17,115.0,26,1,0
3331,2026-03-01 10:00:00,55,31,115.28,30,2,0
3332,2026-03-01 10:00:00,31,8,126.87,24,0,0
3333,2026-03-01 10:00:00,63,40,144.82,17,2,0
3334,2026-03-01 10:00:00,26,25,79.19,14,0,0
3335,2026-03-01 10:00:00,39,9,163.61,26,6,0
3336,2026-03-01 10:00:00,51,2,137.55,15,2,1
3337,2026-03-01 10:00:00,59,15,189.27,15,1,0
3338,2026-03-01 10:00:00,62,50,132.67,27,0,0
3339,2026-03-01 10:00:00,31,3,126.94,22,0,0
3340,2026-03-01 10:00:00,30,49,69.48,9,1,1
3341,2026-03-01 10:00:00,52,36,116.73,19,1,0
3342,2026-03-01 10:00:00,68,4,75.1,28,2,1
3343,2026-03-01 10:00:00,34,14,40.55,19,1,0
3344,2026-03-01 10:00:00,50,41,45.52,21,3,0
3345,2026-03-01 10:00:00,43,41,90.72,23,1,0
3346,2026-03-01 10:00:00,35,25,103.04,22,3,0
3347,2026-03-01 10:00:00,45,58,111.17,26,0,0
3348,2026-03-01 10:00:00,34,55,144.67,30,3,0
3349,2026-03-01 10:00:00,66,50,58.5,20,1,0
3350,2026-03-01 10:00:00,20,10,47.42,18,3,0
3351,2026-03-01 10:00:00,58,21,109.64,24,3,0
3352,2026-03-01 10:00:00,39,36,107.23,23,3,0
3353,2026-03-01 10:00:00,66,12,119.93,17,2,0
3354,2026-03-01 10:00:00,33,27,107.11,27,1,0
3355,2026-03-01 10:00:00,45,40,62.28,25,3,0
3356,2026-03-01 10:00:00,30,2,130.94,16,2,0
3357,2026-03-01 10:00:00,66,54,189.88,19,6,1
3358,2026-03-01 10:00:00,21,13,91.83,12,2,0
3359,2026-03-01 10:00:00,39,53,90.12,13,3,0
3360,2026-03-01 10:00:00,69,32,65.83,21,4,0
3361,2026-03-01 10:00:00,61,31,150.56,20,3,1
3362,2026-03-01 10:00:00,20,16,184.43,21,0,0
3363,2026-03-01 10:00:00,33,32,164.24,25,5,0
3364,2026-03-01 10:00:00,48,32,120.74,24,2,0
3365,2026-03-01 10:00:00,23,34,121.88,15,2,0
3366,2026-03-01 10:00:00,59,11,89.09,16,3,0
3367,2026-03-01 10:00:00,66,10,77.34,7,0,1
3368,2026-03-01 10:00:00,64,15,158.07,12,1,0
3369,2026-03-01 10:00:00,39,17,119.5,17,1,0
3370,2026-03-01 10:00:00,41,40,45.97,23,2,1
3371,2026-03-01 10:00:00,26,18,84.74,18,3,0
3372,2026-03-01 10:00:00,29,55,46.34,31,3,0
3373,2026-03-01 10:00:00,56,9,80.88,24,1,0
3374,2026-03-01 10:00:00,31,25,178.78,18,5,0
3375,2026-03-01 10:00:00,63,40,149.81,23,1,0
3376,2026-03-01 10:00:00,58,59,120.39,24,3,0
3377,2026-03-01 10:00:00,53,14,142.57,17,1,0
3378,2026-03-01 10:00:00,41,58,146.06,21,3,0
3379,2026-03-01 10:00:00,58,25,116.06,27,4,1
3380,2026-03-01 10:00:00,33,50,163.21,19,1,0
3381,2026-03-01 10:00:00,47,22,97.74,19,3,0
3382,2026-03-01 10:00:00,43,52,125.3,14,0,0
3383,2026-03-01 10:00:00,39,30,123.8,24,0,1
3384,2026-03-01 10:00:00,66,20,121.28,18,2,0
3385,2026-03-01 10:00:00,30,21,167.03,23,0,0
3386,2026-03-01 10:00:00,58,44,131.04,21,0,0
3387,2026-03-01 10:00:00,43,32,89.01,24,2,0
3388,2026-03-01 10:00:00,64,51,154.63,14,1,0
3389,2026-03-01 10:00:00,31,46,186.67,20,0,0
3390,2026-03-01 10:00:00,51,49,146.69,21,1,0
3391,2026-03-01 10:00:00,57,56,159.46,20,0,0
3392,2026-03-01 10:00:00,64,21,56.66,20,3,0
3393,2026-03-01 10:00:00,65,35,130.87,17,1,0
3394,2026-03-01 10:00:00,46,58,106.61,15,0,0
3395,2026-03-01 10:00:00,43,32,75.16,28,2,0
3396,2026-03-01 10:00:00,63,30,76.55,26,2,0
3397,2026-03-01 10:00:00,50,55,154.85,20,1,0
3398,2026-03-01 10:00:00,35,39,148.12,18,4,0
3399,2026-03-01 10:00:00,33,49,84.66,29,3,0
3400,2026-03-01 10:00:00,36,12,168.58,18,4,1
3401,2026-03-01 10:00:00,32,41,126.8,19,0,0
3402,2026-03-01 10:00:00,37,47,150.04,19,2,0
3403,2026-03-01 10:00:00,37,18,64.76,20,2,0
3404,2026-03-01 10:00:00,22,21,69.39,15,1,0
3405,2026-03-01 10:00:00,62,13,67.32,16,1,0
3406,2026-03-01 10:00:00,34,21,163.62,28,1,0
3407,2026-03-01 10:00:00,36,8,100.62,15,3,0
3408,2026-03-01 10:00:00,65,46,149.2,18,1,1
3409,2026-03-01 10:00:00,39,40,228.62,19,0,0
3410,2026-03-01 10:00:00,42,46,57.09,21,3,0
3411,2026-03-01 10:00:00,41,7,120.51,12,1,0
3412,2026-03-01 10:00:00,52,23,91.69,16,1,0
3413,2026-03-01 10:00:00,50,44,161.58,18,4,0
3414,2026-03-01 10:00:00,55,32,111.67,23,5,1
3415,2026-03-01 10:00:00,45,11,163.83,25,3,0
3416,2026-03-01 10:00:00,53,22,122.72,26,3,0
3417,2026-03-01 10:00:00,48,22,62.49,19,1,0
3418,2026-03-01 10:00:00,31,43,104.25,14,0,0
3419,2026-03-01 10:00:00,56,25,140.59,17,4,1
3420,2026-03-01 10:00:00,67,22,119.88,15,0,0
3421,2026-03-01 10:00:00,57,28,80.97,17,6,1
3422,2026-03-01 10:00:00,63,29,125.58,18,1,0
3423,2026-03-01 10:00:00,25,13,41.19,16,2,0
3424,2026-03-01 10:00:00,20,18,32.45,34,1,0
3425,2026-03-01 10:00:00,55,2,156.47,20,3,0
3426,2026-03-01 10:00:00,59,29,166.32,25,2,0
3427,2026-03-01 10:00:00,26,21,181.61,19,2,0
3428,2026-03-01 10:00:00,66,15,172.55,19,2,0
3429,2026-03-01 10:00:00,52,52,93.61,15,0,0
3430,2026-03-01 10:00:00,28,27,140.97,22,2,0
3431,2026-03-01 10:00:00,24,50,121.6,18,1,1
3432,2026-03-01 10:00:00,37,31,136.68,21,4,0
3433,2026-03-01 10:00:00,58,15,143.31,22,2,0
3434,2026-03-01 10:00:00,54,51,185.46,25,2,0
3435,2026-03-01 10:00:00,36,23,129.24,16,0,0
3436,2026-03-01 10:00:00,64,24,159.75,27,2,0
3437,2026-03-01 10:00:00,64,44,122.07,19,0,0
3438,2026-03-01 10:00:00,29,13,81.89,23,0,0
3439,2026-03-01 10:00:00,38,22,108.05,21,2,0
3440,2026-03-01 10:00:00,66,43,110.6,28,3,0
3441,2026-03-01 10:00:00,29,37,69.01,24,3,0
3442,2026-03-01 10:00:00,53,33,66.52,18,1,0
3443,2026-03-01 10:00:00,58,56,156.6,20,3,0
3444,2026-03-01 10:00:00,31,3,140.44,17,2,1
3445,2026-03-01 10:00:00,38,54,139.9,28,1,0
3446,2026-03-01 10:00:00,36,19,163.03,13,1,0
3447,2026-03-01 10:00:00,63,23,151.58,21,5,1
3448,2026-03-01 10:00:00,44,29,179.37,26,1,0
3449,2026-03-01 10:00:00,38,30,101.09,21,4,0
3450,2026-03-01 10:00:00,64,39,160.39,26,3,0
3451,2026-03-01 10:00:00,35,44,91.53,28,2,0
3452,2026-03-01 10:00:00,55,47,95.41,23,3,0
3453,2026-03-01 10:00:00,31,25,63.78,23,1,1
3454,2026-03-01 10:00:00,25,37,142.15,18,1,0
3455,2026-03-01 10:00:00,65,47,153.51,14,4,1
3456,2026-03-01 10:00:00,55,8,109.63,18,2,0
3457,2026-03-01 10:00:00,22,42,80.84,18,4,1
3458,2026-03-01 10:00:00,24,58,172.82,12,6,0
3459,2026-03-01 10:00:00,39,16,125.69,25,2,0
3460,2026-03-01 10:00:00,52,8,114.04,24,3,0
3461,2026-03-01 10:00:00,59,1,159.34,21,1,0
3462,2026-03-01 10:00:00,21,44,200.38,18,1,0
3463,2026-03-01 10:00:00,45,5,128.18,23,2,0
3464,2026-03-01 10:00:00,30,3,143.74,23,3,0
3465,2026-03-01 10:00:00,58,1,157.28,13,2,0
3466,2026-03-01 10:00:00,29,4,80.36,21,0,0
3467,2026-03-01 10:00:00,50,40,34.9,24,0,1
3468,2026-03-01 10:00:00,54,35,135.6,15,3,1
3469,2026-03-01 10:00:00,34,32,137.76,17,1,0
3470,2026-03-01 10:00:00,20,42,124.14,23,0,0
3471,2026-03-01 10:00:00,44,34,143.01,16,5,1
3472,2026-03-01 10:00:00,23,43,150.13,21,2,0
3473,2026-03-01 10:00:00,29,25,104.92,27,2,0
3474,2026-03-01 10:00:00,62,10,123.62,23,0,0
3475,2026-03-01 10:00:00,34,21,65.01,10,3,0
3476,2026-03-01 10:00:00,69,46,159.58,23,1,0
3477,2026-03-01 10:00:00,69,39,146.98,21,3,0
3478,2026-03-01 10:00:00,57,27,80.27,24,3,0
3479,2026-03-01 10:00:00,36,27,100.2,24,2,0
3480,2026-03-01 10:00:00,21,2,117.86,17,0,0
3481,2026-03-01 10:00:00,55,41,125.5,15,2,0
3482,2026-03-01 10:00:00,35,48,91.66,15,4,1
3483,2026-03-01 10:00:00,55,13,133.06,23,0,0
3484,2026-03-01 10:00:00,24,9,165.83,19,2,0
3485,2026-03-01 10:00:00,41,52,75.22,27,3,0
3486,2026-03-01 10:00:00,53,36,39.05,19,1,0
3487,2026-03-01 10:00:00,62,22,154.71,15,1,0
3488,2026-03-01 10:00:00,62,42,111.25,19,1,0
3489,2026-03-01 10:00:00,41,26,105.64,20,1,0
3490,2026-03-01 10:00:00,69,58,77.87,21,2,0
3491,2026-03-01 10:00:00,36,54,151.3,17,1,0
3492,2026-03-01 10:00:00,53,12,52.71,23,0,0
3493,2026-03-01 10:00:00,36,17,127.04,20,2,1
3494,2026-03-01 10:00:00,40,14,197.76,19,2,0
3495,2026-03-01 10:00:00,32,14,139.87,26,4,1
3496,2026-03-01 10:00:00,38,57,167.84,34,1,0
3497,2026-03-01 10:00:00,61,34,157.44,21,2,0
3498,2026-03-01 10:00:00,35,53,145.53,20,1,0
3499,2026-03-01 10:00:00,39,57,74.32,15,3,0
3500,2026-03-01 10:00:00,64,20,165.31,26,3,0
3501,2026-03-01 10:00:00,41,11,40.47,22,1,0
3502,2026-03-01 10:00:00,28,16,122.71,16,3,0
3503,2026-03-01 10:00:00,28,51,76.54,23,2,0
3504,2026-03-01 10:00:00,61,31,105.44,25,1,0
3505,2026-03-01 10:00:00,46,55,54.91,13,2,0
3506,2026-03-01 10:00:00,23,6,120.87,19,0,0
3507,2026-03-01 10:00:00,45,56,84.47,25,1,0
3508,2026-03-01 10:00:00,39,19,119.68,11,1,0
3509,2026-03-01 10:00:00,19,37,99.07,23,3,0
3510,2026-03-01 10:00:00,68,58,123.42,22,1,1
3511,2026-03-01 10:00:00,50,4,49.86,16,3,0
3512,2026-03-01 10:00:00,40,47,42.15,22,0,1
3513,2026-03-01 10:00:00,43,4,137.66,18,1,0
3514,2026-03-01 10:00:00,23,20,88.88,18,1,0
3515,2026-03-01 10:00:00,22,10,112.19,12,1,0
3516,2026-03-01 10:00:00,34,24,161.54,18,3,0
3517,2026-03-01 10:00:00,35,54,68.64,19,1,0
3518,2026-03-01 10:00:00,64,35,130.2,19,4,0
3519,2026-03-01 10:00:00,22,26,174.57,27,2,0
3520,2026-03-01 10:00:00,46,37,184.4,20,2,0
3521,2026-03-01 10:00:00,49,38,81.28,20,2,0
3522,2026-03-01 10:00:00,52,21,129.11,17,1,1
3523,2026-03-01 10:00:00,26,54,134.91,14,2,0
3524,2026-03-01 10:00:00,28,40,85.65,24,1,0
3525,2026-03-01 10:00:00,35,39,127.76,20,4,1
3526,2026-03-01 10:00:00,48,21,90.88,20,3,0
3527,2026-03-01 10:00:00,53,10,46.29,18,4,1
3528,2026-03-01 10:00:00,67,38,116.15,20,8,0
3529,2026-03-01 10:00:00,18,46,143.08,23,2,0
3530,2026-03-01 10:00:00,47,4,104.07,19,1,0
3531,2026-03-01 10:00:00,25,57,197.29,20,2,1
3532,2026-03-01 10:00:00,43,45,79.87,26,2,0
3533,2026-03-01 10:00:00,55,20,137.87,27,2,0
3534,2026-03-01 10:00:00,33,17,44.53,32,3,0
3535,2026-03-01 10:00:00,19,55,95.96,16,2,0
3536,2026-03-01 10:00:00,49,7,164.09,22,1,1
3537,2026-03-01 10:00:00,64,4,73.19,27,1,0
3538,2026-03-01 10:00:00,46,29,35.66,18,2,0
3539,2026-03-01 10:00:00,18,14,55.19,19,0,0
3540,2026-03-01 10:00:00,21,3,152.75,24,4,1
3541,2026-03-01 10:00:00,46,24,193.56,23,3,0
3542,2026-03-01 10:00:00,49,37,36.58,18,6,1
3543,2026-03-01 10:00:00,46,16,152.09,18,1,0
3544,2026-03-01 10:00:00,67,58,96.63,13,3,0
3545,2026-03-01 10:00:00,54,55,153.39,17,2,0
3546,2026-03-01 10:00:00,68,52,97.57,21,2,0
3547,2026-03-01 10:00:00,58,4,161.18,19,5,1
3548,2026-03-01 10:00:00,21,56,109.77,27,1,0
3549,2026-03-01 10:00:00,22,24,61.59,14,1,0
3550,2026-03-01 10:00:00,33,34,84.95,20,2,1
3551,2026-03-01 10:00:00,45,30,88.82,21,2,0
3552,2026-03-01 10:00:00,36,18,78.53,23,1,0
3553,2026-03-01 10:00:00,59,19,145.19,26,2,0
3554,2026-03-01 10:00:00,29,31,89.66,29,0,0
3555,2026-03-01 10:00:00,30,19,117.97,20,1,0
3556,2026-03-01 10:00:00,65,49,129.51,16,0,0
3557,2026-03-01 10:00:00,53,46,166.61,22,2,0
3558,2026-03-01 10:00:00,38,19,63.49,21,1,0
3559,2026-03-01 10:00:00,37,22,96.36,27,2,0
3560,2026-03-01 10:00:00,54,24,116.36,20,1,0
3561,2026-03-01 10:00:00,37,45,164.42,18,2,0
3562,2026-03-01 10:00:00,36,12,96.97,20,4,1
3563,2026-03-01 10:00:00,47,30,115.8,29,1,0
3564,2026-03-01 10:00:00,33,58,112.49,19,2,1
3565,2026-03-01 10:00:00,21,38,108.83,17,0,0
3566,2026-03-01 10:00:00,28,53,199.29,28,2,0
3567,2026-03-01 10:00:00,30,31,173.14,25,1,0
3568,2026-03-01 10:00:00,39,36,149.48,17,3,0
3569,2026-03-01 10:00:00,36,19,163.33,20,2,0
3570,2026-03-01 10:00:00,46,48,127.77,15,0,0
3571,2026-03-01 10:00:00,28,45,86.13,23,1,0
3572,2026-03-01 10:00:00,67,36,147.12,15,0,0
3573,2026-03-01 10:00:00,69,30,49.15,18,2,0
3574,2026-03-01 10:00:00,26,55,174.27,11,1,0
3575,2026-03-01 10:00:00,52,49,85.82,17,3,0
3576,2026-03-01 10:00:00,47,55,68.22,30,4,0
3577,2026-03-01 10:00:00,38,33,86.52,24,4,0
3578,2026-03-01 10:00:00,18,18,147.29,18,3,0
3579,2026-03-01 10:00:00,21,52,172.73,22,4,0
3580,2026-03-01 10:00:00,44,49,178.53,23,0,0
3581,2026-03-01 10:00:00,66,59,121.25,18,3,0
3582,2026-03-01 10:00:00,64,28,50.69,17,0,0
3583,2026-03-01 10:00:00,34,59,132.35,14,3,0
3584,2026-03-01 10:00:00,60,47,135.33,20,2,0
3585,2026-03-01 10:00:00,64,11,190.31,29,3,0
3586,2026-03-01 10:00:00,30,57,156.22,23,3,0
3587,2026-03-01 10:00:00,58,54,63.58,21,3,0
3588,2026-03-01 10:00:00,69,45,59.27,21,2,0
3589,2026-03-01 10:00:00,57,33,159.56,15,1,0
3590,2026-03-01 10:00:00,44,17,66.91,23,1,0
3591,2026-03-01 10:00:00,59,6,183.88,14,3,0
3592,2026-03-01 10:00:00,49,4,157.03,17,1,0
3593,2026-03-01 10:00:00,60,20,96.49,28,0,0
3594,2026-03-01 10:00:00,27,48,117.78,16,0,0
3595,2026-03-01 10:00:00,54,47,59.98,14,2,0
3596,2026-03-01 10:00:00,24,27,115.16,13,4,0
3597,2026-03-01 10:00:00,28,15,91.42,17,1,0
3598,2026-03-01 10:00:00,58,6,122.52,20,2,1
3599,2026-03-01 10:00:00,65,47,97.41,23,2,0
3600,2026-03-01 10:00:00,32,14,131.93,18,3,0
3601,2026-03-01 10:00:00,18,11,161.59,18,2,0
3602,2026-03-01 10:00:00,34,39,65.42,21,4,0
3603,2026-03-01 10:00:00,19,9,76.69,11,3,0
3604,2026-03-01 10:00:00,69,26,181.63,30,2,0
3605,2026-03-01 10:00:00,57,16,164.69,17,2,0
3606,2026-03-01 10:00:00,46,5,50.6,16,2,0
3607,2026-03-01 10:00:00,65,57,87.89,24,0,0
3608,2026-03-01 10:00:00,18,52,239.4,23,0,0
3609,2026-03-01 10:00:00,56,10,164.36,18,6,0
3610,2026-03-01 10:00:00,58,50,104.61,13,3,1
3611,2026-03-01 10:00:00,22,3,120.18,19,3,0
3612,2026-03-01 10:00:00,60,13,74.52,17,1,0
3613,2026-03-01 10:00:00,64,43,158.88,20,3,0
3614,2026-03-01 10:00:00,66,49,127.32,21,1,1
3615,2026-03-01 10:00:00,34,30,80.65,19,1,0
3616,2026-03-01 10:00:00,67,54,82.16,20,2,0
3617,2026-03-01 10:00:00,34,45,95.73,15,4,0
3618,2026-03-01 10:00:00,47,6,153.71,23,3,0
3619,2026-03-01 10:00:00,56,17,121.34,22,0,0
3620,2026-03-01 10:00:00,28,59,93.17,17,2,0
3621,2026-03-01 10:00:00,60,45,95.63,21,1,0
3622,2026-03-01 10:00:00,52,51,138.22,13,3,0
3623,2026-03-01 10:00:00,37,53,92.22,26,2,1
3624,2026-03-01 10:00:00,29,19,170.04,25,0,0
3625,2026-03-01 10:00:00,57,42,78.7,18,1,0
3626,2026-03-01 10:00:00,23,35,93.68,19,1,0
3627,2026-03-01 10:00:00,20,46,107.94,21,1,0
3628,2026-03-01 10:00:00,23,26,141.68,13,1,0
3629,2026-03-01 10:00:00,58,51,156.24,10,1,0
3630,2026-03-01 10:00:00,66,5,78.5,19,3,0
3631,2026-03-01 10:00:00,59,29,124.66,23,2,0
3632,2026-03-01 10:00:00,54,37,143.21,18,3,0
3633,2026-03-01 10:00:00,39,20,126.78,20,4,0
3634,2026-03-01 10:00:00,19,49,138.96,31,3,0
3635,2026-03-01 10:00:00,38,21,145.15,23,1,0
3636,2026-03-01 10:00:00,26,10,88.86,19,1,0
3637,2026-03-01 10:00:00,55,5,78.2,14,5,1
3638,2026-03-01 10:00:00,55,36,75.5,18,0,0
3639,2026-03-01 10:00:00,34,6,95.69,21,1,0
3640,2026-03-01 10:00:00,69,26,151.12,18,4,0
3641,2026-03-01 10:00:00,20,4,137.37,18,2,0
3642,2026-03-01 10:00:00,52,39,76.61,20,4,0
3643,2026-03-01 10:00:00,36,39,55.47,14,2,0
3644,2026-03-01 10:00:00,45,50,82.27,16,3,0
3645,2026-03-01 10:00:00,37,35,123.9,24,2,0
3646,2026-03-01 10:00:00,22,1,75.96,23,2,0
3647,2026-03-01 10:00:00,41,24,191.68,12,1,1
3648,2026-03-01 10:00:00,27,57,146.66,21,2,0
3649,2026-03-01 10:00:00,48,36,103.46,27,2,0
3650,2026-03-01 10:00:00,63,6,174.55,16,3,0
3651,2026-03-01 10:00:00,65,41,90.64,23,1,0
3652,2026-03-01 10:00:00,39,54,122.61,17,1,0
3653,2026-03-01 10:00:00,40,46,78.57,20,2,0
3654,2026-03-01 10:00:00,68,44,110.68,21,4,0
3655,2026-03-01 10:00:00,58,57,117.17,16,2,0
3656,2026-03-01 10:00:00,40,31,107.51,27,2,0
3657,2026-03-01 10:00:00,49,20,70.54,19,2,0
3658,2026-03-01 10:00:00,26,24,101.0,23,4,1
3659,2026-03-01 10:00:00,42,25,87.15,28,7,0
3660,2026-03-01 10:00:00,46,36,117.28,17,0,0
3661,2026-03-01 10:00:00,64,21,119.29,19,1,0
3662,2026-03-01 10:00:00,42,30,119.67,19,2,0
3663,2026-03-01 10:00:00,31,24,80.94,20,1,0
3664,2026-03-01 10:00:00,21,44,155.15,24,1,0
3665,2026-03-01 10:00:00,59,42,158.83,15,0,0
3666,2026-03-01 10:00:00,22,30,178.53,24,6,0
3667,2026-03-01 10:00:00,31,22,92.92,23,1,0
3668,2026-03-01 10:00:00,18,28,145.33,16,1,0
3669,2026-03-01 10:00:00,47,7,61.04,12,1,0
3670,2026-03-01 10:00:00,44,35,116.09,16,2,0
3671,2026-03-01 10:00:00,38,55,133.95,20,2,0
3672,2026-03-01 10:00:00,44,28,155.54,23,3,0
3673,2026-03-01 10:00:00,56,14,110.88,23,1,0
3674,2026-03-01 10:00:00,28,56,91.8,22,1,0
3675,2026-03-01 10:00:00,69,10,100.63,19,1,0
3676,2026-03-01 10:00:00,59,16,162.58,30,0,0
3677,2026-03-01 10:00:00,62,16,58.56,27,0,0
3678,2026-03-01 10:00:00,18,54,65.55,17,1,0
3679,2026-03-01 10:00:00,54,31,69.53,22,1,0
3680,2026-03-01 10:00:00,67,42,172.36,22,3,0
3681,2026-03-01 10:00:00,55,25,92.38,28,2,0
3682,2026-03-01 10:00:00,44,13,85.76,20,3,0
3683,2026-03-01 10:00:00,21,6,113.59,21,2,0
3684,2026-03-01 10:00:00,19,44,124.77,18,4,0
3685,2026-03-01 10:00:00,19,9,41.89,12,0,0
3686,2026-03-01 10:00:00,67,45,67.6,21,3,0
3687,2026-03-01 10:00:00,30,36,92.4,23,1,0
3688,2026-03-01 10:00:00,62,56,123.58,17,4,1
3689,2026-03-01 10:00:00,47,43,78.06,17,0,0
3690,2026-03-01 10:00:00,49,20,122.56,25,2,0
3691,2026-03-01 10:00:00,50,18,139.66,11,2,0
3692,2026-03-01 10:00:00,38,58,25.72,16,2,1
3693,2026-03-01 10:00:00,69,43,87.31,24,2,0
3694,2026-03-01 10:00:00,22,57,107.57,24,2,0
3695,2026-03-01 10:00:00,63,21,102.05,20,1,0
3696,2026-03-01 10:00:00,38,4,95.37,22,3,0
3697,2026-03-01 10:00:00,31,50,149.09,28,3,0
3698,2026-03-01 10:00:00,19,33,134.24,20,2,0
3699,2026-03-01 10:00:00,42,27,130.7,12,1,0
3700,2026-03-01 10:00:00,24,7,84.32,16,1,0
3701,2026-03-01 10:00:00,36,6,149.25,17,2,0
3702,2026-03-01 10:00:00,28,15,180.59,19,4,0
3703,2026-03-01 10:00:00,20,18,65.12,16,1,0
3704,2026-03-01 10:00:00,35,32,74.48,22,4,0
3705,2026-03-01 10:00:00,63,56,133.23,18,0,0
3706,2026-03-01 10:00:00,53,11,91.8,19,2,0
3707,2026-03-01 10:00:00,58,20,128.81,19,3,1
3708,2026-03-01 10:00:00,37,24,143.4,9,0,1
3709,2026-03-01 10:00:00,66,15,122.37,18,2,0
3710,2026-03-01 10:00:00,22,48,76.18,26,1,0
3711,2026-03-01 10:00:00,19,7,195.61,17,3,0
3712,2026-03-01 10:00:00,46,21,92.86,28,5,0
3713,2026-03-01 10:00:00,63,42,172.11,20,4,0
3714,2026-03-01 10:00:00,62,26,113.29,15,1,0
3715,2026-03-01 10:00:00,57,44,179.59,23,2,0
3716,2026-03-01 10:00:00,44,56,99.34,22,0,0
3717,2026-03-01 10:00:00,27,14,151.45,18,0,0
3718,2026-03-01 10:00:00,69,57,159.19,20,1,0
3719,2026-03-01 10:00:00,58,37,100.19,11,3,0
3720,2026-03-01 10:00:00,26,58,152.39,20,4,0
3721,2026-03-01 10:00:00,50,21,108.09,26,2,0
3722,2026-03-01 10:00:00,35,18,127.48,24,2,0
3723,2026-03-01 10:00:00,56,5,72.3,21,1,0
3724,2026-03-01 10:00:00,66,3,87.72,16,1,0
3725,2026-03-01 10:00:00,20,23,153.93,16,1,0
3726,2026-03-01 10:00:00,31,26,129.41,25,3,0
3727,2026-03-01 10:00:00,28,37,155.09,24,4,0
3728,2026-03-01 10:00:00,62,24,122.77,22,3,0
3729,2026-03-01 10:00:00,37,49,128.51,22,1,0
3730,2026-03-01 10:00:00,66,19,143.78,16,0,0
3731,2026-03-01 10:00:00,69,51,58.78,23,2,0
3732,2026-03-01 10:00:00,60,25,120.22,17,3,0
3733,2026-03-01 10:00:00,57,21,121.11,14,1,0
3734,2026-03-01 10:00:00,42,12,121.64,25,2,0
3735,2026-03-01 10:00:00,63,57,169.62,17,5,1
3736,2026-03-01 10:00:00,49,41,71.22,21,2,0
3737,2026-03-01 10:00:00,66,33,85.26,20,1,0
3738,2026-03-01 10:00:00,41,50,129.84,24,3,0
3739,2026-03-01 10:00:00,31,53,121.81,25,4,1
3740,2026-03-01 10:00:00,23,4,171.85,25,0,0
3741,2026-03-01 10:00:00,43,42,128.67,19,4,1
3742,2026-03-01 10:00:00,40,57,170.75,21,2,0
3743,2026-03-01 10:00:00,51,7,116.35,20,2,0
3744,2026-03-01 10:00:00,67,22,71.93,11,1,0
3745,2026-03-01 10:00:00,55,55,107.56,21,1,0
3746,2026-03-01 10:00:00,44,33,137.42,19,1,0
3747,2026-03-01 10:00:00,57,17,111.24,19,2,0
3748,2026-03-01 10:00:00,38,24,81.04,24,1,0
3749,2026-03-01 10:00:00,61,34,143.9,17,5,1
3750,2026-03-01 10:00:00,18,28,156.16,25,0,0
3751,2026-03-01 10:00:00,59,58,139.36,22,1,0
3752,2026-03-01 10:00:00,18,43,97.9,16,4,0
3753,2026-03-01 10:00:00,21,41,85.05,27,2,0
3754,2026-03-01 10:00:00,27,39,145.03,19,3,0
3755,2026-03-01 10:00:00,59,22,91.73,20,2,0
3756,2026-03-01 10:00:00,28,49,150.79,18,2,0
3757,2026-03-01 10:00:00,21,17,50.29,23,3,0
3758,2026-03-01 10:00:00,66,34,106.07,25,1,0
3759,2026-03-01 10:00:00,43,6,46.44,25,2,0
3760,2026-03-01 10:00:00,25,46,101.89,22,1,0
3761,2026-03-01 10:00:00,63,6,163.71,21,3,0
3762,2026-03-01 10:00:00,64,34,143.02,18,1,0
3763,2026-03-01 10:00:00,66,1,117.88,20,1,1
3764,2026-03-01 10:00:00,23,10,109.52,18,2,1
3765,2026-03-01 10:00:00,40,21,32.08,18,2,1
3766,2026-03-01 10:00:00,21,5,59.22,24,1,1
3767,2026-03-01 10:00:00,68,2,129.78,21,3,1
3768,2026-03-01 10:00:00,43,22,167.13,18,4,0
3769,2026-03-01 10:00:00,68,48,130.44,16,4,0
3770,2026-03-01 10:00:00,61,57,126.18,14,4,0
3771,2026-03-01 10:00:00,63,2,211.24,21,1,0
3772,2026-03-01 10:00:00,43,10,110.42,16,2,0
3773,2026-03-01 10:00:00,44,34,47.21,24,1,0
3774,2026-03-01 10:00:00,25,16,107.24,24,3,0
3775,2026-03-01 10:00:00,39,48,93.82,24,3,0
3776,2026-03-01 10:00:00,55,51,177.74,19,2,0
3777,2026-03-01 10:00:00,25,39,172.69,26,0,0
3778,2026-03-01 10:00:00,40,22,119.62,18,2,0
3779,2026-03-01 10:00:00,29,12,130.52,30,4,0
3780,2026-03-01 10:00:00,36,24,145.33,17,0,0
3781,2026-03-01 10:00:00,37,47,156.79,17,1,0
3782,2026-03-01 10:00:00,50,40,127.6,28,4,0
3783,2026-03-01 10:00:00,27,38,132.74,19,1,0
3784,2026-03-01 10:00:00,28,59,127.71,19,2,0
3785,2026-03-01 10:00:00,51,10,106.32,14,1,0
3786,2026-03-01 10:00:00,24,35,150.6,29,3,0
3787,2026-03-01 10:00:00,37,51,135.96,13,3,1
3788,2026-03-01 10:00:00,23,49,90.86,24,1,0
3789,2026-03-01 10:00:00,38,32,148.1,19,3,0
3790,2026-03-01 10:00:00,67,7,116.03,21,0,0
3791,2026-03-01 10:00:00,51,21,162.77,17,2,0
3792,2026-03-01 10:00:00,45,20,137.75,21,0,0
3793,2026-03-01 10:00:00,29,26,120.01,17,2,0
3794,2026-03-01 10:00:00,39,4,43.61,22,1,0
3795,2026-03-01 10:00:00,18,46,59.11,28,2,0
3796,2026-03-01 10:00:00,68,52,238.6,28,1,0
3797,2026-03-01 10:00:00,31,22,122.27,18,2,0
3798,2026-03-01 10:00:00,54,15,145.31,17,0,0
3799,2026-03-01 10:00:00,45,56,138.15,14,3,0
3800,2026-03-01 10:00:00,55,40,205.98,25,1,0
3801,2026-03-01 10:00:00,23,21,138.84,23,2,1
3802,2026-03-01 10:00:00,24,15,131.31,29,3,0
3803,2026-03-01 10:00:00,48,22,161.05,19,3,0
3804,2026-03-01 10:00:00,21,52,122.09,28,0,0
3805,2026-03-01 10:00:00,68,28,41.23,23,3,0
3806,2026-03-01 10:00:00,43,14,84.07,16,1,0
3807,2026-03-01 10:00:00,44,27,177.91,21,4,0
3808,2026-03-01 10:00:00,56,41,121.37,22,0,0
3809,2026-03-01 10:00:00,41,40,153.69,26,0,0
3810,2026-03-01 10:00:00,51,58,51.65,19,1,0
3811,2026-03-01 10:00:00,39,28,160.69,21,5,0
3812,2026-03-01 10:00:00,18,26,159.71,28,2,0
3813,2026-03-01 10:00:00,61,49,152.83,20,3,0
3814,2026-03-01 10:00:00,40,2,154.31,12,1,0
3815,2026-03-01 10:00:00,44,25,48.87,27,2,1
3816,2026-03-01 10:00:00,69,56,158.87,20,1,0
3817,2026-03-01 10:00:00,31,3,20.0,21,5,0
3818,2026-03-01 10:00:00,57,8,103.32,17,2,0
3819,2026-03-01 10:00:00,28,44,96.0,15,3,0
3820,2026-03-01 10:00:00,41,33,120.4,15,1,0
3821,2026-03-01 10:00:00,41,42,51.52,17,1,0
3822,2026-03-01 10:00:00,54,52,50.56,16,2,0
3823,2026-03-01 10:00:00,69,35,137.6,13,1,0
3824,2026-03-01 10:00:00,68,6,133.03,20,3,0
3825,2026-03-01 10:00:00,33,39,136.11,22,1,0
3826,2026-03-01 10:00:00,25,52,85.61,22,0,0
3827,2026-03-01 10:00:00,24,23,113.74,14,1,0
3828,2026-03-01 10:00:00,27,25,97.12,18,2,0
3829,2026-03-01 10:00:00,35,59,74.71,20,1,0
3830,2026-03-01 10:00:00,55,50,100.24,18,1,0
3831,2026-03-01 10:00:00,65,43,104.58,17,0,0
3832,2026-03-01 10:00:00,69,19,78.68,20,3,0
3833,2026-03-01 10:00:00,22,5,160.31,18,3,1
3834,2026-03-01 10:00:00,59,51,157.01,16,1,0
3835,2026-03-01 10:00:00,54,11,175.89,19,1,0
3836,2026-03-01 10:00:00,25,56,135.1,21,4,1
3837,2026-03-01 10:00:00,54,12,157.9,16,3,0
3838,2026-03-01 10:00:00,25,10,146.14,25,0,0
3839,2026-03-01 10:00:00,26,8,122.57,26,1,0
3840,2026-03-01 10:00:00,28,24,135.34,25,2,0
3841,2026-03-01 10:00:00,25,28,144.87,18,1,0
3842,2026-03-01 10:00:00,47,41,139.88,24,2,0
3843,2026-03-01 10:00:00,61,36,123.75,34,1,0
3844,2026-03-01 10:00:00,49,37,154.24,12,6,1
3845,2026-03-01 10:00:00,44,21,123.08,19,3,0
3846,2026-03-01 10:00:00,19,8,153.1,21,2,0
3847,2026-03-01 10:00:00,29,55,78.3,19,0,0
3848,2026-03-01 10:00:00,53,9,173.01,11,1,0
3849,2026-03-01 10:00:00,41,47,85.33,19,1,0
3850,2026-03-01 10:00:00,60,15,86.21,22,1,0
3851,2026-03-01 10:00:00,48,48,178.53,16,1,0
3852,2026-03-01 10:00:00,27,46,102.75,15,3,0
3853,2026-03-01 10:00:00,35,40,121.1,21,5,1
3854,2026-03-01 10:00:00,61,18,124.54,17,3,0
3855,2026-03-01 10:00:00,24,42,141.84,14,1,0
3856,2026-03-01 10:00:00,60,20,212.82,25,1,0
3857,2026-03-01 10:00:00,39,6,108.55,29,1,0
3858,2026-03-01 10:00:00,49,12,147.36,16,1,0
3859,2026-03-01 10:00:00,34,2,96.82,19,1,0
3860,2026-03-01 10:00:00,26,7,93.49,19,1,0
3861,2026-03-01 10:00:00,59,16,111.78,12,5,0
3862,2026-03-01 10:00:00,36,3,128.96,22,2,0
3863,2026-03-01 10:00:00,68,45,38.76,32,0,0
3864,2026-03-01 10:00:00,65,3,119.79,21,1,0
3865,2026-03-01 10:00:00,62,27,131.68,24,4,0
3866,2026-03-01 10:00:00,58,50,68.77,21,1,0
3867,2026-03-01 10:00:00,57,43,102.73,19,2,0
3868,2026-03-01 10:00:00,18,40,154.01,19,1,0
3869,2026-03-01 10:00:00,47,38,131.65,13,3,0
3870,2026-03-01 10:00:00,45,33,83.97,14,3,0
3871,2026-03-01 10:00:00,47,28,136.07,20,9,1
3872,2026-03-01 10:00:00,44,1,185.25,21,4,1
3873,2026-03-01 10:00:00,53,55,44.84,22,1,0
3874,2026-03-01 10:00:00,51,8,165.83,18,5,1
3875,2026-03-01 10:00:00,40,37,142.9,23,2,0
3876,2026-03-01 10:00:00,59,32,83.53,29,3,0
3877,2026-03-01 10:00:00,65,48,147.77,24,2,0
3878,2026-03-01 10:00:00,31,43,143.87,20,5,1
3879,2026-03-01 10:00:00,63,37,136.82,25,6,1
3880,2026-03-01 10:00:00,65,4,100.71,18,2,1
3881,2026-03-01 10:00:00,69,30,101.98,19,5,0
3882,2026-03-01 10:00:00,51,6,95.35,18,2,0
3883,2026-03-01 10:00:00,49,46,143.59,26,0,0
3884,2026-03-01 10:00:00,29,54,170.77,20,1,0
3885,2026-03-01 10:00:00,31,19,143.28,20,2,0
3886,2026-03-01 10:00:00,54,32,101.75,12,2,0
3887,2026-03-01 10:00:00,36,9,72.49,19,1,1
3888,2026-03-01 10:00:00,32,12,137.16,25,2,0
3889,2026-03-01 10:00:00,40,11,107.89,18,0,0
3890,2026-03-01 10:00:00,22,46,54.28,25,1,0
3891,2026-03-01 10:00:00,21,55,113.42,18,1,0
3892,2026-03-01 10:00:00,63,16,88.49,27,3,0
3893,2026-03-01 10:00:00,47,1,101.51,19,2,0
3894,2026-03-01 10:00:00,61,45,171.87,19,1,0
3895,2026-03-01 10:00:00,27,55,141.97,20,3,0
3896,2026-03-01 10:00:00,26,53,170.4,21,2,1
3897,2026-03-01 10:00:00,48,21,155.72,18,4,1
3898,2026-03-01 10:00:00,68,30,111.31,25,0,0
3899,2026-03-01 10:00:00,24,13,186.13,25,4,1
3900,2026-03-01 10:00:00,44,34,103.53,14,2,0
3901,2026-03-01 10:00:00,68,4,85.19,26,2,0
3902,2026-03-01 10:00:00,38,28,94.09,18,2,0
3903,2026-03-01 10:00:00,33,38,161.76,10,3,0
3904,2026-03-01 10:00:00,35,58,114.22,11,1,0
3905,2026-03-01 10:00:00,53,31,71.87,22,2,0
3906,2026-03-01 10:00:00,67,59,83.79,18,1,0
3907,2026-03-01 10:00:00,62,55,154.31,23,1,1
3908,2026-03-01 10:00:00,31,27,140.5,14,1,0
3909,2026-03-01 10:00:00,39,5,159.79,16,1,0
3910,2026-03-01 10:00:00,29,25,119.58,23,1,0
3911,2026-03-01 10:00:00,65,3,125.07,16,0,0
3912,2026-03-01 10:00:00,38,33,86.7,26,0,0
3913,2026-03-01 10:00:00,39,4,158.1,22,0,0
3914,2026-03-01 10:00:00,36,25,117.78,12,0,0
3915,2026-03-01 10:00:00,49,20,70.39,21,5,0
3916,2026-03-01 10:00:00,42,34,59.06,25,2,1
3917,2026-03-01 10:00:00,20,26,144.51,18,1,0
3918,2026-03-01 10:00:00,46,5,88.97,19,1,0
3919,2026-03-01 10:00:00,63,35,130.2,17,1,0
3920,2026-03-01 10:00:00,19,28,129.65,20,2,0
3921,2026-03-01 10:00:00,43,29,121.07,17,3,0
3922,2026-03-01 10:00:00,53,9,128.49,20,1,0
3923,2026-03-01 10:00:00,52,52,138.91,25,2,0
3924,2026-03-01 10:00:00,45,38,66.64,18,3,1
3925,2026-03-01 10:00:00,59,50,63.46,23,2,0
3926,2026-03-01 10:00:00,31,6,73.26,17,1,0
3927,2026-03-01 10:00:00,39,19,81.71,26,6,1
3928,2026-03-01 10:00:00,60,44,145.84,19,2,0
3929,2026-03-01 10:00:00,40,57,74.83,24,2,0
3930,2026-03-01 10:00:00,64,11,125.66,20,1,0
3931,2026-03-01 10:00:00,49,2,108.55,21,3,0
3932,2026-03-01 10:00:00,51,47,112.56,19,3,0
3933,2026-03-01 10:00:00,22,44,128.84,13,3,0
3934,2026-03-01 10:00:00,36,44,135.95,13,0,0
3935,2026-03-01 10:00:00,52,9,142.63,24,0,0
3936,2026-03-01 10:00:00,62,21,128.16,25,1,0
3937,2026-03-01 10:00:00,48,24,86.17,31,3,0
3938,2026-03-01 10:00:00,28,34,178.04,24,3,0
3939,2026-03-01 10:00:00,63,22,122.46,30,2,0
3940,2026-03-01 10:00:00,46,3,218.47,20,2,0
3941,2026-03-01 10:00:00,48,12,139.39,18,0,0
3942,2026-03-01 10:00:00,27,28,123.34,19,2,0
3943,2026-03-01 10:00:00,69,30,109.46,17,2,0
3944,2026-03-01 10:00:00,59,26,149.72,26,4,1
3945,2026-03-01 10:00:00,66,48,73.67,17,4,0
3946,2026-03-01 10:00:00,39,21,81.06,19,3,0
3947,2026-03-01 10:00:00,64,28,33.59,27,1,0
3948,2026-03-01 10:00:00,34,56,102.01,17,1,0
3949,2026-03-01 10:00:00,28,26,93.98,20,0,0
3950,2026-03-01 10:00:00,20,33,108.58,21,2,0
3951,2026-03-01 10:00:00,22,21,100.24,25,4,1
3952,2026-03-01 10:00:00,29,35,153.14,18,1,0
3953,2026-03-01 10:00:00,37,52,166.57,20,1,0
3954,2026-03-01 10:00:00,50,34,54.6,18,1,0
3955,2026-03-01 10:00:00,18,41,127.23,28,5,1
3956,2026-03-01 10:00:00,63,51,133.74,22,0,0
3957,2026-03-01 10:00:00,23,47,90.44,14,0,0
3958,2026-03-01 10:00:00,27,18,130.45,22,1,0
3959,2026-03-01 10:00:00,30,58,63.56,18,3,0
3960,2026-03-01 10:00:00,27,11,149.86,27,5,0
3961,2026-03-01 10:00:00,34,57,63.91,15,2,0
3962,2026-03-01 10:00:00,27,23,165.32,23,1,0
3963,2026-03-01 10:00:00,25,48,50.76,20,1,0
3964,2026-03-01 10:00:00,32,22,137.31,16,1,0
3965,2026-03-01 10:00:00,43,17,170.8,21,3,0
3966,2026-03-01 10:00:00,19,5,58.53,23,2,1
3967,2026-03-01 10:00:00,38,44,114.07,28,1,0
3968,2026-03-01 10:00:00,25,11,200.66,22,1,0
3969,2026-03-01 10:00:00,34,30,81.08,20,1,0
3970,2026-03-01 10:00:00,65,15,122.55,20,2,0
3971,2026-03-01 10:00:00,65,27,104.75,27,0,0
3972,2026-03-01 10:00:00,41,35,101.42,20,2,0
3973,2026-03-01 10:00:00,38,33,20.63,19,1,0
3974,2026-03-01 10:00:00,18,20,157.58,14,0,0
3975,2026-03-01 10:00:00,41,16,70.48,20,3,0
3976,2026-03-01 10:00:00,61,34,130.74,20,1,0
3977,2026-03-01 10:00:00,20,2,123.66,28,1,1
3978,2026-03-01 10:00:00,59,35,134.88,26,2,0
3979,2026-03-01 10:00:00,57,40,107.13,22,2,0
3980,2026-03-01 10:00:00,57,56,83.11,33,1,0
3981,2026-03-01 10:00:00,50,28,75.65,26,1,0
3982,2026-03-01 10:00:00,45,47,139.99,16,7,0
3983,2026-03-01 10:00:00,62,39,137.62,18,2,0
3984,2026-03-01 10:00:00,31,6,162.05,24,2,0
3985,2026-03-01 10:00:00,59,9,85.58,25,0,0
3986,2026-03-01 10:00:00,46,20,83.35,20,2,0
3987,2026-03-01 10:00:00,20,1,58.4,17,3,1
3988,2026-03-01 10:00:00,41,8,110.73,28,1,0
3989,2026-03-01 10:00:00,43,55,141.46,20,3,0
3990,2026-03-01 10:00:00,41,23,154.84,26,2,0
3991,2026-03-01 10:00:00,30,3,119.66,17,0,0
3992,2026-03-01 10:00:00,31,4,145.6,19,1,0
3993,2026-03-01 10:00:00,28,58,125.67,15,1,0
3994,2026-03-01 10:00:00,21,25,115.26,26,3,0
3995,2026-03-01 10:00:00,20,47,86.26,22,0,0
3996,2026-03-01 10:00:00,55,38,194.72,12,3,0
3997,2026-03-01 10:00:00,29,15,55.52,28,0,0
3998,2026-03-01 10:00:00,68,21,94.0,29,1,0
3999,2026-03-01 10:00:00,56,35,108.2,17,2,0
4000,2026-03-01 10:00:00,18,57,71.84,24,3,0
4001,2026-03-01 10:00:00,31,53,81.12,26,0,0
4002,2026-03-01 10:00:00,39,53,68.45,28,4,1
4003,2026-03-01 10:00:00,41,46,140.1,26,0,0
4004,2026-03-01 10:00:00,30,52,111.72,25,3,0
4005,2026-03-01 10:00:00,22,14,202.04,16,0,0
4006,2026-03-01 10:00:00,52,36,138.25,25,1,0
4007,2026-03-01 10:00:00,42,12,126.35,16,1,0
4008,2026-03-01 10:00:00,62,17,108.65,25,1,0
4009,2026-03-01 10:00:00,38,39,157.78,21,1,0
4010,2026-03-01 10:00:00,54,9,40.59,24,0,0
4011,2026-03-01 10:00:00,69,35,158.88,19,4,0
4012,2026-03-01 10:00:00,46,13,97.37,23,2,0
4013,2026-03-01 10:00:00,68,15,36.66,20,3,0
4014,2026-03-01 10:00:00,38,18,69.24,23,2,1
4015,2026-03-01 10:00:00,44,51,168.86,21,2,0
4016,2026-03-01 10:00:00,38,33,125.48,29,4,1
4017,2026-03-01 10:00:00,39,6,208.31,16,1,0
4018,2026-03-01 10:00:00,32,59,88.75,19,5,1
4019,2026-03-01 10:00:00,35,27,115.58,10,3,0
4020,2026-03-01 10:00:00,51,23,111.5,22,2,0
4021,2026-03-01 10:00:00,19,59,53.92,22,2,0
4022,2026-03-01 10:00:00,60,27,111.88,18,3,0
4023,2026-03-01 10:00:00,47,34,125.62,12,2,0
4024,2026-03-01 10:00:00,19,56,107.9,25,1,0
4025,2026-03-01 10:00:00,68,46,178.94,23,1,0
4026,2026-03-01 10:00:00,68,38,94.18,16,2,0
4027,2026-03-01 10:00:00,52,14,113.36,24,7,1
4028,2026-03-01 10:00:00,47,36,56.09,17,2,0
4029,2026-03-01 10:00:00,34,53,85.13,25,3,1
4030,2026-03-01 10:00:00,69,8,41.83,29,4,1
4031,2026-03-01 10:00:00,68,35,116.94,28,1,0
4032,2026-03-01 10:00:00,30,19,134.34,23,0,0
4033,2026-03-01 10:00:00,50,30,143.14,22,2,0
4034,2026-03-01 10:00:00,32,14,120.75,17,3,0
4035,2026-03-01 10:00:00,20,59,114.92,17,4,1
4036,2026-03-01 10:00:00,50,20,107.37,27,0,0
4037,2026-03-01 10:00:00,28,49,110.85,25,0,0
4038,2026-03-01 10:00:00,28,25,63.54,22,1,0
4039,2026-03-01 10:00:00,43,40,115.74,23,3,0
4040,2026-03-01 10:00:00,38,24,78.95,24,4,0
4041,2026-03-01 10:00:00,59,14,114.88,19,3,0
4042,2026-03-01 10:00:00,56,26,70.96,25,3,0
4043,2026-03-01 10:00:00,47,38,155.9,19,1,0
4044,2026-03-01 10:00:00,47,23,184.73,24,2,0
4045,2026-03-01 10:00:00,31,22,71.85,24,3,0
4046,2026-03-01 10:00:00,56,48,85.16,15,2,0
4047,2026-03-01 10:00:00,56,57,91.82,30,1,0
4048,2026-03-01 10:00:00,30,19,114.12,9,0,0
4049,2026-03-01 10:00:00,66,46,161.67,22,2,0
4050,2026-03-01 10:00:00,31,51,52.26,25,1,0
4051,2026-03-01 10:00:00,67,3,111.92,15,3,0
4052,2026-03-01 10:00:00,46,42,181.23,22,0,0
4053,2026-03-01 10:00:00,62,19,58.68,18,1,0
4054,2026-03-01 10:00:00,51,9,171.18,20,1,0
4055,2026-03-01 10:00:00,64,28,81.48,19,2,0
4056,2026-03-01 10:00:00,59,20,66.59,17,3,0
4057,2026-03-01 10:00:00,20,45,186.66,17,1,1
4058,2026-03-01 10:00:00,55,7,175.84,16,2,0
4059,2026-03-01 10:00:00,33,14,33.23,17,2,0
4060,2026-03-01 10:00:00,69,9,168.6,20,4,0
4061,2026-03-01 10:00:00,69,59,145.77,24,1,0
4062,2026-03-01 10:00:00,31,55,144.57,23,1,0
4063,2026-03-01 10:00:00,52,57,87.91,18,6,1
4064,2026-03-01 10:00:00,63,19,141.72,31,2,0
4065,2026-03-01 10:00:00,58,47,149.42,20,3,0
4066,2026-03-01 10:00:00,43,52,110.59,21,2,0
4067,2026-03-01 10:00:00,54,14,190.53,21,4,1
4068,2026-03-01 10:00:00,48,56,20.0,31,3,0
4069,2026-03-01 10:00:00,50,38,121.42,25,1,0
4070,2026-03-01 10:00:00,61,53,88.39,19,4,0
4071,2026-03-01 10:00:00,62,36,161.1,17,2,0
4072,2026-03-01 10:00:00,49,40,150.23,21,3,0
4073,2026-03-01 10:00:00,45,17,94.3,22,1,0
4074,2026-03-01 10:00:00,24,30,130.36,17,3,0
4075,2026-03-01 10:00:00,59,9,53.23,14,4,1
4076,2026-03-01 10:00:00,27,33,163.16,9,3,0
4077,2026-03-01 10:00:00,38,56,46.96,16,2,0
4078,2026-03-01 10:00:00,69,52,106.45,16,3,0
4079,2026-03-01 10:00:00,45,25,86.21,11,0,0
4080,2026-03-01 10:00:00,30,14,167.84,27,2,0
4081,2026-03-01 10:00:00,39,11,87.89,18,1,0
4082,2026-03-01 10:00:00,38,53,179.44,19,1,0
4083,2026-03-01 10:00:00,57,35,164.71,22,2,0
4084,2026-03-01 10:00:00,62,41,29.65,16,3,0
4085,2026-03-01 10:00:00,43,59,199.73,27,4,0
4086,2026-03-01 10:00:00,64,14,63.17,24,5,1
4087,2026-03-01 10:00:00,29,30,111.03,20,1,0
4088,2026-03-01 10:00:00,19,41,147.13,23,1,0
4089,2026-03-01 10:00:00,52,4,147.39,19,5,1
4090,2026-03-01 10:00:00,68,59,135.41,11,7,1
4091,2026-03-01 10:00:00,34,4,124.53,22,2,1
4092,2026-03-01 10:00:00,29,28,87.36,15,2,0
4093,2026-03-01 10:00:00,59,8,130.29,27,4,1
4094,2026-03-01 10:00:00,35,2,106.36,22,3,0
4095,2026-03-01 10:00:00,23,41,128.32,19,0,0
4096,2026-03-01 10:00:00,31,46,27.4,17,2,0
4097,2026-03-01 10:00:00,36,22,217.78,19,1,1
4098,2026-03-01 10:00:00,66,41,158.05,20,2,0
4099,2026-03-01 10:00:00,61,56,120.4,18,0,0
4100,2026-03-01 10:00:00,46,55,136.27,16,2,0
4101,2026-03-01 10:00:00,65,16,145.24,30,3,0
4102,2026-03-01 10:00:00,24,29,139.93,19,2,0
4103,2026-03-01 10:00:00,48,49,146.17,23,4,0
4104,2026-03-01 10:00:00,23,48,131.65,15,3,0
4105,2026-03-01 10:00:00,53,30,110.79,24,3,0
4106,2026-03-01 10:00:00,64,12,67.04,14,1,0
4107,2026-03-01 10:00:00,42,35,107.64,21,1,0
4108,2026-03-01 10:00:00,59,11,132.94,18,1,0
4109,2026-03-01 10:00:00,38,46,160.73,23,0,0
4110,2026-03-01 10:00:00,33,50,139.2,16,4,1
4111,2026-03-01 10:00:00,22,21,108.36,21,7,0
4112,2026-03-01 10:00:00,36,21,123.13,11,2,0
4113,2026-03-01 10:00:00,44,5,77.61,23,3,0
4114,2026-03-01 10:00:00,68,48,140.74,22,2,0
4115,2026-03-01 10:00:00,52,20,103.92,19,2,0
4116,2026-03-01 10:00:00,24,37,72.6,26,2,0
4117,2026-03-01 10:00:00,21,3,108.93,29,3,0
4118,2026-03-01 10:00:00,47,44,127.5,14,0,0
4119,2026-03-01 10:00:00,57,33,159.97,19,2,0
4120,2026-03-01 10:00:00,45,53,118.63,15,2,0
4121,2026-03-01 10:00:00,50,9,41.5,11,3,0
4122,2026-03-01 10:00:00,33,9,112.68,17,1,0
4123,2026-03-01 10:00:00,68,4,111.8,20,4,1
4124,2026-03-01 10:00:00,44,35,83.54,17,2,1
4125,2026-03-01 10:00:00,31,17,86.79,20,0,0
4126,2026-03-01 10:00:00,35,34,162.96,25,2,1
4127,2026-03-01 10:00:00,59,24,134.41,23,1,0
4128,2026-03-01 10:00:00,35,32,162.86,26,1,0
4129,2026-03-01 10:00:00,39,1,151.68,16,0,0
4130,2026-03-01 10:00:00,57,8,117.08,23,0,0
4131,2026-03-01 10:00:00,21,45,134.68,15,9,1
4132,2026-03-01 10:00:00,37,23,116.05,19,0,0
4133,2026-03-01 10:00:00,61,47,100.31,21,0,0
4134,2026-03-01 10:00:00,33,40,63.04,17,1,0
4135,2026-03-01 10:00:00,48,12,102.91,25,2,1
4136,2026-03-01 10:00:00,25,54,168.64,19,2,0
4137,2026-03-01 10:00:00,29,12,59.49,13,1,0
4138,2026-03-01 10:00:00,37,46,132.99,19,5,1
4139,2026-03-01 10:00:00,59,47,68.53,23,3,0
4140,2026-03-01 10:00:00,32,15,92.27,23,1,0
4141,2026-03-01 10:00:00,55,41,134.84,23,2,0
4142,2026-03-01 10:00:00,45,19,117.04,17,2,0
4143,2026-03-01 10:00:00,68,26,142.68,25,4,1
4144,2026-03-01 10:00:00,34,52,103.11,29,4,1
4145,2026-03-01 10:00:00,33,29,120.35,15,4,1
4146,2026-03-01 10:00:00,25,22,108.38,24,1,0
4147,2026-03-01 10:00:00,29,40,111.4,14,2,0
4148,2026-03-01 10:00:00,38,21,159.85,16,0,0
4149,2026-03-01 10:00:00,47,51,146.66,18,0,0
4150,2026-03-01 10:00:00,41,38,66.13,14,2,0
4151,2026-03-01 10:00:00,67,20,141.48,28,0,0
4152,2026-03-01 10:00:00,53,57,160.39,19,1,0
4153,2026-03-01 10:00:00,58,29,98.06,13,1,0
4154,2026-03-01 10:00:00,50,51,105.52,20,0,0
4155,2026-03-01 10:00:00,61,4,92.23,22,3,1
4156,2026-03-01 10:00:00,68,55,102.38,22,2,0
4157,2026-03-01 10:00:00,29,7,115.21,21,4,1
4158,2026-03-01 10:00:00,43,28,136.65,16,2,0
4159,2026-03-01 10:00:00,21,28,123.0,17,2,0
4160,2026-03-01 10:00:00,36,4,138.34,21,4,1
4161,2026-03-01 10:00:00,60,22,143.07,17,4,0
4162,2026-03-01 10:00:00,62,12,130.72,23,2,0
4163,2026-03-01 10:00:00,55,45,193.94,13,2,0
4164,2026-03-01 10:00:00,44,3,99.87,31,4,1
4165,2026-03-01 10:00:00,57,22,182.84,18,1,0
4166,2026-03-01 10:00:00,19,44,66.17,24,4,1
4167,2026-03-01 10:00:00,22,2,104.67,18,3,0
4168,2026-03-01 10:00:00,32,24,120.71,19,4,1
4169,2026-03-01 10:00:00,65,34,105.67,20,2,1
4170,2026-03-01 10:00:00,54,27,156.54,14,1,0
4171,2026-03-01 10:00:00,55,55,39.59,21,2,0
4172,2026-03-01 10:00:00,52,41,93.66,21,2,0
4173,2026-03-01 10:00:00,33,1,89.0,16,0,0
4174,2026-03-01 10:00:00,26,8,20.0,24,2,0
4175,2026-03-01 10:00:00,39,23,64.91,14,0,0
4176,2026-03-01 10:00:00,44,38,178.71,23,3,0
4177,2026-03-01 10:00:00,29,6,99.11,20,4,1
4178,2026-03-01 10:00:00,68,22,64.93,19,4,1
4179,2026-03-01 10:00:00,22,25,148.01,16,1,0
4180,2026-03-01 10:00:00,56,18,46.7,20,1,0
4181,2026-03-01 10:00:00,41,17,157.81,22,0,0
4182,2026-03-01 10:00:00,51,12,159.46,15,1,0
4183,2026-03-01 10:00:00,31,6,113.18,21,3,0
4184,2026-03-01 10:00:00,68,26,129.07,17,4,1
4185,2026-03-01 10:00:00,38,27,214.33,25,4,1
4186,2026-03-01 10:00:00,23,8,122.51,15,1,0
4187,2026-03-01 10:00:00,65,19,209.33,29,0,0
4188,2026-03-01 10:00:00,56,42,129.83,16,2,0
4189,2026-03-01 10:00:00,37,1,123.94,23,1,0
4190,2026-03-01 10:00:00,39,57,26.52,21,3,1
4191,2026-03-01 10:00:00,53,29,107.71,18,2,0
4192,2026-03-01 10:00:00,57,45,120.59,19,4,1
4193,2026-03-01 10:00:00,51,49,189.27,21,3,0
4194,2026-03-01 10:00:00,51,35,147.21,22,2,0
4195,2026-03-01 10:00:00,49,40,150.53,20,1,0
4196,2026-03-01 10:00:00,21,14,111.85,12,0,0
4197,2026-03-01 10:00:00,46,35,162.14,21,1,0
4198,2026-03-01 10:00:00,64,48,178.36,16,6,0
4199,2026-03-01 10:00:00,35,45,98.9,15,1,0
4200,2026-03-01 10:00:00,58,20,118.41,12,1,0
4201,2026-03-01 10:00:00,38,56,111.32,21,1,0
4202,2026-03-01 10:00:00,39,49,97.45,25,1,0
4203,2026-03-01 10:00:00,25,13,74.25,20,1,0
4204,2026-03-01 10:00:00,40,38,171.69,23,0,0
4205,2026-03-01 10:00:00,29,49,142.31,25,2,0
4206,2026-03-01 10:00:00,34,46,115.66,22,2,0
4207,2026-03-01 10:00:00,53,49,66.06,25,1,0
4208,2026-03-01 10:00:00,56,8,157.73,20,2,0
4209,2026-03-01 10:00:00,46,43,137.71,13,2,0
4210,2026-03-01 10:00:00,61,20,113.67,28,3,0
4211,2026-03-01 10:00:00,45,33,38.77,27,6,1
4212,2026-03-01 10:00:00,26,26,49.91,23,0,0
4213,2026-03-01 10:00:00,35,39,82.97,14,1,0
4214,2026-03-01 10:00:00,34,21,73.48,24,0,0
4215,2026-03-01 10:00:00,35,53,148.2,20,1,0
4216,2026-03-01 10:00:00,31,49,143.29,15,1,0
4217,2026-03-01 10:00:00,61,42,166.31,17,4,1
4218,2026-03-01 10:00:00,49,43,79.85,21,2,0
4219,2026-03-01 10:00:00,58,54,106.49,20,3,0
4220,2026-03-01 10:00:00,35,41,123.41,18,1,0
4221,2026-03-01 10:00:00,30,9,134.0,21,1,0
4222,2026-03-01 10:00:00,46,24,158.55,17,3,0
4223,2026-03-01 10:00:00,56,37,176.64,20,2,0
4224,2026-03-01 10:00:00,43,49,206.15,23,2,0
4225,2026-03-01 10:00:00,39,41,95.6,20,0,0
4226,2026-03-01 10:00:00,48,17,129.65,27,0,0
4227,2026-03-01 10:00:00,18,24,88.09,26,2,0
4228,2026-03-01 10:00:00,33,21,162.23,26,3,0
4229,2026-03-01 10:00:00,42,51,98.87,22,1,0
4230,2026-03-01 10:00:00,29,59,116.39,14,4,0
4231,2026-03-01 10:00:00,58,39,131.74,22,2,0
4232,2026-03-01 10:00:00,29,55,106.15,23,3,0
4233,2026-03-01 10:00:00,63,41,175.21,24,5,0
4234,2026-03-01 10:00:00,61,39,87.61,17,2,0
4235,2026-03-01 10:00:00,48,13,157.8,23,1,0
4236,2026-03-01 10:00:00,28,11,106.98,21,4,1
4237,2026-03-01 10:00:00,18,46,38.87,17,3,0
4238,2026-03-01 10:00:00,23,19,115.59,19,3,0
4239,2026-03-01 10:00:00,22,11,133.36,13,2,1
4240,2026-03-01 10:00:00,36,13,176.12,22,2,0
4241,2026-03-01 10:00:00,64,46,187.47,23,1,0
4242,2026-03-01 10:00:00,49,45,139.35,22,3,0
4243,2026-03-01 10:00:00,22,1,45.77,23,2,1
4244,2026-03-01 10:00:00,28,40,132.14,17,1,0
4245,2026-03-01 10:00:00,61,44,95.32,17,2,0
4246,2026-03-01 10:00:00,46,19,113.68,25,2,0
4247,2026-03-01 10:00:00,24,12,69.52,25,4,0
4248,2026-03-01 10:00:00,59,8,103.22,26,2,0
4249,2026-03-01 10:00:00,44,8,100.58,22,0,0
4250,2026-03-01 10:00:00,45,53,124.62,15,5,1
4251,2026-03-01 10:00:00,37,45,124.33,21,2,1
4252,2026-03-01 10:00:00,31,12,76.92,15,1,0
4253,2026-03-01 10:00:00,61,48,53.81,14,2,0
4254,2026-03-01 10:00:00,59,33,54.32,15,1,1
4255,2026-03-01 10:00:00,49,45,58.28,21,0,0
4256,2026-03-01 10:00:00,34,26,129.52,21,0,0
4257,2026-03-01 10:00:00,62,39,131.97,19,2,0
4258,2026-03-01 10:00:00,45,28,136.54,21,0,0
4259,2026-03-01 10:00:00,41,58,63.65,19,2,0
4260,2026-03-01 10:00:00,28,5,87.76,23,3,0
4261,2026-03-01 10:00:00,63,8,85.64,26,0,0
4262,2026-03-01 10:00:00,46,25,121.58,27,3,0
4263,2026-03-01 10:00:00,42,27,125.82,21,5,0
4264,2026-03-01 10:00:00,40,46,151.84,21,3,0
4265,2026-03-01 10:00:00,63,23,113.55,21,1,0
4266,2026-03-01 10:00:00,30,30,243.78,19,1,0
4267,2026-03-01 10:00:00,39,45,156.53,14,1,0
4268,2026-03-01 10:00:00,48,47,97.4,25,1,0
4269,2026-03-01 10:00:00,23,23,96.06,23,2,0
4270,2026-03-01 10:00:00,50,49,141.41,19,2,0
4271,2026-03-01 10:00:00,49,47,97.47,14,1,0
4272,2026-03-01 10:00:00,33,20,89.51,21,0,0
4273,2026-03-01 10:00:00,42,18,102.05,20,2,0
4274,2026-03-01 10:00:00,52,18,128.01,15,2,0
4275,2026-03-01 10:00:00,52,2,131.02,22,1,0
4276,2026-03-01 10:00:00,34,4,40.31,20,2,1
4277,2026-03-01 10:00:00,36,30,95.71,21,2,0
4278,2026-03-01 10:00:00,20,33,163.3,28,3,0
4279,2026-03-01 10:00:00,43,36,213.04,15,1,0
4280,2026-03-01 10:00:00,36,18,118.61,14,0,0
4281,2026-03-01 10:00:00,57,37,127.55,22,4,1
4282,2026-03-01 10:00:00,48,19,115.72,21,1,0
4283,2026-03-01 10:00:00,66,47,172.62,21,1,0
4284,2026-03-01 10:00:00,33,28,90.6,21,2,0
4285,2026-03-01 10:00:00,61,40,166.98,23,4,0
4286,2026-03-01 10:00:00,59,20,175.41,20,2,0
4287,2026-03-01 10:00:00,32,49,161.26,17,1,0
4288,2026-03-01 10:00:00,64,33,109.66,13,1,0
4289,2026-03-01 10:00:00,50,12,132.93,24,1,0
4290,2026-03-01 10:00:00,58,58,177.43,18,1,0
4291,2026-03-01 10:00:00,39,51,143.33,13,2,0
4292,2026-03-01 10:00:00,65,15,46.19,25,3,0
4293,2026-03-01 10:00:00,30,41,123.46,22,1,1
4294,2026-03-01 10:00:00,51,39,85.72,20,0,0
4295,2026-03-01 10:00:00,69,2,139.19,25,0,1
4296,2026-03-01 10:00:00,32,29,129.08,23,2,0
4297,2026-03-01 10:00:00,29,41,82.15,17,3,0
4298,2026-03-01 10:00:00,37,10,151.08,26,1,0
4299,2026-03-01 10:00:00,62,2,117.31,16,1,0
4300,2026-03-01 10:00:00,65,51,114.39,25,2,0
4301,2026-03-01 10:00:00,64,11,113.59,12,2,0
4302,2026-03-01 10:00:00,62,13,118.64,22,0,0
4303,2026-03-01 10:00:00,42,10,124.67,24,3,0
4304,2026-03-01 10:00:00,49,14,144.38,20,0,0
4305,2026-03-01 10:00:00,28,18,113.61,15,4,1
4306,2026-03-01 10:00:00,40,51,138.66,15,4,0
4307,2026-03-01 10:00:00,52,54,155.33,29,1,0
4308,2026-03-01 10:00:00,51,9,174.24,16,2,0
4309,2026-03-01 10:00:00,68,57,87.23,20,3,0
4310,2026-03-01 10:00:00,50,39,83.01,22,1,0
4311,2026-03-01 10:00:00,46,28,69.08,18,4,0
4312,2026-03-01 10:00:00,45,3,103.99,12,5,0
4313,2026-03-01 10:00:00,30,20,150.77,24,4,0
4314,2026-03-01 10:00:00,54,6,46.32,22,1,0
4315,2026-03-01 10:00:00,59,27,87.42,15,1,0
4316,2026-03-01 10:00:00,53,53,80.79,22,1,0
4317,2026-03-01 10:00:00,61,2,117.27,28,1,0
4318,2026-03-01 10:00:00,66,29,158.31,17,2,0
4319,2026-03-01 10:00:00,37,38,79.07,20,1,0
4320,2026-03-01 10:00:00,60,3,156.99,18,0,0
4321,2026-03-01 10:00:00,61,16,186.58,27,4,0
4322,2026-03-01 10:00:00,44,30,154.82,24,4,0
4323,2026-03-01 10:00:00,65,40,97.24,27,2,0
4324,2026-03-01 10:00:00,54,2,48.26,19,2,1
4325,2026-03-01 10:00:00,53,17,139.45,24,1,0
4326,2026-03-01 10:00:00,18,41,152.7,25,1,0
4327,2026-03-01 10:00:00,27,12,121.34,24,2,0
4328,2026-03-01 10:00:00,18,35,185.27,17,2,0
4329,2026-03-01 10:00:00,57,43,20.0,19,2,0
4330,2026-03-01 10:00:00,67,1,124.58,21,3,1
4331,2026-03-01 10:00:00,38,55,159.53,15,3,0
4332,2026-03-01 10:00:00,38,45,159.72,19,4,0
4333,2026-03-01 10:00:00,45,15,92.9,23,0,0
4334,2026-03-01 10:00:00,60,26,102.17,21,2,0
4335,2026-03-01 10:00:00,18,37,169.75,18,0,0
4336,2026-03-01 10:00:00,24,21,112.48,16,2,0
4337,2026-03-01 10:00:00,62,49,138.1,19,3,0
4338,2026-03-01 10:00:00,27,31,97.58,17,3,0
4339,2026-03-01 10:00:00,35,25,78.01,13,0,0
4340,2026-03-01 10:00:00,30,23,146.97,23,5,1
4341,2026-03-01 10:00:00,60,24,102.18,18,1,0
4342,2026-03-01 10:00:00,44,57,114.97,11,2,0
4343,2026-03-01 10:00:00,40,38,119.59,30,5,1
4344,2026-03-01 10:00:00,46,28,95.41,20,1,0
4345,2026-03-01 10:00:00,31,21,60.05,19,1,0
4346,2026-03-01 10:00:00,30,54,115.53,23,1,0
4347,2026-03-01 10:00:00,39,43,113.25,15,2,0
4348,2026-03-01 10:00:00,29,18,94.55,18,2,0
4349,2026-03-01 10:00:00,18,36,117.46,23,1,0
4350,2026-03-01 10:00:00,67,35,173.99,21,2,0
4351,2026-03-01 10:00:00,40,45,31.55,23,1,0
4352,2026-03-01 10:00:00,65,55,24.48,22,2,1
4353,2026-03-01 10:00:00,54,9,143.71,17,4,1
4354,2026-03-01 10:00:00,49,53,98.02,27,1,0
4355,2026-03-01 10:00:00,54,38,87.16,23,1,0
4356,2026-03-01 10:00:00,36,58,161.39,21,3,0
4357,2026-03-01 10:00:00,64,30,141.22,19,0,0
4358,2026-03-01 10:00:00,42,44,96.76,15,1,0
4359,2026-03-01 10:00:00,61,34,132.12,14,2,0
4360,2026-03-01 10:00:00,22,32,74.27,18,2,0
4361,2026-03-01 10:00:00,29,3,71.98,21,1,1
4362,2026-03-01 10:00:00,62,3,117.61,13,1,0
4363,2026-03-01 10:00:00,50,28,107.53,18,4,0
4364,2026-03-01 10:00:00,28,44,122.62,17,1,0
4365,2026-03-01 10:00:00,67,15,78.93,20,4,1
4366,2026-03-01 10:00:00,54,41,119.27,23,1,0
4367,2026-03-01 10:00:00,31,23,125.22,17,2,0
4368,2026-03-01 10:00:00,35,40,118.7,23,1,0
4369,2026-03-01 10:00:00,41,11,62.38,18,0,0
4370,2026-03-01 10:00:00,58,48,69.65,19,3,0
4371,2026-03-01 10:00:00,41,32,186.44,19,1,0
4372,2026-03-01 10:00:00,22,58,36.33,19,3,0
4373,2026-03-01 10:00:00,53,59,152.28,11,1,0
4374,2026-03-01 10:00:00,41,57,101.13,9,3,1
4375,2026-03-01 10:00:00,20,54,111.55,21,0,0
4376,2026-03-01 10:00:00,20,36,76.13,14,3,0
4377,2026-03-01 10:00:00,35,33,39.05,20,1,0
4378,2026-03-01 10:00:00,35,24,125.42,22,3,0
4379,2026-03-01 10:00:00,67,39,96.14,20,3,0
4380,2026-03-01 10:00:00,36,34,128.22,20,2,0
4381,2026-03-01 10:00:00,19,56,140.81,20,0,1
4382,2026-03-01 10:00:00,31,28,166.18,21,1,0
4383,2026-03-01 10:00:00,47,37,134.8,20,4,1
4384,2026-03-01 10:00:00,23,7,140.93,20,5,1
4385,2026-03-01 10:00:00,41,4,111.35,22,2,0
4386,2026-03-01 10:00:00,62,37,21.67,32,3,0
4387,2026-03-01 10:00:00,42,56,156.21,20,2,0
4388,2026-03-01 10:00:00,39,1,95.18,28,3,0
4389,2026-03-01 10:00:00,64,1,30.8,14,1,1
4390,2026-03-01 10:00:00,59,47,103.64,22,4,1
4391,2026-03-01 10:00:00,23,20,52.03,26,2,1
4392,2026-03-01 10:00:00,48,19,114.86,30,2,0
4393,2026-03-01 10:00:00,37,29,136.7,22,0,0
4394,2026-03-01 10:00:00,35,10,108.5,12,1,0
4395,2026-03-01 10:00:00,62,18,126.47,13,2,1
4396,2026-03-01 10:00:00,18,28,121.66,21,1,0
4397,2026-03-01 10:00:00,43,35,180.12,26,1,0
4398,2026-03-01 10:00:00,56,43,123.43,23,1,0
4399,2026-03-01 10:00:00,46,47,90.52,17,0,0
4400,2026-03-01 10:00:00,52,31,100.64,18,4,0
4401,2026-03-01 10:00:00,42,27,107.79,21,0,0
4402,2026-03-01 10:00:00,64,11,91.28,25,3,0
4403,2026-03-01 10:00:00,20,49,57.61,23,2,0
4404,2026-03-01 10:00:00,40,49,80.44,23,1,0
4405,2026-03-01 10:00:00,36,38,96.55,15,3,0
4406,2026-03-01 10:00:00,68,5,96.35,19,1,0
4407,2026-03-01 10:00:00,31,8,154.95,23,2,0
4408,2026-03-01 10:00:00,48,34,168.51,20,2,0
4409,2026-03-01 10:00:00,30,48,136.12,24,1,0
4410,2026-03-01 10:00:00,53,52,130.39,20,0,1
4411,2026-03-01 10:00:00,54,56,114.04,23,3,0
4412,2026-03-01 10:00:00,62,12,155.47,24,2,0
4413,2026-03-01 10:00:00,24,38,142.53,23,1,0
4414,2026-03-01 10:00:00,60,1,153.19,28,0,1
4415,2026-03-01 10:00:00,41,31,42.24,22,2,0
4416,2026-03-01 10:00:00,41,4,208.88,21,3,1
4417,2026-03-01 10:00:00,51,49,70.95,21,3,0
4418,2026-03-01 10:00:00,29,45,133.15,21,2,0
4419,2026-03-01 10:00:00,41,50,111.01,27,2,1
4420,2026-03-01 10:00:00,58,5,72.35,12,2,1
4421,2026-03-01 10:00:00,56,30,94.12,16,0,0
4422,2026-03-01 10:00:00,43,56,124.33,19,2,0
4423,2026-03-01 10:00:00,25,24,87.86,28,4,1
4424,2026-03-01 10:00:00,64,59,108.24,16,3,0
4425,2026-03-01 10:00:00,61,3,107.32,16,1,0
4426,2026-03-01 10:00:00,50,11,77.26,30,1,0
4427,2026-03-01 10:00:00,68,45,103.01,15,3,0
4428,2026-03-01 10:00:00,19,4,158.27,21,2,0
4429,2026-03-01 10:00:00,56,26,83.76,27,7,0
4430,2026-03-01 10:00:00,31,27,160.76,19,6,1
4431,2026-03-01 10:00:00,64,46,56.66,22,5,1
4432,2026-03-01 10:00:00,67,54,106.45,19,1,0
4433,2026-03-01 10:00:00,49,43,154.1,16,2,0
4434,2026-03-01 10:00:00,67,27,147.74,23,2,0
4435,2026-03-01 10:00:00,55,42,191.27,24,3,1
4436,2026-03-01 10:00:00,39,51,106.79,24,1,0
4437,2026-03-01 10:00:00,46,50,102.4,20,4,1
4438,2026-03-01 10:00:00,39,6,41.96,22,3,0
4439,2026-03-01 10:00:00,39,59,93.3,21,2,0
4440,2026-03-01 10:00:00,32,15,117.41,21,0,0
4441,2026-03-01 10:00:00,48,53,153.33,18,1,0
4442,2026-03-01 10:00:00,57,30,20.0,24,6,0
4443,2026-03-01 10:00:00,67,42,87.8,31,2,0
4444,2026-03-01 10:00:00,53,37,162.42,23,4,0
4445,2026-03-01 10:00:00,52,58,141.22,20,1,0
4446,2026-03-01 10:00:00,48,37,65.08,17,3,0
4447,2026-03-01 10:00:00,35,42,150.71,20,4,0
4448,2026-03-01 10:00:00,48,37,139.65,11,3,0
4449,2026-03-01 10:00:00,28,35,187.09,29,1,0
4450,2026-03-01 10:00:00,22,23,128.42,20,2,0
4451,2026-03-01 10:00:00,24,6,139.74,18,2,0
4452,2026-03-01 10:00:00,54,4,165.72,23,1,0
4453,2026-03-01 10:00:00,37,18,118.08,23,1,0
4454,2026-03-01 10:00:00,23,9,150.72,23,1,1
4455,2026-03-01 10:00:00,29,49,90.41,15,0,0
4456,2026-03-01 10:00:00,55,29,85.4,26,3,0
4457,2026-03-01 10:00:00,68,13,173.04,24,0,0
4458,2026-03-01 10:00:00,32,59,88.35,20,4,1
4459,2026-03-01 10:00:00,55,47,148.78,21,3,0
4460,2026-03-01 10:00:00,30,52,123.75,17,4,0
4461,2026-03-01 10:00:00,31,17,116.01,19,2,0
4462,2026-03-01 10:00:00,38,45,157.42,19,2,0
4463,2026-03-01 10:00:00,60,32,135.03,16,1,0
4464,2026-03-01 10:00:00,47,48,116.68,23,1,1
4465,2026-03-01 10:00:00,23,22,130.42,28,1,0
4466,2026-03-01 10:00:00,53,4,119.6,17,4,1
4467,2026-03-01 10:00:00,52,5,136.22,15,2,0
4468,2026-03-01 10:00:00,51,37,109.06,26,1,0
4469,2026-03-01 10:00:00,57,41,152.96,19,1,0
4470,2026-03-01 10:00:00,53,49,66.85,25,2,0
4471,2026-03-01 10:00:00,46,13,98.77,27,4,1
4472,2026-03-01 10:00:00,20,34,147.73,20,3,0
4473,2026-03-01 10:00:00,22,45,68.9,16,0,0
4474,2026-03-01 10:00:00,26,22,218.73,19,2,0
4475,2026-03-01 10:00:00,37,53,96.72,20,0,0
4476,2026-03-01 10:00:00,53,59,113.32,19,1,0
4477,2026-03-01 10:00:00,53,23,92.73,19,2,0
4478,2026-03-01 10:00:00,53,51,127.91,26,3,0
4479,2026-03-01 10:00:00,32,3,101.23,21,1,1
4480,2026-03-01 10:00:00,24,42,181.43,23,1,0
4481,2026-03-01 10:00:00,36,34,96.22,14,0,0
4482,2026-03-01 10:00:00,51,32,137.47,12,1,0
4483,2026-03-01 10:00:00,28,45,110.17,11,0,0
4484,2026-03-01 10:00:00,36,51,104.47,22,1,0
4485,2026-03-01 10:00:00,36,58,127.75,18,1,0
4486,2026-03-01 10:00:00,62,49,76.44,19,4,1
4487,2026-03-01 10:00:00,43,21,86.84,27,2,0
4488,2026-03-01 10:00:00,39,46,134.21,25,1,0
4489,2026-03-01 10:00:00,38,44,118.5,30,2,0
4490,2026-03-01 10:00:00,50,21,119.13,24,3,1
4491,2026-03-01 10:00:00,38,44,177.75,20,2,0
4492,2026-03-01 10:00:00,43,11,151.65,25,2,0
4493,2026-03-01 10:00:00,31,39,84.68,19,0,0
4494,2026-03-01 10:00:00,60,4,94.27,18,3,1
4495,2026-03-01 10:00:00,35,51,77.82,16,2,0
4496,2026-03-01 10:00:00,67,1,88.26,20,3,1
4497,2026-03-01 10:00:00,23,28,158.76,15,1,0
4498,2026-03-01 10:00:00,27,24,162.93,17,2,1
4499,2026-03-01 10:00:00,33,35,90.22,24,2,1
4500,2026-03-01 10:00:00,64,13,124.15,22,2,1
4501,2026-03-01 10:00:00,50,47,114.61,31,1,0
4502,2026-03-01 10:00:00,59,34,136.26,23,5,0
4503,2026-03-01 10:00:00,19,11,140.89,20,1,0
4504,2026-03-01 10:00:00,60,36,142.1,19,3,0
4505,2026-03-01 10:00:00,52,51,78.93,20,2,0
4506,2026-03-01 10:00:00,40,17,86.85,16,2,0
4507,2026-03-01 10:00:00,43,35,33.96,16,3,0
4508,2026-03-01 10:00:00,37,18,141.28,15,5,0
4509,2026-03-01 10:00:00,38,40,137.28,17,3,0
4510,2026-03-01 10:00:00,60,22,158.34,16,4,1
4511,2026-03-01 10:00:00,67,57,24.5,24,1,0
4512,2026-03-01 10:00:00,60,24,141.0,18,4,0
4513,2026-03-01 10:00:00,43,58,63.38,26,2,0
4514,2026-03-01 10:00:00,42,19,147.04,28,1,0
4515,2026-03-01 10:00:00,24,37,194.45,18,2,0
4516,2026-03-01 10:00:00,45,39,157.42,26,3,0
4517,2026-03-01 10:00:00,29,21,88.1,19,1,0
4518,2026-03-01 10:00:00,54,8,191.13,28,1,0
4519,2026-03-01 10:00:00,60,28,114.55,16,4,0
4520,2026-03-01 10:00:00,40,5,91.35,16,2,0
4521,2026-03-01 10:00:00,68,17,123.41,16,5,1
4522,2026-03-01 10:00:00,22,37,156.97,14,6,0
4523,2026-03-01 10:00:00,31,36,115.5,22,2,0
4524,2026-03-01 10:00:00,69,54,103.56,11,2,0
4525,2026-03-01 10:00:00,52,19,60.8,14,0,0
4526,2026-03-01 10:00:00,30,27,151.18,22,2,0
4527,2026-03-01 10:00:00,21,53,132.86,18,3,1
4528,2026-03-01 10:00:00,30,34,68.49,21,0,0
4529,2026-03-01 10:00:00,31,11,85.5,20,1,0
4530,2026-03-01 10:00:00,64,54,210.62,14,5,1
4531,2026-03-01 10:00:00,57,45,129.66,16,1,0
4532,2026-03-01 10:00:00,35,47,103.5,18,2,0
4533,2026-03-01 10:00:00,49,12,95.97,26,2,1
4534,2026-03-01 10:00:00,42,54,176.36,20,2,0
4535,2026-03-01 10:00:00,49,21,119.54,19,1,0
4536,2026-03-01 10:00:00,43,54,136.89,14,2,0
4537,2026-03-01 10:00:00,36,11,131.37,24,2,0
4538,2026-03-01 10:00:00,54,39,197.94,25,0,0
4539,2026-03-01 10:00:00,29,28,90.97,28,0,0
4540,2026-03-01 10:00:00,53,5,72.3,24,2,0
4541,2026-03-01 10:00:00,39,17,124.01,21,1,0
4542,2026-03-01 10:00:00,55,56,139.39,26,6,1
4543,2026-03-01 10:00:00,24,20,120.04,29,2,0
4544,2026-03-01 10:00:00,37,41,93.15,21,6,1
4545,2026-03-01 10:00:00,35,46,74.08,13,2,0
4546,2026-03-01 10:00:00,28,58,57.59,24,3,0
4547,2026-03-01 10:00:00,18,12,138.75,25,2,0
4548,2026-03-01 10:00:00,32,6,36.6,15,0,0
4549,2026-03-01 10:00:00,38,17,133.56,23,1,0
4550,2026-03-01 10:00:00,28,51,110.85,22,4,1
4551,2026-03-01 10:00:00,20,19,183.58,19,1,0
4552,2026-03-01 10:00:00,56,26,142.62,29,2,0
4553,2026-03-01 10:00:00,55,48,204.19,21,1,0
4554,2026-03-01 10:00:00,68,44,130.78,28,1,0
4555,2026-03-01 10:00:00,43,44,59.19,22,2,0
4556,2026-03-01 10:00:00,28,52,89.8,21,1,0
4557,2026-03-01 10:00:00,51,32,20.0,26,1,0
4558,2026-03-01 10:00:00,58,6,138.68,25,0,0
4559,2026-03-01 10:00:00,20,55,172.48,14,2,0
4560,2026-03-01 10:00:00,59,58,101.0,20,2,1
4561,2026-03-01 10:00:00,47,36,80.54,14,1,0
4562,2026-03-01 10:00:00,20,38,160.28,23,1,0
4563,2026-03-01 10:00:00,60,11,176.87,16,2,0
4564,2026-03-01 10:00:00,43,33,145.79,17,2,0
4565,2026-03-01 10:00:00,35,24,144.72,20,3,0
4566,2026-03-01 10:00:00,31,23,76.57,18,2,0
4567,2026-03-01 10:00:00,31,15,77.25,25,0,0
4568,2026-03-01 10:00:00,32,27,73.13,19,2,0
4569,2026-03-01 10:00:00,65,11,114.62,14,3,0
4570,2026-03-01 10:00:00,39,57,67.17,23,1,0
4571,2026-03-01 10:00:00,22,51,146.97,22,3,0
4572,2026-03-01 10:00:00,49,50,127.43,15,1,0
4573,2026-03-01 10:00:00,47,17,128.49,21,2,0
4574,2026-03-01 10:00:00,24,51,195.41,21,5,1
4575,2026-03-01 10:00:00,25,53,214.37,25,1,0
4576,2026-03-01 10:00:00,58,14,169.93,19,2,0
4577,2026-03-01 10:00:00,64,27,159.83,27,0,0
4578,2026-03-01 10:00:00,49,18,85.52,27,3,0
4579,2026-03-01 10:00:00,19,28,113.56,18,3,0
4580,2026-03-01 10:00:00,62,51,206.58,19,0,1
4581,2026-03-01 10:00:00,23,47,139.63,17,4,0
4582,2026-03-01 10:00:00,69,47,103.95,14,1,0
4583,2026-03-01 10:00:00,59,4,97.6,17,1,1
4584,2026-03-01 10:00:00,52,7,97.64,23,1,0
4585,2026-03-01 10:00:00,68,45,144.32,19,1,1
4586,2026-03-01 10:00:00,66,35,102.33,21,3,0
4587,2026-03-01 10:00:00,21,48,123.47,22,1,0
4588,2026-03-01 10:00:00,37,9,106.89,21,1,0
4589,2026-03-01 10:00:00,44,8,110.26,26,1,0
4590,2026-03-01 10:00:00,20,52,114.72,20,1,0
4591,2026-03-01 10:00:00,37,45,95.07,11,1,0
4592,2026-03-01 10:00:00,68,17,105.02,19,1,0
4593,2026-03-01 10:00:00,46,17,147.95,16,2,0
4594,2026-03-01 10:00:00,44,49,78.2,22,3,0
4595,2026-03-01 10:00:00,64,33,110.91,29,2,0
4596,2026-03-01 10:00:00,64,32,169.08,20,1,0
4597,2026-03-01 10:00:00,18,8,76.46,20,1,0
4598,2026-03-01 10:00:00,48,19,25.16,26,4,1
4599,2026-03-01 10:00:00,63,38,56.95,15,3,0
4600,2026-03-01 10:00:00,20,3,113.11,20,3,0
4601,2026-03-01 10:00:00,54,59,107.43,17,4,0
4602,2026-03-01 10:00:00,34,5,179.66,22,1,0
4603,2026-03-01 10:00:00,38,13,150.86,12,1,0
4604,2026-03-01 10:00:00,39,47,163.9,24,2,0
4605,2026-03-01 10:00:00,59,46,123.47,26,1,0
4606,2026-03-01 10:00:00,39,31,97.18,30,1,0
4607,2026-03-01 10:00:00,58,55,168.58,21,6,0
4608,2026-03-01 10:00:00,31,16,100.55,22,3,0
4609,2026-03-01 10:00:00,60,50,99.62,21,2,0
4610,2026-03-01 10:00:00,48,32,92.69,20,2,0
4611,2026-03-01 10:00:00,29,22,156.68,20,1,0
4612,2026-03-01 10:00:00,22,29,112.6,17,2,0
4613,2026-03-01 10:00:00,65,22,133.98,21,2,0
4614,2026-03-01 10:00:00,58,43,101.39,16,0,0
4615,2026-03-01 10:00:00,40,3,202.89,27,2,0
4616,2026-03-01 10:00:00,41,54,191.44,15,3,0
4617,2026-03-01 10:00:00,26,10,111.17,17,1,0
4618,2026-03-01 10:00:00,24,42,71.35,18,4,0
4619,2026-03-01 10:00:00,69,21,112.83,24,3,0
4620,2026-03-01 10:00:00,24,16,253.76,17,1,0
4621,2026-03-01 10:00:00,35,12,125.78,21,2,0
4622,2026-03-01 10:00:00,69,2,53.47,25,4,1
4623,2026-03-01 10:00:00,38,41,99.96,32,3,0
4624,2026-03-01 10:00:00,54,24,89.25,18,3,0
4625,2026-03-01 10:00:00,18,35,171.33,21,4,0
4626,2026-03-01 10:00:00,56,56,72.14,26,0,0
4627,2026-03-01 10:00:00,63,30,169.67,25,2,0
4628,2026-03-01 10:00:00,19,57,78.11,16,5,0
4629,2026-03-01 10:00:00,41,30,101.29,22,4,0
4630,2026-03-01 10:00:00,31,47,89.82,22,2,0
4631,2026-03-01 10:00:00,66,35,56.11,24,1,0
4632,2026-03-01 10:00:00,56,19,99.04,22,0,0
4633,2026-03-01 10:00:00,20,50,141.62,29,1,0
4634,2026-03-01 10:00:00,38,8,77.74,22,1,0
4635,2026-03-01 10:00:00,51,26,125.7,19,4,0
4636,2026-03-01 10:00:00,69,49,31.41,30,1,0
4637,2026-03-01 10:00:00,59,40,109.87,19,1,0
4638,2026-03-01 10:00:00,52,7,127.9,18,3,0
4639,2026-03-01 10:00:00,37,30,113.52,22,1,0
4640,2026-03-01 10:00:00,55,7,209.64,15,0,0
4641,2026-03-01 10:00:00,26,3,91.62,19,2,0
4642,2026-03-01 10:00:00,65,1,76.23,20,0,1
4643,2026-03-01 10:00:00,32,36,134.88,18,1,0
4644,2026-03-01 10:00:00,48,25,97.52,16,2,0
4645,2026-03-01 10:00:00,58,37,68.39,19,1,0
4646,2026-03-01 10:00:00,26,1,20.17,17,1,1
4647,2026-03-01 10:00:00,30,15,152.17,23,4,0
4648,2026-03-01 10:00:00,55,37,127.19,22,4,0
4649,2026-03-01 10:00:00,49,13,174.44,22,2,1
4650,2026-03-01 10:00:00,37,40,130.9,15,2,0
4651,2026-03-01 10:00:00,38,8,137.33,29,1,0
4652,2026-03-01 10:00:00,36,5,159.66,21,1,0
4653,2026-03-01 10:00:00,44,9,157.57,18,3,0
4654,2026-03-01 10:00:00,28,1,134.35,27,1,1
4655,2026-03-01 10:00:00,32,36,125.88,26,2,0
4656,2026-03-01 10:00:00,25,35,100.72,19,1,0
4657,2026-03-01 10:00:00,26,2,50.79,29,3,0
4658,2026-03-01 10:00:00,56,40,126.28,22,3,0
4659,2026-03-01 10:00:00,54,23,91.75,18,3,0
4660,2026-03-01 10:00:00,68,9,159.21,23,2,0
4661,2026-03-01 10:00:00,37,34,124.07,19,3,0
4662,2026-03-01 10:00:00,66,46,122.76,25,1,0
4663,2026-03-01 10:00:00,69,14,173.42,26,2,0
4664,2026-03-01 10:00:00,27,4,132.7,21,2,0
4665,2026-03-01 10:00:00,36,30,92.35,8,0,0
4666,2026-03-01 10:00:00,27,31,100.74,12,0,0
4667,2026-03-01 10:00:00,39,38,44.97,20,0,0
4668,2026-03-01 10:00:00,65,11,188.35,17,2,0
4669,2026-03-01 10:00:00,42,35,78.96,18,3,0
4670,2026-03-01 10:00:00,41,8,111.64,20,1,0
4671,2026-03-01 10:00:00,43,3,110.2,21,2,0
4672,2026-03-01 10:00:00,32,14,46.22,13,0,1
4673,2026-03-01 10:00:00,69,13,148.85,21,4,0
4674,2026-03-01 10:00:00,48,45,174.78,18,3,0
4675,2026-03-01 10:00:00,52,32,110.6,20,1,0
4676,2026-03-01 10:00:00,24,34,121.37,20,2,0
4677,2026-03-01 10:00:00,44,45,68.35,23,2,0
4678,2026-03-01 10:00:00,22,19,130.3,17,2,0
4679,2026-03-01 10:00:00,30,59,100.57,21,1,0
4680,2026-03-01 10:00:00,21,38,101.23,20,2,0
4681,2026-03-01 10:00:00,59,16,114.17,24,1,0
4682,2026-03-01 10:00:00,46,2,181.42,20,4,1
4683,2026-03-01 10:00:00,28,40,172.85,26,2,0
4684,2026-03-01 10:00:00,46,17,20.0,22,2,0
4685,2026-03-01 10:00:00,25,55,88.16,18,1,0
4686,2026-03-01 10:00:00,66,34,127.19,16,1,0
4687,2026-03-01 10:00:00,60,42,60.45,12,5,0
4688,2026-03-01 10:00:00,51,16,71.78,22,4,1
4689,2026-03-01 10:00:00,35,38,149.68,23,1,0
4690,2026-03-01 10:00:00,43,2,106.98,18,3,0
4691,2026-03-01 10:00:00,66,2,174.99,23,4,1
4692,2026-03-01 10:00:00,35,26,64.99,17,1,0
4693,2026-03-01 10:00:00,62,13,151.8,19,4,0
4694,2026-03-01 10:00:00,60,56,170.93,16,2,0
4695,2026-03-01 10:00:00,41,47,116.14,23,1,0
4696,2026-03-01 10:00:00,52,31,154.85,34,2,0
4697,2026-03-01 10:00:00,68,34,118.21,22,3,0
4698,2026-03-01 10:00:00,50,39,143.53,11,0,0
4699,2026-03-01 10:00:00,35,3,120.33,20,4,1
4700,2026-03-01 10:00:00,48,8,81.35,23,2,0
4701,2026-03-01 10:00:00,62,23,127.79,16,4,0
4702,2026-03-01 10:00:00,46,14,80.01,14,2,0
4703,2026-03-01 10:00:00,18,56,90.58,23,4,0
4704,2026-03-01 10:00:00,67,55,123.99,25,0,0
4705,2026-03-01 10:00:00,34,27,138.09,15,4,1
4706,2026-03-01 10:00:00,52,54,90.12,17,2,0
4707,2026-03-01 10:00:00,41,29,70.37,19,1,0
4708,2026-03-01 10:00:00,20,39,159.21,18,3,0
4709,2026-03-01 10:00:00,54,53,141.94,22,1,0
4710,2026-03-01 10:00:00,39,39,80.42,26,0,0
4711,2026-03-01 10:00:00,38,1,54.33,25,4,1
4712,2026-03-01 10:00:00,67,17,129.77,19,2,0
4713,2026-03-01 10:00:00,33,41,117.83,19,0,0
4714,2026-03-01 10:00:00,34,30,128.55,15,5,1
4715,2026-03-01 10:00:00,56,53,148.65,19,2,0
4716,2026-03-01 10:00:00,19,13,133.93,12,1,0
4717,2026-03-01 10:00:00,50,21,66.38,24,1,0
4718,2026-03-01 10:00:00,66,19,136.99,21,1,0
4719,2026-03-01 10:00:00,62,53,114.97,15,2,0
4720,2026-03-01 10:00:00,48,19,159.65,16,2,0
4721,2026-03-01 10:00:00,60,57,108.06,10,4,1
4722,2026-03-01 10:00:00,65,25,42.94,16,6,0
4723,2026-03-01 10:00:00,66,22,102.85,13,2,0
4724,2026-03-01 10:00:00,29,31,90.24,21,2,0
4725,2026-03-01 10:00:00,34,17,123.56,21,2,0
4726,2026-03-01 10:00:00,51,55,146.82,18,4,1
4727,2026-03-01 10:00:00,19,23,87.22,17,1,0
4728,2026-03-01 10:00:00,41,32,182.37,19,3,0
4729,2026-03-01 10:00:00,50,10,115.79,19,2,0
4730,2026-03-01 10:00:00,32,10,56.66,23,2,0
4731,2026-03-01 10:00:00,26,36,127.94,21,3,0
4732,2026-03-01 10:00:00,29,8,42.96,22,3,0
4733,2026-03-01 10:00:00,54,54,152.79,22,1,0
4734,2026-03-01 10:00:00,57,52,64.85,20,1,0
4735,2026-03-01 10:00:00,61,20,69.22,26,1,0
4736,2026-03-01 10:00:00,69,32,150.05,19,4,1
4737,2026-03-01 10:00:00,22,50,119.8,25,1,0
4738,2026-03-01 10:00:00,19,14,126.17,29,1,0
4739,2026-03-01 10:00:00,62,50,105.96,21,1,0
4740,2026-03-01 10:00:00,45,28,110.4,19,2,0
4741,2026-03-01 10:00:00,38,46,170.48,28,1,0
4742,2026-03-01 10:00:00,66,52,88.5,20,2,0
4743,2026-03-01 10:00:00,31,53,109.67,24,3,0
4744,2026-03-01 10:00:00,65,24,77.19,18,3,0
4745,2026-03-01 10:00:00,18,15,95.99,17,2,0
4746,2026-03-01 10:00:00,39,22,93.28,17,2,0
4747,2026-03-01 10:00:00,21,30,120.45,24,2,0
4748,2026-03-01 10:00:00,25,4,94.38,19,1,0
4749,2026-03-01 10:00:00,19,13,99.64,19,7,0
4750,2026-03-01 10:00:00,33,59,84.54,24,3,0
4751,2026-03-01 10:00:00,33,23,70.52,20,2,0
4752,2026-03-01 10:00:00,61,8,94.17,27,3,0
4753,2026-03-01 10:00:00,62,18,84.9,20,1,0
4754,2026-03-01 10:00:00,53,12,118.13,17,1,0
4755,2026-03-01 10:00:00,48,55,78.62,19,1,0
4756,2026-03-01 10:00:00,66,31,161.13,13,1,0
4757,2026-03-01 10:00:00,63,14,79.19,19,1,0
4758,2026-03-01 10:00:00,29,34,121.2,20,0,0
4759,2026-03-01 10:00:00,47,18,118.22,20,1,0
4760,2026-03-01 10:00:00,61,56,114.4,15,5,1
4761,2026-03-01 10:00:00,45,34,97.31,21,1,0
4762,2026-03-01 10:00:00,43,11,197.64,15,0,0
4763,2026-03-01 10:00:00,63,41,158.58,22,1,0
4764,2026-03-01 10:00:00,33,12,172.13,16,5,1
4765,2026-03-01 10:00:00,24,49,150.41,24,1,0
4766,2026-03-01 10:00:00,30,15,138.11,18,1,0
4767,2026-03-01 10:00:00,25,57,106.83,13,1,0
4768,2026-03-01 10:00:00,44,31,96.09,9,3,0
4769,2026-03-01 10:00:00,48,49,175.91,22,0,0
4770,2026-03-01 10:00:00,25,58,141.53,22,1,0
4771,2026-03-01 10:00:00,32,29,130.12,26,5,0
4772,2026-03-01 10:00:00,46,26,73.66,25,5,1
4773,2026-03-01 10:00:00,47,18,131.22,19,2,0
4774,2026-03-01 10:00:00,28,32,138.33,23,0,0
4775,2026-03-01 10:00:00,54,22,136.57,17,4,1
4776,2026-03-01 10:00:00,63,38,80.05,18,3,0
4777,2026-03-01 10:00:00,19,17,53.69,22,2,1
4778,2026-03-01 10:00:00,45,23,114.28,14,2,0
4779,2026-03-01 10:00:00,22,24,70.42,19,2,0
4780,2026-03-01 10:00:00,59,50,124.04,18,2,0
4781,2026-03-01 10:00:00,67,8,77.23,13,2,0
4782,2026-03-01 10:00:00,51,41,64.35,24,1,0
4783,2026-03-01 10:00:00,42,6,93.54,25,1,0
4784,2026-03-01 10:00:00,20,5,109.35,19,2,0
4785,2026-03-01 10:00:00,59,44,165.83,22,3,0
4786,2026-03-01 10:00:00,64,57,108.66,23,2,0
4787,2026-03-01 10:00:00,47,29,109.02,13,4,0
4788,2026-03-01 10:00:00,66,28,166.94,23,2,0
4789,2026-03-01 10:00:00,54,11,121.43,20,1,0
4790,2026-03-01 10:00:00,62,57,111.23,21,3,0
4791,2026-03-01 10:00:00,65,1,162.57,23,3,0
4792,2026-03-01 10:00:00,43,43,131.44,24,2,0
4793,2026-03-01 10:00:00,49,19,138.71,22,1,0
4794,2026-03-01 10:00:00,41,9,143.02,24,4,0
4795,2026-03-01 10:00:00,34,27,103.0,22,1,0
4796,2026-03-01 10:00:00,52,34,144.14,14,1,0
4797,2026-03-01 10:00:00,33,44,148.5,16,1,0
4798,2026-03-01 10:00:00,22,4,124.41,18,4,1
4799,2026-03-01 10:00:00,65,36,159.7,24,2,0
4800,2026-03-01 10:00:00,49,18,123.13,19,3,0
4801,2026-03-01 10:00:00,45,15,178.49,24,0,0
4802,2026-03-01 10:00:00,20,51,97.28,22,5,0
4803,2026-03-01 10:00:00,43,13,113.34,19,4,1
4804,2026-03-01 10:00:00,38,19,92.68,12,2,0
4805,2026-03-01 10:00:00,28,49,150.93,17,1,0
4806,2026-03-01 10:00:00,64,6,80.1,15,6,1
4807,2026-03-01 10:00:00,19,48,134.29,22,2,0
4808,2026-03-01 10:00:00,19,56,139.71,22,0,0
4809,2026-03-01 10:00:00,64,12,167.86,14,1,0
4810,2026-03-01 10:00:00,21,51,126.9,14,1,0
4811,2026-03-01 10:00:00,44,37,119.44,18,1,0
4812,2026-03-01 10:00:00,41,17,166.64,17,3,0
4813,2026-03-01 10:00:00,20,58,114.81,18,1,0
4814,2026-03-01 10:00:00,33,23,108.51,22,1,0
4815,2026-03-01 10:00:00,58,26,56.98,18,1,0
4816,2026-03-01 10:00:00,55,29,133.4,18,2,0
4817,2026-03-01 10:00:00,46,33,131.34,22,1,0
4818,2026-03-01 10:00:00,53,27,134.78,17,5,1
4819,2026-03-01 10:00:00,42,25,170.07,16,2,0
4820,2026-03-01 10:00:00,67,56,117.66,11,3,0
4821,2026-03-01 10:00:00,58,55,98.34,21,1,0
4822,2026-03-01 10:00:00,50,10,160.31,9,0,1
4823,2026-03-01 10:00:00,22,47,125.66,25,2,0
4824,2026-03-01 10:00:00,30,23,93.3,15,1,0
4825,2026-03-01 10:00:00,67,21,116.16,20,3,0
4826,2026-03-01 10:00:00,60,21,101.45,11,1,0
4827,2026-03-01 10:00:00,21,43,102.32,24,4,0
4828,2026-03-01 10:00:00,53,13,197.04,23,2,0
4829,2026-03-01 10:00:00,34,37,139.07,23,1,0
4830,2026-03-01 10:00:00,56,33,64.44,27,3,0
4831,2026-03-01 10:00:00,41,24,142.84,16,2,0
4832,2026-03-01 10:00:00,46,44,97.85,19,2,0
4833,2026-03-01 10:00:00,37,11,163.57,14,3,0
4834,2026-03-01 10:00:00,60,17,152.33,18,0,0
4835,2026-03-01 10:00:00,28,4,70.1,24,1,0
4836,2026-03-01 10:00:00,52,47,95.46,20,0,0
4837,2026-03-01 10:00:00,38,25,108.38,17,0,0
4838,2026-03-01 10:00:00,67,30,179.06,23,2,0
4839,2026-03-01 10:00:00,65,9,150.34,19,2,0
4840,2026-03-01 10:00:00,27,21,135.37,17,2,0
4841,2026-03-01 10:00:00,44,20,167.88,15,0,0
4842,2026-03-01 10:00:00,28,19,92.18,24,0,0
4843,2026-03-01 10:00:00,23,19,206.99,16,2,0
4844,2026-03-01 10:00:00,56,12,85.36,23,2,0
4845,2026-03-01 10:00:00,51,37,98.62,17,1,0
4846,2026-03-01 10:00:00,28,42,154.85,18,1,0
4847,2026-03-01 10:00:00,40,17,102.73,23,3,0
4848,2026-03-01 10:00:00,22,37,139.85,16,5,0
4849,2026-03-01 10:00:00,50,54,54.76,14,2,0
4850,2026-03-01 10:00:00,23,48,97.53,12,2,1
4851,2026-03-01 10:00:00,22,39,141.66,24,3,0
4852,2026-03-01 10:00:00,40,28,74.85,13,3,0
4853,2026-03-01 10:00:00,56,41,40.58,32,2,0
4854,2026-03-01 10:00:00,66,35,131.03,20,2,0
4855,2026-03-01 10:00:00,33,47,196.11,20,1,1
4856,2026-03-01 10:00:00,33,48,95.74,19,1,0
4857,2026-03-01 10:00:00,52,18,107.49,23,2,0
4858,2026-03-01 10:00:00,43,14,140.21,21,3,0
4859,2026-03-01 10:00:00,66,35,110.9,14,2,0
4860,2026-03-01 10:00:00,55,44,158.71,27,3,0
4861,2026-03-01 10:00:00,36,41,151.09,16,1,0
4862,2026-03-01 10:00:00,62,7,45.1,20,0,0
4863,2026-03-01 10:00:00,49,41,65.76,18,2,0
4864,2026-03-01 10:00:00,30,13,82.67,12,2,0
4865,2026-03-01 10:00:00,18,18,111.83,21,2,0
4866,2026-03-01 10:00:00,32,37,154.46,26,3,0
4867,2026-03-01 10:00:00,27,13,111.08,22,0,0
4868,2026-03-01 10:00:00,35,36,74.04,19,1,0
4869,2026-03-01 10:00:00,44,31,124.37,20,1,0
4870,2026-03-01 10:00:00,58,2,45.86,20,2,0
4871,2026-03-01 10:00:00,67,16,113.45,24,5,1
4872,2026-03-01 10:00:00,48,9,178.76,21,2,0
4873,2026-03-01 10:00:00,50,9,75.41,30,2,0
4874,2026-03-01 10:00:00,19,38,125.16,21,0,0
4875,2026-03-01 10:00:00,23,11,105.84,18,0,0
4876,2026-03-01 10:00:00,44,54,20.0,25,1,0
4877,2026-03-01 10:00:00,62,56,75.33,23,0,0
4878,2026-03-01 10:00:00,60,22,101.51,19,1,0
4879,2026-03-01 10:00:00,32,33,150.39,16,3,0
4880,2026-03-01 10:00:00,25,36,105.58,19,4,1
4881,2026-03-01 10:00:00,53,45,153.9,19,2,1
4882,2026-03-01 10:00:00,51,23,205.28,22,2,0
4883,2026-03-01 10:00:00,23,45,101.69,24,1,0
4884,2026-03-01 10:00:00,42,45,143.96,19,2,0
4885,2026-03-01 10:00:00,52,34,141.93,23,2,0
4886,2026-03-01 10:00:00,49,9,119.64,14,2,0
4887,2026-03-01 10:00:00,56,24,81.12,30,2,0
4888,2026-03-01 10:00:00,41,8,100.57,20,0,0
4889,2026-03-01 10:00:00,43,7,62.94,23,3,0
4890,2026-03-01 10:00:00,21,36,100.19,24,3,0
4891,2026-03-01 10:00:00,54,18,130.61,15,1,0
4892,2026-03-01 10:00:00,38,3,126.27,13,5,1
4893,2026-03-01 10:00:00,41,28,132.17,25,1,0
4894,2026-03-01 10:00:00,38,6,182.96,14,2,1
4895,2026-03-01 10:00:00,33,44,65.46,19,2,0
4896,2026-03-01 10:00:00,22,44,92.17,17,2,0
4897,2026-03-01 10:00:00,36,21,175.73,20,3,0
4898,2026-03-01 10:00:00,60,28,114.62,26,2,0
4899,2026-03-01 10:00:00,61,40,147.25,16,1,0
4900,2026-03-01 10:00:00,47,54,106.79,24,1,0
4901,2026-03-01 10:00:00,65,54,151.27,20,1,0
4902,2026-03-01 10:00:00,52,1,120.21,20,1,0
4903,2026-03-01 10:00:00,27,36,113.4,18,2,0
4904,2026-03-01 10:00:00,65,21,126.12,29,2,0
4905,2026-03-01 10:00:00,20,43,94.13,24,1,0
4906,2026-03-01 10:00:00,34,35,163.77,15,4,0
4907,2026-03-01 10:00:00,26,13,142.43,24,2,0
4908,2026-03-01 10:00:00,66,57,111.21,23,0,0
4909,2026-03-01 10:00:00,61,49,143.93,25,2,0
4910,2026-03-01 10:00:00,51,54,127.82,22,4,1
4911,2026-03-01 10:00:00,28,54,151.76,23,1,0
4912,2026-03-01 10:00:00,35,10,85.76,21,1,0
4913,2026-03-01 10:00:00,69,53,130.91,15,1,0
4914,2026-03-01 10:00:00,20,44,93.15,12,4,1
4915,2026-03-01 10:00:00,59,47,101.5,25,3,0
4916,2026-03-01 10:00:00,53,53,117.28,11,3,0
4917,2026-03-01 10:00:00,56,10,145.2,23,0,0
4918,2026-03-01 10:00:00,56,46,143.86,17,4,0
4919,2026-03-01 10:00:00,52,13,20.93,19,3,0
4920,2026-03-01 10:00:00,34,37,118.04,18,1,0
4921,2026-03-01 10:00:00,51,38,125.72,21,1,0
4922,2026-03-01 10:00:00,26,24,106.09,22,1,0
4923,2026-03-01 10:00:00,25,2,92.91,29,2,0
4924,2026-03-01 10:00:00,33,22,155.51,23,1,0
4925,2026-03-01 10:00:00,49,17,88.82,20,3,0
4926,2026-03-01 10:00:00,69,36,113.03,14,7,1
4927,2026-03-01 10:00:00,63,14,64.8,21,1,0
4928,2026-03-01 10:00:00,39,10,69.13,20,2,0
4929,2026-03-01 10:00:00,55,35,128.51,22,3,1
4930,2026-03-01 10:00:00,20,25,140.57,19,2,0
4931,2026-03-01 10:00:00,47,3,120.5,13,0,0
4932,2026-03-01 10:00:00,56,47,106.34,19,3,0
4933,2026-03-01 10:00:00,35,38,125.2,14,4,0
4934,2026-03-01 10:00:00,25,17,132.51,21,2,0
4935,2026-03-01 10:00:00,55,12,142.28,20,2,0
4936,2026-03-01 10:00:00,51,54,176.9,24,1,0
4937,2026-03-01 10:00:00,38,52,104.78,19,4,0
4938,2026-03-01 10:00:00,33,24,109.62,19,2,0
4939,2026-03-01 10:00:00,32,29,155.67,22,1,0
4940,2026-03-01 10:00:00,30,43,107.33,15,2,0
4941,2026-03-01 10:00:00,51,25,47.15,27,1,0
4942,2026-03-01 10:00:00,19,36,133.63,33,3,0
4943,2026-03-01 10:00:00,20,58,179.68,27,4,1
4944,2026-03-01 10:00:00,32,26,100.75,16,1,0
4945,2026-03-01 10:00:00,56,38,20.0,14,3,0
4946,2026-03-01 10:00:00,27,1,59.54,36,2,0
4947,2026-03-01 10:00:00,31,20,82.01,19,3,0
4948,2026-03-01 10:00:00,22,55,86.28,23,4,0
4949,2026-03-01 10:00:00,35,28,168.32,16,1,0
4950,2026-03-01 10:00:00,25,16,158.81,21,4,0
4951,2026-03-01 10:00:00,18,47,191.43,20,2,0
4952,2026-03-01 10:00:00,51,17,175.05,21,2,0
4953,2026-03-01 10:00:00,29,40,133.42,14,3,0
4954,2026-03-01 10:00:00,29,28,116.92,15,1,0
4955,2026-03-01 10:00:00,45,58,67.99,21,0,0
4956,2026-03-01 10:00:00,56,12,52.76,16,1,0
4957,2026-03-01 10:00:00,42,27,102.88,32,4,0
4958,2026-03-01 10:00:00,56,54,53.29,27,0,0
4959,2026-03-01 10:00:00,56,53,179.74,14,1,0
4960,2026-03-01 10:00:00,24,42,109.38,30,1,0
4961,2026-03-01 10:00:00,44,59,122.39,26,2,0
4962,2026-03-01 10:00:00,62,47,155.29,21,0,1
4963,2026-03-01 10:00:00,23,30,129.85,28,2,0
4964,2026-03-01 10:00:00,67,41,53.26,22,0,0
4965,2026-03-01 10:00:00,28,34,100.34,16,1,0
4966,2026-03-01 10:00:00,59,37,77.47,13,4,1
4967,2026-03-01 10:00:00,24,6,145.03,22,1,1
4968,2026-03-01 10:00:00,45,7,121.94,20,3,0
4969,2026-03-01 10:00:00,53,32,109.12,11,4,0
4970,2026-03-01 10:00:00,27,32,119.31,13,3,0
4971,2026-03-01 10:00:00,53,53,110.65,22,3,0
4972,2026-03-01 10:00:00,24,25,83.99,21,1,0
4973,2026-03-01 10:00:00,25,33,99.81,22,2,0
4974,2026-03-01 10:00:00,48,55,82.2,14,2,0
4975,2026-03-01 10:00:00,52,58,135.51,14,0,0
4976,2026-03-01 10:00:00,43,7,150.54,25,4,1
4977,2026-03-01 10:00:00,59,52,69.08,22,5,1
4978,2026-03-01 10:00:00,35,57,184.84,19,1,0
4979,2026-03-01 10:00:00,32,12,169.08,23,1,0
4980,2026-03-01 10:00:00,38,16,71.22,19,3,0
4981,2026-03-01 10:00:00,38,16,118.35,21,1,0
4982,2026-03-01 10:00:00,44,43,81.76,11,3,0
4983,2026-03-01 10:00:00,27,53,91.01,24,4,1
4984,2026-03-01 10:00:00,55,36,24.43,18,3,0
4985,2026-03-01 10:00:00,52,13,20.0,17,3,0
4986,2026-03-01 10:00:00,31,7,112.98,18,1,0
4987,2026-03-01 10:00:00,63,36,138.98,19,0,0
4988,2026-03-01 10:00:00,46,47,89.05,23,1,0
4989,2026-03-01 10:00:00,18,51,107.45,24,1,0
4990,2026-03-01 10:00:00,68,9,123.69,16,2,0
4991,2026-03-01 10:00:00,54,32,177.66,15,2,0
4992,2026-03-01 10:00:00,19,11,143.46,15,0,0
4993,2026-03-01 10:00:00,39,8,133.78,21,3,0
4994,2026-03-01 10:00:00,54,33,100.38,25,1,0
4995,2026-03-01 10:00:00,50,23,154.15,28,2,0
4996,2026-03-01 10:00:00,46,25,73.85,20,2,0
4997,2026-03-01 10:00:00,36,56,149.15,24,3,0
4998,2026-03-01 10:00:00,18,8,195.08,24,3,0
4999,2026-03-01 10:00:00,60,45,90.75,19,3,0
5000,2026-03-01 10:00:00,35,22,84.1,20,1,0
5001,2026-03-01 10:00:00,33,59,101.64,19,1,0
5002,2026-03-01 10:00:00,63,4,118.95,20,3,0
5003,2026-03-01 10:00:00,57,40,188.29,20,3,0
5004,2026-03-01 10:00:00,29,3,90.54,22,1,0
5005,2026-03-01 10:00:00,56,29,99.07,17,3,0
5006,2026-03-01 10:00:00,31,41,20.0,14,1,0
5007,2026-03-01 10:00:00,26,29,102.61,21,2,1
5008,2026-03-01 10:00:00,41,34,63.76,20,3,0
5009,2026-03-01 10:00:00,39,34,136.64,19,1,0
5010,2026-03-01 10:00:00,62,28,120.21,19,3,0
5011,2026-03-01 10:00:00,66,13,180.14,13,0,0
5012,2026-03-01 10:00:00,52,15,175.05,27,3,0
5013,2026-03-01 10:00:00,35,23,131.91,24,1,0
5014,2026-03-01 10:00:00,42,44,135.2,19,0,1
5015,2026-03-01 10:00:00,34,26,116.94,14,4,1
5016,2026-03-01 10:00:00,40,4,96.06,25,1,1
5017,2026-03-01 10:00:00,51,26,99.27,20,3,0
5018,2026-03-01 10:00:00,49,40,120.77,25,1,0
5019,2026-03-01 10:00:00,67,9,160.75,23,3,0
5020,2026-03-01 10:00:00,55,55,114.43,16,1,0
5021,2026-03-01 10:00:00,19,5,130.44,24,0,1
5022,2026-03-01 10:00:00,23,56,139.81,9,1,0
5023,2026-03-01 10:00:00,61,32,124.62,16,1,0
5024,2026-03-01 10:00:00,45,20,54.0,23,2,0
5025,2026-03-01 10:00:00,25,50,194.54,26,3,0
5026,2026-03-01 10:00:00,21,11,116.19,19,4,1
5027,2026-03-01 10:00:00,46,15,139.2,26,0,0
5028,2026-03-01 10:00:00,55,32,123.39,18,1,0
5029,2026-03-01 10:00:00,19,28,26.27,17,2,0
5030,2026-03-01 10:00:00,36,22,123.43,19,0,0
5031,2026-03-01 10:00:00,65,41,49.75,17,1,0
5032,2026-03-01 10:00:00,54,17,76.48,19,3,0
5033,2026-03-01 10:00:00,20,59,144.99,23,3,0
5034,2026-03-01 10:00:00,49,26,133.33,28,1,0
5035,2026-03-01 10:00:00,44,44,102.28,23,1,0
5036,2026-03-01 10:00:00,61,7,75.08,25,2,0
5037,2026-03-01 10:00:00,58,42,114.66,23,2,0
5038,2026-03-01 10:00:00,60,57,109.73,11,0,0
5039,2026-03-01 10:00:00,43,26,129.22,21,4,0
5040,2026-03-01 10:00:00,60,25,146.53,20,1,0
5041,2026-03-01 10:00:00,67,10,124.72,15,4,1
5042,2026-03-01 10:00:00,19,59,153.97,21,2,0
5043,2026-03-01 10:00:00,69,45,147.51,21,3,0
5044,2026-03-01 10:00:00,52,19,136.75,20,1,0
5045,2026-03-01 10:00:00,60,11,65.83,28,6,0
5046,2026-03-01 10:00:00,19,13,81.33,13,3,0
5047,2026-03-01 10:00:00,58,53,141.64,21,1,0
5048,2026-03-01 10:00:00,43,8,85.71,18,4,1
5049,2026-03-01 10:00:00,19,40,103.47,13,1,0
5050,2026-03-01 10:00:00,50,4,167.37,26,1,0
5051,2026-03-01 10:00:00,32,47,143.46,27,5,0
5052,2026-03-01 10:00:00,18,31,133.59,25,4,0
5053,2026-03-01 10:00:00,49,28,119.05,18,0,0
5054,2026-03-01 10:00:00,67,11,162.36,16,3,0
5055,2026-03-01 10:00:00,36,43,144.85,20,2,0
5056,2026-03-01 10:00:00,31,1,138.2,19,5,1
5057,2026-03-01 10:00:00,58,49,30.86,18,2,0
5058,2026-03-01 10:00:00,65,47,120.22,18,4,0
5059,2026-03-01 10:00:00,25,52,99.83,22,4,1
5060,2026-03-01 10:00:00,29,38,95.88,17,5,0
5061,2026-03-01 10:00:00,32,24,135.72,16,2,0
5062,2026-03-01 10:00:00,67,54,132.77,22,0,0
5063,2026-03-01 10:00:00,67,57,153.96,24,0,0
5064,2026-03-01 10:00:00,61,47,121.25,22,2,0
5065,2026-03-01 10:00:00,67,31,91.64,20,2,0
5066,2026-03-01 10:00:00,51,41,89.24,27,2,0
5067,2026-03-01 10:00:00,23,46,211.93,20,3,0
5068,2026-03-01 10:00:00,44,50,175.32,18,3,0
5069,2026-03-01 10:00:00,44,26,123.44,20,3,0
5070,2026-03-01 10:00:00,44,49,64.57,16,0,0
5071,2026-03-01 10:00:00,55,50,126.68,20,2,0
5072,2026-03-01 10:00:00,27,5,152.71,17,2,1
5073,2026-03-01 10:00:00,69,20,146.83,14,4,0
5074,2026-03-01 10:00:00,65,52,147.9,30,0,0
5075,2026-03-01 10:00:00,60,41,171.43,23,3,0
5076,2026-03-01 10:00:00,54,11,99.57,22,4,0
5077,2026-03-01 10:00:00,44,56,108.72,19,1,0
5078,2026-03-01 10:00:00,62,54,168.92,16,0,0
5079,2026-03-01 10:00:00,45,33,66.43,19,4,0
5080,2026-03-01 10:00:00,26,50,147.82,18,7,0
5081,2026-03-01 10:00:00,45,38,158.25,18,0,0
5082,2026-03-01 10:00:00,48,27,120.04,19,3,0
5083,2026-03-01 10:00:00,58,34,127.81,20,6,1
5084,2026-03-01 10:00:00,66,15,122.45,19,0,0
5085,2026-03-01 10:00:00,21,32,144.47,30,0,0
5086,2026-03-01 10:00:00,65,58,24.88,16,4,1
5087,2026-03-01 10:00:00,67,21,176.68,14,1,0
5088,2026-03-01 10:00:00,39,46,70.09,24,4,0
5089,2026-03-01 10:00:00,50,5,76.74,20,2,1
5090,2026-03-01 10:00:00,42,6,82.96,27,3,0
5091,2026-03-01 10:00:00,37,38,124.21,19,4,0
5092,2026-03-01 10:00:00,18,22,116.29,20,2,0
5093,2026-03-01 10:00:00,33,18,94.83,16,4,1
5094,2026-03-01 10:00:00,19,14,113.91,24,0,0
5095,2026-03-01 10:00:00,26,10,123.26,19,2,0
5096,2026-03-01 10:00:00,69,46,103.98,22,1,0
5097,2026-03-01 10:00:00,30,13,93.0,20,1,0
5098,2026-03-01 10:00:00,23,31,159.86,20,2,0
5099,2026-03-01 10:00:00,66,30,55.96,20,1,0
5100,2026-03-01 10:00:00,29,3,105.87,17,2,0
5101,2026-03-01 10:00:00,58,30,141.04,26,3,0
5102,2026-03-01 10:00:00,30,6,141.91,21,3,0
5103,2026-03-01 10:00:00,25,29,148.11,16,2,0
5104,2026-03-01 10:00:00,58,8,138.98,10,2,0
5105,2026-03-01 10:00:00,18,44,112.57,11,0,0
5106,2026-03-01 10:00:00,27,45,72.63,18,3,0
5107,2026-03-01 10:00:00,18,43,123.64,23,2,0
5108,2026-03-01 10:00:00,34,44,122.82,24,1,0
5109,2026-03-01 10:00:00,38,33,136.91,27,4,0
5110,2026-03-01 10:00:00,60,17,95.08,26,3,0
5111,2026-03-01 10:00:00,29,48,112.14,29,2,1
5112,2026-03-01 10:00:00,23,11,103.58,12,3,0
5113,2026-03-01 10:00:00,19,13,80.08,20,0,0
5114,2026-03-01 10:00:00,53,50,143.82,24,3,0
5115,2026-03-01 10:00:00,20,11,130.52,17,3,0
5116,2026-03-01 10:00:00,61,31,169.36,22,1,1
5117,2026-03-01 10:00:00,35,28,208.65,18,2,0
5118,2026-03-01 10:00:00,47,44,109.1,19,0,0
5119,2026-03-01 10:00:00,37,6,148.1,18,5,0
5120,2026-03-01 10:00:00,49,41,132.36,27,3,0
5121,2026-03-01 10:00:00,69,16,109.51,18,2,1
5122,2026-03-01 10:00:00,38,4,118.67,30,2,0
5123,2026-03-01 10:00:00,41,35,102.45,19,3,0
5124,2026-03-01 10:00:00,37,48,109.95,20,1,0
5125,2026-03-01 10:00:00,55,56,110.58,17,3,0
5126,2026-03-01 10:00:00,27,59,129.1,14,3,0
5127,2026-03-01 10:00:00,63,26,81.45,28,0,0
5128,2026-03-01 10:00:00,23,57,104.59,25,1,0
5129,2026-03-01 10:00:00,34,12,63.8,27,1,0
5130,2026-03-01 10:00:00,54,11,123.05,11,1,0
5131,2026-03-01 10:00:00,19,37,117.82,17,2,0
5132,2026-03-01 10:00:00,37,25,183.89,17,0,0
5133,2026-03-01 10:00:00,32,18,145.62,16,1,0
5134,2026-03-01 10:00:00,46,19,119.77,16,0,0
5135,2026-03-01 10:00:00,24,23,79.2,26,1,0
5136,2026-03-01 10:00:00,53,55,58.85,26,3,0
5137,2026-03-01 10:00:00,64,38,50.69,15,1,0
5138,2026-03-01 10:00:00,65,54,160.14,21,2,0
5139,2026-03-01 10:00:00,45,18,127.18,22,4,1
5140,2026-03-01 10:00:00,42,26,170.64,23,1,1
5141,2026-03-01 10:00:00,62,6,180.82,19,3,0
5142,2026-03-01 10:00:00,22,4,119.8,23,4,1
5143,2026-03-01 10:00:00,67,44,153.58,25,1,0
5144,2026-03-01 10:00:00,63,51,167.49,22,3,0
5145,2026-03-01 10:00:00,47,29,101.33,15,1,0
5146,2026-03-01 10:00:00,47,59,141.82,15,1,0
5147,2026-03-01 10:00:00,51,34,203.64,19,3,0
5148,2026-03-01 10:00:00,24,17,37.11,18,1,0
5149,2026-03-01 10:00:00,67,43,73.75,24,2,0
5150,2026-03-01 10:00:00,67,43,119.66,17,1,0
5151,2026-03-01 10:00:00,68,53,115.54,17,2,0
5152,2026-03-01 10:00:00,66,16,20.0,18,3,0
5153,2026-03-01 10:00:00,34,2,105.37,21,2,0
5154,2026-03-01 10:00:00,22,34,79.8,17,2,0
5155,2026-03-01 10:00:00,56,55,168.58,18,2,0
5156,2026-03-01 10:00:00,31,8,162.01,20,2,0
5157,2026-03-01 10:00:00,26,13,135.11,18,0,0
5158,2026-03-01 10:00:00,18,42,177.42,22,3,0
5159,2026-03-01 10:00:00,36,8,168.43,18,1,0
5160,2026-03-01 10:00:00,50,30,201.32,26,3,0
5161,2026-03-01 10:00:00,67,32,144.52,24,1,0
5162,2026-03-01 10:00:00,66,36,127.62,19,0,0
5163,2026-03-01 10:00:00,35,47,151.47,19,3,0
5164,2026-03-01 10:00:00,25,30,80.05,17,2,0
5165,2026-03-01 10:00:00,19,1,143.97,17,0,1
5166,2026-03-01 10:00:00,23,43,94.87,25,3,0
5167,2026-03-01 10:00:00,55,39,146.57,27,2,0
5168,2026-03-01 10:00:00,46,17,101.56,17,0,0
5169,2026-03-01 10:00:00,21,59,30.77,17,1,0
5170,2026-03-01 10:00:00,63,20,169.12,25,4,0
5171,2026-03-01 10:00:00,24,24,88.6,21,2,0
5172,2026-03-01 10:00:00,39,50,74.7,15,3,0
5173,2026-03-01 10:00:00,61,22,149.31,22,4,1
5174,2026-03-01 10:00:00,18,29,138.53,24,2,0
5175,2026-03-01 10:00:00,34,22,168.93,14,2,0
5176,2026-03-01 10:00:00,59,44,127.11,13,0,0
5177,2026-03-01 10:00:00,57,9,122.37,18,1,0
5178,2026-03-01 10:00:00,57,37,105.62,24,1,0
5179,2026-03-01 10:00:00,41,10,116.55,23,5,1
5180,2026-03-01 10:00:00,61,36,122.81,18,2,0
5181,2026-03-01 10:00:00,46,37,88.95,22,3,0
5182,2026-03-01 10:00:00,25,28,109.26,22,5,0
5183,2026-03-01 10:00:00,34,28,119.71,18,4,1
5184,2026-03-01 10:00:00,67,42,97.44,15,1,0
5185,2026-03-01 10:00:00,34,43,143.3,18,2,0
5186,2026-03-01 10:00:00,55,21,129.09,21,1,0
5187,2026-03-01 10:00:00,60,24,76.3,25,3,0
5188,2026-03-01 10:00:00,37,42,85.06,22,2,0
5189,2026-03-01 10:00:00,49,40,141.13,16,1,0
5190,2026-03-01 10:00:00,34,2,125.81,21,2,1
5191,2026-03-01 10:00:00,43,55,113.31,14,2,0
5192,2026-03-01 10:00:00,68,8,114.49,17,1,0
5193,2026-03-01 10:00:00,47,48,177.76,20,2,0
5194,2026-03-01 10:00:00,68,27,106.69,21,0,0
5195,2026-03-01 10:00:00,61,22,179.65,14,0,0
5196,2026-03-01 10:00:00,65,37,70.22,16,0,0
5197,2026-03-01 10:00:00,38,27,127.82,21,1,0
5198,2026-03-01 10:00:00,65,57,177.48,16,3,0
5199,2026-03-01 10:00:00,40,29,95.44,23,2,0
5200,2026-03-01 10:00:00,43,3,93.19,19,4,1
5201,2026-03-01 10:00:00,30,44,81.54,20,2,0
5202,2026-03-01 10:00:00,20,13,98.41,16,2,0
5203,2026-03-01 10:00:00,18,45,153.19,13,0,0
5204,2026-03-01 10:00:00,39,10,97.37,9,3,1
5205,2026-03-01 10:00:00,62,36,186.07,21,3,0
5206,2026-03-01 10:00:00,38,9,153.1,17,1,0
5207,2026-03-01 10:00:00,67,54,156.91,18,2,0
5208,2026-03-01 10:00:00,60,56,136.29,21,3,0
5209,2026-03-01 10:00:00,55,55,83.86,26,2,0
5210,2026-03-01 10:00:00,37,27,129.75,20,3,0
5211,2026-03-01 10:00:00,42,34,166.02,20,2,0
5212,2026-03-01 10:00:00,35,51,153.67,21,1,0
5213,2026-03-01 10:00:00,62,1,91.49,22,2,1
5214,2026-03-01 10:00:00,30,32,107.94,22,5,1
5215,2026-03-01 10:00:00,36,25,59.82,19,1,0
5216,2026-03-01 10:00:00,18,29,102.61,26,2,1
5217,2026-03-01 10:00:00,56,7,102.06,16,0,0
5218,2026-03-01 10:00:00,35,49,123.62,22,5,0
5219,2026-03-01 10:00:00,40,3,123.79,17,2,0
5220,2026-03-01 10:00:00,42,20,96.51,17,4,1
5221,2026-03-01 10:00:00,62,20,105.42,21,1,0
5222,2026-03-01 10:00:00,57,53,82.5,12,3,0
5223,2026-03-01 10:00:00,60,30,59.72,23,2,0
5224,2026-03-01 10:00:00,34,35,65.84,15,1,0
5225,2026-03-01 10:00:00,59,35,38.88,17,1,0
5226,2026-03-01 10:00:00,39,49,191.42,18,2,0
5227,2026-03-01 10:00:00,53,39,90.31,16,2,0
5228,2026-03-01 10:00:00,54,27,157.21,15,3,0
5229,2026-03-01 10:00:00,33,26,127.31,19,2,0
5230,2026-03-01 10:00:00,69,14,73.37,16,0,0
5231,2026-03-01 10:00:00,43,17,32.5,22,1,0
5232,2026-03-01 10:00:00,49,18,101.76,21,2,0
5233,2026-03-01 10:00:00,35,45,150.19,17,3,0
5234,2026-03-01 10:00:00,67,52,111.0,19,1,0
5235,2026-03-01 10:00:00,54,29,96.08,26,2,0
5236,2026-03-01 10:00:00,47,20,143.4,15,3,0
5237,2026-03-01 10:00:00,38,53,183.2,16,3,0
5238,2026-03-01 10:00:00,42,27,105.8,18,1,0
5239,2026-03-01 10:00:00,33,18,150.04,26,5,1
5240,2026-03-01 10:00:00,26,4,121.3,19,1,1
5241,2026-03-01 10:00:00,52,1,90.65,30,1,0
5242,2026-03-01 10:00:00,49,50,137.26,31,0,0
5243,2026-03-01 10:00:00,55,1,162.06,14,2,0
5244,2026-03-01 10:00:00,27,58,108.16,12,2,0
5245,2026-03-01 10:00:00,19,26,129.87,19,2,0
5246,2026-03-01 10:00:00,41,45,20.0,18,5,1
5247,2026-03-01 10:00:00,51,20,112.83,15,2,1
5248,2026-03-01 10:00:00,46,52,107.1,19,1,0
5249,2026-03-01 10:00:00,56,23,88.96,15,5,1
5250,2026-03-01 10:00:00,47,10,156.89,20,2,0
5251,2026-03-01 10:00:00,58,59,48.84,21,1,0
5252,2026-03-01 10:00:00,48,11,80.72,23,4,1
5253,2026-03-01 10:00:00,63,41,137.98,23,0,1
5254,2026-03-01 10:00:00,57,41,170.59,22,0,0
5255,2026-03-01 10:00:00,65,5,134.2,13,1,0
5256,2026-03-01 10:00:00,33,58,109.53,14,3,0
5257,2026-03-01 10:00:00,47,1,118.8,29,2,1
5258,2026-03-01 10:00:00,52,17,112.85,33,2,0
5259,2026-03-01 10:00:00,55,22,112.34,20,1,0
5260,2026-03-01 10:00:00,28,34,176.81,22,1,0
5261,2026-03-01 10:00:00,60,56,136.93,15,3,0
5262,2026-03-01 10:00:00,23,45,111.16,23,3,1
5263,2026-03-01 10:00:00,35,41,139.87,25,3,0
5264,2026-03-01 10:00:00,62,29,199.94,13,1,0
5265,2026-03-01 10:00:00,24,4,68.74,17,1,0
5266,2026-03-01 10:00:00,32,5,67.55,16,0,0
5267,2026-03-01 10:00:00,60,11,78.41,17,0,0
5268,2026-03-01 10:00:00,46,56,80.47,20,3,0
5269,2026-03-01 10:00:00,55,51,135.14,17,3,0
5270,2026-03-01 10:00:00,21,21,81.64,21,7,1
5271,2026-03-01 10:00:00,46,35,101.16,18,0,0
5272,2026-03-01 10:00:00,33,12,47.23,24,2,0
5273,2026-03-01 10:00:00,33,26,201.98,23,4,1
5274,2026-03-01 10:00:00,67,51,108.72,17,4,0
5275,2026-03-01 10:00:00,22,19,165.38,16,1,0
5276,2026-03-01 10:00:00,35,45,112.21,30,4,0
5277,2026-03-01 10:00:00,38,7,149.63,17,2,0
5278,2026-03-01 10:00:00,42,47,122.25,22,1,0
5279,2026-03-01 10:00:00,18,55,151.09,15,1,0
5280,2026-03-01 10:00:00,53,7,163.53,19,1,1
5281,2026-03-01 10:00:00,59,26,51.83,13,3,0
5282,2026-03-01 10:00:00,60,40,91.44,14,1,0
5283,2026-03-01 10:00:00,23,5,133.71,21,1,0
5284,2026-03-01 10:00:00,21,21,172.17,24,1,0
5285,2026-03-01 10:00:00,21,14,115.16,21,1,0
5286,2026-03-01 10:00:00,18,4,88.54,19,3,1
5287,2026-03-01 10:00:00,50,23,120.75,15,1,0
5288,2026-03-01 10:00:00,20,42,128.77,23,3,0
5289,2026-03-01 10:00:00,69,20,111.5,14,2,0
5290,2026-03-01 10:00:00,24,15,173.46,21,1,0
5291,2026-03-01 10:00:00,33,50,80.27,15,2,0
5292,2026-03-01 10:00:00,40,52,138.21,24,4,0
5293,2026-03-01 10:00:00,33,45,76.4,21,1,0
5294,2026-03-01 10:00:00,18,29,91.97,29,1,0
5295,2026-03-01 10:00:00,62,8,90.48,24,1,0
5296,2026-03-01 10:00:00,19,41,99.15,21,2,0
5297,2026-03-01 10:00:00,61,48,146.71,20,0,0
5298,2026-03-01 10:00:00,61,19,79.13,18,0,0
5299,2026-03-01 10:00:00,28,48,154.13,21,3,0
5300,2026-03-01 10:00:00,59,39,108.36,26,2,0
5301,2026-03-01 10:00:00,18,46,146.73,18,1,0
5302,2026-03-01 10:00:00,31,28,110.97,19,1,0
5303,2026-03-01 10:00:00,19,46,147.47,25,0,0
5304,2026-03-01 10:00:00,49,57,149.04,21,2,0
5305,2026-03-01 10:00:00,47,27,92.76,19,2,0
5306,2026-03-01 10:00:00,49,4,188.67,32,5,1
5307,2026-03-01 10:00:00,33,58,95.27,22,0,0
5308,2026-03-01 10:00:00,60,15,92.47,24,0,0
5309,2026-03-01 10:00:00,44,35,114.53,20,2,0
5310,2026-03-01 10:00:00,54,37,139.68,13,3,0
5311,2026-03-01 10:00:00,47,1,67.02,12,0,1
5312,2026-03-01 10:00:00,18,3,161.92,21,0,0
5313,2026-03-01 10:00:00,28,47,131.38,23,1,0
5314,2026-03-01 10:00:00,50,24,163.4,26,0,0
5315,2026-03-01 10:00:00,68,27,136.57,21,2,0
5316,2026-03-01 10:00:00,46,40,144.29,17,2,0
5317,2026-03-01 10:00:00,45,36,118.71,20,5,0
5318,2026-03-01 10:00:00,46,34,133.76,22,2,0
5319,2026-03-01 10:00:00,63,29,153.2,17,1,0
5320,2026-03-01 10:00:00,35,24,96.0,16,3,0
5321,2026-03-01 10:00:00,55,24,121.1,15,1,0
5322,2026-03-01 10:00:00,28,42,68.22,24,1,0
5323,2026-03-01 10:00:00,35,4,79.44,30,2,1
5324,2026-03-01 10:00:00,43,3,111.23,19,1,0
5325,2026-03-01 10:00:00,61,34,150.11,19,4,0
5326,2026-03-01 10:00:00,40,57,133.77,18,2,1
5327,2026-03-01 10:00:00,52,49,123.95,20,0,0
5328,2026-03-01 10:00:00,53,23,150.23,18,3,0
5329,2026-03-01 10:00:00,27,53,118.94,18,7,1
5330,2026-03-01 10:00:00,42,56,115.46,25,1,0
5331,2026-03-01 10:00:00,40,52,139.46,22,1,0
5332,2026-03-01 10:00:00,31,23,122.06,30,4,1
5333,2026-03-01 10:00:00,63,45,39.69,21,0,0
5334,2026-03-01 10:00:00,35,5,89.62,19,2,1
5335,2026-03-01 10:00:00,49,31,115.65,27,1,0
5336,2026-03-01 10:00:00,24,53,151.49,15,2,0
5337,2026-03-01 10:00:00,32,41,116.03,23,1,0
5338,2026-03-01 10:00:00,61,57,129.94,20,1,0
5339,2026-03-01 10:00:00,50,57,146.75,19,4,0
5340,2026-03-01 10:00:00,31,54,139.13,19,2,0
5341,2026-03-01 10:00:00,19,6,106.36,16,0,0
5342,2026-03-01 10:00:00,31,37,146.0,12,3,0
5343,2026-03-01 10:00:00,53,57,137.89,21,3,0
5344,2026-03-01 10:00:00,44,10,95.97,19,5,0
5345,2026-03-01 10:00:00,67,40,104.28,18,3,0
5346,2026-03-01 10:00:00,24,7,136.51,18,1,0
5347,2026-03-01 10:00:00,45,39,114.09,24,2,0
5348,2026-03-01 10:00:00,27,38,114.72,22,2,0
5349,2026-03-01 10:00:00,23,21,193.15,17,2,0
5350,2026-03-01 10:00:00,45,20,118.63,21,1,0
5351,2026-03-01 10:00:00,20,3,97.18,22,0,0
5352,2026-03-01 10:00:00,63,51,113.75,26,2,0
5353,2026-03-01 10:00:00,47,22,175.35,20,4,1
5354,2026-03-01 10:00:00,51,47,81.55,13,5,0
5355,2026-03-01 10:00:00,57,4,125.08,23,1,0
5356,2026-03-01 10:00:00,43,28,83.9,22,2,0
5357,2026-03-01 10:00:00,69,12,186.05,19,2,0
5358,2026-03-01 10:00:00,67,38,165.42,18,2,0
5359,2026-03-01 10:00:00,53,51,143.3,22,2,0
5360,2026-03-01 10:00:00,20,36,111.6,13,4,0
5361,2026-03-01 10:00:00,68,47,107.39,21,2,0
5362,2026-03-01 10:00:00,61,41,98.77,15,4,0
5363,2026-03-01 10:00:00,61,5,61.91,23,2,0
5364,2026-03-01 10:00:00,61,13,62.46,22,2,0
5365,2026-03-01 10:00:00,20,23,108.83,17,1,0
5366,2026-03-01 10:00:00,20,58,179.5,24,0,0
5367,2026-03-01 10:00:00,61,50,64.59,21,6,1
5368,2026-03-01 10:00:00,45,30,89.58,16,1,0
5369,2026-03-01 10:00:00,45,37,79.53,22,2,0
5370,2026-03-01 10:00:00,43,25,122.83,24,0,0
5371,2026-03-01 10:00:00,33,48,166.02,24,1,0
5372,2026-03-01 10:00:00,28,27,136.67,22,2,0
5373,2026-03-01 10:00:00,49,51,127.85,30,1,0
5374,2026-03-01 10:00:00,43,14,145.56,22,2,0
5375,2026-03-01 10:00:00,24,57,98.74,15,3,0
5376,2026-03-01 10:00:00,63,48,145.01,24,1,0
5377,2026-03-01 10:00:00,52,59,46.97,23,4,1
5378,2026-03-01 10:00:00,62,47,124.79,21,2,1
5379,2026-03-01 10:00:00,51,54,148.21,25,2,0
5380,2026-03-01 10:00:00,45,36,91.29,25,3,1
5381,2026-03-01 10:00:00,65,39,77.39,22,0,0
5382,2026-03-01 10:00:00,22,16,115.35,12,1,0
5383,2026-03-01 10:00:00,29,56,116.38,25,0,0
5384,2026-03-01 10:00:00,44,22,179.13,28,0,0
5385,2026-03-01 10:00:00,34,21,147.09,21,3,0
5386,2026-03-01 10:00:00,40,54,151.18,16,3,0
5387,2026-03-01 10:00:00,42,21,186.98,19,1,0
5388,2026-03-01 10:00:00,30,8,141.39,25,1,0
5389,2026-03-01 10:00:00,25,49,113.47,22,1,0
5390,2026-03-01 10:00:00,35,16,165.39,17,1,0
5391,2026-03-01 10:00:00,33,59,20.0,14,0,0
5392,2026-03-01 10:00:00,30,55,150.22,24,2,0
5393,2026-03-01 10:00:00,23,31,98.63,16,2,0
5394,2026-03-01 10:00:00,41,42,151.47,19,0,0
5395,2026-03-01 10:00:00,45,10,121.78,24,3,0
5396,2026-03-01 10:00:00,43,32,145.02,24,3,0
5397,2026-03-01 10:00:00,32,59,83.14,24,3,0
5398,2026-03-01 10:00:00,49,34,129.31,20,2,1
5399,2026-03-01 10:00:00,62,9,140.56,29,1,0
5400,2026-03-01 10:00:00,50,17,122.18,23,1,0
5401,2026-03-01 10:00:00,43,11,84.72,21,5,0
5402,2026-03-01 10:00:00,66,32,115.46,23,1,0
5403,2026-03-01 10:00:00,60,10,183.02,21,1,0
5404,2026-03-01 10:00:00,53,22,52.13,15,3,0
5405,2026-03-01 10:00:00,66,57,39.67,17,2,0
5406,2026-03-01 10:00:00,65,17,93.68,19,2,0
5407,2026-03-01 10:00:00,28,4,140.58,10,3,0
5408,2026-03-01 10:00:00,53,48,85.47,17,0,0
5409,2026-03-01 10:00:00,45,52,117.23,14,1,0
5410,2026-03-01 10:00:00,31,47,127.58,15,1,0
5411,2026-03-01 10:00:00,48,25,69.57,19,3,0
5412,2026-03-01 10:00:00,19,59,123.15,13,2,0
5413,2026-03-01 10:00:00,29,21,128.93,24,3,0
5414,2026-03-01 10:00:00,54,37,88.83,15,1,0
5415,2026-03-01 10:00:00,61,38,119.07,21,3,0
5416,2026-03-01 10:00:00,34,49,127.83,22,2,0
5417,2026-03-01 10:00:00,57,1,117.82,23,1,0
5418,2026-03-01 10:00:00,46,25,57.39,18,3,0
5419,2026-03-01 10:00:00,26,51,132.18,18,1,0
5420,2026-03-01 10:00:00,18,36,146.64,21,4,1
5421,2026-03-01 10:00:00,18,17,180.39,22,1,0
5422,2026-03-01 10:00:00,55,41,156.73,18,1,0
5423,2026-03-01 10:00:00,23,24,105.61,25,2,0
5424,2026-03-01 10:00:00,36,2,77.91,27,2,0
5425,2026-03-01 10:00:00,43,40,99.58,23,1,0
5426,2026-03-01 10:00:00,68,15,100.41,20,2,0
5427,2026-03-01 10:00:00,39,32,101.47,27,1,0
5428,2026-03-01 10:00:00,18,39,73.13,16,1,0
5429,2026-03-01 10:00:00,53,59,148.65,16,2,0
5430,2026-03-01 10:00:00,21,6,104.01,21,0,0
5431,2026-03-01 10:00:00,33,1,105.87,8,3,1
5432,2026-03-01 10:00:00,41,47,91.7,15,2,0
5433,2026-03-01 10:00:00,64,23,152.3,22,0,0
5434,2026-03-01 10:00:00,34,58,153.37,16,2,0
5435,2026-03-01 10:00:00,31,39,173.79,22,0,0
5436,2026-03-01 10:00:00,45,57,127.09,31,4,1
5437,2026-03-01 10:00:00,60,17,23.3,13,2,0
5438,2026-03-01 10:00:00,37,34,116.41,26,4,0
5439,2026-03-01 10:00:00,32,59,100.18,18,2,0
5440,2026-03-01 10:00:00,65,41,105.78,17,1,1
5441,2026-03-01 10:00:00,35,29,194.09,20,4,0
5442,2026-03-01 10:00:00,50,9,161.84,24,3,0
5443,2026-03-01 10:00:00,38,13,101.18,16,2,0
5444,2026-03-01 10:00:00,51,6,186.39,19,1,0
5445,2026-03-01 10:00:00,61,6,112.88,19,4,1
5446,2026-03-01 10:00:00,26,20,40.39,19,1,0
5447,2026-03-01 10:00:00,54,52,67.08,15,3,0
5448,2026-03-01 10:00:00,27,53,73.54,18,4,0
5449,2026-03-01 10:00:00,61,3,124.27,13,0,0
5450,2026-03-01 10:00:00,21,17,20.0,17,2,1
5451,2026-03-01 10:00:00,47,49,104.84,19,2,0
5452,2026-03-01 10:00:00,55,12,72.31,28,3,0
5453,2026-03-01 10:00:00,34,48,121.37,22,1,1
5454,2026-03-01 10:00:00,61,47,115.54,20,1,0
5455,2026-03-01 10:00:00,40,45,85.54,15,1,0
5456,2026-03-01 10:00:00,22,55,43.54,25,0,0
5457,2026-03-01 10:00:00,52,1,90.66,21,1,0
5458,2026-03-01 10:00:00,41,17,140.17,17,2,0
5459,2026-03-01 10:00:00,42,3,174.89,26,3,1
5460,2026-03-01 10:00:00,40,26,118.45,11,1,0
5461,2026-03-01 10:00:00,51,15,154.51,19,2,0
5462,2026-03-01 10:00:00,32,36,174.8,18,3,0
5463,2026-03-01 10:00:00,28,32,122.25,13,3,0
5464,2026-03-01 10:00:00,52,32,177.3,20,1,0
5465,2026-03-01 10:00:00,27,4,158.73,18,0,0
5466,2026-03-01 10:00:00,20,18,139.14,16,1,0
5467,2026-03-01 10:00:00,44,49,205.27,17,3,0
5468,2026-03-01 10:00:00,27,19,164.03,21,1,0
5469,2026-03-01 10:00:00,27,43,145.95,19,1,0
5470,2026-03-01 10:00:00,18,52,127.39,15,2,0
5471,2026-03-01 10:00:00,26,35,85.0,20,1,0
5472,2026-03-01 10:00:00,66,40,116.14,20,5,0
5473,2026-03-01 10:00:00,44,14,121.62,21,4,0
5474,2026-03-01 10:00:00,48,58,88.29,20,1,0
5475,2026-03-01 10:00:00,24,33,106.15,27,0,0
5476,2026-03-01 10:00:00,34,14,140.36,19,3,0
5477,2026-03-01 10:00:00,56,34,148.64,22,4,1
5478,2026-03-01 10:00:00,36,55,103.58,20,5,1
5479,2026-03-01 10:00:00,60,4,82.7,22,3,0
5480,2026-03-01 10:00:00,20,24,136.68,15,6,1
5481,2026-03-01 10:00:00,51,59,155.24,18,1,0
5482,2026-03-01 10:00:00,30,29,62.89,18,4,0
5483,2026-03-01 10:00:00,65,19,125.81,15,1,0
5484,2026-03-01 10:00:00,33,6,105.49,20,0,0
5485,2026-03-01 10:00:00,46,57,163.58,29,1,0
5486,2026-03-01 10:00:00,21,33,300.0,19,2,0
5487,2026-03-01 10:00:00,33,49,47.47,18,5,1
5488,2026-03-01 10:00:00,36,40,182.03,17,5,1
5489,2026-03-01 10:00:00,44,19,80.88,15,3,0
5490,2026-03-01 10:00:00,56,53,167.09,10,5,0
5491,2026-03-01 10:00:00,50,1,128.4,17,4,1
5492,2026-03-01 10:00:00,33,5,124.87,18,3,0
5493,2026-03-01 10:00:00,63,27,113.76,23,2,0
5494,2026-03-01 10:00:00,39,16,77.72,22,4,1
5495,2026-03-01 10:00:00,41,6,118.28,16,1,0
5496,2026-03-01 10:00:00,55,40,106.11,15,3,0
5497,2026-03-01 10:00:00,64,13,186.98,21,2,0
5498,2026-03-01 10:00:00,32,48,101.44,13,3,0
5499,2026-03-01 10:00:00,28,35,152.69,19,1,1
5500,2026-03-01 10:00:00,42,19,107.7,20,3,0
5501,2026-03-01 10:00:00,58,12,164.87,18,0,0
5502,2026-03-01 10:00:00,25,16,33.7,20,6,1
5503,2026-03-01 10:00:00,33,59,92.56,17,2,0
5504,2026-03-01 10:00:00,68,43,100.82,20,2,0
5505,2026-03-01 10:00:00,34,10,83.34,24,1,0
5506,2026-03-01 10:00:00,56,25,192.95,25,1,0
5507,2026-03-01 10:00:00,52,20,178.01,15,4,0
5508,2026-03-01 10:00:00,65,31,182.68,19,2,0
5509,2026-03-01 10:00:00,18,4,43.17,17,1,1
5510,2026-03-01 10:00:00,67,44,115.83,17,1,0
5511,2026-03-01 10:00:00,39,23,99.15,22,6,0
5512,2026-03-01 10:00:00,45,2,100.1,22,1,0
5513,2026-03-01 10:00:00,64,56,46.04,25,1,0
5514,2026-03-01 10:00:00,39,22,133.54,25,1,0
5515,2026-03-01 10:00:00,19,51,175.68,22,0,0
5516,2026-03-01 10:00:00,23,57,131.08,23,1,1
5517,2026-03-01 10:00:00,32,37,20.0,22,2,0
5518,2026-03-01 10:00:00,62,8,120.93,19,3,0
5519,2026-03-01 10:00:00,47,7,114.44,21,3,0
5520,2026-03-01 10:00:00,39,14,140.18,18,0,0
5521,2026-03-01 10:00:00,30,56,139.54,18,2,0
5522,2026-03-01 10:00:00,46,55,64.73,20,2,0
5523,2026-03-01 10:00:00,54,3,109.01,20,3,0
5524,2026-03-01 10:00:00,55,50,167.96,20,2,0
5525,2026-03-01 10:00:00,38,16,92.15,28,0,0
5526,2026-03-01 10:00:00,67,55,117.42,22,3,0
5527,2026-03-01 10:00:00,47,19,167.53,31,2,0
5528,2026-03-01 10:00:00,34,51,152.83,20,2,0
5529,2026-03-01 10:00:00,64,18,166.84,20,3,0
5530,2026-03-01 10:00:00,47,52,123.93,25,2,0
5531,2026-03-01 10:00:00,51,16,146.3,20,1,0
5532,2026-03-01 10:00:00,54,8,158.98,17,5,0
5533,2026-03-01 10:00:00,47,33,138.97,14,2,0
5534,2026-03-01 10:00:00,49,49,95.49,23,4,1
5535,2026-03-01 10:00:00,53,12,104.54,21,0,0
5536,2026-03-01 10:00:00,51,53,168.13,18,2,0
5537,2026-03-01 10:00:00,24,11,169.71,23,3,1
5538,2026-03-01 10:00:00,34,5,99.27,16,1,0
5539,2026-03-01 10:00:00,66,27,153.42,16,3,0
5540,2026-03-01 10:00:00,57,12,132.79,17,2,0
5541,2026-03-01 10:00:00,61,17,71.03,15,2,0
5542,2026-03-01 10:00:00,44,6,151.35,17,1,0
5543,2026-03-01 10:00:00,60,33,63.26,20,0,0
5544,2026-03-01 10:00:00,46,5,63.23,23,4,1
5545,2026-03-01 10:00:00,65,57,91.58,22,1,0
5546,2026-03-01 10:00:00,67,28,97.61,22,4,0
5547,2026-03-01 10:00:00,54,14,89.5,22,3,0
5548,2026-03-01 10:00:00,23,5,121.58,17,1,1
5549,2026-03-01 10:00:00,42,54,27.41,19,2,0
5550,2026-03-01 10:00:00,55,56,71.58,18,2,0
5551,2026-03-01 10:00:00,68,59,101.43,16,1,0
5552,2026-03-01 10:00:00,32,33,110.7,23,3,0
5553,2026-03-01 10:00:00,40,50,163.31,23,3,0
5554,2026-03-01 10:00:00,54,48,186.43,22,2,0
5555,2026-03-01 10:00:00,57,41,128.9,20,2,0
5556,2026-03-01 10:00:00,69,19,187.11,22,2,0
5557,2026-03-01 10:00:00,41,22,54.65,21,2,0
5558,2026-03-01 10:00:00,60,5,122.78,18,1,0
5559,2026-03-01 10:00:00,50,59,152.94,11,3,0
5560,2026-03-01 10:00:00,64,2,26.72,18,3,0
5561,2026-03-01 10:00:00,38,30,128.15,21,1,0
5562,2026-03-01 10:00:00,52,47,102.93,20,3,0
5563,2026-03-01 10:00:00,47,39,140.25,18,2,0
5564,2026-03-01 10:00:00,57,4,140.43,21,1,1
5565,2026-03-01 10:00:00,47,33,100.49,22,4,1
5566,2026-03-01 10:00:00,43,13,82.12,19,5,1
5567,2026-03-01 10:00:00,65,20,129.02,23,2,0
5568,2026-03-01 10:00:00,48,54,92.85,22,2,0
5569,2026-03-01 10:00:00,40,7,193.17,21,3,0
5570,2026-03-01 10:00:00,51,15,93.74,17,2,0
5571,2026-03-01 10:00:00,64,23,107.7,26,1,0
5572,2026-03-01 10:00:00,42,14,112.86,26,4,1
5573,2026-03-01 10:00:00,27,23,139.59,27,1,0
5574,2026-03-01 10:00:00,29,19,142.83,20,1,0
5575,2026-03-01 10:00:00,24,54,161.24,18,2,0
5576,2026-03-01 10:00:00,46,29,115.94,25,1,1
5577,2026-03-01 10:00:00,48,56,95.87,20,4,0
5578,2026-03-01 10:00:00,51,20,69.67,13,1,0
5579,2026-03-01 10:00:00,61,29,108.95,21,2,0
5580,2026-03-01 10:00:00,33,24,113.12,16,0,0
5581,2026-03-01 10:00:00,36,18,161.77,13,3,0
5582,2026-03-01 10:00:00,30,10,189.72,11,1,0
5583,2026-03-01 10:00:00,42,41,164.51,21,1,0
5584,2026-03-01 10:00:00,49,57,113.15,23,1,0
5585,2026-03-01 10:00:00,42,8,20.0,14,1,1
5586,2026-03-01 10:00:00,27,26,104.66,24,3,0
5587,2026-03-01 10:00:00,64,29,113.83,16,0,0
5588,2026-03-01 10:00:00,69,10,122.42,23,0,0
5589,2026-03-01 10:00:00,35,17,151.41,14,3,0
5590,2026-03-01 10:00:00,55,2,99.16,14,2,0
5591,2026-03-01 10:00:00,58,6,127.91,21,3,0
5592,2026-03-01 10:00:00,40,58,110.82,14,1,0
5593,2026-03-01 10:00:00,51,5,167.1,24,3,0
5594,2026-03-01 10:00:00,65,28,141.05,12,1,0
5595,2026-03-01 10:00:00,19,41,128.82,20,1,0
5596,2026-03-01 10:00:00,45,5,101.89,22,2,0
5597,2026-03-01 10:00:00,62,18,116.21,14,4,1
5598,2026-03-01 10:00:00,25,26,190.84,23,2,0
5599,2026-03-01 10:00:00,54,20,121.78,23,3,0
5600,2026-03-01 10:00:00,22,41,75.35,17,2,0
5601,2026-03-01 10:00:00,46,49,177.34,21,3,0
5602,2026-03-01 10:00:00,35,27,175.6,21,2,0
5603,2026-03-01 10:00:00,54,49,87.52,17,2,0
5604,2026-03-01 10:00:00,67,12,142.07,17,2,0
5605,2026-03-01 10:00:00,68,7,134.16,15,4,0
5606,2026-03-01 10:00:00,69,59,45.53,14,1,0
5607,2026-03-01 10:00:00,36,3,131.95,16,2,0
5608,2026-03-01 10:00:00,36,10,106.24,20,4,1
5609,2026-03-01 10:00:00,20,34,146.99,21,5,0
5610,2026-03-01 10:00:00,66,25,162.19,13,4,0
5611,2026-03-01 10:00:00,23,35,154.75,19,1,0
5612,2026-03-01 10:00:00,44,16,48.57,18,1,0
5613,2026-03-01 10:00:00,25,2,171.55,16,4,1
5614,2026-03-01 10:00:00,27,24,66.26,18,4,1
5615,2026-03-01 10:00:00,54,10,98.85,16,0,0
5616,2026-03-01 10:00:00,26,38,105.23,25,0,0
5617,2026-03-01 10:00:00,36,22,186.43,26,2,0
5618,2026-03-01 10:00:00,66,26,119.05,11,1,0
5619,2026-03-01 10:00:00,50,43,161.1,20,3,0
5620,2026-03-01 10:00:00,52,55,107.45,21,1,0
5621,2026-03-01 10:00:00,48,39,124.85,22,1,0
5622,2026-03-01 10:00:00,62,27,130.0,18,0,0
5623,2026-03-01 10:00:00,33,29,129.52,23,3,0
5624,2026-03-01 10:00:00,31,47,174.06,20,2,0
5625,2026-03-01 10:00:00,37,38,100.2,27,1,0
5626,2026-03-01 10:00:00,51,20,123.25,10,0,0
5627,2026-03-01 10:00:00,65,27,204.28,13,2,0
5628,2026-03-01 10:00:00,54,41,214.02,20,6,1
5629,2026-03-01 10:00:00,25,54,60.83,16,1,0
5630,2026-03-01 10:00:00,22,20,132.71,18,1,0
5631,2026-03-01 10:00:00,24,44,141.52,27,0,0
5632,2026-03-01 10:00:00,18,19,114.59,22,4,1
5633,2026-03-01 10:00:00,33,20,113.87,26,1,0
5634,2026-03-01 10:00:00,43,35,166.39,12,2,0
5635,2026-03-01 10:00:00,26,47,175.81,22,0,0
5636,2026-03-01 10:00:00,46,2,103.93,17,0,0
5637,2026-03-01 10:00:00,44,30,182.84,19,4,0
5638,2026-03-01 10:00:00,59,53,56.35,13,3,0
5639,2026-03-01 10:00:00,41,34,110.07,20,1,0
5640,2026-03-01 10:00:00,63,22,132.01,24,2,0
5641,2026-03-01 10:00:00,27,3,99.37,16,1,1
5642,2026-03-01 10:00:00,24,6,192.66,31,1,0
5643,2026-03-01 10:00:00,45,15,123.05,20,3,0
5644,2026-03-01 10:00:00,37,27,66.15,12,3,0
5645,2026-03-01 10:00:00,61,10,122.3,10,3,0
5646,2026-03-01 10:00:00,66,9,159.43,18,1,0
5647,2026-03-01 10:00:00,51,33,124.24,20,1,0
5648,2026-03-01 10:00:00,46,32,146.81,20,5,1
5649,2026-03-01 10:00:00,66,48,136.59,30,2,0
5650,2026-03-01 10:00:00,69,6,104.62,29,1,0
5651,2026-03-01 10:00:00,58,41,176.07,20,4,1
5652,2026-03-01 10:00:00,19,59,55.12,12,2,0
5653,2026-03-01 10:00:00,19,36,66.74,23,1,0
5654,2026-03-01 10:00:00,34,59,44.14,21,1,0
5655,2026-03-01 10:00:00,47,2,137.15,18,0,0
5656,2026-03-01 10:00:00,27,29,75.42,25,2,0
5657,2026-03-01 10:00:00,49,4,76.43,16,2,1
5658,2026-03-01 10:00:00,68,1,66.32,30,2,0
5659,2026-03-01 10:00:00,24,19,97.62,24,3,0
5660,2026-03-01 10:00:00,39,26,76.5,18,2,0
5661,2026-03-01 10:00:00,34,25,183.6,23,4,0
5662,2026-03-01 10:00:00,32,10,104.58,21,2,0
5663,2026-03-01 10:00:00,55,53,111.26,26,2,0
5664,2026-03-01 10:00:00,32,15,134.51,22,4,1
5665,2026-03-01 10:00:00,44,59,104.7,21,3,0
5666,2026-03-01 10:00:00,62,22,98.15,18,1,0
5667,2026-03-01 10:00:00,63,51,106.81,19,2,1
5668,2026-03-01 10:00:00,18,48,146.54,20,1,0
5669,2026-03-01 10:00:00,60,21,141.3,21,2,0
5670,2026-03-01 10:00:00,47,59,121.18,12,3,0
5671,2026-03-01 10:00:00,62,56,30.1,27,1,0
5672,2026-03-01 10:00:00,26,22,103.99,22,1,0
5673,2026-03-01 10:00:00,57,36,97.11,18,1,0
5674,2026-03-01 10:00:00,41,34,188.96,20,1,0
5675,2026-03-01 10:00:00,62,30,114.11,17,2,0
5676,2026-03-01 10:00:00,58,25,179.15,20,1,0
5677,2026-03-01 10:00:00,25,45,109.74,28,1,0
5678,2026-03-01 10:00:00,55,28,169.02,17,5,0
5679,2026-03-01 10:00:00,28,1,107.06,21,3,0
5680,2026-03-01 10:00:00,46,49,75.88,14,3,0
5681,2026-03-01 10:00:00,66,45,100.99,18,0,0
5682,2026-03-01 10:00:00,43,4,60.26,14,2,0
5683,2026-03-01 10:00:00,24,7,135.76,21,1,0
5684,2026-03-01 10:00:00,57,49,89.93,15,2,0
5685,2026-03-01 10:00:00,27,9,166.86,20,0,0
5686,2026-03-01 10:00:00,44,36,140.51,20,5,0
5687,2026-03-01 10:00:00,21,19,94.45,23,3,0
5688,2026-03-01 10:00:00,52,1,65.8,28,1,0
5689,2026-03-01 10:00:00,57,10,79.46,19,4,0
5690,2026-03-01 10:00:00,54,36,188.86,19,3,1
5691,2026-03-01 10:00:00,41,9,57.61,23,2,0
5692,2026-03-01 10:00:00,43,45,72.75,31,2,0
5693,2026-03-01 10:00:00,63,46,20.0,18,1,0
5694,2026-03-01 10:00:00,44,42,116.2,10,0,0
5695,2026-03-01 10:00:00,59,32,131.67,20,2,0
5696,2026-03-01 10:00:00,47,32,121.13,25,0,0
5697,2026-03-01 10:00:00,49,6,181.69,24,2,0
5698,2026-03-01 10:00:00,66,48,116.73,18,1,0
5699,2026-03-01 10:00:00,43,38,146.11,22,0,0
5700,2026-03-01 10:00:00,46,17,197.02,18,3,0
5701,2026-03-01 10:00:00,59,10,150.81,16,4,0
5702,2026-03-01 10:00:00,37,50,173.55,22,3,0
5703,2026-03-01 10:00:00,41,27,122.85,24,0,0
5704,2026-03-01 10:00:00,68,54,114.98,20,1,0
5705,2026-03-01 10:00:00,54,50,151.97,21,1,0
5706,2026-03-01 10:00:00,51,35,110.42,20,1,0
5707,2026-03-01 10:00:00,18,52,110.17,20,2,0
5708,2026-03-01 10:00:00,34,59,87.1,22,3,0
5709,2026-03-01 10:00:00,49,21,135.12,18,0,0
5710,2026-03-01 10:00:00,67,25,51.64,16,0,0
5711,2026-03-01 10:00:00,39,28,53.24,12,1,1
5712,2026-03-01 10:00:00,40,47,152.0,22,2,0
5713,2026-03-01 10:00:00,68,15,132.73,17,2,0
5714,2026-03-01 10:00:00,42,4,56.46,29,5,1
5715,2026-03-01 10:00:00,55,29,95.41,17,1,0
5716,2026-03-01 10:00:00,48,59,101.3,20,0,0
5717,2026-03-01 10:00:00,34,9,86.49,24,6,0
5718,2026-03-01 10:00:00,39,27,165.51,24,2,0
5719,2026-03-01 10:00:00,32,26,154.12,14,1,0
5720,2026-03-01 10:00:00,46,19,115.67,29,0,0
5721,2026-03-01 10:00:00,64,56,198.16,22,2,0
5722,2026-03-01 10:00:00,34,28,72.17,14,2,0
5723,2026-03-01 10:00:00,24,17,110.32,15,7,1
5724,2026-03-01 10:00:00,68,43,119.32,13,2,0
5725,2026-03-01 10:00:00,43,57,99.68,18,0,0
5726,2026-03-01 10:00:00,42,41,20.0,16,2,0
5727,2026-03-01 10:00:00,66,42,84.15,18,1,1
5728,2026-03-01 10:00:00,60,50,184.01,17,3,0
5729,2026-03-01 10:00:00,53,20,134.32,22,3,0
5730,2026-03-01 10:00:00,23,45,153.56,20,2,0
5731,2026-03-01 10:00:00,56,40,185.18,17,1,0
5732,2026-03-01 10:00:00,58,39,70.43,23,3,0
5733,2026-03-01 10:00:00,21,49,189.62,21,1,0
5734,2026-03-01 10:00:00,31,53,102.85,14,2,0
5735,2026-03-01 10:00:00,39,23,146.64,17,4,1
5736,2026-03-01 10:00:00,39,47,159.94,18,1,0
5737,2026-03-01 10:00:00,63,32,105.24,18,1,0
5738,2026-03-01 10:00:00,42,52,115.99,16,1,0
5739,2026-03-01 10:00:00,68,47,115.51,21,4,1
5740,2026-03-01 10:00:00,48,33,75.05,20,1,0
5741,2026-03-01 10:00:00,65,57,86.29,23,0,0
5742,2026-03-01 10:00:00,59,46,127.07,17,2,0
5743,2026-03-01 10:00:00,22,5,47.99,24,4,1
5744,2026-03-01 10:00:00,58,43,107.53,16,2,0
5745,2026-03-01 10:00:00,45,48,112.2,25,0,0
5746,2026-03-01 10:00:00,26,34,96.99,18,0,1
5747,2026-03-01 10:00:00,62,40,170.41,21,2,0
5748,2026-03-01 10:00:00,65,11,144.33,27,2,0
5749,2026-03-01 10:00:00,42,50,122.6,23,2,0
5750,2026-03-01 10:00:00,48,3,184.29,21,3,0
5751,2026-03-01 10:00:00,19,58,127.87,19,2,0
5752,2026-03-01 10:00:00,31,33,86.66,25,3,0
5753,2026-03-01 10:00:00,54,11,115.95,21,6,1
5754,2026-03-01 10:00:00,26,16,95.75,14,4,1
5755,2026-03-01 10:00:00,47,18,86.92,13,2,1
5756,2026-03-01 10:00:00,38,30,133.96,12,1,0
5757,2026-03-01 10:00:00,45,48,180.74,19,2,0
5758,2026-03-01 10:00:00,51,55,162.67,21,1,0
5759,2026-03-01 10:00:00,59,10,111.11,10,0,0
5760,2026-03-01 10:00:00,52,18,132.26,11,2,0
5761,2026-03-01 10:00:00,57,38,99.48,20,4,0
5762,2026-03-01 10:00:00,27,19,162.0,24,2,0
5763,2026-03-01 10:00:00,53,36,136.34,19,2,1
5764,2026-03-01 10:00:00,30,59,116.07,18,1,1
5765,2026-03-01 10:00:00,51,13,163.87,17,2,0
5766,2026-03-01 10:00:00,43,56,120.97,22,4,0
5767,2026-03-01 10:00:00,35,46,92.22,16,1,1
5768,2026-03-01 10:00:00,26,3,188.15,22,6,1
5769,2026-03-01 10:00:00,43,10,119.62,22,3,0
5770,2026-03-01 10:00:00,19,38,95.97,21,4,0
5771,2026-03-01 10:00:00,65,1,137.99,13,3,0
5772,2026-03-01 10:00:00,65,55,28.35,18,1,0
5773,2026-03-01 10:00:00,27,56,131.07,19,2,0
5774,2026-03-01 10:00:00,22,27,188.81,18,2,0
5775,2026-03-01 10:00:00,45,46,168.69,23,3,1
5776,2026-03-01 10:00:00,33,8,161.78,22,1,0
5777,2026-03-01 10:00:00,48,51,145.51,21,2,0
5778,2026-03-01 10:00:00,58,46,167.59,19,3,0
5779,2026-03-01 10:00:00,56,42,105.56,23,4,1
5780,2026-03-01 10:00:00,41,17,147.49,19,2,0
5781,2026-03-01 10:00:00,67,9,136.69,21,2,0
5782,2026-03-01 10:00:00,27,6,162.56,22,0,0
5783,2026-03-01 10:00:00,54,43,72.11,15,2,0
5784,2026-03-01 10:00:00,62,25,137.3,18,3,0
5785,2026-03-01 10:00:00,41,39,133.05,22,2,0
5786,2026-03-01 10:00:00,54,49,164.21,20,2,0
5787,2026-03-01 10:00:00,65,28,47.21,11,4,0
5788,2026-03-01 10:00:00,63,33,115.5,23,1,0
5789,2026-03-01 10:00:00,43,54,101.84,19,1,0
5790,2026-03-01 10:00:00,37,37,111.27,25,0,0
5791,2026-03-01 10:00:00,30,9,176.94,21,0,0
5792,2026-03-01 10:00:00,39,18,216.95,19,1,0
5793,2026-03-01 10:00:00,38,56,182.98,21,2,0
5794,2026-03-01 10:00:00,47,59,121.34,27,2,0
5795,2026-03-01 10:00:00,62,21,79.34,28,3,0
5796,2026-03-01 10:00:00,21,2,143.21,9,0,0
5797,2026-03-01 10:00:00,25,58,194.73,18,4,0
5798,2026-03-01 10:00:00,39,43,120.45,19,1,0
5799,2026-03-01 10:00:00,64,59,194.26,20,1,0
5800,2026-03-01 10:00:00,66,38,33.0,24,3,0
5801,2026-03-01 10:00:00,66,58,149.3,16,1,0
5802,2026-03-01 10:00:00,30,40,148.64,17,1,0
5803,2026-03-01 10:00:00,53,36,174.28,20,3,0
5804,2026-03-01 10:00:00,50,50,121.5,18,0,0
5805,2026-03-01 10:00:00,31,43,95.55,34,3,0
5806,2026-03-01 10:00:00,43,37,168.43,24,5,0
5807,2026-03-01 10:00:00,28,15,20.0,19,4,0
5808,2026-03-01 10:00:00,24,28,73.65,16,5,0
5809,2026-03-01 10:00:00,28,18,117.22,15,5,1
5810,2026-03-01 10:00:00,20,34,121.66,23,0,0
5811,2026-03-01 10:00:00,35,22,183.54,19,2,0
5812,2026-03-01 10:00:00,21,11,174.83,13,3,0
5813,2026-03-01 10:00:00,27,58,116.16,14,5,1
5814,2026-03-01 10:00:00,48,57,49.86,26,1,0
5815,2026-03-01 10:00:00,29,13,119.2,19,2,0
5816,2026-03-01 10:00:00,69,4,107.7,13,2,1
5817,2026-03-01 10:00:00,51,22,85.19,17,2,0
5818,2026-03-01 10:00:00,38,7,91.67,16,2,0
5819,2026-03-01 10:00:00,33,43,145.22,13,2,1
5820,2026-03-01 10:00:00,45,54,105.44,20,2,0
5821,2026-03-01 10:00:00,46,24,127.73,19,3,0
5822,2026-03-01 10:00:00,54,4,73.38,19,3,0
5823,2026-03-01 10:00:00,55,28,125.84,26,3,0
5824,2026-03-01 10:00:00,23,15,151.97,12,5,1
5825,2026-03-01 10:00:00,44,1,162.1,22,3,0
5826,2026-03-01 10:00:00,37,55,168.11,24,3,0
5827,2026-03-01 10:00:00,39,3,84.23,22,3,0
5828,2026-03-01 10:00:00,19,14,166.13,32,0,0
5829,2026-03-01 10:00:00,35,38,63.43,21,4,0
5830,2026-03-01 10:00:00,38,50,20.0,23,2,0
5831,2026-03-01 10:00:00,23,57,117.26,19,2,0
5832,2026-03-01 10:00:00,40,1,166.07,21,2,0
5833,2026-03-01 10:00:00,51,38,73.24,16,3,0
5834,2026-03-01 10:00:00,31,38,91.85,31,2,0
5835,2026-03-01 10:00:00,21,21,89.36,18,2,0
5836,2026-03-01 10:00:00,33,48,189.31,20,0,0
5837,2026-03-01 10:00:00,56,29,160.47,16,4,1
5838,2026-03-01 10:00:00,38,5,128.91,26,0,1
5839,2026-03-01 10:00:00,36,49,76.26,16,0,0
5840,2026-03-01 10:00:00,46,10,94.34,14,3,0
5841,2026-03-01 10:00:00,42,28,186.08,16,1,0
5842,2026-03-01 10:00:00,66,21,120.73,18,2,0
5843,2026-03-01 10:00:00,57,50,119.04,21,3,0
5844,2026-03-01 10:00:00,36,7,128.77,22,3,0
5845,2026-03-01 10:00:00,30,3,109.15,20,3,0
5846,2026-03-01 10:00:00,39,45,165.75,22,3,0
5847,2026-03-01 10:00:00,55,47,120.23,22,1,0
5848,2026-03-01 10:00:00,45,20,81.13,15,3,0
5849,2026-03-01 10:00:00,26,19,101.37,17,0,0
5850,2026-03-01 10:00:00,34,35,100.54,24,0,0
5851,2026-03-01 10:00:00,51,4,113.47,16,3,0
5852,2026-03-01 10:00:00,22,5,124.86,19,1,1
5853,2026-03-01 10:00:00,24,1,82.77,23,3,1
5854,2026-03-01 10:00:00,48,4,64.28,24,1,0
5855,2026-03-01 10:00:00,58,12,128.45,17,2,0
5856,2026-03-01 10:00:00,46,27,151.42,18,3,0
5857,2026-03-01 10:00:00,24,56,116.28,17,1,0
5858,2026-03-01 10:00:00,25,42,112.46,18,1,0
5859,2026-03-01 10:00:00,67,23,123.46,21,1,0
5860,2026-03-01 10:00:00,51,25,113.6,16,1,1
5861,2026-03-01 10:00:00,56,21,96.45,17,2,0
5862,2026-03-01 10:00:00,34,58,94.0,14,2,0
5863,2026-03-01 10:00:00,65,52,134.51,14,2,0
5864,2026-03-01 10:00:00,65,24,90.82,13,1,0
5865,2026-03-01 10:00:00,21,25,50.86,27,2,0
5866,2026-03-01 10:00:00,63,45,125.29,23,6,0
5867,2026-03-01 10:00:00,41,55,135.26,26,3,0
5868,2026-03-01 10:00:00,48,46,174.35,17,4,1
5869,2026-03-01 10:00:00,29,32,109.49,14,3,0
5870,2026-03-01 10:00:00,41,55,93.95,21,3,0
5871,2026-03-01 10:00:00,69,32,115.18,23,0,0
5872,2026-03-01 10:00:00,26,5,112.07,28,0,0
5873,2026-03-01 10:00:00,22,36,125.52,24,5,0
5874,2026-03-01 10:00:00,50,46,41.99,17,2,0
5875,2026-03-01 10:00:00,66,42,90.43,20,3,0
5876,2026-03-01 10:00:00,50,49,108.34,17,2,0
5877,2026-03-01 10:00:00,58,42,161.54,13,1,0
5878,2026-03-01 10:00:00,65,58,169.29,19,4,1
5879,2026-03-01 10:00:00,62,39,132.2,25,3,0
5880,2026-03-01 10:00:00,38,16,100.09,20,4,1
5881,2026-03-01 10:00:00,22,33,135.79,15,1,0
5882,2026-03-01 10:00:00,24,49,166.11,24,2,0
5883,2026-03-01 10:00:00,58,21,75.08,24,1,0
5884,2026-03-01 10:00:00,45,9,100.62,15,2,0
5885,2026-03-01 10:00:00,25,6,85.74,19,4,1
5886,2026-03-01 10:00:00,53,51,189.21,12,4,1
5887,2026-03-01 10:00:00,31,45,99.07,19,4,1
5888,2026-03-01 10:00:00,21,35,30.23,20,2,0
5889,2026-03-01 10:00:00,41,39,137.5,29,2,0
5890,2026-03-01 10:00:00,53,22,161.25,25,1,0
5891,2026-03-01 10:00:00,25,41,44.5,19,2,0
5892,2026-03-01 10:00:00,51,54,143.17,22,1,0
5893,2026-03-01 10:00:00,50,5,57.52,13,0,0
5894,2026-03-01 10:00:00,40,42,113.42,18,2,0
5895,2026-03-01 10:00:00,33,23,158.0,25,4,1
5896,2026-03-01 10:00:00,37,17,153.59,15,1,0
5897,2026-03-01 10:00:00,35,12,170.8,19,2,0
5898,2026-03-01 10:00:00,53,23,98.69,20,0,0
5899,2026-03-01 10:00:00,58,16,125.06,23,1,1
5900,2026-03-01 10:00:00,37,3,125.68,16,1,0
5901,2026-03-01 10:00:00,31,30,84.5,19,1,0
5902,2026-03-01 10:00:00,34,57,111.08,15,4,1
5903,2026-03-01 10:00:00,24,22,118.93,18,0,0
5904,2026-03-01 10:00:00,34,9,159.37,22,2,0
5905,2026-03-01 10:00:00,54,29,130.1,10,1,0
5906,2026-03-01 10:00:00,18,47,158.64,25,4,0
5907,2026-03-01 10:00:00,64,37,151.97,32,1,0
5908,2026-03-01 10:00:00,58,23,48.38,17,2,0
5909,2026-03-01 10:00:00,46,13,124.76,23,0,0
5910,2026-03-01 10:00:00,58,32,137.86,21,1,0
5911,2026-03-01 10:00:00,36,46,131.8,23,3,0
5912,2026-03-01 10:00:00,50,52,130.16,24,2,0
5913,2026-03-01 10:00:00,33,47,76.32,18,3,0
5914,2026-03-01 10:00:00,56,48,106.18,21,1,0
5915,2026-03-01 10:00:00,21,23,143.9,19,3,0
5916,2026-03-01 10:00:00,52,45,124.97,18,1,0
5917,2026-03-01 10:00:00,22,17,181.87,15,6,0
5918,2026-03-01 10:00:00,33,55,176.88,18,1,0
5919,2026-03-01 10:00:00,60,40,164.4,16,1,0
5920,2026-03-01 10:00:00,45,21,137.63,17,3,0
5921,2026-03-01 10:00:00,19,2,74.83,10,1,0
5922,2026-03-01 10:00:00,51,37,75.43,21,3,0
5923,2026-03-01 10:00:00,69,6,86.02,17,1,1
5924,2026-03-01 10:00:00,31,44,91.36,14,3,0
5925,2026-03-01 10:00:00,45,18,165.93,20,3,0
5926,2026-03-01 10:00:00,40,30,116.84,18,2,0
5927,2026-03-01 10:00:00,56,22,164.7,17,2,0
5928,2026-03-01 10:00:00,62,54,132.88,22,1,0
5929,2026-03-01 10:00:00,34,33,80.48,22,3,0
5930,2026-03-01 10:00:00,34,30,159.66,14,0,0
5931,2026-03-01 10:00:00,31,17,129.99,12,3,0
5932,2026-03-01 10:00:00,56,43,197.37,21,2,0
5933,2026-03-01 10:00:00,43,32,132.83,13,4,1
5934,2026-03-01 10:00:00,49,42,71.69,34,1,0
5935,2026-03-01 10:00:00,47,51,118.66,27,1,0
5936,2026-03-01 10:00:00,61,14,81.13,29,3,0
5937,2026-03-01 10:00:00,53,58,63.11,24,3,0
5938,2026-03-01 10:00:00,30,10,63.93,26,3,0
5939,2026-03-01 10:00:00,59,47,142.46,18,3,0
5940,2026-03-01 10:00:00,30,51,120.79,25,3,0
5941,2026-03-01 10:00:00,43,36,38.54,18,2,0
5942,2026-03-01 10:00:00,47,34,93.28,25,3,0
5943,2026-03-01 10:00:00,54,9,173.99,13,2,0
5944,2026-03-01 10:00:00,64,42,131.44,18,2,0
5945,2026-03-01 10:00:00,51,28,51.06,16,3,1
5946,2026-03-01 10:00:00,19,11,90.46,16,2,0
5947,2026-03-01 10:00:00,64,14,148.06,26,2,0
5948,2026-03-01 10:00:00,43,39,93.49,25,1,0
5949,2026-03-01 10:00:00,45,55,118.73,22,1,0
5950,2026-03-01 10:00:00,62,47,83.89,23,1,0
5951,2026-03-01 10:00:00,18,54,177.95,15,0,0
5952,2026-03-01 10:00:00,24,19,64.68,25,0,0
5953,2026-03-01 10:00:00,20,54,37.56,26,0,0
5954,2026-03-01 10:00:00,48,15,143.0,18,0,0
5955,2026-03-01 10:00:00,66,28,116.91,18,0,0
5956,2026-03-01 10:00:00,20,24,200.49,23,0,0
5957,2026-03-01 10:00:00,58,8,144.51,16,4,0
5958,2026-03-01 10:00:00,32,43,130.39,24,0,0
5959,2026-03-01 10:00:00,52,9,121.46,20,1,0
5960,2026-03-01 10:00:00,50,47,101.53,20,4,0
5961,2026-03-01 10:00:00,35,33,87.15,21,3,0
5962,2026-03-01 10:00:00,32,33,94.77,18,3,0
5963,2026-03-01 10:00:00,19,19,153.24,25,1,0
5964,2026-03-01 10:00:00,32,3,97.14,23,2,0
5965,2026-03-01 10:00:00,63,10,170.75,24,2,0
5966,2026-03-01 10:00:00,33,40,143.79,17,3,0
5967,2026-03-01 10:00:00,41,47,50.05,23,2,0
5968,2026-03-01 10:00:00,49,42,119.95,22,4,0
5969,2026-03-01 10:00:00,61,1,60.76,16,0,0
5970,2026-03-01 10:00:00,22,29,113.39,17,0,0
5971,2026-03-01 10:00:00,33,50,136.9,20,2,0
5972,2026-03-01 10:00:00,41,34,82.59,28,2,0
5973,2026-03-01 10:00:00,65,51,151.69,19,1,1
5974,2026-03-01 10:00:00,39,13,32.28,24,1,1
5975,2026-03-01 10:00:00,31,54,80.16,23,1,0
5976,2026-03-01 10:00:00,32,1,163.19,25,3,0
5977,2026-03-01 10:00:00,34,34,131.62,29,1,0
5978,2026-03-01 10:00:00,36,29,90.56,20,0,0
5979,2026-03-01 10:00:00,31,48,106.16,21,2,0
5980,2026-03-01 10:00:00,39,47,150.2,34,4,1
5981,2026-03-01 10:00:00,28,13,94.75,16,0,0
5982,2026-03-01 10:00:00,59,48,108.38,20,0,0
5983,2026-03-01 10:00:00,51,49,131.78,18,4,1
5984,2026-03-01 10:00:00,67,53,161.54,20,3,0
5985,2026-03-01 10:00:00,18,29,115.71,27,0,0
5986,2026-03-01 10:00:00,39,39,96.33,19,1,0
5987,2026-03-01 10:00:00,31,24,127.09,27,3,0
5988,2026-03-01 10:00:00,28,26,144.17,16,3,0
5989,2026-03-01 10:00:00,67,17,183.18,15,0,1
5990,2026-03-01 10:00:00,20,7,160.5,16,1,0
5991,2026-03-01 10:00:00,29,13,73.28,23,3,0
5992,2026-03-01 10:00:00,58,5,100.8,24,1,0
5993,2026-03-01 10:00:00,69,26,93.93,20,2,0
5994,2026-03-01 10:00:00,23,49,119.84,21,2,0
5995,2026-03-01 10:00:00,23,3,142.4,22,5,1
5996,2026-03-01 10:00:00,37,7,134.01,19,5,1
5997,2026-03-01 10:00:00,32,58,64.3,17,3,0
5998,2026-03-01 10:00:00,37,49,201.37,14,4,0
5999,2026-03-01 10:00:00,28,39,63.52,20,4,0
6000,2026-03-01 10:00:00,27,53,117.11,18,2,0
6001,2026-03-01 10:00:00,47,1,169.42,8,0,1
6002,2026-03-01 10:00:00,64,49,100.1,17,0,0
6003,2026-03-01 10:00:00,21,17,65.91,25,1,0
6004,2026-03-01 10:00:00,39,43,120.38,22,0,0
6005,2026-03-01 10:00:00,65,25,135.09,20,4,1
6006,2026-03-01 10:00:00,45,59,156.43,22,1,0
6007,2026-03-01 10:00:00,65,3,136.01,15,1,0
6008,2026-03-01 10:00:00,40,15,123.36,21,6,0
6009,2026-03-01 10:00:00,50,29,136.83,19,2,0
6010,2026-03-01 10:00:00,25,53,130.11,16,0,0
6011,2026-03-01 10:00:00,68,43,90.29,22,3,0
6012,2026-03-01 10:00:00,33,32,100.19,18,4,1
6013,2026-03-01 10:00:00,43,26,53.98,16,2,0
6014,2026-03-01 10:00:00,69,16,107.07,14,3,0
6015,2026-03-01 10:00:00,29,25,100.58,23,2,0
6016,2026-03-01 10:00:00,67,54,71.57,16,3,0
6017,2026-03-01 10:00:00,58,28,95.07,20,1,0
6018,2026-03-01 10:00:00,53,9,74.43,19,4,0
6019,2026-03-01 10:00:00,61,56,88.81,23,3,0
6020,2026-03-01 10:00:00,19,56,119.73,15,4,1
6021,2026-03-01 10:00:00,33,1,110.27,17,3,0
6022,2026-03-01 10:00:00,48,29,124.89,18,2,0
6023,2026-03-01 10:00:00,46,57,117.35,25,1,0
6024,2026-03-01 10:00:00,31,22,129.08,19,2,0
6025,2026-03-01 10:00:00,22,16,77.39,19,0,1
6026,2026-03-01 10:00:00,22,41,76.21,17,4,1
6027,2026-03-01 10:00:00,40,51,92.76,20,2,0
6028,2026-03-01 10:00:00,54,44,98.2,19,1,0
6029,2026-03-01 10:00:00,26,51,114.02,17,2,0
6030,2026-03-01 10:00:00,55,54,170.9,25,1,0
6031,2026-03-01 10:00:00,68,41,118.59,19,3,0
6032,2026-03-01 10:00:00,30,7,95.2,13,1,0
6033,2026-03-01 10:00:00,53,14,164.19,30,0,0
6034,2026-03-01 10:00:00,23,29,133.48,11,3,0
6035,2026-03-01 10:00:00,67,19,88.99,20,1,0
6036,2026-03-01 10:00:00,69,19,208.26,19,0,0
6037,2026-03-01 10:00:00,46,2,111.24,19,0,0
6038,2026-03-01 10:00:00,41,41,182.93,14,4,0
6039,2026-03-01 10:00:00,53,45,145.63,22,1,0
6040,2026-03-01 10:00:00,54,15,54.36,20,6,1
6041,2026-03-01 10:00:00,27,3,20.0,20,2,0
6042,2026-03-01 10:00:00,38,11,220.31,22,1,0
6043,2026-03-01 10:00:00,36,53,136.54,15,3,0
6044,2026-03-01 10:00:00,24,46,105.24,17,1,0
6045,2026-03-01 10:00:00,55,30,129.69,18,3,0
6046,2026-03-01 10:00:00,66,57,132.78,21,2,0
6047,2026-03-01 10:00:00,22,40,80.4,20,3,0
6048,2026-03-01 10:00:00,66,18,83.63,19,3,0
6049,2026-03-01 10:00:00,67,51,142.53,15,3,0
6050,2026-03-01 10:00:00,64,48,20.0,18,3,0
6051,2026-03-01 10:00:00,65,2,146.51,17,1,0
6052,2026-03-01 10:00:00,26,32,108.94,16,2,0
6053,2026-03-01 10:00:00,44,8,145.54,18,5,0
6054,2026-03-01 10:00:00,20,22,123.99,20,0,0
6055,2026-03-01 10:00:00,25,6,86.97,16,2,0
6056,2026-03-01 10:00:00,37,12,138.55,21,5,1
6057,2026-03-01 10:00:00,27,47,162.36,16,1,0
6058,2026-03-01 10:00:00,33,57,120.0,12,1,0
6059,2026-03-01 10:00:00,29,40,56.39,19,5,1
6060,2026-03-01 10:00:00,19,36,95.27,30,3,0
6061,2026-03-01 10:00:00,57,15,127.9,13,3,0
6062,2026-03-01 10:00:00,59,28,146.54,23,0,0
6063,2026-03-01 10:00:00,69,52,90.6,18,1,0
6064,2026-03-01 10:00:00,20,57,145.14,23,0,0
6065,2026-03-01 10:00:00,42,49,197.13,25,2,0
6066,2026-03-01 10:00:00,26,45,80.22,17,1,0
6067,2026-03-01 10:00:00,63,18,153.39,20,1,0
6068,2026-03-01 10:00:00,48,2,170.21,19,1,1
6069,2026-03-01 10:00:00,53,13,153.18,18,0,0
6070,2026-03-01 10:00:00,38,45,180.09,20,1,0
6071,2026-03-01 10:00:00,24,54,128.22,21,1,0
6072,2026-03-01 10:00:00,60,15,65.16,21,5,1
6073,2026-03-01 10:00:00,37,20,106.17,19,3,0
6074,2026-03-01 10:00:00,54,29,58.77,12,7,0
6075,2026-03-01 10:00:00,47,59,112.44,14,1,0
6076,2026-03-01 10:00:00,64,42,93.36,16,0,0
6077,2026-03-01 10:00:00,56,29,169.52,22,2,0
6078,2026-03-01 10:00:00,51,3,107.23,21,1,0
6079,2026-03-01 10:00:00,63,19,126.65,15,0,1
6080,2026-03-01 10:00:00,21,3,168.48,16,3,0
6081,2026-03-01 10:00:00,46,54,51.36,22,1,0
6082,2026-03-01 10:00:00,23,14,192.38,18,0,0
6083,2026-03-01 10:00:00,57,40,119.88,25,2,0
6084,2026-03-01 10:00:00,36,59,108.27,14,0,0
6085,2026-03-01 10:00:00,66,55,98.11,22,2,0
6086,2026-03-01 10:00:00,27,4,100.45,23,1,0
6087,2026-03-01 10:00:00,51,59,174.95,19,4,1
6088,2026-03-01 10:00:00,58,52,111.58,17,3,0
6089,2026-03-01 10:00:00,33,11,116.43,16,2,0
6090,2026-03-01 10:00:00,20,58,99.24,17,0,0
6091,2026-03-01 10:00:00,39,31,129.03,16,5,1
6092,2026-03-01 10:00:00,33,43,96.67,15,2,0
6093,2026-03-01 10:00:00,48,32,93.45,24,2,0
6094,2026-03-01 10:00:00,34,27,127.13,21,3,0
6095,2026-03-01 10:00:00,54,30,144.75,23,2,0
6096,2026-03-01 10:00:00,40,43,40.02,18,0,0
6097,2026-03-01 10:00:00,55,2,124.26,28,4,1
6098,2026-03-01 10:00:00,44,49,110.75,19,1,0
6099,2026-03-01 10:00:00,22,9,125.39,13,2,0
6100,2026-03-01 10:00:00,42,28,162.17,15,2,0
6101,2026-03-01 10:00:00,28,31,161.91,19,4,0
6102,2026-03-01 10:00:00,68,34,178.54,23,5,1
6103,2026-03-01 10:00:00,26,56,113.46,21,1,0
6104,2026-03-01 10:00:00,22,15,103.9,22,2,0
6105,2026-03-01 10:00:00,69,48,137.51,23,1,0
6106,2026-03-01 10:00:00,41,25,140.99,23,2,0
6107,2026-03-01 10:00:00,33,36,131.25,21,1,0
6108,2026-03-01 10:00:00,19,8,34.98,25,0,0
6109,2026-03-01 10:00:00,19,9,94.94,22,2,0
6110,2026-03-01 10:00:00,37,58,154.19,22,4,1
6111,2026-03-01 10:00:00,21,58,159.15,28,2,0
6112,2026-03-01 10:00:00,51,37,138.73,16,3,1
6113,2026-03-01 10:00:00,25,48,124.67,23,3,0
6114,2026-03-01 10:00:00,19,45,88.67,22,2,0
6115,2026-03-01 10:00:00,32,39,127.97,21,4,1
6116,2026-03-01 10:00:00,59,32,141.76,15,2,0
6117,2026-03-01 10:00:00,25,58,178.03,24,4,1
6118,2026-03-01 10:00:00,69,52,76.75,17,1,0
6119,2026-03-01 10:00:00,41,17,155.32,24,2,0
6120,2026-03-01 10:00:00,62,35,175.58,18,3,0
6121,2026-03-01 10:00:00,50,37,93.82,20,0,0
6122,2026-03-01 10:00:00,46,19,136.18,24,2,0
6123,2026-03-01 10:00:00,18,44,42.63,22,1,0
6124,2026-03-01 10:00:00,43,29,136.3,17,3,0
6125,2026-03-01 10:00:00,65,59,135.74,27,4,0
6126,2026-03-01 10:00:00,21,7,91.55,22,2,0
6127,2026-03-01 10:00:00,19,28,107.61,25,0,0
6128,2026-03-01 10:00:00,41,9,165.9,17,1,0
6129,2026-03-01 10:00:00,22,28,95.11,13,1,0
6130,2026-03-01 10:00:00,23,6,142.15,25,1,0
6131,2026-03-01 10:00:00,48,29,23.28,16,2,0
6132,2026-03-01 10:00:00,44,58,90.31,21,1,0
6133,2026-03-01 10:00:00,66,17,169.49,18,0,0
6134,2026-03-01 10:00:00,49,16,137.98,21,0,0
6135,2026-03-01 10:00:00,48,23,164.28,17,2,0
6136,2026-03-01 10:00:00,34,31,115.35,15,1,0
6137,2026-03-01 10:00:00,53,3,86.84,12,2,0
6138,2026-03-01 10:00:00,34,21,156.52,18,1,0
6139,2026-03-01 10:00:00,60,26,167.18,20,1,0
6140,2026-03-01 10:00:00,32,36,124.42,24,1,0
6141,2026-03-01 10:00:00,50,42,148.17,29,1,0
6142,2026-03-01 10:00:00,39,37,142.24,20,0,0
6143,2026-03-01 10:00:00,31,53,153.22,17,1,0
6144,2026-03-01 10:00:00,43,22,91.3,18,2,0
6145,2026-03-01 10:00:00,32,42,139.64,16,2,0
6146,2026-03-01 10:00:00,19,12,115.98,24,1,0
6147,2026-03-01 10:00:00,45,42,157.98,22,1,0
6148,2026-03-01 10:00:00,29,13,116.73,21,3,0
6149,2026-03-01 10:00:00,23,11,140.75,21,0,0
6150,2026-03-01 10:00:00,57,54,127.81,22,2,0
6151,2026-03-01 10:00:00,59,16,59.22,19,0,0
6152,2026-03-01 10:00:00,21,8,135.23,14,2,1
6153,2026-03-01 10:00:00,29,40,69.47,17,2,0
6154,2026-03-01 10:00:00,26,59,151.62,14,0,0
6155,2026-03-01 10:00:00,35,57,150.16,21,2,0
6156,2026-03-01 10:00:00,21,40,92.32,22,0,0
6157,2026-03-01 10:00:00,22,45,73.76,15,1,1
6158,2026-03-01 10:00:00,45,59,108.83,17,3,0
6159,2026-03-01 10:00:00,58,2,119.39,26,2,0
6160,2026-03-01 10:00:00,19,30,126.95,18,1,0
6161,2026-03-01 10:00:00,41,30,32.89,16,2,0
6162,2026-03-01 10:00:00,21,12,107.03,20,5,1
6163,2026-03-01 10:00:00,57,10,141.65,17,0,1
6164,2026-03-01 10:00:00,58,44,53.11,20,4,0
6165,2026-03-01 10:00:00,45,11,119.02,25,2,0
6166,2026-03-01 10:00:00,68,15,137.95,21,3,0
6167,2026-03-01 10:00:00,32,16,101.21,19,2,0
6168,2026-03-01 10:00:00,21,17,123.35,27,3,0
6169,2026-03-01 10:00:00,49,26,95.89,17,1,0
6170,2026-03-01 10:00:00,36,2,137.22,28,2,0
6171,2026-03-01 10:00:00,39,50,140.98,21,4,0
6172,2026-03-01 10:00:00,19,12,115.6,18,3,0
6173,2026-03-01 10:00:00,25,51,46.17,30,3,0
6174,2026-03-01 10:00:00,53,26,81.97,14,1,0
6175,2026-03-01 10:00:00,25,23,175.96,18,2,0
6176,2026-03-01 10:00:00,41,18,26.66,19,3,0
6177,2026-03-01 10:00:00,57,32,164.43,24,3,0
6178,2026-03-01 10:00:00,50,49,107.03,18,2,0
6179,2026-03-01 10:00:00,22,38,138.16,25,3,0
6180,2026-03-01 10:00:00,27,57,121.68,17,3,0
6181,2026-03-01 10:00:00,55,47,127.33,12,2,0
6182,2026-03-01 10:00:00,29,3,134.77,19,3,1
6183,2026-03-01 10:00:00,31,38,123.07,15,0,0
6184,2026-03-01 10:00:00,58,3,116.31,37,3,0
6185,2026-03-01 10:00:00,42,30,217.83,16,1,0
6186,2026-03-01 10:00:00,65,1,114.98,20,3,1
6187,2026-03-01 10:00:00,52,30,131.68,16,2,0
6188,2026-03-01 10:00:00,42,45,134.8,19,2,0
6189,2026-03-01 10:00:00,61,32,113.5,32,2,0
6190,2026-03-01 10:00:00,39,28,97.92,19,2,0
6191,2026-03-01 10:00:00,63,21,117.03,22,0,0
6192,2026-03-01 10:00:00,21,58,129.7,18,3,0
6193,2026-03-01 10:00:00,36,46,144.92,22,2,0
6194,2026-03-01 10:00:00,37,13,153.32,20,1,0
6195,2026-03-01 10:00:00,44,27,58.97,20,0,0
6196,2026-03-01 10:00:00,40,36,110.43,20,5,1
6197,2026-03-01 10:00:00,56,7,77.03,22,1,0
6198,2026-03-01 10:00:00,64,22,78.39,21,2,0
6199,2026-03-01 10:00:00,63,10,63.07,21,4,1
6200,2026-03-01 10:00:00,30,39,175.59,19,3,0
6201,2026-03-01 10:00:00,61,53,103.96,13,0,0
6202,2026-03-01 10:00:00,64,15,149.79,19,1,0
6203,2026-03-01 10:00:00,32,15,162.78,17,0,0
6204,2026-03-01 10:00:00,33,4,48.21,16,2,1
6205,2026-03-01 10:00:00,56,32,129.94,25,3,0
6206,2026-03-01 10:00:00,59,23,30.08,14,3,0
6207,2026-03-01 10:00:00,65,55,183.15,19,2,0
6208,2026-03-01 10:00:00,61,6,126.17,17,2,0
6209,2026-03-01 10:00:00,43,24,145.3,26,3,0
6210,2026-03-01 10:00:00,61,20,117.0,25,0,0
6211,2026-03-01 10:00:00,43,58,108.32,21,2,1
6212,2026-03-01 10:00:00,24,37,93.79,27,2,0
6213,2026-03-01 10:00:00,18,20,143.15,18,2,0
6214,2026-03-01 10:00:00,26,12,179.37,22,5,0
6215,2026-03-01 10:00:00,25,33,127.38,19,2,0
6216,2026-03-01 10:00:00,40,28,111.15,28,1,0
6217,2026-03-01 10:00:00,66,8,156.4,23,1,0
6218,2026-03-01 10:00:00,32,1,191.14,13,4,1
6219,2026-03-01 10:00:00,35,37,138.66,14,2,0
6220,2026-03-01 10:00:00,61,22,43.4,20,1,0
6221,2026-03-01 10:00:00,36,6,78.77,17,1,0
6222,2026-03-01 10:00:00,66,21,56.57,17,0,0
6223,2026-03-01 10:00:00,56,32,122.62,26,4,1
6224,2026-03-01 10:00:00,66,35,49.12,18,2,0
6225,2026-03-01 10:00:00,43,15,116.03,23,3,0
6226,2026-03-01 10:00:00,29,5,177.62,20,1,0
6227,2026-03-01 10:00:00,54,56,107.18,13,2,0
6228,2026-03-01 10:00:00,53,46,64.82,21,3,0
6229,2026-03-01 10:00:00,24,50,118.15,31,0,0
6230,2026-03-01 10:00:00,26,48,105.33,19,4,0
6231,2026-03-01 10:00:00,48,6,61.96,20,2,0
6232,2026-03-01 10:00:00,55,25,85.51,12,0,0
6233,2026-03-01 10:00:00,39,56,127.22,26,1,0
6234,2026-03-01 10:00:00,60,46,137.71,18,1,0
6235,2026-03-01 10:00:00,29,59,117.27,18,2,0
6236,2026-03-01 10:00:00,51,56,154.02,19,1,1
6237,2026-03-01 10:00:00,57,40,146.18,25,1,0
6238,2026-03-01 10:00:00,19,29,120.94,20,1,0
6239,2026-03-01 10:00:00,61,7,100.46,18,3,0
6240,2026-03-01 10:00:00,49,40,118.24,17,2,0
6241,2026-03-01 10:00:00,69,13,74.39,14,1,0
6242,2026-03-01 10:00:00,18,38,141.92,27,2,0
6243,2026-03-01 10:00:00,42,18,93.31,21,3,0
6244,2026-03-01 10:00:00,21,2,101.43,14,2,0
6245,2026-03-01 10:00:00,55,8,90.79,15,1,0
6246,2026-03-01 10:00:00,62,11,107.61,20,1,0
6247,2026-03-01 10:00:00,21,33,60.82,18,4,1
6248,2026-03-01 10:00:00,26,54,80.83,16,1,0
6249,2026-03-01 10:00:00,35,38,146.53,23,1,0
6250,2026-03-01 10:00:00,58,48,177.69,27,2,0
6251,2026-03-01 10:00:00,65,27,115.91,20,1,0
6252,2026-03-01 10:00:00,28,20,199.96,28,1,0
6253,2026-03-01 10:00:00,23,12,104.12,25,4,0
6254,2026-03-01 10:00:00,33,43,158.32,24,2,0
6255,2026-03-01 10:00:00,25,31,86.44,22,4,1
6256,2026-03-01 10:00:00,36,27,111.87,15,1,0
6257,2026-03-01 10:00:00,22,32,120.37,19,4,0
6258,2026-03-01 10:00:00,57,10,51.59,24,4,1
6259,2026-03-01 10:00:00,43,3,165.16,20,0,1
6260,2026-03-01 10:00:00,42,45,131.54,24,0,0
6261,2026-03-01 10:00:00,42,27,114.82,27,3,0
6262,2026-03-01 10:00:00,26,35,80.74,24,0,0
6263,2026-03-01 10:00:00,52,31,104.54,23,1,0
6264,2026-03-01 10:00:00,18,15,141.02,17,4,0
6265,2026-03-01 10:00:00,64,16,127.14,26,3,0
6266,2026-03-01 10:00:00,19,13,65.87,27,5,1
6267,2026-03-01 10:00:00,61,49,132.83,27,0,0
6268,2026-03-01 10:00:00,59,35,144.12,23,0,0
6269,2026-03-01 10:00:00,42,52,95.37,20,2,0
6270,2026-03-01 10:00:00,53,11,149.64,28,4,0
6271,2026-03-01 10:00:00,53,59,139.4,29,1,0
6272,2026-03-01 10:00:00,29,21,26.42,25,0,1
6273,2026-03-01 10:00:00,46,51,173.13,21,4,0
6274,2026-03-01 10:00:00,29,54,92.13,17,1,0
6275,2026-03-01 10:00:00,30,11,160.26,23,2,0
6276,2026-03-01 10:00:00,28,30,58.05,20,3,0
6277,2026-03-01 10:00:00,24,48,143.95,12,3,0
6278,2026-03-01 10:00:00,56,53,173.61,23,2,0
6279,2026-03-01 10:00:00,39,35,52.4,24,1,0
6280,2026-03-01 10:00:00,26,22,170.49,25,2,0
6281,2026-03-01 10:00:00,56,38,36.57,25,1,0
6282,2026-03-01 10:00:00,49,31,135.79,19,1,0
6283,2026-03-01 10:00:00,31,14,97.04,26,5,0
6284,2026-03-01 10:00:00,69,24,67.49,5,1,0
6285,2026-03-01 10:00:00,46,50,77.7,17,2,0
6286,2026-03-01 10:00:00,52,49,108.03,22,1,0
6287,2026-03-01 10:00:00,59,32,210.6,22,0,0
6288,2026-03-01 10:00:00,29,36,112.42,18,1,0
6289,2026-03-01 10:00:00,48,32,123.01,20,2,0
6290,2026-03-01 10:00:00,55,55,81.72,13,1,0
6291,2026-03-01 10:00:00,52,15,61.28,17,0,0
6292,2026-03-01 10:00:00,67,43,99.14,22,1,0
6293,2026-03-01 10:00:00,69,58,180.39,16,5,0
6294,2026-03-01 10:00:00,32,35,71.26,22,4,1
6295,2026-03-01 10:00:00,67,3,217.58,23,1,0
6296,2026-03-01 10:00:00,33,16,98.81,26,1,0
6297,2026-03-01 10:00:00,36,5,185.47,21,1,1
6298,2026-03-01 10:00:00,33,21,152.15,19,3,0
6299,2026-03-01 10:00:00,46,10,127.88,26,4,0
6300,2026-03-01 10:00:00,46,19,142.26,20,4,1
6301,2026-03-01 10:00:00,46,25,113.53,33,1,0
6302,2026-03-01 10:00:00,47,4,70.35,22,0,0
6303,2026-03-01 10:00:00,38,29,106.88,24,1,0
6304,2026-03-01 10:00:00,42,19,108.83,13,2,0
6305,2026-03-01 10:00:00,25,43,93.25,17,1,1
6306,2026-03-01 10:00:00,31,2,138.97,22,2,0
6307,2026-03-01 10:00:00,35,10,124.82,19,0,0
6308,2026-03-01 10:00:00,25,43,180.4,21,2,0
6309,2026-03-01 10:00:00,69,25,160.86,25,2,0
6310,2026-03-01 10:00:00,49,20,111.67,15,4,0
6311,2026-03-01 10:00:00,56,48,113.74,12,3,0
6312,2026-03-01 10:00:00,51,19,128.81,11,0,0
6313,2026-03-01 10:00:00,66,23,137.91,16,1,0
6314,2026-03-01 10:00:00,32,24,170.71,22,0,0
6315,2026-03-01 10:00:00,35,11,55.73,17,5,1
6316,2026-03-01 10:00:00,29,46,119.09,19,5,0
6317,2026-03-01 10:00:00,69,34,130.24,20,3,0
6318,2026-03-01 10:00:00,31,55,128.12,16,7,0
6319,2026-03-01 10:00:00,56,28,82.83,14,0,0
6320,2026-03-01 10:00:00,36,5,158.14,19,1,0
6321,2026-03-01 10:00:00,36,59,118.47,15,2,0
6322,2026-03-01 10:00:00,55,5,88.85,25,2,0
6323,2026-03-01 10:00:00,64,51,85.74,19,2,0
6324,2026-03-01 10:00:00,55,21,69.69,21,3,0
6325,2026-03-01 10:00:00,21,12,76.4,21,3,0
6326,2026-03-01 10:00:00,45,50,94.37,21,4,1
6327,2026-03-01 10:00:00,43,4,114.34,18,1,0
6328,2026-03-01 10:00:00,38,54,64.39,22,2,0
6329,2026-03-01 10:00:00,53,49,150.52,19,3,0
6330,2026-03-01 10:00:00,33,42,49.17,20,3,0
6331,2026-03-01 10:00:00,19,20,99.4,17,2,0
6332,2026-03-01 10:00:00,34,38,117.62,19,3,0
6333,2026-03-01 10:00:00,18,25,115.16,18,2,0
6334,2026-03-01 10:00:00,44,14,186.07,22,2,0
6335,2026-03-01 10:00:00,68,11,137.57,22,1,0
6336,2026-03-01 10:00:00,69,32,66.63,24,4,0
6337,2026-03-01 10:00:00,59,11,127.29,21,2,0
6338,2026-03-01 10:00:00,24,18,66.97,18,3,0
6339,2026-03-01 10:00:00,34,27,168.21,15,2,0
6340,2026-03-01 10:00:00,19,55,22.26,21,1,0
6341,2026-03-01 10:00:00,18,54,98.52,18,2,1
6342,2026-03-01 10:00:00,56,18,123.45,29,1,0
6343,2026-03-01 10:00:00,61,56,63.93,15,4,1
6344,2026-03-01 10:00:00,35,23,158.41,20,2,0
6345,2026-03-01 10:00:00,48,11,166.54,18,2,0
6346,2026-03-01 10:00:00,32,21,92.71,21,2,0
6347,2026-03-01 10:00:00,52,44,99.01,23,2,0
6348,2026-03-01 10:00:00,32,5,78.65,21,3,0
6349,2026-03-01 10:00:00,59,23,137.42,17,1,0
6350,2026-03-01 10:00:00,28,41,107.37,15,3,0
6351,2026-03-01 10:00:00,34,59,66.65,23,3,0
6352,2026-03-01 10:00:00,19,25,197.85,13,2,0
6353,2026-03-01 10:00:00,44,41,183.84,14,2,0
6354,2026-03-01 10:00:00,27,54,196.7,19,0,0
6355,2026-03-01 10:00:00,52,10,52.22,15,2,0
6356,2026-03-01 10:00:00,25,22,160.75,11,2,0
6357,2026-03-01 10:00:00,24,19,130.39,21,1,0
6358,2026-03-01 10:00:00,22,1,134.28,24,3,1
6359,2026-03-01 10:00:00,26,7,63.4,24,2,0
6360,2026-03-01 10:00:00,27,4,77.31,22,3,0
6361,2026-03-01 10:00:00,43,1,91.86,16,2,0
6362,2026-03-01 10:00:00,42,15,117.87,17,3,0
6363,2026-03-01 10:00:00,25,40,103.9,27,2,0
6364,2026-03-01 10:00:00,64,12,116.32,25,3,0
6365,2026-03-01 10:00:00,47,22,99.03,14,0,0
6366,2026-03-01 10:00:00,68,22,83.05,18,2,0
6367,2026-03-01 10:00:00,47,50,127.42,24,0,0
6368,2026-03-01 10:00:00,27,47,122.25,15,5,0
6369,2026-03-01 10:00:00,62,17,119.77,16,2,0
6370,2026-03-01 10:00:00,67,29,152.27,28,2,0
6371,2026-03-01 10:00:00,61,46,110.31,23,4,1
6372,2026-03-01 10:00:00,28,14,122.27,17,1,0
6373,2026-03-01 10:00:00,63,50,122.35,20,1,0
6374,2026-03-01 10:00:00,62,20,37.75,19,2,0
6375,2026-03-01 10:00:00,56,50,151.54,16,5,0
6376,2026-03-01 10:00:00,68,48,95.19,24,0,0
6377,2026-03-01 10:00:00,19,33,140.13,18,0,0
6378,2026-03-01 10:00:00,40,55,124.72,24,2,0
6379,2026-03-01 10:00:00,22,59,86.91,16,2,1
6380,2026-03-01 10:00:00,18,43,138.85,24,3,0
6381,2026-03-01 10:00:00,49,15,71.66,23,1,0
6382,2026-03-01 10:00:00,64,12,123.15,21,0,0
6383,2026-03-01 10:00:00,66,40,103.82,18,1,0
6384,2026-03-01 10:00:00,47,54,154.47,21,4,0
6385,2026-03-01 10:00:00,43,20,162.05,22,1,0
6386,2026-03-01 10:00:00,55,30,112.9,22,8,0
6387,2026-03-01 10:00:00,26,38,108.44,14,0,1
6388,2026-03-01 10:00:00,29,3,52.21,22,2,0
6389,2026-03-01 10:00:00,24,28,97.09,22,3,0
6390,2026-03-01 10:00:00,46,56,106.91,16,2,0
6391,2026-03-01 10:00:00,60,26,94.45,20,0,0
6392,2026-03-01 10:00:00,25,30,137.73,19,2,0
6393,2026-03-01 10:00:00,21,13,115.35,19,0,0
6394,2026-03-01 10:00:00,47,13,137.85,8,0,0
6395,2026-03-01 10:00:00,40,2,59.22,18,2,0
6396,2026-03-01 10:00:00,68,37,126.39,23,1,0
6397,2026-03-01 10:00:00,46,49,101.41,16,0,0
6398,2026-03-01 10:00:00,65,38,144.46,18,4,1
6399,2026-03-01 10:00:00,56,2,141.12,18,1,0
6400,2026-03-01 10:00:00,66,36,119.1,21,3,0
6401,2026-03-01 10:00:00,29,54,137.74,21,0,0
6402,2026-03-01 10:00:00,29,26,20.0,21,3,0
6403,2026-03-01 10:00:00,35,11,157.76,25,2,0
6404,2026-03-01 10:00:00,38,8,154.28,17,1,0
6405,2026-03-01 10:00:00,44,44,172.77,20,1,0
6406,2026-03-01 10:00:00,36,40,64.38,18,1,1
6407,2026-03-01 10:00:00,21,43,84.13,17,0,0
6408,2026-03-01 10:00:00,67,22,72.63,25,4,1
6409,2026-03-01 10:00:00,37,20,156.1,21,4,0
6410,2026-03-01 10:00:00,33,8,106.12,23,3,0
6411,2026-03-01 10:00:00,67,29,126.78,20,1,0
6412,2026-03-01 10:00:00,23,40,133.11,15,2,0
6413,2026-03-01 10:00:00,39,26,143.51,14,3,0
6414,2026-03-01 10:00:00,68,30,83.49,16,4,1
6415,2026-03-01 10:00:00,41,17,94.93,22,2,0
6416,2026-03-01 10:00:00,56,20,102.86,9,1,0
6417,2026-03-01 10:00:00,54,52,157.17,21,1,0
6418,2026-03-01 10:00:00,49,55,120.97,16,3,0
6419,2026-03-01 10:00:00,50,16,177.57,20,2,0
6420,2026-03-01 10:00:00,24,46,67.34,19,0,0
6421,2026-03-01 10:00:00,58,43,145.55,14,2,0
6422,2026-03-01 10:00:00,46,7,138.36,18,1,0
6423,2026-03-01 10:00:00,47,16,120.23,28,4,1
6424,2026-03-01 10:00:00,36,45,96.4,16,3,0
6425,2026-03-01 10:00:00,30,59,107.77,24,5,1
6426,2026-03-01 10:00:00,67,47,143.53,21,3,0
6427,2026-03-01 10:00:00,39,56,112.08,22,0,0
6428,2026-03-01 10:00:00,56,48,93.76,18,2,0
6429,2026-03-01 10:00:00,46,27,149.42,22,0,0
6430,2026-03-01 10:00:00,59,53,124.32,22,2,0
6431,2026-03-01 10:00:00,67,23,187.26,18,4,1
6432,2026-03-01 10:00:00,35,24,103.93,20,2,0
6433,2026-03-01 10:00:00,25,9,159.79,16,0,1
6434,2026-03-01 10:00:00,24,35,126.65,26,3,0
6435,2026-03-01 10:00:00,54,51,151.02,27,0,0
6436,2026-03-01 10:00:00,51,20,100.19,20,1,1
6437,2026-03-01 10:00:00,58,37,96.19,27,2,0
6438,2026-03-01 10:00:00,53,42,174.15,28,2,0
6439,2026-03-01 10:00:00,27,17,133.27,15,2,0
6440,2026-03-01 10:00:00,57,47,120.76,20,2,0
6441,2026-03-01 10:00:00,52,31,67.5,28,2,1
6442,2026-03-01 10:00:00,22,55,97.99,15,2,0
6443,2026-03-01 10:00:00,43,57,81.68,19,1,0
6444,2026-03-01 10:00:00,24,8,141.05,17,0,0
6445,2026-03-01 10:00:00,24,15,132.53,25,4,1
6446,2026-03-01 10:00:00,29,31,137.69,25,2,0
6447,2026-03-01 10:00:00,56,53,143.54,18,1,0
6448,2026-03-01 10:00:00,62,30,142.42,13,3,0
6449,2026-03-01 10:00:00,57,46,169.93,19,4,1
6450,2026-03-01 10:00:00,61,20,117.77,17,3,0
6451,2026-03-01 10:00:00,42,39,132.32,20,1,0
6452,2026-03-01 10:00:00,59,53,133.89,23,6,1
6453,2026-03-01 10:00:00,64,55,147.33,21,1,1
6454,2026-03-01 10:00:00,59,12,141.73,19,2,0
6455,2026-03-01 10:00:00,65,49,122.09,23,1,0
6456,2026-03-01 10:00:00,23,17,78.98,15,1,0
6457,2026-03-01 10:00:00,25,42,93.82,19,1,0
6458,2026-03-01 10:00:00,26,30,116.37,19,2,0
6459,2026-03-01 10:00:00,18,29,120.74,18,3,0
6460,2026-03-01 10:00:00,56,19,130.7,17,2,0
6461,2026-03-01 10:00:00,26,46,109.68,21,3,0
6462,2026-03-01 10:00:00,50,11,168.49,23,0,0
6463,2026-03-01 10:00:00,40,34,127.35,24,1,1
6464,2026-03-01 10:00:00,54,50,39.89,20,3,0
6465,2026-03-01 10:00:00,24,7,107.72,16,2,0
6466,2026-03-01 10:00:00,55,44,106.12,22,4,0
6467,2026-03-01 10:00:00,31,58,132.29,19,2,0
6468,2026-03-01 10:00:00,34,34,121.1,17,3,0
6469,2026-03-01 10:00:00,50,59,128.22,11,2,0
6470,2026-03-01 10:00:00,56,20,170.58,24,2,0
6471,2026-03-01 10:00:00,68,50,132.54,17,2,0
6472,2026-03-01 10:00:00,23,38,253.94,14,2,0
6473,2026-03-01 10:00:00,32,24,157.83,19,6,1
6474,2026-03-01 10:00:00,61,10,119.01,25,0,0
6475,2026-03-01 10:00:00,65,32,137.9,11,1,0
6476,2026-03-01 10:00:00,48,52,205.21,22,3,0
6477,2026-03-01 10:00:00,56,15,58.2,20,1,0
6478,2026-03-01 10:00:00,65,37,158.15,24,2,0
6479,2026-03-01 10:00:00,53,20,171.06,28,1,0
6480,2026-03-01 10:00:00,22,3,88.01,19,1,1
6481,2026-03-01 10:00:00,55,37,98.46,18,3,0
6482,2026-03-01 10:00:00,46,57,100.93,16,2,0
6483,2026-03-01 10:00:00,25,40,187.95,21,1,0
6484,2026-03-01 10:00:00,57,8,125.33,29,3,0
6485,2026-03-01 10:00:00,48,40,90.16,24,3,0
6486,2026-03-01 10:00:00,64,44,52.0,25,1,0
6487,2026-03-01 10:00:00,68,56,159.27,23,2,0
6488,2026-03-01 10:00:00,47,23,125.01,19,4,0
6489,2026-03-01 10:00:00,50,40,160.25,21,0,0
6490,2026-03-01 10:00:00,49,11,134.3,19,2,0
6491,2026-03-01 10:00:00,50,46,174.7,20,4,0
6492,2026-03-01 10:00:00,56,8,49.26,26,3,0
6493,2026-03-01 10:00:00,44,29,146.68,22,2,0
6494,2026-03-01 10:00:00,18,30,129.7,14,0,0
6495,2026-03-01 10:00:00,67,56,104.54,19,2,0
6496,2026-03-01 10:00:00,37,10,133.41,21,2,0
6497,2026-03-01 10:00:00,59,39,104.87,34,0,0
6498,2026-03-01 10:00:00,48,28,125.82,19,1,0
6499,2026-03-01 10:00:00,68,49,78.74,17,2,0
6500,2026-03-01 10:00:00,62,36,142.23,24,3,0
6501,2026-03-01 10:00:00,32,13,147.98,19,2,0
6502,2026-03-01 10:00:00,20,32,160.41,19,3,0
6503,2026-03-01 10:00:00,21,36,68.43,16,1,0
6504,2026-03-01 10:00:00,60,37,64.82,24,2,0
6505,2026-03-01 10:00:00,67,26,77.83,30,4,1
6506,2026-03-01 10:00:00,35,22,177.96,12,1,0
6507,2026-03-01 10:00:00,29,4,114.54,17,2,0
6508,2026-03-01 10:00:00,49,31,134.0,19,1,0
6509,2026-03-01 10:00:00,30,18,155.66,17,1,0
6510,2026-03-01 10:00:00,36,38,88.14,30,5,1
6511,2026-03-01 10:00:00,61,24,125.91,21,1,0
6512,2026-03-01 10:00:00,68,56,82.82,24,3,0
6513,2026-03-01 10:00:00,37,23,60.41,19,1,0
6514,2026-03-01 10:00:00,56,22,158.31,19,1,0
6515,2026-03-01 10:00:00,52,2,115.71,23,1,0
6516,2026-03-01 10:00:00,26,31,143.07,28,2,0
6517,2026-03-01 10:00:00,67,55,158.3,21,1,0
6518,2026-03-01 10:00:00,43,11,74.32,12,1,0
6519,2026-03-01 10:00:00,20,28,98.07,19,3,0
6520,2026-03-01 10:00:00,21,46,186.38,15,0,0
6521,2026-03-01 10:00:00,67,32,138.64,22,1,0
6522,2026-03-01 10:00:00,30,5,74.94,16,3,0
6523,2026-03-01 10:00:00,27,38,88.1,22,3,0
6524,2026-03-01 10:00:00,43,10,91.11,9,0,1
6525,2026-03-01 10:00:00,27,40,129.89,18,3,0
6526,2026-03-01 10:00:00,63,46,121.59,11,4,0
6527,2026-03-01 10:00:00,47,24,158.09,17,0,0
6528,2026-03-01 10:00:00,24,35,143.66,29,0,0
6529,2026-03-01 10:00:00,43,44,85.63,20,3,0
6530,2026-03-01 10:00:00,39,48,177.43,14,3,0
6531,2026-03-01 10:00:00,62,23,136.41,19,1,0
6532,2026-03-01 10:00:00,59,17,195.79,12,3,0
6533,2026-03-01 10:00:00,67,1,89.69,15,2,0
6534,2026-03-01 10:00:00,50,55,36.88,21,3,0
6535,2026-03-01 10:00:00,58,31,140.81,19,4,0
6536,2026-03-01 10:00:00,23,31,110.61,23,2,0
6537,2026-03-01 10:00:00,28,42,138.55,18,3,0
6538,2026-03-01 10:00:00,59,57,112.73,21,1,0
6539,2026-03-01 10:00:00,40,55,168.58,17,1,0
6540,2026-03-01 10:00:00,62,42,111.81,16,3,0
6541,2026-03-01 10:00:00,58,53,132.33,17,4,1
6542,2026-03-01 10:00:00,44,56,144.57,17,1,0
6543,2026-03-01 10:00:00,42,34,128.2,28,3,0
6544,2026-03-01 10:00:00,57,9,148.31,24,4,0
6545,2026-03-01 10:00:00,35,22,136.97,25,1,0
6546,2026-03-01 10:00:00,68,13,118.95,12,1,1
6547,2026-03-01 10:00:00,48,25,136.03,26,0,0
6548,2026-03-01 10:00:00,22,48,116.36,21,1,0
6549,2026-03-01 10:00:00,49,18,106.68,17,3,0
6550,2026-03-01 10:00:00,40,51,141.07,23,0,0
6551,2026-03-01 10:00:00,47,12,213.41,25,1,0
6552,2026-03-01 10:00:00,64,40,132.41,13,0,1
6553,2026-03-01 10:00:00,37,17,128.46,30,2,0
6554,2026-03-01 10:00:00,26,15,95.99,23,1,0
6555,2026-03-01 10:00:00,19,42,113.99,14,4,1
6556,2026-03-01 10:00:00,28,15,106.82,28,1,0
6557,2026-03-01 10:00:00,33,15,146.35,17,0,0
6558,2026-03-01 10:00:00,24,55,126.11,20,1,0
6559,2026-03-01 10:00:00,53,39,182.6,26,3,0
6560,2026-03-01 10:00:00,67,13,82.17,23,2,0
6561,2026-03-01 10:00:00,44,17,110.07,20,1,0
6562,2026-03-01 10:00:00,61,32,99.08,12,1,0
6563,2026-03-01 10:00:00,57,9,22.92,27,1,0
6564,2026-03-01 10:00:00,61,40,68.91,16,0,1
6565,2026-03-01 10:00:00,30,20,109.66,23,2,0
6566,2026-03-01 10:00:00,29,26,127.08,20,2,0
6567,2026-03-01 10:00:00,37,27,129.63,21,2,0
6568,2026-03-01 10:00:00,67,21,140.53,20,2,1
6569,2026-03-01 10:00:00,67,18,76.08,22,5,1
6570,2026-03-01 10:00:00,55,13,95.57,18,2,0
6571,2026-03-01 10:00:00,69,16,157.28,16,0,0
6572,2026-03-01 10:00:00,34,9,163.32,17,0,0
6573,2026-03-01 10:00:00,52,12,159.19,23,2,0
6574,2026-03-01 10:00:00,42,44,130.54,15,1,0
6575,2026-03-01 10:00:00,38,38,57.08,22,4,1
6576,2026-03-01 10:00:00,53,19,171.62,11,4,1
6577,2026-03-01 10:00:00,64,7,84.86,18,2,0
6578,2026-03-01 10:00:00,34,57,151.51,9,1,0
6579,2026-03-01 10:00:00,53,35,102.99,20,1,0
6580,2026-03-01 10:00:00,24,48,124.24,22,3,0
6581,2026-03-01 10:00:00,69,18,88.15,17,1,0
6582,2026-03-01 10:00:00,32,16,114.45,14,4,1
6583,2026-03-01 10:00:00,43,55,77.06,12,2,0
6584,2026-03-01 10:00:00,35,39,84.36,25,3,0
6585,2026-03-01 10:00:00,54,4,97.36,25,1,0
6586,2026-03-01 10:00:00,60,59,45.51,20,2,0
6587,2026-03-01 10:00:00,29,25,90.42,28,3,0
6588,2026-03-01 10:00:00,45,32,63.64,23,4,0
6589,2026-03-01 10:00:00,45,40,79.69,19,2,0
6590,2026-03-01 10:00:00,62,13,76.67,19,3,0
6591,2026-03-01 10:00:00,41,45,176.64,17,0,0
6592,2026-03-01 10:00:00,33,17,63.27,18,1,0
6593,2026-03-01 10:00:00,41,49,123.11,27,2,0
6594,2026-03-01 10:00:00,23,37,136.55,21,0,0
6595,2026-03-01 10:00:00,42,6,112.37,20,1,0
6596,2026-03-01 10:00:00,45,19,148.93,21,4,0
6597,2026-03-01 10:00:00,36,13,99.69,21,3,0
6598,2026-03-01 10:00:00,44,57,125.83,21,2,0
6599,2026-03-01 10:00:00,56,26,116.62,24,1,1
6600,2026-03-01 10:00:00,23,14,99.57,24,1,0
6601,2026-03-01 10:00:00,35,31,143.53,15,2,0
6602,2026-03-01 10:00:00,18,54,117.24,17,2,0
6603,2026-03-01 10:00:00,56,4,112.62,21,0,0
6604,2026-03-01 10:00:00,28,39,68.99,22,2,0
6605,2026-03-01 10:00:00,26,8,105.29,24,2,0
6606,2026-03-01 10:00:00,19,25,113.58,17,4,1
6607,2026-03-01 10:00:00,69,13,176.0,14,1,0
6608,2026-03-01 10:00:00,54,32,98.38,11,4,0
6609,2026-03-01 10:00:00,25,59,154.01,25,1,0
6610,2026-03-01 10:00:00,23,38,115.78,22,4,0
6611,2026-03-01 10:00:00,23,38,79.68,23,1,0
6612,2026-03-01 10:00:00,39,56,171.28,21,3,0
6613,2026-03-01 10:00:00,45,28,124.06,27,2,0
6614,2026-03-01 10:00:00,23,53,88.6,13,3,0
6615,2026-03-01 10:00:00,21,30,146.46,25,1,0
6616,2026-03-01 10:00:00,42,3,180.62,15,0,0
6617,2026-03-01 10:00:00,39,28,71.07,20,1,0
6618,2026-03-01 10:00:00,60,3,153.25,18,0,0
6619,2026-03-01 10:00:00,35,45,63.59,17,1,0
6620,2026-03-01 10:00:00,26,54,50.86,17,2,0
6621,2026-03-01 10:00:00,32,34,64.12,22,4,1
6622,2026-03-01 10:00:00,41,16,111.39,13,3,0
6623,2026-03-01 10:00:00,58,22,135.29,22,1,0
6624,2026-03-01 10:00:00,68,32,100.18,16,3,0
6625,2026-03-01 10:00:00,44,38,77.15,19,0,0
6626,2026-03-01 10:00:00,62,8,133.03,13,1,0
6627,2026-03-01 10:00:00,46,55,127.11,18,0,0
6628,2026-03-01 10:00:00,52,8,119.94,24,0,0
6629,2026-03-01 10:00:00,48,57,154.88,21,2,0
6630,2026-03-01 10:00:00,43,6,122.25,20,3,0
6631,2026-03-01 10:00:00,41,14,171.83,20,2,0
6632,2026-03-01 10:00:00,63,32,37.19,16,3,0
6633,2026-03-01 10:00:00,54,35,66.85,14,1,0
6634,2026-03-01 10:00:00,40,10,158.05,19,1,0
6635,2026-03-01 10:00:00,61,3,42.74,34,7,1
6636,2026-03-01 10:00:00,57,59,154.39,26,4,1
6637,2026-03-01 10:00:00,65,12,163.73,20,0,0
6638,2026-03-01 10:00:00,59,49,104.51,20,2,0
6639,2026-03-01 10:00:00,66,59,137.61,18,2,0
6640,2026-03-01 10:00:00,39,31,116.88,18,3,0
6641,2026-03-01 10:00:00,37,29,131.32,10,3,0
6642,2026-03-01 10:00:00,50,5,55.22,17,6,1
6643,2026-03-01 10:00:00,47,52,150.25,13,0,0
6644,2026-03-01 10:00:00,38,25,97.06,19,2,0
6645,2026-03-01 10:00:00,65,41,73.34,16,2,0
6646,2026-03-01 10:00:00,63,31,51.48,21,3,0
6647,2026-03-01 10:00:00,62,21,110.78,19,1,0
6648,2026-03-01 10:00:00,34,58,103.4,16,1,0
6649,2026-03-01 10:00:00,67,20,107.45,30,4,0
6650,2026-03-01 10:00:00,60,39,102.19,26,3,0
6651,2026-03-01 10:00:00,29,22,73.94,29,2,0
6652,2026-03-01 10:00:00,46,4,181.75,18,2,0
6653,2026-03-01 10:00:00,24,13,107.61,23,0,0
6654,2026-03-01 10:00:00,43,45,157.68,20,4,1
6655,2026-03-01 10:00:00,60,42,83.58,18,3,0
6656,2026-03-01 10:00:00,26,50,227.7,21,2,0
6657,2026-03-01 10:00:00,23,49,149.88,23,1,0
6658,2026-03-01 10:00:00,43,20,184.2,24,0,0
6659,2026-03-01 10:00:00,69,52,168.23,23,2,0
6660,2026-03-01 10:00:00,36,13,138.81,23,4,1
6661,2026-03-01 10:00:00,66,17,131.92,19,5,1
6662,2026-03-01 10:00:00,64,54,108.46,22,1,0
6663,2026-03-01 10:00:00,21,36,131.96,18,1,0
6664,2026-03-01 10:00:00,49,33,91.19,20,0,0
6665,2026-03-01 10:00:00,68,1,142.89,19,1,0
6666,2026-03-01 10:00:00,32,15,72.85,20,0,0
6667,2026-03-01 10:00:00,20,13,133.93,16,3,0
6668,2026-03-01 10:00:00,19,17,94.44,23,1,0
6669,2026-03-01 10:00:00,59,24,166.22,20,3,0
6670,2026-03-01 10:00:00,31,58,70.15,26,0,0
6671,2026-03-01 10:00:00,67,8,59.85,17,1,0
6672,2026-03-01 10:00:00,36,50,130.36,17,4,0
6673,2026-03-01 10:00:00,62,27,70.99,23,2,0
6674,2026-03-01 10:00:00,28,45,124.55,31,3,0
6675,2026-03-01 10:00:00,68,23,153.69,16,0,0
6676,2026-03-01 10:00:00,50,46,120.86,16,2,0
6677,2026-03-01 10:00:00,38,8,79.56,27,1,0
6678,2026-03-01 10:00:00,38,8,90.28,21,0,0
6679,2026-03-01 10:00:00,69,59,149.51,17,3,0
6680,2026-03-01 10:00:00,36,26,129.89,19,6,1
6681,2026-03-01 10:00:00,67,47,103.2,17,2,0
6682,2026-03-01 10:00:00,46,59,150.07,15,0,0
6683,2026-03-01 10:00:00,55,13,67.76,22,1,0
6684,2026-03-01 10:00:00,25,39,156.04,12,2,0
6685,2026-03-01 10:00:00,57,37,149.48,21,4,0
6686,2026-03-01 10:00:00,49,49,80.49,19,4,0
6687,2026-03-01 10:00:00,65,28,126.26,14,2,0
6688,2026-03-01 10:00:00,61,25,101.41,31,3,0
6689,2026-03-01 10:00:00,51,16,165.08,20,1,0
6690,2026-03-01 10:00:00,38,55,193.46,10,2,0
6691,2026-03-01 10:00:00,37,2,54.39,18,0,1
6692,2026-03-01 10:00:00,44,54,127.51,24,3,1
6693,2026-03-01 10:00:00,67,18,109.89,14,6,0
6694,2026-03-01 10:00:00,40,17,84.7,18,1,0
6695,2026-03-01 10:00:00,33,30,81.45,20,1,0
6696,2026-03-01 10:00:00,30,39,108.48,20,3,0
6697,2026-03-01 10:00:00,38,13,90.63,19,1,0
6698,2026-03-01 10:00:00,24,32,160.99,11,2,0
6699,2026-03-01 10:00:00,42,50,150.35,18,1,0
6700,2026-03-01 10:00:00,33,29,107.69,29,1,0
6701,2026-03-01 10:00:00,54,46,125.23,17,4,1
6702,2026-03-01 10:00:00,38,30,103.99,18,3,0
6703,2026-03-01 10:00:00,66,18,105.02,16,2,0
6704,2026-03-01 10:00:00,46,13,94.3,10,2,0
6705,2026-03-01 10:00:00,66,43,60.43,16,3,0
6706,2026-03-01 10:00:00,53,21,140.54,22,3,0
6707,2026-03-01 10:00:00,47,30,64.96,23,5,0
6708,2026-03-01 10:00:00,63,21,120.94,27,1,0
6709,2026-03-01 10:00:00,38,48,97.66,15,0,0
6710,2026-03-01 10:00:00,51,55,178.9,18,2,0
6711,2026-03-01 10:00:00,66,17,144.41,16,2,0
6712,2026-03-01 10:00:00,45,40,96.05,20,1,0
6713,2026-03-01 10:00:00,37,19,124.83,18,2,0
6714,2026-03-01 10:00:00,20,52,55.58,23,0,1
6715,2026-03-01 10:00:00,41,15,98.41,16,5,0
6716,2026-03-01 10:00:00,31,9,91.12,23,5,1
6717,2026-03-01 10:00:00,65,52,162.07,21,2,0
6718,2026-03-01 10:00:00,37,10,85.2,17,1,0
6719,2026-03-01 10:00:00,25,44,107.45,28,1,0
6720,2026-03-01 10:00:00,35,31,152.77,25,1,0
6721,2026-03-01 10:00:00,66,53,101.06,23,3,0
6722,2026-03-01 10:00:00,34,23,126.15,15,1,0
6723,2026-03-01 10:00:00,69,52,154.45,21,2,0
6724,2026-03-01 10:00:00,21,30,110.73,22,1,0
6725,2026-03-01 10:00:00,40,33,94.89,14,1,0
6726,2026-03-01 10:00:00,67,57,149.6,21,0,0
6727,2026-03-01 10:00:00,29,52,121.74,25,0,0
6728,2026-03-01 10:00:00,51,9,112.94,13,0,0
6729,2026-03-01 10:00:00,67,54,125.87,20,0,0
6730,2026-03-01 10:00:00,18,47,112.91,19,0,0
6731,2026-03-01 10:00:00,52,1,25.94,25,1,0
6732,2026-03-01 10:00:00,47,44,89.07,17,3,1
6733,2026-03-01 10:00:00,38,35,132.45,15,2,0
6734,2026-03-01 10:00:00,67,11,56.05,25,3,0
6735,2026-03-01 10:00:00,52,34,115.31,24,0,0
6736,2026-03-01 10:00:00,40,16,173.0,18,2,0
6737,2026-03-01 10:00:00,32,9,125.1,19,1,0
6738,2026-03-01 10:00:00,40,32,84.05,27,2,1
6739,2026-03-01 10:00:00,61,15,127.76,12,3,0
6740,2026-03-01 10:00:00,18,12,38.17,26,2,0
6741,2026-03-01 10:00:00,48,33,116.64,13,0,0
6742,2026-03-01 10:00:00,44,45,189.34,16,4,0
6743,2026-03-01 10:00:00,62,14,141.64,18,3,0
6744,2026-03-01 10:00:00,40,57,115.59,25,1,0
6745,2026-03-01 10:00:00,37,57,124.58,22,2,0
6746,2026-03-01 10:00:00,56,8,170.58,18,3,0
6747,2026-03-01 10:00:00,49,8,78.13,24,2,0
6748,2026-03-01 10:00:00,49,27,114.63,18,1,0
6749,2026-03-01 10:00:00,62,12,147.81,22,2,0
6750,2026-03-01 10:00:00,37,1,32.95,19,1,0
6751,2026-03-01 10:00:00,45,43,146.27,20,1,0
6752,2026-03-01 10:00:00,39,40,110.76,15,2,0
6753,2026-03-01 10:00:00,22,42,117.25,21,3,0
6754,2026-03-01 10:00:00,20,51,113.69,22,1,0
6755,2026-03-01 10:00:00,64,11,185.93,21,2,0
6756,2026-03-01 10:00:00,50,39,110.93,11,2,0
6757,2026-03-01 10:00:00,54,43,162.51,24,0,0
6758,2026-03-01 10:00:00,34,31,97.75,21,0,0
6759,2026-03-01 10:00:00,53,17,65.47,15,2,0
6760,2026-03-01 10:00:00,68,33,157.9,25,3,0
6761,2026-03-01 10:00:00,52,32,123.98,25,6,1
6762,2026-03-01 10:00:00,28,58,90.05,13,6,1
6763,2026-03-01 10:00:00,53,29,65.37,15,1,0
6764,2026-03-01 10:00:00,26,21,203.44,19,4,1
6765,2026-03-01 10:00:00,65,21,112.89,17,1,1
6766,2026-03-01 10:00:00,20,40,137.54,17,2,1
6767,2026-03-01 10:00:00,44,23,91.59,20,0,0
6768,2026-03-01 10:00:00,56,56,125.24,19,4,1
6769,2026-03-01 10:00:00,61,6,178.71,17,1,0
6770,2026-03-01 10:00:00,40,22,111.21,22,2,0
6771,2026-03-01 10:00:00,24,50,114.04,24,3,0
6772,2026-03-01 10:00:00,68,38,186.64,15,1,1
6773,2026-03-01 10:00:00,69,37,42.59,22,2,0
6774,2026-03-01 10:00:00,28,45,85.91,24,3,0
6775,2026-03-01 10:00:00,58,51,115.39,12,2,0
6776,2026-03-01 10:00:00,64,54,104.13,13,1,1
6777,2026-03-01 10:00:00,52,8,136.03,19,1,0
6778,2026-03-01 10:00:00,55,41,119.69,26,1,0
6779,2026-03-01 10:00:00,59,49,98.25,22,4,0
6780,2026-03-01 10:00:00,36,35,154.94,18,4,1
6781,2026-03-01 10:00:00,27,51,93.84,14,3,0
6782,2026-03-01 10:00:00,58,11,145.37,23,2,0
6783,2026-03-01 10:00:00,45,24,100.06,22,1,0
6784,2026-03-01 10:00:00,63,49,123.91,22,3,0
6785,2026-03-01 10:00:00,26,21,179.14,24,2,0
6786,2026-03-01 10:00:00,22,51,103.22,21,0,1
6787,2026-03-01 10:00:00,45,2,160.08,15,2,1
6788,2026-03-01 10:00:00,64,40,82.63,24,1,0
6789,2026-03-01 10:00:00,36,19,98.98,19,2,0
6790,2026-03-01 10:00:00,32,39,111.52,18,4,1
6791,2026-03-01 10:00:00,65,28,113.02,20,3,0
6792,2026-03-01 10:00:00,67,59,155.14,13,4,0
6793,2026-03-01 10:00:00,67,17,143.83,26,0,1
6794,2026-03-01 10:00:00,63,6,180.69,15,3,0
6795,2026-03-01 10:00:00,44,19,137.41,16,1,0
6796,2026-03-01 10:00:00,68,56,199.36,17,0,0
6797,2026-03-01 10:00:00,62,38,163.44,12,3,0
6798,2026-03-01 10:00:00,18,28,125.69,13,3,0
6799,2026-03-01 10:00:00,54,2,172.99,23,2,1
6800,2026-03-01 10:00:00,45,38,131.38,11,4,1
6801,2026-03-01 10:00:00,21,55,137.67,17,2,0
6802,2026-03-01 10:00:00,30,37,118.02,18,2,0
6803,2026-03-01 10:00:00,32,51,113.4,19,7,1
6804,2026-03-01 10:00:00,57,52,96.13,15,4,1
6805,2026-03-01 10:00:00,61,4,97.65,13,2,0
6806,2026-03-01 10:00:00,68,22,84.59,24,1,0
6807,2026-03-01 10:00:00,29,26,119.9,21,6,0
6808,2026-03-01 10:00:00,62,49,77.74,21,3,0
6809,2026-03-01 10:00:00,29,43,121.51,23,1,0
6810,2026-03-01 10:00:00,55,36,111.3,16,1,0
6811,2026-03-01 10:00:00,58,58,70.3,25,2,0
6812,2026-03-01 10:00:00,49,13,152.61,19,1,0
6813,2026-03-01 10:00:00,42,52,128.0,28,3,0
6814,2026-03-01 10:00:00,35,58,111.6,20,2,0
6815,2026-03-01 10:00:00,48,32,89.99,20,5,0
6816,2026-03-01 10:00:00,29,17,118.12,17,0,0
6817,2026-03-01 10:00:00,35,41,135.86,27,3,0
6818,2026-03-01 10:00:00,23,36,121.39,24,3,0
6819,2026-03-01 10:00:00,20,55,130.06,15,3,0
6820,2026-03-01 10:00:00,30,46,174.44,23,2,0
6821,2026-03-01 10:00:00,23,19,62.53,23,2,0
6822,2026-03-01 10:00:00,29,58,20.0,20,2,0
6823,2026-03-01 10:00:00,24,35,93.02,18,1,0
6824,2026-03-01 10:00:00,38,46,44.28,20,3,0
6825,2026-03-01 10:00:00,21,40,98.87,24,3,0
6826,2026-03-01 10:00:00,49,56,100.45,21,2,0
6827,2026-03-01 10:00:00,29,59,226.05,19,1,0
6828,2026-03-01 10:00:00,24,28,121.84,22,1,0
6829,2026-03-01 10:00:00,60,1,27.52,20,1,1
6830,2026-03-01 10:00:00,47,42,79.46,21,1,0
6831,2026-03-01 10:00:00,61,18,161.08,20,4,1
6832,2026-03-01 10:00:00,58,48,155.07,16,3,0
6833,2026-03-01 10:00:00,68,40,124.03,27,4,0
6834,2026-03-01 10:00:00,36,33,112.54,22,1,0
6835,2026-03-01 10:00:00,50,12,150.22,24,1,0
6836,2026-03-01 10:00:00,46,8,184.19,15,3,0
6837,2026-03-01 10:00:00,62,24,31.59,21,1,0
6838,2026-03-01 10:00:00,29,16,87.02,19,4,1
6839,2026-03-01 10:00:00,38,50,92.23,17,1,0
6840,2026-03-01 10:00:00,20,4,104.23,16,0,0
6841,2026-03-01 10:00:00,59,38,152.56,26,1,0
6842,2026-03-01 10:00:00,40,44,65.08,25,1,0
6843,2026-03-01 10:00:00,31,27,55.11,8,1,1
6844,2026-03-01 10:00:00,58,9,84.9,23,5,0
6845,2026-03-01 10:00:00,62,47,111.15,22,3,0
6846,2026-03-01 10:00:00,40,16,142.37,18,2,0
6847,2026-03-01 10:00:00,29,56,121.86,19,1,0
6848,2026-03-01 10:00:00,35,12,172.18,17,2,0
6849,2026-03-01 10:00:00,62,31,221.95,18,0,0
6850,2026-03-01 10:00:00,43,24,130.02,26,4,1
6851,2026-03-01 10:00:00,50,55,161.18,19,2,0
6852,2026-03-01 10:00:00,34,14,141.15,27,0,0
6853,2026-03-01 10:00:00,36,45,114.4,19,1,0
6854,2026-03-01 10:00:00,58,25,106.64,18,2,1
6855,2026-03-01 10:00:00,62,34,141.14,16,1,0
6856,2026-03-01 10:00:00,66,3,118.33,18,0,0
6857,2026-03-01 10:00:00,34,58,114.03,20,2,0
6858,2026-03-01 10:00:00,26,24,95.07,23,2,0
6859,2026-03-01 10:00:00,29,54,190.03,22,1,0
6860,2026-03-01 10:00:00,57,42,128.35,19,2,1
6861,2026-03-01 10:00:00,58,9,111.29,22,5,0
6862,2026-03-01 10:00:00,24,26,158.76,17,1,0
6863,2026-03-01 10:00:00,64,20,154.36,15,1,0
6864,2026-03-01 10:00:00,19,40,102.08,16,2,0
6865,2026-03-01 10:00:00,20,10,69.37,16,2,0
6866,2026-03-01 10:00:00,53,19,102.88,23,3,0
6867,2026-03-01 10:00:00,26,3,65.9,21,0,0
6868,2026-03-01 10:00:00,68,24,165.7,13,0,0
6869,2026-03-01 10:00:00,45,5,32.98,17,1,0
6870,2026-03-01 10:00:00,57,3,118.72,21,2,0
6871,2026-03-01 10:00:00,63,58,106.92,25,1,0
6872,2026-03-01 10:00:00,22,27,109.63,13,2,0
6873,2026-03-01 10:00:00,40,16,155.37,21,1,0
6874,2026-03-01 10:00:00,23,49,133.09,17,2,0
6875,2026-03-01 10:00:00,58,15,53.91,30,2,0
6876,2026-03-01 10:00:00,45,35,174.02,24,4,1
6877,2026-03-01 10:00:00,52,12,80.04,12,4,1
6878,2026-03-01 10:00:00,50,41,63.64,16,1,0
6879,2026-03-01 10:00:00,39,53,127.25,17,1,0
6880,2026-03-01 10:00:00,62,44,28.5,16,1,1
6881,2026-03-01 10:00:00,21,26,166.98,25,2,0
6882,2026-03-01 10:00:00,68,47,48.11,11,1,0
6883,2026-03-01 10:00:00,44,34,107.86,26,2,0
6884,2026-03-01 10:00:00,53,23,98.66,15,0,1
6885,2026-03-01 10:00:00,54,31,157.66,17,1,1
6886,2026-03-01 10:00:00,37,50,152.35,21,5,1
6887,2026-03-01 10:00:00,49,20,73.7,14,2,0
6888,2026-03-01 10:00:00,52,12,171.26,18,3,0
6889,2026-03-01 10:00:00,32,23,67.74,13,3,0
6890,2026-03-01 10:00:00,67,4,111.16,19,1,0
6891,2026-03-01 10:00:00,50,23,124.16,16,7,1
6892,2026-03-01 10:00:00,37,48,146.42,25,2,0
6893,2026-03-01 10:00:00,40,55,163.62,21,0,0
6894,2026-03-01 10:00:00,51,48,115.95,17,2,1
6895,2026-03-01 10:00:00,39,1,57.94,22,2,0
6896,2026-03-01 10:00:00,25,54,95.45,19,3,0
6897,2026-03-01 10:00:00,26,25,68.51,23,5,0
6898,2026-03-01 10:00:00,20,2,120.38,21,3,1
6899,2026-03-01 10:00:00,60,30,106.87,14,4,1
6900,2026-03-01 10:00:00,43,3,180.37,18,3,0
6901,2026-03-01 10:00:00,36,58,158.96,19,5,1
6902,2026-03-01 10:00:00,30,21,191.8,21,3,0
6903,2026-03-01 10:00:00,47,25,148.23,13,1,0
6904,2026-03-01 10:00:00,56,20,125.56,19,5,1
6905,2026-03-01 10:00:00,45,49,125.84,24,1,0
6906,2026-03-01 10:00:00,40,52,97.18,27,1,0
6907,2026-03-01 10:00:00,62,22,96.73,17,1,0
6908,2026-03-01 10:00:00,60,21,105.27,17,1,0
6909,2026-03-01 10:00:00,52,33,184.04,20,3,0
6910,2026-03-01 10:00:00,52,52,87.42,13,2,0
6911,2026-03-01 10:00:00,42,38,147.34,16,4,1
6912,2026-03-01 10:00:00,46,15,67.91,20,3,0
6913,2026-03-01 10:00:00,65,58,112.06,17,5,0
6914,2026-03-01 10:00:00,35,58,116.44,25,3,0
6915,2026-03-01 10:00:00,62,46,130.83,25,4,0
6916,2026-03-01 10:00:00,51,52,141.57,17,1,0
6917,2026-03-01 10:00:00,61,15,99.37,16,1,0
6918,2026-03-01 10:00:00,28,46,150.45,25,2,0
6919,2026-03-01 10:00:00,67,25,84.69,15,4,1
6920,2026-03-01 10:00:00,69,21,93.6,19,1,0
6921,2026-03-01 10:00:00,51,24,96.95,27,0,0
6922,2026-03-01 10:00:00,24,57,107.41,16,2,0
6923,2026-03-01 10:00:00,67,58,96.84,24,0,0
6924,2026-03-01 10:00:00,32,5,72.03,20,6,1
6925,2026-03-01 10:00:00,60,6,144.84,13,3,0
6926,2026-03-01 10:00:00,37,49,80.0,20,1,0
6927,2026-03-01 10:00:00,55,43,153.55,20,2,0
6928,2026-03-01 10:00:00,31,48,152.35,21,3,0
6929,2026-03-01 10:00:00,27,44,58.74,18,0,0
6930,2026-03-01 10:00:00,58,47,140.78,17,2,0
6931,2026-03-01 10:00:00,45,23,118.67,17,3,0
6932,2026-03-01 10:00:00,33,4,77.98,17,5,1
6933,2026-03-01 10:00:00,40,27,106.93,14,1,0
6934,2026-03-01 10:00:00,48,18,142.54,16,6,0
6935,2026-03-01 10:00:00,48,21,167.85,14,2,0
6936,2026-03-01 10:00:00,41,28,81.81,21,3,0
6937,2026-03-01 10:00:00,69,35,154.01,19,3,0
6938,2026-03-01 10:00:00,68,22,105.61,16,3,0
6939,2026-03-01 10:00:00,18,40,41.61,21,2,0
6940,2026-03-01 10:00:00,23,23,221.09,15,2,0
6941,2026-03-01 10:00:00,25,3,203.02,16,2,0
6942,2026-03-01 10:00:00,64,40,99.63,19,0,0
6943,2026-03-01 10:00:00,47,50,130.63,24,2,0
6944,2026-03-01 10:00:00,49,10,184.72,35,2,0
6945,2026-03-01 10:00:00,34,25,87.57,24,4,0
6946,2026-03-01 10:00:00,55,52,152.04,26,0,0
6947,2026-03-01 10:00:00,53,49,170.36,18,2,0
6948,2026-03-01 10:00:00,25,8,183.4,15,3,0
6949,2026-03-01 10:00:00,43,55,122.0,20,1,1
6950,2026-03-01 10:00:00,42,11,35.88,19,2,0
6951,2026-03-01 10:00:00,62,5,190.98,16,0,0
6952,2026-03-01 10:00:00,57,58,101.1,20,2,0
6953,2026-03-01 10:00:00,52,45,58.44,19,1,0
6954,2026-03-01 10:00:00,38,53,80.55,18,2,0
6955,2026-03-01 10:00:00,22,55,20.0,26,3,0
6956,2026-03-01 10:00:00,18,37,125.35,24,0,0
6957,2026-03-01 10:00:00,62,56,100.86,20,1,0
6958,2026-03-01 10:00:00,27,59,112.23,17,4,0
6959,2026-03-01 10:00:00,20,45,134.19,22,2,0
6960,2026-03-01 10:00:00,69,38,78.0,22,7,1
6961,2026-03-01 10:00:00,50,29,120.34,22,2,0
6962,2026-03-01 10:00:00,40,5,97.2,14,1,0
6963,2026-03-01 10:00:00,46,9,184.44,19,0,0
6964,2026-03-01 10:00:00,67,59,91.52,18,1,0
6965,2026-03-01 10:00:00,65,48,20.0,22,6,1
6966,2026-03-01 10:00:00,63,2,206.99,25,2,0
6967,2026-03-01 10:00:00,52,1,178.83,21,1,0
6968,2026-03-01 10:00:00,57,40,156.43,23,0,0
6969,2026-03-01 10:00:00,47,51,153.06,21,2,0
6970,2026-03-01 10:00:00,23,30,132.73,16,1,0
6971,2026-03-01 10:00:00,50,11,78.87,14,1,0
6972,2026-03-01 10:00:00,50,28,144.15,22,1,0
6973,2026-03-01 10:00:00,49,44,52.07,18,1,0
6974,2026-03-01 10:00:00,51,12,89.21,19,5,1
6975,2026-03-01 10:00:00,45,39,61.85,23,2,0
6976,2026-03-01 10:00:00,23,26,40.16,21,2,0
6977,2026-03-01 10:00:00,25,13,98.97,23,3,0
6978,2026-03-01 10:00:00,50,59,71.48,22,1,0
6979,2026-03-01 10:00:00,29,8,161.93,16,3,0
6980,2026-03-01 10:00:00,54,54,135.81,18,2,0
6981,2026-03-01 10:00:00,53,28,90.52,29,0,0
6982,2026-03-01 10:00:00,22,58,94.71,18,1,0
6983,2026-03-01 10:00:00,45,30,186.48,20,2,0
6984,2026-03-01 10:00:00,47,9,70.53,14,1,0
6985,2026-03-01 10:00:00,19,39,57.17,20,1,0
6986,2026-03-01 10:00:00,50,31,137.55,17,6,1
6987,2026-03-01 10:00:00,20,58,124.25,19,6,0
6988,2026-03-01 10:00:00,49,21,139.89,22,4,1
6989,2026-03-01 10:00:00,27,56,64.06,17,2,0
6990,2026-03-01 10:00:00,32,47,99.23,29,4,1
6991,2026-03-01 10:00:00,23,34,64.22,20,3,0
6992,2026-03-01 10:00:00,68,55,167.79,25,0,0
6993,2026-03-01 10:00:00,45,31,80.16,16,3,0
6994,2026-03-01 10:00:00,64,52,107.3,21,2,0
6995,2026-03-01 10:00:00,39,25,141.2,30,2,0
6996,2026-03-01 10:00:00,55,12,144.22,20,1,0
6997,2026-03-01 10:00:00,43,1,67.35,11,3,0
6998,2026-03-01 10:00:00,34,55,180.74,17,4,1
6999,2026-03-01 10:00:00,41,22,116.79,16,0,0
7000,2026-03-01 10:00:00,28,40,130.69,18,2,0
7001,2026-03-01 10:00:00,68,37,78.58,21,2,0
7002,2026-03-01 10:00:00,37,47,134.01,23,1,0
7003,2026-03-01 10:00:00,64,1,102.12,18,2,1
7004,2026-03-01 10:00:00,27,1,125.47,16,6,1
7005,2026-03-01 10:00:00,65,57,64.99,26,3,0
7006,2026-03-01 10:00:00,40,42,60.8,13,2,0
7007,2026-03-01 10:00:00,37,54,65.87,14,2,0
7008,2026-03-01 10:00:00,68,42,137.28,19,2,0
7009,2026-03-01 10:00:00,48,21,134.11,17,2,0
7010,2026-03-01 10:00:00,67,15,196.09,19,1,0
7011,2026-03-01 10:00:00,69,17,165.89,27,0,0
7012,2026-03-01 10:00:00,50,22,92.34,16,2,0
7013,2026-03-01 10:00:00,19,38,154.25,25,2,0
7014,2026-03-01 10:00:00,51,35,128.89,17,4,1
7015,2026-03-01 10:00:00,22,45,40.55,17,3,0
7016,2026-03-01 10:00:00,51,16,128.55,17,0,0
7017,2026-03-01 10:00:00,26,8,120.35,25,1,0
7018,2026-03-01 10:00:00,34,47,117.57,18,2,0
7019,2026-03-01 10:00:00,42,17,121.31,22,2,0
7020,2026-03-01 10:00:00,56,17,124.36,18,1,0
7021,2026-03-01 10:00:00,31,54,83.86,18,2,0
7022,2026-03-01 10:00:00,42,26,158.91,15,2,0
7023,2026-03-01 10:00:00,56,13,51.71,19,6,1
7024,2026-03-01 10:00:00,49,17,106.66,13,3,1
7025,2026-03-01 10:00:00,58,38,154.7,19,2,0
7026,2026-03-01 10:00:00,63,17,145.21,22,1,0
7027,2026-03-01 10:00:00,44,48,129.58,30,2,0
7028,2026-03-01 10:00:00,27,14,76.19,20,1,0
7029,2026-03-01 10:00:00,66,45,117.83,18,1,0
7030,2026-03-01 10:00:00,38,6,146.64,21,3,0
7031,2026-03-01 10:00:00,33,35,113.29,19,0,0
7032,2026-03-01 10:00:00,25,46,98.73,13,5,0
7033,2026-03-01 10:00:00,49,14,123.43,21,0,0
7034,2026-03-01 10:00:00,50,47,95.7,19,0,0
7035,2026-03-01 10:00:00,51,8,143.5,13,1,0
7036,2026-03-01 10:00:00,41,15,102.27,27,3,0
7037,2026-03-01 10:00:00,68,54,136.87,25,2,0
7038,2026-03-01 10:00:00,32,27,95.71,20,2,0
7039,2026-03-01 10:00:00,66,13,116.3,23,3,0
7040,2026-03-01 10:00:00,42,49,104.53,19,4,1
7041,2026-03-01 10:00:00,44,31,109.16,19,1,0
7042,2026-03-01 10:00:00,42,53,129.09,21,3,0
7043,2026-03-01 10:00:00,35,56,166.65,15,3,0
7044,2026-03-01 10:00:00,37,35,134.29,24,1,0
7045,2026-03-01 10:00:00,53,6,143.83,15,1,0
7046,2026-03-01 10:00:00,45,5,96.93,21,4,1
7047,2026-03-01 10:00:00,31,22,87.06,28,1,0
7048,2026-03-01 10:00:00,69,58,54.77,22,1,1
7049,2026-03-01 10:00:00,55,49,148.26,18,1,0
7050,2026-03-01 10:00:00,28,23,141.96,16,0,0
7051,2026-03-01 10:00:00,45,25,79.81,15,2,0
7052,2026-03-01 10:00:00,32,34,91.59,20,1,0
7053,2026-03-01 10:00:00,47,26,200.98,14,0,0
7054,2026-03-01 10:00:00,22,47,183.07,16,1,0
7055,2026-03-01 10:00:00,21,5,125.5,16,7,1
7056,2026-03-01 10:00:00,24,26,86.42,13,2,0
7057,2026-03-01 10:00:00,56,20,89.27,20,4,1
7058,2026-03-01 10:00:00,57,6,130.42,30,2,0
7059,2026-03-01 10:00:00,52,6,120.19,15,1,0
7060,2026-03-01 10:00:00,20,59,174.1,16,2,0
7061,2026-03-01 10:00:00,45,50,138.42,17,4,1
7062,2026-03-01 10:00:00,54,18,218.93,22,3,0
7063,2026-03-01 10:00:00,21,4,44.13,23,2,0
7064,2026-03-01 10:00:00,67,17,113.25,14,3,0
7065,2026-03-01 10:00:00,28,57,176.15,16,2,0
7066,2026-03-01 10:00:00,21,14,84.4,20,3,0
7067,2026-03-01 10:00:00,21,14,172.42,24,6,1
7068,2026-03-01 10:00:00,61,13,184.67,11,3,0
7069,2026-03-01 10:00:00,43,7,126.87,21,2,0
7070,2026-03-01 10:00:00,43,44,175.72,20,1,0
7071,2026-03-01 10:00:00,67,55,151.03,18,1,0
7072,2026-03-01 10:00:00,26,15,54.44,29,1,0
7073,2026-03-01 10:00:00,30,19,135.26,11,0,0
7074,2026-03-01 10:00:00,69,43,131.12,26,3,0
7075,2026-03-01 10:00:00,32,47,30.51,25,3,0
7076,2026-03-01 10:00:00,60,44,115.9,15,2,0
7077,2026-03-01 10:00:00,44,35,109.96,21,6,1
7078,2026-03-01 10:00:00,26,17,165.13,21,1,0
7079,2026-03-01 10:00:00,35,35,117.1,21,0,0
7080,2026-03-01 10:00:00,49,19,139.83,15,5,0
7081,2026-03-01 10:00:00,27,20,68.65,25,2,0
7082,2026-03-01 10:00:00,55,36,84.19,22,1,0
7083,2026-03-01 10:00:00,53,35,133.74,18,3,0
7084,2026-03-01 10:00:00,55,32,127.83,22,0,0
7085,2026-03-01 10:00:00,58,58,104.31,15,4,1
7086,2026-03-01 10:00:00,27,48,114.49,17,2,0
7087,2026-03-01 10:00:00,67,44,164.4,21,2,0
7088,2026-03-01 10:00:00,24,40,80.22,9,1,0
7089,2026-03-01 10:00:00,32,24,101.8,26,4,0
7090,2026-03-01 10:00:00,28,17,190.16,21,2,0
7091,2026-03-01 10:00:00,60,7,108.76,22,1,0
7092,2026-03-01 10:00:00,27,43,113.23,22,3,0
7093,2026-03-01 10:00:00,22,50,101.02,25,4,0
7094,2026-03-01 10:00:00,36,1,166.51,18,2,0
7095,2026-03-01 10:00:00,49,35,148.32,20,0,0
7096,2026-03-01 10:00:00,30,32,209.84,12,2,0
7097,2026-03-01 10:00:00,64,36,108.11,22,1,0
7098,2026-03-01 10:00:00,58,13,143.57,13,0,0
7099,2026-03-01 10:00:00,25,6,131.05,16,2,0
7100,2026-03-01 10:00:00,68,58,165.57,21,2,0
7101,2026-03-01 10:00:00,28,14,60.32,21,3,0
7102,2026-03-01 10:00:00,19,37,72.91,17,2,0
7103,2026-03-01 10:00:00,63,48,51.43,16,1,0
7104,2026-03-01 10:00:00,29,15,133.95,15,3,0
7105,2026-03-01 10:00:00,34,47,117.82,19,0,0
7106,2026-03-01 10:00:00,27,4,107.65,20,1,1
7107,2026-03-01 10:00:00,29,40,129.35,24,2,1
7108,2026-03-01 10:00:00,56,59,131.6,24,2,0
7109,2026-03-01 10:00:00,60,16,130.3,22,1,0
7110,2026-03-01 10:00:00,67,28,145.8,27,4,0
7111,2026-03-01 10:00:00,54,16,118.11,21,0,0
7112,2026-03-01 10:00:00,53,4,94.49,18,3,0
7113,2026-03-01 10:00:00,62,45,115.67,23,0,0
7114,2026-03-01 10:00:00,63,26,135.75,25,1,0
7115,2026-03-01 10:00:00,55,28,138.38,25,3,0
7116,2026-03-01 10:00:00,34,32,91.73,23,2,0
7117,2026-03-01 10:00:00,53,45,102.92,25,3,0
7118,2026-03-01 10:00:00,59,2,98.69,24,3,0
7119,2026-03-01 10:00:00,49,31,130.25,21,0,0
7120,2026-03-01 10:00:00,38,3,99.04,21,2,1
7121,2026-03-01 10:00:00,41,54,143.46,16,2,0
7122,2026-03-01 10:00:00,38,8,98.63,14,3,0
7123,2026-03-01 10:00:00,22,24,62.67,26,1,1
7124,2026-03-01 10:00:00,60,15,182.28,25,3,0
7125,2026-03-01 10:00:00,49,43,96.06,20,0,0
7126,2026-03-01 10:00:00,65,31,138.06,19,3,0
7127,2026-03-01 10:00:00,32,9,102.37,16,1,0
7128,2026-03-01 10:00:00,48,39,106.86,12,1,0
7129,2026-03-01 10:00:00,36,45,118.29,24,1,0
7130,2026-03-01 10:00:00,27,2,149.46,20,1,0
7131,2026-03-01 10:00:00,26,8,68.14,31,4,0
7132,2026-03-01 10:00:00,69,7,208.16,20,2,0
7133,2026-03-01 10:00:00,28,56,118.12,19,2,0
7134,2026-03-01 10:00:00,41,44,151.38,22,6,0
7135,2026-03-01 10:00:00,21,51,98.15,20,4,0
7136,2026-03-01 10:00:00,50,39,143.24,19,2,0
7137,2026-03-01 10:00:00,65,42,109.21,17,3,0
7138,2026-03-01 10:00:00,67,57,122.5,14,3,0
7139,2026-03-01 10:00:00,48,16,162.41,20,3,0
7140,2026-03-01 10:00:00,41,35,51.74,17,2,0
7141,2026-03-01 10:00:00,19,30,110.45,25,0,0
7142,2026-03-01 10:00:00,23,10,82.65,16,1,0
7143,2026-03-01 10:00:00,50,38,161.03,24,3,0
7144,2026-03-01 10:00:00,68,18,114.69,25,1,0
7145,2026-03-01 10:00:00,20,50,179.63,23,2,0
7146,2026-03-01 10:00:00,53,5,208.22,22,4,1
7147,2026-03-01 10:00:00,50,53,66.92,9,2,1
7148,2026-03-01 10:00:00,21,29,58.36,14,4,1
7149,2026-03-01 10:00:00,55,39,71.63,17,0,0
7150,2026-03-01 10:00:00,41,34,129.11,20,2,0
7151,2026-03-01 10:00:00,24,43,150.35,23,2,0
7152,2026-03-01 10:00:00,58,45,20.0,18,1,0
7153,2026-03-01 10:00:00,23,23,153.79,24,1,0
7154,2026-03-01 10:00:00,25,5,186.54,14,4,1
7155,2026-03-01 10:00:00,28,30,134.3,18,0,0
7156,2026-03-01 10:00:00,22,6,39.43,22,1,0
7157,2026-03-01 10:00:00,29,56,144.75,15,1,0
7158,2026-03-01 10:00:00,48,58,100.09,18,2,0
7159,2026-03-01 10:00:00,37,46,89.66,15,3,0
7160,2026-03-01 10:00:00,32,44,139.92,22,4,1
7161,2026-03-01 10:00:00,18,4,165.68,15,1,1
7162,2026-03-01 10:00:00,51,29,87.16,21,2,0
7163,2026-03-01 10:00:00,40,23,133.79,16,2,0
7164,2026-03-01 10:00:00,43,6,193.55,16,0,0
7165,2026-03-01 10:00:00,35,32,128.16,20,1,0
7166,2026-03-01 10:00:00,23,42,45.21,24,2,0
7167,2026-03-01 10:00:00,56,18,176.27,27,2,0
7168,2026-03-01 10:00:00,40,15,124.65,18,1,0
7169,2026-03-01 10:00:00,41,40,126.63,17,2,0
7170,2026-03-01 10:00:00,23,58,167.09,21,1,0
7171,2026-03-01 10:00:00,61,32,154.57,27,4,1
7172,2026-03-01 10:00:00,35,9,122.97,17,1,0
7173,2026-03-01 10:00:00,37,37,159.94,21,5,1
7174,2026-03-01 10:00:00,67,10,150.87,22,1,0
7175,2026-03-01 10:00:00,61,20,81.89,18,1,0
7176,2026-03-01 10:00:00,57,6,114.1,21,1,0
7177,2026-03-01 10:00:00,34,48,192.46,21,3,0
7178,2026-03-01 10:00:00,66,56,73.27,18,3,0
7179,2026-03-01 10:00:00,53,59,183.95,22,2,0
7180,2026-03-01 10:00:00,66,3,155.48,22,3,1
7181,2026-03-01 10:00:00,62,42,103.46,19,2,0
7182,2026-03-01 10:00:00,20,11,96.88,24,1,0
7183,2026-03-01 10:00:00,59,43,83.11,27,2,0
7184,2026-03-01 10:00:00,67,17,142.97,21,2,0
7185,2026-03-01 10:00:00,61,32,146.63,23,2,0
7186,2026-03-01 10:00:00,63,4,76.71,25,4,1
7187,2026-03-01 10:00:00,43,4,82.4,17,2,1
7188,2026-03-01 10:00:00,50,17,161.06,17,2,0
7189,2026-03-01 10:00:00,59,41,167.28,18,2,0
7190,2026-03-01 10:00:00,34,19,134.43,16,1,0
7191,2026-03-01 10:00:00,43,5,107.82,18,1,0
7192,2026-03-01 10:00:00,30,32,82.3,13,0,0
7193,2026-03-01 10:00:00,40,22,102.08,24,2,0
7194,2026-03-01 10:00:00,47,56,129.72,15,2,0
7195,2026-03-01 10:00:00,21,6,108.85,22,1,1
7196,2026-03-01 10:00:00,25,35,78.81,17,1,0
7197,2026-03-01 10:00:00,48,22,119.3,20,2,0
7198,2026-03-01 10:00:00,25,1,114.15,17,3,0
7199,2026-03-01 10:00:00,21,20,181.95,16,5,1
7200,2026-03-01 10:00:00,42,22,88.08,22,2,0
7201,2026-03-01 10:00:00,32,48,115.14,27,1,0
7202,2026-03-01 10:00:00,51,55,85.52,16,0,0
7203,2026-03-01 10:00:00,65,11,111.17,21,3,0
7204,2026-03-01 10:00:00,50,13,105.52,18,4,1
7205,2026-03-01 10:00:00,57,59,136.04,17,2,0
7206,2026-03-01 10:00:00,67,42,98.14,22,2,0
7207,2026-03-01 10:00:00,67,3,135.02,19,4,1
7208,2026-03-01 10:00:00,44,9,158.08,17,3,0
7209,2026-03-01 10:00:00,35,12,97.71,17,0,0
7210,2026-03-01 10:00:00,64,23,105.71,21,2,0
7211,2026-03-01 10:00:00,44,14,73.48,19,2,0
7212,2026-03-01 10:00:00,32,33,125.9,26,2,0
7213,2026-03-01 10:00:00,21,18,128.25,21,1,0
7214,2026-03-01 10:00:00,23,49,71.58,23,0,0
7215,2026-03-01 10:00:00,45,59,141.37,20,4,0
7216,2026-03-01 10:00:00,58,41,100.76,19,4,0
7217,2026-03-01 10:00:00,31,9,73.85,19,2,0
7218,2026-03-01 10:00:00,22,23,129.97,24,1,0
7219,2026-03-01 10:00:00,23,10,120.78,27,5,1
7220,2026-03-01 10:00:00,32,19,138.78,26,3,0
7221,2026-03-01 10:00:00,50,47,88.35,19,3,0
7222,2026-03-01 10:00:00,22,5,90.51,22,4,1
7223,2026-03-01 10:00:00,55,47,126.95,22,0,0
7224,2026-03-01 10:00:00,33,52,77.72,17,1,0
7225,2026-03-01 10:00:00,18,23,169.55,16,2,0
7226,2026-03-01 10:00:00,24,30,194.08,19,4,0
7227,2026-03-01 10:00:00,21,25,26.36,20,2,0
7228,2026-03-01 10:00:00,39,28,158.45,23,3,0
7229,2026-03-01 10:00:00,65,34,78.22,18,2,0
7230,2026-03-01 10:00:00,47,45,142.47,18,2,0
7231,2026-03-01 10:00:00,30,56,102.17,18,2,0
7232,2026-03-01 10:00:00,44,48,141.46,17,3,0
7233,2026-03-01 10:00:00,47,47,105.06,11,1,0
7234,2026-03-01 10:00:00,63,25,117.86,19,1,0
7235,2026-03-01 10:00:00,29,10,47.17,21,1,0
7236,2026-03-01 10:00:00,21,14,224.38,23,1,0
7237,2026-03-01 10:00:00,28,42,71.44,20,1,0
7238,2026-03-01 10:00:00,68,57,105.01,28,3,0
7239,2026-03-01 10:00:00,58,46,159.05,15,2,1
7240,2026-03-01 10:00:00,34,58,203.76,21,1,0
7241,2026-03-01 10:00:00,26,30,189.46,23,2,0
7242,2026-03-01 10:00:00,32,55,35.75,20,4,1
7243,2026-03-01 10:00:00,22,41,156.7,20,0,0
7244,2026-03-01 10:00:00,24,25,135.31,13,1,0
7245,2026-03-01 10:00:00,27,14,149.25,23,3,0
7246,2026-03-01 10:00:00,48,35,90.78,20,2,0
7247,2026-03-01 10:00:00,21,52,143.23,21,5,0
7248,2026-03-01 10:00:00,30,48,149.99,21,0,0
7249,2026-03-01 10:00:00,59,34,132.41,19,0,0
7250,2026-03-01 10:00:00,49,10,170.51,21,0,0
7251,2026-03-01 10:00:00,19,35,103.33,26,0,0
7252,2026-03-01 10:00:00,50,11,145.54,14,4,1
7253,2026-03-01 10:00:00,63,11,100.11,23,1,0
7254,2026-03-01 10:00:00,62,21,132.52,18,1,0
7255,2026-03-01 10:00:00,24,21,99.95,22,5,0
7256,2026-03-01 10:00:00,35,22,126.62,12,0,0
7257,2026-03-01 10:00:00,19,45,161.59,21,1,0
7258,2026-03-01 10:00:00,55,7,125.23,19,2,0
7259,2026-03-01 10:00:00,54,55,72.91,16,3,0
7260,2026-03-01 10:00:00,54,17,101.78,13,1,0
7261,2026-03-01 10:00:00,29,2,155.64,23,4,1
7262,2026-03-01 10:00:00,67,12,138.4,16,1,0
7263,2026-03-01 10:00:00,24,57,145.7,16,2,0
7264,2026-03-01 10:00:00,29,42,50.15,18,2,0
7265,2026-03-01 10:00:00,31,18,75.97,20,4,0
7266,2026-03-01 10:00:00,41,54,184.22,20,1,0
7267,2026-03-01 10:00:00,50,59,182.58,18,2,0
7268,2026-03-01 10:00:00,69,11,143.75,12,4,1
7269,2026-03-01 10:00:00,27,16,163.07,22,3,0
7270,2026-03-01 10:00:00,63,49,49.06,21,4,0
7271,2026-03-01 10:00:00,23,51,140.97,16,0,0
7272,2026-03-01 10:00:00,45,18,28.64,24,1,1
7273,2026-03-01 10:00:00,18,35,171.32,16,2,0
7274,2026-03-01 10:00:00,55,53,158.95,23,1,0
7275,2026-03-01 10:00:00,57,59,83.5,26,2,0
7276,2026-03-01 10:00:00,55,26,110.83,18,2,0
7277,2026-03-01 10:00:00,20,16,159.83,23,3,0
7278,2026-03-01 10:00:00,46,6,101.34,20,1,0
7279,2026-03-01 10:00:00,55,57,69.53,20,3,0
7280,2026-03-01 10:00:00,67,44,206.62,21,2,0
7281,2026-03-01 10:00:00,53,43,160.38,19,3,0
7282,2026-03-01 10:00:00,66,47,141.63,24,3,0
7283,2026-03-01 10:00:00,67,47,134.19,13,0,0
7284,2026-03-01 10:00:00,23,48,144.42,18,1,0
7285,2026-03-01 10:00:00,21,42,115.26,22,3,0
7286,2026-03-01 10:00:00,59,12,112.98,15,1,1
7287,2026-03-01 10:00:00,32,13,123.05,22,2,0
7288,2026-03-01 10:00:00,63,4,159.15,24,2,0
7289,2026-03-01 10:00:00,44,39,115.36,21,4,1
7290,2026-03-01 10:00:00,29,54,133.43,17,0,0
7291,2026-03-01 10:00:00,43,2,132.42,19,2,0
7292,2026-03-01 10:00:00,44,26,117.05,19,2,0
7293,2026-03-01 10:00:00,65,59,106.91,18,2,0
7294,2026-03-01 10:00:00,33,27,119.36,18,1,0
7295,2026-03-01 10:00:00,54,27,188.18,21,2,0
7296,2026-03-01 10:00:00,31,15,133.65,24,2,0
7297,2026-03-01 10:00:00,49,8,203.72,20,2,0
7298,2026-03-01 10:00:00,62,7,143.57,21,1,0
7299,2026-03-01 10:00:00,61,47,58.26,14,3,0
7300,2026-03-01 10:00:00,37,55,123.47,18,3,0
7301,2026-03-01 10:00:00,30,46,82.43,25,2,0
7302,2026-03-01 10:00:00,64,40,182.48,14,2,0
7303,2026-03-01 10:00:00,54,12,78.7,27,2,0
7304,2026-03-01 10:00:00,54,13,121.27,18,4,0
7305,2026-03-01 10:00:00,52,43,56.44,19,3,1
7306,2026-03-01 10:00:00,56,17,133.79,15,4,1
7307,2026-03-01 10:00:00,68,17,135.2,30,1,0
7308,2026-03-01 10:00:00,28,56,169.28,15,3,0
7309,2026-03-01 10:00:00,64,36,147.91,26,5,0
7310,2026-03-01 10:00:00,22,21,95.55,26,1,0
7311,2026-03-01 10:00:00,26,8,208.96,21,2,0
7312,2026-03-01 10:00:00,23,5,113.05,19,1,1
7313,2026-03-01 10:00:00,58,26,20.0,18,1,0
7314,2026-03-01 10:00:00,64,16,106.02,15,4,1
7315,2026-03-01 10:00:00,47,36,136.97,17,2,0
7316,2026-03-01 10:00:00,46,28,137.01,23,7,0
7317,2026-03-01 10:00:00,40,54,169.03,14,4,0
7318,2026-03-01 10:00:00,43,29,79.84,25,1,0
7319,2026-03-01 10:00:00,69,47,149.86,17,3,0
7320,2026-03-01 10:00:00,39,12,107.68,16,1,0
7321,2026-03-01 10:00:00,38,37,29.73,30,1,1
7322,2026-03-01 10:00:00,23,30,140.3,25,0,0
7323,2026-03-01 10:00:00,40,23,83.91,25,2,0
7324,2026-03-01 10:00:00,39,16,115.99,18,0,0
7325,2026-03-01 10:00:00,35,14,130.56,26,4,1
7326,2026-03-01 10:00:00,63,10,24.83,25,1,1
7327,2026-03-01 10:00:00,56,7,165.63,15,0,1
7328,2026-03-01 10:00:00,35,45,91.53,20,2,0
7329,2026-03-01 10:00:00,47,52,97.94,26,4,1
7330,2026-03-01 10:00:00,50,37,133.56,19,2,0
7331,2026-03-01 10:00:00,23,29,20.0,13,4,1
7332,2026-03-01 10:00:00,36,3,160.35,23,2,0
7333,2026-03-01 10:00:00,29,15,116.45,17,1,0
7334,2026-03-01 10:00:00,54,36,185.87,13,2,0
7335,2026-03-01 10:00:00,35,47,106.67,18,2,0
7336,2026-03-01 10:00:00,61,46,41.32,18,1,0
7337,2026-03-01 10:00:00,31,52,66.53,21,1,0
7338,2026-03-01 10:00:00,29,19,115.86,16,2,0
7339,2026-03-01 10:00:00,21,13,76.61,14,1,0
7340,2026-03-01 10:00:00,54,42,48.2,21,4,0
7341,2026-03-01 10:00:00,66,21,126.19,20,2,0
7342,2026-03-01 10:00:00,24,37,98.77,10,1,0
7343,2026-03-01 10:00:00,50,27,95.01,20,4,1
7344,2026-03-01 10:00:00,55,55,75.01,22,2,0
7345,2026-03-01 10:00:00,51,52,142.56,22,0,0
7346,2026-03-01 10:00:00,62,29,90.25,19,0,0
7347,2026-03-01 10:00:00,27,20,64.82,18,6,0
7348,2026-03-01 10:00:00,31,25,129.68,26,1,0
7349,2026-03-01 10:00:00,31,6,95.78,17,1,0
7350,2026-03-01 10:00:00,29,36,93.11,22,0,0
7351,2026-03-01 10:00:00,26,2,118.7,15,0,0
7352,2026-03-01 10:00:00,24,22,143.26,14,1,0
7353,2026-03-01 10:00:00,33,32,85.47,17,4,0
7354,2026-03-01 10:00:00,22,16,120.83,19,2,0
7355,2026-03-01 10:00:00,56,18,137.24,19,1,1
7356,2026-03-01 10:00:00,45,5,168.56,17,3,1
7357,2026-03-01 10:00:00,57,54,119.2,14,0,0
7358,2026-03-01 10:00:00,57,36,88.13,11,1,0
7359,2026-03-01 10:00:00,24,30,92.79,16,1,0
7360,2026-03-01 10:00:00,52,45,198.02,19,1,0
7361,2026-03-01 10:00:00,49,19,147.72,20,1,0
7362,2026-03-01 10:00:00,65,23,124.89,21,2,0
7363,2026-03-01 10:00:00,69,34,118.0,20,1,0
7364,2026-03-01 10:00:00,31,13,74.12,20,2,0
7365,2026-03-01 10:00:00,34,43,119.05,20,6,1
7366,2026-03-01 10:00:00,38,54,112.58,23,2,0
7367,2026-03-01 10:00:00,49,29,94.3,22,2,0
7368,2026-03-01 10:00:00,18,36,92.41,18,2,0
7369,2026-03-01 10:00:00,63,22,149.97,8,0,0
7370,2026-03-01 10:00:00,68,52,88.92,16,4,1
7371,2026-03-01 10:00:00,58,52,24.61,26,3,0
7372,2026-03-01 10:00:00,63,47,126.42,16,1,0
7373,2026-03-01 10:00:00,19,36,95.9,9,1,1
7374,2026-03-01 10:00:00,52,9,134.46,24,3,0
7375,2026-03-01 10:00:00,46,39,91.18,20,1,0
7376,2026-03-01 10:00:00,44,51,89.24,20,3,0
7377,2026-03-01 10:00:00,55,19,121.96,14,1,0
7378,2026-03-01 10:00:00,45,38,133.31,17,5,1
7379,2026-03-01 10:00:00,43,6,139.61,22,2,0
7380,2026-03-01 10:00:00,24,52,101.23,17,3,0
7381,2026-03-01 10:00:00,37,47,112.38,26,5,0
7382,2026-03-01 10:00:00,54,15,200.61,15,1,0
7383,2026-03-01 10:00:00,60,57,115.42,25,2,0
7384,2026-03-01 10:00:00,51,20,174.77,22,1,0
7385,2026-03-01 10:00:00,67,9,98.22,19,1,0
7386,2026-03-01 10:00:00,62,32,144.51,21,2,0
7387,2026-03-01 10:00:00,49,4,174.5,18,2,0
7388,2026-03-01 10:00:00,69,50,176.12,18,1,0
7389,2026-03-01 10:00:00,34,18,45.72,18,1,0
7390,2026-03-01 10:00:00,33,5,192.1,16,0,0
7391,2026-03-01 10:00:00,65,20,101.04,25,0,0
7392,2026-03-01 10:00:00,64,23,100.18,20,1,0
7393,2026-03-01 10:00:00,19,11,101.83,21,4,0
7394,2026-03-01 10:00:00,36,37,204.42,22,2,0
7395,2026-03-01 10:00:00,48,22,111.37,18,2,0
7396,2026-03-01 10:00:00,57,58,114.2,22,1,0
7397,2026-03-01 10:00:00,58,4,122.61,21,1,1
7398,2026-03-01 10:00:00,41,29,126.35,16,0,0
7399,2026-03-01 10:00:00,44,44,144.07,26,2,0
7400,2026-03-01 10:00:00,42,34,90.17,22,2,0
7401,2026-03-01 10:00:00,21,13,132.8,18,2,0
7402,2026-03-01 10:00:00,49,42,72.52,23,2,0
7403,2026-03-01 10:00:00,27,9,82.22,15,0,0
7404,2026-03-01 10:00:00,39,42,126.49,25,0,0
7405,2026-03-01 10:00:00,35,31,147.15,18,2,0
7406,2026-03-01 10:00:00,59,7,197.67,12,3,0
7407,2026-03-01 10:00:00,46,4,78.81,14,3,0
7408,2026-03-01 10:00:00,37,19,163.43,13,1,0
7409,2026-03-01 10:00:00,28,42,71.7,21,2,0
7410,2026-03-01 10:00:00,50,30,75.64,23,1,0
7411,2026-03-01 10:00:00,60,31,117.92,16,4,0
7412,2026-03-01 10:00:00,34,35,165.02,16,3,0
7413,2026-03-01 10:00:00,54,57,124.61,22,5,1
7414,2026-03-01 10:00:00,60,21,133.65,17,3,0
7415,2026-03-01 10:00:00,58,31,154.09,13,1,1
7416,2026-03-01 10:00:00,42,19,128.79,13,2,0
7417,2026-03-01 10:00:00,22,31,168.77,27,0,0
7418,2026-03-01 10:00:00,59,53,133.54,22,1,0
7419,2026-03-01 10:00:00,29,32,221.91,18,2,0
7420,2026-03-01 10:00:00,35,2,118.78,16,4,1
7421,2026-03-01 10:00:00,34,59,142.61,22,5,0
7422,2026-03-01 10:00:00,45,52,105.53,21,1,0
7423,2026-03-01 10:00:00,36,10,74.43,18,1,0
7424,2026-03-01 10:00:00,50,2,39.52,20,1,0
7425,2026-03-01 10:00:00,34,2,23.76,16,5,1
7426,2026-03-01 10:00:00,31,24,113.38,17,2,0
7427,2026-03-01 10:00:00,52,17,194.77,13,3,0
7428,2026-03-01 10:00:00,26,32,157.43,19,0,0
7429,2026-03-01 10:00:00,41,16,135.18,19,1,0
7430,2026-03-01 10:00:00,27,16,104.95,11,2,0
7431,2026-03-01 10:00:00,59,46,168.91,20,2,0
7432,2026-03-01 10:00:00,50,39,152.29,17,4,0
7433,2026-03-01 10:00:00,44,53,59.21,12,0,1
7434,2026-03-01 10:00:00,52,31,156.22,21,2,0
7435,2026-03-01 10:00:00,24,43,94.86,17,1,0
7436,2026-03-01 10:00:00,35,24,125.53,16,3,0
7437,2026-03-01 10:00:00,69,1,75.57,20,1,1
7438,2026-03-01 10:00:00,42,11,198.97,10,1,0
7439,2026-03-01 10:00:00,24,55,76.13,15,1,0
7440,2026-03-01 10:00:00,65,21,159.09,16,0,0
7441,2026-03-01 10:00:00,41,4,169.58,22,1,0
7442,2026-03-01 10:00:00,36,7,139.9,21,2,0
7443,2026-03-01 10:00:00,53,26,132.28,18,2,0
7444,2026-03-01 10:00:00,27,47,92.61,19,1,0
7445,2026-03-01 10:00:00,25,50,113.24,24,4,0
7446,2026-03-01 10:00:00,69,12,74.55,9,1,1
7447,2026-03-01 10:00:00,51,31,141.5,19,0,0
7448,2026-03-01 10:00:00,23,17,138.85,17,1,0
7449,2026-03-01 10:00:00,45,33,92.65,22,1,0
7450,2026-03-01 10:00:00,49,11,130.4,22,5,0
7451,2026-03-01 10:00:00,39,28,124.37,22,1,0
7452,2026-03-01 10:00:00,64,32,88.49,20,3,0
7453,2026-03-01 10:00:00,49,1,119.59,9,1,1
7454,2026-03-01 10:00:00,35,47,212.49,15,1,0
7455,2026-03-01 10:00:00,25,28,99.7,22,2,0
7456,2026-03-01 10:00:00,37,53,57.67,20,0,0
7457,2026-03-01 10:00:00,31,42,73.17,25,3,0
7458,2026-03-01 10:00:00,38,7,113.67,16,1,0
7459,2026-03-01 10:00:00,25,2,140.71,16,0,0
7460,2026-03-01 10:00:00,68,42,80.67,21,2,0
7461,2026-03-01 10:00:00,30,24,132.67,10,0,0
7462,2026-03-01 10:00:00,43,4,103.16,21,4,1
7463,2026-03-01 10:00:00,26,44,112.28,25,3,0
7464,2026-03-01 10:00:00,53,19,50.41,21,0,0
7465,2026-03-01 10:00:00,39,26,108.61,15,2,0
7466,2026-03-01 10:00:00,35,11,73.99,17,1,0
7467,2026-03-01 10:00:00,48,40,126.89,20,0,0
7468,2026-03-01 10:00:00,47,50,118.8,24,4,0
7469,2026-03-01 10:00:00,60,43,203.55,20,4,0
7470,2026-03-01 10:00:00,68,11,94.43,20,0,0
7471,2026-03-01 10:00:00,28,45,158.15,20,3,0
7472,2026-03-01 10:00:00,32,3,123.64,24,3,1
7473,2026-03-01 10:00:00,68,12,165.76,21,2,0
7474,2026-03-01 10:00:00,38,3,202.04,20,4,0
7475,2026-03-01 10:00:00,48,42,112.97,25,4,0
7476,2026-03-01 10:00:00,34,27,103.98,21,3,0
7477,2026-03-01 10:00:00,21,49,122.5,16,1,0
7478,2026-03-01 10:00:00,18,54,29.85,22,2,1
7479,2026-03-01 10:00:00,30,2,124.01,17,3,0
7480,2026-03-01 10:00:00,32,49,78.02,19,2,0
7481,2026-03-01 10:00:00,58,16,98.49,24,0,0
7482,2026-03-01 10:00:00,53,2,100.63,23,4,1
7483,2026-03-01 10:00:00,65,54,152.03,17,1,0
7484,2026-03-01 10:00:00,62,30,121.08,27,1,0
7485,2026-03-01 10:00:00,55,20,101.54,17,1,0
7486,2026-03-01 10:00:00,20,38,96.62,16,1,0
7487,2026-03-01 10:00:00,30,28,101.55,16,1,0
7488,2026-03-01 10:00:00,44,25,181.57,19,1,0
7489,2026-03-01 10:00:00,69,32,97.45,24,1,1
7490,2026-03-01 10:00:00,22,10,160.88,25,1,0
7491,2026-03-01 10:00:00,36,42,100.04,22,1,0
7492,2026-03-01 10:00:00,56,40,20.0,27,2,0
7493,2026-03-01 10:00:00,38,33,26.02,18,0,0
7494,2026-03-01 10:00:00,59,13,88.23,14,0,1
7495,2026-03-01 10:00:00,53,56,158.91,21,6,0
7496,2026-03-01 10:00:00,68,41,103.18,20,2,0
7497,2026-03-01 10:00:00,45,54,79.32,31,3,0
7498,2026-03-01 10:00:00,34,42,109.77,11,1,0
7499,2026-03-01 10:00:00,40,47,144.46,21,2,0
7500,2026-03-01 10:00:00,32,37,82.46,17,3,0
7501,2026-03-01 10:00:00,35,54,121.94,18,4,1
7502,2026-03-01 10:00:00,65,16,85.59,14,0,0
7503,2026-03-01 10:00:00,42,45,170.57,24,2,0
7504,2026-03-01 10:00:00,56,22,197.34,17,2,0
7505,2026-03-01 10:00:00,41,57,138.84,18,4,0
7506,2026-03-01 10:00:00,19,20,81.72,19,3,0
7507,2026-03-01 10:00:00,43,50,94.3,22,0,0
7508,2026-03-01 10:00:00,34,43,112.74,20,0,0
7509,2026-03-01 10:00:00,52,27,41.51,22,1,0
7510,2026-03-01 10:00:00,62,41,154.72,18,0,0
7511,2026-03-01 10:00:00,20,16,35.43,17,3,0
7512,2026-03-01 10:00:00,25,34,47.19,18,1,0
7513,2026-03-01 10:00:00,39,32,85.52,19,4,1
7514,2026-03-01 10:00:00,20,26,69.16,12,3,0
7515,2026-03-01 10:00:00,23,25,156.75,21,4,0
7516,2026-03-01 10:00:00,68,2,119.41,19,1,0
7517,2026-03-01 10:00:00,18,12,122.76,17,5,1
7518,2026-03-01 10:00:00,20,40,145.01,27,2,0
7519,2026-03-01 10:00:00,31,9,205.32,24,1,0
7520,2026-03-01 10:00:00,34,12,85.93,17,3,0
7521,2026-03-01 10:00:00,50,26,116.95,17,3,0
7522,2026-03-01 10:00:00,64,9,157.39,19,2,0
7523,2026-03-01 10:00:00,46,10,70.03,16,4,1
7524,2026-03-01 10:00:00,64,32,145.95,11,3,0
7525,2026-03-01 10:00:00,55,57,76.25,18,1,0
7526,2026-03-01 10:00:00,27,34,126.14,19,3,0
7527,2026-03-01 10:00:00,56,48,121.86,20,1,0
7528,2026-03-01 10:00:00,56,20,108.12,26,1,0
7529,2026-03-01 10:00:00,59,39,78.81,18,1,0
7530,2026-03-01 10:00:00,53,2,150.4,17,2,0
7531,2026-03-01 10:00:00,38,1,144.9,28,1,0
7532,2026-03-01 10:00:00,50,51,79.5,17,0,0
7533,2026-03-01 10:00:00,69,36,166.52,17,2,0
7534,2026-03-01 10:00:00,66,24,136.61,15,1,1
7535,2026-03-01 10:00:00,49,54,157.04,25,2,0
7536,2026-03-01 10:00:00,30,27,77.87,14,1,0
7537,2026-03-01 10:00:00,42,2,96.09,21,3,0
7538,2026-03-01 10:00:00,19,31,90.57,21,1,0
7539,2026-03-01 10:00:00,53,57,170.86,20,0,0
7540,2026-03-01 10:00:00,30,14,120.85,27,4,0
7541,2026-03-01 10:00:00,19,2,83.43,22,3,1
7542,2026-03-01 10:00:00,19,29,95.04,17,2,0
7543,2026-03-01 10:00:00,46,15,58.48,25,3,0
7544,2026-03-01 10:00:00,26,12,166.8,27,3,0
7545,2026-03-01 10:00:00,47,37,182.72,19,2,0
7546,2026-03-01 10:00:00,51,28,52.6,19,3,0
7547,2026-03-01 10:00:00,53,20,109.19,20,2,0
7548,2026-03-01 10:00:00,56,39,96.73,20,2,0
7549,2026-03-01 10:00:00,43,24,77.45,23,1,0
7550,2026-03-01 10:00:00,67,21,129.7,25,2,0
7551,2026-03-01 10:00:00,50,10,190.62,12,1,0
7552,2026-03-01 10:00:00,49,46,134.3,21,3,0
7553,2026-03-01 10:00:00,69,14,293.29,15,2,0
7554,2026-03-01 10:00:00,45,37,137.69,21,0,0
7555,2026-03-01 10:00:00,37,18,120.69,24,4,1
7556,2026-03-01 10:00:00,29,24,88.5,10,2,0
7557,2026-03-01 10:00:00,33,14,173.29,18,1,0
7558,2026-03-01 10:00:00,63,34,111.28,22,1,0
7559,2026-03-01 10:00:00,19,58,145.16,13,1,0
7560,2026-03-01 10:00:00,45,12,112.86,22,0,0
7561,2026-03-01 10:00:00,33,22,146.78,22,1,0
7562,2026-03-01 10:00:00,46,56,42.04,22,5,0
7563,2026-03-01 10:00:00,28,6,165.14,18,1,0
7564,2026-03-01 10:00:00,44,36,148.92,25,1,1
7565,2026-03-01 10:00:00,62,45,85.93,28,1,0
7566,2026-03-01 10:00:00,19,36,133.98,28,2,0
7567,2026-03-01 10:00:00,62,22,109.09,24,1,0
7568,2026-03-01 10:00:00,56,14,36.58,17,2,0
7569,2026-03-01 10:00:00,31,16,57.98,29,2,0
7570,2026-03-01 10:00:00,63,36,97.01,22,2,0
7571,2026-03-01 10:00:00,27,56,86.92,26,3,0
7572,2026-03-01 10:00:00,42,25,134.08,21,3,0
7573,2026-03-01 10:00:00,36,32,164.71,23,6,1
7574,2026-03-01 10:00:00,37,33,101.43,13,2,1
7575,2026-03-01 10:00:00,48,45,99.36,18,2,0
7576,2026-03-01 10:00:00,49,36,63.05,18,2,0
7577,2026-03-01 10:00:00,39,20,121.76,20,0,0
7578,2026-03-01 10:00:00,31,18,145.57,14,1,1
7579,2026-03-01 10:00:00,34,38,87.35,10,4,0
7580,2026-03-01 10:00:00,58,3,135.39,22,0,0
7581,2026-03-01 10:00:00,67,23,152.61,23,0,0
7582,2026-03-01 10:00:00,59,32,31.34,27,1,1
7583,2026-03-01 10:00:00,61,45,151.97,24,3,0
7584,2026-03-01 10:00:00,51,59,76.35,27,1,0
7585,2026-03-01 10:00:00,27,16,149.86,22,1,0
7586,2026-03-01 10:00:00,39,59,187.82,23,3,0
7587,2026-03-01 10:00:00,34,5,56.39,17,0,1
7588,2026-03-01 10:00:00,52,4,111.01,25,3,1
7589,2026-03-01 10:00:00,45,21,130.33,30,2,0
7590,2026-03-01 10:00:00,51,40,167.6,19,1,0
7591,2026-03-01 10:00:00,39,51,82.64,18,0,0
7592,2026-03-01 10:00:00,25,14,103.4,15,0,0
7593,2026-03-01 10:00:00,63,39,76.61,18,2,0
7594,2026-03-01 10:00:00,27,31,142.71,26,0,1
7595,2026-03-01 10:00:00,35,14,20.0,17,0,0
7596,2026-03-01 10:00:00,57,6,158.56,20,3,0
7597,2026-03-01 10:00:00,52,12,144.35,23,3,0
7598,2026-03-01 10:00:00,39,16,93.94,17,1,0
7599,2026-03-01 10:00:00,53,17,102.51,18,1,0
7600,2026-03-01 10:00:00,51,45,118.46,16,3,0
7601,2026-03-01 10:00:00,61,23,61.61,22,3,0
7602,2026-03-01 10:00:00,54,14,120.69,20,3,0
7603,2026-03-01 10:00:00,43,7,120.43,12,5,0
7604,2026-03-01 10:00:00,39,46,82.9,20,3,0
7605,2026-03-01 10:00:00,56,32,179.82,13,1,0
7606,2026-03-01 10:00:00,43,15,52.32,18,5,0
7607,2026-03-01 10:00:00,38,44,96.67,14,2,0
7608,2026-03-01 10:00:00,41,17,200.66,17,3,0
7609,2026-03-01 10:00:00,67,41,64.91,18,2,0
7610,2026-03-01 10:00:00,57,54,156.09,23,3,0
7611,2026-03-01 10:00:00,57,47,103.31,18,5,0
7612,2026-03-01 10:00:00,62,44,157.02,16,3,0
7613,2026-03-01 10:00:00,69,34,118.3,16,1,0
7614,2026-03-01 10:00:00,57,5,147.44,23,4,0
7615,2026-03-01 10:00:00,47,45,117.71,19,2,0
7616,2026-03-01 10:00:00,69,27,122.16,24,2,0
7617,2026-03-01 10:00:00,33,52,117.16,18,3,0
7618,2026-03-01 10:00:00,59,23,126.46,14,3,0
7619,2026-03-01 10:00:00,47,40,109.46,15,1,0
7620,2026-03-01 10:00:00,58,59,125.28,24,4,0
7621,2026-03-01 10:00:00,55,14,80.67,27,0,0
7622,2026-03-01 10:00:00,24,15,71.17,19,0,0
7623,2026-03-01 10:00:00,52,43,79.79,13,2,0
7624,2026-03-01 10:00:00,56,33,167.07,16,2,0
7625,2026-03-01 10:00:00,42,53,117.78,21,2,0
7626,2026-03-01 10:00:00,23,31,90.2,21,1,0
7627,2026-03-01 10:00:00,57,35,160.43,24,0,0
7628,2026-03-01 10:00:00,31,17,90.2,25,4,1
7629,2026-03-01 10:00:00,28,28,42.1,15,2,0
7630,2026-03-01 10:00:00,48,19,126.05,16,1,0
7631,2026-03-01 10:00:00,47,46,101.14,17,1,0
7632,2026-03-01 10:00:00,47,54,78.87,22,5,0
7633,2026-03-01 10:00:00,39,23,160.8,22,2,0
7634,2026-03-01 10:00:00,27,32,158.75,24,3,0
7635,2026-03-01 10:00:00,55,40,120.1,21,5,0
7636,2026-03-01 10:00:00,19,13,47.46,20,4,1
7637,2026-03-01 10:00:00,51,59,98.76,23,2,0
7638,2026-03-01 10:00:00,51,20,137.07,17,1,0
7639,2026-03-01 10:00:00,34,35,132.17,19,2,0
7640,2026-03-01 10:00:00,49,5,145.23,28,2,0
7641,2026-03-01 10:00:00,18,9,109.75,15,1,0
7642,2026-03-01 10:00:00,61,29,93.59,25,6,1
7643,2026-03-01 10:00:00,62,6,132.38,27,3,0
7644,2026-03-01 10:00:00,68,25,130.1,14,0,0
7645,2026-03-01 10:00:00,49,31,115.03,29,3,0
7646,2026-03-01 10:00:00,55,22,186.59,11,0,0
7647,2026-03-01 10:00:00,61,2,116.18,18,1,0
7648,2026-03-01 10:00:00,21,45,81.58,23,5,0
7649,2026-03-01 10:00:00,57,5,57.63,16,2,0
7650,2026-03-01 10:00:00,35,27,102.05,11,3,0
7651,2026-03-01 10:00:00,30,25,46.26,22,2,0
7652,2026-03-01 10:00:00,20,8,143.88,17,3,0
7653,2026-03-01 10:00:00,54,55,82.51,13,1,1
7654,2026-03-01 10:00:00,63,1,136.32,19,1,0
7655,2026-03-01 10:00:00,46,20,131.06,18,2,0
7656,2026-03-01 10:00:00,25,44,182.97,14,5,1
7657,2026-03-01 10:00:00,49,23,116.98,16,4,0
7658,2026-03-01 10:00:00,64,32,186.19,16,3,0
7659,2026-03-01 10:00:00,47,11,66.11,15,4,0
7660,2026-03-01 10:00:00,62,39,95.36,22,4,1
7661,2026-03-01 10:00:00,39,47,113.57,19,0,0
7662,2026-03-01 10:00:00,58,54,159.19,19,2,0
7663,2026-03-01 10:00:00,21,24,216.0,15,1,0
7664,2026-03-01 10:00:00,42,11,33.19,23,2,0
7665,2026-03-01 10:00:00,33,29,222.42,19,1,0
7666,2026-03-01 10:00:00,41,54,143.17,22,1,0
7667,2026-03-01 10:00:00,63,26,125.57,32,0,0
7668,2026-03-01 10:00:00,46,16,113.9,21,3,0
7669,2026-03-01 10:00:00,63,35,81.9,25,0,0
7670,2026-03-01 10:00:00,30,20,102.94,23,3,0
7671,2026-03-01 10:00:00,57,46,101.9,19,3,0
7672,2026-03-01 10:00:00,44,3,77.14,30,0,0
7673,2026-03-01 10:00:00,57,1,148.34,18,3,0
7674,2026-03-01 10:00:00,52,58,99.5,22,1,0
7675,2026-03-01 10:00:00,46,53,134.67,30,0,0
7676,2026-03-01 10:00:00,19,47,146.24,19,3,0
7677,2026-03-01 10:00:00,52,1,148.26,24,5,1
7678,2026-03-01 10:00:00,60,17,118.08,16,2,0
7679,2026-03-01 10:00:00,27,2,102.82,17,3,0
7680,2026-03-01 10:00:00,64,29,157.07,22,2,0
7681,2026-03-01 10:00:00,33,20,149.74,34,1,0
7682,2026-03-01 10:00:00,22,6,106.06,9,4,0
7683,2026-03-01 10:00:00,49,8,53.93,19,4,0
7684,2026-03-01 10:00:00,28,29,35.42,20,1,0
7685,2026-03-01 10:00:00,55,48,182.46,18,5,0
7686,2026-03-01 10:00:00,53,51,128.13,15,0,0
7687,2026-03-01 10:00:00,49,33,76.22,21,2,0
7688,2026-03-01 10:00:00,51,3,46.75,25,1,0
7689,2026-03-01 10:00:00,37,35,168.77,21,1,0
7690,2026-03-01 10:00:00,47,5,112.67,21,3,0
7691,2026-03-01 10:00:00,39,27,167.68,23,3,1
7692,2026-03-01 10:00:00,67,44,108.11,25,3,0
7693,2026-03-01 10:00:00,44,12,205.79,14,2,0
7694,2026-03-01 10:00:00,63,20,166.1,14,1,0
7695,2026-03-01 10:00:00,56,45,68.03,18,1,0
7696,2026-03-01 10:00:00,32,20,181.61,19,3,0
7697,2026-03-01 10:00:00,56,9,72.74,21,0,0
7698,2026-03-01 10:00:00,34,39,135.7,19,0,1
7699,2026-03-01 10:00:00,62,4,154.06,24,2,0
7700,2026-03-01 10:00:00,33,51,102.26,20,0,0
7701,2026-03-01 10:00:00,18,54,68.29,23,4,0
7702,2026-03-01 10:00:00,19,19,56.61,27,1,0
7703,2026-03-01 10:00:00,35,38,108.53,24,0,0
7704,2026-03-01 10:00:00,31,27,148.81,17,4,0
7705,2026-03-01 10:00:00,69,45,139.22,23,2,0
7706,2026-03-01 10:00:00,52,43,126.4,26,0,0
7707,2026-03-01 10:00:00,43,13,120.17,17,0,0
7708,2026-03-01 10:00:00,59,13,122.29,14,0,0
7709,2026-03-01 10:00:00,66,57,72.2,24,4,0
7710,2026-03-01 10:00:00,35,22,200.23,20,2,0
7711,2026-03-01 10:00:00,49,28,153.71,9,3,0
7712,2026-03-01 10:00:00,63,52,158.39,22,1,0
7713,2026-03-01 10:00:00,22,47,97.59,21,5,1
7714,2026-03-01 10:00:00,37,53,113.97,15,2,1
7715,2026-03-01 10:00:00,62,45,105.64,13,2,0
7716,2026-03-01 10:00:00,67,22,123.89,18,2,0
7717,2026-03-01 10:00:00,64,43,164.86,23,2,0
7718,2026-03-01 10:00:00,69,19,139.76,24,3,0
7719,2026-03-01 10:00:00,35,8,47.21,25,1,0
7720,2026-03-01 10:00:00,39,52,153.33,14,0,0
7721,2026-03-01 10:00:00,22,8,30.01,29,2,0
7722,2026-03-01 10:00:00,22,42,122.24,28,3,0
7723,2026-03-01 10:00:00,66,26,106.79,28,2,0
7724,2026-03-01 10:00:00,27,48,91.86,18,3,0
7725,2026-03-01 10:00:00,50,51,34.46,23,0,0
7726,2026-03-01 10:00:00,58,26,113.15,24,0,0
7727,2026-03-01 10:00:00,25,23,111.07,20,4,1
7728,2026-03-01 10:00:00,57,43,80.42,17,4,0
7729,2026-03-01 10:00:00,46,13,119.02,25,2,0
7730,2026-03-01 10:00:00,28,28,98.68,24,2,0
7731,2026-03-01 10:00:00,27,9,131.27,20,2,0
7732,2026-03-01 10:00:00,30,20,128.04,16,3,1
7733,2026-03-01 10:00:00,27,56,127.82,30,2,0
7734,2026-03-01 10:00:00,48,19,167.1,25,1,0
7735,2026-03-01 10:00:00,60,48,42.16,20,2,0
7736,2026-03-01 10:00:00,39,39,99.19,19,2,0
7737,2026-03-01 10:00:00,41,51,85.8,16,0,0
7738,2026-03-01 10:00:00,68,12,120.61,21,5,1
7739,2026-03-01 10:00:00,48,15,163.21,13,3,0
7740,2026-03-01 10:00:00,38,31,177.22,15,1,0
7741,2026-03-01 10:00:00,30,55,91.24,22,3,0
7742,2026-03-01 10:00:00,43,14,126.16,11,3,1
7743,2026-03-01 10:00:00,45,11,167.38,24,5,1
7744,2026-03-01 10:00:00,33,26,62.01,18,2,0
7745,2026-03-01 10:00:00,30,42,33.87,22,3,0
7746,2026-03-01 10:00:00,20,27,138.14,20,1,0
7747,2026-03-01 10:00:00,37,11,147.21,27,0,0
7748,2026-03-01 10:00:00,61,38,96.29,27,2,0
7749,2026-03-01 10:00:00,29,34,159.19,26,3,0
7750,2026-03-01 10:00:00,31,43,173.71,22,2,0
7751,2026-03-01 10:00:00,20,19,122.76,15,0,0
7752,2026-03-01 10:00:00,37,6,128.37,25,0,0
7753,2026-03-01 10:00:00,23,46,83.13,19,1,0
7754,2026-03-01 10:00:00,21,52,155.01,20,0,0
7755,2026-03-01 10:00:00,40,38,131.02,13,3,0
7756,2026-03-01 10:00:00,22,49,182.39,17,3,0
7757,2026-03-01 10:00:00,29,42,76.07,23,0,0
7758,2026-03-01 10:00:00,43,28,128.07,24,1,0
7759,2026-03-01 10:00:00,49,1,154.31,20,3,0
7760,2026-03-01 10:00:00,43,35,168.51,25,2,0
7761,2026-03-01 10:00:00,46,40,107.57,26,5,0
7762,2026-03-01 10:00:00,61,8,106.44,23,2,0
7763,2026-03-01 10:00:00,30,59,132.88,25,5,1
7764,2026-03-01 10:00:00,26,52,159.42,20,1,0
7765,2026-03-01 10:00:00,26,54,103.4,22,1,0
7766,2026-03-01 10:00:00,51,47,99.71,31,2,1
7767,2026-03-01 10:00:00,60,56,157.16,29,7,0
7768,2026-03-01 10:00:00,40,7,117.09,27,2,0
7769,2026-03-01 10:00:00,42,11,66.38,15,1,1
7770,2026-03-01 10:00:00,39,39,120.8,20,1,0
7771,2026-03-01 10:00:00,35,4,109.29,22,0,0
7772,2026-03-01 10:00:00,59,25,165.08,26,4,0
7773,2026-03-01 10:00:00,66,12,89.39,21,2,0
7774,2026-03-01 10:00:00,49,26,136.33,14,3,0
7775,2026-03-01 10:00:00,37,38,126.45,22,1,0
7776,2026-03-01 10:00:00,25,46,124.09,17,3,0
7777,2026-03-01 10:00:00,48,12,184.12,16,2,0
7778,2026-03-01 10:00:00,38,43,192.0,26,4,0
7779,2026-03-01 10:00:00,32,51,148.11,16,2,0
7780,2026-03-01 10:00:00,18,53,113.95,18,5,0
7781,2026-03-01 10:00:00,44,37,130.35,16,0,0
7782,2026-03-01 10:00:00,35,46,149.84,17,1,0
7783,2026-03-01 10:00:00,31,53,129.59,25,2,0
7784,2026-03-01 10:00:00,62,24,136.29,17,0,0
7785,2026-03-01 10:00:00,27,16,60.91,20,2,0
7786,2026-03-01 10:00:00,66,57,159.85,18,0,0
7787,2026-03-01 10:00:00,66,13,194.94,19,1,0
7788,2026-03-01 10:00:00,49,25,144.24,19,2,0
7789,2026-03-01 10:00:00,66,54,128.99,25,1,0
7790,2026-03-01 10:00:00,60,54,262.05,16,2,0
7791,2026-03-01 10:00:00,22,57,82.87,24,4,0
7792,2026-03-01 10:00:00,18,52,171.21,18,4,0
7793,2026-03-01 10:00:00,65,54,93.46,22,3,0
7794,2026-03-01 10:00:00,40,4,177.94,12,2,0
7795,2026-03-01 10:00:00,60,11,55.51,16,1,0
7796,2026-03-01 10:00:00,49,32,178.55,19,2,0
7797,2026-03-01 10:00:00,64,49,140.33,22,4,0
7798,2026-03-01 10:00:00,60,7,96.0,17,2,0
7799,2026-03-01 10:00:00,65,46,77.27,15,1,0
7800,2026-03-01 10:00:00,29,58,163.09,18,1,0
7801,2026-03-01 10:00:00,50,11,221.83,16,3,0
7802,2026-03-01 10:00:00,65,28,131.15,22,3,0
7803,2026-03-01 10:00:00,25,54,107.91,12,1,0
7804,2026-03-01 10:00:00,25,41,157.88,19,4,0
7805,2026-03-01 10:00:00,28,23,20.0,19,4,1
7806,2026-03-01 10:00:00,60,45,188.32,20,2,0
7807,2026-03-01 10:00:00,38,23,145.1,18,2,0
7808,2026-03-01 10:00:00,62,50,164.77,20,1,0
7809,2026-03-01 10:00:00,50,28,148.99,16,2,0
7810,2026-03-01 10:00:00,33,43,154.36,24,2,0
7811,2026-03-01 10:00:00,27,47,105.22,19,1,0
7812,2026-03-01 10:00:00,35,57,83.57,25,0,0
7813,2026-03-01 10:00:00,51,26,55.08,23,1,0
7814,2026-03-01 10:00:00,32,25,149.99,18,0,1
7815,2026-03-01 10:00:00,53,54,69.35,25,2,0
7816,2026-03-01 10:00:00,38,29,152.86,26,4,1
7817,2026-03-01 10:00:00,21,19,122.73,20,0,0
7818,2026-03-01 10:00:00,65,33,57.02,16,1,1
7819,2026-03-01 10:00:00,50,36,84.58,19,2,0
7820,2026-03-01 10:00:00,40,14,201.24,14,5,0
7821,2026-03-01 10:00:00,49,14,151.15,18,3,0
7822,2026-03-01 10:00:00,26,35,43.51,16,3,1
7823,2026-03-01 10:00:00,61,30,115.47,21,0,0
7824,2026-03-01 10:00:00,22,28,111.28,22,2,0
7825,2026-03-01 10:00:00,54,17,103.21,25,2,0
7826,2026-03-01 10:00:00,41,3,24.7,28,2,1
7827,2026-03-01 10:00:00,43,16,144.27,26,0,0
7828,2026-03-01 10:00:00,37,46,149.43,16,1,0
7829,2026-03-01 10:00:00,50,30,83.21,21,2,0
7830,2026-03-01 10:00:00,65,52,20.0,17,1,0
7831,2026-03-01 10:00:00,35,29,120.7,10,4,1
7832,2026-03-01 10:00:00,54,45,196.08,22,3,0
7833,2026-03-01 10:00:00,51,15,115.41,24,0,0
7834,2026-03-01 10:00:00,23,46,76.29,26,5,1
7835,2026-03-01 10:00:00,37,56,179.05,13,1,0
7836,2026-03-01 10:00:00,47,25,190.38,25,1,0
7837,2026-03-01 10:00:00,46,51,97.53,23,2,0
7838,2026-03-01 10:00:00,31,38,147.56,15,2,0
7839,2026-03-01 10:00:00,58,42,116.66,16,2,0
7840,2026-03-01 10:00:00,25,59,125.2,10,3,0
7841,2026-03-01 10:00:00,45,47,110.93,22,2,0
7842,2026-03-01 10:00:00,46,53,77.13,22,2,0
7843,2026-03-01 10:00:00,31,54,72.17,12,3,0
7844,2026-03-01 10:00:00,43,52,78.93,22,2,0
7845,2026-03-01 10:00:00,51,58,114.5,19,2,1
7846,2026-03-01 10:00:00,39,38,150.45,18,2,0
7847,2026-03-01 10:00:00,41,23,191.36,21,0,0
7848,2026-03-01 10:00:00,66,25,130.21,14,2,0
7849,2026-03-01 10:00:00,57,42,87.14,23,1,0
7850,2026-03-01 10:00:00,18,7,102.32,16,0,0
7851,2026-03-01 10:00:00,28,22,172.38,18,0,0
7852,2026-03-01 10:00:00,58,17,193.19,21,2,0
7853,2026-03-01 10:00:00,32,18,71.48,18,1,0
7854,2026-03-01 10:00:00,42,49,86.84,20,2,0
7855,2026-03-01 10:00:00,64,41,120.32,15,3,0
7856,2026-03-01 10:00:00,34,10,196.61,24,3,0
7857,2026-03-01 10:00:00,35,10,157.06,20,2,0
7858,2026-03-01 10:00:00,46,57,116.37,23,2,0
7859,2026-03-01 10:00:00,41,7,149.59,15,0,0
7860,2026-03-01 10:00:00,24,48,161.63,19,3,1
7861,2026-03-01 10:00:00,48,50,95.15,24,2,0
7862,2026-03-01 10:00:00,20,38,103.48,23,3,0
7863,2026-03-01 10:00:00,32,27,150.11,18,0,0
7864,2026-03-01 10:00:00,19,52,89.68,24,3,0
7865,2026-03-01 10:00:00,51,33,148.03,12,2,0
7866,2026-03-01 10:00:00,60,1,161.99,22,1,0
7867,2026-03-01 10:00:00,53,44,107.6,17,2,0
7868,2026-03-01 10:00:00,64,53,105.93,16,1,0
7869,2026-03-01 10:00:00,24,34,100.34,20,0,0
7870,2026-03-01 10:00:00,62,4,156.89,14,3,0
7871,2026-03-01 10:00:00,65,17,174.04,12,0,0
7872,2026-03-01 10:00:00,26,4,129.65,23,5,1
7873,2026-03-01 10:00:00,49,43,87.24,20,2,0
7874,2026-03-01 10:00:00,58,54,97.83,17,1,0
7875,2026-03-01 10:00:00,59,26,133.82,21,5,0
7876,2026-03-01 10:00:00,58,4,32.59,24,3,1
7877,2026-03-01 10:00:00,48,1,52.16,17,2,1
7878,2026-03-01 10:00:00,41,7,101.79,32,2,0
7879,2026-03-01 10:00:00,19,30,178.44,16,7,0
7880,2026-03-01 10:00:00,28,50,96.47,22,2,0
7881,2026-03-01 10:00:00,19,9,46.1,28,0,0
7882,2026-03-01 10:00:00,25,35,142.47,26,2,0
7883,2026-03-01 10:00:00,67,8,183.65,25,1,0
7884,2026-03-01 10:00:00,20,24,121.76,20,4,1
7885,2026-03-01 10:00:00,37,19,84.4,23,3,0
7886,2026-03-01 10:00:00,26,36,96.53,15,4,1
7887,2026-03-01 10:00:00,28,50,76.05,19,5,0
7888,2026-03-01 10:00:00,45,52,230.68,19,1,0
7889,2026-03-01 10:00:00,43,59,83.02,17,1,0
7890,2026-03-01 10:00:00,41,43,128.49,31,4,1
7891,2026-03-01 10:00:00,54,27,106.18,21,2,0
7892,2026-03-01 10:00:00,60,32,165.21,24,4,0
7893,2026-03-01 10:00:00,30,14,116.22,23,3,0
7894,2026-03-01 10:00:00,37,57,93.16,20,1,0
7895,2026-03-01 10:00:00,48,18,198.51,13,2,0
7896,2026-03-01 10:00:00,35,28,86.91,19,3,0
7897,2026-03-01 10:00:00,43,29,138.68,28,0,0
7898,2026-03-01 10:00:00,67,16,102.06,24,3,0
7899,2026-03-01 10:00:00,69,35,95.91,15,2,0
7900,2026-03-01 10:00:00,69,47,69.55,17,2,0
7901,2026-03-01 10:00:00,65,59,97.19,25,1,0
7902,2026-03-01 10:00:00,67,59,128.04,21,1,0
7903,2026-03-01 10:00:00,54,31,72.8,17,1,0
7904,2026-03-01 10:00:00,19,4,155.92,20,0,1
7905,2026-03-01 10:00:00,67,37,127.23,24,1,0
7906,2026-03-01 10:00:00,44,17,72.35,25,0,0
7907,2026-03-01 10:00:00,36,39,127.12,19,1,0
7908,2026-03-01 10:00:00,35,48,137.18,27,2,0
7909,2026-03-01 10:00:00,20,46,139.18,16,2,0
7910,2026-03-01 10:00:00,58,26,117.98,22,2,0
7911,2026-03-01 10:00:00,43,48,146.65,21,0,0
7912,2026-03-01 10:00:00,65,39,98.77,26,2,0
7913,2026-03-01 10:00:00,67,41,101.35,20,1,0
7914,2026-03-01 10:00:00,62,4,97.16,21,1,0
7915,2026-03-01 10:00:00,42,30,81.79,26,1,0
7916,2026-03-01 10:00:00,56,30,118.36,23,0,0
7917,2026-03-01 10:00:00,18,22,159.61,14,1,0
7918,2026-03-01 10:00:00,18,11,71.26,21,5,0
7919,2026-03-01 10:00:00,47,2,215.65,26,5,1
7920,2026-03-01 10:00:00,19,44,64.24,12,0,0
7921,2026-03-01 10:00:00,66,12,136.4,22,0,0
7922,2026-03-01 10:00:00,45,30,179.34,22,4,0
7923,2026-03-01 10:00:00,44,36,218.65,16,2,1
7924,2026-03-01 10:00:00,25,18,149.43,13,2,0
7925,2026-03-01 10:00:00,64,26,157.85,13,7,1
7926,2026-03-01 10:00:00,42,53,110.81,19,1,0
7927,2026-03-01 10:00:00,36,7,151.44,17,0,0
7928,2026-03-01 10:00:00,30,1,121.66,19,2,0
7929,2026-03-01 10:00:00,48,58,111.33,23,1,0
7930,2026-03-01 10:00:00,21,26,114.05,30,1,0
7931,2026-03-01 10:00:00,23,23,119.83,29,2,0
7932,2026-03-01 10:00:00,52,26,132.75,14,4,1
7933,2026-03-01 10:00:00,30,45,57.2,16,2,0
7934,2026-03-01 10:00:00,25,6,165.78,17,5,1
7935,2026-03-01 10:00:00,40,6,120.3,16,2,0
7936,2026-03-01 10:00:00,52,44,73.26,19,3,0
7937,2026-03-01 10:00:00,59,8,139.32,24,5,1
7938,2026-03-01 10:00:00,30,24,159.9,31,2,0
7939,2026-03-01 10:00:00,64,22,75.31,29,2,0
7940,2026-03-01 10:00:00,39,19,148.94,18,2,0
7941,2026-03-01 10:00:00,69,37,96.65,15,0,0
7942,2026-03-01 10:00:00,57,18,121.31,23,2,0
7943,2026-03-01 10:00:00,59,31,124.3,29,2,0
7944,2026-03-01 10:00:00,46,37,111.51,24,1,0
7945,2026-03-01 10:00:00,23,30,102.02,15,2,0
7946,2026-03-01 10:00:00,33,57,134.26,21,3,0
7947,2026-03-01 10:00:00,40,42,67.17,22,3,0
7948,2026-03-01 10:00:00,56,33,106.06,20,4,1
7949,2026-03-01 10:00:00,57,10,44.03,16,3,0
7950,2026-03-01 10:00:00,49,37,92.57,21,2,0
7951,2026-03-01 10:00:00,40,12,76.97,19,0,0
7952,2026-03-01 10:00:00,20,54,94.62,25,7,1
7953,2026-03-01 10:00:00,26,30,119.52,22,4,0
7954,2026-03-01 10:00:00,23,27,140.23,16,3,0
7955,2026-03-01 10:00:00,21,39,193.21,23,2,0
7956,2026-03-01 10:00:00,37,9,130.48,24,3,0
7957,2026-03-01 10:00:00,54,54,56.61,23,2,0
7958,2026-03-01 10:00:00,22,21,93.49,17,3,0
7959,2026-03-01 10:00:00,59,12,81.42,16,4,1
7960,2026-03-01 10:00:00,31,55,67.32,20,1,0
7961,2026-03-01 10:00:00,20,29,168.49,12,2,0
7962,2026-03-01 10:00:00,36,33,131.24,25,2,0
7963,2026-03-01 10:00:00,44,43,139.45,9,0,0
7964,2026-03-01 10:00:00,47,53,60.42,19,3,0
7965,2026-03-01 10:00:00,52,15,130.27,20,3,0
7966,2026-03-01 10:00:00,19,2,148.43,20,2,0
7967,2026-03-01 10:00:00,19,52,125.11,31,2,0
7968,2026-03-01 10:00:00,32,39,104.56,24,1,0
7969,2026-03-01 10:00:00,25,53,173.16,18,2,0
7970,2026-03-01 10:00:00,47,44,165.54,16,1,0
7971,2026-03-01 10:00:00,55,54,114.43,15,3,0
7972,2026-03-01 10:00:00,66,18,131.48,18,1,0
7973,2026-03-01 10:00:00,40,3,115.08,19,1,0
7974,2026-03-01 10:00:00,48,7,56.35,14,1,1
7975,2026-03-01 10:00:00,50,43,77.06,26,2,0
7976,2026-03-01 10:00:00,21,18,73.32,15,6,1
7977,2026-03-01 10:00:00,56,44,151.63,15,3,0
7978,2026-03-01 10:00:00,27,38,73.43,22,4,1
7979,2026-03-01 10:00:00,18,37,101.2,17,1,0
7980,2026-03-01 10:00:00,43,58,130.98,15,2,0
7981,2026-03-01 10:00:00,56,33,94.1,20,1,0
7982,2026-03-01 10:00:00,62,44,153.37,15,2,1
7983,2026-03-01 10:00:00,50,59,114.9,19,1,0
7984,2026-03-01 10:00:00,68,31,76.48,23,1,0
7985,2026-03-01 10:00:00,45,58,179.41,15,3,0
7986,2026-03-01 10:00:00,47,11,150.5,28,1,1
7987,2026-03-01 10:00:00,26,4,145.52,22,1,1
7988,2026-03-01 10:00:00,52,59,125.85,23,0,0
7989,2026-03-01 10:00:00,59,18,127.34,14,2,0
7990,2026-03-01 10:00:00,51,4,123.93,23,0,1
7991,2026-03-01 10:00:00,69,49,90.38,22,4,1
7992,2026-03-01 10:00:00,63,34,96.04,16,2,0
7993,2026-03-01 10:00:00,23,29,119.8,15,4,1
7994,2026-03-01 10:00:00,36,24,121.86,20,2,0
7995,2026-03-01 10:00:00,47,22,154.67,20,3,0
7996,2026-03-01 10:00:00,36,2,93.08,30,3,1
7997,2026-03-01 10:00:00,28,44,209.87,31,2,0
7998,2026-03-01 10:00:00,35,6,147.64,25,2,1
7999,2026-03-01 10:00:00,34,42,126.31,17,3,0
8000,2026-03-01 10:00:00,27,25,103.02,23,1,0
8001,2026-03-01 10:00:00,33,55,88.53,24,2,0
8002,2026-03-01 10:00:00,24,57,136.63,27,2,0
8003,2026-03-01 10:00:00,49,21,113.0,21,0,0
8004,2026-03-01 10:00:00,57,55,123.98,17,5,0
8005,2026-03-01 10:00:00,26,59,129.55,20,3,0
8006,2026-03-01 10:00:00,36,16,89.36,26,1,0
8007,2026-03-01 10:00:00,42,31,116.6,24,1,0
8008,2026-03-01 10:00:00,51,14,146.08,20,0,0
8009,2026-03-01 10:00:00,58,39,139.83,21,2,0
8010,2026-03-01 10:00:00,18,28,92.65,15,1,0
8011,2026-03-01 10:00:00,65,32,135.14,11,2,0
8012,2026-03-01 10:00:00,20,28,122.87,22,0,0
8013,2026-03-01 10:00:00,49,51,135.64,18,1,0
8014,2026-03-01 10:00:00,33,55,99.0,21,3,0
8015,2026-03-01 10:00:00,39,49,135.29,22,2,0
8016,2026-03-01 10:00:00,22,9,111.14,21,3,0
8017,2026-03-01 10:00:00,24,58,111.23,20,0,0
8018,2026-03-01 10:00:00,51,45,178.06,27,2,0
8019,2026-03-01 10:00:00,58,22,124.04,21,0,0
8020,2026-03-01 10:00:00,32,32,110.0,13,0,0
8021,2026-03-01 10:00:00,63,5,176.64,21,4,1
8022,2026-03-01 10:00:00,52,23,112.75,22,0,1
8023,2026-03-01 10:00:00,49,5,154.9,19,3,0
8024,2026-03-01 10:00:00,65,42,153.82,22,2,0
8025,2026-03-01 10:00:00,63,53,110.37,24,3,0
8026,2026-03-01 10:00:00,42,32,70.23,14,1,1
8027,2026-03-01 10:00:00,57,59,179.39,25,5,0
8028,2026-03-01 10:00:00,38,10,113.76,21,1,0
8029,2026-03-01 10:00:00,58,59,161.09,27,3,0
8030,2026-03-01 10:00:00,32,39,109.39,16,2,0
8031,2026-03-01 10:00:00,47,58,119.75,14,4,1
8032,2026-03-01 10:00:00,31,15,84.73,21,2,0
8033,2026-03-01 10:00:00,47,7,65.83,21,4,1
8034,2026-03-01 10:00:00,40,29,203.69,23,2,0
8035,2026-03-01 10:00:00,21,59,179.52,21,1,0
8036,2026-03-01 10:00:00,44,47,130.33,20,2,1
8037,2026-03-01 10:00:00,41,3,183.64,24,2,0
8038,2026-03-01 10:00:00,47,19,64.08,23,1,0
8039,2026-03-01 10:00:00,31,10,203.44,18,0,0
8040,2026-03-01 10:00:00,25,28,70.81,33,4,0
8041,2026-03-01 10:00:00,21,29,122.28,18,2,0
8042,2026-03-01 10:00:00,47,15,191.44,17,2,0
8043,2026-03-01 10:00:00,49,35,107.07,25,6,1
8044,2026-03-01 10:00:00,58,6,89.89,22,4,1
8045,2026-03-01 10:00:00,29,12,132.22,24,3,0
8046,2026-03-01 10:00:00,31,47,173.42,13,1,0
8047,2026-03-01 10:00:00,22,38,137.57,17,5,0
8048,2026-03-01 10:00:00,44,13,131.7,20,4,0
8049,2026-03-01 10:00:00,66,29,41.04,21,2,0
8050,2026-03-01 10:00:00,53,19,87.06,20,3,0
8051,2026-03-01 10:00:00,28,3,106.96,15,2,0
8052,2026-03-01 10:00:00,26,8,97.91,22,4,0
8053,2026-03-01 10:00:00,63,8,78.24,26,0,0
8054,2026-03-01 10:00:00,34,55,111.1,23,0,0
8055,2026-03-01 10:00:00,24,58,114.43,16,1,0
8056,2026-03-01 10:00:00,44,20,80.66,14,1,0
8057,2026-03-01 10:00:00,57,47,161.32,24,2,0
8058,2026-03-01 10:00:00,25,4,104.78,19,1,1
8059,2026-03-01 10:00:00,44,51,133.28,22,1,0
8060,2026-03-01 10:00:00,43,21,109.8,18,2,0
8061,2026-03-01 10:00:00,54,3,136.39,16,3,0
8062,2026-03-01 10:00:00,20,45,49.88,16,1,0
8063,2026-03-01 10:00:00,39,8,98.31,17,4,1
8064,2026-03-01 10:00:00,35,23,59.36,15,1,0
8065,2026-03-01 10:00:00,26,16,94.32,19,0,0
8066,2026-03-01 10:00:00,67,13,67.03,28,3,1
8067,2026-03-01 10:00:00,46,3,136.41,24,4,1
8068,2026-03-01 10:00:00,50,48,150.75,20,1,0
8069,2026-03-01 10:00:00,62,9,155.94,18,1,0
8070,2026-03-01 10:00:00,24,14,103.24,24,1,0
8071,2026-03-01 10:00:00,50,13,123.86,25,3,0
8072,2026-03-01 10:00:00,22,53,111.55,22,1,0
8073,2026-03-01 10:00:00,54,57,62.76,27,2,0
8074,2026-03-01 10:00:00,27,7,177.69,25,2,0
8075,2026-03-01 10:00:00,65,15,48.71,18,1,0
8076,2026-03-01 10:00:00,25,7,68.46,14,0,0
8077,2026-03-01 10:00:00,18,38,69.25,16,2,0
8078,2026-03-01 10:00:00,57,34,147.32,19,1,0
8079,2026-03-01 10:00:00,34,41,58.22,19,2,0
8080,2026-03-01 10:00:00,31,22,112.21,21,3,0
8081,2026-03-01 10:00:00,69,24,156.79,24,2,0
8082,2026-03-01 10:00:00,47,49,105.26,23,0,0
8083,2026-03-01 10:00:00,38,37,72.12,15,3,0
8084,2026-03-01 10:00:00,54,44,96.09,15,2,0
8085,2026-03-01 10:00:00,38,1,62.35,20,4,1
8086,2026-03-01 10:00:00,65,10,77.37,15,4,1
8087,2026-03-01 10:00:00,26,43,157.79,29,4,1
8088,2026-03-01 10:00:00,37,16,120.75,17,4,1
8089,2026-03-01 10:00:00,29,46,152.7,16,0,0
8090,2026-03-01 10:00:00,47,8,138.33,19,2,1
8091,2026-03-01 10:00:00,19,56,175.58,18,1,0
8092,2026-03-01 10:00:00,21,49,82.92,18,3,0
8093,2026-03-01 10:00:00,49,25,81.79,15,2,0
8094,2026-03-01 10:00:00,20,50,81.69,21,1,0
8095,2026-03-01 10:00:00,48,12,122.31,23,4,1
8096,2026-03-01 10:00:00,46,25,189.85,27,2,0
8097,2026-03-01 10:00:00,65,17,73.3,14,1,0
8098,2026-03-01 10:00:00,31,26,129.14,15,0,0
8099,2026-03-01 10:00:00,41,46,123.11,33,1,0
8100,2026-03-01 10:00:00,49,48,95.69,19,3,0
8101,2026-03-01 10:00:00,30,14,86.21,17,1,1
8102,2026-03-01 10:00:00,35,41,86.48,22,1,0
8103,2026-03-01 10:00:00,69,36,20.0,25,1,0
8104,2026-03-01 10:00:00,39,57,102.47,22,3,0
8105,2026-03-01 10:00:00,28,23,165.35,18,1,0
8106,2026-03-01 10:00:00,48,43,99.43,20,1,0
8107,2026-03-01 10:00:00,65,6,75.19,21,2,0
8108,2026-03-01 10:00:00,63,47,33.19,16,2,0
8109,2026-03-01 10:00:00,41,5,177.17,21,1,0
8110,2026-03-01 10:00:00,22,43,154.12,17,1,0
8111,2026-03-01 10:00:00,25,25,134.72,20,4,0
8112,2026-03-01 10:00:00,30,18,28.31,30,1,0
8113,2026-03-01 10:00:00,61,13,162.11,22,2,0
8114,2026-03-01 10:00:00,31,43,120.24,23,2,0
8115,2026-03-01 10:00:00,27,14,75.03,17,1,0
8116,2026-03-01 10:00:00,40,28,25.98,19,7,1
8117,2026-03-01 10:00:00,30,18,193.15,23,3,0
8118,2026-03-01 10:00:00,20,59,153.54,19,2,0
8119,2026-03-01 10:00:00,27,57,108.64,21,3,0
8120,2026-03-01 10:00:00,56,28,31.28,13,2,0
8121,2026-03-01 10:00:00,43,51,87.27,26,1,0
8122,2026-03-01 10:00:00,51,56,77.3,23,3,0
8123,2026-03-01 10:00:00,45,27,120.16,18,5,1
8124,2026-03-01 10:00:00,63,32,130.88,22,2,0
8125,2026-03-01 10:00:00,59,47,133.25,20,0,0
8126,2026-03-01 10:00:00,38,9,146.83,20,2,0
8127,2026-03-01 10:00:00,62,40,134.23,10,0,0
8128,2026-03-01 10:00:00,28,32,186.11,22,2,0
8129,2026-03-01 10:00:00,37,20,135.36,16,0,0
8130,2026-03-01 10:00:00,41,28,152.0,26,0,0
8131,2026-03-01 10:00:00,63,33,198.76,25,1,0
8132,2026-03-01 10:00:00,39,4,142.25,20,3,0
8133,2026-03-01 10:00:00,26,46,95.89,22,2,1
8134,2026-03-01 10:00:00,53,57,141.76,13,5,0
8135,2026-03-01 10:00:00,62,34,91.5,20,1,0
8136,2026-03-01 10:00:00,67,48,88.79,24,1,0
8137,2026-03-01 10:00:00,45,3,153.11,16,3,0
8138,2026-03-01 10:00:00,39,26,43.03,24,2,0
8139,2026-03-01 10:00:00,48,8,111.48,21,2,0
8140,2026-03-01 10:00:00,54,6,134.25,18,1,0
8141,2026-03-01 10:00:00,37,16,136.19,21,2,0
8142,2026-03-01 10:00:00,66,24,121.81,22,2,0
8143,2026-03-01 10:00:00,38,48,90.74,17,2,0
8144,2026-03-01 10:00:00,69,39,192.85,22,1,0
8145,2026-03-01 10:00:00,52,30,111.25,21,1,0
8146,2026-03-01 10:00:00,26,45,98.86,17,2,0
8147,2026-03-01 10:00:00,54,13,166.58,15,3,0
8148,2026-03-01 10:00:00,54,5,72.17,20,1,0
8149,2026-03-01 10:00:00,27,25,118.94,22,1,0
8150,2026-03-01 10:00:00,42,20,68.25,11,3,0
8151,2026-03-01 10:00:00,27,54,78.38,19,1,0
8152,2026-03-01 10:00:00,18,18,108.38,17,0,0
8153,2026-03-01 10:00:00,29,47,130.81,15,1,0
8154,2026-03-01 10:00:00,59,18,154.66,27,0,0
8155,2026-03-01 10:00:00,51,2,80.72,22,0,0
8156,2026-03-01 10:00:00,38,10,185.08,18,1,0
8157,2026-03-01 10:00:00,48,55,118.21,29,1,0
8158,2026-03-01 10:00:00,49,45,103.08,23,1,0
8159,2026-03-01 10:00:00,32,50,157.71,18,3,0
8160,2026-03-01 10:00:00,37,47,139.19,17,0,0
8161,2026-03-01 10:00:00,51,12,99.82,13,4,1
8162,2026-03-01 10:00:00,24,47,133.9,18,1,0
8163,2026-03-01 10:00:00,68,13,117.36,15,1,0
8164,2026-03-01 10:00:00,57,50,109.79,23,3,0
8165,2026-03-01 10:00:00,45,47,55.98,13,0,1
8166,2026-03-01 10:00:00,20,57,101.75,16,0,0
8167,2026-03-01 10:00:00,27,55,150.29,22,3,0
8168,2026-03-01 10:00:00,68,11,140.93,20,0,0
8169,2026-03-01 10:00:00,39,19,142.87,26,4,1
8170,2026-03-01 10:00:00,62,35,114.44,18,2,0
8171,2026-03-01 10:00:00,37,39,170.85,14,3,0
8172,2026-03-01 10:00:00,35,53,117.77,23,4,0
8173,2026-03-01 10:00:00,49,26,93.64,20,0,0
8174,2026-03-01 10:00:00,21,46,147.53,16,2,0
8175,2026-03-01 10:00:00,50,14,137.36,21,0,0
8176,2026-03-01 10:00:00,19,54,122.6,20,1,0
8177,2026-03-01 10:00:00,33,45,204.14,17,2,0
8178,2026-03-01 10:00:00,25,44,219.85,18,2,0
8179,2026-03-01 10:00:00,54,24,145.6,16,2,0
8180,2026-03-01 10:00:00,24,41,127.58,23,3,0
8181,2026-03-01 10:00:00,34,1,102.55,16,2,0
8182,2026-03-01 10:00:00,43,51,115.77,19,2,0
8183,2026-03-01 10:00:00,60,43,155.3,20,1,0
8184,2026-03-01 10:00:00,31,55,85.39,12,0,0
8185,2026-03-01 10:00:00,25,22,103.11,18,2,0
8186,2026-03-01 10:00:00,36,23,115.75,14,0,0
8187,2026-03-01 10:00:00,45,56,83.99,21,3,1
8188,2026-03-01 10:00:00,30,54,50.11,18,5,1
8189,2026-03-01 10:00:00,54,19,20.0,17,1,0
8190,2026-03-01 10:00:00,20,18,106.71,21,3,0
8191,2026-03-01 10:00:00,26,12,99.03,20,1,0
8192,2026-03-01 10:00:00,57,55,132.98,29,4,0
8193,2026-03-01 10:00:00,65,28,59.05,22,1,0
8194,2026-03-01 10:00:00,59,28,56.94,12,3,0
8195,2026-03-01 10:00:00,31,59,149.68,15,5,0
8196,2026-03-01 10:00:00,28,33,100.07,19,2,0
8197,2026-03-01 10:00:00,53,19,120.95,25,1,0
8198,2026-03-01 10:00:00,31,28,173.93,18,2,0
8199,2026-03-01 10:00:00,39,59,60.44,21,3,0
8200,2026-03-01 10:00:00,43,52,140.54,23,3,0
8201,2026-03-01 10:00:00,57,49,103.29,21,4,0
8202,2026-03-01 10:00:00,49,37,84.56,24,0,0
8203,2026-03-01 10:00:00,65,26,133.08,16,3,0
8204,2026-03-01 10:00:00,60,35,129.21,28,1,0
8205,2026-03-01 10:00:00,53,34,155.78,27,0,0
8206,2026-03-01 10:00:00,68,35,112.52,15,0,0
8207,2026-03-01 10:00:00,44,40,85.38,14,3,1
8208,2026-03-01 10:00:00,29,16,60.33,17,3,0
8209,2026-03-01 10:00:00,53,38,75.7,23,4,1
8210,2026-03-01 10:00:00,38,13,88.79,17,1,0
8211,2026-03-01 10:00:00,20,23,52.82,23,6,0
8212,2026-03-01 10:00:00,48,54,79.14,27,0,0
8213,2026-03-01 10:00:00,61,22,126.01,17,0,0
8214,2026-03-01 10:00:00,60,16,60.51,14,2,0
8215,2026-03-01 10:00:00,36,28,170.58,20,2,0
8216,2026-03-01 10:00:00,35,48,152.7,15,2,0
8217,2026-03-01 10:00:00,66,35,121.55,12,1,0
8218,2026-03-01 10:00:00,31,45,178.85,26,0,0
8219,2026-03-01 10:00:00,68,46,66.15,16,2,0
8220,2026-03-01 10:00:00,53,8,89.03,24,3,0
8221,2026-03-01 10:00:00,44,44,51.27,19,2,0
8222,2026-03-01 10:00:00,54,55,92.8,19,2,0
8223,2026-03-01 10:00:00,59,55,108.91,20,1,0
8224,2026-03-01 10:00:00,21,22,121.12,31,1,0
8225,2026-03-01 10:00:00,18,21,187.89,25,1,0
8226,2026-03-01 10:00:00,63,26,112.54,13,1,0
8227,2026-03-01 10:00:00,37,40,146.3,25,1,0
8228,2026-03-01 10:00:00,21,21,104.38,18,2,0
8229,2026-03-01 10:00:00,18,25,140.8,27,3,0
8230,2026-03-01 10:00:00,42,41,97.17,19,6,1
8231,2026-03-01 10:00:00,36,1,94.33,10,3,1
8232,2026-03-01 10:00:00,60,6,178.68,20,2,0
8233,2026-03-01 10:00:00,40,23,150.53,20,2,0
8234,2026-03-01 10:00:00,50,51,123.63,24,3,0
8235,2026-03-01 10:00:00,34,23,181.82,29,1,1
8236,2026-03-01 10:00:00,50,43,106.81,15,4,0
8237,2026-03-01 10:00:00,28,43,136.15,10,1,0
8238,2026-03-01 10:00:00,55,23,101.51,20,0,0
8239,2026-03-01 10:00:00,56,32,96.69,20,1,0
8240,2026-03-01 10:00:00,61,30,105.33,14,1,0
8241,2026-03-01 10:00:00,24,13,141.78,23,1,0
8242,2026-03-01 10:00:00,38,43,20.0,18,1,0
8243,2026-03-01 10:00:00,47,18,89.0,20,5,0
8244,2026-03-01 10:00:00,42,23,218.18,20,1,0
8245,2026-03-01 10:00:00,25,15,194.65,23,0,0
8246,2026-03-01 10:00:00,47,33,77.67,17,3,0
8247,2026-03-01 10:00:00,25,21,94.82,15,1,0
8248,2026-03-01 10:00:00,37,57,183.03,23,1,0
8249,2026-03-01 10:00:00,52,39,101.55,9,2,0
8250,2026-03-01 10:00:00,20,23,164.0,27,2,0
8251,2026-03-01 10:00:00,34,27,151.05,25,2,0
8252,2026-03-01 10:00:00,42,45,126.23,20,2,0
8253,2026-03-01 10:00:00,62,44,104.22,21,2,0
8254,2026-03-01 10:00:00,64,18,170.89,20,2,0
8255,2026-03-01 10:00:00,21,24,84.29,15,3,0
8256,2026-03-01 10:00:00,49,51,119.13,23,2,0
8257,2026-03-01 10:00:00,29,47,129.42,23,2,0
8258,2026-03-01 10:00:00,21,40,119.0,21,1,0
8259,2026-03-01 10:00:00,59,51,153.95,20,1,0
8260,2026-03-01 10:00:00,62,42,125.2,16,0,0
8261,2026-03-01 10:00:00,62,7,120.6,20,1,0
8262,2026-03-01 10:00:00,32,50,126.84,14,0,0
8263,2026-03-01 10:00:00,44,48,89.23,20,0,0
8264,2026-03-01 10:00:00,23,20,119.91,19,2,0
8265,2026-03-01 10:00:00,50,27,88.66,18,1,0
8266,2026-03-01 10:00:00,24,6,36.26,16,1,0
8267,2026-03-01 10:00:00,20,27,158.28,26,2,0
8268,2026-03-01 10:00:00,63,9,120.18,21,4,0
8269,2026-03-01 10:00:00,52,53,113.47,19,3,0
8270,2026-03-01 10:00:00,36,45,153.96,20,1,0
8271,2026-03-01 10:00:00,22,57,70.29,25,2,0
8272,2026-03-01 10:00:00,69,31,130.32,19,1,0
8273,2026-03-01 10:00:00,31,21,170.9,23,1,0
8274,2026-03-01 10:00:00,22,26,195.93,23,4,0
8275,2026-03-01 10:00:00,60,40,98.57,22,0,0
8276,2026-03-01 10:00:00,24,48,113.11,26,4,1
8277,2026-03-01 10:00:00,57,45,126.56,17,3,0
8278,2026-03-01 10:00:00,62,13,73.96,18,0,0
8279,2026-03-01 10:00:00,54,49,140.42,27,2,0
8280,2026-03-01 10:00:00,49,23,135.67,21,2,0
8281,2026-03-01 10:00:00,59,20,125.6,16,0,0
8282,2026-03-01 10:00:00,22,37,159.35,19,2,0
8283,2026-03-01 10:00:00,27,54,90.91,18,1,0
8284,2026-03-01 10:00:00,61,53,94.39,18,1,0
8285,2026-03-01 10:00:00,27,28,203.91,26,2,0
8286,2026-03-01 10:00:00,35,17,86.27,27,1,0
8287,2026-03-01 10:00:00,37,28,120.43,13,5,0
8288,2026-03-01 10:00:00,28,41,165.52,18,3,1
8289,2026-03-01 10:00:00,56,2,162.27,22,4,1
8290,2026-03-01 10:00:00,60,25,164.72,17,2,0
8291,2026-03-01 10:00:00,26,58,125.09,17,1,0
8292,2026-03-01 10:00:00,44,50,113.83,13,0,0
8293,2026-03-01 10:00:00,31,41,93.97,27,2,0
8294,2026-03-01 10:00:00,28,6,115.9,16,5,1
8295,2026-03-01 10:00:00,55,11,154.48,30,2,0
8296,2026-03-01 10:00:00,30,57,125.87,25,4,1
8297,2026-03-01 10:00:00,27,38,100.92,31,3,0
8298,2026-03-01 10:00:00,32,6,133.02,30,3,0
8299,2026-03-01 10:00:00,25,45,81.31,20,4,1
8300,2026-03-01 10:00:00,41,11,127.55,23,2,0
8301,2026-03-01 10:00:00,50,14,76.36,19,1,0
8302,2026-03-01 10:00:00,51,2,132.86,30,3,0
8303,2026-03-01 10:00:00,32,40,131.86,21,1,0
8304,2026-03-01 10:00:00,64,3,150.72,22,1,0
8305,2026-03-01 10:00:00,60,55,154.88,13,4,0
8306,2026-03-01 10:00:00,55,53,114.82,21,1,0
8307,2026-03-01 10:00:00,57,35,130.87,17,2,0
8308,2026-03-01 10:00:00,58,33,104.55,17,3,0
8309,2026-03-01 10:00:00,28,24,116.09,18,5,1
8310,2026-03-01 10:00:00,25,19,115.97,19,3,0
8311,2026-03-01 10:00:00,35,18,113.59,22,3,0
8312,2026-03-01 10:00:00,23,49,164.35,16,4,0
8313,2026-03-01 10:00:00,31,52,151.83,20,5,0
8314,2026-03-01 10:00:00,39,24,70.76,19,3,0
8315,2026-03-01 10:00:00,65,45,110.09,21,1,0
8316,2026-03-01 10:00:00,18,35,162.49,28,1,0
8317,2026-03-01 10:00:00,58,1,79.99,15,1,0
8318,2026-03-01 10:00:00,33,36,81.66,19,2,1
8319,2026-03-01 10:00:00,35,25,166.27,25,1,0
8320,2026-03-01 10:00:00,39,45,160.8,23,2,0
8321,2026-03-01 10:00:00,57,49,130.34,27,0,0
8322,2026-03-01 10:00:00,60,43,78.11,18,2,0
8323,2026-03-01 10:00:00,50,34,102.57,19,0,0
8324,2026-03-01 10:00:00,65,25,48.04,22,1,1
8325,2026-03-01 10:00:00,35,16,164.93,26,1,0
8326,2026-03-01 10:00:00,41,34,141.91,20,2,0
8327,2026-03-01 10:00:00,65,29,133.09,22,0,0
8328,2026-03-01 10:00:00,57,19,86.12,14,3,0
8329,2026-03-01 10:00:00,64,23,101.51,14,2,0
8330,2026-03-01 10:00:00,48,19,140.91,15,4,1
8331,2026-03-01 10:00:00,50,25,96.18,26,2,0
8332,2026-03-01 10:00:00,23,16,183.34,20,2,0
8333,2026-03-01 10:00:00,34,54,82.44,14,2,0
8334,2026-03-01 10:00:00,51,51,119.94,15,1,0
8335,2026-03-01 10:00:00,64,9,133.62,24,3,0
8336,2026-03-01 10:00:00,54,1,89.93,16,3,0
8337,2026-03-01 10:00:00,59,42,166.0,17,3,0
8338,2026-03-01 10:00:00,37,19,108.16,17,0,0
8339,2026-03-01 10:00:00,21,33,145.91,13,2,0
8340,2026-03-01 10:00:00,41,34,146.04,18,1,0
8341,2026-03-01 10:00:00,28,16,48.35,15,2,1
8342,2026-03-01 10:00:00,60,44,134.51,16,2,0
8343,2026-03-01 10:00:00,39,40,59.06,18,4,1
8344,2026-03-01 10:00:00,66,55,134.56,18,1,0
8345,2026-03-01 10:00:00,64,18,121.11,16,2,0
8346,2026-03-01 10:00:00,44,34,64.36,19,0,0
8347,2026-03-01 10:00:00,53,25,85.83,13,7,1
8348,2026-03-01 10:00:00,69,45,205.68,17,2,0
8349,2026-03-01 10:00:00,46,6,134.28,14,5,1
8350,2026-03-01 10:00:00,28,21,171.95,17,3,0
8351,2026-03-01 10:00:00,48,58,101.33,19,1,0
8352,2026-03-01 10:00:00,19,6,111.84,21,2,0
8353,2026-03-01 10:00:00,33,32,94.05,13,4,1
8354,2026-03-01 10:00:00,35,41,119.96,18,2,0
8355,2026-03-01 10:00:00,29,48,69.85,20,1,0
8356,2026-03-01 10:00:00,56,43,150.29,15,3,0
8357,2026-03-01 10:00:00,30,39,141.35,19,3,1
8358,2026-03-01 10:00:00,47,31,111.92,17,1,0
8359,2026-03-01 10:00:00,35,42,110.54,18,4,1
8360,2026-03-01 10:00:00,22,10,116.53,23,4,0
8361,2026-03-01 10:00:00,47,30,113.65,18,5,0
8362,2026-03-01 10:00:00,54,57,155.83,17,4,1
8363,2026-03-01 10:00:00,20,52,192.36,23,2,0
8364,2026-03-01 10:00:00,18,18,94.89,21,4,0
8365,2026-03-01 10:00:00,52,24,180.77,23,4,0
8366,2026-03-01 10:00:00,25,52,113.1,24,1,0
8367,2026-03-01 10:00:00,25,9,47.03,22,3,0
8368,2026-03-01 10:00:00,53,31,147.04,13,3,0
8369,2026-03-01 10:00:00,28,15,91.75,22,1,0
8370,2026-03-01 10:00:00,27,4,129.51,23,2,0
8371,2026-03-01 10:00:00,34,40,34.58,22,3,1
8372,2026-03-01 10:00:00,53,9,115.79,22,2,0
8373,2026-03-01 10:00:00,58,45,186.85,23,1,0
8374,2026-03-01 10:00:00,47,9,82.59,17,1,0
8375,2026-03-01 10:00:00,30,26,129.13,26,3,0
8376,2026-03-01 10:00:00,27,4,138.27,20,1,1
8377,2026-03-01 10:00:00,62,17,106.29,19,1,0
8378,2026-03-01 10:00:00,57,16,149.75,20,4,0
8379,2026-03-01 10:00:00,20,15,138.3,19,2,0
8380,2026-03-01 10:00:00,49,35,87.12,17,3,0
8381,2026-03-01 10:00:00,35,57,67.45,17,1,0
8382,2026-03-01 10:00:00,53,52,85.83,13,3,0
8383,2026-03-01 10:00:00,53,5,76.93,24,0,0
8384,2026-03-01 10:00:00,36,55,131.18,20,3,0
8385,2026-03-01 10:00:00,49,5,159.71,17,2,1
8386,2026-03-01 10:00:00,53,20,129.86,18,1,0
8387,2026-03-01 10:00:00,21,15,124.3,24,1,0
8388,2026-03-01 10:00:00,22,18,198.85,24,1,1
8389,2026-03-01 10:00:00,66,47,39.82,20,2,0
8390,2026-03-01 10:00:00,62,2,114.07,15,2,0
8391,2026-03-01 10:00:00,63,29,160.99,22,3,0
8392,2026-03-01 10:00:00,49,13,117.26,20,2,0
8393,2026-03-01 10:00:00,24,4,122.03,20,3,1
8394,2026-03-01 10:00:00,25,42,93.94,23,2,0
8395,2026-03-01 10:00:00,20,45,157.13,19,2,0
8396,2026-03-01 10:00:00,69,10,101.55,27,2,0
8397,2026-03-01 10:00:00,49,31,159.95,20,2,0
8398,2026-03-01 10:00:00,53,41,181.05,17,4,1
8399,2026-03-01 10:00:00,51,8,104.83,12,1,0
8400,2026-03-01 10:00:00,55,3,94.41,16,2,0
8401,2026-03-01 10:00:00,50,48,85.59,28,2,0
8402,2026-03-01 10:00:00,41,46,146.02,19,1,0
8403,2026-03-01 10:00:00,37,9,143.85,16,0,0
8404,2026-03-01 10:00:00,28,30,131.86,20,1,0
8405,2026-03-01 10:00:00,56,53,105.56,19,7,0
8406,2026-03-01 10:00:00,19,11,146.36,17,1,0
8407,2026-03-01 10:00:00,64,35,167.58,20,0,0
8408,2026-03-01 10:00:00,18,37,20.0,13,3,0
8409,2026-03-01 10:00:00,63,42,190.75,20,3,0
8410,2026-03-01 10:00:00,24,13,70.89,25,0,0
8411,2026-03-01 10:00:00,31,36,140.35,24,2,0
8412,2026-03-01 10:00:00,20,56,154.77,23,0,0
8413,2026-03-01 10:00:00,33,13,127.68,27,4,0
8414,2026-03-01 10:00:00,66,12,115.21,11,2,0
8415,2026-03-01 10:00:00,48,37,89.03,18,0,0
8416,2026-03-01 10:00:00,33,10,136.57,15,3,0
8417,2026-03-01 10:00:00,19,56,146.8,19,2,0
8418,2026-03-01 10:00:00,38,9,127.88,29,1,0
8419,2026-03-01 10:00:00,51,52,49.98,22,3,0
8420,2026-03-01 10:00:00,65,7,147.15,23,2,0
8421,2026-03-01 10:00:00,27,2,114.26,18,2,0
8422,2026-03-01 10:00:00,26,54,116.61,29,0,0
8423,2026-03-01 10:00:00,31,56,125.68,19,3,0
8424,2026-03-01 10:00:00,33,23,116.6,26,2,0
8425,2026-03-01 10:00:00,46,39,60.88,19,5,1
8426,2026-03-01 10:00:00,36,40,102.36,19,0,1
8427,2026-03-01 10:00:00,39,39,127.3,14,1,0
8428,2026-03-01 10:00:00,67,21,89.82,10,1,1
8429,2026-03-01 10:00:00,41,23,160.5,15,1,0
8430,2026-03-01 10:00:00,34,29,174.42,12,0,0
8431,2026-03-01 10:00:00,67,14,184.43,23,1,0
8432,2026-03-01 10:00:00,55,26,175.9,13,3,0
8433,2026-03-01 10:00:00,26,51,60.31,16,1,1
8434,2026-03-01 10:00:00,67,5,122.7,22,0,0
8435,2026-03-01 10:00:00,47,55,156.1,17,2,0
8436,2026-03-01 10:00:00,44,31,129.83,17,1,0
8437,2026-03-01 10:00:00,54,25,186.09,21,1,0
8438,2026-03-01 10:00:00,69,31,42.96,21,2,0
8439,2026-03-01 10:00:00,63,50,147.33,20,0,0
8440,2026-03-01 10:00:00,28,20,73.36,19,3,0
8441,2026-03-01 10:00:00,23,44,132.79,17,2,0
8442,2026-03-01 10:00:00,39,55,20.0,20,0,0
8443,2026-03-01 10:00:00,43,17,143.57,22,2,0
8444,2026-03-01 10:00:00,68,45,203.36,24,2,0
8445,2026-03-01 10:00:00,32,2,138.73,24,5,0
8446,2026-03-01 10:00:00,57,25,141.6,26,0,0
8447,2026-03-01 10:00:00,32,13,104.42,26,1,0
8448,2026-03-01 10:00:00,61,58,159.44,13,0,0
8449,2026-03-01 10:00:00,66,39,144.36,22,0,0
8450,2026-03-01 10:00:00,27,28,114.89,20,1,0
8451,2026-03-01 10:00:00,23,42,110.64,21,4,0
8452,2026-03-01 10:00:00,66,55,153.97,23,1,0
8453,2026-03-01 10:00:00,55,6,111.27,25,3,0
8454,2026-03-01 10:00:00,43,3,176.1,20,2,0
8455,2026-03-01 10:00:00,34,58,106.53,22,0,0
8456,2026-03-01 10:00:00,22,35,118.03,22,0,0
8457,2026-03-01 10:00:00,60,18,143.3,19,4,1
8458,2026-03-01 10:00:00,19,11,142.22,25,2,0
8459,2026-03-01 10:00:00,43,54,122.27,14,0,0
8460,2026-03-01 10:00:00,69,20,117.28,5,6,1
8461,2026-03-01 10:00:00,34,5,175.63,16,1,0
8462,2026-03-01 10:00:00,58,19,60.62,27,2,0
8463,2026-03-01 10:00:00,32,22,172.23,21,7,0
8464,2026-03-01 10:00:00,43,59,42.63,11,2,0
8465,2026-03-01 10:00:00,58,19,141.22,23,3,0
8466,2026-03-01 10:00:00,41,47,108.18,25,3,0
8467,2026-03-01 10:00:00,56,16,93.42,13,2,0
8468,2026-03-01 10:00:00,68,24,210.81,10,2,0
8469,2026-03-01 10:00:00,44,41,81.68,19,3,0
8470,2026-03-01 10:00:00,69,4,78.0,22,2,1
8471,2026-03-01 10:00:00,55,15,89.39,24,3,0
8472,2026-03-01 10:00:00,30,25,186.67,17,2,0
8473,2026-03-01 10:00:00,25,44,130.25,18,1,0
8474,2026-03-01 10:00:00,29,55,121.36,22,0,0
8475,2026-03-01 10:00:00,46,35,86.67,27,1,0
8476,2026-03-01 10:00:00,36,55,52.22,25,1,1
8477,2026-03-01 10:00:00,57,14,95.51,22,3,0
8478,2026-03-01 10:00:00,22,49,109.35,22,3,0
8479,2026-03-01 10:00:00,53,19,108.58,19,4,0
8480,2026-03-01 10:00:00,39,38,122.72,26,2,0
8481,2026-03-01 10:00:00,50,36,135.24,15,1,0
8482,2026-03-01 10:00:00,50,7,80.84,22,1,0
8483,2026-03-01 10:00:00,26,30,128.77,11,3,0
8484,2026-03-01 10:00:00,47,19,92.76,25,0,0
8485,2026-03-01 10:00:00,27,49,110.89,18,2,1
8486,2026-03-01 10:00:00,42,25,180.28,14,2,0
8487,2026-03-01 10:00:00,38,16,64.61,17,2,0
8488,2026-03-01 10:00:00,40,47,172.47,19,1,0
8489,2026-03-01 10:00:00,51,54,164.0,12,2,0
8490,2026-03-01 10:00:00,36,40,55.66,23,2,0
8491,2026-03-01 10:00:00,27,51,89.16,19,2,0
8492,2026-03-01 10:00:00,23,8,99.95,21,3,0
8493,2026-03-01 10:00:00,63,18,72.97,25,2,0
8494,2026-03-01 10:00:00,38,28,135.82,28,0,0
8495,2026-03-01 10:00:00,48,16,94.14,22,1,0
8496,2026-03-01 10:00:00,44,52,47.4,15,4,0
8497,2026-03-01 10:00:00,39,19,115.34,20,2,0
8498,2026-03-01 10:00:00,34,42,109.77,21,5,1
8499,2026-03-01 10:00:00,22,17,105.03,20,2,0
8500,2026-03-01 10:00:00,36,45,61.54,11,4,1
8501,2026-03-01 10:00:00,38,13,143.23,18,0,0
8502,2026-03-01 10:00:00,18,7,85.97,22,3,0
8503,2026-03-01 10:00:00,32,27,122.04,16,4,1
8504,2026-03-01 10:00:00,28,10,159.38,19,1,0
8505,2026-03-01 10:00:00,40,34,97.99,25,1,0
8506,2026-03-01 10:00:00,63,36,181.95,19,3,0
8507,2026-03-01 10:00:00,69,25,83.76,20,3,0
8508,2026-03-01 10:00:00,56,6,212.74,16,2,0
8509,2026-03-01 10:00:00,44,24,87.89,22,3,0
8510,2026-03-01 10:00:00,34,18,102.01,12,3,0
8511,2026-03-01 10:00:00,37,23,146.38,16,2,0
8512,2026-03-01 10:00:00,52,6,105.57,17,3,0
8513,2026-03-01 10:00:00,64,29,144.09,21,4,1
8514,2026-03-01 10:00:00,33,25,107.28,32,1,1
8515,2026-03-01 10:00:00,30,55,126.34,17,2,0
8516,2026-03-01 10:00:00,29,17,113.98,25,1,0
8517,2026-03-01 10:00:00,30,46,155.08,16,2,0
8518,2026-03-01 10:00:00,36,24,68.49,15,2,0
8519,2026-03-01 10:00:00,56,11,111.28,19,1,0
8520,2026-03-01 10:00:00,64,26,125.2,20,4,0
8521,2026-03-01 10:00:00,59,51,154.96,19,3,0
8522,2026-03-01 10:00:00,65,34,62.6,19,2,0
8523,2026-03-01 10:00:00,60,28,156.63,30,2,0
8524,2026-03-01 10:00:00,48,3,129.51,16,0,0
8525,2026-03-01 10:00:00,60,11,74.18,18,1,0
8526,2026-03-01 10:00:00,46,38,143.13,11,3,0
8527,2026-03-01 10:00:00,22,14,100.83,13,4,1
8528,2026-03-01 10:00:00,44,51,204.58,22,4,0
8529,2026-03-01 10:00:00,58,26,112.36,26,7,0
8530,2026-03-01 10:00:00,27,48,174.44,17,1,0
8531,2026-03-01 10:00:00,59,21,182.65,22,0,0
8532,2026-03-01 10:00:00,47,54,89.44,22,2,0
8533,2026-03-01 10:00:00,40,56,132.38,22,1,0
8534,2026-03-01 10:00:00,56,39,196.03,19,1,1
8535,2026-03-01 10:00:00,59,30,196.88,18,5,0
8536,2026-03-01 10:00:00,48,59,90.31,18,2,0
8537,2026-03-01 10:00:00,43,8,166.99,19,0,0
8538,2026-03-01 10:00:00,27,51,128.28,19,2,0
8539,2026-03-01 10:00:00,63,20,84.86,25,4,1
8540,2026-03-01 10:00:00,20,48,84.92,17,1,0
8541,2026-03-01 10:00:00,25,32,162.89,28,1,0
8542,2026-03-01 10:00:00,18,22,174.82,26,1,0
8543,2026-03-01 10:00:00,25,59,180.17,16,1,0
8544,2026-03-01 10:00:00,68,7,125.67,27,0,0
8545,2026-03-01 10:00:00,68,9,116.06,11,2,0
8546,2026-03-01 10:00:00,50,45,135.72,17,1,0
8547,2026-03-01 10:00:00,40,1,67.67,20,1,0
8548,2026-03-01 10:00:00,23,29,121.0,21,2,0
8549,2026-03-01 10:00:00,34,8,184.66,13,3,0
8550,2026-03-01 10:00:00,50,56,124.53,28,1,0
8551,2026-03-01 10:00:00,32,54,160.39,25,1,0
8552,2026-03-01 10:00:00,49,4,143.38,21,3,0
8553,2026-03-01 10:00:00,23,35,64.56,20,2,0
8554,2026-03-01 10:00:00,34,59,148.09,22,4,1
8555,2026-03-01 10:00:00,45,3,145.18,18,0,0
8556,2026-03-01 10:00:00,56,54,131.22,22,2,0
8557,2026-03-01 10:00:00,20,45,127.44,16,5,0
8558,2026-03-01 10:00:00,50,40,135.08,13,0,0
8559,2026-03-01 10:00:00,43,7,91.57,21,1,0
8560,2026-03-01 10:00:00,38,27,92.21,22,2,0
8561,2026-03-01 10:00:00,41,1,74.33,15,1,1
8562,2026-03-01 10:00:00,47,27,100.04,27,0,0
8563,2026-03-01 10:00:00,61,16,90.25,16,4,0
8564,2026-03-01 10:00:00,64,38,91.71,21,1,0
8565,2026-03-01 10:00:00,44,7,122.74,23,0,0
8566,2026-03-01 10:00:00,21,44,82.31,18,2,0
8567,2026-03-01 10:00:00,61,23,193.83,20,4,1
8568,2026-03-01 10:00:00,35,41,76.16,13,4,0
8569,2026-03-01 10:00:00,52,59,119.48,15,2,0
8570,2026-03-01 10:00:00,44,11,155.23,25,3,0
8571,2026-03-01 10:00:00,24,42,132.7,21,5,1
8572,2026-03-01 10:00:00,41,53,106.98,21,1,0
8573,2026-03-01 10:00:00,31,33,130.93,33,2,0
8574,2026-03-01 10:00:00,62,50,166.21,16,2,0
8575,2026-03-01 10:00:00,60,36,122.73,22,3,0
8576,2026-03-01 10:00:00,58,37,121.85,13,3,0
8577,2026-03-01 10:00:00,45,41,201.92,15,5,0
8578,2026-03-01 10:00:00,41,59,214.3,30,4,1
8579,2026-03-01 10:00:00,62,17,123.93,23,1,0
8580,2026-03-01 10:00:00,24,35,155.97,24,1,0
8581,2026-03-01 10:00:00,56,48,136.79,16,4,1
8582,2026-03-01 10:00:00,49,5,136.17,21,1,0
8583,2026-03-01 10:00:00,60,48,139.9,15,2,0
8584,2026-03-01 10:00:00,27,32,148.91,17,3,0
8585,2026-03-01 10:00:00,64,3,75.21,27,0,0
8586,2026-03-01 10:00:00,30,52,104.7,23,2,0
8587,2026-03-01 10:00:00,39,47,93.39,18,3,0
8588,2026-03-01 10:00:00,56,35,109.68,18,2,0
8589,2026-03-01 10:00:00,60,52,134.89,14,1,0
8590,2026-03-01 10:00:00,51,14,140.58,20,3,0
8591,2026-03-01 10:00:00,55,48,90.73,23,3,1
8592,2026-03-01 10:00:00,56,31,94.39,25,5,1
8593,2026-03-01 10:00:00,54,31,99.94,18,2,0
8594,2026-03-01 10:00:00,41,17,59.23,21,0,0
8595,2026-03-01 10:00:00,53,24,85.95,25,3,0
8596,2026-03-01 10:00:00,56,52,119.08,25,1,0
8597,2026-03-01 10:00:00,31,23,111.26,20,1,0
8598,2026-03-01 10:00:00,20,18,95.45,27,5,0
8599,2026-03-01 10:00:00,19,50,178.2,17,1,0
8600,2026-03-01 10:00:00,63,54,161.43,22,4,1
8601,2026-03-01 10:00:00,48,14,129.78,12,0,0
8602,2026-03-01 10:00:00,63,50,200.31,23,2,1
8603,2026-03-01 10:00:00,26,15,20.0,20,1,0
8604,2026-03-01 10:00:00,25,15,74.16,24,2,0
8605,2026-03-01 10:00:00,53,6,37.94,13,3,0
8606,2026-03-01 10:00:00,31,27,140.84,23,2,0
8607,2026-03-01 10:00:00,68,15,121.7,18,4,0
8608,2026-03-01 10:00:00,57,50,157.94,29,1,0
8609,2026-03-01 10:00:00,59,36,72.2,12,1,0
8610,2026-03-01 10:00:00,32,55,144.8,16,2,0
8611,2026-03-01 10:00:00,24,8,129.78,20,1,0
8612,2026-03-01 10:00:00,49,15,114.71,22,1,0
8613,2026-03-01 10:00:00,18,3,113.84,28,1,0
8614,2026-03-01 10:00:00,53,47,102.68,16,3,0
8615,2026-03-01 10:00:00,21,13,36.12,20,2,0
8616,2026-03-01 10:00:00,57,41,117.83,23,2,0
8617,2026-03-01 10:00:00,25,34,143.93,23,0,0
8618,2026-03-01 10:00:00,64,24,224.21,23,0,0
8619,2026-03-01 10:00:00,36,40,177.31,22,2,0
8620,2026-03-01 10:00:00,37,32,104.08,24,2,0
8621,2026-03-01 10:00:00,30,32,154.62,25,3,0
8622,2026-03-01 10:00:00,56,30,173.45,20,4,1
8623,2026-03-01 10:00:00,31,52,177.27,16,0,0
8624,2026-03-01 10:00:00,68,49,118.33,21,4,0
8625,2026-03-01 10:00:00,21,13,104.54,21,2,0
8626,2026-03-01 10:00:00,57,1,138.38,19,1,0
8627,2026-03-01 10:00:00,65,34,93.76,33,0,0
8628,2026-03-01 10:00:00,21,15,114.71,21,2,0
8629,2026-03-01 10:00:00,43,44,115.89,20,0,0
8630,2026-03-01 10:00:00,45,14,97.72,22,1,0
8631,2026-03-01 10:00:00,62,57,161.33,24,0,0
8632,2026-03-01 10:00:00,34,29,96.6,25,1,0
8633,2026-03-01 10:00:00,65,34,155.42,22,5,0
8634,2026-03-01 10:00:00,58,18,91.35,22,2,0
8635,2026-03-01 10:00:00,53,54,139.99,17,3,0
8636,2026-03-01 10:00:00,26,7,46.46,30,0,0
8637,2026-03-01 10:00:00,57,29,111.56,17,3,0
8638,2026-03-01 10:00:00,36,55,128.9,19,3,0
8639,2026-03-01 10:00:00,34,31,172.06,27,2,0
8640,2026-03-01 10:00:00,25,25,85.14,17,2,0
8641,2026-03-01 10:00:00,49,38,108.3,18,1,0
8642,2026-03-01 10:00:00,27,14,135.86,22,1,0
8643,2026-03-01 10:00:00,18,8,163.91,21,2,0
8644,2026-03-01 10:00:00,49,27,123.58,16,3,0
8645,2026-03-01 10:00:00,63,54,105.73,24,2,0
8646,2026-03-01 10:00:00,58,2,100.72,24,5,1
8647,2026-03-01 10:00:00,29,17,65.7,13,3,0
8648,2026-03-01 10:00:00,43,37,81.52,20,3,0
8649,2026-03-01 10:00:00,41,14,178.71,22,0,1
8650,2026-03-01 10:00:00,68,25,81.96,16,0,0
8651,2026-03-01 10:00:00,49,56,144.61,14,4,0
8652,2026-03-01 10:00:00,37,30,64.29,23,1,1
8653,2026-03-01 10:00:00,44,29,61.89,25,1,0
8654,2026-03-01 10:00:00,21,20,141.41,17,0,0
8655,2026-03-01 10:00:00,54,21,113.79,23,6,0
8656,2026-03-01 10:00:00,47,53,109.53,20,4,0
8657,2026-03-01 10:00:00,31,22,69.23,12,2,0
8658,2026-03-01 10:00:00,27,35,151.0,20,0,0
8659,2026-03-01 10:00:00,63,37,115.7,17,1,0
8660,2026-03-01 10:00:00,25,16,139.61,22,0,0
8661,2026-03-01 10:00:00,27,50,109.2,23,3,0
8662,2026-03-01 10:00:00,67,58,148.35,26,1,0
8663,2026-03-01 10:00:00,50,49,148.12,13,1,0
8664,2026-03-01 10:00:00,50,43,168.01,20,0,0
8665,2026-03-01 10:00:00,41,17,90.73,19,4,1
8666,2026-03-01 10:00:00,23,16,113.29,22,1,0
8667,2026-03-01 10:00:00,25,58,93.22,23,0,0
8668,2026-03-01 10:00:00,58,55,127.23,22,0,0
8669,2026-03-01 10:00:00,38,2,116.69,22,4,0
8670,2026-03-01 10:00:00,56,4,141.35,18,0,0
8671,2026-03-01 10:00:00,66,21,82.54,24,1,0
8672,2026-03-01 10:00:00,43,39,93.17,21,1,0
8673,2026-03-01 10:00:00,25,34,128.16,22,6,0
8674,2026-03-01 10:00:00,33,30,103.32,23,2,0
8675,2026-03-01 10:00:00,25,6,119.17,20,2,0
8676,2026-03-01 10:00:00,19,17,129.93,22,1,0
8677,2026-03-01 10:00:00,19,39,114.28,16,2,0
8678,2026-03-01 10:00:00,29,25,195.27,20,1,0
8679,2026-03-01 10:00:00,55,5,51.21,23,1,0
8680,2026-03-01 10:00:00,66,5,72.25,18,0,1
8681,2026-03-01 10:00:00,41,20,130.37,21,1,0
8682,2026-03-01 10:00:00,25,16,135.72,13,0,0
8683,2026-03-01 10:00:00,42,51,72.08,30,0,0
8684,2026-03-01 10:00:00,57,41,97.33,34,1,0
8685,2026-03-01 10:00:00,59,37,127.03,17,1,0
8686,2026-03-01 10:00:00,57,40,158.06,24,1,0
8687,2026-03-01 10:00:00,21,9,129.75,16,6,1
8688,2026-03-01 10:00:00,66,5,106.26,19,2,0
8689,2026-03-01 10:00:00,53,42,81.81,24,4,0
8690,2026-03-01 10:00:00,39,57,52.85,15,1,0
8691,2026-03-01 10:00:00,67,2,22.75,18,1,1
8692,2026-03-01 10:00:00,48,9,86.13,27,3,0
8693,2026-03-01 10:00:00,59,43,20.0,20,3,0
8694,2026-03-01 10:00:00,63,36,115.47,31,1,0
8695,2026-03-01 10:00:00,63,22,163.88,14,5,1
8696,2026-03-01 10:00:00,47,22,154.13,25,1,0
8697,2026-03-01 10:00:00,35,22,84.51,14,1,0
8698,2026-03-01 10:00:00,68,34,77.2,26,0,0
8699,2026-03-01 10:00:00,48,55,174.5,23,1,0
8700,2026-03-01 10:00:00,50,29,110.14,18,3,0
8701,2026-03-01 10:00:00,58,38,112.03,15,2,0
8702,2026-03-01 10:00:00,38,59,101.8,22,2,0
8703,2026-03-01 10:00:00,65,46,119.42,17,0,0
8704,2026-03-01 10:00:00,38,33,88.57,27,3,0
8705,2026-03-01 10:00:00,29,18,118.61,24,2,0
8706,2026-03-01 10:00:00,20,7,98.67,16,1,0
8707,2026-03-01 10:00:00,27,1,82.49,21,1,0
8708,2026-03-01 10:00:00,25,33,112.22,21,2,0
8709,2026-03-01 10:00:00,34,1,177.82,20,6,1
8710,2026-03-01 10:00:00,64,24,82.1,19,1,0
8711,2026-03-01 10:00:00,60,4,73.04,22,2,1
8712,2026-03-01 10:00:00,47,4,62.84,20,0,0
8713,2026-03-01 10:00:00,56,18,103.04,18,2,1
8714,2026-03-01 10:00:00,20,27,164.92,22,3,0
8715,2026-03-01 10:00:00,31,43,105.94,19,4,1
8716,2026-03-01 10:00:00,33,59,236.82,20,2,0
8717,2026-03-01 10:00:00,35,32,92.78,23,6,1
8718,2026-03-01 10:00:00,22,33,91.31,15,1,0
8719,2026-03-01 10:00:00,29,28,20.0,22,1,0
8720,2026-03-01 10:00:00,55,42,119.19,16,4,1
8721,2026-03-01 10:00:00,32,41,165.97,21,1,0
8722,2026-03-01 10:00:00,51,55,107.18,22,2,0
8723,2026-03-01 10:00:00,29,36,128.72,16,1,0
8724,2026-03-01 10:00:00,53,6,126.44,13,2,0
8725,2026-03-01 10:00:00,32,16,66.89,21,1,0
8726,2026-03-01 10:00:00,55,34,156.34,18,2,0
8727,2026-03-01 10:00:00,57,23,20.0,14,1,0
8728,2026-03-01 10:00:00,20,50,163.66,28,6,0
8729,2026-03-01 10:00:00,60,42,116.93,23,2,1
8730,2026-03-01 10:00:00,47,24,118.67,16,2,1
8731,2026-03-01 10:00:00,69,56,80.71,11,1,0
8732,2026-03-01 10:00:00,54,49,118.85,19,2,0
8733,2026-03-01 10:00:00,30,13,127.08,19,7,0
8734,2026-03-01 10:00:00,60,56,78.35,22,1,0
8735,2026-03-01 10:00:00,21,18,85.77,18,1,0
8736,2026-03-01 10:00:00,65,54,78.81,23,4,0
8737,2026-03-01 10:00:00,39,13,189.71,24,1,0
8738,2026-03-01 10:00:00,60,49,80.22,15,0,0
8739,2026-03-01 10:00:00,19,37,166.0,16,5,1
8740,2026-03-01 10:00:00,26,43,146.95,28,2,0
8741,2026-03-01 10:00:00,66,39,177.4,16,1,0
8742,2026-03-01 10:00:00,53,42,127.78,21,2,0
8743,2026-03-01 10:00:00,68,17,138.74,12,1,0
8744,2026-03-01 10:00:00,54,15,75.35,13,4,0
8745,2026-03-01 10:00:00,49,18,134.72,20,3,0
8746,2026-03-01 10:00:00,55,23,177.72,19,1,0
8747,2026-03-01 10:00:00,40,54,92.16,21,5,0
8748,2026-03-01 10:00:00,35,51,137.39,16,2,0
8749,2026-03-01 10:00:00,55,30,166.04,21,2,0
8750,2026-03-01 10:00:00,20,58,112.53,18,1,0
8751,2026-03-01 10:00:00,56,34,146.35,25,1,0
8752,2026-03-01 10:00:00,45,58,107.97,19,0,0
8753,2026-03-01 10:00:00,35,4,105.57,27,0,0
8754,2026-03-01 10:00:00,46,3,79.36,16,1,0
8755,2026-03-01 10:00:00,28,7,181.01,18,1,0
8756,2026-03-01 10:00:00,48,56,134.61,18,2,0
8757,2026-03-01 10:00:00,67,18,91.03,25,0,0
8758,2026-03-01 10:00:00,59,42,127.04,28,3,0
8759,2026-03-01 10:00:00,36,7,127.41,26,0,0
8760,2026-03-01 10:00:00,68,40,93.12,16,2,0
8761,2026-03-01 10:00:00,30,6,139.77,13,1,0
8762,2026-03-01 10:00:00,46,22,129.37,19,0,1
8763,2026-03-01 10:00:00,60,58,118.81,23,3,0
8764,2026-03-01 10:00:00,48,1,143.65,26,0,0
8765,2026-03-01 10:00:00,50,4,168.61,28,1,1
8766,2026-03-01 10:00:00,65,46,145.15,19,4,0
8767,2026-03-01 10:00:00,43,49,125.2,18,2,0
8768,2026-03-01 10:00:00,20,52,59.86,23,2,0
8769,2026-03-01 10:00:00,44,50,123.94,20,0,0
8770,2026-03-01 10:00:00,34,43,57.11,21,6,1
8771,2026-03-01 10:00:00,51,29,163.94,24,2,0
8772,2026-03-01 10:00:00,27,21,149.19,18,2,0
8773,2026-03-01 10:00:00,43,26,106.64,17,2,0
8774,2026-03-01 10:00:00,54,14,153.24,12,2,0
8775,2026-03-01 10:00:00,49,9,79.22,18,2,0
8776,2026-03-01 10:00:00,23,59,76.86,15,4,1
8777,2026-03-01 10:00:00,43,47,130.68,11,2,0
8778,2026-03-01 10:00:00,58,12,93.28,21,1,0
8779,2026-03-01 10:00:00,34,42,112.78,25,2,0
8780,2026-03-01 10:00:00,40,51,182.6,14,0,0
8781,2026-03-01 10:00:00,57,56,174.87,9,3,0
8782,2026-03-01 10:00:00,62,51,103.3,20,4,1
8783,2026-03-01 10:00:00,49,6,93.62,24,1,0
8784,2026-03-01 10:00:00,49,20,22.36,21,3,0
8785,2026-03-01 10:00:00,60,24,229.72,16,1,0
8786,2026-03-01 10:00:00,55,27,20.0,23,0,0
8787,2026-03-01 10:00:00,46,38,122.67,20,0,0
8788,2026-03-01 10:00:00,21,8,82.19,14,1,0
8789,2026-03-01 10:00:00,28,1,153.16,18,1,0
8790,2026-03-01 10:00:00,68,54,110.63,13,1,0
8791,2026-03-01 10:00:00,41,49,120.42,23,4,1
8792,2026-03-01 10:00:00,42,49,107.41,27,1,0
8793,2026-03-01 10:00:00,26,24,107.85,20,2,0
8794,2026-03-01 10:00:00,48,47,134.5,17,2,0
8795,2026-03-01 10:00:00,47,7,105.67,16,0,0
8796,2026-03-01 10:00:00,34,19,134.85,18,1,0
8797,2026-03-01 10:00:00,27,22,145.08,16,2,0
8798,2026-03-01 10:00:00,36,57,77.67,26,1,0
8799,2026-03-01 10:00:00,55,55,182.99,20,0,0
8800,2026-03-01 10:00:00,50,35,113.36,19,3,0
8801,2026-03-01 10:00:00,45,30,117.79,18,1,0
8802,2026-03-01 10:00:00,25,29,56.16,21,4,1
8803,2026-03-01 10:00:00,39,22,117.27,15,5,1
8804,2026-03-01 10:00:00,21,11,81.35,26,2,0
8805,2026-03-01 10:00:00,69,20,155.31,14,2,0
8806,2026-03-01 10:00:00,46,29,119.95,15,1,0
8807,2026-03-01 10:00:00,36,51,87.29,22,2,0
8808,2026-03-01 10:00:00,56,41,125.67,22,4,1
8809,2026-03-01 10:00:00,58,42,143.56,22,3,0
8810,2026-03-01 10:00:00,37,34,27.33,21,4,1
8811,2026-03-01 10:00:00,58,1,121.62,18,0,0
8812,2026-03-01 10:00:00,49,31,49.35,28,2,0
8813,2026-03-01 10:00:00,52,30,131.08,14,1,0
8814,2026-03-01 10:00:00,61,48,157.89,18,2,0
8815,2026-03-01 10:00:00,18,18,134.41,20,4,0
8816,2026-03-01 10:00:00,26,55,121.59,22,2,0
8817,2026-03-01 10:00:00,49,58,156.83,22,3,0
8818,2026-03-01 10:00:00,33,17,109.39,23,3,0
8819,2026-03-01 10:00:00,37,38,168.5,20,1,0
8820,2026-03-01 10:00:00,34,14,145.86,19,5,1
8821,2026-03-01 10:00:00,20,23,156.96,15,4,0
8822,2026-03-01 10:00:00,67,25,57.21,18,1,0
8823,2026-03-01 10:00:00,23,15,134.86,25,2,0
8824,2026-03-01 10:00:00,44,46,161.22,19,3,0
8825,2026-03-01 10:00:00,38,56,125.12,15,3,0
8826,2026-03-01 10:00:00,52,22,201.51,26,1,0
8827,2026-03-01 10:00:00,19,3,134.64,22,3,0
8828,2026-03-01 10:00:00,18,56,98.11,21,1,0
8829,2026-03-01 10:00:00,56,55,118.38,20,1,0
8830,2026-03-01 10:00:00,53,19,197.63,30,1,0
8831,2026-03-01 10:00:00,45,57,187.52,21,2,0
8832,2026-03-01 10:00:00,19,44,80.82,24,3,0
8833,2026-03-01 10:00:00,62,34,84.55,23,1,0
8834,2026-03-01 10:00:00,29,35,180.49,19,0,0
8835,2026-03-01 10:00:00,55,50,117.47,28,0,0
8836,2026-03-01 10:00:00,25,1,129.57,21,1,0
8837,2026-03-01 10:00:00,39,52,123.69,24,3,0
8838,2026-03-01 10:00:00,34,21,140.06,24,2,0
8839,2026-03-01 10:00:00,21,29,144.85,24,3,0
8840,2026-03-01 10:00:00,32,6,97.85,27,3,0
8841,2026-03-01 10:00:00,33,37,150.57,21,3,0
8842,2026-03-01 10:00:00,47,1,141.9,18,1,0
8843,2026-03-01 10:00:00,49,51,228.68,20,1,0
8844,2026-03-01 10:00:00,40,1,155.36,21,3,0
8845,2026-03-01 10:00:00,33,27,176.42,19,2,0
8846,2026-03-01 10:00:00,47,21,112.55,26,4,1
8847,2026-03-01 10:00:00,30,53,170.37,22,1,0
8848,2026-03-01 10:00:00,51,16,180.55,21,0,0
8849,2026-03-01 10:00:00,65,44,129.11,15,2,0
8850,2026-03-01 10:00:00,62,59,155.24,20,4,0
8851,2026-03-01 10:00:00,42,54,115.94,19,0,0
8852,2026-03-01 10:00:00,37,40,48.91,13,0,0
8853,2026-03-01 10:00:00,23,26,152.65,19,4,1
8854,2026-03-01 10:00:00,42,16,141.12,22,0,0
8855,2026-03-01 10:00:00,55,28,174.75,20,2,0
8856,2026-03-01 10:00:00,48,1,125.48,28,0,1
8857,2026-03-01 10:00:00,49,36,132.13,19,0,0
8858,2026-03-01 10:00:00,24,10,126.55,17,0,0
8859,2026-03-01 10:00:00,34,43,24.17,17,1,1
8860,2026-03-01 10:00:00,52,17,120.17,19,2,0
8861,2026-03-01 10:00:00,53,57,155.13,21,4,0
8862,2026-03-01 10:00:00,60,59,124.45,21,3,0
8863,2026-03-01 10:00:00,56,23,132.24,18,1,0
8864,2026-03-01 10:00:00,49,7,162.99,26,2,0
8865,2026-03-01 10:00:00,56,44,126.07,22,2,0
8866,2026-03-01 10:00:00,29,53,131.68,16,3,0
8867,2026-03-01 10:00:00,57,7,66.59,24,0,0
8868,2026-03-01 10:00:00,40,44,94.74,18,1,0
8869,2026-03-01 10:00:00,57,15,172.33,14,1,0
8870,2026-03-01 10:00:00,33,34,146.2,23,1,0
8871,2026-03-01 10:00:00,53,46,163.43,17,0,0
8872,2026-03-01 10:00:00,64,45,182.76,18,1,0
8873,2026-03-01 10:00:00,48,4,127.68,27,5,1
8874,2026-03-01 10:00:00,52,14,87.82,23,0,0
8875,2026-03-01 10:00:00,68,14,98.62,25,3,0
8876,2026-03-01 10:00:00,34,16,105.87,23,1,0
8877,2026-03-01 10:00:00,63,7,126.27,23,1,0
8878,2026-03-01 10:00:00,22,32,88.04,27,2,0
8879,2026-03-01 10:00:00,68,19,86.16,17,1,0
8880,2026-03-01 10:00:00,60,2,185.95,24,1,1
8881,2026-03-01 10:00:00,52,10,151.69,16,2,0
8882,2026-03-01 10:00:00,21,50,183.17,17,0,0
8883,2026-03-01 10:00:00,21,17,85.28,20,3,0
8884,2026-03-01 10:00:00,43,37,151.6,22,2,0
8885,2026-03-01 10:00:00,34,12,191.46,29,2,0
8886,2026-03-01 10:00:00,41,6,113.03,22,0,0
8887,2026-03-01 10:00:00,50,22,98.17,17,1,0
8888,2026-03-01 10:00:00,20,32,144.81,18,1,0
8889,2026-03-01 10:00:00,66,41,147.5,20,2,0
8890,2026-03-01 10:00:00,29,20,123.69,15,1,0
8891,2026-03-01 10:00:00,60,1,139.02,19,2,1
8892,2026-03-01 10:00:00,33,54,199.45,14,1,0
8893,2026-03-01 10:00:00,37,47,142.35,13,3,0
8894,2026-03-01 10:00:00,33,53,191.47,22,1,0
8895,2026-03-01 10:00:00,51,58,91.36,24,3,0
8896,2026-03-01 10:00:00,22,6,55.39,11,2,0
8897,2026-03-01 10:00:00,25,19,132.65,17,3,0
8898,2026-03-01 10:00:00,35,18,167.4,17,4,0
8899,2026-03-01 10:00:00,39,6,81.61,15,3,0
8900,2026-03-01 10:00:00,48,45,112.78,21,2,0
8901,2026-03-01 10:00:00,44,33,185.74,20,2,0
8902,2026-03-01 10:00:00,64,23,174.13,17,3,0
8903,2026-03-01 10:00:00,32,23,112.98,14,0,0
8904,2026-03-01 10:00:00,58,26,141.18,13,2,0
8905,2026-03-01 10:00:00,50,13,160.95,13,1,0
8906,2026-03-01 10:00:00,57,7,141.13,13,2,0
8907,2026-03-01 10:00:00,69,15,187.68,25,4,1
8908,2026-03-01 10:00:00,36,44,99.92,17,2,1
8909,2026-03-01 10:00:00,22,27,143.34,19,2,0
8910,2026-03-01 10:00:00,31,26,157.58,23,0,0
8911,2026-03-01 10:00:00,47,33,71.93,23,6,0
8912,2026-03-01 10:00:00,55,15,84.29,22,1,0
8913,2026-03-01 10:00:00,21,36,126.69,21,0,0
8914,2026-03-01 10:00:00,37,45,170.78,17,1,0
8915,2026-03-01 10:00:00,49,55,143.37,17,3,0
8916,2026-03-01 10:00:00,61,27,104.37,15,3,0
8917,2026-03-01 10:00:00,36,57,118.89,16,2,0
8918,2026-03-01 10:00:00,59,5,174.03,28,2,0
8919,2026-03-01 10:00:00,25,2,144.26,17,3,1
8920,2026-03-01 10:00:00,41,55,137.22,18,2,1
8921,2026-03-01 10:00:00,32,58,124.22,18,1,0
8922,2026-03-01 10:00:00,41,33,118.12,20,0,0
8923,2026-03-01 10:00:00,49,16,107.54,21,4,0
8924,2026-03-01 10:00:00,66,23,167.25,24,2,0
8925,2026-03-01 10:00:00,55,38,105.7,25,0,0
8926,2026-03-01 10:00:00,61,55,175.79,20,1,0
8927,2026-03-01 10:00:00,50,16,84.59,24,4,0
8928,2026-03-01 10:00:00,65,14,102.97,23,1,0
8929,2026-03-01 10:00:00,25,29,244.48,24,3,0
8930,2026-03-01 10:00:00,39,26,168.91,16,0,0
8931,2026-03-01 10:00:00,63,35,75.97,15,2,0
8932,2026-03-01 10:00:00,25,15,160.5,21,2,1
8933,2026-03-01 10:00:00,64,3,166.34,16,3,0
8934,2026-03-01 10:00:00,61,23,152.39,14,1,0
8935,2026-03-01 10:00:00,43,29,116.04,18,2,0
8936,2026-03-01 10:00:00,33,34,93.03,15,1,0
8937,2026-03-01 10:00:00,18,33,168.45,22,0,0
8938,2026-03-01 10:00:00,55,41,120.99,20,1,0
8939,2026-03-01 10:00:00,22,41,73.02,13,1,0
8940,2026-03-01 10:00:00,18,23,104.95,22,4,1
8941,2026-03-01 10:00:00,44,7,63.45,18,1,0
8942,2026-03-01 10:00:00,27,3,86.93,18,3,0
8943,2026-03-01 10:00:00,51,58,159.68,16,3,0
8944,2026-03-01 10:00:00,18,32,120.93,16,2,0
8945,2026-03-01 10:00:00,39,31,172.91,20,3,0
8946,2026-03-01 10:00:00,38,18,87.95,18,1,0
8947,2026-03-01 10:00:00,51,43,70.57,19,3,0
8948,2026-03-01 10:00:00,34,7,144.77,13,4,0
8949,2026-03-01 10:00:00,28,41,78.75,18,2,0
8950,2026-03-01 10:00:00,42,1,94.32,20,3,0
8951,2026-03-01 10:00:00,18,14,99.28,18,3,0
8952,2026-03-01 10:00:00,40,52,134.4,21,1,0
8953,2026-03-01 10:00:00,20,32,71.31,24,2,0
8954,2026-03-01 10:00:00,42,6,131.63,17,1,0
8955,2026-03-01 10:00:00,34,39,173.42,17,1,0
8956,2026-03-01 10:00:00,46,10,109.78,24,2,0
8957,2026-03-01 10:00:00,19,7,101.73,14,1,0
8958,2026-03-01 10:00:00,54,26,143.43,16,0,0
8959,2026-03-01 10:00:00,62,34,124.77,18,0,0
8960,2026-03-01 10:00:00,60,30,125.45,23,1,0
8961,2026-03-01 10:00:00,23,36,160.59,16,3,0
8962,2026-03-01 10:00:00,32,21,138.91,18,0,0
8963,2026-03-01 10:00:00,44,17,111.35,19,3,0
8964,2026-03-01 10:00:00,50,33,99.62,14,1,0
8965,2026-03-01 10:00:00,25,10,157.89,19,1,0
8966,2026-03-01 10:00:00,64,51,91.56,23,0,0
8967,2026-03-01 10:00:00,19,47,138.11,25,2,0
8968,2026-03-01 10:00:00,32,42,131.66,27,3,0
8969,2026-03-01 10:00:00,51,51,110.93,29,3,0
8970,2026-03-01 10:00:00,36,12,46.68,22,2,0
8971,2026-03-01 10:00:00,18,56,174.33,23,4,0
8972,2026-03-01 10:00:00,31,16,36.54,27,4,0
8973,2026-03-01 10:00:00,52,41,27.04,28,2,0
8974,2026-03-01 10:00:00,41,32,147.23,29,2,0
8975,2026-03-01 10:00:00,65,15,150.65,16,2,0
8976,2026-03-01 10:00:00,46,27,86.74,15,3,0
8977,2026-03-01 10:00:00,56,28,180.12,17,0,0
8978,2026-03-01 10:00:00,65,17,76.82,20,3,0
8979,2026-03-01 10:00:00,54,46,157.07,28,2,0
8980,2026-03-01 10:00:00,57,59,157.79,25,2,0
8981,2026-03-01 10:00:00,65,50,141.57,36,0,0
8982,2026-03-01 10:00:00,31,58,177.53,23,3,0
8983,2026-03-01 10:00:00,58,2,89.11,15,2,0
8984,2026-03-01 10:00:00,37,36,101.24,17,1,1
8985,2026-03-01 10:00:00,63,50,101.48,21,1,0
8986,2026-03-01 10:00:00,29,7,171.59,9,4,1
8987,2026-03-01 10:00:00,65,13,124.55,26,0,0
8988,2026-03-01 10:00:00,51,15,94.86,21,2,0
8989,2026-03-01 10:00:00,47,25,65.39,22,2,0
8990,2026-03-01 10:00:00,51,23,50.65,24,0,0
8991,2026-03-01 10:00:00,40,22,172.62,29,5,0
8992,2026-03-01 10:00:00,34,26,142.05,20,1,0
8993,2026-03-01 10:00:00,39,33,183.23,20,0,0
8994,2026-03-01 10:00:00,26,11,132.23,16,1,0
8995,2026-03-01 10:00:00,36,10,116.5,13,0,0
8996,2026-03-01 10:00:00,38,25,138.29,18,2,0
8997,2026-03-01 10:00:00,66,37,196.6,13,2,0
8998,2026-03-01 10:00:00,60,48,95.49,19,0,0
8999,2026-03-01 10:00:00,40,43,130.09,16,2,0
9000,2026-03-01 10:00:00,65,53,74.89,22,1,0
9001,2026-03-01 10:00:00,19,38,45.12,11,1,0
9002,2026-03-01 10:00:00,49,41,137.01,21,1,0
9003,2026-03-01 10:00:00,36,45,139.55,22,1,0
9004,2026-03-01 10:00:00,23,24,123.15,12,1,0
9005,2026-03-01 10:00:00,61,40,105.44,21,3,0
9006,2026-03-01 10:00:00,40,46,157.5,21,3,0
9007,2026-03-01 10:00:00,24,56,114.35,24,3,0
9008,2026-03-01 10:00:00,69,33,137.57,26,2,0
9009,2026-03-01 10:00:00,29,17,191.2,25,3,0
9010,2026-03-01 10:00:00,49,24,148.11,15,0,0
9011,2026-03-01 10:00:00,67,37,163.38,13,6,1
9012,2026-03-01 10:00:00,48,57,133.7,21,0,0
9013,2026-03-01 10:00:00,55,2,40.25,25,3,0
9014,2026-03-01 10:00:00,57,32,161.52,13,2,0
9015,2026-03-01 10:00:00,49,57,149.21,23,1,0
9016,2026-03-01 10:00:00,28,24,123.06,23,1,0
9017,2026-03-01 10:00:00,64,9,79.24,17,4,0
9018,2026-03-01 10:00:00,61,4,159.0,27,2,0
9019,2026-03-01 10:00:00,45,17,122.23,18,4,1
9020,2026-03-01 10:00:00,19,17,109.75,18,0,0
9021,2026-03-01 10:00:00,46,53,120.48,18,2,0
9022,2026-03-01 10:00:00,49,50,72.72,26,1,0
9023,2026-03-01 10:00:00,24,48,136.23,16,3,1
9024,2026-03-01 10:00:00,46,30,109.62,13,1,0
9025,2026-03-01 10:00:00,22,40,129.68,19,2,0
9026,2026-03-01 10:00:00,46,58,84.2,23,1,0
9027,2026-03-01 10:00:00,54,11,191.03,28,1,0
9028,2026-03-01 10:00:00,19,21,126.06,17,4,1
9029,2026-03-01 10:00:00,66,21,104.89,22,1,0
9030,2026-03-01 10:00:00,56,18,61.81,21,6,0
9031,2026-03-01 10:00:00,46,55,128.98,15,2,0
9032,2026-03-01 10:00:00,59,29,116.46,31,2,0
9033,2026-03-01 10:00:00,38,24,195.32,22,1,0
9034,2026-03-01 10:00:00,57,10,103.98,22,2,1
9035,2026-03-01 10:00:00,29,45,138.35,22,3,0
9036,2026-03-01 10:00:00,43,17,100.48,21,2,0
9037,2026-03-01 10:00:00,49,18,100.96,15,2,0
9038,2026-03-01 10:00:00,37,42,175.28,15,2,0
9039,2026-03-01 10:00:00,22,48,114.5,13,2,0
9040,2026-03-01 10:00:00,21,20,97.33,16,3,0
9041,2026-03-01 10:00:00,58,37,115.3,26,2,0
9042,2026-03-01 10:00:00,27,45,70.66,21,2,0
9043,2026-03-01 10:00:00,29,18,96.15,17,5,0
9044,2026-03-01 10:00:00,68,17,170.15,19,3,0
9045,2026-03-01 10:00:00,50,9,109.04,17,0,0
9046,2026-03-01 10:00:00,63,14,178.13,15,3,0
9047,2026-03-01 10:00:00,22,49,132.75,19,2,0
9048,2026-03-01 10:00:00,28,29,184.21,22,4,0
9049,2026-03-01 10:00:00,54,31,123.61,17,2,0
9050,2026-03-01 10:00:00,47,4,187.41,25,4,0
9051,2026-03-01 10:00:00,44,18,101.23,18,4,0
9052,2026-03-01 10:00:00,66,59,199.72,14,2,0
9053,2026-03-01 10:00:00,47,20,150.75,14,1,0
9054,2026-03-01 10:00:00,60,56,88.39,28,0,0
9055,2026-03-01 10:00:00,63,56,21.1,19,1,0
9056,2026-03-01 10:00:00,30,47,119.0,24,1,0
9057,2026-03-01 10:00:00,42,43,95.67,23,3,0
9058,2026-03-01 10:00:00,32,44,183.87,27,2,0
9059,2026-03-01 10:00:00,64,9,148.82,20,1,0
9060,2026-03-01 10:00:00,19,13,107.81,20,1,0
9061,2026-03-01 10:00:00,59,15,117.9,17,2,0
9062,2026-03-01 10:00:00,28,27,129.3,19,0,0
9063,2026-03-01 10:00:00,18,15,177.39,14,0,0
9064,2026-03-01 10:00:00,39,28,134.12,27,1,0
9065,2026-03-01 10:00:00,18,37,122.68,23,4,0
9066,2026-03-01 10:00:00,61,55,118.55,19,0,0
9067,2026-03-01 10:00:00,52,19,161.81,21,1,0
9068,2026-03-01 10:00:00,63,26,115.74,21,4,0
9069,2026-03-01 10:00:00,27,52,155.42,17,1,0
9070,2026-03-01 10:00:00,49,26,115.87,24,3,0
9071,2026-03-01 10:00:00,30,25,104.38,20,1,0
9072,2026-03-01 10:00:00,23,26,156.05,22,2,0
9073,2026-03-01 10:00:00,51,26,97.09,12,1,1
9074,2026-03-01 10:00:00,26,46,118.37,20,1,0
9075,2026-03-01 10:00:00,37,28,167.72,21,2,0
9076,2026-03-01 10:00:00,26,49,138.87,16,1,0
9077,2026-03-01 10:00:00,48,18,181.42,13,1,0
9078,2026-03-01 10:00:00,37,32,97.3,23,3,0
9079,2026-03-01 10:00:00,60,53,143.8,20,2,0
9080,2026-03-01 10:00:00,21,3,197.18,20,1,0
9081,2026-03-01 10:00:00,55,2,130.93,22,4,1
9082,2026-03-01 10:00:00,56,33,144.67,21,1,0
9083,2026-03-01 10:00:00,46,42,176.28,24,2,0
9084,2026-03-01 10:00:00,55,19,170.41,26,2,1
9085,2026-03-01 10:00:00,34,17,182.05,25,2,0
9086,2026-03-01 10:00:00,57,44,92.25,26,3,0
9087,2026-03-01 10:00:00,34,33,132.69,23,2,0
9088,2026-03-01 10:00:00,56,12,146.1,22,2,1
9089,2026-03-01 10:00:00,51,49,115.11,15,2,0
9090,2026-03-01 10:00:00,56,56,80.42,17,1,0
9091,2026-03-01 10:00:00,52,3,103.69,23,2,0
9092,2026-03-01 10:00:00,61,43,20.0,20,0,0
9093,2026-03-01 10:00:00,60,49,139.71,20,3,0
9094,2026-03-01 10:00:00,53,55,49.51,13,1,0
9095,2026-03-01 10:00:00,39,26,96.9,18,1,0
9096,2026-03-01 10:00:00,38,35,162.69,21,2,0
9097,2026-03-01 10:00:00,35,8,111.77,24,1,0
9098,2026-03-01 10:00:00,64,52,135.47,15,3,0
9099,2026-03-01 10:00:00,31,36,206.62,22,3,0
9100,2026-03-01 10:00:00,65,53,120.8,16,5,0
9101,2026-03-01 10:00:00,45,54,141.23,22,2,0
9102,2026-03-01 10:00:00,35,7,160.46,19,2,0
9103,2026-03-01 10:00:00,50,46,98.85,20,0,0
9104,2026-03-01 10:00:00,45,46,71.54,20,2,0
9105,2026-03-01 10:00:00,36,36,158.04,16,1,0
9106,2026-03-01 10:00:00,51,16,148.29,18,3,0
9107,2026-03-01 10:00:00,32,24,103.22,9,3,0
9108,2026-03-01 10:00:00,32,54,85.8,26,4,0
9109,2026-03-01 10:00:00,37,1,160.17,18,3,0
9110,2026-03-01 10:00:00,54,49,134.6,20,0,0
9111,2026-03-01 10:00:00,45,25,107.9,15,2,0
9112,2026-03-01 10:00:00,53,10,163.78,15,0,0
9113,2026-03-01 10:00:00,66,54,102.97,22,1,0
9114,2026-03-01 10:00:00,67,16,39.41,23,2,0
9115,2026-03-01 10:00:00,30,16,101.34,24,2,0
9116,2026-03-01 10:00:00,68,58,96.45,19,1,0
9117,2026-03-01 10:00:00,24,8,104.68,19,7,1
9118,2026-03-01 10:00:00,38,29,101.89,23,3,0
9119,2026-03-01 10:00:00,35,39,31.42,17,1,0
9120,2026-03-01 10:00:00,27,28,155.09,18,5,0
9121,2026-03-01 10:00:00,56,6,92.03,18,1,0
9122,2026-03-01 10:00:00,20,16,42.24,19,1,0
9123,2026-03-01 10:00:00,40,20,144.39,19,3,0
9124,2026-03-01 10:00:00,23,16,20.0,14,1,0
9125,2026-03-01 10:00:00,55,7,97.53,27,2,0
9126,2026-03-01 10:00:00,44,41,183.29,20,2,0
9127,2026-03-01 10:00:00,47,14,52.06,27,1,0
9128,2026-03-01 10:00:00,64,43,170.26,21,2,0
9129,2026-03-01 10:00:00,47,26,105.74,23,2,0
9130,2026-03-01 10:00:00,32,26,128.68,13,3,0
9131,2026-03-01 10:00:00,19,14,157.13,25,3,0
9132,2026-03-01 10:00:00,20,7,77.25,26,1,0
9133,2026-03-01 10:00:00,27,33,76.08,17,1,0
9134,2026-03-01 10:00:00,47,26,75.96,22,3,0
9135,2026-03-01 10:00:00,37,57,90.75,24,1,0
9136,2026-03-01 10:00:00,27,45,109.52,24,1,0
9137,2026-03-01 10:00:00,33,20,49.91,20,2,0
9138,2026-03-01 10:00:00,53,3,129.45,13,0,0
9139,2026-03-01 10:00:00,55,52,150.38,15,1,0
9140,2026-03-01 10:00:00,21,4,82.47,26,1,0
9141,2026-03-01 10:00:00,41,26,77.95,15,2,0
9142,2026-03-01 10:00:00,41,11,102.68,20,3,0
9143,2026-03-01 10:00:00,66,2,132.08,24,1,0
9144,2026-03-01 10:00:00,23,14,110.41,14,1,0
9145,2026-03-01 10:00:00,26,44,196.23,15,4,0
9146,2026-03-01 10:00:00,19,30,150.91,21,1,0
9147,2026-03-01 10:00:00,59,49,126.23,22,2,0
9148,2026-03-01 10:00:00,29,12,87.21,12,1,0
9149,2026-03-01 10:00:00,36,26,112.0,21,5,0
9150,2026-03-01 10:00:00,33,44,113.37,21,0,0
9151,2026-03-01 10:00:00,49,33,221.5,18,5,1
9152,2026-03-01 10:00:00,27,13,104.28,15,2,0
9153,2026-03-01 10:00:00,65,14,176.48,30,1,0
9154,2026-03-01 10:00:00,20,24,79.11,23,1,0
9155,2026-03-01 10:00:00,38,34,136.24,17,2,0
9156,2026-03-01 10:00:00,61,44,165.32,25,5,1
9157,2026-03-01 10:00:00,54,26,140.43,18,0,0
9158,2026-03-01 10:00:00,49,21,136.59,18,2,0
9159,2026-03-01 10:00:00,28,28,121.07,17,2,0
9160,2026-03-01 10:00:00,60,48,126.39,19,2,0
9161,2026-03-01 10:00:00,66,36,111.68,18,2,0
9162,2026-03-01 10:00:00,28,40,82.76,22,3,0
9163,2026-03-01 10:00:00,61,2,142.81,21,2,0
9164,2026-03-01 10:00:00,59,42,135.07,16,4,0
9165,2026-03-01 10:00:00,21,9,138.53,15,3,0
9166,2026-03-01 10:00:00,30,23,67.45,22,4,0
9167,2026-03-01 10:00:00,28,15,101.16,15,1,0
9168,2026-03-01 10:00:00,51,13,115.15,20,1,0
9169,2026-03-01 10:00:00,18,23,132.12,37,1,0
9170,2026-03-01 10:00:00,52,17,58.12,25,0,0
9171,2026-03-01 10:00:00,23,48,42.74,14,0,0
9172,2026-03-01 10:00:00,35,2,159.07,12,3,0
9173,2026-03-01 10:00:00,26,20,105.1,20,3,0
9174,2026-03-01 10:00:00,40,20,170.66,15,2,0
9175,2026-03-01 10:00:00,42,59,129.31,15,2,0
9176,2026-03-01 10:00:00,55,46,147.17,16,2,1
9177,2026-03-01 10:00:00,59,3,121.1,17,3,0
9178,2026-03-01 10:00:00,68,55,134.77,20,3,0
9179,2026-03-01 10:00:00,39,12,162.25,22,3,0
9180,2026-03-01 10:00:00,34,40,80.31,20,3,0
9181,2026-03-01 10:00:00,66,2,67.34,25,2,1
9182,2026-03-01 10:00:00,26,36,120.45,12,2,0
9183,2026-03-01 10:00:00,67,14,61.64,18,3,0
9184,2026-03-01 10:00:00,66,16,53.29,22,1,0
9185,2026-03-01 10:00:00,55,19,87.15,22,1,0
9186,2026-03-01 10:00:00,58,34,157.92,13,2,0
9187,2026-03-01 10:00:00,30,44,136.93,22,3,0
9188,2026-03-01 10:00:00,35,46,213.26,24,3,0
9189,2026-03-01 10:00:00,68,6,148.33,15,3,0
9190,2026-03-01 10:00:00,27,13,178.32,20,3,0
9191,2026-03-01 10:00:00,32,36,113.01,19,3,0
9192,2026-03-01 10:00:00,66,22,113.98,8,3,1
9193,2026-03-01 10:00:00,54,18,190.19,21,3,0
9194,2026-03-01 10:00:00,35,12,106.71,17,2,0
9195,2026-03-01 10:00:00,22,52,132.8,14,2,0
9196,2026-03-01 10:00:00,53,59,185.18,15,4,0
9197,2026-03-01 10:00:00,22,54,133.49,19,4,0
9198,2026-03-01 10:00:00,54,30,172.55,16,1,0
9199,2026-03-01 10:00:00,62,53,42.22,23,3,0
9200,2026-03-01 10:00:00,25,51,79.71,17,1,0
9201,2026-03-01 10:00:00,37,40,154.28,18,3,1
9202,2026-03-01 10:00:00,66,7,97.46,17,0,0
9203,2026-03-01 10:00:00,51,32,129.99,17,0,0
9204,2026-03-01 10:00:00,68,48,112.97,22,3,0
9205,2026-03-01 10:00:00,43,19,92.97,16,0,0
9206,2026-03-01 10:00:00,57,6,49.54,21,0,1
9207,2026-03-01 10:00:00,64,20,137.15,17,2,0
9208,2026-03-01 10:00:00,59,27,93.4,26,2,0
9209,2026-03-01 10:00:00,32,53,165.3,19,2,0
9210,2026-03-01 10:00:00,42,43,161.96,21,1,0
9211,2026-03-01 10:00:00,64,37,104.73,16,2,0
9212,2026-03-01 10:00:00,48,48,138.05,21,3,0
9213,2026-03-01 10:00:00,68,7,107.43,15,1,0
9214,2026-03-01 10:00:00,26,59,97.58,18,1,0
9215,2026-03-01 10:00:00,68,5,122.23,15,3,0
9216,2026-03-01 10:00:00,54,11,141.7,22,0,0
9217,2026-03-01 10:00:00,52,15,154.88,23,3,0
9218,2026-03-01 10:00:00,43,3,87.97,29,2,0
9219,2026-03-01 10:00:00,69,58,75.72,25,4,0
9220,2026-03-01 10:00:00,21,5,105.9,17,0,0
9221,2026-03-01 10:00:00,43,23,86.88,23,2,0
9222,2026-03-01 10:00:00,28,53,79.61,30,3,0
9223,2026-03-01 10:00:00,56,37,111.43,15,3,0
9224,2026-03-01 10:00:00,22,9,85.16,26,4,0
9225,2026-03-01 10:00:00,37,15,119.52,25,3,0
9226,2026-03-01 10:00:00,68,3,136.87,24,1,0
9227,2026-03-01 10:00:00,40,29,102.37,22,0,0
9228,2026-03-01 10:00:00,54,6,131.74,20,5,1
9229,2026-03-01 10:00:00,68,17,129.23,28,3,0
9230,2026-03-01 10:00:00,20,26,162.83,31,0,0
9231,2026-03-01 10:00:00,61,21,119.86,20,2,0
9232,2026-03-01 10:00:00,68,8,76.15,18,1,0
9233,2026-03-01 10:00:00,30,21,86.34,18,1,0
9234,2026-03-01 10:00:00,53,57,188.98,18,0,0
9235,2026-03-01 10:00:00,50,11,72.22,19,3,0
9236,2026-03-01 10:00:00,38,38,77.38,20,3,0
9237,2026-03-01 10:00:00,37,8,22.16,19,2,0
9238,2026-03-01 10:00:00,35,42,175.04,17,3,0
9239,2026-03-01 10:00:00,45,24,121.45,15,2,0
9240,2026-03-01 10:00:00,44,35,66.65,22,2,0
9241,2026-03-01 10:00:00,41,55,20.0,18,0,0
9242,2026-03-01 10:00:00,50,14,109.57,15,2,0
9243,2026-03-01 10:00:00,23,55,108.69,23,3,0
9244,2026-03-01 10:00:00,53,14,185.42,15,1,0
9245,2026-03-01 10:00:00,53,10,120.19,25,1,0
9246,2026-03-01 10:00:00,65,12,83.5,15,4,0
9247,2026-03-01 10:00:00,27,38,131.79,19,2,0
9248,2026-03-01 10:00:00,44,44,86.04,20,1,0
9249,2026-03-01 10:00:00,32,55,71.22,14,2,0
9250,2026-03-01 10:00:00,52,46,93.72,14,1,0
9251,2026-03-01 10:00:00,49,34,54.61,13,0,0
9252,2026-03-01 10:00:00,46,41,180.74,31,0,0
9253,2026-03-01 10:00:00,55,10,140.19,17,1,0
9254,2026-03-01 10:00:00,20,58,117.08,20,0,0
9255,2026-03-01 10:00:00,33,17,123.43,18,1,0
9256,2026-03-01 10:00:00,53,17,106.05,23,1,0
9257,2026-03-01 10:00:00,56,3,137.16,23,0,0
9258,2026-03-01 10:00:00,29,31,161.44,20,2,0
9259,2026-03-01 10:00:00,68,51,122.87,18,1,1
9260,2026-03-01 10:00:00,48,1,172.58,25,2,0
9261,2026-03-01 10:00:00,53,12,126.01,23,0,0
9262,2026-03-01 10:00:00,51,39,112.4,13,3,0
9263,2026-03-01 10:00:00,44,4,176.44,27,4,1
9264,2026-03-01 10:00:00,22,42,79.9,25,2,0
9265,2026-03-01 10:00:00,52,13,106.33,25,1,0
9266,2026-03-01 10:00:00,28,34,95.83,17,1,0
9267,2026-03-01 10:00:00,36,42,137.45,23,3,0
9268,2026-03-01 10:00:00,31,21,116.82,14,4,0
9269,2026-03-01 10:00:00,65,22,176.27,17,2,0
9270,2026-03-01 10:00:00,51,57,160.08,17,1,1
9271,2026-03-01 10:00:00,55,4,118.41,13,2,0
9272,2026-03-01 10:00:00,31,18,181.32,18,1,0
9273,2026-03-01 10:00:00,31,5,101.01,23,1,0
9274,2026-03-01 10:00:00,38,19,86.13,25,1,0
9275,2026-03-01 10:00:00,31,2,136.57,21,1,0
9276,2026-03-01 10:00:00,21,12,109.42,18,1,0
9277,2026-03-01 10:00:00,36,17,135.63,24,1,0
9278,2026-03-01 10:00:00,53,10,187.87,16,3,0
9279,2026-03-01 10:00:00,67,34,94.92,21,2,0
9280,2026-03-01 10:00:00,35,6,101.31,20,1,0
9281,2026-03-01 10:00:00,40,8,79.75,20,3,0
9282,2026-03-01 10:00:00,36,51,129.9,30,1,0
9283,2026-03-01 10:00:00,45,11,209.41,18,6,0
9284,2026-03-01 10:00:00,29,57,68.05,27,1,0
9285,2026-03-01 10:00:00,18,12,144.43,19,1,0
9286,2026-03-01 10:00:00,36,9,111.76,20,1,0
9287,2026-03-01 10:00:00,47,2,113.57,29,3,1
9288,2026-03-01 10:00:00,52,8,86.2,21,1,0
9289,2026-03-01 10:00:00,54,58,166.79,17,0,0
9290,2026-03-01 10:00:00,24,11,193.8,24,2,0
9291,2026-03-01 10:00:00,24,53,126.28,15,1,0
9292,2026-03-01 10:00:00,61,36,152.24,18,1,0
9293,2026-03-01 10:00:00,22,10,109.49,26,2,0
9294,2026-03-01 10:00:00,24,21,110.71,25,5,1
9295,2026-03-01 10:00:00,50,20,102.7,20,7,1
9296,2026-03-01 10:00:00,64,48,177.97,29,2,0
9297,2026-03-01 10:00:00,62,8,151.4,21,0,0
9298,2026-03-01 10:00:00,51,36,72.87,25,1,0
9299,2026-03-01 10:00:00,38,29,127.94,21,4,1
9300,2026-03-01 10:00:00,25,42,125.33,29,5,1
9301,2026-03-01 10:00:00,40,12,85.34,16,1,0
9302,2026-03-01 10:00:00,51,14,137.73,14,1,0
9303,2026-03-01 10:00:00,40,48,111.9,17,4,1
9304,2026-03-01 10:00:00,53,54,110.45,22,3,1
9305,2026-03-01 10:00:00,28,50,146.46,35,2,0
9306,2026-03-01 10:00:00,27,21,106.22,18,1,0
9307,2026-03-01 10:00:00,55,22,96.65,22,4,1
9308,2026-03-01 10:00:00,69,21,162.79,19,1,0
9309,2026-03-01 10:00:00,54,44,179.22,19,3,0
9310,2026-03-01 10:00:00,54,50,159.48,13,1,0
9311,2026-03-01 10:00:00,19,30,139.74,15,2,0
9312,2026-03-01 10:00:00,20,39,113.78,19,3,0
9313,2026-03-01 10:00:00,28,20,179.56,22,2,0
9314,2026-03-01 10:00:00,61,24,126.76,32,2,0
9315,2026-03-01 10:00:00,43,23,89.63,22,2,0
9316,2026-03-01 10:00:00,41,7,81.85,25,2,0
9317,2026-03-01 10:00:00,68,9,132.41,18,5,0
9318,2026-03-01 10:00:00,61,1,148.3,21,1,0
9319,2026-03-01 10:00:00,54,26,101.52,13,0,1
9320,2026-03-01 10:00:00,31,38,141.66,21,0,0
9321,2026-03-01 10:00:00,44,38,87.94,13,0,0
9322,2026-03-01 10:00:00,24,54,79.97,16,1,0
9323,2026-03-01 10:00:00,19,44,99.77,23,0,0
9324,2026-03-01 10:00:00,32,22,143.29,14,0,0
9325,2026-03-01 10:00:00,47,44,71.38,15,0,0
9326,2026-03-01 10:00:00,23,10,166.97,15,3,0
9327,2026-03-01 10:00:00,44,55,69.73,23,1,0
9328,2026-03-01 10:00:00,39,58,197.55,12,4,0
9329,2026-03-01 10:00:00,22,6,152.91,24,4,0
9330,2026-03-01 10:00:00,46,17,71.18,20,2,0
9331,2026-03-01 10:00:00,68,51,162.33,15,1,0
9332,2026-03-01 10:00:00,51,50,151.99,22,2,0
9333,2026-03-01 10:00:00,34,38,97.56,13,1,1
9334,2026-03-01 10:00:00,25,24,151.38,19,0,0
9335,2026-03-01 10:00:00,32,51,183.59,17,1,1
9336,2026-03-01 10:00:00,33,10,73.14,17,1,0
9337,2026-03-01 10:00:00,43,56,134.95,25,1,0
9338,2026-03-01 10:00:00,35,8,65.46,27,3,0
9339,2026-03-01 10:00:00,53,21,185.39,23,5,1
9340,2026-03-01 10:00:00,24,56,38.75,17,1,0
9341,2026-03-01 10:00:00,46,6,73.92,18,1,0
9342,2026-03-01 10:00:00,20,21,93.91,23,2,0
9343,2026-03-01 10:00:00,25,57,184.4,16,0,0
9344,2026-03-01 10:00:00,38,39,144.57,24,2,0
9345,2026-03-01 10:00:00,24,24,96.42,22,1,0
9346,2026-03-01 10:00:00,45,33,137.65,19,1,0
9347,2026-03-01 10:00:00,49,59,128.3,24,1,0
9348,2026-03-01 10:00:00,65,18,131.09,25,1,0
9349,2026-03-01 10:00:00,51,56,82.15,16,2,0
9350,2026-03-01 10:00:00,50,28,75.45,23,3,0
9351,2026-03-01 10:00:00,46,57,189.89,19,3,0
9352,2026-03-01 10:00:00,59,52,181.67,21,2,0
9353,2026-03-01 10:00:00,36,32,78.98,18,1,1
9354,2026-03-01 10:00:00,40,12,120.76,18,1,0
9355,2026-03-01 10:00:00,37,48,178.69,15,2,1
9356,2026-03-01 10:00:00,41,42,178.74,18,3,0
9357,2026-03-01 10:00:00,20,27,148.98,22,2,0
9358,2026-03-01 10:00:00,31,10,206.95,19,3,0
9359,2026-03-01 10:00:00,43,46,156.57,16,1,0
9360,2026-03-01 10:00:00,18,57,220.66,17,1,0
9361,2026-03-01 10:00:00,41,52,126.84,19,1,0
9362,2026-03-01 10:00:00,23,42,109.55,19,0,0
9363,2026-03-01 10:00:00,21,32,102.42,16,2,0
9364,2026-03-01 10:00:00,46,42,87.35,20,4,0
9365,2026-03-01 10:00:00,26,26,83.09,11,1,0
9366,2026-03-01 10:00:00,21,25,39.05,20,1,0
9367,2026-03-01 10:00:00,21,11,208.1,26,2,0
9368,2026-03-01 10:00:00,32,23,98.48,18,1,0
9369,2026-03-01 10:00:00,48,34,184.02,20,3,0
9370,2026-03-01 10:00:00,64,57,108.26,22,3,0
9371,2026-03-01 10:00:00,41,52,106.53,17,3,0
9372,2026-03-01 10:00:00,39,40,92.08,24,1,0
9373,2026-03-01 10:00:00,47,23,87.76,25,3,0
9374,2026-03-01 10:00:00,62,29,76.27,22,0,0
9375,2026-03-01 10:00:00,52,31,133.56,17,2,0
9376,2026-03-01 10:00:00,43,7,109.04,25,0,0
9377,2026-03-01 10:00:00,19,40,214.27,24,2,0
9378,2026-03-01 10:00:00,32,33,113.41,18,3,0
9379,2026-03-01 10:00:00,67,21,87.4,20,1,0
9380,2026-03-01 10:00:00,45,2,162.47,20,2,0
9381,2026-03-01 10:00:00,46,18,114.28,25,1,1
9382,2026-03-01 10:00:00,45,47,162.17,25,3,0
9383,2026-03-01 10:00:00,31,33,110.96,15,3,1
9384,2026-03-01 10:00:00,21,37,122.64,12,3,0
9385,2026-03-01 10:00:00,39,34,52.31,12,2,0
9386,2026-03-01 10:00:00,54,20,94.47,22,1,0
9387,2026-03-01 10:00:00,56,35,116.23,15,4,0
9388,2026-03-01 10:00:00,42,51,108.26,17,1,0
9389,2026-03-01 10:00:00,18,50,132.15,22,4,1
9390,2026-03-01 10:00:00,33,54,121.76,23,5,0
9391,2026-03-01 10:00:00,30,18,129.01,19,4,0
9392,2026-03-01 10:00:00,42,46,142.47,25,1,0
9393,2026-03-01 10:00:00,49,24,108.26,27,3,0
9394,2026-03-01 10:00:00,40,8,110.73,19,0,0
9395,2026-03-01 10:00:00,65,30,80.02,19,1,0
9396,2026-03-01 10:00:00,63,44,189.03,21,3,0
9397,2026-03-01 10:00:00,40,53,28.33,19,2,0
9398,2026-03-01 10:00:00,50,10,173.28,23,2,0
9399,2026-03-01 10:00:00,35,23,112.64,16,2,0
9400,2026-03-01 10:00:00,54,52,200.56,20,3,0
9401,2026-03-01 10:00:00,23,49,182.39,20,1,0
9402,2026-03-01 10:00:00,19,11,191.99,23,1,0
9403,2026-03-01 10:00:00,58,2,78.84,21,2,0
9404,2026-03-01 10:00:00,28,58,75.77,19,1,0
9405,2026-03-01 10:00:00,26,26,150.43,13,3,0
9406,2026-03-01 10:00:00,65,36,109.57,12,3,0
9407,2026-03-01 10:00:00,32,33,150.47,24,1,1
9408,2026-03-01 10:00:00,28,47,123.81,17,4,1
9409,2026-03-01 10:00:00,24,13,87.88,17,1,0
9410,2026-03-01 10:00:00,39,40,153.25,17,1,0
9411,2026-03-01 10:00:00,58,25,88.23,14,2,0
9412,2026-03-01 10:00:00,66,4,125.36,13,3,0
9413,2026-03-01 10:00:00,21,42,66.51,22,2,0
9414,2026-03-01 10:00:00,23,19,130.16,26,0,0
9415,2026-03-01 10:00:00,24,18,182.9,18,2,0
9416,2026-03-01 10:00:00,49,37,46.94,16,3,0
9417,2026-03-01 10:00:00,32,30,144.25,17,6,1
9418,2026-03-01 10:00:00,21,19,90.44,13,1,0
9419,2026-03-01 10:00:00,43,58,163.0,16,5,0
9420,2026-03-01 10:00:00,56,23,117.62,6,0,0
9421,2026-03-01 10:00:00,60,59,162.43,12,1,0
9422,2026-03-01 10:00:00,49,54,89.69,17,0,0
9423,2026-03-01 10:00:00,48,16,121.83,19,1,0
9424,2026-03-01 10:00:00,48,1,103.37,14,2,0
9425,2026-03-01 10:00:00,45,12,131.49,22,2,0
9426,2026-03-01 10:00:00,53,24,132.01,15,3,0
9427,2026-03-01 10:00:00,38,34,199.77,18,3,0
9428,2026-03-01 10:00:00,56,53,163.44,19,4,1
9429,2026-03-01 10:00:00,44,57,129.93,21,3,0
9430,2026-03-01 10:00:00,26,8,182.01,17,2,0
9431,2026-03-01 10:00:00,65,18,137.2,17,3,0
9432,2026-03-01 10:00:00,45,57,170.96,18,2,0
9433,2026-03-01 10:00:00,27,48,137.48,16,1,0
9434,2026-03-01 10:00:00,49,5,97.16,23,1,1
9435,2026-03-01 10:00:00,64,26,153.52,26,1,1
9436,2026-03-01 10:00:00,54,30,107.61,20,2,0
9437,2026-03-01 10:00:00,38,54,64.64,14,3,0
9438,2026-03-01 10:00:00,43,13,95.24,20,3,0
9439,2026-03-01 10:00:00,54,19,83.33,21,5,1
9440,2026-03-01 10:00:00,45,29,97.24,22,3,0
9441,2026-03-01 10:00:00,42,3,184.56,26,2,0
9442,2026-03-01 10:00:00,30,26,106.59,14,1,0
9443,2026-03-01 10:00:00,45,40,153.81,26,0,0
9444,2026-03-01 10:00:00,24,59,134.58,21,1,0
9445,2026-03-01 10:00:00,48,58,136.82,22,0,0
9446,2026-03-01 10:00:00,63,58,123.93,26,1,0
9447,2026-03-01 10:00:00,34,12,98.8,20,3,0
9448,2026-03-01 10:00:00,29,2,152.01,17,0,0
9449,2026-03-01 10:00:00,35,11,124.13,26,1,0
9450,2026-03-01 10:00:00,60,44,172.21,16,2,0
9451,2026-03-01 10:00:00,36,28,101.87,22,2,0
9452,2026-03-01 10:00:00,35,18,154.29,22,2,0
9453,2026-03-01 10:00:00,37,13,171.89,17,0,0
9454,2026-03-01 10:00:00,22,37,67.02,14,2,0
9455,2026-03-01 10:00:00,31,22,122.12,26,2,0
9456,2026-03-01 10:00:00,31,12,113.38,20,3,0
9457,2026-03-01 10:00:00,24,2,147.27,18,1,0
9458,2026-03-01 10:00:00,50,37,107.63,15,1,0
9459,2026-03-01 10:00:00,36,7,180.47,19,3,0
9460,2026-03-01 10:00:00,39,26,98.86,13,4,0
9461,2026-03-01 10:00:00,55,26,83.91,19,3,0
9462,2026-03-01 10:00:00,22,24,71.94,22,2,0
9463,2026-03-01 10:00:00,27,12,96.99,17,2,0
9464,2026-03-01 10:00:00,48,16,92.05,21,1,0
9465,2026-03-01 10:00:00,40,23,130.25,24,4,1
9466,2026-03-01 10:00:00,55,40,85.65,16,2,0
9467,2026-03-01 10:00:00,63,9,100.09,23,0,0
9468,2026-03-01 10:00:00,32,32,151.35,21,4,0
9469,2026-03-01 10:00:00,20,15,142.25,25,0,0
9470,2026-03-01 10:00:00,50,37,109.23,23,1,0
9471,2026-03-01 10:00:00,38,13,89.98,26,1,0
9472,2026-03-01 10:00:00,26,5,152.58,22,1,0
9473,2026-03-01 10:00:00,48,11,23.27,15,1,0
9474,2026-03-01 10:00:00,24,10,191.3,27,0,0
9475,2026-03-01 10:00:00,53,52,86.49,15,1,0
9476,2026-03-01 10:00:00,40,13,124.45,13,2,0
9477,2026-03-01 10:00:00,65,41,180.57,18,0,0
9478,2026-03-01 10:00:00,41,53,68.04,21,2,0
9479,2026-03-01 10:00:00,68,46,98.7,23,3,0
9480,2026-03-01 10:00:00,28,50,103.18,7,2,0
9481,2026-03-01 10:00:00,51,15,146.31,17,0,0
9482,2026-03-01 10:00:00,19,42,116.38,18,2,0
9483,2026-03-01 10:00:00,33,56,154.5,23,0,1
9484,2026-03-01 10:00:00,40,7,76.83,24,0,0
9485,2026-03-01 10:00:00,60,40,122.7,20,0,0
9486,2026-03-01 10:00:00,69,28,126.95,17,4,1
9487,2026-03-01 10:00:00,23,32,83.42,31,1,0
9488,2026-03-01 10:00:00,19,35,130.63,27,4,1
9489,2026-03-01 10:00:00,39,15,152.91,21,3,0
9490,2026-03-01 10:00:00,22,48,150.52,16,3,0
9491,2026-03-01 10:00:00,62,36,105.58,27,1,0
9492,2026-03-01 10:00:00,44,21,73.27,21,0,0
9493,2026-03-01 10:00:00,41,6,57.75,14,1,0
9494,2026-03-01 10:00:00,36,1,136.75,18,5,1
9495,2026-03-01 10:00:00,51,4,132.9,15,0,0
9496,2026-03-01 10:00:00,21,11,119.87,14,4,1
9497,2026-03-01 10:00:00,20,44,144.94,23,1,0
9498,2026-03-01 10:00:00,51,26,87.99,18,0,1
9499,2026-03-01 10:00:00,24,37,20.0,24,4,1
9500,2026-03-01 10:00:00,26,23,134.29,13,2,0
9501,2026-03-01 10:00:00,18,29,177.39,14,4,1
9502,2026-03-01 10:00:00,66,21,36.79,20,2,0
9503,2026-03-01 10:00:00,45,48,90.67,28,0,0
9504,2026-03-01 10:00:00,53,45,165.0,22,2,0
9505,2026-03-01 10:00:00,25,45,246.3,23,2,0
9506,2026-03-01 10:00:00,63,49,89.39,26,2,0
9507,2026-03-01 10:00:00,27,27,81.86,20,2,0
9508,2026-03-01 10:00:00,64,39,161.6,18,1,0
9509,2026-03-01 10:00:00,42,40,33.68,20,2,0
9510,2026-03-01 10:00:00,44,13,119.36,18,2,0
9511,2026-03-01 10:00:00,20,23,173.46,19,3,0
9512,2026-03-01 10:00:00,53,59,106.74,22,2,0
9513,2026-03-01 10:00:00,65,16,170.66,16,2,0
9514,2026-03-01 10:00:00,42,30,121.02,20,5,0
9515,2026-03-01 10:00:00,62,4,142.6,29,2,0
9516,2026-03-01 10:00:00,47,40,77.5,24,1,0
9517,2026-03-01 10:00:00,33,16,109.05,26,1,0
9518,2026-03-01 10:00:00,52,31,132.65,15,2,0
9519,2026-03-01 10:00:00,38,53,156.45,15,3,1
9520,2026-03-01 10:00:00,62,42,118.16,21,4,0
9521,2026-03-01 10:00:00,57,25,79.21,17,3,0
9522,2026-03-01 10:00:00,68,44,139.77,24,2,0
9523,2026-03-01 10:00:00,39,12,66.24,22,2,0
9524,2026-03-01 10:00:00,21,26,126.81,18,2,0
9525,2026-03-01 10:00:00,50,37,126.27,15,1,0
9526,2026-03-01 10:00:00,48,48,137.33,18,2,0
9527,2026-03-01 10:00:00,50,33,112.82,21,3,0
9528,2026-03-01 10:00:00,57,28,160.43,14,4,0
9529,2026-03-01 10:00:00,61,9,155.59,20,1,0
9530,2026-03-01 10:00:00,37,12,161.45,24,0,0
9531,2026-03-01 10:00:00,29,5,184.51,20,3,0
9532,2026-03-01 10:00:00,47,54,129.55,18,2,0
9533,2026-03-01 10:00:00,50,52,135.17,20,1,0
9534,2026-03-01 10:00:00,44,54,220.66,24,1,0
9535,2026-03-01 10:00:00,37,28,87.62,13,4,0
9536,2026-03-01 10:00:00,59,56,103.74,18,3,0
9537,2026-03-01 10:00:00,38,35,156.18,14,4,0
9538,2026-03-01 10:00:00,21,5,147.34,17,1,1
9539,2026-03-01 10:00:00,46,34,103.12,25,1,0
9540,2026-03-01 10:00:00,21,46,153.47,14,2,0
9541,2026-03-01 10:00:00,28,34,120.69,23,2,0
9542,2026-03-01 10:00:00,52,13,160.73,17,1,0
9543,2026-03-01 10:00:00,69,39,130.36,20,2,1
9544,2026-03-01 10:00:00,53,42,92.04,23,2,0
9545,2026-03-01 10:00:00,42,45,107.48,25,3,1
9546,2026-03-01 10:00:00,60,48,190.16,20,3,1
9547,2026-03-01 10:00:00,51,58,89.8,18,1,0
9548,2026-03-01 10:00:00,23,14,114.05,20,1,0
9549,2026-03-01 10:00:00,62,11,142.89,22,3,0
9550,2026-03-01 10:00:00,28,42,63.04,24,0,0
9551,2026-03-01 10:00:00,46,38,140.39,13,6,1
9552,2026-03-01 10:00:00,59,4,20.0,23,2,0
9553,2026-03-01 10:00:00,45,53,73.13,24,2,0
9554,2026-03-01 10:00:00,19,33,132.33,21,3,0
9555,2026-03-01 10:00:00,52,7,133.13,21,1,0
9556,2026-03-01 10:00:00,59,56,137.27,18,1,0
9557,2026-03-01 10:00:00,20,41,112.73,18,1,0
9558,2026-03-01 10:00:00,45,8,136.22,21,2,0
9559,2026-03-01 10:00:00,19,37,142.54,20,0,1
9560,2026-03-01 10:00:00,62,51,130.0,27,1,0
9561,2026-03-01 10:00:00,29,10,96.65,20,1,0
9562,2026-03-01 10:00:00,65,43,107.48,12,5,0
9563,2026-03-01 10:00:00,23,57,87.26,20,1,0
9564,2026-03-01 10:00:00,67,15,91.11,18,4,1
9565,2026-03-01 10:00:00,58,38,124.71,17,2,1
9566,2026-03-01 10:00:00,45,15,129.43,13,5,1
9567,2026-03-01 10:00:00,63,5,139.22,13,4,1
9568,2026-03-01 10:00:00,54,29,51.23,17,1,0
9569,2026-03-01 10:00:00,31,19,189.18,10,0,0
9570,2026-03-01 10:00:00,40,54,113.38,19,1,0
9571,2026-03-01 10:00:00,29,51,45.88,17,3,0
9572,2026-03-01 10:00:00,57,10,59.83,16,3,0
9573,2026-03-01 10:00:00,62,12,138.4,18,3,0
9574,2026-03-01 10:00:00,45,54,151.17,18,1,0
9575,2026-03-01 10:00:00,27,4,81.02,20,2,1
9576,2026-03-01 10:00:00,24,31,157.5,14,2,0
9577,2026-03-01 10:00:00,25,18,210.61,24,1,0
9578,2026-03-01 10:00:00,34,16,77.44,20,4,0
9579,2026-03-01 10:00:00,58,40,36.16,23,4,1
9580,2026-03-01 10:00:00,47,36,87.0,21,0,0
9581,2026-03-01 10:00:00,46,25,102.24,17,2,0
9582,2026-03-01 10:00:00,63,23,144.72,27,3,0
9583,2026-03-01 10:00:00,36,12,119.25,15,4,0
9584,2026-03-01 10:00:00,59,34,192.4,18,1,0
9585,2026-03-01 10:00:00,58,36,135.05,18,3,0
9586,2026-03-01 10:00:00,55,37,91.78,27,4,0
9587,2026-03-01 10:00:00,20,3,108.0,19,1,0
9588,2026-03-01 10:00:00,23,9,167.12,23,2,0
9589,2026-03-01 10:00:00,63,53,129.43,25,3,0
9590,2026-03-01 10:00:00,25,18,182.4,26,2,0
9591,2026-03-01 10:00:00,32,43,90.58,16,3,0
9592,2026-03-01 10:00:00,24,35,155.04,20,3,0
9593,2026-03-01 10:00:00,29,57,130.07,27,4,1
9594,2026-03-01 10:00:00,18,55,92.84,22,1,0
9595,2026-03-01 10:00:00,68,34,126.43,26,3,0
9596,2026-03-01 10:00:00,62,41,103.27,14,1,0
9597,2026-03-01 10:00:00,67,14,129.3,19,1,0
9598,2026-03-01 10:00:00,33,4,85.0,22,0,0
9599,2026-03-01 10:00:00,45,29,136.24,24,5,0
9600,2026-03-01 10:00:00,29,41,31.38,23,2,0
9601,2026-03-01 10:00:00,51,45,114.19,19,1,0
9602,2026-03-01 10:00:00,67,50,102.17,21,2,0
9603,2026-03-01 10:00:00,50,15,147.54,16,1,0
9604,2026-03-01 10:00:00,37,28,148.01,16,4,1
9605,2026-03-01 10:00:00,37,42,135.92,19,0,0
9606,2026-03-01 10:00:00,65,16,125.69,14,0,0
9607,2026-03-01 10:00:00,60,12,70.74,22,3,0
9608,2026-03-01 10:00:00,24,52,171.87,21,0,0
9609,2026-03-01 10:00:00,42,5,74.8,18,6,1
9610,2026-03-01 10:00:00,30,34,174.98,21,5,1
9611,2026-03-01 10:00:00,64,42,185.33,17,1,0
9612,2026-03-01 10:00:00,51,1,160.36,16,2,0
9613,2026-03-01 10:00:00,35,39,133.65,18,2,0
9614,2026-03-01 10:00:00,65,32,118.75,26,0,1
9615,2026-03-01 10:00:00,63,26,120.64,11,1,0
9616,2026-03-01 10:00:00,33,17,82.5,17,3,0
9617,2026-03-01 10:00:00,45,48,114.32,21,5,0
9618,2026-03-01 10:00:00,63,59,157.26,30,4,0
9619,2026-03-01 10:00:00,53,27,64.65,15,2,0
9620,2026-03-01 10:00:00,57,24,189.97,21,1,0
9621,2026-03-01 10:00:00,52,35,228.34,27,1,0
9622,2026-03-01 10:00:00,36,46,139.58,22,0,0
9623,2026-03-01 10:00:00,37,42,155.76,20,1,0
9624,2026-03-01 10:00:00,49,54,132.28,23,0,0
9625,2026-03-01 10:00:00,28,39,96.26,25,3,0
9626,2026-03-01 10:00:00,47,26,128.86,19,1,0
9627,2026-03-01 10:00:00,36,49,133.2,22,1,0
9628,2026-03-01 10:00:00,50,38,125.85,22,4,1
9629,2026-03-01 10:00:00,30,23,213.14,22,2,0
9630,2026-03-01 10:00:00,49,22,197.54,25,2,0
9631,2026-03-01 10:00:00,34,4,139.06,17,2,0
9632,2026-03-01 10:00:00,58,49,52.28,22,3,0
9633,2026-03-01 10:00:00,20,59,114.59,18,5,0
9634,2026-03-01 10:00:00,22,9,130.93,16,2,0
9635,2026-03-01 10:00:00,43,4,148.33,22,2,0
9636,2026-03-01 10:00:00,24,7,81.02,18,2,0
9637,2026-03-01 10:00:00,35,23,192.58,23,3,0
9638,2026-03-01 10:00:00,66,2,55.91,17,0,1
9639,2026-03-01 10:00:00,56,49,105.69,23,2,0
9640,2026-03-01 10:00:00,62,24,138.15,26,3,0
9641,2026-03-01 10:00:00,55,40,37.35,22,3,0
9642,2026-03-01 10:00:00,30,55,50.46,19,0,0
9643,2026-03-01 10:00:00,18,31,102.28,23,1,0
9644,2026-03-01 10:00:00,52,47,127.79,12,1,1
9645,2026-03-01 10:00:00,40,31,110.0,20,3,0
9646,2026-03-01 10:00:00,37,47,67.31,23,1,0
9647,2026-03-01 10:00:00,63,40,96.65,14,3,0
9648,2026-03-01 10:00:00,55,48,122.28,16,3,0
9649,2026-03-01 10:00:00,46,51,203.26,15,1,0
9650,2026-03-01 10:00:00,62,43,80.97,23,1,0
9651,2026-03-01 10:00:00,54,34,113.03,30,2,0
9652,2026-03-01 10:00:00,23,55,76.44,19,4,1
9653,2026-03-01 10:00:00,30,24,104.36,22,2,0
9654,2026-03-01 10:00:00,40,49,129.12,26,1,0
9655,2026-03-01 10:00:00,21,26,61.65,16,3,0
9656,2026-03-01 10:00:00,53,16,180.0,23,0,0
9657,2026-03-01 10:00:00,32,57,36.77,19,0,0
9658,2026-03-01 10:00:00,28,47,90.6,15,3,0
9659,2026-03-01 10:00:00,39,13,127.29,18,2,0
9660,2026-03-01 10:00:00,47,15,89.15,15,2,0
9661,2026-03-01 10:00:00,61,27,166.98,17,2,0
9662,2026-03-01 10:00:00,69,4,109.64,16,2,0
9663,2026-03-01 10:00:00,35,16,141.88,19,1,0
9664,2026-03-01 10:00:00,67,30,183.79,21,4,1
9665,2026-03-01 10:00:00,27,44,116.46,21,3,0
9666,2026-03-01 10:00:00,22,30,56.07,23,1,0
9667,2026-03-01 10:00:00,48,36,104.67,19,1,0
9668,2026-03-01 10:00:00,50,3,131.13,21,1,0
9669,2026-03-01 10:00:00,35,22,108.95,28,1,0
9670,2026-03-01 10:00:00,67,49,104.99,15,2,0
9671,2026-03-01 10:00:00,24,22,120.94,16,3,0
9672,2026-03-01 10:00:00,42,50,160.59,21,1,0
9673,2026-03-01 10:00:00,38,57,163.8,21,3,0
9674,2026-03-01 10:00:00,51,50,118.85,14,0,0
9675,2026-03-01 10:00:00,40,55,146.79,10,0,0
9676,2026-03-01 10:00:00,33,49,118.55,25,3,0
9677,2026-03-01 10:00:00,44,12,127.66,21,2,0
9678,2026-03-01 10:00:00,30,55,187.1,24,1,0
9679,2026-03-01 10:00:00,30,21,79.67,15,5,0
9680,2026-03-01 10:00:00,42,56,149.5,15,3,0
9681,2026-03-01 10:00:00,59,4,102.16,25,2,0
9682,2026-03-01 10:00:00,50,31,147.91,19,1,0
9683,2026-03-01 10:00:00,34,44,161.46,14,1,0
9684,2026-03-01 10:00:00,42,31,176.63,20,0,1
9685,2026-03-01 10:00:00,35,58,135.84,13,2,0
9686,2026-03-01 10:00:00,65,23,126.55,19,1,0
9687,2026-03-01 10:00:00,68,54,109.97,15,5,0
9688,2026-03-01 10:00:00,65,53,20.0,16,1,0
9689,2026-03-01 10:00:00,35,20,147.48,22,1,0
9690,2026-03-01 10:00:00,66,15,134.48,17,1,0
9691,2026-03-01 10:00:00,33,23,84.5,24,2,0
9692,2026-03-01 10:00:00,44,28,159.8,22,2,0
9693,2026-03-01 10:00:00,27,16,120.8,21,2,0
9694,2026-03-01 10:00:00,41,37,158.69,22,1,0
9695,2026-03-01 10:00:00,41,21,101.67,20,5,1
9696,2026-03-01 10:00:00,18,15,87.4,21,3,0
9697,2026-03-01 10:00:00,49,17,98.91,11,0,0
9698,2026-03-01 10:00:00,36,50,182.66,19,1,0
9699,2026-03-01 10:00:00,26,37,48.67,22,0,0
9700,2026-03-01 10:00:00,22,13,100.18,23,3,0
9701,2026-03-01 10:00:00,39,19,120.66,14,2,0
9702,2026-03-01 10:00:00,41,30,134.54,31,1,0
9703,2026-03-01 10:00:00,47,45,130.3,27,2,0
9704,2026-03-01 10:00:00,29,18,159.6,21,4,1
9705,2026-03-01 10:00:00,33,14,126.09,23,3,0
9706,2026-03-01 10:00:00,69,36,67.18,23,4,0
9707,2026-03-01 10:00:00,29,36,160.75,20,0,0
9708,2026-03-01 10:00:00,38,20,133.15,14,0,1
9709,2026-03-01 10:00:00,28,52,111.39,26,3,0
9710,2026-03-01 10:00:00,38,19,204.71,18,4,0
9711,2026-03-01 10:00:00,19,45,79.72,26,2,0
9712,2026-03-01 10:00:00,44,44,131.33,25,0,0
9713,2026-03-01 10:00:00,59,7,127.45,16,3,0
9714,2026-03-01 10:00:00,42,57,55.22,19,0,0
9715,2026-03-01 10:00:00,28,44,74.61,15,2,0
9716,2026-03-01 10:00:00,58,53,126.19,21,2,0
9717,2026-03-01 10:00:00,34,4,128.55,20,1,0
9718,2026-03-01 10:00:00,50,59,137.26,22,4,0
9719,2026-03-01 10:00:00,52,34,115.52,22,2,0
9720,2026-03-01 10:00:00,37,2,104.87,17,2,0
9721,2026-03-01 10:00:00,43,5,159.92,23,1,1
9722,2026-03-01 10:00:00,65,55,20.0,22,2,1
9723,2026-03-01 10:00:00,32,10,165.7,21,1,0
9724,2026-03-01 10:00:00,36,32,82.07,15,1,0
9725,2026-03-01 10:00:00,18,42,95.63,32,2,0
9726,2026-03-01 10:00:00,42,41,122.48,11,0,0
9727,2026-03-01 10:00:00,51,13,110.72,18,2,0
9728,2026-03-01 10:00:00,67,39,97.15,18,3,0
9729,2026-03-01 10:00:00,58,5,171.89,23,0,0
9730,2026-03-01 10:00:00,49,58,172.97,23,2,0
9731,2026-03-01 10:00:00,30,10,226.07,16,1,0
9732,2026-03-01 10:00:00,36,10,138.59,23,0,0
9733,2026-03-01 10:00:00,57,38,107.62,20,2,0
9734,2026-03-01 10:00:00,67,27,129.3,26,1,0
9735,2026-03-01 10:00:00,38,51,196.66,22,2,0
9736,2026-03-01 10:00:00,35,21,129.4,16,1,0
9737,2026-03-01 10:00:00,25,8,98.91,16,2,0
9738,2026-03-01 10:00:00,36,1,100.92,17,4,1
9739,2026-03-01 10:00:00,38,28,117.03,26,1,0
9740,2026-03-01 10:00:00,54,49,105.55,22,2,0
9741,2026-03-01 10:00:00,52,39,97.56,18,3,0
9742,2026-03-01 10:00:00,68,14,81.31,23,1,1
9743,2026-03-01 10:00:00,38,21,150.53,17,2,0
9744,2026-03-01 10:00:00,69,30,91.7,22,2,0
9745,2026-03-01 10:00:00,20,21,93.26,16,1,0
9746,2026-03-01 10:00:00,47,49,128.44,16,2,0
9747,2026-03-01 10:00:00,60,9,162.94,22,0,0
9748,2026-03-01 10:00:00,48,17,112.13,21,5,1
9749,2026-03-01 10:00:00,20,5,62.83,16,3,0
9750,2026-03-01 10:00:00,47,58,86.2,12,2,0
9751,2026-03-01 10:00:00,63,57,157.15,22,3,0
9752,2026-03-01 10:00:00,59,31,61.88,24,1,0
9753,2026-03-01 10:00:00,21,52,91.05,12,1,0
9754,2026-03-01 10:00:00,65,40,33.93,19,2,0
9755,2026-03-01 10:00:00,47,38,50.96,24,2,0
9756,2026-03-01 10:00:00,44,43,64.96,25,3,0
9757,2026-03-01 10:00:00,22,19,130.41,19,0,0
9758,2026-03-01 10:00:00,68,36,78.49,28,3,0
9759,2026-03-01 10:00:00,63,50,78.34,22,0,0
9760,2026-03-01 10:00:00,46,33,96.31,21,1,0
9761,2026-03-01 10:00:00,48,13,181.14,17,1,0
9762,2026-03-01 10:00:00,67,14,83.29,24,1,0
9763,2026-03-01 10:00:00,26,56,147.5,22,2,0
9764,2026-03-01 10:00:00,66,33,201.92,24,1,0
9765,2026-03-01 10:00:00,64,29,153.35,18,1,0
9766,2026-03-01 10:00:00,41,43,101.0,15,3,0
9767,2026-03-01 10:00:00,29,49,104.91,20,1,0
9768,2026-03-01 10:00:00,35,36,139.31,26,1,0
9769,2026-03-01 10:00:00,67,58,155.15,11,3,0
9770,2026-03-01 10:00:00,19,44,82.68,22,0,0
9771,2026-03-01 10:00:00,59,10,82.81,14,2,0
9772,2026-03-01 10:00:00,26,31,151.4,30,0,0
9773,2026-03-01 10:00:00,41,6,101.37,21,1,0
9774,2026-03-01 10:00:00,23,57,120.75,19,1,0
9775,2026-03-01 10:00:00,22,1,150.27,22,0,0
9776,2026-03-01 10:00:00,50,7,125.35,20,4,0
9777,2026-03-01 10:00:00,58,58,142.87,16,3,0
9778,2026-03-01 10:00:00,41,27,106.8,12,2,0
9779,2026-03-01 10:00:00,24,21,177.47,27,3,0
9780,2026-03-01 10:00:00,18,28,111.22,13,2,0
9781,2026-03-01 10:00:00,57,16,137.16,26,1,0
9782,2026-03-01 10:00:00,25,56,112.07,16,3,0
9783,2026-03-01 10:00:00,50,46,156.56,23,2,0
9784,2026-03-01 10:00:00,52,23,96.19,27,3,1
9785,2026-03-01 10:00:00,41,52,131.12,15,0,0
9786,2026-03-01 10:00:00,20,20,92.62,14,1,0
9787,2026-03-01 10:00:00,21,38,102.3,20,3,0
9788,2026-03-01 10:00:00,45,54,152.82,16,2,0
9789,2026-03-01 10:00:00,25,25,109.7,12,0,0
9790,2026-03-01 10:00:00,41,28,118.7,15,5,0
9791,2026-03-01 10:00:00,27,5,94.56,18,5,1
9792,2026-03-01 10:00:00,39,56,96.16,24,1,0
9793,2026-03-01 10:00:00,24,21,214.81,23,1,0
9794,2026-03-01 10:00:00,42,18,164.09,16,2,0
9795,2026-03-01 10:00:00,68,47,123.72,18,3,0
9796,2026-03-01 10:00:00,45,6,90.83,23,1,0
9797,2026-03-01 10:00:00,57,57,92.67,14,1,0
9798,2026-03-01 10:00:00,46,29,63.64,16,2,0
9799,2026-03-01 10:00:00,24,19,218.19,20,1,0
9800,2026-03-01 10:00:00,29,33,83.15,15,3,0
9801,2026-03-01 10:00:00,55,1,77.36,18,1,0
9802,2026-03-01 10:00:00,37,45,121.54,16,3,0
9803,2026-03-01 10:00:00,50,3,48.22,21,2,1
9804,2026-03-01 10:00:00,55,42,116.2,23,2,0
9805,2026-03-01 10:00:00,55,21,164.54,25,0,0
9806,2026-03-01 10:00:00,21,35,142.63,19,3,0
9807,2026-03-01 10:00:00,37,41,124.43,24,1,0
9808,2026-03-01 10:00:00,52,40,87.4,20,2,0
9809,2026-03-01 10:00:00,19,3,92.83,19,0,0
9810,2026-03-01 10:00:00,55,25,97.25,20,1,0
9811,2026-03-01 10:00:00,36,45,90.52,14,4,0
9812,2026-03-01 10:00:00,57,38,72.9,22,1,0
9813,2026-03-01 10:00:00,33,45,100.18,22,2,0
9814,2026-03-01 10:00:00,33,55,155.33,20,2,0
9815,2026-03-01 10:00:00,19,20,106.37,16,1,0
9816,2026-03-01 10:00:00,57,52,132.61,22,2,0
9817,2026-03-01 10:00:00,58,44,145.15,29,0,0
9818,2026-03-01 10:00:00,69,45,170.98,23,4,0
9819,2026-03-01 10:00:00,38,34,66.1,19,1,0
9820,2026-03-01 10:00:00,34,21,137.14,14,1,0
9821,2026-03-01 10:00:00,38,56,118.91,20,1,1
9822,2026-03-01 10:00:00,57,55,195.36,20,1,0
9823,2026-03-01 10:00:00,49,48,135.9,22,1,0
9824,2026-03-01 10:00:00,63,23,143.98,15,0,0
9825,2026-03-01 10:00:00,25,6,122.77,19,4,1
9826,2026-03-01 10:00:00,59,51,83.69,17,3,0
9827,2026-03-01 10:00:00,29,53,100.15,13,2,0
9828,2026-03-01 10:00:00,40,13,129.38,22,1,0
9829,2026-03-01 10:00:00,65,49,172.31,25,1,0
9830,2026-03-01 10:00:00,33,23,93.09,22,5,0
9831,2026-03-01 10:00:00,63,9,63.14,27,3,0
9832,2026-03-01 10:00:00,44,17,108.66,18,4,1
9833,2026-03-01 10:00:00,24,2,132.42,12,4,1
9834,2026-03-01 10:00:00,57,19,106.97,27,3,0
9835,2026-03-01 10:00:00,32,19,139.21,19,3,0
9836,2026-03-01 10:00:00,25,56,157.76,13,2,0
9837,2026-03-01 10:00:00,40,7,94.9,22,6,1
9838,2026-03-01 10:00:00,67,54,100.12,20,2,0
9839,2026-03-01 10:00:00,50,42,146.57,21,3,0
9840,2026-03-01 10:00:00,47,42,91.32,16,3,0
9841,2026-03-01 10:00:00,40,59,179.49,21,4,0
9842,2026-03-01 10:00:00,65,20,151.18,17,2,0
9843,2026-03-01 10:00:00,58,9,117.49,22,2,0
9844,2026-03-01 10:00:00,66,17,136.2,18,3,1
9845,2026-03-01 10:00:00,58,27,141.31,18,1,0
9846,2026-03-01 10:00:00,69,47,170.46,25,0,0
9847,2026-03-01 10:00:00,60,2,146.47,20,2,0
9848,2026-03-01 10:00:00,41,36,129.64,23,4,1
9849,2026-03-01 10:00:00,20,19,125.52,23,1,0
9850,2026-03-01 10:00:00,31,17,74.66,13,5,1
9851,2026-03-01 10:00:00,19,5,141.87,25,1,0
9852,2026-03-01 10:00:00,23,39,128.89,17,1,0
9853,2026-03-01 10:00:00,49,18,120.85,22,2,0
9854,2026-03-01 10:00:00,36,53,108.27,14,1,0
9855,2026-03-01 10:00:00,27,54,174.08,21,1,0
9856,2026-03-01 10:00:00,63,59,141.22,17,2,0
9857,2026-03-01 10:00:00,51,7,130.92,13,5,0
9858,2026-03-01 10:00:00,43,17,179.97,33,3,0
9859,2026-03-01 10:00:00,42,39,106.8,26,5,1
9860,2026-03-01 10:00:00,21,36,141.58,12,1,0
9861,2026-03-01 10:00:00,36,40,190.32,20,2,0
9862,2026-03-01 10:00:00,19,45,82.49,19,1,0
9863,2026-03-01 10:00:00,64,4,97.18,13,0,0
9864,2026-03-01 10:00:00,67,38,162.79,16,2,0
9865,2026-03-01 10:00:00,47,25,101.1,14,1,0
9866,2026-03-01 10:00:00,33,5,36.35,25,4,1
9867,2026-03-01 10:00:00,56,30,81.38,13,0,0
9868,2026-03-01 10:00:00,26,12,69.95,21,3,0
9869,2026-03-01 10:00:00,32,4,69.52,20,2,0
9870,2026-03-01 10:00:00,31,24,143.19,20,1,0
9871,2026-03-01 10:00:00,56,29,141.78,19,3,1
9872,2026-03-01 10:00:00,68,9,120.71,25,1,0
9873,2026-03-01 10:00:00,49,4,111.88,21,3,0
9874,2026-03-01 10:00:00,41,51,150.1,23,1,0
9875,2026-03-01 10:00:00,58,24,143.88,19,0,0
9876,2026-03-01 10:00:00,26,14,98.83,27,3,0
9877,2026-03-01 10:00:00,41,5,43.85,24,0,0
9878,2026-03-01 10:00:00,46,18,53.44,16,2,1
9879,2026-03-01 10:00:00,61,42,80.7,22,1,0
9880,2026-03-01 10:00:00,52,57,185.69,9,3,0
9881,2026-03-01 10:00:00,44,19,89.24,17,4,1
9882,2026-03-01 10:00:00,52,12,78.4,16,4,0
9883,2026-03-01 10:00:00,57,18,115.06,19,1,0
9884,2026-03-01 10:00:00,20,17,112.32,32,4,1
9885,2026-03-01 10:00:00,57,30,113.58,28,0,1
9886,2026-03-01 10:00:00,33,24,66.43,19,0,0
9887,2026-03-01 10:00:00,20,11,123.69,21,1,0
9888,2026-03-01 10:00:00,44,35,71.2,16,0,0
9889,2026-03-01 10:00:00,33,23,65.35,20,1,0
9890,2026-03-01 10:00:00,25,17,174.89,21,4,1
9891,2026-03-01 10:00:00,21,1,104.87,16,2,0
9892,2026-03-01 10:00:00,29,15,132.31,18,2,0
9893,2026-03-01 10:00:00,59,32,36.59,24,7,1
9894,2026-03-01 10:00:00,54,9,133.58,11,0,0
9895,2026-03-01 10:00:00,35,15,119.3,14,1,0
9896,2026-03-01 10:00:00,38,28,108.73,30,1,0
9897,2026-03-01 10:00:00,23,24,71.73,20,2,0
9898,2026-03-01 10:00:00,59,35,104.89,22,2,0
9899,2026-03-01 10:00:00,24,22,75.64,17,1,0
9900,2026-03-01 10:00:00,30,27,103.98,24,2,0
9901,2026-03-01 10:00:00,50,19,38.66,23,3,0
9902,2026-03-01 10:00:00,26,45,57.72,13,3,1
9903,2026-03-01 10:00:00,57,12,60.86,15,2,0
9904,2026-03-01 10:00:00,63,20,150.07,17,2,0
9905,2026-03-01 10:00:00,51,1,145.42,18,5,1
9906,2026-03-01 10:00:00,30,21,84.26,20,0,1
9907,2026-03-01 10:00:00,40,49,30.94,13,0,0
9908,2026-03-01 10:00:00,29,45,220.28,18,6,0
9909,2026-03-01 10:00:00,60,1,104.48,15,5,0
9910,2026-03-01 10:00:00,60,10,117.99,20,3,1
9911,2026-03-01 10:00:00,53,47,205.09,17,2,0
9912,2026-03-01 10:00:00,37,59,146.19,17,3,0
9913,2026-03-01 10:00:00,61,59,141.28,17,3,0
9914,2026-03-01 10:00:00,18,32,144.68,27,1,0
9915,2026-03-01 10:00:00,35,39,123.94,21,6,0
9916,2026-03-01 10:00:00,68,22,87.38,20,3,0
9917,2026-03-01 10:00:00,62,18,148.11,20,4,0
9918,2026-03-01 10:00:00,64,48,77.16,21,4,0
9919,2026-03-01 10:00:00,69,46,139.63,16,1,0
9920,2026-03-01 10:00:00,35,32,139.61,15,3,0
9921,2026-03-01 10:00:00,20,27,95.67,18,1,0
9922,2026-03-01 10:00:00,52,28,58.04,23,2,0
9923,2026-03-01 10:00:00,43,18,90.94,22,1,0
9924,2026-03-01 10:00:00,58,59,110.16,22,2,0
9925,2026-03-01 10:00:00,53,39,97.04,18,4,1
9926,2026-03-01 10:00:00,46,49,164.83,11,4,1
9927,2026-03-01 10:00:00,52,29,190.52,19,1,0
9928,2026-03-01 10:00:00,64,18,88.51,20,2,0
9929,2026-03-01 10:00:00,27,44,162.92,20,1,0
9930,2026-03-01 10:00:00,47,8,136.21,18,1,0
9931,2026-03-01 10:00:00,24,54,158.73,26,1,0
9932,2026-03-01 10:00:00,31,31,114.07,16,5,0
9933,2026-03-01 10:00:00,46,34,106.68,12,1,0
9934,2026-03-01 10:00:00,50,7,106.52,17,4,0
9935,2026-03-01 10:00:00,65,36,65.52,24,2,0
9936,2026-03-01 10:00:00,45,18,48.82,19,2,0
9937,2026-03-01 10:00:00,31,38,122.53,24,2,0
9938,2026-03-01 10:00:00,45,59,135.71,15,2,0
9939,2026-03-01 10:00:00,67,9,116.45,18,2,0
9940,2026-03-01 10:00:00,41,59,109.89,24,3,0
9941,2026-03-01 10:00:00,31,9,124.68,18,2,0
9942,2026-03-01 10:00:00,50,46,165.14,23,2,0
9943,2026-03-01 10:00:00,60,8,178.26,19,3,1
9944,2026-03-01 10:00:00,60,51,179.97,21,2,0
9945,2026-03-01 10:00:00,60,35,121.31,19,2,0
9946,2026-03-01 10:00:00,55,18,138.07,22,3,0
9947,2026-03-01 10:00:00,62,5,96.69,19,3,1
9948,2026-03-01 10:00:00,21,14,131.58,14,2,0
9949,2026-03-01 10:00:00,22,28,158.58,20,3,0
9950,2026-03-01 10:00:00,23,30,114.72,17,1,1
9951,2026-03-01 10:00:00,31,4,110.88,30,2,1
9952,2026-03-01 10:00:00,58,39,191.48,14,6,0
9953,2026-03-01 10:00:00,62,20,96.32,24,0,0
9954,2026-03-01 10:00:00,69,25,134.85,14,1,0
9955,2026-03-01 10:00:00,54,28,141.74,23,1,0
9956,2026-03-01 10:00:00,50,12,141.7,17,1,0
9957,2026-03-01 10:00:00,31,2,130.16,18,0,0
9958,2026-03-01 10:00:00,55,43,179.23,15,4,0
9959,2026-03-01 10:00:00,25,14,130.98,18,1,0
9960,2026-03-01 10:00:00,18,22,87.29,21,1,0
9961,2026-03-01 10:00:00,39,31,127.92,25,2,0
9962,2026-03-01 10:00:00,47,23,100.63,25,1,0
9963,2026-03-01 10:00:00,39,48,158.29,21,3,0
9964,2026-03-01 10:00:00,60,20,132.58,29,4,0
9965,2026-03-01 10:00:00,67,38,133.92,17,1,0
9966,2026-03-01 10:00:00,59,55,158.31,16,2,0
9967,2026-03-01 10:00:00,45,4,162.5,23,1,1
9968,2026-03-01 10:00:00,23,15,75.48,22,5,1
9969,2026-03-01 10:00:00,49,24,92.85,18,1,0
9970,2026-03-01 10:00:00,42,25,189.71,24,1,0
9971,2026-03-01 10:00:00,30,1,111.14,20,1,0
9972,2026-03-01 10:00:00,62,7,125.31,19,1,0
9973,2026-03-01 10:00:00,27,57,120.3,18,3,0
9974,2026-03-01 10:00:00,34,31,130.22,24,2,0
9975,2026-03-01 10:00:00,31,12,118.1,16,2,0
9976,2026-03-01 10:00:00,33,42,159.26,27,1,0
9977,2026-03-01 10:00:00,66,5,88.29,23,2,0
9978,2026-03-01 10:00:00,45,44,74.78,24,2,0
9979,2026-03-01 10:00:00,30,50,132.23,23,1,0
9980,2026-03-01 10:00:00,44,42,144.24,31,3,0
9981,2026-03-01 10:00:00,34,38,98.61,17,9,1
9982,2026-03-01 10:00:00,69,12,75.72,26,2,0
9983,2026-03-01 10:00:00,63,39,123.6,20,1,0
9984,2026-03-01 10:00:00,27,18,108.14,20,1,0
9985,2026-03-01 10:00:00,63,2,98.72,17,3,0
9986,2026-03-01 10:00:00,52,10,113.91,11,1,0
9987,2026-03-01 10:00:00,69,15,109.52,23,2,0
9988,2026-03-01 10:00:00,55,30,170.19,21,1,0
9989,2026-03-01 10:00:00,27,44,143.87,14,0,0
9990,2026-03-01 10:00:00,63,58,178.69,25,1,0
9991,2026-03-01 10:00:00,59,17,81.59,13,0,0
9992,2026-03-01 10:00:00,50,4,117.11,16,2,0
9993,2026-03-01 10:00:00,54,7,156.06,16,2,0
9994,2026-03-01 10:00:00,43,41,202.38,21,0,0
9995,2026-03-01 10:00:00,66,31,121.31,22,1,0
9996,2026-03-01 10:00:00,63,51,127.75,17,1,0
9997,2026-03-01 10:00:00,43,59,147.72,18,2,0
9998,2026-03-01 10:00:00,49,55,122.66,20,3,0
9999,2026-03-01 10:00:00,57,39,63.42,17,10,0
10000,2026-03-01 10:00:00,39,55,116.15,17,3,0
10001,2026-03-01 10:00:00,47,34,58.1,16,0,1
10002,2026-03-01 10:00:00,57,6,88.34,23,0,0
10003,2026-03-01 10:00:00,23,50,161.31,25,1,0
10004,2026-03-01 10:00:00,41,38,120.79,28,1,0
10005,2026-03-01 10:00:00,59,45,120.57,27,2,1
10006,2026-03-01 10:00:00,32,58,110.33,23,1,0
10007,2026-03-01 10:00:00,66,51,52.73,18,2,0
10008,2026-03-01 10:00:00,63,34,141.55,21,0,0
10009,2026-03-01 10:00:00,64,44,158.33,20,2,0
10010,2026-03-01 10:00:00,55,15,123.82,17,1,0
10011,2026-03-01 10:00:00,28,14,107.86,18,0,0
10012,2026-03-01 10:00:00,50,6,134.66,29,1,0
10013,2026-03-01 10:00:00,44,50,189.67,15,1,0
10014,2026-03-01 10:00:00,25,37,126.67,16,1,0
10015,2026-03-01 10:00:00,62,50,71.97,22,0,0
10016,2026-03-01 10:00:00,69,32,150.26,23,2,1
10017,2026-03-01 10:00:00,68,3,20.0,34,1,0
10018,2026-03-01 10:00:00,55,3,126.78,27,1,0
10019,2026-03-01 10:00:00,63,22,60.74,19,3,0
10020,2026-03-01 10:00:00,25,22,97.0,21,2,0
10021,2026-03-01 10:00:00,28,10,168.02,16,4,0
10022,2026-03-01 10:00:00,36,51,87.36,20,2,0
10023,2026-03-01 10:00:00,50,3,94.34,20,2,0
10024,2026-03-01 10:00:00,63,12,114.02,19,3,0
10025,2026-03-01 10:00:00,32,29,173.43,21,0,0
10026,2026-03-01 10:00:00,24,48,134.27,38,1,0
10027,2026-03-01 10:00:00,26,17,127.97,20,2,0
10028,2026-03-01 10:00:00,27,7,94.39,14,2,0
10029,2026-03-01 10:00:00,29,13,45.42,16,2,0
10030,2026-03-01 10:00:00,31,56,171.04,20,2,0
10031,2026-03-01 10:00:00,20,2,115.16,20,2,0
10032,2026-03-01 10:00:00,40,4,88.77,26,1,0
10033,2026-03-01 10:00:00,58,10,86.81,16,2,0
10034,2026-03-01 10:00:00,45,39,110.88,22,3,0
10035,2026-03-01 10:00:00,54,24,160.5,18,3,0
10036,2026-03-01 10:00:00,69,17,102.25,14,0,0
10037,2026-03-01 10:00:00,60,52,109.04,21,0,0
10038,2026-03-01 10:00:00,66,6,137.33,16,0,0
10039,2026-03-01 10:00:00,25,19,80.14,19,3,0
10040,2026-03-01 10:00:00,50,5,80.04,20,0,0
10041,2026-03-01 10:00:00,29,32,62.68,25,3,0
10042,2026-03-01 10:00:00,38,10,177.57,14,2,0
10043,2026-03-01 10:00:00,39,9,60.66,22,3,0
10044,2026-03-01 10:00:00,36,27,180.19,16,0,0
10045,2026-03-01 10:00:00,58,13,148.56,23,1,0
10046,2026-03-01 10:00:00,54,19,128.75,24,2,0
10047,2026-03-01 10:00:00,43,21,122.35,22,1,0
10048,2026-03-01 10:00:00,20,24,141.36,23,1,0
10049,2026-03-01 10:00:00,43,38,30.67,21,2,0
10050,2026-03-01 10:00:00,40,4,107.39,23,1,0
10051,2026-03-01 10:00:00,50,24,166.8,15,2,0
10052,2026-03-01 10:00:00,29,59,115.19,26,1,0
10053,2026-03-01 10:00:00,34,35,108.29,14,2,1
10054,2026-03-01 10:00:00,40,3,194.6,18,1,1
10055,2026-03-01 10:00:00,69,4,115.32,15,2,1
10056,2026-03-01 10:00:00,23,57,171.16,23,3,0
10057,2026-03-01 10:00:00,63,37,140.38,18,3,0
10058,2026-03-01 10:00:00,21,40,127.62,15,2,0
10059,2026-03-01 10:00:00,49,48,58.48,9,3,0
10060,2026-03-01 10:00:00,30,54,127.71,29,2,0
10061,2026-03-01 10:00:00,65,35,183.46,20,2,0
10062,2026-03-01 10:00:00,45,31,207.97,23,3,0
10063,2026-03-01 10:00:00,56,56,155.09,24,2,0
10064,2026-03-01 10:00:00,59,44,75.21,20,1,0
10065,2026-03-01 10:00:00,53,25,118.07,18,2,0
10066,2026-03-01 10:00:00,64,40,71.3,16,2,0
10067,2026-03-01 10:00:00,38,13,111.99,27,2,0
10068,2026-03-01 10:00:00,28,4,143.9,25,2,1
10069,2026-03-01 10:00:00,18,46,136.47,19,1,0
10070,2026-03-01 10:00:00,49,14,79.19,19,1,0
10071,2026-03-01 10:00:00,53,13,123.97,18,1,1
10072,2026-03-01 10:00:00,30,27,106.86,27,2,0
10073,2026-03-01 10:00:00,50,6,126.2,26,2,0
10074,2026-03-01 10:00:00,52,17,125.52,16,0,0
10075,2026-03-01 10:00:00,69,36,58.51,17,2,0
10076,2026-03-01 10:00:00,60,40,165.32,26,1,0
10077,2026-03-01 10:00:00,22,49,193.53,14,1,0
10078,2026-03-01 10:00:00,34,35,151.21,16,3,0
10079,2026-03-01 10:00:00,61,17,66.03,20,1,1
10080,2026-03-01 10:00:00,39,41,144.44,17,1,0
10081,2026-03-01 10:00:00,31,2,64.89,27,4,1
10082,2026-03-01 10:00:00,27,57,191.39,17,3,0
10083,2026-03-01 10:00:00,52,13,194.34,15,0,0
10084,2026-03-01 10:00:00,62,52,101.86,17,2,0
10085,2026-03-01 10:00:00,53,2,75.69,19,1,0
10086,2026-03-01 10:00:00,40,52,143.12,26,2,0
10087,2026-03-01 10:00:00,61,28,145.48,23,4,1
10088,2026-03-01 10:00:00,57,43,132.96,20,2,0
10089,2026-03-01 10:00:00,58,59,152.58,23,0,0
10090,2026-03-01 10:00:00,36,26,114.75,22,1,0
10091,2026-03-01 10:00:00,53,22,66.28,24,0,0
10092,2026-03-01 10:00:00,44,47,154.16,18,3,0
10093,2026-03-01 10:00:00,20,43,166.48,21,2,0
10094,2026-03-01 10:00:00,22,55,62.49,21,2,0
10095,2026-03-01 10:00:00,42,3,141.56,21,1,0
10096,2026-03-01 10:00:00,22,35,196.44,19,3,0
10097,2026-03-01 10:00:00,62,58,126.04,16,1,0
10098,2026-03-01 10:00:00,67,12,137.58,20,7,0
10099,2026-03-01 10:00:00,67,24,98.39,24,1,0
10100,2026-03-01 10:00:00,23,5,154.02,17,1,1
10101,2026-03-01 10:00:00,18,20,126.36,16,1,0
10102,2026-03-01 10:00:00,48,39,117.11,14,2,0
10103,2026-03-01 10:00:00,60,39,120.01,17,2,0
10104,2026-03-01 10:00:00,53,13,91.26,19,1,0
10105,2026-03-01 10:00:00,60,41,103.14,17,1,0
10106,2026-03-01 10:00:00,49,57,147.46,21,2,0
10107,2026-03-01 10:00:00,24,53,103.2,24,2,0
10108,2026-03-01 10:00:00,49,45,129.33,15,2,0
10109,2026-03-01 10:00:00,22,12,90.43,19,0,0
10110,2026-03-01 10:00:00,25,13,81.11,22,2,0
10111,2026-03-01 10:00:00,31,56,107.22,12,4,0
10112,2026-03-01 10:00:00,27,10,144.24,22,2,0
10113,2026-03-01 10:00:00,45,33,44.39,17,0,0
10114,2026-03-01 10:00:00,45,57,126.03,17,2,0
10115,2026-03-01 10:00:00,42,40,127.73,19,1,0
10116,2026-03-01 10:00:00,51,54,110.14,13,4,1
10117,2026-03-01 10:00:00,23,16,174.85,22,2,1
10118,2026-03-01 10:00:00,41,45,212.46,17,2,0
10119,2026-03-01 10:00:00,51,35,165.95,18,2,0
10120,2026-03-01 10:00:00,30,3,137.13,16,2,0
10121,2026-03-01 10:00:00,18,56,121.35,21,1,0
10122,2026-03-01 10:00:00,58,5,194.91,19,2,0
10123,2026-03-01 10:00:00,65,26,116.8,19,4,1
10124,2026-03-01 10:00:00,36,11,104.65,30,4,1
10125,2026-03-01 10:00:00,57,7,126.96,24,1,0
10126,2026-03-01 10:00:00,61,53,155.85,19,3,0
10127,2026-03-01 10:00:00,38,56,94.69,20,4,1
10128,2026-03-01 10:00:00,26,10,113.14,16,1,0
10129,2026-03-01 10:00:00,59,42,158.58,20,1,0
10130,2026-03-01 10:00:00,53,52,188.61,26,1,0
10131,2026-03-01 10:00:00,26,34,101.61,15,3,0
10132,2026-03-01 10:00:00,66,3,98.87,25,3,0
10133,2026-03-01 10:00:00,21,8,120.22,20,1,0
10134,2026-03-01 10:00:00,64,31,27.97,16,2,0
10135,2026-03-01 10:00:00,51,11,77.01,17,2,0
10136,2026-03-01 10:00:00,18,45,122.25,16,3,0
10137,2026-03-01 10:00:00,53,7,160.13,27,1,0
10138,2026-03-01 10:00:00,59,45,113.58,23,2,0
10139,2026-03-01 10:00:00,23,2,77.79,20,1,0
10140,2026-03-01 10:00:00,58,6,161.91,25,0,1
10141,2026-03-01 10:00:00,21,41,76.66,17,4,1
10142,2026-03-01 10:00:00,67,32,35.74,21,0,0
10143,2026-03-01 10:00:00,30,20,90.06,25,2,0
10144,2026-03-01 10:00:00,18,57,118.64,16,2,0
10145,2026-03-01 10:00:00,69,34,124.54,11,4,0
10146,2026-03-01 10:00:00,41,50,103.08,18,5,0
10147,2026-03-01 10:00:00,44,16,138.2,16,0,0
10148,2026-03-01 10:00:00,27,25,80.52,17,2,0
10149,2026-03-01 10:00:00,59,12,126.55,20,5,0
10150,2026-03-01 10:00:00,23,7,73.29,18,5,0
10151,2026-03-01 10:00:00,62,39,85.68,15,0,0
10152,2026-03-01 10:00:00,59,17,94.04,27,2,0
10153,2026-03-01 10:00:00,67,45,105.12,20,1,0
10154,2026-03-01 10:00:00,30,11,62.54,22,0,0
10155,2026-03-01 10:00:00,33,6,171.67,20,2,0
10156,2026-03-01 10:00:00,22,23,126.43,22,1,0
10157,2026-03-01 10:00:00,46,27,85.05,14,2,0
10158,2026-03-01 10:00:00,53,46,147.56,20,9,0
10159,2026-03-01 10:00:00,43,6,101.25,18,1,0
10160,2026-03-01 10:00:00,43,38,117.39,20,3,1
10161,2026-03-01 10:00:00,64,2,189.38,18,3,0
10162,2026-03-01 10:00:00,68,22,143.85,26,3,0
10163,2026-03-01 10:00:00,24,20,97.55,23,3,0
10164,2026-03-01 10:00:00,19,25,134.49,21,1,0
10165,2026-03-01 10:00:00,58,15,161.35,18,2,0
10166,2026-03-01 10:00:00,58,49,120.0,21,2,0
10167,2026-03-01 10:00:00,26,29,101.07,16,2,0
10168,2026-03-01 10:00:00,26,8,108.51,21,1,0
10169,2026-03-01 10:00:00,55,37,174.0,17,0,0
10170,2026-03-01 10:00:00,19,49,90.7,19,2,0
10171,2026-03-01 10:00:00,30,52,115.61,24,4,0
10172,2026-03-01 10:00:00,52,33,148.8,15,1,0
10173,2026-03-01 10:00:00,23,22,170.51,21,2,0
10174,2026-03-01 10:00:00,40,50,68.9,16,1,1
10175,2026-03-01 10:00:00,24,47,125.68,17,2,0
10176,2026-03-01 10:00:00,54,5,123.63,19,2,0
10177,2026-03-01 10:00:00,47,39,130.39,22,0,0
10178,2026-03-01 10:00:00,64,18,141.56,21,2,0
10179,2026-03-01 10:00:00,56,38,116.32,18,4,0
10180,2026-03-01 10:00:00,19,54,111.21,14,2,0
10181,2026-03-01 10:00:00,23,53,77.53,18,0,0
10182,2026-03-01 10:00:00,20,37,72.91,21,1,0
10183,2026-03-01 10:00:00,56,30,138.1,15,4,0
10184,2026-03-01 10:00:00,31,51,61.99,32,3,0
10185,2026-03-01 10:00:00,31,31,127.7,19,3,0
10186,2026-03-01 10:00:00,32,10,148.49,16,0,0
10187,2026-03-01 10:00:00,64,15,143.6,22,3,0
10188,2026-03-01 10:00:00,63,42,211.81,14,2,0
10189,2026-03-01 10:00:00,42,59,76.09,18,2,0
10190,2026-03-01 10:00:00,55,48,117.26,14,2,0
10191,2026-03-01 10:00:00,55,44,119.15,14,0,0
10192,2026-03-01 10:00:00,64,18,177.62,25,5,1
10193,2026-03-01 10:00:00,35,23,138.77,20,1,0
10194,2026-03-01 10:00:00,62,33,110.32,16,0,0
10195,2026-03-01 10:00:00,44,16,147.84,20,1,0
10196,2026-03-01 10:00:00,63,54,117.45,17,5,1
10197,2026-03-01 10:00:00,35,38,92.89,18,1,0
10198,2026-03-01 10:00:00,24,35,96.01,14,4,1
10199,2026-03-01 10:00:00,63,34,116.02,23,2,0
10200,2026-03-01 10:00:00,25,28,140.06,15,2,0
10201,2026-03-01 10:00:00,35,2,59.38,16,2,1
10202,2026-03-01 10:00:00,61,30,146.77,22,3,0
10203,2026-03-01 10:00:00,24,13,99.62,23,1,0
10204,2026-03-01 10:00:00,59,41,58.29,19,1,0
10205,2026-03-01 10:00:00,23,16,164.69,15,0,0
10206,2026-03-01 10:00:00,63,59,87.6,22,4,1
10207,2026-03-01 10:00:00,69,5,179.78,23,0,0
10208,2026-03-01 10:00:00,31,55,157.7,18,2,0
10209,2026-03-01 10:00:00,33,28,156.59,19,4,0
10210,2026-03-01 10:00:00,35,53,123.62,13,1,0
10211,2026-03-01 10:00:00,65,39,145.46,22,1,0
10212,2026-03-01 10:00:00,56,45,66.24,21,1,0
10213,2026-03-01 10:00:00,60,20,111.36,15,0,0
10214,2026-03-01 10:00:00,27,24,139.44,15,2,0
10215,2026-03-01 10:00:00,34,27,168.62,25,1,0
10216,2026-03-01 10:00:00,27,30,77.99,14,2,0
10217,2026-03-01 10:00:00,41,58,108.46,21,1,1
10218,2026-03-01 10:00:00,42,45,131.93,20,5,0
10219,2026-03-01 10:00:00,28,27,140.35,20,0,0
10220,2026-03-01 10:00:00,19,26,132.38,23,1,0
10221,2026-03-01 10:00:00,23,7,46.18,20,0,0
10222,2026-03-01 10:00:00,56,42,106.9,20,2,0
10223,2026-03-01 10:00:00,28,47,120.54,19,0,0
10224,2026-03-01 10:00:00,31,53,116.25,15,6,1
10225,2026-03-01 10:00:00,51,59,93.65,15,3,1
10226,2026-03-01 10:00:00,51,38,115.05,20,1,0
10227,2026-03-01 10:00:00,69,5,166.69,17,1,0
10228,2026-03-01 10:00:00,68,23,222.73,18,1,0
10229,2026-03-01 10:00:00,54,28,77.28,18,3,0
10230,2026-03-01 10:00:00,57,34,127.16,32,2,0
10231,2026-03-01 10:00:00,32,53,133.09,22,1,0
10232,2026-03-01 10:00:00,47,15,152.82,19,1,0
10233,2026-03-01 10:00:00,64,32,140.58,21,5,1
10234,2026-03-01 10:00:00,28,26,136.72,21,6,0
10235,2026-03-01 10:00:00,37,48,132.34,16,4,0
10236,2026-03-01 10:00:00,42,31,141.87,13,1,0
10237,2026-03-01 10:00:00,45,19,91.45,19,5,1
10238,2026-03-01 10:00:00,30,9,138.43,25,4,0
10239,2026-03-01 10:00:00,66,29,140.8,21,6,0
10240,2026-03-01 10:00:00,40,54,92.88,16,0,0
10241,2026-03-01 10:00:00,28,58,131.13,22,2,0
10242,2026-03-01 10:00:00,32,51,61.08,23,2,0
10243,2026-03-01 10:00:00,65,39,82.96,16,2,0
10244,2026-03-01 10:00:00,68,4,85.4,20,2,0
10245,2026-03-01 10:00:00,44,3,70.54,19,3,1
10246,2026-03-01 10:00:00,67,56,112.74,15,5,0
10247,2026-03-01 10:00:00,26,29,113.52,16,1,0
10248,2026-03-01 10:00:00,39,52,126.37,16,2,0
10249,2026-03-01 10:00:00,46,11,113.27,23,4,1
10250,2026-03-01 10:00:00,18,33,180.5,18,2,0
10251,2026-03-01 10:00:00,36,38,95.88,25,2,0
10252,2026-03-01 10:00:00,56,58,75.06,17,3,0
10253,2026-03-01 10:00:00,52,11,53.69,18,6,1
10254,2026-03-01 10:00:00,49,27,97.98,28,4,1
10255,2026-03-01 10:00:00,32,33,98.96,20,3,0
10256,2026-03-01 10:00:00,25,21,164.43,24,1,0
10257,2026-03-01 10:00:00,31,39,100.58,22,3,0
10258,2026-03-01 10:00:00,58,31,119.62,20,3,0
10259,2026-03-01 10:00:00,24,38,115.98,16,4,1
10260,2026-03-01 10:00:00,60,46,47.53,27,0,0
10261,2026-03-01 10:00:00,24,2,163.95,21,2,1
10262,2026-03-01 10:00:00,49,27,92.16,19,3,1
10263,2026-03-01 10:00:00,57,36,146.83,25,0,0
10264,2026-03-01 10:00:00,37,11,96.97,21,1,0
10265,2026-03-01 10:00:00,51,47,97.35,16,3,0
10266,2026-03-01 10:00:00,23,18,85.21,18,4,0
10267,2026-03-01 10:00:00,38,59,106.65,20,4,0
10268,2026-03-01 10:00:00,44,1,144.23,16,3,0
10269,2026-03-01 10:00:00,31,35,64.02,18,2,0
10270,2026-03-01 10:00:00,45,35,153.32,29,4,0
10271,2026-03-01 10:00:00,24,31,157.16,16,0,0
10272,2026-03-01 10:00:00,42,28,100.04,25,3,0
10273,2026-03-01 10:00:00,65,39,62.96,32,2,0
10274,2026-03-01 10:00:00,61,1,134.76,16,0,0
10275,2026-03-01 10:00:00,28,25,114.9,14,4,1
10276,2026-03-01 10:00:00,57,43,143.89,25,3,0
10277,2026-03-01 10:00:00,62,38,50.31,20,0,0
10278,2026-03-01 10:00:00,22,20,54.14,11,2,0
10279,2026-03-01 10:00:00,58,3,202.65,20,3,0
10280,2026-03-01 10:00:00,69,51,151.87,20,2,0
10281,2026-03-01 10:00:00,55,2,102.9,14,2,0
10282,2026-03-01 10:00:00,21,18,57.33,15,1,0
10283,2026-03-01 10:00:00,19,44,75.9,24,1,0
10284,2026-03-01 10:00:00,45,10,142.48,25,2,0
10285,2026-03-01 10:00:00,66,5,88.56,16,1,0
10286,2026-03-01 10:00:00,21,9,53.69,24,4,0
10287,2026-03-01 10:00:00,50,2,89.13,20,4,1
10288,2026-03-01 10:00:00,43,34,60.67,27,2,0
10289,2026-03-01 10:00:00,36,38,94.68,14,1,0
10290,2026-03-01 10:00:00,46,31,86.3,16,2,0
10291,2026-03-01 10:00:00,28,10,146.97,18,0,0
10292,2026-03-01 10:00:00,58,50,151.06,13,0,0
10293,2026-03-01 10:00:00,62,12,84.38,28,1,0
10294,2026-03-01 10:00:00,32,36,111.84,19,3,0
10295,2026-03-01 10:00:00,34,54,133.08,15,4,1
10296,2026-03-01 10:00:00,67,21,170.04,17,3,0
10297,2026-03-01 10:00:00,62,49,103.98,19,0,0
10298,2026-03-01 10:00:00,44,47,54.59,17,2,1
10299,2026-03-01 10:00:00,21,6,116.71,30,1,0
10300,2026-03-01 10:00:00,29,48,135.29,26,2,0
10301,2026-03-01 10:00:00,56,49,125.73,30,3,0
10302,2026-03-01 10:00:00,22,3,129.35,19,0,0
10303,2026-03-01 10:00:00,19,10,135.32,19,2,0
10304,2026-03-01 10:00:00,25,5,141.8,32,2,0
10305,2026-03-01 10:00:00,56,46,61.97,22,0,0
10306,2026-03-01 10:00:00,48,26,89.8,25,2,0
10307,2026-03-01 10:00:00,45,21,99.24,15,2,0
10308,2026-03-01 10:00:00,49,45,130.23,23,0,0
10309,2026-03-01 10:00:00,67,26,80.87,24,3,1
10310,2026-03-01 10:00:00,42,38,74.89,13,1,0
10311,2026-03-01 10:00:00,30,44,130.56,23,2,0
10312,2026-03-01 10:00:00,63,26,135.88,22,1,0
10313,2026-03-01 10:00:00,59,8,160.43,22,2,0
10314,2026-03-01 10:00:00,39,5,145.32,17,1,0
10315,2026-03-01 10:00:00,62,15,66.5,21,2,0
10316,2026-03-01 10:00:00,33,59,151.04,19,1,0
10317,2026-03-01 10:00:00,41,16,109.35,18,3,0
10318,2026-03-01 10:00:00,47,1,103.95,24,1,0
10319,2026-03-01 10:00:00,44,16,112.78,13,0,0
10320,2026-03-01 10:00:00,62,37,165.11,26,2,0
10321,2026-03-01 10:00:00,35,3,58.21,20,1,0
10322,2026-03-01 10:00:00,64,52,90.38,26,4,1
10323,2026-03-01 10:00:00,25,47,101.66,25,1,0
10324,2026-03-01 10:00:00,20,31,79.53,23,1,0
10325,2026-03-01 10:00:00,32,13,70.48,16,0,0
10326,2026-03-01 10:00:00,26,56,94.99,15,3,0
10327,2026-03-01 10:00:00,50,16,32.2,20,4,1
10328,2026-03-01 10:00:00,67,55,132.43,20,3,0
10329,2026-03-01 10:00:00,65,43,141.55,16,2,0
10330,2026-03-01 10:00:00,57,21,132.27,17,2,0
10331,2026-03-01 10:00:00,42,2,107.04,21,0,0
10332,2026-03-01 10:00:00,66,54,147.1,16,0,0
10333,2026-03-01 10:00:00,24,27,89.3,24,3,0
10334,2026-03-01 10:00:00,36,38,138.16,17,3,0
10335,2026-03-01 10:00:00,34,26,125.41,26,1,0
10336,2026-03-01 10:00:00,27,58,46.94,15,3,0
10337,2026-03-01 10:00:00,24,59,126.87,24,0,0
10338,2026-03-01 10:00:00,59,38,124.61,19,2,0
10339,2026-03-01 10:00:00,23,46,195.71,17,2,0
10340,2026-03-01 10:00:00,24,25,94.96,22,2,0
10341,2026-03-01 10:00:00,40,11,121.26,16,4,0
10342,2026-03-01 10:00:00,41,8,186.07,21,2,0
10343,2026-03-01 10:00:00,21,8,134.03,17,2,0
10344,2026-03-01 10:00:00,23,33,140.76,15,1,0
10345,2026-03-01 10:00:00,68,53,70.34,23,3,0
10346,2026-03-01 10:00:00,19,7,106.92,17,1,0
10347,2026-03-01 10:00:00,25,38,136.08,12,5,0
10348,2026-03-01 10:00:00,21,21,91.58,16,4,1
10349,2026-03-01 10:00:00,39,8,145.86,24,0,0
10350,2026-03-01 10:00:00,66,51,167.34,21,1,0
10351,2026-03-01 10:00:00,31,54,195.19,19,1,0
10352,2026-03-01 10:00:00,62,21,181.04,16,1,0
10353,2026-03-01 10:00:00,26,56,113.96,19,2,0
10354,2026-03-01 10:00:00,63,20,107.95,17,2,0
10355,2026-03-01 10:00:00,48,8,113.01,22,3,0
10356,2026-03-01 10:00:00,20,58,69.42,23,1,0
10357,2026-03-01 10:00:00,63,46,110.89,22,2,0
10358,2026-03-01 10:00:00,43,31,97.24,17,0,0
10359,2026-03-01 10:00:00,20,50,55.16,19,2,0
10360,2026-03-01 10:00:00,48,57,137.81,20,1,0
10361,2026-03-01 10:00:00,43,29,62.11,24,1,0
10362,2026-03-01 10:00:00,19,48,82.7,12,2,0
10363,2026-03-01 10:00:00,46,9,167.94,19,2,0
10364,2026-03-01 10:00:00,50,15,115.82,23,2,0
10365,2026-03-01 10:00:00,65,30,127.09,14,4,0
10366,2026-03-01 10:00:00,49,26,168.48,17,0,0
10367,2026-03-01 10:00:00,37,10,153.88,16,4,0
10368,2026-03-01 10:00:00,20,29,180.17,16,3,0
10369,2026-03-01 10:00:00,65,54,117.94,19,2,0
10370,2026-03-01 10:00:00,57,16,169.83,15,1,0
10371,2026-03-01 10:00:00,36,36,76.46,27,2,1
10372,2026-03-01 10:00:00,56,20,130.17,13,4,1
10373,2026-03-01 10:00:00,66,45,40.97,30,2,0
10374,2026-03-01 10:00:00,53,54,128.99,18,2,0
10375,2026-03-01 10:00:00,32,37,169.13,22,3,0
10376,2026-03-01 10:00:00,51,22,112.9,17,3,0
10377,2026-03-01 10:00:00,29,7,101.96,14,2,0
10378,2026-03-01 10:00:00,57,23,127.06,21,2,0
10379,2026-03-01 10:00:00,40,41,47.53,12,6,0
10380,2026-03-01 10:00:00,59,40,23.2,19,0,0
10381,2026-03-01 10:00:00,30,29,159.36,20,2,0
10382,2026-03-01 10:00:00,51,16,136.93,15,2,0
10383,2026-03-01 10:00:00,68,38,80.67,16,0,0
10384,2026-03-01 10:00:00,19,28,78.26,21,1,0
10385,2026-03-01 10:00:00,59,48,148.65,19,3,0
10386,2026-03-01 10:00:00,64,38,89.44,20,3,0
10387,2026-03-01 10:00:00,48,31,71.72,21,4,0
10388,2026-03-01 10:00:00,42,14,142.67,13,2,0
10389,2026-03-01 10:00:00,34,53,33.78,24,1,0
10390,2026-03-01 10:00:00,21,33,71.27,23,6,0
10391,2026-03-01 10:00:00,43,57,172.47,19,1,0
10392,2026-03-01 10:00:00,67,9,126.1,19,1,0
10393,2026-03-01 10:00:00,41,57,111.48,9,0,0
10394,2026-03-01 10:00:00,61,27,131.83,23,0,0
10395,2026-03-01 10:00:00,25,24,170.67,12,1,0
10396,2026-03-01 10:00:00,42,13,137.26,28,1,0
10397,2026-03-01 10:00:00,27,26,104.52,19,1,0
10398,2026-03-01 10:00:00,64,29,84.59,22,2,0
10399,2026-03-01 10:00:00,66,51,104.36,15,2,0
10400,2026-03-01 10:00:00,43,49,76.97,28,2,0
10401,2026-03-01 10:00:00,36,43,119.69,27,4,0
10402,2026-03-01 10:00:00,41,28,96.38,25,6,1
10403,2026-03-01 10:00:00,41,28,225.08,17,2,0
10404,2026-03-01 10:00:00,65,8,130.63,18,4,1
10405,2026-03-01 10:00:00,26,23,90.24,15,3,0
10406,2026-03-01 10:00:00,44,29,149.77,21,3,0
10407,2026-03-01 10:00:00,45,5,81.48,18,2,1
10408,2026-03-01 10:00:00,55,42,233.8,19,2,0
10409,2026-03-01 10:00:00,20,7,86.19,26,2,0
10410,2026-03-01 10:00:00,56,42,31.71,18,2,0
10411,2026-03-01 10:00:00,68,36,96.42,24,1,0
10412,2026-03-01 10:00:00,58,41,173.14,14,1,0
10413,2026-03-01 10:00:00,23,27,68.48,27,0,0
10414,2026-03-01 10:00:00,53,58,138.81,16,1,0
10415,2026-03-01 10:00:00,58,46,121.11,20,3,0
10416,2026-03-01 10:00:00,19,2,86.63,19,2,0
10417,2026-03-01 10:00:00,64,25,112.99,27,1,0
10418,2026-03-01 10:00:00,21,9,134.79,22,3,0
10419,2026-03-01 10:00:00,46,53,185.3,24,3,0
10420,2026-03-01 10:00:00,33,27,83.67,32,2,0
10421,2026-03-01 10:00:00,60,1,62.22,21,0,1
10422,2026-03-01 10:00:00,46,23,140.78,19,1,0
10423,2026-03-01 10:00:00,26,10,90.73,23,4,1
10424,2026-03-01 10:00:00,59,42,154.55,21,2,0
10425,2026-03-01 10:00:00,33,52,157.6,26,1,1
10426,2026-03-01 10:00:00,19,25,159.96,15,1,0
10427,2026-03-01 10:00:00,25,54,119.79,17,2,1
10428,2026-03-01 10:00:00,36,3,137.79,18,4,1
10429,2026-03-01 10:00:00,24,6,137.1,22,3,0
10430,2026-03-01 10:00:00,64,58,100.14,23,1,0
10431,2026-03-01 10:00:00,21,6,145.54,17,3,0
10432,2026-03-01 10:00:00,47,53,138.0,20,3,0
10433,2026-03-01 10:00:00,48,2,198.09,17,4,0
10434,2026-03-01 10:00:00,59,58,148.77,21,0,0
10435,2026-03-01 10:00:00,65,58,101.05,22,3,0
10436,2026-03-01 10:00:00,63,18,200.32,17,1,0
10437,2026-03-01 10:00:00,64,23,53.69,24,2,0
10438,2026-03-01 10:00:00,20,2,90.73,27,1,0
10439,2026-03-01 10:00:00,45,12,96.74,21,3,0
10440,2026-03-01 10:00:00,49,22,133.65,22,0,0
10441,2026-03-01 10:00:00,61,37,91.01,13,2,0
10442,2026-03-01 10:00:00,69,20,76.09,9,0,0
10443,2026-03-01 10:00:00,59,39,102.87,19,2,0
10444,2026-03-01 10:00:00,45,24,105.61,21,4,1
10445,2026-03-01 10:00:00,61,48,78.53,22,3,0
10446,2026-03-01 10:00:00,33,20,118.42,13,1,0
10447,2026-03-01 10:00:00,35,1,143.25,22,2,0
10448,2026-03-01 10:00:00,53,1,108.98,16,5,1
10449,2026-03-01 10:00:00,22,17,166.83,21,1,0
10450,2026-03-01 10:00:00,60,59,231.89,16,1,0
10451,2026-03-01 10:00:00,54,1,143.52,23,0,0
10452,2026-03-01 10:00:00,23,53,158.27,22,0,0
10453,2026-03-01 10:00:00,20,52,82.68,20,0,0
10454,2026-03-01 10:00:00,49,45,106.07,21,0,0
10455,2026-03-01 10:00:00,43,30,101.62,19,5,1
10456,2026-03-01 10:00:00,51,41,131.92,12,2,0
10457,2026-03-01 10:00:00,20,47,160.87,20,2,0
10458,2026-03-01 10:00:00,57,3,91.37,30,2,1
10459,2026-03-01 10:00:00,47,46,152.27,16,3,0
10460,2026-03-01 10:00:00,19,55,139.14,23,3,0
10461,2026-03-01 10:00:00,62,11,184.88,26,1,0
10462,2026-03-01 10:00:00,58,24,174.24,17,2,0
10463,2026-03-01 10:00:00,18,22,42.41,13,2,1
10464,2026-03-01 10:00:00,38,44,118.64,16,2,0
10465,2026-03-01 10:00:00,59,45,78.36,22,3,0
10466,2026-03-01 10:00:00,24,26,118.59,24,1,0
10467,2026-03-01 10:00:00,36,13,123.01,22,0,0
10468,2026-03-01 10:00:00,51,1,105.28,20,2,0
10469,2026-03-01 10:00:00,44,24,112.0,24,0,0
10470,2026-03-01 10:00:00,35,10,165.26,16,4,0
10471,2026-03-01 10:00:00,26,35,113.65,19,2,0
10472,2026-03-01 10:00:00,31,24,96.16,21,1,0
10473,2026-03-01 10:00:00,59,28,143.05,21,1,0
10474,2026-03-01 10:00:00,41,36,106.64,24,2,0
10475,2026-03-01 10:00:00,24,16,71.73,18,2,0
10476,2026-03-01 10:00:00,47,40,153.46,23,0,0
10477,2026-03-01 10:00:00,57,16,121.6,18,1,0
10478,2026-03-01 10:00:00,22,59,176.15,15,1,0
10479,2026-03-01 10:00:00,27,17,129.77,26,1,0
10480,2026-03-01 10:00:00,28,51,132.17,24,3,0
10481,2026-03-01 10:00:00,65,54,89.03,22,1,0
10482,2026-03-01 10:00:00,21,15,133.3,16,4,0
10483,2026-03-01 10:00:00,69,16,184.93,17,3,1
10484,2026-03-01 10:00:00,19,15,177.23,23,3,0
10485,2026-03-01 10:00:00,62,57,101.02,27,0,0
10486,2026-03-01 10:00:00,66,34,138.97,25,3,0
10487,2026-03-01 10:00:00,57,11,166.07,26,1,0
10488,2026-03-01 10:00:00,57,1,135.45,25,4,1
10489,2026-03-01 10:00:00,38,15,121.81,21,2,0
10490,2026-03-01 10:00:00,27,26,112.27,15,3,0
10491,2026-03-01 10:00:00,47,51,111.7,17,1,0
10492,2026-03-01 10:00:00,26,4,173.06,20,4,1
10493,2026-03-01 10:00:00,24,43,142.67,20,2,0
10494,2026-03-01 10:00:00,65,5,95.34,24,1,0
10495,2026-03-01 10:00:00,36,35,122.87,18,2,0
10496,2026-03-01 10:00:00,33,13,84.81,21,1,0
10497,2026-03-01 10:00:00,59,10,119.52,15,1,0
10498,2026-03-01 10:00:00,46,11,111.61,9,1,0
10499,2026-03-01 10:00:00,35,18,135.55,13,1,0
10500,2026-03-01 10:00:00,31,34,76.37,18,3,0
10501,2026-03-01 10:00:00,67,39,126.12,21,1,0
10502,2026-03-01 10:00:00,27,41,104.94,22,3,0
10503,2026-03-01 10:00:00,29,42,110.25,17,4,0
10504,2026-03-01 10:00:00,61,50,182.01,10,1,0
10505,2026-03-01 10:00:00,52,23,177.89,25,1,0
10506,2026-03-01 10:00:00,38,7,32.47,27,0,0
10507,2026-03-01 10:00:00,63,59,113.2,26,2,0
10508,2026-03-01 10:00:00,39,39,45.31,16,3,0
10509,2026-03-01 10:00:00,50,3,44.02,26,1,1
10510,2026-03-01 10:00:00,27,12,140.79,13,2,0
10511,2026-03-01 10:00:00,33,7,90.44,22,5,0
10512,2026-03-01 10:00:00,35,49,167.22,26,3,0
10513,2026-03-01 10:00:00,60,26,101.98,18,4,1
10514,2026-03-01 10:00:00,39,33,171.65,25,2,0
10515,2026-03-01 10:00:00,23,37,180.16,17,3,0
10516,2026-03-01 10:00:00,52,48,155.68,22,3,0
10517,2026-03-01 10:00:00,63,15,88.22,20,0,0
10518,2026-03-01 10:00:00,68,2,49.48,21,4,1
10519,2026-03-01 10:00:00,60,41,111.95,14,0,0
10520,2026-03-01 10:00:00,24,7,167.49,20,5,1
10521,2026-03-01 10:00:00,43,32,218.08,20,4,1
10522,2026-03-01 10:00:00,55,4,83.23,26,1,1
10523,2026-03-01 10:00:00,27,20,160.9,18,0,0
10524,2026-03-01 10:00:00,58,50,131.03,24,0,0
10525,2026-03-01 10:00:00,62,53,170.49,19,4,0
10526,2026-03-01 10:00:00,53,36,75.31,23,3,0
10527,2026-03-01 10:00:00,62,32,100.5,13,2,0
10528,2026-03-01 10:00:00,27,28,107.93,16,1,0
10529,2026-03-01 10:00:00,33,13,141.67,24,3,0
10530,2026-03-01 10:00:00,54,1,87.97,31,1,0
10531,2026-03-01 10:00:00,23,56,68.43,15,2,0
10532,2026-03-01 10:00:00,68,35,135.28,20,1,0
10533,2026-03-01 10:00:00,41,48,102.33,26,2,0
10534,2026-03-01 10:00:00,59,30,193.1,22,2,0
10535,2026-03-01 10:00:00,35,54,146.49,26,3,0
10536,2026-03-01 10:00:00,29,36,112.39,31,3,0
10537,2026-03-01 10:00:00,64,57,134.79,16,0,0
10538,2026-03-01 10:00:00,40,55,109.33,24,0,0
10539,2026-03-01 10:00:00,67,25,146.94,16,6,1
10540,2026-03-01 10:00:00,61,16,122.65,10,0,0
10541,2026-03-01 10:00:00,36,58,193.75,19,0,0
10542,2026-03-01 10:00:00,43,19,146.42,18,3,0
10543,2026-03-01 10:00:00,42,1,179.82,18,1,0
10544,2026-03-01 10:00:00,45,5,83.41,19,2,0
10545,2026-03-01 10:00:00,44,51,162.59,15,1,0
10546,2026-03-01 10:00:00,55,22,78.71,26,2,0
10547,2026-03-01 10:00:00,64,24,98.74,18,1,1
10548,2026-03-01 10:00:00,20,43,133.89,23,5,0
10549,2026-03-01 10:00:00,56,45,205.73,22,1,0
10550,2026-03-01 10:00:00,63,52,111.45,16,1,0
10551,2026-03-01 10:00:00,62,37,156.65,19,1,0
10552,2026-03-01 10:00:00,68,53,64.71,15,1,0
10553,2026-03-01 10:00:00,53,36,124.76,14,3,0
10554,2026-03-01 10:00:00,41,36,96.44,16,2,0
10555,2026-03-01 10:00:00,56,4,132.04,22,3,1
10556,2026-03-01 10:00:00,20,36,93.67,18,1,0
10557,2026-03-01 10:00:00,21,52,167.46,20,2,0
10558,2026-03-01 10:00:00,22,53,180.31,22,5,1
10559,2026-03-01 10:00:00,64,18,153.09,24,2,0
10560,2026-03-01 10:00:00,60,50,72.39,15,3,0
10561,2026-03-01 10:00:00,34,16,160.47,27,5,1
10562,2026-03-01 10:00:00,25,41,24.39,30,1,0
10563,2026-03-01 10:00:00,66,18,78.84,18,0,0
10564,2026-03-01 10:00:00,26,22,178.38,22,3,0
10565,2026-03-01 10:00:00,27,2,83.79,20,5,1
10566,2026-03-01 10:00:00,54,21,152.08,21,3,0
10567,2026-03-01 10:00:00,27,36,120.95,12,2,0
10568,2026-03-01 10:00:00,45,44,134.94,20,2,0
10569,2026-03-01 10:00:00,56,39,94.54,19,7,0
10570,2026-03-01 10:00:00,27,47,144.42,17,5,0
10571,2026-03-01 10:00:00,54,39,166.88,16,1,0
10572,2026-03-01 10:00:00,41,29,125.2,22,1,0
10573,2026-03-01 10:00:00,41,54,73.45,15,3,0
10574,2026-03-01 10:00:00,65,26,150.87,9,0,0
10575,2026-03-01 10:00:00,58,21,108.55,18,1,0
10576,2026-03-01 10:00:00,69,17,152.67,29,4,0
10577,2026-03-01 10:00:00,60,16,48.53,21,3,0
10578,2026-03-01 10:00:00,30,31,104.34,18,1,0
10579,2026-03-01 10:00:00,49,51,71.33,26,1,0
10580,2026-03-01 10:00:00,56,9,86.57,26,4,0
10581,2026-03-01 10:00:00,59,31,89.36,18,1,0
10582,2026-03-01 10:00:00,32,14,177.51,15,3,0
10583,2026-03-01 10:00:00,51,49,155.52,26,1,0
10584,2026-03-01 10:00:00,25,37,167.17,22,4,1
10585,2026-03-01 10:00:00,56,2,196.91,22,2,0
10586,2026-03-01 10:00:00,69,52,144.7,22,1,0
10587,2026-03-01 10:00:00,19,48,189.26,21,2,0
10588,2026-03-01 10:00:00,36,46,136.92,21,1,0
10589,2026-03-01 10:00:00,32,14,163.81,19,1,0
10590,2026-03-01 10:00:00,22,59,92.98,23,1,0
10591,2026-03-01 10:00:00,28,33,143.9,27,2,0
10592,2026-03-01 10:00:00,57,35,118.19,17,0,0
10593,2026-03-01 10:00:00,38,58,88.26,20,6,0
10594,2026-03-01 10:00:00,24,39,130.67,23,5,0
10595,2026-03-01 10:00:00,47,58,114.99,15,1,1
10596,2026-03-01 10:00:00,46,47,81.55,17,4,1
10597,2026-03-01 10:00:00,56,51,140.78,23,2,0
10598,2026-03-01 10:00:00,27,20,65.48,23,1,0
10599,2026-03-01 10:00:00,50,2,111.03,23,1,0
10600,2026-03-01 10:00:00,35,51,138.54,21,2,0
10601,2026-03-01 10:00:00,64,41,153.84,14,1,0
10602,2026-03-01 10:00:00,57,19,130.92,24,0,0
10603,2026-03-01 10:00:00,41,59,86.73,16,4,1
10604,2026-03-01 10:00:00,48,37,106.82,28,1,0
10605,2026-03-01 10:00:00,67,18,95.32,26,2,0
10606,2026-03-01 10:00:00,63,16,98.14,18,0,0
10607,2026-03-01 10:00:00,23,4,116.9,25,1,0
10608,2026-03-01 10:00:00,38,12,156.58,20,4,0
10609,2026-03-01 10:00:00,53,29,68.01,17,1,0
10610,2026-03-01 10:00:00,24,7,122.51,25,2,0
10611,2026-03-01 10:00:00,22,14,145.15,28,1,0
10612,2026-03-01 10:00:00,51,55,96.01,29,3,0
10613,2026-03-01 10:00:00,41,12,74.57,13,5,0
10614,2026-03-01 10:00:00,31,35,168.66,27,1,0
10615,2026-03-01 10:00:00,64,5,150.47,16,1,0
10616,2026-03-01 10:00:00,46,17,184.68,17,3,0
10617,2026-03-01 10:00:00,30,58,167.6,17,0,0
10618,2026-03-01 10:00:00,55,42,61.23,19,4,1
10619,2026-03-01 10:00:00,31,32,105.9,22,2,0
10620,2026-03-01 10:00:00,32,10,139.58,18,2,0
10621,2026-03-01 10:00:00,64,43,129.21,21,3,0
10622,2026-03-01 10:00:00,27,17,153.43,25,2,0
10623,2026-03-01 10:00:00,28,5,80.19,19,4,1
10624,2026-03-01 10:00:00,66,45,175.65,13,5,0
10625,2026-03-01 10:00:00,64,42,94.26,18,1,0
10626,2026-03-01 10:00:00,36,9,123.99,16,2,0
10627,2026-03-01 10:00:00,34,49,74.52,18,3,0
10628,2026-03-01 10:00:00,65,33,126.21,19,2,0
10629,2026-03-01 10:00:00,67,36,118.94,19,2,0
10630,2026-03-01 10:00:00,22,36,81.1,27,4,0
10631,2026-03-01 10:00:00,34,18,157.55,20,3,0
10632,2026-03-01 10:00:00,48,9,121.23,19,2,0
10633,2026-03-01 10:00:00,54,57,165.16,20,0,0
10634,2026-03-01 10:00:00,28,29,84.72,16,2,0
10635,2026-03-01 10:00:00,27,50,95.12,17,1,0
10636,2026-03-01 10:00:00,51,14,129.35,20,1,0
10637,2026-03-01 10:00:00,41,25,115.04,19,1,1
10638,2026-03-01 10:00:00,30,15,94.34,21,2,1
10639,2026-03-01 10:00:00,51,6,231.11,14,4,1
10640,2026-03-01 10:00:00,32,56,115.06,14,2,0
10641,2026-03-01 10:00:00,52,42,108.3,20,0,0
10642,2026-03-01 10:00:00,33,29,209.56,24,3,0
10643,2026-03-01 10:00:00,51,15,95.27,21,4,1
10644,2026-03-01 10:00:00,60,29,134.08,23,4,0
10645,2026-03-01 10:00:00,40,4,147.8,18,3,0
10646,2026-03-01 10:00:00,64,18,176.38,21,1,0
10647,2026-03-01 10:00:00,50,50,119.4,26,3,0
10648,2026-03-01 10:00:00,47,57,109.57,15,1,1
10649,2026-03-01 10:00:00,19,49,69.06,24,2,0
10650,2026-03-01 10:00:00,28,44,89.32,20,3,1
10651,2026-03-01 10:00:00,40,39,106.64,25,2,0
10652,2026-03-01 10:00:00,64,16,49.6,19,2,0
10653,2026-03-01 10:00:00,46,11,122.62,22,2,0
10654,2026-03-01 10:00:00,35,14,106.15,22,3,0
10655,2026-03-01 10:00:00,35,3,84.44,22,1,0
10656,2026-03-01 10:00:00,57,51,68.63,14,0,0
10657,2026-03-01 10:00:00,44,50,20.73,25,1,0
10658,2026-03-01 10:00:00,37,42,199.54,32,1,0
10659,2026-03-01 10:00:00,42,38,190.81,11,3,0
10660,2026-03-01 10:00:00,20,45,70.06,17,2,0
10661,2026-03-01 10:00:00,48,42,41.35,19,0,0
10662,2026-03-01 10:00:00,34,18,142.53,20,2,0
10663,2026-03-01 10:00:00,64,58,103.79,17,0,0
10664,2026-03-01 10:00:00,23,20,105.32,16,1,1
10665,2026-03-01 10:00:00,48,58,117.52,24,1,0
10666,2026-03-01 10:00:00,45,48,99.1,10,2,0
10667,2026-03-01 10:00:00,39,25,195.19,22,2,0
10668,2026-03-01 10:00:00,42,57,73.94,19,2,0
10669,2026-03-01 10:00:00,64,38,75.77,14,3,0
10670,2026-03-01 10:00:00,45,13,85.41,20,1,0
10671,2026-03-01 10:00:00,38,4,101.19,16,4,1
10672,2026-03-01 10:00:00,66,55,165.53,17,1,0
10673,2026-03-01 10:00:00,45,14,108.71,15,1,0
10674,2026-03-01 10:00:00,65,33,94.13,11,3,0
10675,2026-03-01 10:00:00,57,28,116.03,14,1,0
10676,2026-03-01 10:00:00,21,52,78.84,18,1,1
10677,2026-03-01 10:00:00,67,37,154.91,16,2,0
10678,2026-03-01 10:00:00,19,8,97.4,21,5,0
10679,2026-03-01 10:00:00,48,44,144.46,17,3,0
10680,2026-03-01 10:00:00,56,34,163.42,24,2,0
10681,2026-03-01 10:00:00,39,44,108.38,20,3,0
10682,2026-03-01 10:00:00,40,5,182.58,17,0,1
10683,2026-03-01 10:00:00,69,54,100.32,21,4,0
10684,2026-03-01 10:00:00,28,5,160.05,23,0,0
10685,2026-03-01 10:00:00,22,31,188.56,11,3,0
10686,2026-03-01 10:00:00,44,45,83.47,17,4,1
10687,2026-03-01 10:00:00,44,9,147.13,19,5,0
10688,2026-03-01 10:00:00,51,42,69.59,15,1,0
10689,2026-03-01 10:00:00,20,32,141.7,22,1,0
10690,2026-03-01 10:00:00,39,33,96.17,25,1,1
10691,2026-03-01 10:00:00,52,3,93.73,20,4,1
10692,2026-03-01 10:00:00,45,30,123.69,26,5,1
10693,2026-03-01 10:00:00,33,50,152.63,25,2,0
10694,2026-03-01 10:00:00,60,12,122.68,17,4,0
10695,2026-03-01 10:00:00,24,29,114.18,17,3,0
10696,2026-03-01 10:00:00,20,3,141.62,12,4,1
10697,2026-03-01 10:00:00,62,26,140.81,20,0,0
10698,2026-03-01 10:00:00,49,57,174.04,27,1,0
10699,2026-03-01 10:00:00,30,30,98.92,20,7,1
10700,2026-03-01 10:00:00,47,9,97.91,26,0,0
10701,2026-03-01 10:00:00,38,26,149.76,20,0,0
10702,2026-03-01 10:00:00,29,2,173.7,20,2,0
10703,2026-03-01 10:00:00,65,3,119.86,24,1,0
10704,2026-03-01 10:00:00,66,46,106.09,18,7,0
10705,2026-03-01 10:00:00,37,4,122.58,20,3,0
10706,2026-03-01 10:00:00,51,25,153.29,27,1,0
10707,2026-03-01 10:00:00,27,51,119.57,20,4,0
10708,2026-03-01 10:00:00,68,13,100.85,21,3,0
10709,2026-03-01 10:00:00,44,39,117.53,21,1,0
10710,2026-03-01 10:00:00,65,44,96.2,21,1,1
10711,2026-03-01 10:00:00,22,35,95.66,15,0,0
10712,2026-03-01 10:00:00,28,55,135.65,16,1,1
10713,2026-03-01 10:00:00,64,23,76.14,26,1,0
10714,2026-03-01 10:00:00,67,9,96.83,15,1,0
10715,2026-03-01 10:00:00,33,2,77.29,18,2,1
10716,2026-03-01 10:00:00,27,54,107.03,16,1,0
10717,2026-03-01 10:00:00,42,41,93.81,16,2,0
10718,2026-03-01 10:00:00,23,44,103.65,20,0,0
10719,2026-03-01 10:00:00,58,31,87.86,17,2,0
10720,2026-03-01 10:00:00,28,44,21.02,17,3,0
10721,2026-03-01 10:00:00,37,47,179.3,20,2,0
10722,2026-03-01 10:00:00,32,2,140.12,17,0,1
10723,2026-03-01 10:00:00,21,32,94.51,18,5,0
10724,2026-03-01 10:00:00,21,18,132.98,15,1,0
10725,2026-03-01 10:00:00,37,13,61.12,17,1,0
10726,2026-03-01 10:00:00,61,46,61.81,22,2,0
10727,2026-03-01 10:00:00,60,5,88.34,13,2,0
10728,2026-03-01 10:00:00,67,58,138.46,22,3,0
10729,2026-03-01 10:00:00,22,42,132.51,23,3,0
10730,2026-03-01 10:00:00,50,44,158.69,29,3,0
10731,2026-03-01 10:00:00,35,10,131.74,22,1,0
10732,2026-03-01 10:00:00,42,56,101.51,31,2,0
10733,2026-03-01 10:00:00,20,43,135.91,28,2,0
10734,2026-03-01 10:00:00,30,25,157.68,28,4,0
10735,2026-03-01 10:00:00,29,34,124.62,19,1,0
10736,2026-03-01 10:00:00,65,37,90.32,23,0,0
10737,2026-03-01 10:00:00,26,30,183.04,25,3,0
10738,2026-03-01 10:00:00,45,7,108.53,23,2,0
10739,2026-03-01 10:00:00,64,6,156.58,22,2,0
10740,2026-03-01 10:00:00,25,54,76.73,20,1,0
10741,2026-03-01 10:00:00,27,55,145.97,25,0,0
10742,2026-03-01 10:00:00,36,3,83.0,20,1,0
10743,2026-03-01 10:00:00,48,13,120.58,23,5,1
10744,2026-03-01 10:00:00,61,3,152.03,20,1,0
10745,2026-03-01 10:00:00,21,26,156.34,19,6,1
10746,2026-03-01 10:00:00,33,57,143.27,23,3,0
10747,2026-03-01 10:00:00,18,24,159.11,22,1,0
10748,2026-03-01 10:00:00,21,53,142.8,19,1,0
10749,2026-03-01 10:00:00,67,6,91.05,12,1,0
10750,2026-03-01 10:00:00,47,43,105.36,21,2,0
10751,2026-03-01 10:00:00,45,58,133.28,19,1,0
10752,2026-03-01 10:00:00,31,49,85.33,17,1,0
10753,2026-03-01 10:00:00,35,42,173.18,19,1,0
10754,2026-03-01 10:00:00,68,12,114.95,16,1,0
10755,2026-03-01 10:00:00,63,49,122.83,19,3,0
10756,2026-03-01 10:00:00,68,36,92.51,19,2,0
10757,2026-03-01 10:00:00,21,2,139.67,15,1,0
10758,2026-03-01 10:00:00,18,11,87.2,19,1,0
10759,2026-03-01 10:00:00,69,39,74.91,19,1,0
10760,2026-03-01 10:00:00,39,34,89.74,14,2,0
10761,2026-03-01 10:00:00,28,26,120.24,25,4,0
10762,2026-03-01 10:00:00,36,18,109.88,22,2,0
10763,2026-03-01 10:00:00,24,21,183.72,33,2,0
10764,2026-03-01 10:00:00,44,36,153.11,25,0,0
10765,2026-03-01 10:00:00,45,40,121.4,19,3,0
10766,2026-03-01 10:00:00,51,52,130.44,18,5,1
10767,2026-03-01 10:00:00,20,46,162.08,18,0,0
10768,2026-03-01 10:00:00,60,44,189.57,20,1,0
10769,2026-03-01 10:00:00,69,22,140.56,17,3,0
10770,2026-03-01 10:00:00,30,53,129.18,18,0,0
10771,2026-03-01 10:00:00,52,59,123.24,18,0,0
10772,2026-03-01 10:00:00,50,30,138.59,23,2,0
10773,2026-03-01 10:00:00,39,50,167.73,22,1,0
10774,2026-03-01 10:00:00,68,43,132.8,15,1,0
10775,2026-03-01 10:00:00,50,30,171.86,20,1,0
10776,2026-03-01 10:00:00,57,8,91.15,14,0,0
10777,2026-03-01 10:00:00,65,34,58.61,19,2,1
10778,2026-03-01 10:00:00,21,57,145.21,23,2,0
10779,2026-03-01 10:00:00,38,47,107.03,24,1,0
10780,2026-03-01 10:00:00,65,9,147.08,31,3,0
10781,2026-03-01 10:00:00,54,51,96.19,23,2,0
10782,2026-03-01 10:00:00,42,20,121.21,23,1,0
10783,2026-03-01 10:00:00,20,40,111.49,14,4,1
10784,2026-03-01 10:00:00,68,25,156.44,20,1,0
10785,2026-03-01 10:00:00,26,19,100.72,13,3,0
10786,2026-03-01 10:00:00,22,5,86.48,21,0,1
10787,2026-03-01 10:00:00,36,11,103.29,24,3,0
10788,2026-03-01 10:00:00,57,15,136.34,19,1,0
10789,2026-03-01 10:00:00,58,8,103.19,27,2,1
10790,2026-03-01 10:00:00,41,19,115.89,18,4,0
10791,2026-03-01 10:00:00,58,23,98.0,25,0,0
10792,2026-03-01 10:00:00,37,27,100.08,11,0,0
10793,2026-03-01 10:00:00,23,40,181.71,21,5,0
10794,2026-03-01 10:00:00,18,32,190.2,22,2,0
10795,2026-03-01 10:00:00,49,26,170.82,25,1,0
10796,2026-03-01 10:00:00,59,27,147.74,21,1,0
10797,2026-03-01 10:00:00,38,19,131.64,20,4,0
10798,2026-03-01 10:00:00,46,50,85.55,14,2,0
10799,2026-03-01 10:00:00,25,42,96.0,29,2,0
10800,2026-03-01 10:00:00,20,29,106.9,18,3,0
10801,2026-03-01 10:00:00,32,39,207.16,22,0,0
10802,2026-03-01 10:00:00,25,41,88.74,21,1,0
10803,2026-03-01 10:00:00,43,33,131.79,26,6,0
10804,2026-03-01 10:00:00,32,19,41.12,22,2,0
10805,2026-03-01 10:00:00,34,37,142.61,18,2,0
10806,2026-03-01 10:00:00,57,19,113.28,20,1,0
10807,2026-03-01 10:00:00,18,33,52.78,19,2,0
10808,2026-03-01 10:00:00,43,47,156.8,19,0,0
10809,2026-03-01 10:00:00,65,16,135.44,13,3,0
10810,2026-03-01 10:00:00,36,23,63.65,17,0,0
10811,2026-03-01 10:00:00,44,7,119.31,16,1,0
10812,2026-03-01 10:00:00,55,26,135.78,16,3,0
10813,2026-03-01 10:00:00,31,32,122.56,30,4,1
10814,2026-03-01 10:00:00,31,12,154.93,11,1,0
10815,2026-03-01 10:00:00,60,8,135.28,21,2,0
10816,2026-03-01 10:00:00,26,5,171.79,12,3,0
10817,2026-03-01 10:00:00,60,42,54.14,28,1,0
10818,2026-03-01 10:00:00,52,28,190.97,19,3,0
10819,2026-03-01 10:00:00,44,53,117.43,14,4,1
10820,2026-03-01 10:00:00,41,5,199.3,28,1,1
10821,2026-03-01 10:00:00,48,49,50.93,19,2,0
10822,2026-03-01 10:00:00,58,26,117.47,21,3,0
10823,2026-03-01 10:00:00,66,5,192.29,22,1,0
10824,2026-03-01 10:00:00,24,22,102.2,19,2,0
10825,2026-03-01 10:00:00,59,15,20.0,14,4,1
10826,2026-03-01 10:00:00,45,13,122.6,24,2,0
10827,2026-03-01 10:00:00,57,28,138.84,19,2,0
10828,2026-03-01 10:00:00,31,33,144.3,27,1,0
10829,2026-03-01 10:00:00,60,43,135.07,24,3,0
10830,2026-03-01 10:00:00,69,23,117.01,21,0,0
10831,2026-03-01 10:00:00,31,33,144.86,15,1,0
10832,2026-03-01 10:00:00,47,43,29.03,26,1,0
10833,2026-03-01 10:00:00,49,18,162.74,18,2,0
10834,2026-03-01 10:00:00,28,50,140.27,18,1,0
10835,2026-03-01 10:00:00,59,53,96.6,16,3,1
10836,2026-03-01 10:00:00,37,30,78.59,15,2,0
10837,2026-03-01 10:00:00,59,26,161.51,20,0,0
10838,2026-03-01 10:00:00,34,16,102.32,9,4,1
10839,2026-03-01 10:00:00,63,13,223.54,20,3,0
10840,2026-03-01 10:00:00,35,39,90.77,22,3,0
10841,2026-03-01 10:00:00,18,33,143.91,18,1,0
10842,2026-03-01 10:00:00,50,26,169.1,16,1,0
10843,2026-03-01 10:00:00,26,48,26.18,23,4,1
10844,2026-03-01 10:00:00,28,1,96.19,19,1,1
10845,2026-03-01 10:00:00,55,49,116.99,19,2,0
10846,2026-03-01 10:00:00,63,38,174.03,19,0,0
10847,2026-03-01 10:00:00,20,2,111.62,19,1,0
10848,2026-03-01 10:00:00,66,49,136.08,19,3,0
10849,2026-03-01 10:00:00,57,6,140.39,14,0,0
10850,2026-03-01 10:00:00,31,46,60.19,24,1,0
10851,2026-03-01 10:00:00,21,50,125.69,22,1,0
10852,2026-03-01 10:00:00,40,38,103.98,23,0,0
10853,2026-03-01 10:00:00,29,42,89.13,17,3,0
10854,2026-03-01 10:00:00,55,24,154.66,18,3,0
10855,2026-03-01 10:00:00,48,18,174.93,19,4,1
10856,2026-03-01 10:00:00,43,27,72.31,20,2,0
10857,2026-03-01 10:00:00,47,41,202.33,19,2,0
10858,2026-03-01 10:00:00,49,8,156.97,21,3,0
10859,2026-03-01 10:00:00,54,28,115.55,23,3,0
10860,2026-03-01 10:00:00,34,10,236.29,19,3,0
10861,2026-03-01 10:00:00,36,17,116.58,17,6,0
10862,2026-03-01 10:00:00,31,55,107.41,18,1,0
10863,2026-03-01 10:00:00,21,29,171.05,20,1,0
10864,2026-03-01 10:00:00,29,58,137.7,22,1,0
10865,2026-03-01 10:00:00,24,6,105.65,16,4,0
10866,2026-03-01 10:00:00,21,14,157.63,23,2,0
10867,2026-03-01 10:00:00,53,22,99.91,14,2,0
10868,2026-03-01 10:00:00,57,54,129.6,21,2,0
10869,2026-03-01 10:00:00,21,6,78.87,27,2,0
10870,2026-03-01 10:00:00,59,26,103.37,19,1,0
10871,2026-03-01 10:00:00,18,39,207.4,16,1,1
10872,2026-03-01 10:00:00,38,12,101.33,29,3,0
10873,2026-03-01 10:00:00,50,35,139.67,19,0,0
10874,2026-03-01 10:00:00,53,14,94.89,19,2,0
10875,2026-03-01 10:00:00,19,22,170.34,23,4,1
10876,2026-03-01 10:00:00,60,51,132.28,10,1,0
10877,2026-03-01 10:00:00,21,23,62.85,28,2,0
10878,2026-03-01 10:00:00,54,48,115.56,19,2,0
10879,2026-03-01 10:00:00,26,7,112.76,19,3,0
10880,2026-03-01 10:00:00,45,40,106.91,21,4,1
10881,2026-03-01 10:00:00,28,50,137.78,13,2,1
10882,2026-03-01 10:00:00,63,25,70.61,17,1,0
10883,2026-03-01 10:00:00,37,13,87.8,20,0,0
10884,2026-03-01 10:00:00,30,21,200.14,20,4,1
10885,2026-03-01 10:00:00,19,41,163.79,18,4,0
10886,2026-03-01 10:00:00,30,10,114.62,16,2,0
10887,2026-03-01 10:00:00,20,53,118.23,23,1,0
10888,2026-03-01 10:00:00,18,55,88.64,26,1,1
10889,2026-03-01 10:00:00,58,59,146.83,31,2,0
10890,2026-03-01 10:00:00,36,9,164.44,29,1,0
10891,2026-03-01 10:00:00,40,15,120.36,21,1,0
10892,2026-03-01 10:00:00,59,52,84.76,20,1,1
10893,2026-03-01 10:00:00,18,2,106.32,19,1,1
10894,2026-03-01 10:00:00,61,25,64.38,24,1,0
10895,2026-03-01 10:00:00,47,13,177.49,22,1,0
10896,2026-03-01 10:00:00,69,34,77.52,15,2,0
10897,2026-03-01 10:00:00,48,51,132.31,25,3,0
10898,2026-03-01 10:00:00,18,58,127.88,13,3,0
10899,2026-03-01 10:00:00,60,34,61.46,17,2,0
10900,2026-03-01 10:00:00,23,35,146.11,17,2,0
10901,2026-03-01 10:00:00,28,38,210.09,27,3,0
10902,2026-03-01 10:00:00,22,3,126.79,24,0,0
10903,2026-03-01 10:00:00,37,42,106.72,18,1,0
10904,2026-03-01 10:00:00,42,56,69.6,21,1,0
10905,2026-03-01 10:00:00,41,59,163.98,12,2,0
10906,2026-03-01 10:00:00,53,6,65.46,19,2,0
10907,2026-03-01 10:00:00,59,55,135.07,14,1,1
10908,2026-03-01 10:00:00,60,48,100.16,21,4,0
10909,2026-03-01 10:00:00,43,49,128.99,28,2,0
10910,2026-03-01 10:00:00,33,19,162.11,24,0,0
10911,2026-03-01 10:00:00,63,3,108.8,19,2,0
10912,2026-03-01 10:00:00,39,18,141.87,18,1,0
10913,2026-03-01 10:00:00,27,39,74.68,22,0,0
10914,2026-03-01 10:00:00,29,9,59.9,24,1,0
10915,2026-03-01 10:00:00,61,52,59.09,20,4,1
10916,2026-03-01 10:00:00,46,12,117.66,23,2,0
10917,2026-03-01 10:00:00,47,5,241.32,13,1,1
10918,2026-03-01 10:00:00,66,3,71.4,20,3,0
10919,2026-03-01 10:00:00,67,11,20.0,18,1,0
10920,2026-03-01 10:00:00,29,57,85.81,28,4,0
10921,2026-03-01 10:00:00,42,30,55.63,24,3,0
10922,2026-03-01 10:00:00,31,4,81.14,21,1,0
10923,2026-03-01 10:00:00,41,5,77.44,16,2,0
10924,2026-03-01 10:00:00,57,1,93.96,17,3,0
10925,2026-03-01 10:00:00,63,27,161.69,13,1,1
10926,2026-03-01 10:00:00,21,28,32.04,21,3,1
10927,2026-03-01 10:00:00,58,29,124.07,21,1,0
10928,2026-03-01 10:00:00,65,18,127.94,27,6,1
10929,2026-03-01 10:00:00,32,12,117.1,23,4,1
10930,2026-03-01 10:00:00,53,13,124.23,23,3,0
10931,2026-03-01 10:00:00,63,41,87.02,21,2,0
10932,2026-03-01 10:00:00,28,2,77.74,15,2,1
10933,2026-03-01 10:00:00,22,37,121.22,27,2,0
10934,2026-03-01 10:00:00,24,45,140.52,28,2,0
10935,2026-03-01 10:00:00,61,16,138.16,14,3,0
10936,2026-03-01 10:00:00,30,48,138.66,18,1,0
10937,2026-03-01 10:00:00,44,24,111.51,24,2,0
10938,2026-03-01 10:00:00,69,35,131.12,33,1,0
10939,2026-03-01 10:00:00,35,22,221.52,21,0,0
10940,2026-03-01 10:00:00,46,36,139.41,28,1,0
10941,2026-03-01 10:00:00,56,11,166.93,22,2,0
10942,2026-03-01 10:00:00,66,55,121.79,25,2,0
10943,2026-03-01 10:00:00,59,58,148.88,22,1,0
10944,2026-03-01 10:00:00,65,46,120.63,18,1,1
10945,2026-03-01 10:00:00,56,29,79.48,24,1,0
10946,2026-03-01 10:00:00,57,35,165.21,25,3,0
10947,2026-03-01 10:00:00,32,48,157.72,18,0,0
10948,2026-03-01 10:00:00,19,54,122.96,22,2,0
10949,2026-03-01 10:00:00,34,15,115.52,25,2,0
10950,2026-03-01 10:00:00,27,31,167.6,29,5,0
10951,2026-03-01 10:00:00,57,42,107.5,26,1,0
10952,2026-03-01 10:00:00,27,41,111.17,13,0,0
10953,2026-03-01 10:00:00,62,43,111.16,9,2,0
10954,2026-03-01 10:00:00,69,16,69.84,21,2,0
10955,2026-03-01 10:00:00,20,10,87.28,18,2,0
10956,2026-03-01 10:00:00,42,49,141.59,16,2,0
10957,2026-03-01 10:00:00,47,32,73.78,23,4,0
10958,2026-03-01 10:00:00,27,51,163.22,26,2,0
10959,2026-03-01 10:00:00,29,2,109.8,19,2,0
10960,2026-03-01 10:00:00,37,24,213.2,21,3,0
10961,2026-03-01 10:00:00,42,23,58.33,25,3,0
10962,2026-03-01 10:00:00,33,2,65.66,26,3,0
10963,2026-03-01 10:00:00,57,38,59.09,22,1,0
10964,2026-03-01 10:00:00,29,31,153.26,20,1,0
10965,2026-03-01 10:00:00,57,51,52.07,12,1,0
10966,2026-03-01 10:00:00,28,40,185.99,23,2,0
10967,2026-03-01 10:00:00,63,26,178.47,12,2,0
10968,2026-03-01 10:00:00,64,29,115.29,25,2,1
10969,2026-03-01 10:00:00,53,3,131.14,18,0,0
10970,2026-03-01 10:00:00,47,58,84.77,17,2,0
10971,2026-03-01 10:00:00,37,14,206.7,18,1,0
10972,2026-03-01 10:00:00,18,25,133.52,20,2,0
10973,2026-03-01 10:00:00,67,48,104.39,26,1,0
10974,2026-03-01 10:00:00,66,1,196.19,25,1,1
10975,2026-03-01 10:00:00,26,53,68.56,15,1,0
10976,2026-03-01 10:00:00,29,3,173.59,20,1,0
10977,2026-03-01 10:00:00,42,54,117.29,24,1,1
10978,2026-03-01 10:00:00,20,26,213.48,26,1,0
10979,2026-03-01 10:00:00,36,18,130.37,16,3,0
10980,2026-03-01 10:00:00,29,9,109.81,26,2,0
10981,2026-03-01 10:00:00,36,38,100.05,14,1,0
10982,2026-03-01 10:00:00,39,23,108.2,19,3,0
10983,2026-03-01 10:00:00,20,21,127.32,18,3,0
10984,2026-03-01 10:00:00,36,57,126.64,25,0,0
10985,2026-03-01 10:00:00,51,1,176.19,20,3,0
10986,2026-03-01 10:00:00,37,21,133.87,25,0,1
10987,2026-03-01 10:00:00,68,27,108.75,18,0,0
10988,2026-03-01 10:00:00,46,42,168.15,23,2,0
10989,2026-03-01 10:00:00,42,59,124.51,16,1,0
10990,2026-03-01 10:00:00,52,6,159.44,21,1,0
10991,2026-03-01 10:00:00,60,55,188.17,21,2,0
10992,2026-03-01 10:00:00,29,44,123.97,20,1,0
10993,2026-03-01 10:00:00,20,36,90.34,12,3,0
10994,2026-03-01 10:00:00,58,28,124.71,20,0,0
10995,2026-03-01 10:00:00,47,45,98.47,21,3,0
10996,2026-03-01 10:00:00,22,17,85.0,29,4,0
10997,2026-03-01 10:00:00,58,59,27.4,12,1,0
10998,2026-03-01 10:00:00,19,40,72.16,13,0,0
10999,2026-03-01 10:00:00,47,58,147.67,19,2,0
11000,2026-03-01 10:00:00,27,52,141.7,17,2,0
11001,2026-03-01 10:00:00,47,3,63.15,28,1,0
11002,2026-03-01 10:00:00,50,12,102.85,24,3,0
11003,2026-03-01 10:00:00,54,39,136.75,15,0,0
11004,2026-03-01 10:00:00,25,12,86.61,21,1,0
11005,2026-03-01 10:00:00,22,2,101.53,23,1,0
11006,2026-03-01 10:00:00,49,56,111.03,17,6,1
11007,2026-03-01 10:00:00,64,46,115.62,17,1,0
11008,2026-03-01 10:00:00,43,22,105.79,19,1,0
11009,2026-03-01 10:00:00,26,23,104.2,11,2,0
11010,2026-03-01 10:00:00,34,30,79.76,19,1,0
11011,2026-03-01 10:00:00,45,5,110.81,26,4,1
11012,2026-03-01 10:00:00,57,9,133.67,25,3,0
11013,2026-03-01 10:00:00,27,21,134.03,17,2,0
11014,2026-03-01 10:00:00,43,11,122.44,19,3,0
11015,2026-03-01 10:00:00,40,5,69.01,20,2,0
11016,2026-03-01 10:00:00,62,35,98.55,22,4,0
11017,2026-03-01 10:00:00,31,27,124.41,26,3,0
11018,2026-03-01 10:00:00,20,49,144.51,18,6,1
11019,2026-03-01 10:00:00,47,2,98.36,25,0,0
11020,2026-03-01 10:00:00,57,24,225.16,14,1,0
11021,2026-03-01 10:00:00,39,31,195.38,22,1,0
11022,2026-03-01 10:00:00,20,33,37.01,23,4,1
11023,2026-03-01 10:00:00,61,39,162.31,24,0,0
11024,2026-03-01 10:00:00,36,30,102.66,24,4,0
11025,2026-03-01 10:00:00,51,46,114.3,22,3,0
11026,2026-03-01 10:00:00,30,37,133.74,17,3,0
11027,2026-03-01 10:00:00,63,51,78.88,19,3,0
11028,2026-03-01 10:00:00,20,28,180.74,15,2,0
11029,2026-03-01 10:00:00,25,31,103.16,21,1,0
11030,2026-03-01 10:00:00,53,11,100.09,22,1,0
11031,2026-03-01 10:00:00,68,23,118.11,25,0,0
11032,2026-03-01 10:00:00,64,57,54.96,21,3,0
11033,2026-03-01 10:00:00,24,2,124.24,23,1,1
11034,2026-03-01 10:00:00,24,40,51.27,19,2,0
11035,2026-03-01 10:00:00,21,41,182.83,14,1,0
11036,2026-03-01 10:00:00,21,27,63.73,21,4,0
11037,2026-03-01 10:00:00,68,35,117.89,31,0,0
11038,2026-03-01 10:00:00,58,2,41.22,25,1,1
11039,2026-03-01 10:00:00,65,39,81.17,16,0,0
11040,2026-03-01 10:00:00,35,37,177.61,15,3,0
11041,2026-03-01 10:00:00,60,21,115.32,20,1,0
11042,2026-03-01 10:00:00,53,58,212.72,15,0,0
11043,2026-03-01 10:00:00,68,5,66.24,24,1,1
11044,2026-03-01 10:00:00,21,52,115.64,17,0,0
11045,2026-03-01 10:00:00,40,45,68.46,17,2,0
11046,2026-03-01 10:00:00,48,21,101.08,18,3,0
11047,2026-03-01 10:00:00,49,29,104.0,24,1,0
11048,2026-03-01 10:00:00,45,20,132.66,22,2,0
11049,2026-03-01 10:00:00,49,38,115.46,22,1,0
11050,2026-03-01 10:00:00,68,20,100.53,31,5,0
11051,2026-03-01 10:00:00,54,50,145.98,13,0,0
11052,2026-03-01 10:00:00,21,25,144.34,22,4,0
11053,2026-03-01 10:00:00,33,2,178.64,18,4,1
11054,2026-03-01 10:00:00,26,57,61.23,21,3,0
11055,2026-03-01 10:00:00,39,32,76.22,17,3,0
11056,2026-03-01 10:00:00,43,26,199.6,21,1,0
11057,2026-03-01 10:00:00,19,6,208.27,26,4,1
11058,2026-03-01 10:00:00,68,41,148.69,11,1,0
11059,2026-03-01 10:00:00,69,57,145.87,22,1,0
11060,2026-03-01 10:00:00,58,3,116.56,20,3,1
11061,2026-03-01 10:00:00,28,33,136.52,18,3,0
11062,2026-03-01 10:00:00,32,1,149.81,25,4,1
11063,2026-03-01 10:00:00,54,51,192.1,12,0,0
11064,2026-03-01 10:00:00,45,5,144.46,16,0,0
11065,2026-03-01 10:00:00,37,13,109.21,14,2,0
11066,2026-03-01 10:00:00,20,19,85.52,15,2,0
11067,2026-03-01 10:00:00,22,12,58.15,25,0,0
11068,2026-03-01 10:00:00,42,48,122.88,24,3,0
11069,2026-03-01 10:00:00,68,25,160.85,27,2,0
11070,2026-03-01 10:00:00,54,57,174.66,14,3,1
11071,2026-03-01 10:00:00,21,51,186.88,17,1,0
11072,2026-03-01 10:00:00,29,35,141.83,20,3,0
11073,2026-03-01 10:00:00,45,12,94.05,19,5,1
11074,2026-03-01 10:00:00,22,30,172.49,18,3,0
11075,2026-03-01 10:00:00,56,5,69.87,18,4,1
11076,2026-03-01 10:00:00,61,34,102.33,20,2,0
11077,2026-03-01 10:00:00,39,22,101.15,22,2,0
11078,2026-03-01 10:00:00,32,39,121.96,12,2,0
11079,2026-03-01 10:00:00,37,13,166.04,18,3,0
11080,2026-03-01 10:00:00,27,57,121.12,17,3,0
11081,2026-03-01 10:00:00,65,47,95.69,27,3,0
11082,2026-03-01 10:00:00,53,54,138.78,14,2,0
11083,2026-03-01 10:00:00,65,3,81.43,20,0,0
11084,2026-03-01 10:00:00,39,53,129.93,19,3,0
11085,2026-03-01 10:00:00,68,20,149.44,24,4,0
11086,2026-03-01 10:00:00,24,31,86.59,19,4,0
11087,2026-03-01 10:00:00,54,5,69.44,15,0,0
11088,2026-03-01 10:00:00,57,24,117.01,15,2,0
11089,2026-03-01 10:00:00,23,40,86.66,17,0,0
11090,2026-03-01 10:00:00,69,54,84.03,15,1,0
11091,2026-03-01 10:00:00,41,33,97.58,24,1,0
11092,2026-03-01 10:00:00,51,8,152.78,23,3,1
11093,2026-03-01 10:00:00,38,24,105.35,16,2,0
11094,2026-03-01 10:00:00,54,50,64.33,23,1,0
11095,2026-03-01 10:00:00,51,20,133.02,20,0,0
11096,2026-03-01 10:00:00,59,16,140.28,15,0,0
11097,2026-03-01 10:00:00,19,50,143.54,21,2,0
11098,2026-03-01 10:00:00,30,52,129.49,27,3,0
11099,2026-03-01 10:00:00,39,12,95.97,17,2,1
11100,2026-03-01 10:00:00,64,13,163.66,26,2,0
11101,2026-03-01 10:00:00,61,45,58.76,23,1,0
11102,2026-03-01 10:00:00,63,42,69.58,20,1,0
11103,2026-03-01 10:00:00,62,39,124.7,20,1,0
11104,2026-03-01 10:00:00,49,25,133.66,24,0,0
11105,2026-03-01 10:00:00,57,46,51.48,25,2,1
11106,2026-03-01 10:00:00,52,32,69.41,20,2,0
11107,2026-03-01 10:00:00,27,24,118.16,18,0,0
11108,2026-03-01 10:00:00,35,48,122.51,16,2,0
11109,2026-03-01 10:00:00,39,47,169.31,20,2,0
11110,2026-03-01 10:00:00,54,44,58.68,22,3,0
11111,2026-03-01 10:00:00,45,9,81.63,16,0,0
11112,2026-03-01 10:00:00,29,40,66.1,24,1,0
11113,2026-03-01 10:00:00,33,50,33.75,20,0,0
11114,2026-03-01 10:00:00,55,23,95.26,20,1,0
11115,2026-03-01 10:00:00,48,50,132.67,24,1,0
11116,2026-03-01 10:00:00,57,13,98.24,12,4,1
11117,2026-03-01 10:00:00,55,59,126.73,18,2,0
11118,2026-03-01 10:00:00,28,32,113.59,24,3,0
11119,2026-03-01 10:00:00,21,50,73.68,21,4,1
11120,2026-03-01 10:00:00,24,15,86.73,21,1,0
11121,2026-03-01 10:00:00,58,36,158.68,16,2,0
11122,2026-03-01 10:00:00,24,49,149.87,24,2,0
11123,2026-03-01 10:00:00,41,5,145.02,24,2,0
11124,2026-03-01 10:00:00,30,22,108.28,22,0,0
11125,2026-03-01 10:00:00,34,16,86.65,20,0,0
11126,2026-03-01 10:00:00,51,41,134.73,13,2,0
11127,2026-03-01 10:00:00,38,10,103.99,24,2,0
11128,2026-03-01 10:00:00,58,24,99.3,19,3,1
11129,2026-03-01 10:00:00,51,18,124.06,27,2,0
11130,2026-03-01 10:00:00,26,49,72.97,22,1,0
11131,2026-03-01 10:00:00,37,18,167.13,20,3,0
11132,2026-03-01 10:00:00,35,7,130.7,15,2,0
11133,2026-03-01 10:00:00,27,4,157.8,20,4,1
11134,2026-03-01 10:00:00,40,26,105.49,28,2,0
11135,2026-03-01 10:00:00,47,5,104.12,17,2,0
11136,2026-03-01 10:00:00,20,55,102.31,28,2,0
11137,2026-03-01 10:00:00,63,16,80.88,19,1,0
11138,2026-03-01 10:00:00,55,35,87.23,20,2,0
11139,2026-03-01 10:00:00,34,26,94.23,19,2,0
11140,2026-03-01 10:00:00,36,18,165.75,23,0,0
11141,2026-03-01 10:00:00,61,29,121.83,14,2,0
11142,2026-03-01 10:00:00,38,23,79.79,10,0,0
11143,2026-03-01 10:00:00,39,53,125.71,22,4,0
11144,2026-03-01 10:00:00,35,14,113.41,15,1,0
11145,2026-03-01 10:00:00,32,15,117.16,19,3,0
11146,2026-03-01 10:00:00,21,49,36.44,16,3,0
11147,2026-03-01 10:00:00,48,33,110.41,20,0,0
11148,2026-03-01 10:00:00,22,25,157.36,28,3,0
11149,2026-03-01 10:00:00,62,21,136.1,16,2,0
11150,2026-03-01 10:00:00,43,17,96.82,20,3,1
11151,2026-03-01 10:00:00,58,23,180.14,25,1,0
11152,2026-03-01 10:00:00,41,57,106.92,23,2,0
11153,2026-03-01 10:00:00,27,43,131.24,19,2,0
11154,2026-03-01 10:00:00,68,17,101.66,23,1,0
11155,2026-03-01 10:00:00,50,58,66.0,16,3,0
11156,2026-03-01 10:00:00,24,14,141.23,25,2,0
11157,2026-03-01 10:00:00,61,29,164.13,19,1,0
11158,2026-03-01 10:00:00,47,20,111.88,12,2,0
11159,2026-03-01 10:00:00,19,30,76.07,23,2,0
11160,2026-03-01 10:00:00,64,19,124.67,18,1,0
11161,2026-03-01 10:00:00,45,53,99.67,24,3,0
11162,2026-03-01 10:00:00,41,39,133.82,20,1,0
11163,2026-03-01 10:00:00,64,56,89.13,17,1,0
11164,2026-03-01 10:00:00,45,13,108.44,14,0,0
11165,2026-03-01 10:00:00,44,18,161.92,18,2,0
11166,2026-03-01 10:00:00,48,23,107.81,17,5,0
11167,2026-03-01 10:00:00,31,46,126.39,22,3,0
11168,2026-03-01 10:00:00,47,33,124.34,24,0,0
11169,2026-03-01 10:00:00,49,39,202.6,16,4,0
11170,2026-03-01 10:00:00,66,40,141.23,25,0,0
11171,2026-03-01 10:00:00,51,18,100.66,28,2,0
11172,2026-03-01 10:00:00,27,9,125.69,21,1,0
11173,2026-03-01 10:00:00,64,33,94.09,21,0,0
11174,2026-03-01 10:00:00,63,32,214.95,18,6,1
11175,2026-03-01 10:00:00,52,54,79.07,14,3,0
11176,2026-03-01 10:00:00,56,17,103.24,20,0,1
11177,2026-03-01 10:00:00,54,19,120.83,22,0,0
11178,2026-03-01 10:00:00,46,27,77.07,22,3,0
11179,2026-03-01 10:00:00,27,6,140.6,17,2,0
11180,2026-03-01 10:00:00,33,35,92.5,23,2,0
11181,2026-03-01 10:00:00,28,56,90.14,25,3,0
11182,2026-03-01 10:00:00,49,37,158.45,21,1,0
11183,2026-03-01 10:00:00,66,34,95.73,20,1,0
11184,2026-03-01 10:00:00,59,20,126.51,15,3,0
11185,2026-03-01 10:00:00,50,25,129.45,18,1,0
11186,2026-03-01 10:00:00,59,4,150.47,18,1,0
11187,2026-03-01 10:00:00,66,10,149.26,22,0,0
11188,2026-03-01 10:00:00,64,10,38.23,20,3,1
11189,2026-03-01 10:00:00,67,24,94.34,20,4,0
11190,2026-03-01 10:00:00,59,21,110.79,18,1,0
11191,2026-03-01 10:00:00,28,11,163.91,21,4,1
11192,2026-03-01 10:00:00,53,27,80.81,16,0,0
11193,2026-03-01 10:00:00,67,16,103.58,18,0,0
11194,2026-03-01 10:00:00,69,26,120.81,21,1,0
11195,2026-03-01 10:00:00,18,30,106.82,18,2,0
11196,2026-03-01 10:00:00,69,49,147.76,22,2,0
11197,2026-03-01 10:00:00,26,16,103.94,22,1,0
11198,2026-03-01 10:00:00,18,7,88.25,22,5,0
11199,2026-03-01 10:00:00,53,16,113.6,14,3,0
11200,2026-03-01 10:00:00,44,35,188.63,13,2,0
11201,2026-03-01 10:00:00,26,58,121.54,20,3,0
11202,2026-03-01 10:00:00,43,16,180.07,34,4,1
11203,2026-03-01 10:00:00,45,40,136.53,25,1,0
11204,2026-03-01 10:00:00,55,12,114.86,27,0,0
11205,2026-03-01 10:00:00,26,35,162.7,24,3,0
11206,2026-03-01 10:00:00,31,49,150.54,12,1,0
11207,2026-03-01 10:00:00,68,21,133.97,27,2,0
11208,2026-03-01 10:00:00,62,50,131.94,24,3,0
11209,2026-03-01 10:00:00,46,43,144.14,17,1,0
11210,2026-03-01 10:00:00,22,36,120.08,18,2,0
11211,2026-03-01 10:00:00,22,48,158.16,18,2,0
11212,2026-03-01 10:00:00,43,17,93.1,23,2,0
11213,2026-03-01 10:00:00,30,32,107.11,21,2,0
11214,2026-03-01 10:00:00,65,41,83.47,22,3,0
11215,2026-03-01 10:00:00,69,6,195.92,22,2,0
11216,2026-03-01 10:00:00,48,24,41.58,21,0,0
11217,2026-03-01 10:00:00,51,27,113.0,21,2,0
11218,2026-03-01 10:00:00,51,20,91.55,15,1,0
11219,2026-03-01 10:00:00,36,25,104.48,23,0,0
11220,2026-03-01 10:00:00,40,2,43.28,19,3,0
11221,2026-03-01 10:00:00,57,9,91.66,20,1,0
11222,2026-03-01 10:00:00,69,28,138.68,18,3,0
11223,2026-03-01 10:00:00,40,53,76.75,18,0,0
11224,2026-03-01 10:00:00,19,38,175.2,19,2,0
11225,2026-03-01 10:00:00,53,3,87.05,19,1,0
11226,2026-03-01 10:00:00,61,20,54.73,22,1,0
11227,2026-03-01 10:00:00,20,6,184.16,17,2,0
11228,2026-03-01 10:00:00,58,39,140.34,29,2,0
11229,2026-03-01 10:00:00,36,33,145.5,12,2,0
11230,2026-03-01 10:00:00,47,55,209.52,20,2,0
11231,2026-03-01 10:00:00,58,1,59.71,17,1,0
11232,2026-03-01 10:00:00,57,37,170.49,24,1,0
11233,2026-03-01 10:00:00,56,6,44.01,25,2,0
11234,2026-03-01 10:00:00,26,45,68.94,11,0,0
11235,2026-03-01 10:00:00,68,34,158.45,17,5,1
11236,2026-03-01 10:00:00,57,47,128.0,13,3,0
11237,2026-03-01 10:00:00,49,15,22.07,25,3,1
11238,2026-03-01 10:00:00,60,45,91.84,26,0,0
11239,2026-03-01 10:00:00,57,26,78.86,18,1,0
11240,2026-03-01 10:00:00,35,57,144.21,21,0,0
11241,2026-03-01 10:00:00,55,14,131.09,20,0,0
11242,2026-03-01 10:00:00,41,58,136.94,17,3,0
11243,2026-03-01 10:00:00,35,54,73.83,21,1,0
11244,2026-03-01 10:00:00,60,7,96.22,18,2,0
11245,2026-03-01 10:00:00,21,46,135.49,23,1,0
11246,2026-03-01 10:00:00,64,58,124.71,18,0,0
11247,2026-03-01 10:00:00,23,31,157.96,20,4,1
11248,2026-03-01 10:00:00,53,24,74.95,10,2,0
11249,2026-03-01 10:00:00,67,59,64.91,28,3,0
11250,2026-03-01 10:00:00,43,31,127.71,16,0,0
11251,2026-03-01 10:00:00,26,29,176.89,23,1,0
11252,2026-03-01 10:00:00,55,42,51.9,30,3,0
11253,2026-03-01 10:00:00,18,32,73.43,27,2,0
11254,2026-03-01 10:00:00,40,17,96.85,18,5,0
11255,2026-03-01 10:00:00,26,14,112.94,14,0,0
11256,2026-03-01 10:00:00,45,40,155.86,28,2,0
11257,2026-03-01 10:00:00,31,36,73.7,28,0,0
11258,2026-03-01 10:00:00,39,58,105.45,19,5,0
11259,2026-03-01 10:00:00,22,48,89.37,16,0,0
11260,2026-03-01 10:00:00,32,24,142.3,13,6,1
11261,2026-03-01 10:00:00,32,45,131.62,21,0,0
11262,2026-03-01 10:00:00,52,54,159.77,23,2,0
11263,2026-03-01 10:00:00,48,27,145.81,17,2,0
11264,2026-03-01 10:00:00,42,25,161.6,22,3,0
11265,2026-03-01 10:00:00,27,59,101.44,16,3,0
11266,2026-03-01 10:00:00,55,32,178.89,19,1,0
11267,2026-03-01 10:00:00,68,52,51.17,22,5,1
11268,2026-03-01 10:00:00,52,18,174.18,21,3,0
11269,2026-03-01 10:00:00,52,46,81.5,28,0,0
11270,2026-03-01 10:00:00,23,18,164.7,19,1,0
11271,2026-03-01 10:00:00,63,37,159.72,20,4,1
11272,2026-03-01 10:00:00,64,26,99.98,20,3,0
11273,2026-03-01 10:00:00,34,9,104.78,26,2,0
11274,2026-03-01 10:00:00,25,35,71.8,14,2,0
11275,2026-03-01 10:00:00,54,8,77.68,14,4,1
11276,2026-03-01 10:00:00,48,20,128.46,13,1,0
11277,2026-03-01 10:00:00,24,54,57.92,17,2,0
11278,2026-03-01 10:00:00,51,42,175.48,16,0,0
11279,2026-03-01 10:00:00,34,22,137.74,19,2,0
11280,2026-03-01 10:00:00,54,19,122.38,15,2,0
11281,2026-03-01 10:00:00,23,30,99.18,21,4,1
11282,2026-03-01 10:00:00,30,53,174.79,19,0,0
11283,2026-03-01 10:00:00,31,28,143.88,17,3,1
11284,2026-03-01 10:00:00,39,35,90.44,15,3,0
11285,2026-03-01 10:00:00,43,43,104.81,15,1,0
11286,2026-03-01 10:00:00,25,11,155.68,26,1,1
11287,2026-03-01 10:00:00,54,31,126.55,23,0,0
11288,2026-03-01 10:00:00,63,49,95.96,25,2,0
11289,2026-03-01 10:00:00,29,48,146.92,25,2,1
11290,2026-03-01 10:00:00,28,39,141.98,18,0,0
11291,2026-03-01 10:00:00,67,36,124.79,30,2,0
11292,2026-03-01 10:00:00,26,30,61.09,24,2,0
11293,2026-03-01 10:00:00,68,23,79.67,18,4,1
11294,2026-03-01 10:00:00,68,19,129.4,21,1,0
11295,2026-03-01 10:00:00,50,12,48.32,20,4,1
11296,2026-03-01 10:00:00,36,15,96.23,20,0,0
11297,2026-03-01 10:00:00,27,31,110.51,19,3,0
11298,2026-03-01 10:00:00,55,43,125.71,22,2,0
11299,2026-03-01 10:00:00,20,37,98.7,24,2,0
11300,2026-03-01 10:00:00,51,37,107.95,21,0,0
11301,2026-03-01 10:00:00,63,15,65.69,14,2,0
11302,2026-03-01 10:00:00,49,29,113.55,24,1,0
11303,2026-03-01 10:00:00,63,50,131.95,17,1,0
11304,2026-03-01 10:00:00,61,43,90.2,10,2,0
11305,2026-03-01 10:00:00,48,26,104.17,24,2,1
11306,2026-03-01 10:00:00,63,44,138.3,21,3,0
11307,2026-03-01 10:00:00,60,2,133.88,16,1,0
11308,2026-03-01 10:00:00,42,20,87.29,20,3,0
11309,2026-03-01 10:00:00,48,15,140.2,13,4,1
11310,2026-03-01 10:00:00,44,52,110.61,24,2,0
11311,2026-03-01 10:00:00,50,4,138.61,13,1,0
11312,2026-03-01 10:00:00,69,22,34.82,21,2,0
11313,2026-03-01 10:00:00,32,50,142.41,22,3,0
11314,2026-03-01 10:00:00,53,38,137.72,20,2,0
11315,2026-03-01 10:00:00,59,23,129.1,20,2,0
11316,2026-03-01 10:00:00,56,59,105.52,17,4,1
11317,2026-03-01 10:00:00,38,26,140.28,18,2,0
11318,2026-03-01 10:00:00,51,51,133.6,18,3,0
11319,2026-03-01 10:00:00,36,11,100.27,25,2,0
11320,2026-03-01 10:00:00,25,28,134.14,36,3,0
11321,2026-03-01 10:00:00,35,56,93.51,12,2,0
11322,2026-03-01 10:00:00,29,2,51.11,16,4,1
11323,2026-03-01 10:00:00,39,59,98.12,25,1,0
11324,2026-03-01 10:00:00,30,8,139.15,23,1,0
11325,2026-03-01 10:00:00,29,29,116.24,20,3,0
11326,2026-03-01 10:00:00,20,11,125.3,23,0,0
11327,2026-03-01 10:00:00,39,37,60.7,19,0,0
11328,2026-03-01 10:00:00,55,18,118.11,25,3,0
11329,2026-03-01 10:00:00,31,55,122.64,15,1,0
11330,2026-03-01 10:00:00,53,50,147.67,28,3,1
11331,2026-03-01 10:00:00,66,14,162.18,25,0,0
11332,2026-03-01 10:00:00,65,54,126.77,22,3,0
11333,2026-03-01 10:00:00,62,10,142.34,20,3,0
11334,2026-03-01 10:00:00,26,35,60.08,11,2,0
11335,2026-03-01 10:00:00,21,9,138.58,16,2,0
11336,2026-03-01 10:00:00,18,35,128.42,19,2,1
11337,2026-03-01 10:00:00,21,11,145.33,12,2,0
11338,2026-03-01 10:00:00,33,44,94.52,23,1,0
11339,2026-03-01 10:00:00,44,12,129.48,22,1,0
11340,2026-03-01 10:00:00,61,3,68.71,17,1,1
11341,2026-03-01 10:00:00,39,53,94.5,24,0,1
11342,2026-03-01 10:00:00,61,39,82.23,21,2,0
11343,2026-03-01 10:00:00,19,14,41.07,17,1,0
11344,2026-03-01 10:00:00,42,56,133.89,22,3,0
11345,2026-03-01 10:00:00,33,28,103.14,23,2,0
11346,2026-03-01 10:00:00,51,11,138.7,14,2,0
11347,2026-03-01 10:00:00,45,39,104.15,17,0,0
11348,2026-03-01 10:00:00,39,25,93.32,22,1,0
11349,2026-03-01 10:00:00,27,21,99.46,21,2,0
11350,2026-03-01 10:00:00,21,10,141.42,18,2,0
11351,2026-03-01 10:00:00,29,43,152.76,22,1,0
11352,2026-03-01 10:00:00,53,15,85.72,12,1,0
11353,2026-03-01 10:00:00,66,19,128.77,20,2,0
11354,2026-03-01 10:00:00,39,48,175.63,15,3,0
11355,2026-03-01 10:00:00,43,22,128.35,21,2,0
11356,2026-03-01 10:00:00,36,21,111.12,18,1,1
11357,2026-03-01 10:00:00,67,52,148.12,21,5,0
11358,2026-03-01 10:00:00,48,44,125.34,15,2,0
11359,2026-03-01 10:00:00,58,32,102.15,19,1,0
11360,2026-03-01 10:00:00,34,50,105.2,16,1,0
11361,2026-03-01 10:00:00,52,23,93.94,19,3,0
11362,2026-03-01 10:00:00,52,13,96.93,25,2,0
11363,2026-03-01 10:00:00,62,5,140.71,24,2,0
11364,2026-03-01 10:00:00,55,4,164.29,21,1,0
11365,2026-03-01 10:00:00,30,28,117.28,15,1,0
11366,2026-03-01 10:00:00,65,14,153.68,21,3,0
11367,2026-03-01 10:00:00,49,8,139.17,15,3,0
11368,2026-03-01 10:00:00,19,9,109.04,23,4,1
11369,2026-03-01 10:00:00,35,57,77.1,13,2,1
11370,2026-03-01 10:00:00,59,51,135.82,19,1,0
11371,2026-03-01 10:00:00,49,35,148.48,22,2,0
11372,2026-03-01 10:00:00,18,37,54.58,22,0,1
11373,2026-03-01 10:00:00,48,21,99.07,23,1,0
11374,2026-03-01 10:00:00,64,58,120.85,20,4,0
11375,2026-03-01 10:00:00,53,18,149.76,26,3,0
11376,2026-03-01 10:00:00,35,33,160.97,19,1,0
11377,2026-03-01 10:00:00,68,8,109.34,18,2,0
11378,2026-03-01 10:00:00,51,51,64.77,20,1,1
11379,2026-03-01 10:00:00,61,49,47.23,22,1,0
11380,2026-03-01 10:00:00,51,17,211.18,15,3,0
11381,2026-03-01 10:00:00,18,43,125.39,18,3,0
11382,2026-03-01 10:00:00,65,31,116.46,14,4,0
11383,2026-03-01 10:00:00,53,34,87.86,17,1,0
11384,2026-03-01 10:00:00,50,6,158.7,20,2,0
11385,2026-03-01 10:00:00,66,22,85.51,21,0,1
11386,2026-03-01 10:00:00,28,14,161.85,23,0,0
11387,2026-03-01 10:00:00,49,3,162.93,23,1,0
11388,2026-03-01 10:00:00,38,12,127.75,16,2,0
11389,2026-03-01 10:00:00,54,36,143.86,26,2,0
11390,2026-03-01 10:00:00,68,12,85.68,22,2,0
11391,2026-03-01 10:00:00,36,45,120.2,18,3,0
11392,2026-03-01 10:00:00,62,2,64.53,24,2,0
11393,2026-03-01 10:00:00,40,2,98.14,14,4,1
11394,2026-03-01 10:00:00,62,15,50.01,26,3,0
11395,2026-03-01 10:00:00,33,23,40.42,20,1,0
11396,2026-03-01 10:00:00,47,29,87.51,21,2,0
11397,2026-03-01 10:00:00,48,17,74.18,19,0,0
11398,2026-03-01 10:00:00,19,32,120.51,20,1,0
11399,2026-03-01 10:00:00,35,7,134.65,18,1,0
11400,2026-03-01 10:00:00,62,30,136.48,18,0,0
11401,2026-03-01 10:00:00,26,28,107.07,27,3,0
11402,2026-03-01 10:00:00,31,14,169.07,28,7,1
11403,2026-03-01 10:00:00,24,44,135.42,19,1,0
11404,2026-03-01 10:00:00,42,30,115.25,18,2,0
11405,2026-03-01 10:00:00,27,17,158.32,19,2,0
11406,2026-03-01 10:00:00,21,32,126.68,18,1,0
11407,2026-03-01 10:00:00,52,46,132.34,18,3,0
11408,2026-03-01 10:00:00,46,6,53.47,25,3,1
11409,2026-03-01 10:00:00,30,51,93.3,16,1,0
11410,2026-03-01 10:00:00,32,24,131.59,23,3,0
11411,2026-03-01 10:00:00,31,6,113.95,16,3,0
11412,2026-03-01 10:00:00,39,27,159.79,22,1,0
11413,2026-03-01 10:00:00,26,18,143.51,16,4,1
11414,2026-03-01 10:00:00,61,24,143.34,23,3,0
11415,2026-03-01 10:00:00,42,37,79.71,21,1,0
11416,2026-03-01 10:00:00,20,56,180.85,18,2,0
11417,2026-03-01 10:00:00,58,24,173.81,20,1,1
11418,2026-03-01 10:00:00,26,38,130.81,18,3,0
11419,2026-03-01 10:00:00,59,34,86.49,18,1,0
11420,2026-03-01 10:00:00,44,40,61.45,21,1,0
11421,2026-03-01 10:00:00,35,47,95.96,17,1,0
11422,2026-03-01 10:00:00,36,15,98.4,16,0,0
11423,2026-03-01 10:00:00,67,11,152.49,14,1,0
11424,2026-03-01 10:00:00,20,22,166.8,26,1,0
11425,2026-03-01 10:00:00,46,54,75.92,20,5,0
11426,2026-03-01 10:00:00,32,24,99.8,14,2,0
11427,2026-03-01 10:00:00,53,1,132.71,21,1,0
11428,2026-03-01 10:00:00,56,18,116.17,19,3,0
11429,2026-03-01 10:00:00,54,44,162.76,17,1,0
11430,2026-03-01 10:00:00,21,12,74.74,32,0,0
11431,2026-03-01 10:00:00,63,57,162.52,21,3,0
11432,2026-03-01 10:00:00,23,43,97.11,24,0,1
11433,2026-03-01 10:00:00,54,28,193.03,24,3,0
11434,2026-03-01 10:00:00,69,40,153.38,18,1,0
11435,2026-03-01 10:00:00,26,7,152.97,26,3,0
11436,2026-03-01 10:00:00,34,23,67.03,20,0,0
11437,2026-03-01 10:00:00,59,21,49.58,20,4,1
11438,2026-03-01 10:00:00,48,34,88.26,15,4,0
11439,2026-03-01 10:00:00,37,11,87.1,14,1,0
11440,2026-03-01 10:00:00,67,22,107.19,20,3,0
11441,2026-03-01 10:00:00,69,42,72.3,20,1,0
11442,2026-03-01 10:00:00,45,35,157.84,15,1,0
11443,2026-03-01 10:00:00,68,52,128.81,19,3,0
11444,2026-03-01 10:00:00,20,29,34.01,14,3,0
11445,2026-03-01 10:00:00,67,42,100.7,8,0,0
11446,2026-03-01 10:00:00,62,28,135.54,24,3,0
11447,2026-03-01 10:00:00,38,59,102.25,11,2,0
11448,2026-03-01 10:00:00,22,18,73.56,19,0,0
11449,2026-03-01 10:00:00,22,14,76.9,23,1,0
11450,2026-03-01 10:00:00,40,18,122.59,30,2,0
11451,2026-03-01 10:00:00,29,28,64.21,19,1,0
11452,2026-03-01 10:00:00,43,24,113.87,21,5,1
11453,2026-03-01 10:00:00,37,8,94.49,16,2,0
11454,2026-03-01 10:00:00,19,42,136.56,21,1,0
11455,2026-03-01 10:00:00,36,54,136.11,20,2,0
11456,2026-03-01 10:00:00,22,45,196.65,22,2,0
11457,2026-03-01 10:00:00,35,53,105.84,14,0,0
11458,2026-03-01 10:00:00,38,8,161.75,22,3,0
11459,2026-03-01 10:00:00,68,4,144.34,24,2,0
11460,2026-03-01 10:00:00,23,27,77.27,18,0,0
11461,2026-03-01 10:00:00,67,36,189.07,25,3,0
11462,2026-03-01 10:00:00,66,5,125.49,27,4,1
11463,2026-03-01 10:00:00,30,33,183.43,30,5,1
11464,2026-03-01 10:00:00,45,49,74.92,28,1,0
11465,2026-03-01 10:00:00,25,34,158.36,13,3,0
11466,2026-03-01 10:00:00,44,30,50.42,25,3,0
11467,2026-03-01 10:00:00,67,8,21.47,19,0,0
11468,2026-03-01 10:00:00,30,39,204.32,20,1,0
11469,2026-03-01 10:00:00,45,47,158.26,22,2,0
11470,2026-03-01 10:00:00,59,26,175.26,13,2,0
11471,2026-03-01 10:00:00,46,57,108.17,26,3,0
11472,2026-03-01 10:00:00,18,37,94.42,18,2,0
11473,2026-03-01 10:00:00,31,34,146.13,25,1,1
11474,2026-03-01 10:00:00,27,7,76.04,14,1,0
11475,2026-03-01 10:00:00,38,40,75.92,17,1,0
11476,2026-03-01 10:00:00,62,28,96.43,18,0,0
11477,2026-03-01 10:00:00,59,39,157.42,23,0,0
11478,2026-03-01 10:00:00,44,39,77.13,21,2,0
11479,2026-03-01 10:00:00,56,28,160.17,18,1,0
11480,2026-03-01 10:00:00,38,14,137.45,28,3,0
11481,2026-03-01 10:00:00,69,53,138.29,23,3,0
11482,2026-03-01 10:00:00,34,50,54.24,23,3,0
11483,2026-03-01 10:00:00,45,38,93.41,16,0,1
11484,2026-03-01 10:00:00,69,4,111.16,16,5,0
11485,2026-03-01 10:00:00,63,42,133.23,20,4,1
11486,2026-03-01 10:00:00,47,18,94.33,21,1,0
11487,2026-03-01 10:00:00,44,44,184.72,25,0,0
11488,2026-03-01 10:00:00,37,48,108.96,19,3,0
11489,2026-03-01 10:00:00,53,25,133.85,21,2,0
11490,2026-03-01 10:00:00,56,7,121.91,18,4,0
11491,2026-03-01 10:00:00,49,38,148.38,24,2,0
11492,2026-03-01 10:00:00,60,28,120.16,17,3,0
11493,2026-03-01 10:00:00,22,5,69.74,19,2,0
11494,2026-03-01 10:00:00,65,3,105.02,31,1,0
11495,2026-03-01 10:00:00,58,44,83.69,20,2,0
11496,2026-03-01 10:00:00,52,31,35.6,19,0,0
11497,2026-03-01 10:00:00,68,47,166.43,23,2,0
11498,2026-03-01 10:00:00,66,42,182.11,16,1,1
11499,2026-03-01 10:00:00,56,58,110.36,21,2,1
11500,2026-03-01 10:00:00,39,20,111.91,22,2,0
11501,2026-03-01 10:00:00,26,19,91.75,17,1,0
11502,2026-03-01 10:00:00,59,48,121.21,28,2,0
11503,2026-03-01 10:00:00,69,11,179.14,28,1,0
11504,2026-03-01 10:00:00,29,40,180.69,14,1,0
11505,2026-03-01 10:00:00,33,3,125.14,16,4,1
11506,2026-03-01 10:00:00,26,23,52.49,28,3,0
11507,2026-03-01 10:00:00,35,7,162.75,18,1,0
11508,2026-03-01 10:00:00,67,23,92.16,17,2,0
11509,2026-03-01 10:00:00,47,7,102.88,19,2,0
11510,2026-03-01 10:00:00,20,46,137.34,23,2,0
11511,2026-03-01 10:00:00,50,34,92.17,17,1,0
11512,2026-03-01 10:00:00,45,42,137.07,19,2,0
11513,2026-03-01 10:00:00,33,19,112.1,19,2,0
11514,2026-03-01 10:00:00,45,58,90.99,21,3,0
11515,2026-03-01 10:00:00,42,9,133.53,28,1,0
11516,2026-03-01 10:00:00,56,48,95.11,21,1,0
11517,2026-03-01 10:00:00,58,51,118.83,20,2,0
11518,2026-03-01 10:00:00,47,18,66.26,20,0,0
11519,2026-03-01 10:00:00,52,41,174.34,23,1,0
11520,2026-03-01 10:00:00,43,48,60.37,30,3,0
11521,2026-03-01 10:00:00,59,45,114.42,34,2,0
11522,2026-03-01 10:00:00,61,42,149.59,25,1,0
11523,2026-03-01 10:00:00,22,25,164.6,16,1,0
11524,2026-03-01 10:00:00,69,52,117.37,15,1,0
11525,2026-03-01 10:00:00,52,14,99.61,19,3,0
11526,2026-03-01 10:00:00,46,44,126.05,18,1,0
11527,2026-03-01 10:00:00,30,25,60.02,10,2,0
11528,2026-03-01 10:00:00,63,19,28.46,24,1,0
11529,2026-03-01 10:00:00,43,39,120.3,17,5,1
11530,2026-03-01 10:00:00,26,55,129.81,20,2,0
11531,2026-03-01 10:00:00,51,15,122.65,18,3,0
11532,2026-03-01 10:00:00,37,16,129.08,23,1,0
11533,2026-03-01 10:00:00,41,27,177.36,17,2,0
11534,2026-03-01 10:00:00,63,40,121.28,14,1,0
11535,2026-03-01 10:00:00,67,10,138.08,24,2,0
11536,2026-03-01 10:00:00,67,4,101.63,24,3,0
11537,2026-03-01 10:00:00,50,51,71.85,27,0,0
11538,2026-03-01 10:00:00,55,19,152.25,26,2,0
11539,2026-03-01 10:00:00,64,28,31.32,13,2,0
11540,2026-03-01 10:00:00,35,21,46.69,15,1,0
11541,2026-03-01 10:00:00,27,59,187.46,30,1,0
11542,2026-03-01 10:00:00,49,47,142.34,21,3,0
11543,2026-03-01 10:00:00,50,14,131.94,22,2,1
11544,2026-03-01 10:00:00,53,33,194.9,20,0,0
11545,2026-03-01 10:00:00,59,48,145.59,17,2,0
11546,2026-03-01 10:00:00,34,10,85.26,27,1,0
11547,2026-03-01 10:00:00,31,19,94.23,14,4,1
11548,2026-03-01 10:00:00,57,30,178.5,21,2,0
11549,2026-03-01 10:00:00,38,22,113.91,21,2,0
11550,2026-03-01 10:00:00,20,3,117.3,12,1,0
11551,2026-03-01 10:00:00,40,37,63.82,20,2,0
11552,2026-03-01 10:00:00,45,41,94.79,17,1,1
11553,2026-03-01 10:00:00,59,18,118.41,24,0,0
11554,2026-03-01 10:00:00,26,11,170.75,26,0,0
11555,2026-03-01 10:00:00,54,48,184.06,18,1,0
11556,2026-03-01 10:00:00,60,2,137.16,21,1,1
11557,2026-03-01 10:00:00,64,12,145.91,22,0,0
11558,2026-03-01 10:00:00,38,54,106.54,14,1,0
11559,2026-03-01 10:00:00,63,6,84.86,25,4,0
11560,2026-03-01 10:00:00,22,43,110.55,19,1,0
11561,2026-03-01 10:00:00,61,59,145.38,11,1,0
11562,2026-03-01 10:00:00,28,40,73.07,25,1,0
11563,2026-03-01 10:00:00,55,44,76.56,25,0,0
11564,2026-03-01 10:00:00,51,29,152.06,14,1,0
11565,2026-03-01 10:00:00,55,59,42.88,15,0,0
11566,2026-03-01 10:00:00,58,30,65.96,14,4,0
11567,2026-03-01 10:00:00,27,2,111.84,21,0,0
11568,2026-03-01 10:00:00,28,9,212.94,15,1,0
11569,2026-03-01 10:00:00,26,47,94.87,19,1,0
11570,2026-03-01 10:00:00,59,2,130.83,15,0,0
11571,2026-03-01 10:00:00,19,29,112.61,20,2,0
11572,2026-03-01 10:00:00,38,33,116.51,22,2,0
11573,2026-03-01 10:00:00,56,10,34.55,24,3,0
11574,2026-03-01 10:00:00,28,34,177.18,13,2,0
11575,2026-03-01 10:00:00,24,44,85.34,21,2,0
11576,2026-03-01 10:00:00,27,55,66.98,19,3,0
11577,2026-03-01 10:00:00,50,8,215.73,21,1,0
11578,2026-03-01 10:00:00,51,37,103.24,26,0,0
11579,2026-03-01 10:00:00,62,54,175.48,23,2,0
11580,2026-03-01 10:00:00,31,33,73.7,17,3,0
11581,2026-03-01 10:00:00,33,47,158.61,20,4,1
11582,2026-03-01 10:00:00,32,6,155.11,17,5,0
11583,2026-03-01 10:00:00,24,44,111.72,23,0,0
11584,2026-03-01 10:00:00,44,40,128.25,27,2,0
11585,2026-03-01 10:00:00,28,45,85.93,16,3,0
11586,2026-03-01 10:00:00,51,19,161.12,27,2,0
11587,2026-03-01 10:00:00,56,32,116.16,17,3,0
11588,2026-03-01 10:00:00,40,27,60.53,17,2,0
11589,2026-03-01 10:00:00,21,1,143.69,26,2,1
11590,2026-03-01 10:00:00,69,43,124.9,22,3,0
11591,2026-03-01 10:00:00,38,52,126.69,20,5,0
11592,2026-03-01 10:00:00,69,33,54.65,30,3,0
11593,2026-03-01 10:00:00,52,40,198.04,17,2,0
11594,2026-03-01 10:00:00,54,32,116.98,20,1,0
11595,2026-03-01 10:00:00,41,5,122.62,22,6,1
11596,2026-03-01 10:00:00,61,17,118.43,17,2,0
11597,2026-03-01 10:00:00,33,8,160.79,22,1,0
11598,2026-03-01 10:00:00,28,57,168.2,23,2,1
11599,2026-03-01 10:00:00,69,42,135.04,26,1,0
11600,2026-03-01 10:00:00,49,34,183.51,16,2,0
11601,2026-03-01 10:00:00,18,9,136.28,18,0,0
11602,2026-03-01 10:00:00,37,56,108.97,24,2,0
11603,2026-03-01 10:00:00,56,23,95.48,19,1,0
11604,2026-03-01 10:00:00,46,35,129.13,24,1,0
11605,2026-03-01 10:00:00,26,50,20.0,28,0,0
11606,2026-03-01 10:00:00,52,7,113.34,24,3,0
11607,2026-03-01 10:00:00,55,15,109.98,15,2,0
11608,2026-03-01 10:00:00,23,53,89.79,16,0,0
11609,2026-03-01 10:00:00,30,54,118.69,14,2,0
11610,2026-03-01 10:00:00,28,20,137.26,13,5,0
11611,2026-03-01 10:00:00,44,50,143.11,23,0,0
11612,2026-03-01 10:00:00,66,25,124.62,17,0,0
11613,2026-03-01 10:00:00,23,3,122.45,11,5,1
11614,2026-03-01 10:00:00,60,55,186.45,26,1,0
11615,2026-03-01 10:00:00,44,46,182.41,23,1,0
11616,2026-03-01 10:00:00,28,24,101.26,21,2,0
11617,2026-03-01 10:00:00,67,34,165.55,22,2,0
11618,2026-03-01 10:00:00,32,46,87.57,15,1,0
11619,2026-03-01 10:00:00,43,22,121.08,20,4,1
11620,2026-03-01 10:00:00,41,11,88.52,22,1,0
11621,2026-03-01 10:00:00,43,48,142.9,22,2,0
11622,2026-03-01 10:00:00,61,8,88.86,24,1,0
11623,2026-03-01 10:00:00,20,39,122.59,22,4,1
11624,2026-03-01 10:00:00,62,43,127.85,14,2,0
11625,2026-03-01 10:00:00,64,35,89.42,27,2,0
11626,2026-03-01 10:00:00,45,49,140.43,18,0,0
11627,2026-03-01 10:00:00,38,46,179.36,22,2,0
11628,2026-03-01 10:00:00,43,38,130.62,20,1,0
11629,2026-03-01 10:00:00,49,8,138.63,17,2,0
11630,2026-03-01 10:00:00,44,54,182.47,22,2,0
11631,2026-03-01 10:00:00,37,37,96.55,19,1,0
11632,2026-03-01 10:00:00,47,27,150.47,28,2,0
11633,2026-03-01 10:00:00,67,28,132.58,25,0,0
11634,2026-03-01 10:00:00,66,40,136.66,24,2,0
11635,2026-03-01 10:00:00,42,34,130.43,27,1,0
11636,2026-03-01 10:00:00,59,32,110.11,26,2,0
11637,2026-03-01 10:00:00,28,15,108.37,15,3,0
11638,2026-03-01 10:00:00,40,44,147.19,14,2,0
11639,2026-03-01 10:00:00,45,17,176.03,22,5,0
11640,2026-03-01 10:00:00,58,33,122.1,16,2,0
11641,2026-03-01 10:00:00,24,47,147.0,19,0,0
11642,2026-03-01 10:00:00,58,46,143.7,25,5,1
11643,2026-03-01 10:00:00,21,52,148.42,20,2,0
11644,2026-03-01 10:00:00,60,54,94.14,13,4,1
11645,2026-03-01 10:00:00,67,16,118.45,14,1,0
11646,2026-03-01 10:00:00,63,29,81.97,24,3,0
11647,2026-03-01 10:00:00,61,9,117.17,25,0,0
11648,2026-03-01 10:00:00,19,33,93.23,15,0,0
11649,2026-03-01 10:00:00,31,49,124.9,26,2,0
11650,2026-03-01 10:00:00,20,29,54.62,18,2,0
11651,2026-03-01 10:00:00,44,13,92.84,18,2,0
11652,2026-03-01 10:00:00,19,21,101.65,18,3,0
11653,2026-03-01 10:00:00,57,58,133.08,33,1,0
11654,2026-03-01 10:00:00,33,21,69.5,21,2,0
11655,2026-03-01 10:00:00,24,5,126.5,22,2,1
11656,2026-03-01 10:00:00,67,10,106.24,12,2,0
11657,2026-03-01 10:00:00,53,6,124.61,15,1,0
11658,2026-03-01 10:00:00,69,56,128.64,21,3,0
11659,2026-03-01 10:00:00,66,51,147.63,28,0,0
11660,2026-03-01 10:00:00,29,57,156.24,24,3,0
11661,2026-03-01 10:00:00,47,13,87.77,19,0,0
11662,2026-03-01 10:00:00,67,1,142.82,17,2,0
11663,2026-03-01 10:00:00,22,20,71.77,14,2,0
11664,2026-03-01 10:00:00,45,57,130.52,16,2,0
11665,2026-03-01 10:00:00,60,47,127.87,16,1,0
11666,2026-03-01 10:00:00,43,46,125.32,20,1,0
11667,2026-03-01 10:00:00,52,8,85.55,27,4,1
11668,2026-03-01 10:00:00,38,10,117.66,15,0,0
11669,2026-03-01 10:00:00,57,9,97.31,19,5,1
11670,2026-03-01 10:00:00,21,49,108.21,24,3,1
11671,2026-03-01 10:00:00,62,41,189.52,15,1,0
11672,2026-03-01 10:00:00,39,3,128.5,17,1,1
11673,2026-03-01 10:00:00,43,11,156.57,25,0,0
11674,2026-03-01 10:00:00,61,12,198.34,19,3,0
11675,2026-03-01 10:00:00,24,10,87.21,13,1,0
11676,2026-03-01 10:00:00,58,25,75.48,21,2,0
11677,2026-03-01 10:00:00,63,49,175.1,19,4,0
11678,2026-03-01 10:00:00,19,49,69.91,20,2,0
11679,2026-03-01 10:00:00,23,25,81.82,22,2,0
11680,2026-03-01 10:00:00,23,11,141.13,17,1,0
11681,2026-03-01 10:00:00,47,54,95.03,25,1,0
11682,2026-03-01 10:00:00,68,36,131.29,22,3,0
11683,2026-03-01 10:00:00,66,39,140.27,33,2,0
11684,2026-03-01 10:00:00,28,53,44.9,19,1,0
11685,2026-03-01 10:00:00,46,26,187.68,24,3,0
11686,2026-03-01 10:00:00,23,14,212.71,19,1,0
11687,2026-03-01 10:00:00,48,39,115.66,17,4,0
11688,2026-03-01 10:00:00,25,56,152.32,22,1,1
11689,2026-03-01 10:00:00,66,40,218.64,26,1,0
11690,2026-03-01 10:00:00,41,1,132.88,29,2,0
11691,2026-03-01 10:00:00,33,56,67.75,27,3,0
11692,2026-03-01 10:00:00,67,54,133.15,18,3,0
11693,2026-03-01 10:00:00,35,4,82.11,24,4,1
11694,2026-03-01 10:00:00,24,30,114.71,27,0,0
11695,2026-03-01 10:00:00,66,12,169.81,18,4,0
11696,2026-03-01 10:00:00,25,56,172.27,19,2,0
11697,2026-03-01 10:00:00,53,35,65.69,17,4,0
11698,2026-03-01 10:00:00,68,13,142.9,16,2,0
11699,2026-03-01 10:00:00,48,52,109.12,18,3,0
11700,2026-03-01 10:00:00,37,31,83.8,25,2,0
11701,2026-03-01 10:00:00,26,38,130.76,21,2,0
11702,2026-03-01 10:00:00,21,43,141.92,22,4,1
11703,2026-03-01 10:00:00,40,23,171.07,24,1,0
11704,2026-03-01 10:00:00,56,4,141.89,18,0,0
11705,2026-03-01 10:00:00,56,52,111.5,18,2,0
11706,2026-03-01 10:00:00,43,16,113.43,16,0,0
11707,2026-03-01 10:00:00,41,7,177.01,15,4,1
11708,2026-03-01 10:00:00,52,22,103.9,23,0,0
11709,2026-03-01 10:00:00,30,29,105.48,19,3,0
11710,2026-03-01 10:00:00,60,11,120.3,31,1,0
11711,2026-03-01 10:00:00,26,56,119.24,14,3,0
11712,2026-03-01 10:00:00,65,33,106.37,16,5,1
11713,2026-03-01 10:00:00,51,58,169.07,27,3,0
11714,2026-03-01 10:00:00,40,29,133.12,16,3,0
11715,2026-03-01 10:00:00,51,59,187.0,31,1,0
11716,2026-03-01 10:00:00,27,39,184.54,15,2,0
11717,2026-03-01 10:00:00,59,12,143.05,16,1,1
11718,2026-03-01 10:00:00,64,7,111.87,16,2,0
11719,2026-03-01 10:00:00,48,59,65.28,28,1,0
11720,2026-03-01 10:00:00,59,55,95.33,26,2,0
11721,2026-03-01 10:00:00,36,39,180.32,17,2,0
11722,2026-03-01 10:00:00,40,42,106.11,19,2,0
11723,2026-03-01 10:00:00,45,48,90.5,20,1,0
11724,2026-03-01 10:00:00,62,26,166.53,22,3,0
11725,2026-03-01 10:00:00,27,40,125.75,16,1,0
11726,2026-03-01 10:00:00,55,9,118.86,13,2,0
11727,2026-03-01 10:00:00,51,41,151.52,15,1,0
11728,2026-03-01 10:00:00,18,34,73.02,16,2,0
11729,2026-03-01 10:00:00,60,45,105.68,17,1,0
11730,2026-03-01 10:00:00,38,13,168.81,21,1,1
11731,2026-03-01 10:00:00,67,55,136.1,19,3,1
11732,2026-03-01 10:00:00,49,55,149.03,14,0,0
11733,2026-03-01 10:00:00,62,36,172.9,19,1,0
11734,2026-03-01 10:00:00,68,25,161.12,24,4,1
11735,2026-03-01 10:00:00,26,24,106.01,29,2,0
11736,2026-03-01 10:00:00,28,44,124.09,20,0,0
11737,2026-03-01 10:00:00,30,17,47.11,25,3,0
11738,2026-03-01 10:00:00,44,2,183.71,31,3,0
11739,2026-03-01 10:00:00,54,13,138.31,21,2,0
11740,2026-03-01 10:00:00,35,31,82.32,20,1,0
11741,2026-03-01 10:00:00,35,29,56.82,20,2,0
11742,2026-03-01 10:00:00,28,50,101.26,19,0,0
11743,2026-03-01 10:00:00,56,28,114.72,19,1,0
11744,2026-03-01 10:00:00,46,27,122.79,22,2,0
11745,2026-03-01 10:00:00,64,15,64.56,18,1,0
11746,2026-03-01 10:00:00,39,31,86.47,21,1,0
11747,2026-03-01 10:00:00,48,40,131.77,13,0,0
11748,2026-03-01 10:00:00,27,15,221.77,26,2,0
11749,2026-03-01 10:00:00,61,33,134.07,18,6,0
11750,2026-03-01 10:00:00,67,20,136.99,24,4,1
11751,2026-03-01 10:00:00,19,42,68.73,21,0,0
11752,2026-03-01 10:00:00,24,12,120.1,17,2,0
11753,2026-03-01 10:00:00,55,37,66.37,24,2,0
11754,2026-03-01 10:00:00,61,9,114.83,15,2,0
11755,2026-03-01 10:00:00,21,23,192.39,18,0,0
11756,2026-03-01 10:00:00,57,8,93.34,21,1,0
11757,2026-03-01 10:00:00,23,32,127.39,24,2,0
11758,2026-03-01 10:00:00,32,48,81.99,20,4,0
11759,2026-03-01 10:00:00,45,14,141.82,17,1,0
11760,2026-03-01 10:00:00,19,27,109.54,12,3,0
11761,2026-03-01 10:00:00,60,25,54.17,13,2,0
11762,2026-03-01 10:00:00,36,13,116.71,22,2,0
11763,2026-03-01 10:00:00,43,55,194.98,26,2,0
11764,2026-03-01 10:00:00,63,21,140.18,27,2,0
11765,2026-03-01 10:00:00,33,45,129.67,14,4,0
11766,2026-03-01 10:00:00,42,31,99.13,21,0,0
11767,2026-03-01 10:00:00,50,37,103.54,21,2,0
11768,2026-03-01 10:00:00,69,48,181.33,26,2,0
11769,2026-03-01 10:00:00,68,58,111.67,24,0,0
11770,2026-03-01 10:00:00,45,43,131.87,20,3,0
11771,2026-03-01 10:00:00,41,54,139.18,16,1,0
11772,2026-03-01 10:00:00,45,5,73.04,17,1,1
11773,2026-03-01 10:00:00,41,13,26.45,16,1,0
11774,2026-03-01 10:00:00,41,28,74.16,16,3,0
11775,2026-03-01 10:00:00,48,43,61.91,21,2,0
11776,2026-03-01 10:00:00,29,25,174.68,19,1,0
11777,2026-03-01 10:00:00,59,51,81.24,20,0,0
11778,2026-03-01 10:00:00,24,35,96.08,17,0,0
11779,2026-03-01 10:00:00,45,47,140.92,21,4,0
11780,2026-03-01 10:00:00,44,39,95.81,26,2,0
11781,2026-03-01 10:00:00,43,7,155.6,17,2,0
11782,2026-03-01 10:00:00,65,38,211.0,21,3,0
11783,2026-03-01 10:00:00,27,32,170.2,18,3,0
11784,2026-03-01 10:00:00,50,3,152.87,19,2,1
11785,2026-03-01 10:00:00,43,45,94.48,19,3,0
11786,2026-03-01 10:00:00,24,39,111.19,20,1,1
11787,2026-03-01 10:00:00,41,37,124.67,28,2,1
11788,2026-03-01 10:00:00,25,55,170.19,17,3,1
11789,2026-03-01 10:00:00,54,50,121.93,16,1,0
11790,2026-03-01 10:00:00,62,22,111.38,23,2,0
11791,2026-03-01 10:00:00,21,8,181.06,16,0,0
11792,2026-03-01 10:00:00,26,17,161.84,22,2,0
11793,2026-03-01 10:00:00,39,52,58.75,29,0,1
11794,2026-03-01 10:00:00,62,27,145.14,27,0,0
11795,2026-03-01 10:00:00,28,33,100.8,17,2,0
11796,2026-03-01 10:00:00,32,46,230.57,20,5,0
11797,2026-03-01 10:00:00,53,17,114.25,21,1,0
11798,2026-03-01 10:00:00,36,42,134.23,20,2,0
11799,2026-03-01 10:00:00,35,12,162.38,17,3,0
11800,2026-03-01 10:00:00,29,48,178.38,17,2,0
11801,2026-03-01 10:00:00,40,46,144.78,14,0,0
11802,2026-03-01 10:00:00,50,27,144.36,19,6,0
11803,2026-03-01 10:00:00,35,48,163.6,24,2,0
11804,2026-03-01 10:00:00,35,8,122.81,18,0,0
11805,2026-03-01 10:00:00,57,23,116.31,18,2,0
11806,2026-03-01 10:00:00,30,42,153.07,20,1,0
11807,2026-03-01 10:00:00,47,49,149.56,21,3,0
11808,2026-03-01 10:00:00,61,59,126.31,14,6,1
11809,2026-03-01 10:00:00,60,29,143.29,16,2,0
11810,2026-03-01 10:00:00,40,50,172.25,17,4,1
11811,2026-03-01 10:00:00,38,20,112.53,16,3,0
11812,2026-03-01 10:00:00,20,16,55.12,26,2,0
11813,2026-03-01 10:00:00,68,17,102.97,24,1,0
11814,2026-03-01 10:00:00,35,16,152.33,24,2,0
11815,2026-03-01 10:00:00,46,19,114.55,21,0,1
11816,2026-03-01 10:00:00,37,56,114.41,21,2,0
11817,2026-03-01 10:00:00,66,56,96.25,27,3,0
11818,2026-03-01 10:00:00,23,8,139.32,21,3,0
11819,2026-03-01 10:00:00,68,38,149.29,24,2,0
11820,2026-03-01 10:00:00,27,38,110.38,23,2,0
11821,2026-03-01 10:00:00,27,53,144.5,13,2,0
11822,2026-03-01 10:00:00,54,29,178.84,14,1,0
11823,2026-03-01 10:00:00,32,41,90.73,20,1,0
11824,2026-03-01 10:00:00,25,36,113.05,14,3,0
11825,2026-03-01 10:00:00,65,26,124.53,21,0,0
11826,2026-03-01 10:00:00,66,31,112.38,19,2,0
11827,2026-03-01 10:00:00,24,44,105.48,19,1,0
11828,2026-03-01 10:00:00,67,12,142.87,18,4,0
11829,2026-03-01 10:00:00,53,55,116.45,22,2,0
11830,2026-03-01 10:00:00,64,17,165.26,29,3,0
11831,2026-03-01 10:00:00,37,15,122.46,18,4,0
11832,2026-03-01 10:00:00,45,9,92.8,14,3,0
11833,2026-03-01 10:00:00,55,39,131.22,22,2,0
11834,2026-03-01 10:00:00,24,42,190.69,24,2,0
11835,2026-03-01 10:00:00,43,48,129.93,18,3,0
11836,2026-03-01 10:00:00,18,12,135.72,23,0,0
11837,2026-03-01 10:00:00,41,32,175.69,19,3,0
11838,2026-03-01 10:00:00,26,25,82.25,27,1,0
11839,2026-03-01 10:00:00,27,39,138.02,19,4,0
11840,2026-03-01 10:00:00,20,18,110.86,25,2,0
11841,2026-03-01 10:00:00,39,15,71.96,23,6,0
11842,2026-03-01 10:00:00,59,32,119.51,20,1,0
11843,2026-03-01 10:00:00,62,6,128.86,11,2,0
11844,2026-03-01 10:00:00,25,58,49.67,23,3,0
11845,2026-03-01 10:00:00,36,44,37.94,14,1,0
11846,2026-03-01 10:00:00,64,43,93.54,24,3,0
11847,2026-03-01 10:00:00,38,52,138.69,29,4,0
11848,2026-03-01 10:00:00,64,35,117.61,18,3,0
11849,2026-03-01 10:00:00,40,34,186.0,18,2,0
11850,2026-03-01 10:00:00,63,38,118.05,27,2,0
11851,2026-03-01 10:00:00,28,56,116.06,24,2,1
11852,2026-03-01 10:00:00,54,54,126.2,18,2,0
11853,2026-03-01 10:00:00,37,57,153.93,19,3,0
11854,2026-03-01 10:00:00,40,5,95.46,28,1,0
11855,2026-03-01 10:00:00,39,18,145.79,25,2,0
11856,2026-03-01 10:00:00,36,16,145.06,18,3,0
11857,2026-03-01 10:00:00,21,8,98.1,22,1,0
11858,2026-03-01 10:00:00,59,25,163.6,22,2,0
11859,2026-03-01 10:00:00,20,32,152.9,16,1,0
11860,2026-03-01 10:00:00,66,26,168.89,19,2,0
11861,2026-03-01 10:00:00,30,52,150.56,14,2,0
11862,2026-03-01 10:00:00,44,22,178.34,21,5,0
11863,2026-03-01 10:00:00,24,31,148.12,9,2,1
11864,2026-03-01 10:00:00,44,43,56.09,17,6,1
11865,2026-03-01 10:00:00,24,10,43.68,20,1,0
11866,2026-03-01 10:00:00,32,56,132.58,18,5,1
11867,2026-03-01 10:00:00,19,57,171.63,20,0,0
11868,2026-03-01 10:00:00,69,12,66.71,15,1,0
11869,2026-03-01 10:00:00,64,53,132.98,20,4,1
11870,2026-03-01 10:00:00,30,28,166.23,20,1,0
11871,2026-03-01 10:00:00,61,6,79.16,14,2,0
11872,2026-03-01 10:00:00,38,59,113.25,28,6,0
11873,2026-03-01 10:00:00,65,20,137.99,23,2,0
11874,2026-03-01 10:00:00,56,5,71.04,17,4,0
11875,2026-03-01 10:00:00,45,23,169.61,19,1,0
11876,2026-03-01 10:00:00,25,9,125.73,19,1,0
11877,2026-03-01 10:00:00,53,58,116.16,21,3,0
11878,2026-03-01 10:00:00,42,59,57.47,13,1,0
11879,2026-03-01 10:00:00,51,29,128.2,24,3,0
11880,2026-03-01 10:00:00,39,16,83.22,15,5,1
11881,2026-03-01 10:00:00,34,54,163.52,21,5,1
11882,2026-03-01 10:00:00,58,46,132.8,22,5,1
11883,2026-03-01 10:00:00,66,22,71.03,14,3,0
11884,2026-03-01 10:00:00,58,8,78.87,23,0,0
11885,2026-03-01 10:00:00,67,59,117.31,25,2,1
11886,2026-03-01 10:00:00,31,20,144.41,10,4,1
11887,2026-03-01 10:00:00,21,51,151.17,17,2,0
11888,2026-03-01 10:00:00,52,14,58.08,25,3,0
11889,2026-03-01 10:00:00,49,39,106.94,16,1,0
11890,2026-03-01 10:00:00,21,37,79.03,15,2,0
11891,2026-03-01 10:00:00,41,50,160.56,20,4,0
11892,2026-03-01 10:00:00,41,34,115.66,20,0,1
11893,2026-03-01 10:00:00,57,11,91.31,18,1,0
11894,2026-03-01 10:00:00,37,54,179.79,20,2,0
11895,2026-03-01 10:00:00,51,40,147.6,15,2,0
11896,2026-03-01 10:00:00,40,33,117.83,15,2,0
11897,2026-03-01 10:00:00,32,31,97.52,19,1,0
11898,2026-03-01 10:00:00,25,59,34.14,19,3,0
11899,2026-03-01 10:00:00,21,54,106.2,20,2,0
11900,2026-03-01 10:00:00,54,44,108.91,20,1,0
11901,2026-03-01 10:00:00,36,34,164.97,19,1,0
11902,2026-03-01 10:00:00,47,50,69.26,18,2,0
11903,2026-03-01 10:00:00,31,7,135.09,26,2,0
11904,2026-03-01 10:00:00,42,58,146.91,15,1,0
11905,2026-03-01 10:00:00,62,49,105.09,13,5,0
11906,2026-03-01 10:00:00,25,54,118.87,25,2,0
11907,2026-03-01 10:00:00,69,23,137.42,16,4,0
11908,2026-03-01 10:00:00,35,46,114.42,13,1,0
11909,2026-03-01 10:00:00,30,56,202.26,17,1,0
11910,2026-03-01 10:00:00,42,7,167.45,20,3,0
11911,2026-03-01 10:00:00,35,54,135.43,17,3,0
11912,2026-03-01 10:00:00,43,25,119.7,30,2,0
11913,2026-03-01 10:00:00,32,3,151.78,20,5,1
11914,2026-03-01 10:00:00,63,59,117.54,18,2,0
11915,2026-03-01 10:00:00,68,38,73.22,22,2,0
11916,2026-03-01 10:00:00,52,20,142.12,21,2,0
11917,2026-03-01 10:00:00,60,34,104.92,16,2,0
11918,2026-03-01 10:00:00,25,49,132.17,18,1,0
11919,2026-03-01 10:00:00,43,44,104.92,18,1,0
11920,2026-03-01 10:00:00,39,44,81.77,15,1,0
11921,2026-03-01 10:00:00,45,30,206.35,21,4,0
11922,2026-03-01 10:00:00,29,17,84.76,21,3,0
11923,2026-03-01 10:00:00,60,59,138.07,19,1,0
11924,2026-03-01 10:00:00,65,10,162.41,16,2,0
11925,2026-03-01 10:00:00,23,35,136.85,18,1,0
11926,2026-03-01 10:00:00,26,20,170.29,14,3,0
11927,2026-03-01 10:00:00,26,18,144.43,15,1,0
11928,2026-03-01 10:00:00,59,45,26.03,17,3,0
11929,2026-03-01 10:00:00,64,44,67.51,27,0,0
11930,2026-03-01 10:00:00,60,27,125.62,28,2,1
11931,2026-03-01 10:00:00,65,59,76.72,19,5,0
11932,2026-03-01 10:00:00,33,59,138.53,17,5,0
11933,2026-03-01 10:00:00,44,49,199.21,17,3,0
11934,2026-03-01 10:00:00,29,36,139.15,13,1,0
11935,2026-03-01 10:00:00,52,23,127.51,16,3,0
11936,2026-03-01 10:00:00,54,32,173.95,16,3,0
11937,2026-03-01 10:00:00,31,10,178.71,20,3,0
11938,2026-03-01 10:00:00,55,11,149.57,12,4,1
11939,2026-03-01 10:00:00,47,38,102.12,24,2,0
11940,2026-03-01 10:00:00,38,6,114.59,35,2,0
11941,2026-03-01 10:00:00,37,59,93.21,25,5,1
11942,2026-03-01 10:00:00,40,41,105.67,20,2,0
11943,2026-03-01 10:00:00,41,47,147.83,18,3,0
11944,2026-03-01 10:00:00,57,34,143.05,22,2,0
11945,2026-03-01 10:00:00,28,36,123.46,21,3,0
11946,2026-03-01 10:00:00,27,37,135.96,18,2,0
11947,2026-03-01 10:00:00,54,17,148.16,16,0,0
11948,2026-03-01 10:00:00,52,40,118.49,13,2,0
11949,2026-03-01 10:00:00,31,40,128.92,16,1,0
11950,2026-03-01 10:00:00,32,54,146.41,14,2,0
11951,2026-03-01 10:00:00,19,12,93.16,19,1,0
11952,2026-03-01 10:00:00,24,21,144.39,26,5,0
11953,2026-03-01 10:00:00,41,40,34.98,21,2,0
11954,2026-03-01 10:00:00,52,19,127.93,29,5,0
11955,2026-03-01 10:00:00,41,3,98.76,18,0,0
11956,2026-03-01 10:00:00,19,18,21.06,21,2,0
11957,2026-03-01 10:00:00,42,53,137.78,22,4,0
11958,2026-03-01 10:00:00,58,51,107.33,19,1,0
11959,2026-03-01 10:00:00,41,19,64.74,28,1,0
11960,2026-03-01 10:00:00,33,47,145.39,21,1,0
11961,2026-03-01 10:00:00,36,6,83.93,19,3,0
11962,2026-03-01 10:00:00,44,16,113.31,24,3,0
11963,2026-03-01 10:00:00,63,8,170.87,19,0,0
11964,2026-03-01 10:00:00,19,48,135.65,19,1,0
11965,2026-03-01 10:00:00,49,18,79.63,21,2,0
11966,2026-03-01 10:00:00,38,52,138.33,19,2,0
11967,2026-03-01 10:00:00,66,48,170.56,14,0,0
11968,2026-03-01 10:00:00,62,43,128.04,21,2,0
11969,2026-03-01 10:00:00,20,39,136.63,24,3,0
11970,2026-03-01 10:00:00,60,49,144.47,28,4,1
11971,2026-03-01 10:00:00,32,49,124.77,21,0,0
11972,2026-03-01 10:00:00,38,12,118.66,18,0,0
11973,2026-03-01 10:00:00,25,45,135.63,18,2,0
11974,2026-03-01 10:00:00,44,10,134.5,20,4,1
11975,2026-03-01 10:00:00,28,7,138.41,24,1,0
11976,2026-03-01 10:00:00,59,46,147.79,26,3,0
11977,2026-03-01 10:00:00,20,55,20.0,15,2,0
11978,2026-03-01 10:00:00,29,1,129.45,17,3,1
11979,2026-03-01 10:00:00,39,49,116.53,15,3,0
11980,2026-03-01 10:00:00,46,36,184.31,13,1,0
11981,2026-03-01 10:00:00,57,21,111.85,20,1,0
11982,2026-03-01 10:00:00,20,37,132.01,20,1,0
11983,2026-03-01 10:00:00,47,52,91.71,24,3,0
11984,2026-03-01 10:00:00,29,24,150.32,18,4,1
11985,2026-03-01 10:00:00,34,55,85.73,19,0,0
11986,2026-03-01 10:00:00,55,25,117.46,17,2,0
11987,2026-03-01 10:00:00,69,7,254.9,16,0,0
11988,2026-03-01 10:00:00,30,42,101.35,19,2,0
11989,2026-03-01 10:00:00,53,17,98.39,21,1,0
11990,2026-03-01 10:00:00,68,29,80.55,21,1,0
11991,2026-03-01 10:00:00,48,30,106.32,25,3,0
11992,2026-03-01 10:00:00,37,7,63.77,17,2,0
11993,2026-03-01 10:00:00,68,33,81.56,24,5,0
11994,2026-03-01 10:00:00,65,7,134.81,24,2,0
11995,2026-03-01 10:00:00,51,58,159.18,13,0,0
11996,2026-03-01 10:00:00,56,24,31.36,20,2,0
11997,2026-03-01 10:00:00,39,11,140.19,16,5,1
11998,2026-03-01 10:00:00,56,9,169.09,23,9,0
11999,2026-03-01 10:00:00,31,12,81.9,24,3,0
12000,2026-03-01 10:00:00,20,35,190.11,17,3,0
12001,2026-03-01 10:00:00,33,4,172.74,20,0,0
12002,2026-03-01 10:00:00,18,36,90.76,16,4,1
12003,2026-03-01 10:00:00,65,28,123.47,26,0,0
12004,2026-03-01 10:00:00,66,57,160.01,27,2,0
12005,2026-03-01 10:00:00,26,13,155.92,27,3,0
12006,2026-03-01 10:00:00,66,23,111.09,15,1,0
12007,2026-03-01 10:00:00,21,19,90.95,24,0,0
12008,2026-03-01 10:00:00,21,42,164.66,17,1,0
12009,2026-03-01 10:00:00,45,37,121.0,18,1,0
12010,2026-03-01 10:00:00,22,39,79.82,20,1,0
12011,2026-03-01 10:00:00,20,24,20.0,22,3,0
12012,2026-03-01 10:00:00,54,16,95.3,17,4,1
12013,2026-03-01 10:00:00,27,33,126.6,22,3,0
12014,2026-03-01 10:00:00,19,12,168.11,27,2,0
12015,2026-03-01 10:00:00,36,34,65.79,15,3,0
12016,2026-03-01 10:00:00,37,7,105.8,20,1,0
12017,2026-03-01 10:00:00,18,11,120.04,18,4,0
12018,2026-03-01 10:00:00,61,31,190.57,19,3,0
12019,2026-03-01 10:00:00,38,29,52.53,14,5,1
12020,2026-03-01 10:00:00,40,13,121.66,25,2,0
12021,2026-03-01 10:00:00,32,31,102.78,26,2,0
12022,2026-03-01 10:00:00,55,2,86.59,14,3,0
12023,2026-03-01 10:00:00,18,39,139.73,20,2,0
12024,2026-03-01 10:00:00,33,15,167.53,19,3,0
12025,2026-03-01 10:00:00,32,57,66.4,21,4,0
12026,2026-03-01 10:00:00,37,11,81.18,28,1,0
12027,2026-03-01 10:00:00,35,34,52.55,16,2,0
12028,2026-03-01 10:00:00,21,39,114.57,27,0,0
12029,2026-03-01 10:00:00,18,4,123.7,24,2,1
12030,2026-03-01 10:00:00,28,11,148.22,24,4,0
12031,2026-03-01 10:00:00,42,29,119.0,16,0,0
12032,2026-03-01 10:00:00,20,2,121.35,23,4,1
12033,2026-03-01 10:00:00,52,16,181.41,16,2,0
12034,2026-03-01 10:00:00,38,39,152.11,26,0,0
12035,2026-03-01 10:00:00,61,13,37.96,19,0,0
12036,2026-03-01 10:00:00,35,37,150.0,22,1,0
12037,2026-03-01 10:00:00,18,17,98.65,12,0,0
12038,2026-03-01 10:00:00,21,21,108.84,18,0,0
12039,2026-03-01 10:00:00,46,44,116.15,17,0,0
12040,2026-03-01 10:00:00,32,19,87.56,26,1,0
12041,2026-03-01 10:00:00,31,7,145.66,20,4,1
12042,2026-03-01 10:00:00,28,38,52.65,22,2,0
12043,2026-03-01 10:00:00,60,8,158.53,28,1,0
12044,2026-03-01 10:00:00,40,13,172.03,20,1,0
12045,2026-03-01 10:00:00,24,37,133.66,20,3,0
12046,2026-03-01 10:00:00,63,2,142.31,27,2,1
12047,2026-03-01 10:00:00,60,41,54.67,25,2,0
12048,2026-03-01 10:00:00,35,11,70.45,14,6,0
12049,2026-03-01 10:00:00,68,24,123.25,18,1,0
12050,2026-03-01 10:00:00,24,6,92.26,19,0,0
12051,2026-03-01 10:00:00,26,26,73.13,17,4,1
12052,2026-03-01 10:00:00,42,7,166.05,15,3,0
12053,2026-03-01 10:00:00,39,57,103.93,28,2,0
12054,2026-03-01 10:00:00,36,39,160.21,21,2,0
12055,2026-03-01 10:00:00,66,19,64.74,24,1,0
12056,2026-03-01 10:00:00,59,6,76.83,22,2,0
12057,2026-03-01 10:00:00,27,43,148.59,18,2,0
12058,2026-03-01 10:00:00,33,29,118.93,24,3,0
12059,2026-03-01 10:00:00,50,43,161.86,20,3,0
12060,2026-03-01 10:00:00,23,39,128.5,23,4,0
12061,2026-03-01 10:00:00,26,2,186.52,19,3,0
12062,2026-03-01 10:00:00,53,19,165.96,23,2,0
12063,2026-03-01 10:00:00,49,4,140.34,21,5,0
12064,2026-03-01 10:00:00,33,58,78.59,16,1,0
12065,2026-03-01 10:00:00,52,6,80.02,25,0,0
12066,2026-03-01 10:00:00,52,49,51.2,25,7,1
12067,2026-03-01 10:00:00,28,57,148.52,22,1,0
12068,2026-03-01 10:00:00,49,37,109.73,25,0,0
12069,2026-03-01 10:00:00,45,28,47.3,16,2,0
12070,2026-03-01 10:00:00,62,30,111.12,26,2,0
12071,2026-03-01 10:00:00,47,7,116.67,27,1,0
12072,2026-03-01 10:00:00,39,9,112.01,30,4,0
12073,2026-03-01 10:00:00,41,25,115.39,17,1,0
12074,2026-03-01 10:00:00,19,33,183.15,18,2,0
12075,2026-03-01 10:00:00,47,1,115.16,20,2,0
12076,2026-03-01 10:00:00,59,51,60.32,21,5,1
12077,2026-03-01 10:00:00,69,6,109.36,15,2,0
12078,2026-03-01 10:00:00,50,18,141.02,17,3,1
12079,2026-03-01 10:00:00,67,10,88.7,22,1,1
12080,2026-03-01 10:00:00,64,28,135.96,12,1,0
12081,2026-03-01 10:00:00,55,11,121.02,21,4,0
12082,2026-03-01 10:00:00,41,33,163.22,19,1,0
12083,2026-03-01 10:00:00,69,1,149.88,21,2,0
12084,2026-03-01 10:00:00,55,13,101.79,17,0,0
12085,2026-03-01 10:00:00,57,37,104.61,26,4,1
12086,2026-03-01 10:00:00,35,20,82.57,20,1,0
12087,2026-03-01 10:00:00,34,1,124.2,17,1,0
12088,2026-03-01 10:00:00,69,52,116.26,18,1,0
12089,2026-03-01 10:00:00,64,3,49.71,30,4,1
12090,2026-03-01 10:00:00,46,18,98.84,13,3,1
12091,2026-03-01 10:00:00,66,41,128.44,19,4,0
12092,2026-03-01 10:00:00,32,14,86.68,18,2,0
12093,2026-03-01 10:00:00,27,31,169.34,15,1,0
12094,2026-03-01 10:00:00,32,27,128.15,19,1,1
12095,2026-03-01 10:00:00,55,17,83.89,19,0,0
12096,2026-03-01 10:00:00,34,55,120.43,21,3,0
12097,2026-03-01 10:00:00,39,46,121.82,15,3,0
12098,2026-03-01 10:00:00,37,29,138.09,17,0,0
12099,2026-03-01 10:00:00,32,36,100.38,13,2,0
12100,2026-03-01 10:00:00,68,37,125.96,20,0,0
12101,2026-03-01 10:00:00,36,26,79.19,27,3,0
12102,2026-03-01 10:00:00,37,53,79.66,22,1,0
12103,2026-03-01 10:00:00,29,17,128.64,18,1,0
12104,2026-03-01 10:00:00,33,22,63.42,16,0,0
12105,2026-03-01 10:00:00,51,25,107.13,11,0,0
12106,2026-03-01 10:00:00,61,2,216.75,17,2,0
12107,2026-03-01 10:00:00,58,55,154.36,20,1,0
12108,2026-03-01 10:00:00,37,22,154.69,22,2,0
12109,2026-03-01 10:00:00,41,5,194.26,21,1,0
12110,2026-03-01 10:00:00,53,4,92.27,19,1,0
12111,2026-03-01 10:00:00,47,36,131.28,20,2,1
12112,2026-03-01 10:00:00,37,6,161.85,20,1,0
12113,2026-03-01 10:00:00,42,52,51.56,16,3,0
12114,2026-03-01 10:00:00,22,21,123.78,23,2,0
12115,2026-03-01 10:00:00,54,13,97.62,18,0,0
12116,2026-03-01 10:00:00,32,54,139.78,21,2,0
12117,2026-03-01 10:00:00,38,37,107.72,24,2,0
12118,2026-03-01 10:00:00,34,55,179.73,21,2,0
12119,2026-03-01 10:00:00,18,25,91.31,16,3,0
12120,2026-03-01 10:00:00,55,26,159.58,16,2,0
12121,2026-03-01 10:00:00,54,55,169.4,19,2,0
12122,2026-03-01 10:00:00,47,39,113.33,21,1,0
12123,2026-03-01 10:00:00,52,20,80.05,15,1,0
12124,2026-03-01 10:00:00,37,33,51.06,20,0,0
12125,2026-03-01 10:00:00,21,14,195.32,10,1,0
12126,2026-03-01 10:00:00,67,56,159.94,22,3,0
12127,2026-03-01 10:00:00,41,36,137.39,14,1,0
12128,2026-03-01 10:00:00,51,17,71.59,18,1,0
12129,2026-03-01 10:00:00,53,21,178.69,19,1,0
12130,2026-03-01 10:00:00,31,46,116.29,24,1,0
12131,2026-03-01 10:00:00,47,16,119.66,23,0,0
12132,2026-03-01 10:00:00,62,46,207.21,21,2,0
12133,2026-03-01 10:00:00,20,16,131.61,26,2,0
12134,2026-03-01 10:00:00,39,56,161.66,22,1,0
12135,2026-03-01 10:00:00,34,20,64.31,20,3,0
12136,2026-03-01 10:00:00,51,29,114.3,30,1,0
12137,2026-03-01 10:00:00,29,28,101.87,18,3,0
12138,2026-03-01 10:00:00,34,8,104.84,24,2,0
12139,2026-03-01 10:00:00,22,24,123.28,16,1,0
12140,2026-03-01 10:00:00,35,3,136.93,19,3,0
12141,2026-03-01 10:00:00,22,25,123.88,20,1,0
12142,2026-03-01 10:00:00,28,19,115.18,21,2,0
12143,2026-03-01 10:00:00,24,33,107.35,16,2,0
12144,2026-03-01 10:00:00,22,2,156.02,19,4,1
12145,2026-03-01 10:00:00,23,15,160.35,16,2,0
12146,2026-03-01 10:00:00,41,22,104.07,15,2,0
12147,2026-03-01 10:00:00,51,10,211.85,25,3,0
12148,2026-03-01 10:00:00,35,18,20.0,24,2,0
12149,2026-03-01 10:00:00,50,22,140.23,16,2,0
12150,2026-03-01 10:00:00,54,46,51.85,16,2,0
12151,2026-03-01 10:00:00,28,49,160.58,18,1,0
12152,2026-03-01 10:00:00,55,27,192.3,22,0,0
12153,2026-03-01 10:00:00,34,13,144.34,22,1,0
12154,2026-03-01 10:00:00,58,33,195.24,18,2,0
12155,2026-03-01 10:00:00,47,5,130.2,18,1,0
12156,2026-03-01 10:00:00,53,26,186.86,14,2,0
12157,2026-03-01 10:00:00,37,13,96.68,15,1,0
12158,2026-03-01 10:00:00,67,27,96.99,17,2,0
12159,2026-03-01 10:00:00,19,57,124.92,28,3,0
12160,2026-03-01 10:00:00,66,14,207.47,25,2,0
12161,2026-03-01 10:00:00,64,24,157.01,30,3,0
12162,2026-03-01 10:00:00,30,3,42.21,28,4,1
12163,2026-03-01 10:00:00,51,47,162.9,19,1,0
12164,2026-03-01 10:00:00,51,51,169.16,23,2,0
12165,2026-03-01 10:00:00,57,49,81.69,17,3,0
12166,2026-03-01 10:00:00,66,30,144.54,26,0,0
12167,2026-03-01 10:00:00,61,35,133.38,22,1,0
12168,2026-03-01 10:00:00,33,48,102.38,9,4,1
12169,2026-03-01 10:00:00,24,14,106.72,21,0,0
12170,2026-03-01 10:00:00,34,12,45.5,29,2,0
12171,2026-03-01 10:00:00,56,28,102.05,17,1,0
12172,2026-03-01 10:00:00,35,44,109.79,25,0,0
12173,2026-03-01 10:00:00,31,29,109.21,22,3,0
12174,2026-03-01 10:00:00,61,43,113.59,13,0,0
12175,2026-03-01 10:00:00,19,17,197.5,18,2,0
12176,2026-03-01 10:00:00,29,40,135.11,22,5,0
12177,2026-03-01 10:00:00,31,49,157.0,20,1,0
12178,2026-03-01 10:00:00,29,21,147.19,22,5,0
12179,2026-03-01 10:00:00,49,57,122.1,21,1,0
12180,2026-03-01 10:00:00,33,23,187.3,21,3,0
12181,2026-03-01 10:00:00,37,20,185.89,24,4,1
12182,2026-03-01 10:00:00,56,11,157.61,19,2,0
12183,2026-03-01 10:00:00,38,57,130.49,26,0,0
12184,2026-03-01 10:00:00,32,57,119.94,25,0,0
12185,2026-03-01 10:00:00,61,34,141.31,31,2,0
12186,2026-03-01 10:00:00,36,10,54.06,19,4,0
12187,2026-03-01 10:00:00,46,10,124.14,16,2,0
12188,2026-03-01 10:00:00,34,43,165.0,16,3,0
12189,2026-03-01 10:00:00,26,6,65.04,18,3,0
12190,2026-03-01 10:00:00,54,36,61.5,16,1,0
12191,2026-03-01 10:00:00,22,24,95.62,17,1,0
12192,2026-03-01 10:00:00,68,12,88.66,10,1,0
12193,2026-03-01 10:00:00,20,43,149.19,19,2,0
12194,2026-03-01 10:00:00,26,55,136.88,17,5,1
12195,2026-03-01 10:00:00,28,23,180.23,17,2,0
12196,2026-03-01 10:00:00,52,27,74.49,19,3,0
12197,2026-03-01 10:00:00,64,58,124.83,17,3,0
12198,2026-03-01 10:00:00,30,57,189.83,17,1,0
12199,2026-03-01 10:00:00,35,45,183.65,15,0,0
12200,2026-03-01 10:00:00,33,37,57.35,19,3,0
12201,2026-03-01 10:00:00,19,6,45.93,20,4,1
12202,2026-03-01 10:00:00,23,1,146.2,24,1,0
12203,2026-03-01 10:00:00,42,6,76.72,12,0,1
12204,2026-03-01 10:00:00,38,50,96.51,11,0,0
12205,2026-03-01 10:00:00,49,22,147.51,23,4,1
12206,2026-03-01 10:00:00,57,41,124.27,13,4,0
12207,2026-03-01 10:00:00,40,24,171.03,25,2,0
12208,2026-03-01 10:00:00,59,25,72.59,15,1,0
12209,2026-03-01 10:00:00,19,15,127.61,18,4,0
12210,2026-03-01 10:00:00,38,26,104.94,19,1,0
12211,2026-03-01 10:00:00,67,8,143.7,13,6,1
12212,2026-03-01 10:00:00,43,51,134.37,25,5,1
12213,2026-03-01 10:00:00,61,24,136.99,17,1,0
12214,2026-03-01 10:00:00,55,48,173.98,18,1,0
12215,2026-03-01 10:00:00,50,38,154.5,21,4,1
12216,2026-03-01 10:00:00,30,6,181.37,14,3,0
12217,2026-03-01 10:00:00,21,54,115.58,27,2,0
12218,2026-03-01 10:00:00,58,35,156.42,16,3,0
12219,2026-03-01 10:00:00,53,42,101.35,20,0,0
12220,2026-03-01 10:00:00,46,1,101.08,16,2,1
12221,2026-03-01 10:00:00,67,46,78.82,13,2,0
12222,2026-03-01 10:00:00,18,36,215.9,24,0,0
12223,2026-03-01 10:00:00,40,58,86.11,17,4,1
12224,2026-03-01 10:00:00,48,12,164.86,21,4,1
12225,2026-03-01 10:00:00,69,38,147.22,17,1,0
12226,2026-03-01 10:00:00,33,11,137.46,18,2,0
12227,2026-03-01 10:00:00,54,12,133.39,25,2,0
12228,2026-03-01 10:00:00,61,42,123.31,23,2,0
12229,2026-03-01 10:00:00,56,50,102.73,25,1,0
12230,2026-03-01 10:00:00,24,39,185.88,19,2,0
12231,2026-03-01 10:00:00,18,7,84.0,19,1,0
12232,2026-03-01 10:00:00,49,11,131.86,19,0,0
12233,2026-03-01 10:00:00,48,36,129.89,21,0,0
12234,2026-03-01 10:00:00,40,52,147.06,25,3,0
12235,2026-03-01 10:00:00,57,31,163.57,26,1,0
12236,2026-03-01 10:00:00,45,33,108.97,23,2,0
12237,2026-03-01 10:00:00,19,13,122.07,16,2,0
12238,2026-03-01 10:00:00,28,18,91.46,20,3,0
12239,2026-03-01 10:00:00,51,41,154.71,12,3,0
12240,2026-03-01 10:00:00,68,58,161.3,15,1,0
12241,2026-03-01 10:00:00,62,56,103.19,21,1,0
12242,2026-03-01 10:00:00,37,24,145.19,26,5,1
12243,2026-03-01 10:00:00,66,9,132.29,16,4,0
12244,2026-03-01 10:00:00,59,31,119.47,25,2,0
12245,2026-03-01 10:00:00,31,55,169.47,22,1,0
12246,2026-03-01 10:00:00,69,41,204.19,16,2,0
12247,2026-03-01 10:00:00,42,10,69.91,19,2,0
12248,2026-03-01 10:00:00,49,2,132.29,22,1,0
12249,2026-03-01 10:00:00,26,38,72.56,17,2,0
12250,2026-03-01 10:00:00,61,15,76.25,20,2,0
12251,2026-03-01 10:00:00,49,3,111.23,22,3,1
12252,2026-03-01 10:00:00,65,43,97.28,20,4,1
12253,2026-03-01 10:00:00,38,31,54.5,21,2,0
12254,2026-03-01 10:00:00,65,6,174.7,17,1,0
12255,2026-03-01 10:00:00,19,3,121.93,15,4,1
12256,2026-03-01 10:00:00,19,56,112.64,23,2,0
12257,2026-03-01 10:00:00,37,11,118.82,15,2,0
12258,2026-03-01 10:00:00,38,15,157.8,17,2,0
12259,2026-03-01 10:00:00,34,45,95.2,18,1,0
12260,2026-03-01 10:00:00,54,52,112.41,24,0,0
12261,2026-03-01 10:00:00,29,28,39.57,17,3,1
12262,2026-03-01 10:00:00,44,10,116.62,24,2,0
12263,2026-03-01 10:00:00,60,38,49.18,21,0,0
12264,2026-03-01 10:00:00,24,47,145.46,26,1,0
12265,2026-03-01 10:00:00,22,57,93.03,18,1,0
12266,2026-03-01 10:00:00,65,50,112.63,22,1,1
12267,2026-03-01 10:00:00,42,50,75.21,14,0,0
12268,2026-03-01 10:00:00,63,7,112.74,20,1,0
12269,2026-03-01 10:00:00,49,15,178.36,18,0,0
12270,2026-03-01 10:00:00,38,18,105.28,27,2,1
12271,2026-03-01 10:00:00,54,18,89.78,22,1,0
12272,2026-03-01 10:00:00,60,52,90.48,21,4,0
12273,2026-03-01 10:00:00,28,41,132.74,14,0,0
12274,2026-03-01 10:00:00,69,24,192.54,17,1,0
12275,2026-03-01 10:00:00,51,2,96.68,22,3,0
12276,2026-03-01 10:00:00,32,40,115.88,17,3,0
12277,2026-03-01 10:00:00,64,20,22.34,28,1,0
12278,2026-03-01 10:00:00,37,34,88.27,18,2,0
12279,2026-03-01 10:00:00,69,43,118.56,22,1,0
12280,2026-03-01 10:00:00,21,26,139.94,20,1,0
12281,2026-03-01 10:00:00,44,7,62.89,19,2,0
12282,2026-03-01 10:00:00,36,38,180.92,25,3,0
12283,2026-03-01 10:00:00,43,30,92.49,23,6,0
12284,2026-03-01 10:00:00,22,42,161.06,27,3,0
12285,2026-03-01 10:00:00,56,5,30.57,20,3,1
12286,2026-03-01 10:00:00,58,11,64.7,25,5,1
12287,2026-03-01 10:00:00,43,1,199.36,20,3,0
12288,2026-03-01 10:00:00,68,34,79.04,16,3,0
12289,2026-03-01 10:00:00,46,56,100.3,21,3,0
12290,2026-03-01 10:00:00,55,1,172.22,18,2,1
12291,2026-03-01 10:00:00,24,19,96.17,21,1,0
12292,2026-03-01 10:00:00,57,2,127.03,17,2,0
12293,2026-03-01 10:00:00,41,21,94.73,18,4,1
12294,2026-03-01 10:00:00,50,20,98.66,17,2,0
12295,2026-03-01 10:00:00,35,23,50.62,20,4,1
12296,2026-03-01 10:00:00,62,21,113.6,22,4,0
12297,2026-03-01 10:00:00,68,24,161.79,20,4,0
12298,2026-03-01 10:00:00,67,4,148.01,15,2,0
12299,2026-03-01 10:00:00,62,12,157.36,23,3,0
12300,2026-03-01 10:00:00,39,22,110.64,17,1,0
12301,2026-03-01 10:00:00,36,20,159.67,21,1,0
12302,2026-03-01 10:00:00,47,18,128.99,9,4,1
12303,2026-03-01 10:00:00,46,1,36.82,22,3,1
12304,2026-03-01 10:00:00,43,30,101.67,20,0,1
12305,2026-03-01 10:00:00,47,33,28.63,17,1,0
12306,2026-03-01 10:00:00,53,24,148.03,21,1,0
12307,2026-03-01 10:00:00,68,14,92.46,27,1,0
12308,2026-03-01 10:00:00,67,36,107.32,18,2,0
12309,2026-03-01 10:00:00,63,5,208.01,23,0,0
12310,2026-03-01 10:00:00,29,11,102.25,22,0,1
12311,2026-03-01 10:00:00,37,24,134.83,18,3,0
12312,2026-03-01 10:00:00,43,31,131.91,14,1,0
12313,2026-03-01 10:00:00,67,55,104.38,18,2,0
12314,2026-03-01 10:00:00,42,13,74.7,20,0,0
12315,2026-03-01 10:00:00,39,16,183.31,23,2,0
12316,2026-03-01 10:00:00,53,24,171.89,16,0,0
12317,2026-03-01 10:00:00,27,13,122.15,15,1,0
12318,2026-03-01 10:00:00,69,24,163.73,16,1,0
12319,2026-03-01 10:00:00,25,54,35.89,15,2,1
12320,2026-03-01 10:00:00,27,26,146.87,26,3,1
12321,2026-03-01 10:00:00,41,2,127.23,14,2,0
12322,2026-03-01 10:00:00,45,16,190.74,16,2,0
12323,2026-03-01 10:00:00,48,38,87.06,17,4,0
12324,2026-03-01 10:00:00,54,46,94.56,15,0,0
12325,2026-03-01 10:00:00,28,1,98.16,23,3,1
12326,2026-03-01 10:00:00,59,49,124.13,13,2,0
12327,2026-03-01 10:00:00,45,11,115.1,24,1,0
12328,2026-03-01 10:00:00,54,51,134.11,15,1,0
12329,2026-03-01 10:00:00,18,35,78.1,21,3,0
12330,2026-03-01 10:00:00,53,43,90.24,15,2,0
12331,2026-03-01 10:00:00,53,29,143.83,15,1,0
12332,2026-03-01 10:00:00,60,37,170.16,16,2,0
12333,2026-03-01 10:00:00,29,17,154.81,16,3,0
12334,2026-03-01 10:00:00,44,58,43.91,19,3,0
12335,2026-03-01 10:00:00,66,54,120.99,24,3,0
12336,2026-03-01 10:00:00,28,39,149.97,11,2,0
12337,2026-03-01 10:00:00,39,42,70.14,19,2,0
12338,2026-03-01 10:00:00,52,28,133.75,24,3,0
12339,2026-03-01 10:00:00,35,29,61.33,35,1,0
12340,2026-03-01 10:00:00,19,43,116.71,14,2,0
12341,2026-03-01 10:00:00,66,3,192.85,20,2,0
12342,2026-03-01 10:00:00,62,52,95.54,23,1,0
12343,2026-03-01 10:00:00,25,10,150.01,29,2,0
12344,2026-03-01 10:00:00,54,59,114.56,24,2,0
12345,2026-03-01 10:00:00,30,42,157.66,17,3,1
12346,2026-03-01 10:00:00,50,14,197.77,31,2,0
12347,2026-03-01 10:00:00,63,12,42.71,19,1,0
12348,2026-03-01 10:00:00,21,47,86.74,21,0,0
12349,2026-03-01 10:00:00,42,42,112.48,19,1,0
12350,2026-03-01 10:00:00,41,30,156.35,15,2,0
12351,2026-03-01 10:00:00,49,32,109.64,25,1,0
12352,2026-03-01 10:00:00,23,32,227.62,19,2,1
12353,2026-03-01 10:00:00,48,42,66.74,19,1,0
12354,2026-03-01 10:00:00,25,32,139.08,29,2,0
12355,2026-03-01 10:00:00,39,26,118.49,22,3,0
12356,2026-03-01 10:00:00,48,51,126.2,20,1,0
12357,2026-03-01 10:00:00,41,1,137.31,19,3,1
12358,2026-03-01 10:00:00,37,56,159.31,28,3,0
12359,2026-03-01 10:00:00,69,58,83.28,24,1,0
12360,2026-03-01 10:00:00,44,42,61.88,20,4,1
12361,2026-03-01 10:00:00,67,2,20.0,21,2,0
12362,2026-03-01 10:00:00,57,17,89.28,19,4,1
12363,2026-03-01 10:00:00,32,30,196.19,26,2,0
12364,2026-03-01 10:00:00,41,56,73.82,16,2,0
12365,2026-03-01 10:00:00,47,39,105.44,22,4,0
12366,2026-03-01 10:00:00,27,7,161.41,11,2,0
12367,2026-03-01 10:00:00,32,52,62.1,17,1,0
12368,2026-03-01 10:00:00,33,27,109.64,20,3,0
12369,2026-03-01 10:00:00,24,9,112.97,16,5,1
12370,2026-03-01 10:00:00,52,22,72.76,26,1,0
12371,2026-03-01 10:00:00,55,34,99.31,22,1,0
12372,2026-03-01 10:00:00,69,46,195.44,24,1,1
12373,2026-03-01 10:00:00,59,49,157.31,18,1,0
12374,2026-03-01 10:00:00,62,1,149.98,13,0,1
12375,2026-03-01 10:00:00,56,9,49.15,31,4,1
12376,2026-03-01 10:00:00,26,20,137.19,16,2,0
12377,2026-03-01 10:00:00,65,53,181.24,19,5,1
12378,2026-03-01 10:00:00,32,19,100.61,19,2,0
12379,2026-03-01 10:00:00,39,36,108.65,21,6,1
12380,2026-03-01 10:00:00,46,40,25.47,23,1,0
12381,2026-03-01 10:00:00,28,45,185.66,25,0,0
12382,2026-03-01 10:00:00,23,4,169.77,15,3,0
12383,2026-03-01 10:00:00,43,9,112.83,28,0,0
12384,2026-03-01 10:00:00,60,41,127.02,24,0,0
12385,2026-03-01 10:00:00,25,22,131.32,29,2,0
12386,2026-03-01 10:00:00,34,18,145.55,21,2,0
12387,2026-03-01 10:00:00,30,12,120.59,27,0,0
12388,2026-03-01 10:00:00,54,42,128.25,14,1,0
12389,2026-03-01 10:00:00,63,43,73.12,29,2,0
12390,2026-03-01 10:00:00,56,39,139.39,18,2,0
12391,2026-03-01 10:00:00,40,9,173.89,10,3,0
12392,2026-03-01 10:00:00,19,6,101.67,27,2,0
12393,2026-03-01 10:00:00,69,19,131.76,24,3,0
12394,2026-03-01 10:00:00,39,48,114.77,22,4,0
12395,2026-03-01 10:00:00,19,47,88.36,17,3,0
12396,2026-03-01 10:00:00,63,7,148.89,26,2,0
12397,2026-03-01 10:00:00,25,16,117.54,16,3,0
12398,2026-03-01 10:00:00,61,5,123.83,12,2,0
12399,2026-03-01 10:00:00,54,16,211.06,20,2,0
12400,2026-03-01 10:00:00,67,1,160.17,24,1,0
12401,2026-03-01 10:00:00,59,51,61.54,21,0,0
12402,2026-03-01 10:00:00,61,37,91.7,17,1,0
12403,2026-03-01 10:00:00,19,39,99.58,21,2,0
12404,2026-03-01 10:00:00,50,19,93.08,26,2,0
12405,2026-03-01 10:00:00,53,54,100.39,23,0,0
12406,2026-03-01 10:00:00,29,37,159.12,12,2,0
12407,2026-03-01 10:00:00,38,17,163.59,25,0,0
12408,2026-03-01 10:00:00,67,26,192.78,20,2,0
12409,2026-03-01 10:00:00,54,22,143.99,15,2,0
12410,2026-03-01 10:00:00,42,8,166.8,19,0,0
12411,2026-03-01 10:00:00,62,33,163.03,28,1,0
12412,2026-03-01 10:00:00,20,2,105.77,14,0,0
12413,2026-03-01 10:00:00,18,30,91.43,17,0,0
12414,2026-03-01 10:00:00,40,47,202.69,25,1,0
12415,2026-03-01 10:00:00,63,20,171.74,15,1,0
12416,2026-03-01 10:00:00,52,18,55.24,16,2,0
12417,2026-03-01 10:00:00,68,43,111.16,12,5,0
12418,2026-03-01 10:00:00,29,57,188.54,15,3,0
12419,2026-03-01 10:00:00,68,10,169.44,24,1,0
12420,2026-03-01 10:00:00,48,24,101.41,21,2,0
12421,2026-03-01 10:00:00,58,56,139.29,25,4,1
12422,2026-03-01 10:00:00,31,4,92.45,18,4,1
12423,2026-03-01 10:00:00,26,37,91.19,21,3,1
12424,2026-03-01 10:00:00,39,4,173.34,18,1,0
12425,2026-03-01 10:00:00,28,13,105.25,23,4,0
12426,2026-03-01 10:00:00,44,25,148.43,18,0,0
12427,2026-03-01 10:00:00,25,13,184.3,22,1,0
12428,2026-03-01 10:00:00,50,18,138.04,16,4,0
12429,2026-03-01 10:00:00,59,59,111.87,23,1,0
12430,2026-03-01 10:00:00,46,24,226.19,15,0,0
12431,2026-03-01 10:00:00,41,2,147.31,17,3,0
12432,2026-03-01 10:00:00,51,48,72.52,24,2,0
12433,2026-03-01 10:00:00,69,33,136.42,21,2,0
12434,2026-03-01 10:00:00,23,58,181.32,15,1,0
12435,2026-03-01 10:00:00,21,19,135.16,15,1,0
12436,2026-03-01 10:00:00,63,9,168.62,18,4,0
12437,2026-03-01 10:00:00,36,28,123.33,19,4,0
12438,2026-03-01 10:00:00,63,35,121.91,16,3,0
12439,2026-03-01 10:00:00,24,57,104.52,22,2,0
12440,2026-03-01 10:00:00,50,39,51.96,16,5,1
12441,2026-03-01 10:00:00,21,10,118.74,14,1,0
12442,2026-03-01 10:00:00,46,1,156.13,23,3,0
12443,2026-03-01 10:00:00,53,42,111.97,17,1,0
12444,2026-03-01 10:00:00,33,21,85.3,24,2,0
12445,2026-03-01 10:00:00,31,9,179.19,21,4,0
12446,2026-03-01 10:00:00,64,47,60.89,16,1,0
12447,2026-03-01 10:00:00,40,15,104.81,30,2,0
12448,2026-03-01 10:00:00,35,35,64.68,10,3,0
12449,2026-03-01 10:00:00,18,57,114.76,20,4,0
12450,2026-03-01 10:00:00,35,5,119.73,18,0,0
12451,2026-03-01 10:00:00,27,41,136.25,28,3,0
12452,2026-03-01 10:00:00,67,58,214.55,21,5,1
12453,2026-03-01 10:00:00,55,22,66.08,11,0,0
12454,2026-03-01 10:00:00,48,41,72.0,18,3,0
12455,2026-03-01 10:00:00,34,23,83.28,20,0,0
12456,2026-03-01 10:00:00,26,7,166.78,23,2,0
12457,2026-03-01 10:00:00,31,56,93.79,18,1,0
12458,2026-03-01 10:00:00,22,23,20.0,16,2,0
12459,2026-03-01 10:00:00,37,44,109.49,28,0,0
12460,2026-03-01 10:00:00,61,25,89.97,19,0,0
12461,2026-03-01 10:00:00,49,27,85.95,15,1,0
12462,2026-03-01 10:00:00,33,41,125.35,17,2,0
12463,2026-03-01 10:00:00,44,6,159.92,21,1,0
12464,2026-03-01 10:00:00,38,55,173.73,23,0,0
12465,2026-03-01 10:00:00,50,34,45.77,14,2,0
12466,2026-03-01 10:00:00,68,9,167.3,20,3,0
12467,2026-03-01 10:00:00,42,49,158.1,26,2,0
12468,2026-03-01 10:00:00,59,33,107.6,24,3,0
12469,2026-03-01 10:00:00,37,51,143.15,16,2,0
12470,2026-03-01 10:00:00,20,6,93.57,19,1,0
12471,2026-03-01 10:00:00,24,37,29.97,15,1,0
12472,2026-03-01 10:00:00,26,31,112.33,30,1,1
12473,2026-03-01 10:00:00,23,34,114.65,19,0,0
12474,2026-03-01 10:00:00,27,41,46.86,15,1,0
12475,2026-03-01 10:00:00,34,29,138.07,25,2,0
12476,2026-03-01 10:00:00,40,58,191.11,21,1,0
12477,2026-03-01 10:00:00,45,14,142.82,11,1,0
12478,2026-03-01 10:00:00,21,36,127.31,23,1,0
12479,2026-03-01 10:00:00,49,36,171.23,10,0,0
12480,2026-03-01 10:00:00,18,53,191.4,22,2,0
12481,2026-03-01 10:00:00,22,15,60.01,25,1,0
12482,2026-03-01 10:00:00,29,8,77.6,15,2,0
12483,2026-03-01 10:00:00,63,26,107.28,28,2,0
12484,2026-03-01 10:00:00,18,36,120.76,26,2,1
12485,2026-03-01 10:00:00,23,48,47.09,29,2,0
12486,2026-03-01 10:00:00,21,21,153.32,24,2,0
12487,2026-03-01 10:00:00,47,28,100.58,23,1,0
12488,2026-03-01 10:00:00,28,4,134.75,19,0,0
12489,2026-03-01 10:00:00,34,16,103.43,22,2,0
12490,2026-03-01 10:00:00,59,22,188.71,15,2,0
12491,2026-03-01 10:00:00,58,12,97.68,18,1,0
12492,2026-03-01 10:00:00,55,16,116.12,21,0,0
12493,2026-03-01 10:00:00,45,51,141.79,24,2,0
12494,2026-03-01 10:00:00,23,40,112.12,22,2,0
12495,2026-03-01 10:00:00,51,38,102.23,23,2,0
12496,2026-03-01 10:00:00,35,42,174.19,12,1,0
12497,2026-03-01 10:00:00,58,37,109.15,18,1,0
12498,2026-03-01 10:00:00,68,29,108.29,22,1,0
12499,2026-03-01 10:00:00,69,18,119.74,17,2,0
12500,2026-03-01 10:00:00,65,10,130.21,22,1,0
12501,2026-03-01 10:00:00,45,42,125.7,20,5,1
12502,2026-03-01 10:00:00,26,39,50.6,18,3,0
12503,2026-03-01 10:00:00,43,18,165.81,18,3,0
12504,2026-03-01 10:00:00,22,1,101.04,20,1,0
12505,2026-03-01 10:00:00,18,39,166.6,23,5,0
12506,2026-03-01 10:00:00,68,21,134.13,19,2,0
12507,2026-03-01 10:00:00,23,1,129.73,22,2,1
12508,2026-03-01 10:00:00,23,15,57.48,23,3,0
12509,2026-03-01 10:00:00,24,4,84.45,22,1,0
12510,2026-03-01 10:00:00,23,20,86.06,24,0,0
12511,2026-03-01 10:00:00,69,10,105.03,16,3,0
12512,2026-03-01 10:00:00,27,23,71.48,16,1,0
12513,2026-03-01 10:00:00,60,41,123.0,21,1,0
12514,2026-03-01 10:00:00,49,34,197.13,21,1,0
12515,2026-03-01 10:00:00,37,46,81.02,16,2,0
12516,2026-03-01 10:00:00,20,48,179.26,22,2,0
12517,2026-03-01 10:00:00,51,33,85.59,21,2,0
12518,2026-03-01 10:00:00,30,34,43.35,20,2,0
12519,2026-03-01 10:00:00,34,39,63.36,22,2,0
12520,2026-03-01 10:00:00,63,10,90.95,30,3,0
12521,2026-03-01 10:00:00,43,54,73.37,19,1,0
12522,2026-03-01 10:00:00,59,20,132.29,15,3,0
12523,2026-03-01 10:00:00,38,1,94.79,16,1,0
12524,2026-03-01 10:00:00,68,13,182.0,22,3,0
12525,2026-03-01 10:00:00,22,1,170.72,21,3,1
12526,2026-03-01 10:00:00,59,5,123.43,23,3,1
12527,2026-03-01 10:00:00,62,16,130.65,20,1,0
12528,2026-03-01 10:00:00,48,15,76.62,20,3,0
12529,2026-03-01 10:00:00,29,49,116.3,10,4,1
12530,2026-03-01 10:00:00,42,28,103.0,16,2,0
12531,2026-03-01 10:00:00,26,31,138.03,20,2,0
12532,2026-03-01 10:00:00,26,23,148.33,17,3,0
12533,2026-03-01 10:00:00,34,48,104.37,15,2,0
12534,2026-03-01 10:00:00,30,45,175.71,17,2,0
12535,2026-03-01 10:00:00,21,43,169.38,19,2,0
12536,2026-03-01 10:00:00,54,17,116.67,27,1,0
12537,2026-03-01 10:00:00,22,49,223.39,18,1,0
12538,2026-03-01 10:00:00,55,34,126.86,25,0,0
12539,2026-03-01 10:00:00,42,13,134.45,16,0,0
12540,2026-03-01 10:00:00,41,14,135.69,21,2,0
12541,2026-03-01 10:00:00,53,11,140.25,23,4,0
12542,2026-03-01 10:00:00,48,28,60.72,26,1,0
12543,2026-03-01 10:00:00,22,42,117.0,21,3,0
12544,2026-03-01 10:00:00,28,32,81.78,17,3,0
12545,2026-03-01 10:00:00,67,35,117.68,22,2,0
12546,2026-03-01 10:00:00,60,59,159.94,24,1,0
12547,2026-03-01 10:00:00,29,31,160.01,19,1,0
12548,2026-03-01 10:00:00,45,17,133.46,26,5,0
12549,2026-03-01 10:00:00,61,47,141.27,24,5,0
12550,2026-03-01 10:00:00,22,9,43.48,26,2,0
12551,2026-03-01 10:00:00,45,10,104.88,20,4,0
12552,2026-03-01 10:00:00,61,8,77.7,22,1,0
12553,2026-03-01 10:00:00,39,21,58.95,20,2,0
12554,2026-03-01 10:00:00,59,13,109.49,27,2,0
12555,2026-03-01 10:00:00,43,59,157.26,24,2,1
12556,2026-03-01 10:00:00,43,50,124.64,14,1,0
12557,2026-03-01 10:00:00,63,5,66.82,21,1,1
12558,2026-03-01 10:00:00,66,6,139.32,21,1,0
12559,2026-03-01 10:00:00,33,30,151.35,22,2,0
12560,2026-03-01 10:00:00,53,31,195.06,23,2,0
12561,2026-03-01 10:00:00,36,17,24.79,20,1,0
12562,2026-03-01 10:00:00,31,11,96.51,21,3,0
12563,2026-03-01 10:00:00,60,20,93.3,22,2,0
12564,2026-03-01 10:00:00,57,48,158.47,21,1,0
12565,2026-03-01 10:00:00,34,9,67.07,24,2,0
12566,2026-03-01 10:00:00,52,2,136.45,18,0,1
12567,2026-03-01 10:00:00,51,37,119.89,24,5,1
12568,2026-03-01 10:00:00,60,1,91.08,20,2,1
12569,2026-03-01 10:00:00,58,4,102.86,22,1,0
12570,2026-03-01 10:00:00,57,36,78.5,20,1,0
12571,2026-03-01 10:00:00,18,54,111.71,15,2,0
12572,2026-03-01 10:00:00,53,58,119.6,15,3,0
12573,2026-03-01 10:00:00,20,25,90.78,21,0,0
12574,2026-03-01 10:00:00,61,3,40.14,21,1,0
12575,2026-03-01 10:00:00,18,9,168.63,17,2,0
12576,2026-03-01 10:00:00,20,22,126.46,16,0,0
12577,2026-03-01 10:00:00,32,23,142.33,23,0,0
12578,2026-03-01 10:00:00,51,12,110.82,17,1,0
12579,2026-03-01 10:00:00,50,10,149.96,21,2,0
12580,2026-03-01 10:00:00,56,34,43.91,27,1,1
12581,2026-03-01 10:00:00,65,43,113.15,20,1,0
12582,2026-03-01 10:00:00,51,10,90.48,29,5,0
12583,2026-03-01 10:00:00,47,30,91.12,22,6,1
12584,2026-03-01 10:00:00,29,22,159.5,20,0,0
12585,2026-03-01 10:00:00,68,6,59.61,19,3,0
12586,2026-03-01 10:00:00,61,50,164.37,16,3,0
12587,2026-03-01 10:00:00,55,2,88.31,16,2,1
12588,2026-03-01 10:00:00,66,30,103.2,18,1,0
12589,2026-03-01 10:00:00,59,2,123.17,13,1,1
12590,2026-03-01 10:00:00,36,32,124.34,23,3,0
12591,2026-03-01 10:00:00,28,42,147.4,21,1,0
12592,2026-03-01 10:00:00,23,16,75.01,22,2,0
12593,2026-03-01 10:00:00,35,12,77.6,27,0,1
12594,2026-03-01 10:00:00,43,1,130.94,18,3,1
12595,2026-03-01 10:00:00,51,53,98.67,23,0,0
12596,2026-03-01 10:00:00,67,8,104.7,26,3,0
12597,2026-03-01 10:00:00,62,48,64.91,23,2,0
12598,2026-03-01 10:00:00,38,50,127.02,19,1,0
12599,2026-03-01 10:00:00,45,13,82.86,12,3,0
12600,2026-03-01 10:00:00,32,15,167.72,17,4,1
12601,2026-03-01 10:00:00,49,53,64.75,20,1,0
12602,2026-03-01 10:00:00,36,44,78.31,14,0,1
12603,2026-03-01 10:00:00,22,8,91.71,19,1,0
12604,2026-03-01 10:00:00,34,10,150.0,25,2,0
12605,2026-03-01 10:00:00,60,46,97.68,26,3,0
12606,2026-03-01 10:00:00,65,5,47.04,17,2,0
12607,2026-03-01 10:00:00,29,50,137.17,17,2,0
12608,2026-03-01 10:00:00,21,19,132.53,22,2,0
12609,2026-03-01 10:00:00,65,47,89.56,21,2,0
12610,2026-03-01 10:00:00,51,38,148.8,24,4,1
12611,2026-03-01 10:00:00,59,59,175.95,17,4,1
12612,2026-03-01 10:00:00,58,11,91.97,22,0,0
12613,2026-03-01 10:00:00,52,53,106.63,14,2,0
12614,2026-03-01 10:00:00,59,43,101.52,28,2,0
12615,2026-03-01 10:00:00,50,20,119.94,17,0,0
12616,2026-03-01 10:00:00,35,20,142.39,16,3,0
12617,2026-03-01 10:00:00,68,21,174.02,27,2,0
12618,2026-03-01 10:00:00,23,18,105.59,13,3,0
12619,2026-03-01 10:00:00,43,57,146.33,22,5,1
12620,2026-03-01 10:00:00,30,50,196.71,22,2,0
12621,2026-03-01 10:00:00,51,10,132.3,27,6,0
12622,2026-03-01 10:00:00,23,34,59.71,17,4,1
12623,2026-03-01 10:00:00,56,26,82.52,15,1,0
12624,2026-03-01 10:00:00,37,30,123.79,19,3,0
12625,2026-03-01 10:00:00,22,9,220.7,14,3,0
12626,2026-03-01 10:00:00,22,46,121.25,10,3,0
12627,2026-03-01 10:00:00,43,51,136.1,18,5,1
12628,2026-03-01 10:00:00,44,31,187.12,13,1,0
12629,2026-03-01 10:00:00,45,42,197.9,16,1,0
12630,2026-03-01 10:00:00,65,55,190.1,10,2,0
12631,2026-03-01 10:00:00,39,4,144.38,19,1,1
12632,2026-03-01 10:00:00,24,6,105.12,30,1,0
12633,2026-03-01 10:00:00,37,14,181.37,24,0,0
12634,2026-03-01 10:00:00,48,4,159.53,21,1,0
12635,2026-03-01 10:00:00,53,26,72.89,24,2,0
12636,2026-03-01 10:00:00,41,47,120.35,26,5,1
12637,2026-03-01 10:00:00,47,48,114.26,16,3,0
12638,2026-03-01 10:00:00,63,39,71.1,18,4,0
12639,2026-03-01 10:00:00,23,17,96.99,9,1,1
12640,2026-03-01 10:00:00,52,19,120.14,13,1,0
12641,2026-03-01 10:00:00,24,51,104.8,23,2,0
12642,2026-03-01 10:00:00,59,49,143.7,31,4,1
12643,2026-03-01 10:00:00,69,6,79.37,26,1,0
12644,2026-03-01 10:00:00,22,29,102.01,19,5,1
12645,2026-03-01 10:00:00,48,11,83.36,22,3,0
12646,2026-03-01 10:00:00,51,16,56.26,19,2,0
12647,2026-03-01 10:00:00,25,30,100.07,19,1,0
12648,2026-03-01 10:00:00,32,25,88.93,12,4,1
12649,2026-03-01 10:00:00,37,40,151.64,14,0,0
12650,2026-03-01 10:00:00,69,11,135.9,18,1,0
12651,2026-03-01 10:00:00,28,7,132.91,20,3,0
12652,2026-03-01 10:00:00,46,26,124.13,17,2,0
12653,2026-03-01 10:00:00,45,56,91.7,20,3,0
12654,2026-03-01 10:00:00,61,22,68.06,23,4,1
12655,2026-03-01 10:00:00,35,25,134.31,19,3,0
12656,2026-03-01 10:00:00,49,19,38.97,17,1,0
12657,2026-03-01 10:00:00,65,31,82.87,15,2,1
12658,2026-03-01 10:00:00,36,26,147.45,27,2,0
12659,2026-03-01 10:00:00,37,42,99.78,23,4,1
12660,2026-03-01 10:00:00,62,41,160.68,16,3,0
12661,2026-03-01 10:00:00,18,36,169.74,20,2,0
12662,2026-03-01 10:00:00,29,23,114.51,19,4,1
12663,2026-03-01 10:00:00,53,47,167.9,18,1,0
12664,2026-03-01 10:00:00,21,13,71.56,26,0,0
12665,2026-03-01 10:00:00,40,25,50.29,22,1,0
12666,2026-03-01 10:00:00,33,2,108.8,16,2,1
12667,2026-03-01 10:00:00,41,2,182.6,27,1,0
12668,2026-03-01 10:00:00,66,16,107.41,25,1,0
12669,2026-03-01 10:00:00,65,9,166.92,23,2,0
12670,2026-03-01 10:00:00,59,28,150.96,12,1,0
12671,2026-03-01 10:00:00,36,13,162.69,14,0,0
12672,2026-03-01 10:00:00,50,35,90.59,17,2,0
12673,2026-03-01 10:00:00,34,41,156.42,21,2,0
12674,2026-03-01 10:00:00,20,13,26.0,22,2,0
12675,2026-03-01 10:00:00,35,31,134.67,15,1,0
12676,2026-03-01 10:00:00,32,21,145.51,27,2,0
12677,2026-03-01 10:00:00,31,32,119.82,24,3,0
12678,2026-03-01 10:00:00,66,54,193.41,25,2,0
12679,2026-03-01 10:00:00,47,34,180.5,21,1,0
12680,2026-03-01 10:00:00,42,8,138.97,18,0,0
12681,2026-03-01 10:00:00,25,59,78.14,25,1,0
12682,2026-03-01 10:00:00,43,41,85.65,20,2,0
12683,2026-03-01 10:00:00,27,48,116.35,21,0,0
12684,2026-03-01 10:00:00,27,2,171.46,29,1,0
12685,2026-03-01 10:00:00,63,38,111.51,13,2,0
12686,2026-03-01 10:00:00,68,32,74.86,19,3,0
12687,2026-03-01 10:00:00,31,54,158.85,20,1,0
12688,2026-03-01 10:00:00,21,40,199.63,21,3,0
12689,2026-03-01 10:00:00,47,58,48.47,25,1,0
12690,2026-03-01 10:00:00,65,28,96.3,30,4,1
12691,2026-03-01 10:00:00,41,37,164.6,18,2,0
12692,2026-03-01 10:00:00,19,41,128.66,16,4,1
12693,2026-03-01 10:00:00,35,1,171.93,18,3,0
12694,2026-03-01 10:00:00,33,41,90.13,21,0,0
12695,2026-03-01 10:00:00,61,10,87.37,18,0,0
12696,2026-03-01 10:00:00,56,55,120.72,18,1,0
12697,2026-03-01 10:00:00,47,4,101.57,23,3,0
12698,2026-03-01 10:00:00,27,35,113.4,18,1,0
12699,2026-03-01 10:00:00,65,10,107.19,25,1,0
12700,2026-03-01 10:00:00,21,47,20.0,22,2,0
12701,2026-03-01 10:00:00,41,11,107.88,21,3,0
12702,2026-03-01 10:00:00,18,14,113.65,21,2,0
12703,2026-03-01 10:00:00,42,38,137.31,21,1,0
12704,2026-03-01 10:00:00,46,12,117.32,9,4,1
12705,2026-03-01 10:00:00,42,45,72.94,17,1,0
12706,2026-03-01 10:00:00,66,17,74.91,25,1,0
12707,2026-03-01 10:00:00,51,16,127.32,17,0,0
12708,2026-03-01 10:00:00,55,35,73.99,16,1,0
12709,2026-03-01 10:00:00,44,2,28.71,19,2,1
12710,2026-03-01 10:00:00,22,11,148.9,16,1,0
12711,2026-03-01 10:00:00,39,41,113.64,18,2,0
12712,2026-03-01 10:00:00,36,3,150.32,16,2,0
12713,2026-03-01 10:00:00,68,29,127.56,20,2,0
12714,2026-03-01 10:00:00,61,18,76.68,15,1,0
12715,2026-03-01 10:00:00,39,20,73.46,24,3,0
12716,2026-03-01 10:00:00,25,47,157.94,17,0,0
12717,2026-03-01 10:00:00,42,14,153.69,14,1,1
12718,2026-03-01 10:00:00,53,34,106.52,16,2,0
12719,2026-03-01 10:00:00,44,49,76.38,16,1,0
12720,2026-03-01 10:00:00,36,54,148.06,14,1,0
12721,2026-03-01 10:00:00,65,31,52.08,23,2,1
12722,2026-03-01 10:00:00,46,58,106.6,15,4,1
12723,2026-03-01 10:00:00,46,40,169.81,20,3,0
12724,2026-03-01 10:00:00,33,42,116.1,11,4,0
12725,2026-03-01 10:00:00,57,58,100.14,22,1,0
12726,2026-03-01 10:00:00,50,18,89.01,11,2,0
12727,2026-03-01 10:00:00,58,30,121.54,24,1,0
12728,2026-03-01 10:00:00,65,25,167.1,17,3,0
12729,2026-03-01 10:00:00,38,19,124.98,20,5,0
12730,2026-03-01 10:00:00,62,8,144.52,21,4,0
12731,2026-03-01 10:00:00,34,28,150.99,20,5,0
12732,2026-03-01 10:00:00,52,8,178.75,22,1,0
12733,2026-03-01 10:00:00,44,31,84.2,13,1,0
12734,2026-03-01 10:00:00,67,3,156.69,27,1,1
12735,2026-03-01 10:00:00,56,3,160.48,12,1,0
12736,2026-03-01 10:00:00,55,44,54.24,12,4,1
12737,2026-03-01 10:00:00,55,22,104.57,20,2,0
12738,2026-03-01 10:00:00,55,17,140.5,21,2,0
12739,2026-03-01 10:00:00,63,36,117.37,22,2,0
12740,2026-03-01 10:00:00,20,17,142.93,22,5,0
12741,2026-03-01 10:00:00,39,14,146.21,19,1,0
12742,2026-03-01 10:00:00,44,51,116.16,18,2,0
12743,2026-03-01 10:00:00,34,9,94.55,12,0,0
12744,2026-03-01 10:00:00,25,30,109.62,20,1,0
12745,2026-03-01 10:00:00,53,21,70.93,26,1,0
12746,2026-03-01 10:00:00,19,12,62.87,26,1,0
12747,2026-03-01 10:00:00,61,37,145.51,16,1,0
12748,2026-03-01 10:00:00,37,32,155.71,24,1,0
12749,2026-03-01 10:00:00,61,11,72.11,22,2,0
12750,2026-03-01 10:00:00,56,20,138.87,15,1,0
12751,2026-03-01 10:00:00,31,35,130.3,23,2,0
12752,2026-03-01 10:00:00,28,53,60.91,20,1,0
12753,2026-03-01 10:00:00,22,47,197.64,20,3,0
12754,2026-03-01 10:00:00,23,46,110.2,19,4,0
12755,2026-03-01 10:00:00,43,11,136.03,18,2,0
12756,2026-03-01 10:00:00,48,52,132.87,22,3,0
12757,2026-03-01 10:00:00,50,8,122.35,26,4,1
12758,2026-03-01 10:00:00,67,4,140.46,21,1,0
12759,2026-03-01 10:00:00,59,27,180.91,17,4,1
12760,2026-03-01 10:00:00,46,44,200.86,22,1,1
12761,2026-03-01 10:00:00,44,40,128.96,19,0,0
12762,2026-03-01 10:00:00,18,38,133.03,18,4,0
12763,2026-03-01 10:00:00,24,47,199.94,28,2,0
12764,2026-03-01 10:00:00,47,30,118.85,20,2,0
12765,2026-03-01 10:00:00,68,44,84.97,16,1,0
12766,2026-03-01 10:00:00,67,48,99.52,19,5,1
12767,2026-03-01 10:00:00,22,48,115.76,19,4,0
12768,2026-03-01 10:00:00,54,27,97.5,22,1,0
12769,2026-03-01 10:00:00,25,21,173.22,26,2,0
12770,2026-03-01 10:00:00,36,52,93.75,19,3,0
12771,2026-03-01 10:00:00,47,20,68.23,16,4,0
12772,2026-03-01 10:00:00,56,4,120.53,23,4,1
12773,2026-03-01 10:00:00,28,11,151.72,27,4,0
12774,2026-03-01 10:00:00,41,13,149.44,15,3,0
12775,2026-03-01 10:00:00,32,9,108.6,24,2,0
12776,2026-03-01 10:00:00,19,4,116.46,26,0,1
12777,2026-03-01 10:00:00,35,12,120.88,11,0,0
12778,2026-03-01 10:00:00,45,9,76.36,22,2,0
12779,2026-03-01 10:00:00,58,13,107.76,21,3,0
12780,2026-03-01 10:00:00,54,48,75.52,21,3,0
12781,2026-03-01 10:00:00,57,26,61.39,22,3,0
12782,2026-03-01 10:00:00,40,38,182.68,23,1,0
12783,2026-03-01 10:00:00,37,42,95.78,20,0,0
12784,2026-03-01 10:00:00,66,13,127.03,24,2,0
12785,2026-03-01 10:00:00,19,39,130.2,24,2,0
12786,2026-03-01 10:00:00,39,28,132.81,19,2,0
12787,2026-03-01 10:00:00,21,58,155.91,24,1,0
12788,2026-03-01 10:00:00,38,19,87.03,22,1,0
12789,2026-03-01 10:00:00,24,24,135.18,15,2,0
12790,2026-03-01 10:00:00,51,19,133.44,17,5,1
12791,2026-03-01 10:00:00,46,49,138.41,20,2,0
12792,2026-03-01 10:00:00,43,13,117.37,17,3,0
12793,2026-03-01 10:00:00,59,13,132.9,17,2,0
12794,2026-03-01 10:00:00,22,58,144.13,23,1,0
12795,2026-03-01 10:00:00,29,28,141.12,23,1,0
12796,2026-03-01 10:00:00,47,53,126.08,25,2,0
12797,2026-03-01 10:00:00,67,2,210.22,23,2,0
12798,2026-03-01 10:00:00,40,10,73.28,16,2,0
12799,2026-03-01 10:00:00,18,22,104.36,14,2,0
12800,2026-03-01 10:00:00,65,13,122.26,23,1,0
12801,2026-03-01 10:00:00,63,58,96.5,26,1,0
12802,2026-03-01 10:00:00,53,9,98.82,19,3,0
12803,2026-03-01 10:00:00,65,33,66.82,23,1,0
12804,2026-03-01 10:00:00,59,14,85.6,12,1,0
12805,2026-03-01 10:00:00,49,48,98.96,15,6,1
12806,2026-03-01 10:00:00,24,20,111.27,23,3,0
12807,2026-03-01 10:00:00,38,15,120.9,26,4,1
12808,2026-03-01 10:00:00,61,32,71.68,19,1,0
12809,2026-03-01 10:00:00,35,33,82.87,12,2,0
12810,2026-03-01 10:00:00,24,17,120.85,21,3,0
12811,2026-03-01 10:00:00,65,24,131.27,20,1,0
12812,2026-03-01 10:00:00,37,30,122.49,18,3,0
12813,2026-03-01 10:00:00,57,13,75.29,14,0,0
12814,2026-03-01 10:00:00,61,59,105.7,25,2,0
12815,2026-03-01 10:00:00,68,47,120.37,25,2,0
12816,2026-03-01 10:00:00,62,48,126.98,15,2,0
12817,2026-03-01 10:00:00,56,16,139.93,22,2,0
12818,2026-03-01 10:00:00,21,2,106.42,17,3,0
12819,2026-03-01 10:00:00,37,17,112.1,17,3,0
12820,2026-03-01 10:00:00,22,32,110.61,22,4,0
12821,2026-03-01 10:00:00,27,43,131.89,25,2,1
12822,2026-03-01 10:00:00,58,8,127.44,19,0,0
12823,2026-03-01 10:00:00,62,52,90.59,24,4,0
12824,2026-03-01 10:00:00,23,3,115.22,13,2,0
12825,2026-03-01 10:00:00,40,12,172.96,15,3,0
12826,2026-03-01 10:00:00,22,20,144.98,21,1,0
12827,2026-03-01 10:00:00,40,16,24.66,23,1,1
12828,2026-03-01 10:00:00,29,14,143.33,16,3,1
12829,2026-03-01 10:00:00,44,16,107.6,17,2,0
12830,2026-03-01 10:00:00,43,59,199.93,18,3,0
12831,2026-03-01 10:00:00,64,53,163.33,31,3,0
12832,2026-03-01 10:00:00,27,49,133.59,24,5,1
12833,2026-03-01 10:00:00,22,43,147.3,17,3,0
12834,2026-03-01 10:00:00,43,49,192.95,25,6,1
12835,2026-03-01 10:00:00,66,51,130.98,18,1,0
12836,2026-03-01 10:00:00,47,54,60.34,21,1,0
12837,2026-03-01 10:00:00,46,33,133.05,21,2,0
12838,2026-03-01 10:00:00,33,30,131.48,14,2,0
12839,2026-03-01 10:00:00,38,59,134.17,18,1,0
12840,2026-03-01 10:00:00,24,12,90.56,24,4,1
12841,2026-03-01 10:00:00,67,15,145.11,19,1,0
12842,2026-03-01 10:00:00,38,18,142.15,21,2,0
12843,2026-03-01 10:00:00,53,28,71.51,15,1,0
12844,2026-03-01 10:00:00,53,23,96.48,21,2,0
12845,2026-03-01 10:00:00,30,14,122.57,26,4,1
12846,2026-03-01 10:00:00,33,30,118.19,19,1,0
12847,2026-03-01 10:00:00,34,33,64.94,26,2,0
12848,2026-03-01 10:00:00,59,45,123.95,19,3,0
12849,2026-03-01 10:00:00,24,15,113.93,18,3,0
12850,2026-03-01 10:00:00,33,7,89.25,18,3,0
12851,2026-03-01 10:00:00,49,15,105.35,17,4,1
12852,2026-03-01 10:00:00,55,52,83.28,8,2,1
12853,2026-03-01 10:00:00,53,42,125.09,18,4,1
12854,2026-03-01 10:00:00,60,46,75.85,23,2,0
12855,2026-03-01 10:00:00,31,38,122.94,20,3,0
12856,2026-03-01 10:00:00,33,46,137.69,21,0,0
12857,2026-03-01 10:00:00,28,56,78.56,30,2,0
12858,2026-03-01 10:00:00,31,57,82.57,8,1,0
12859,2026-03-01 10:00:00,49,54,154.67,14,0,0
12860,2026-03-01 10:00:00,30,44,135.75,18,3,0
12861,2026-03-01 10:00:00,18,11,183.38,22,1,0
12862,2026-03-01 10:00:00,56,29,125.1,20,1,0
12863,2026-03-01 10:00:00,56,31,126.21,18,0,1
12864,2026-03-01 10:00:00,47,25,145.69,21,2,0
12865,2026-03-01 10:00:00,41,52,82.26,12,3,0
12866,2026-03-01 10:00:00,34,54,112.38,26,2,0
12867,2026-03-01 10:00:00,32,24,153.12,16,1,0
12868,2026-03-01 10:00:00,58,57,137.98,13,2,0
12869,2026-03-01 10:00:00,48,19,69.52,27,1,0
12870,2026-03-01 10:00:00,47,2,106.29,18,5,1
12871,2026-03-01 10:00:00,69,22,152.88,19,5,1
12872,2026-03-01 10:00:00,59,20,133.69,17,1,0
12873,2026-03-01 10:00:00,56,33,143.76,21,2,0
12874,2026-03-01 10:00:00,22,8,28.28,22,3,0
12875,2026-03-01 10:00:00,26,25,153.55,21,2,0
12876,2026-03-01 10:00:00,53,46,90.75,17,1,0
12877,2026-03-01 10:00:00,21,9,106.25,23,3,0
12878,2026-03-01 10:00:00,21,34,78.12,13,2,0
12879,2026-03-01 10:00:00,18,57,95.86,24,5,0
12880,2026-03-01 10:00:00,67,23,85.12,17,5,1
12881,2026-03-01 10:00:00,41,5,140.24,24,0,1
12882,2026-03-01 10:00:00,49,55,189.86,16,4,0
12883,2026-03-01 10:00:00,68,25,186.94,23,5,1
12884,2026-03-01 10:00:00,55,8,73.68,17,2,0
12885,2026-03-01 10:00:00,28,16,109.72,28,1,0
12886,2026-03-01 10:00:00,40,54,20.96,17,3,0
12887,2026-03-01 10:00:00,28,48,132.67,22,1,0
12888,2026-03-01 10:00:00,43,45,101.14,16,4,0
12889,2026-03-01 10:00:00,69,52,161.68,28,3,0
12890,2026-03-01 10:00:00,23,15,129.62,28,0,0
12891,2026-03-01 10:00:00,38,1,54.38,19,1,0
12892,2026-03-01 10:00:00,59,22,96.93,22,1,0
12893,2026-03-01 10:00:00,64,3,136.99,19,2,0
12894,2026-03-01 10:00:00,36,38,99.15,29,0,0
12895,2026-03-01 10:00:00,44,54,141.28,15,1,0
12896,2026-03-01 10:00:00,45,14,53.34,21,1,0
12897,2026-03-01 10:00:00,19,36,100.7,18,1,0
12898,2026-03-01 10:00:00,57,18,161.9,20,1,0
12899,2026-03-01 10:00:00,52,47,75.46,17,3,0
12900,2026-03-01 10:00:00,41,41,111.51,21,0,0
12901,2026-03-01 10:00:00,35,18,169.16,21,2,0
12902,2026-03-01 10:00:00,24,3,108.02,25,1,0
12903,2026-03-01 10:00:00,59,10,132.34,30,1,0
12904,2026-03-01 10:00:00,69,49,155.08,30,2,0
12905,2026-03-01 10:00:00,64,39,62.25,15,2,0
12906,2026-03-01 10:00:00,29,47,113.65,18,1,0
12907,2026-03-01 10:00:00,58,1,174.75,19,4,1
12908,2026-03-01 10:00:00,28,27,111.99,19,2,0
12909,2026-03-01 10:00:00,67,57,159.34,25,1,0
12910,2026-03-01 10:00:00,46,27,95.15,25,3,0
12911,2026-03-01 10:00:00,39,11,115.38,22,4,1
12912,2026-03-01 10:00:00,20,49,208.36,27,0,1
12913,2026-03-01 10:00:00,41,5,156.31,18,4,1
12914,2026-03-01 10:00:00,46,7,153.03,20,5,1
12915,2026-03-01 10:00:00,55,19,144.38,17,3,0
12916,2026-03-01 10:00:00,68,57,114.21,17,2,1
12917,2026-03-01 10:00:00,44,56,136.18,18,0,0
12918,2026-03-01 10:00:00,66,29,102.56,28,2,0
12919,2026-03-01 10:00:00,59,15,49.27,18,3,0
12920,2026-03-01 10:00:00,57,35,137.15,22,3,0
12921,2026-03-01 10:00:00,51,47,227.99,23,1,0
12922,2026-03-01 10:00:00,32,37,51.86,15,0,0
12923,2026-03-01 10:00:00,35,55,63.5,23,2,0
12924,2026-03-01 10:00:00,28,12,80.51,20,2,0
12925,2026-03-01 10:00:00,41,30,168.77,15,3,0
12926,2026-03-01 10:00:00,32,20,111.83,27,3,0
12927,2026-03-01 10:00:00,60,37,102.1,19,0,0
12928,2026-03-01 10:00:00,40,3,129.08,19,3,0
12929,2026-03-01 10:00:00,30,9,115.86,15,1,0
12930,2026-03-01 10:00:00,21,58,140.24,21,0,0
12931,2026-03-01 10:00:00,52,41,126.81,9,3,1
12932,2026-03-01 10:00:00,58,39,20.0,22,0,0
12933,2026-03-01 10:00:00,25,26,142.52,26,1,0
12934,2026-03-01 10:00:00,47,2,82.09,16,1,0
12935,2026-03-01 10:00:00,33,23,79.67,26,3,0
12936,2026-03-01 10:00:00,24,23,110.39,22,0,0
12937,2026-03-01 10:00:00,42,59,47.07,19,3,0
12938,2026-03-01 10:00:00,36,21,129.22,29,2,0
12939,2026-03-01 10:00:00,34,16,139.67,26,1,0
12940,2026-03-01 10:00:00,47,9,163.84,14,1,0
12941,2026-03-01 10:00:00,55,13,115.14,17,3,0
12942,2026-03-01 10:00:00,32,28,83.99,17,0,0
12943,2026-03-01 10:00:00,45,27,74.7,33,3,0
12944,2026-03-01 10:00:00,54,51,142.25,12,1,0
12945,2026-03-01 10:00:00,37,52,101.31,13,2,0
12946,2026-03-01 10:00:00,41,17,20.05,23,5,1
12947,2026-03-01 10:00:00,20,38,104.24,20,1,0
12948,2026-03-01 10:00:00,19,36,164.11,17,2,0
12949,2026-03-01 10:00:00,25,1,172.0,16,2,0
12950,2026-03-01 10:00:00,61,18,85.3,11,3,0
12951,2026-03-01 10:00:00,31,51,91.52,23,1,0
12952,2026-03-01 10:00:00,66,9,108.68,26,2,0
12953,2026-03-01 10:00:00,30,13,97.37,20,5,1
12954,2026-03-01 10:00:00,27,40,169.57,19,0,0
12955,2026-03-01 10:00:00,20,55,120.18,16,1,0
12956,2026-03-01 10:00:00,33,45,133.11,28,1,0
12957,2026-03-01 10:00:00,42,15,83.32,18,1,0
12958,2026-03-01 10:00:00,61,43,108.1,15,1,0
12959,2026-03-01 10:00:00,44,44,56.46,18,2,0
12960,2026-03-01 10:00:00,34,46,134.44,17,1,0
12961,2026-03-01 10:00:00,47,4,126.18,16,0,0
12962,2026-03-01 10:00:00,37,33,133.52,18,2,0
12963,2026-03-01 10:00:00,36,24,177.53,29,1,0
12964,2026-03-01 10:00:00,18,36,101.86,21,1,0
12965,2026-03-01 10:00:00,63,51,152.81,12,3,0
12966,2026-03-01 10:00:00,44,41,117.2,18,3,1
12967,2026-03-01 10:00:00,41,10,160.13,22,2,0
12968,2026-03-01 10:00:00,59,36,100.38,31,0,0
12969,2026-03-01 10:00:00,63,20,82.87,18,3,0
12970,2026-03-01 10:00:00,46,41,69.62,20,0,0
12971,2026-03-01 10:00:00,38,45,145.67,18,2,0
12972,2026-03-01 10:00:00,65,44,100.38,26,2,1
12973,2026-03-01 10:00:00,55,11,55.64,21,2,0
12974,2026-03-01 10:00:00,47,12,127.84,22,2,0
12975,2026-03-01 10:00:00,36,18,98.67,23,0,0
12976,2026-03-01 10:00:00,42,30,47.5,23,3,0
12977,2026-03-01 10:00:00,54,44,42.42,13,2,0
12978,2026-03-01 10:00:00,30,48,144.48,24,2,0
12979,2026-03-01 10:00:00,52,37,125.89,25,1,0
12980,2026-03-01 10:00:00,41,20,108.19,19,1,0
12981,2026-03-01 10:00:00,63,25,127.16,14,0,0
12982,2026-03-01 10:00:00,68,12,182.07,20,3,0
12983,2026-03-01 10:00:00,45,21,185.97,22,5,1
12984,2026-03-01 10:00:00,41,25,99.77,13,3,0
12985,2026-03-01 10:00:00,28,11,171.78,18,4,0
12986,2026-03-01 10:00:00,62,9,130.24,25,0,0
12987,2026-03-01 10:00:00,18,50,96.9,25,1,0
12988,2026-03-01 10:00:00,43,25,69.21,20,0,0
12989,2026-03-01 10:00:00,32,35,122.62,23,1,0
12990,2026-03-01 10:00:00,37,52,141.69,17,1,1
12991,2026-03-01 10:00:00,31,32,56.37,20,1,0
12992,2026-03-01 10:00:00,26,49,129.65,26,2,0
12993,2026-03-01 10:00:00,63,14,68.85,17,2,0
12994,2026-03-01 10:00:00,46,1,118.9,19,0,0
12995,2026-03-01 10:00:00,39,17,144.35,21,0,0
12996,2026-03-01 10:00:00,49,25,135.21,14,3,1
12997,2026-03-01 10:00:00,58,59,102.6,20,4,1
12998,2026-03-01 10:00:00,59,8,132.67,20,0,0
12999,2026-03-01 10:00:00,32,5,39.7,23,1,0
13000,2026-03-01 10:00:00,44,5,157.05,24,0,0
13001,2026-03-01 10:00:00,54,41,162.04,20,3,0
13002,2026-03-01 10:00:00,30,35,95.18,24,2,0
13003,2026-03-01 10:00:00,47,19,167.98,15,2,0
13004,2026-03-01 10:00:00,60,23,117.23,21,1,0
13005,2026-03-01 10:00:00,64,9,162.64,27,2,0
13006,2026-03-01 10:00:00,28,54,29.35,19,1,0
13007,2026-03-01 10:00:00,27,30,83.14,24,1,0
13008,2026-03-01 10:00:00,37,50,54.32,29,3,0
13009,2026-03-01 10:00:00,68,16,74.4,25,2,0
13010,2026-03-01 10:00:00,63,33,158.99,24,0,0
13011,2026-03-01 10:00:00,34,2,107.63,24,3,0
13012,2026-03-01 10:00:00,27,14,102.6,19,4,1
13013,2026-03-01 10:00:00,36,46,80.94,23,2,0
13014,2026-03-01 10:00:00,56,1,140.7,15,4,1
13015,2026-03-01 10:00:00,69,26,94.07,17,2,0
13016,2026-03-01 10:00:00,39,58,98.73,17,1,0
13017,2026-03-01 10:00:00,21,25,84.89,20,2,0
13018,2026-03-01 10:00:00,43,16,188.02,20,0,0
13019,2026-03-01 10:00:00,51,15,119.18,25,4,1
13020,2026-03-01 10:00:00,67,26,121.56,26,1,0
13021,2026-03-01 10:00:00,60,47,135.79,23,0,0
13022,2026-03-01 10:00:00,40,44,57.61,17,1,0
13023,2026-03-01 10:00:00,25,16,83.12,24,2,0
13024,2026-03-01 10:00:00,24,14,119.38,19,2,0
13025,2026-03-01 10:00:00,51,29,178.59,19,4,0
13026,2026-03-01 10:00:00,50,24,146.1,17,0,0
13027,2026-03-01 10:00:00,36,47,95.05,20,2,0
13028,2026-03-01 10:00:00,56,55,89.24,17,4,0
13029,2026-03-01 10:00:00,18,15,182.41,21,2,0
13030,2026-03-01 10:00:00,58,19,77.5,29,3,0
13031,2026-03-01 10:00:00,57,8,65.46,21,0,0
13032,2026-03-01 10:00:00,59,34,121.32,16,1,0
13033,2026-03-01 10:00:00,20,2,119.49,15,1,0
13034,2026-03-01 10:00:00,27,27,79.24,22,3,0
13035,2026-03-01 10:00:00,23,10,116.16,22,1,0
13036,2026-03-01 10:00:00,43,35,129.47,22,2,0
13037,2026-03-01 10:00:00,21,23,132.62,18,1,0
13038,2026-03-01 10:00:00,35,49,106.76,21,1,0
13039,2026-03-01 10:00:00,67,8,96.52,22,0,0
13040,2026-03-01 10:00:00,34,28,107.24,15,3,0
13041,2026-03-01 10:00:00,50,23,75.91,19,2,0
13042,2026-03-01 10:00:00,61,4,98.08,23,2,0
13043,2026-03-01 10:00:00,48,14,124.97,13,2,0
13044,2026-03-01 10:00:00,31,53,132.43,29,2,0
13045,2026-03-01 10:00:00,44,42,101.2,14,1,1
13046,2026-03-01 10:00:00,30,29,131.29,28,1,1
13047,2026-03-01 10:00:00,45,1,129.72,19,2,0
13048,2026-03-01 10:00:00,23,4,201.76,29,2,0
13049,2026-03-01 10:00:00,54,32,166.63,15,1,0
13050,2026-03-01 10:00:00,52,33,20.0,12,1,0
13051,2026-03-01 10:00:00,63,49,91.8,16,2,0
13052,2026-03-01 10:00:00,23,26,128.75,18,0,0
13053,2026-03-01 10:00:00,47,17,103.3,29,2,0
13054,2026-03-01 10:00:00,60,39,223.92,18,1,0
13055,2026-03-01 10:00:00,36,23,153.21,21,1,0
13056,2026-03-01 10:00:00,39,32,36.24,25,2,0
13057,2026-03-01 10:00:00,54,52,81.94,25,3,0
13058,2026-03-01 10:00:00,61,15,105.59,15,3,0
13059,2026-03-01 10:00:00,31,13,169.56,18,4,1
13060,2026-03-01 10:00:00,59,2,151.08,26,2,1
13061,2026-03-01 10:00:00,23,19,107.56,23,2,1
13062,2026-03-01 10:00:00,19,24,120.77,22,0,0
13063,2026-03-01 10:00:00,41,45,125.02,24,3,0
13064,2026-03-01 10:00:00,66,24,110.23,20,0,0
13065,2026-03-01 10:00:00,51,11,144.51,11,3,0
13066,2026-03-01 10:00:00,37,59,119.52,27,1,0
13067,2026-03-01 10:00:00,48,22,138.52,20,3,0
13068,2026-03-01 10:00:00,67,15,122.39,26,0,0
13069,2026-03-01 10:00:00,34,10,95.83,19,1,0
13070,2026-03-01 10:00:00,21,41,49.77,19,2,0
13071,2026-03-01 10:00:00,60,27,172.98,16,3,0
13072,2026-03-01 10:00:00,44,9,180.24,24,2,0
13073,2026-03-01 10:00:00,18,52,120.02,27,0,0
13074,2026-03-01 10:00:00,40,28,113.85,24,0,0
13075,2026-03-01 10:00:00,27,1,62.72,16,5,1
13076,2026-03-01 10:00:00,42,17,108.44,17,4,1
13077,2026-03-01 10:00:00,40,31,154.32,24,2,0
13078,2026-03-01 10:00:00,39,44,148.07,17,2,0
13079,2026-03-01 10:00:00,22,10,63.88,24,2,0
13080,2026-03-01 10:00:00,49,37,189.83,22,6,1
13081,2026-03-01 10:00:00,22,29,82.95,13,2,0
13082,2026-03-01 10:00:00,37,18,103.86,15,2,0
13083,2026-03-01 10:00:00,26,47,170.56,16,4,0
13084,2026-03-01 10:00:00,65,38,145.73,22,0,0
13085,2026-03-01 10:00:00,30,39,107.65,26,2,0
13086,2026-03-01 10:00:00,34,49,82.4,17,1,0
13087,2026-03-01 10:00:00,34,6,186.72,15,2,0
13088,2026-03-01 10:00:00,39,40,96.04,22,1,0
13089,2026-03-01 10:00:00,34,12,111.22,28,3,0
13090,2026-03-01 10:00:00,63,53,105.5,16,1,0
13091,2026-03-01 10:00:00,65,14,132.51,21,2,0
13092,2026-03-01 10:00:00,55,44,123.95,23,5,0
13093,2026-03-01 10:00:00,21,55,152.87,16,0,0
13094,2026-03-01 10:00:00,61,10,156.73,31,4,1
13095,2026-03-01 10:00:00,49,54,91.63,18,2,0
13096,2026-03-01 10:00:00,66,20,75.32,18,1,0
13097,2026-03-01 10:00:00,68,15,159.3,13,0,0
13098,2026-03-01 10:00:00,48,31,85.71,21,0,0
13099,2026-03-01 10:00:00,19,7,117.15,21,1,0
13100,2026-03-01 10:00:00,50,58,103.65,26,1,1
13101,2026-03-01 10:00:00,56,41,99.0,24,5,1
13102,2026-03-01 10:00:00,24,10,136.08,8,0,0
13103,2026-03-01 10:00:00,38,10,121.76,19,2,0
13104,2026-03-01 10:00:00,55,48,138.85,21,2,0
13105,2026-03-01 10:00:00,46,39,136.83,16,3,0
13106,2026-03-01 10:00:00,37,28,97.36,24,2,0
13107,2026-03-01 10:00:00,67,30,204.45,19,0,0
13108,2026-03-01 10:00:00,32,37,74.8,21,0,0
13109,2026-03-01 10:00:00,41,55,114.99,21,2,0
13110,2026-03-01 10:00:00,27,3,203.76,24,4,1
13111,2026-03-01 10:00:00,25,50,124.6,23,0,0
13112,2026-03-01 10:00:00,60,43,97.23,26,3,0
13113,2026-03-01 10:00:00,38,15,158.03,13,2,0
13114,2026-03-01 10:00:00,62,21,181.12,20,2,0
13115,2026-03-01 10:00:00,39,52,84.36,22,4,0
13116,2026-03-01 10:00:00,31,37,152.29,17,0,0
13117,2026-03-01 10:00:00,68,56,145.07,15,2,0
13118,2026-03-01 10:00:00,69,12,108.44,19,3,0
13119,2026-03-01 10:00:00,68,4,159.94,20,2,0
13120,2026-03-01 10:00:00,48,47,138.92,16,0,0
13121,2026-03-01 10:00:00,46,9,117.08,20,1,0
13122,2026-03-01 10:00:00,31,39,146.18,18,1,0
13123,2026-03-01 10:00:00,67,42,51.28,15,1,0
13124,2026-03-01 10:00:00,35,28,148.99,21,2,0
13125,2026-03-01 10:00:00,57,23,113.29,22,2,0
13126,2026-03-01 10:00:00,24,45,169.24,21,3,0
13127,2026-03-01 10:00:00,31,40,140.47,14,4,1
13128,2026-03-01 10:00:00,69,44,187.82,23,1,0
13129,2026-03-01 10:00:00,65,22,71.3,20,5,0
13130,2026-03-01 10:00:00,65,24,124.39,16,1,0
13131,2026-03-01 10:00:00,35,51,97.71,17,5,1
13132,2026-03-01 10:00:00,24,58,141.65,18,0,0
13133,2026-03-01 10:00:00,27,26,80.11,21,2,0
13134,2026-03-01 10:00:00,68,30,93.28,15,0,0
13135,2026-03-01 10:00:00,47,33,146.56,15,2,0
13136,2026-03-01 10:00:00,39,16,97.3,21,5,1
13137,2026-03-01 10:00:00,19,22,117.96,14,1,0
13138,2026-03-01 10:00:00,69,49,90.94,21,1,0
13139,2026-03-01 10:00:00,58,57,142.81,16,1,1
13140,2026-03-01 10:00:00,36,50,124.84,10,4,0
13141,2026-03-01 10:00:00,67,43,172.65,22,1,0
13142,2026-03-01 10:00:00,60,18,159.16,17,1,0
13143,2026-03-01 10:00:00,25,7,34.06,23,1,0
13144,2026-03-01 10:00:00,54,50,149.77,13,1,0
13145,2026-03-01 10:00:00,41,26,173.92,16,4,0
13146,2026-03-01 10:00:00,41,8,81.13,20,7,0
13147,2026-03-01 10:00:00,31,6,178.34,22,3,0
13148,2026-03-01 10:00:00,47,30,75.26,25,2,0
13149,2026-03-01 10:00:00,21,39,204.79,23,3,0
13150,2026-03-01 10:00:00,19,23,191.88,23,2,0
13151,2026-03-01 10:00:00,47,32,78.15,15,1,0
13152,2026-03-01 10:00:00,27,22,95.68,26,2,0
13153,2026-03-01 10:00:00,48,42,169.24,12,1,0
13154,2026-03-01 10:00:00,59,43,129.88,13,3,0
13155,2026-03-01 10:00:00,65,57,144.72,18,1,0
13156,2026-03-01 10:00:00,46,45,148.04,13,1,0
13157,2026-03-01 10:00:00,66,9,141.09,16,3,0
13158,2026-03-01 10:00:00,62,31,82.11,26,1,0
13159,2026-03-01 10:00:00,40,7,91.36,17,2,0
13160,2026-03-01 10:00:00,64,9,74.56,20,1,0
13161,2026-03-01 10:00:00,27,13,85.11,19,1,0
13162,2026-03-01 10:00:00,53,58,162.1,16,7,0
13163,2026-03-01 10:00:00,36,3,179.3,14,1,1
13164,2026-03-01 10:00:00,37,35,162.64,9,2,0
13165,2026-03-01 10:00:00,52,33,113.38,25,3,0
13166,2026-03-01 10:00:00,59,21,67.69,21,0,0
13167,2026-03-01 10:00:00,62,31,26.13,18,2,0
13168,2026-03-01 10:00:00,39,52,141.23,20,6,0
13169,2026-03-01 10:00:00,68,34,167.99,23,1,0
13170,2026-03-01 10:00:00,20,32,188.82,23,1,0
13171,2026-03-01 10:00:00,31,57,148.14,23,3,0
13172,2026-03-01 10:00:00,18,35,131.25,18,1,0
13173,2026-03-01 10:00:00,61,15,132.48,19,2,0
13174,2026-03-01 10:00:00,49,56,106.05,21,2,0
13175,2026-03-01 10:00:00,20,32,157.26,19,2,0
13176,2026-03-01 10:00:00,39,6,130.07,14,2,0
13177,2026-03-01 10:00:00,60,45,166.38,17,1,0
13178,2026-03-01 10:00:00,65,21,81.55,18,4,0
13179,2026-03-01 10:00:00,41,33,139.8,21,1,0
13180,2026-03-01 10:00:00,42,32,70.8,16,2,0
13181,2026-03-01 10:00:00,52,52,187.86,20,2,0
13182,2026-03-01 10:00:00,49,19,90.1,16,4,0
13183,2026-03-01 10:00:00,27,33,102.71,15,4,1
13184,2026-03-01 10:00:00,43,28,204.21,18,5,1
13185,2026-03-01 10:00:00,27,31,184.99,20,4,1
13186,2026-03-01 10:00:00,47,21,176.08,30,0,0
13187,2026-03-01 10:00:00,51,54,95.01,21,3,0
13188,2026-03-01 10:00:00,31,34,113.21,21,2,0
13189,2026-03-01 10:00:00,32,15,106.51,16,0,0
13190,2026-03-01 10:00:00,37,14,111.33,23,2,0
13191,2026-03-01 10:00:00,50,19,214.58,19,2,0
13192,2026-03-01 10:00:00,39,43,46.28,21,1,1
13193,2026-03-01 10:00:00,22,15,141.19,27,5,1
13194,2026-03-01 10:00:00,60,6,154.72,14,1,0
13195,2026-03-01 10:00:00,58,52,179.2,28,4,1
13196,2026-03-01 10:00:00,40,9,192.42,21,4,0
13197,2026-03-01 10:00:00,35,37,157.69,19,3,1
13198,2026-03-01 10:00:00,65,20,117.28,24,1,0
13199,2026-03-01 10:00:00,55,34,63.69,33,0,0
13200,2026-03-01 10:00:00,29,38,142.23,19,2,0
13201,2026-03-01 10:00:00,65,26,89.41,21,1,0
13202,2026-03-01 10:00:00,68,18,176.15,19,4,1
13203,2026-03-01 10:00:00,57,28,198.53,19,3,1
13204,2026-03-01 10:00:00,30,55,155.29,18,1,0
13205,2026-03-01 10:00:00,22,51,168.77,19,0,0
13206,2026-03-01 10:00:00,53,9,76.81,15,1,0
13207,2026-03-01 10:00:00,38,32,85.82,20,1,0
13208,2026-03-01 10:00:00,48,59,69.1,21,1,0
13209,2026-03-01 10:00:00,33,53,145.09,16,2,0
13210,2026-03-01 10:00:00,56,56,69.23,9,1,0
13211,2026-03-01 10:00:00,45,59,72.26,22,2,0
13212,2026-03-01 10:00:00,45,6,118.59,15,1,1
13213,2026-03-01 10:00:00,33,14,112.19,18,2,0
13214,2026-03-01 10:00:00,66,28,125.47,17,1,0
13215,2026-03-01 10:00:00,65,58,152.93,23,3,0
13216,2026-03-01 10:00:00,24,24,20.0,28,3,1
13217,2026-03-01 10:00:00,47,13,113.65,21,1,0
13218,2026-03-01 10:00:00,28,43,140.34,26,4,1
13219,2026-03-01 10:00:00,55,12,144.52,16,1,0
13220,2026-03-01 10:00:00,23,51,197.54,17,1,0
13221,2026-03-01 10:00:00,49,19,115.37,14,1,0
13222,2026-03-01 10:00:00,29,21,123.69,23,1,0
13223,2026-03-01 10:00:00,28,27,139.41,21,3,0
13224,2026-03-01 10:00:00,61,58,161.71,17,2,0
13225,2026-03-01 10:00:00,41,19,132.23,18,4,0
13226,2026-03-01 10:00:00,52,24,100.52,15,2,0
13227,2026-03-01 10:00:00,31,26,96.41,25,2,0
13228,2026-03-01 10:00:00,23,45,110.63,14,2,0
13229,2026-03-01 10:00:00,33,28,69.23,12,1,0
13230,2026-03-01 10:00:00,62,46,110.59,17,4,1
13231,2026-03-01 10:00:00,55,56,105.72,23,2,0
13232,2026-03-01 10:00:00,69,18,78.19,22,0,0
13233,2026-03-01 10:00:00,25,44,69.95,14,2,0
13234,2026-03-01 10:00:00,66,36,98.1,20,2,0
13235,2026-03-01 10:00:00,67,42,74.45,9,2,1
13236,2026-03-01 10:00:00,19,29,107.42,21,2,0
13237,2026-03-01 10:00:00,62,17,119.34,16,1,0
13238,2026-03-01 10:00:00,56,4,132.9,22,2,0
13239,2026-03-01 10:00:00,23,44,71.27,19,2,0
13240,2026-03-01 10:00:00,19,45,175.03,17,0,0
13241,2026-03-01 10:00:00,56,59,103.62,23,3,0
13242,2026-03-01 10:00:00,64,29,110.32,28,7,1
13243,2026-03-01 10:00:00,45,4,133.07,28,1,1
13244,2026-03-01 10:00:00,54,10,177.94,19,3,0
13245,2026-03-01 10:00:00,37,25,145.12,22,1,0
13246,2026-03-01 10:00:00,46,31,76.5,15,4,1
13247,2026-03-01 10:00:00,64,3,89.31,21,1,0
13248,2026-03-01 10:00:00,43,47,92.83,23,0,0
13249,2026-03-01 10:00:00,50,2,119.35,22,2,0
13250,2026-03-01 10:00:00,24,57,163.43,16,2,0
13251,2026-03-01 10:00:00,68,25,182.11,16,1,0
13252,2026-03-01 10:00:00,28,49,127.38,23,5,1
13253,2026-03-01 10:00:00,64,6,55.84,24,4,1
13254,2026-03-01 10:00:00,62,26,114.91,20,1,0
13255,2026-03-01 10:00:00,57,8,148.04,19,1,1
13256,2026-03-01 10:00:00,51,35,138.58,23,4,1
13257,2026-03-01 10:00:00,49,27,167.03,18,2,1
13258,2026-03-01 10:00:00,45,25,140.93,14,0,0
13259,2026-03-01 10:00:00,35,18,119.49,19,3,0
13260,2026-03-01 10:00:00,28,54,100.58,21,3,0
13261,2026-03-01 10:00:00,42,1,94.4,28,4,1
13262,2026-03-01 10:00:00,55,48,115.16,19,1,0
13263,2026-03-01 10:00:00,45,39,106.91,21,3,0
13264,2026-03-01 10:00:00,32,3,64.09,21,4,1
13265,2026-03-01 10:00:00,62,55,80.94,11,1,0
13266,2026-03-01 10:00:00,19,4,182.56,17,1,0
13267,2026-03-01 10:00:00,42,41,157.17,19,4,0
13268,2026-03-01 10:00:00,38,37,167.56,18,0,0
13269,2026-03-01 10:00:00,68,51,97.03,17,2,0
13270,2026-03-01 10:00:00,61,15,158.45,15,1,0
13271,2026-03-01 10:00:00,30,8,54.79,19,2,0
13272,2026-03-01 10:00:00,51,38,97.34,18,1,0
13273,2026-03-01 10:00:00,64,50,115.74,16,1,0
13274,2026-03-01 10:00:00,23,19,174.11,25,3,0
13275,2026-03-01 10:00:00,24,56,133.71,12,2,0
13276,2026-03-01 10:00:00,25,47,125.24,13,0,0
13277,2026-03-01 10:00:00,61,26,107.74,17,4,0
13278,2026-03-01 10:00:00,57,39,28.98,25,2,0
13279,2026-03-01 10:00:00,50,10,126.17,17,1,0
13280,2026-03-01 10:00:00,57,38,93.13,17,4,1
13281,2026-03-01 10:00:00,61,14,158.07,19,0,0
13282,2026-03-01 10:00:00,29,49,56.98,20,2,0
13283,2026-03-01 10:00:00,36,41,93.98,16,1,1
13284,2026-03-01 10:00:00,59,19,106.86,14,1,0
13285,2026-03-01 10:00:00,41,30,156.85,24,1,0
13286,2026-03-01 10:00:00,25,5,97.78,23,1,0
13287,2026-03-01 10:00:00,64,55,102.13,15,2,0
13288,2026-03-01 10:00:00,39,31,102.47,21,0,0
13289,2026-03-01 10:00:00,39,7,97.83,22,2,0
13290,2026-03-01 10:00:00,43,19,149.64,26,2,0
13291,2026-03-01 10:00:00,25,31,139.28,28,4,1
13292,2026-03-01 10:00:00,59,52,39.79,25,3,0
13293,2026-03-01 10:00:00,30,58,170.16,20,2,0
13294,2026-03-01 10:00:00,44,39,108.09,18,5,1
13295,2026-03-01 10:00:00,63,24,186.58,23,2,0
13296,2026-03-01 10:00:00,62,34,144.03,26,2,0
13297,2026-03-01 10:00:00,39,57,102.65,19,2,0
13298,2026-03-01 10:00:00,21,23,128.55,22,3,0
13299,2026-03-01 10:00:00,64,48,151.48,20,2,0
13300,2026-03-01 10:00:00,58,45,67.62,21,0,0
13301,2026-03-01 10:00:00,48,40,125.76,29,1,0
13302,2026-03-01 10:00:00,19,6,105.76,16,0,0
13303,2026-03-01 10:00:00,46,38,168.21,30,3,0
13304,2026-03-01 10:00:00,44,41,148.19,19,2,0
13305,2026-03-01 10:00:00,20,36,68.85,24,3,0
13306,2026-03-01 10:00:00,38,27,114.94,27,3,0
13307,2026-03-01 10:00:00,52,11,154.52,26,0,0
13308,2026-03-01 10:00:00,69,5,51.21,20,2,1
13309,2026-03-01 10:00:00,31,57,85.91,13,0,0
13310,2026-03-01 10:00:00,21,17,154.22,19,2,0
13311,2026-03-01 10:00:00,19,52,37.85,23,1,0
13312,2026-03-01 10:00:00,58,7,90.23,19,2,0
13313,2026-03-01 10:00:00,56,27,38.41,24,1,0
13314,2026-03-01 10:00:00,43,47,106.56,22,2,0
13315,2026-03-01 10:00:00,26,57,118.01,22,1,0
13316,2026-03-01 10:00:00,29,15,70.77,17,2,0
13317,2026-03-01 10:00:00,20,46,140.48,19,1,0
13318,2026-03-01 10:00:00,46,13,149.25,17,4,0
13319,2026-03-01 10:00:00,37,11,85.92,27,0,0
13320,2026-03-01 10:00:00,33,45,103.94,32,1,0
13321,2026-03-01 10:00:00,48,26,112.92,13,2,0
13322,2026-03-01 10:00:00,63,22,145.36,18,3,0
13323,2026-03-01 10:00:00,21,28,46.36,25,2,0
13324,2026-03-01 10:00:00,47,24,93.31,26,2,0
13325,2026-03-01 10:00:00,26,29,102.7,19,2,1
13326,2026-03-01 10:00:00,32,9,142.07,21,1,0
13327,2026-03-01 10:00:00,45,42,88.41,22,1,0
13328,2026-03-01 10:00:00,34,4,152.3,22,1,0
13329,2026-03-01 10:00:00,28,49,143.43,23,3,0
13330,2026-03-01 10:00:00,58,46,111.25,21,2,1
13331,2026-03-01 10:00:00,59,56,180.98,14,0,0
13332,2026-03-01 10:00:00,65,18,157.24,17,1,0
13333,2026-03-01 10:00:00,58,43,74.71,25,3,0
13334,2026-03-01 10:00:00,28,16,137.75,18,3,0
13335,2026-03-01 10:00:00,26,33,139.05,24,2,0
13336,2026-03-01 10:00:00,47,29,200.85,21,2,0
13337,2026-03-01 10:00:00,66,39,59.66,27,2,0
13338,2026-03-01 10:00:00,52,10,164.92,14,3,0
13339,2026-03-01 10:00:00,28,9,124.17,22,1,0
13340,2026-03-01 10:00:00,20,59,124.33,26,0,0
13341,2026-03-01 10:00:00,54,31,104.67,7,3,1
13342,2026-03-01 10:00:00,18,28,158.46,22,2,0
13343,2026-03-01 10:00:00,64,57,177.4,16,0,0
13344,2026-03-01 10:00:00,36,3,101.53,24,2,0
13345,2026-03-01 10:00:00,67,54,105.74,21,1,0
13346,2026-03-01 10:00:00,18,55,20.0,17,3,0
13347,2026-03-01 10:00:00,54,14,157.05,19,3,0
13348,2026-03-01 10:00:00,32,58,117.74,15,0,0
13349,2026-03-01 10:00:00,52,25,129.99,13,2,1
13350,2026-03-01 10:00:00,33,15,95.42,19,2,0
13351,2026-03-01 10:00:00,22,2,104.39,20,1,1
13352,2026-03-01 10:00:00,32,24,55.84,22,2,0
13353,2026-03-01 10:00:00,56,14,119.15,22,4,0
13354,2026-03-01 10:00:00,56,48,114.15,25,1,0
13355,2026-03-01 10:00:00,67,7,133.65,17,2,0
13356,2026-03-01 10:00:00,68,36,197.47,24,1,0
13357,2026-03-01 10:00:00,18,50,136.6,22,1,0
13358,2026-03-01 10:00:00,29,24,158.27,27,4,1
13359,2026-03-01 10:00:00,53,27,143.08,22,4,0
13360,2026-03-01 10:00:00,54,37,151.66,14,4,0
13361,2026-03-01 10:00:00,55,38,142.97,35,1,0
13362,2026-03-01 10:00:00,21,30,133.89,18,2,0
13363,2026-03-01 10:00:00,39,27,184.75,16,0,0
13364,2026-03-01 10:00:00,29,39,160.93,14,1,0
13365,2026-03-01 10:00:00,50,15,146.63,18,5,1
13366,2026-03-01 10:00:00,55,26,122.15,24,3,0
13367,2026-03-01 10:00:00,20,1,71.98,26,1,0
13368,2026-03-01 10:00:00,64,56,158.1,22,6,0
13369,2026-03-01 10:00:00,41,4,102.19,16,2,0
13370,2026-03-01 10:00:00,22,29,157.73,19,1,0
13371,2026-03-01 10:00:00,32,57,111.85,15,1,0
13372,2026-03-01 10:00:00,64,1,128.96,18,2,0
13373,2026-03-01 10:00:00,53,43,124.4,18,0,0
13374,2026-03-01 10:00:00,24,50,65.09,24,1,0
13375,2026-03-01 10:00:00,25,46,139.25,24,2,0
13376,2026-03-01 10:00:00,39,22,114.36,25,2,0
13377,2026-03-01 10:00:00,35,11,116.33,17,3,0
13378,2026-03-01 10:00:00,25,10,193.6,29,2,0
13379,2026-03-01 10:00:00,31,59,91.98,19,1,0
13380,2026-03-01 10:00:00,21,17,89.76,20,3,0
13381,2026-03-01 10:00:00,34,36,108.13,24,3,0
13382,2026-03-01 10:00:00,29,56,173.51,17,3,1
13383,2026-03-01 10:00:00,37,47,91.79,10,2,0
13384,2026-03-01 10:00:00,47,26,176.33,18,0,0
13385,2026-03-01 10:00:00,63,48,234.4,23,4,0
13386,2026-03-01 10:00:00,58,21,194.08,20,4,1
13387,2026-03-01 10:00:00,24,13,68.04,19,0,0
13388,2026-03-01 10:00:00,20,9,74.6,20,1,0
13389,2026-03-01 10:00:00,38,11,134.63,13,1,0
13390,2026-03-01 10:00:00,33,11,112.59,15,4,0
13391,2026-03-01 10:00:00,51,6,110.84,23,1,0
13392,2026-03-01 10:00:00,53,1,101.95,9,4,1
13393,2026-03-01 10:00:00,65,54,111.65,14,0,0
13394,2026-03-01 10:00:00,45,6,144.58,23,2,0
13395,2026-03-01 10:00:00,40,13,104.41,24,2,0
13396,2026-03-01 10:00:00,47,22,105.24,14,3,0
13397,2026-03-01 10:00:00,39,56,186.85,16,0,0
13398,2026-03-01 10:00:00,36,31,91.35,25,4,1
13399,2026-03-01 10:00:00,45,22,65.55,15,3,0
13400,2026-03-01 10:00:00,63,37,164.08,26,1,0
13401,2026-03-01 10:00:00,20,47,57.2,12,2,0
13402,2026-03-01 10:00:00,61,27,101.3,22,0,0
13403,2026-03-01 10:00:00,49,50,68.82,21,3,0
13404,2026-03-01 10:00:00,39,52,104.48,26,1,0
13405,2026-03-01 10:00:00,31,14,96.13,19,1,0
13406,2026-03-01 10:00:00,64,47,175.64,17,4,1
13407,2026-03-01 10:00:00,29,58,171.09,24,1,0
13408,2026-03-01 10:00:00,29,5,60.56,21,0,1
13409,2026-03-01 10:00:00,65,58,97.22,24,3,0
13410,2026-03-01 10:00:00,69,36,57.99,22,4,1
13411,2026-03-01 10:00:00,28,32,123.74,8,0,1
13412,2026-03-01 10:00:00,23,34,120.17,22,2,0
13413,2026-03-01 10:00:00,26,7,54.13,22,3,1
13414,2026-03-01 10:00:00,35,42,209.33,23,3,0
13415,2026-03-01 10:00:00,35,48,94.58,17,0,0
13416,2026-03-01 10:00:00,67,10,68.6,18,1,0
13417,2026-03-01 10:00:00,51,50,112.81,23,2,0
13418,2026-03-01 10:00:00,29,17,177.55,22,4,1
13419,2026-03-01 10:00:00,42,30,76.04,16,6,1
13420,2026-03-01 10:00:00,24,21,169.29,17,6,0
13421,2026-03-01 10:00:00,65,13,125.67,31,1,0
13422,2026-03-01 10:00:00,24,1,63.77,15,0,1
13423,2026-03-01 10:00:00,61,1,87.71,14,1,0
13424,2026-03-01 10:00:00,50,47,107.85,22,2,0
13425,2026-03-01 10:00:00,60,33,80.51,20,2,0
13426,2026-03-01 10:00:00,44,38,48.95,16,2,0
13427,2026-03-01 10:00:00,50,25,98.85,24,3,0
13428,2026-03-01 10:00:00,33,26,183.79,24,1,0
13429,2026-03-01 10:00:00,34,13,128.79,15,1,0
13430,2026-03-01 10:00:00,51,59,147.24,24,1,0
13431,2026-03-01 10:00:00,31,28,111.23,10,1,0
13432,2026-03-01 10:00:00,22,33,131.02,21,0,0
13433,2026-03-01 10:00:00,18,37,84.77,14,1,0
13434,2026-03-01 10:00:00,63,41,168.58,16,3,0
13435,2026-03-01 10:00:00,59,30,160.85,15,1,0
13436,2026-03-01 10:00:00,25,57,69.12,24,4,1
13437,2026-03-01 10:00:00,30,49,146.71,16,1,0
13438,2026-03-01 10:00:00,19,48,97.39,20,0,0
13439,2026-03-01 10:00:00,49,8,85.08,19,0,0
13440,2026-03-01 10:00:00,22,49,187.82,18,4,0
13441,2026-03-01 10:00:00,46,47,85.18,18,3,0
13442,2026-03-01 10:00:00,54,56,174.06,29,0,0
13443,2026-03-01 10:00:00,35,1,51.05,18,3,0
13444,2026-03-01 10:00:00,33,12,124.6,20,1,0
13445,2026-03-01 10:00:00,64,5,58.52,21,2,1
13446,2026-03-01 10:00:00,34,24,76.14,19,2,0
13447,2026-03-01 10:00:00,39,6,62.14,19,2,0
13448,2026-03-01 10:00:00,27,25,121.46,20,3,0
13449,2026-03-01 10:00:00,65,1,143.24,16,1,1
13450,2026-03-01 10:00:00,67,25,99.13,26,5,1
13451,2026-03-01 10:00:00,33,1,90.13,19,1,0
13452,2026-03-01 10:00:00,64,32,74.92,23,4,1
13453,2026-03-01 10:00:00,45,42,204.7,21,0,0
13454,2026-03-01 10:00:00,18,42,115.65,12,2,0
13455,2026-03-01 10:00:00,68,3,66.6,20,0,1
13456,2026-03-01 10:00:00,35,49,120.16,13,1,0
13457,2026-03-01 10:00:00,53,19,202.73,20,1,0
13458,2026-03-01 10:00:00,21,43,84.32,15,0,1
13459,2026-03-01 10:00:00,44,29,99.52,14,0,1
13460,2026-03-01 10:00:00,52,50,92.14,22,0,0
13461,2026-03-01 10:00:00,61,2,62.6,16,1,1
13462,2026-03-01 10:00:00,64,9,126.23,21,4,1
13463,2026-03-01 10:00:00,56,56,126.28,17,0,0
13464,2026-03-01 10:00:00,20,17,85.21,16,2,0
13465,2026-03-01 10:00:00,28,46,183.81,12,4,0
13466,2026-03-01 10:00:00,31,36,156.9,22,3,0
13467,2026-03-01 10:00:00,43,17,100.56,21,3,0
13468,2026-03-01 10:00:00,18,49,144.99,13,1,0
13469,2026-03-01 10:00:00,68,12,139.57,26,2,0
13470,2026-03-01 10:00:00,30,20,145.48,19,3,0
13471,2026-03-01 10:00:00,58,50,150.75,22,1,0
13472,2026-03-01 10:00:00,29,3,142.92,19,1,0
13473,2026-03-01 10:00:00,39,43,140.76,22,3,0
13474,2026-03-01 10:00:00,55,57,202.83,22,0,0
13475,2026-03-01 10:00:00,33,50,106.99,16,2,0
13476,2026-03-01 10:00:00,29,4,114.02,18,1,0
13477,2026-03-01 10:00:00,58,17,114.26,22,3,0
13478,2026-03-01 10:00:00,42,50,84.12,16,4,0
13479,2026-03-01 10:00:00,57,37,125.87,19,1,0
13480,2026-03-01 10:00:00,67,46,119.49,16,4,0
13481,2026-03-01 10:00:00,62,42,152.05,18,3,0
13482,2026-03-01 10:00:00,44,15,92.49,20,0,0
13483,2026-03-01 10:00:00,26,33,62.17,13,0,0
13484,2026-03-01 10:00:00,49,16,164.73,26,2,0
13485,2026-03-01 10:00:00,67,11,119.38,14,3,0
13486,2026-03-01 10:00:00,61,55,95.39,31,2,0
13487,2026-03-01 10:00:00,60,20,191.0,22,2,0
13488,2026-03-01 10:00:00,24,38,175.58,12,0,1
13489,2026-03-01 10:00:00,30,24,163.07,25,4,0
13490,2026-03-01 10:00:00,33,54,80.8,19,2,1
13491,2026-03-01 10:00:00,45,16,73.87,16,3,0
13492,2026-03-01 10:00:00,43,30,163.11,19,3,0
13493,2026-03-01 10:00:00,61,34,155.82,15,3,0
13494,2026-03-01 10:00:00,38,1,154.05,17,4,1
13495,2026-03-01 10:00:00,39,24,109.57,26,2,0
13496,2026-03-01 10:00:00,56,24,167.61,18,2,0
13497,2026-03-01 10:00:00,36,9,156.93,16,2,0
13498,2026-03-01 10:00:00,57,22,171.45,19,0,0
13499,2026-03-01 10:00:00,57,12,109.36,27,3,0
13500,2026-03-01 10:00:00,30,17,129.39,23,2,0
13501,2026-03-01 10:00:00,65,25,106.49,30,2,0
13502,2026-03-01 10:00:00,44,28,178.66,15,3,0
13503,2026-03-01 10:00:00,68,15,100.5,20,3,0
13504,2026-03-01 10:00:00,63,30,75.35,15,2,0
13505,2026-03-01 10:00:00,23,51,123.11,22,2,0
13506,2026-03-01 10:00:00,68,27,136.38,13,2,0
13507,2026-03-01 10:00:00,39,22,91.08,8,2,0
13508,2026-03-01 10:00:00,44,10,58.84,27,0,0
13509,2026-03-01 10:00:00,27,58,64.39,22,3,0
13510,2026-03-01 10:00:00,18,31,147.91,22,2,0
13511,2026-03-01 10:00:00,31,27,169.71,20,2,0
13512,2026-03-01 10:00:00,66,12,123.97,27,3,0
13513,2026-03-01 10:00:00,37,46,133.53,18,3,0
13514,2026-03-01 10:00:00,65,31,186.28,26,2,0
13515,2026-03-01 10:00:00,21,32,99.59,16,3,0
13516,2026-03-01 10:00:00,36,32,146.51,24,1,0
13517,2026-03-01 10:00:00,45,41,106.25,20,5,0
13518,2026-03-01 10:00:00,49,59,153.62,17,3,0
13519,2026-03-01 10:00:00,32,45,93.65,23,4,0
13520,2026-03-01 10:00:00,38,35,77.38,21,0,0
13521,2026-03-01 10:00:00,23,53,129.39,25,3,0
13522,2026-03-01 10:00:00,24,46,135.93,25,2,0
13523,2026-03-01 10:00:00,37,21,117.53,18,3,0
13524,2026-03-01 10:00:00,40,10,60.57,13,2,0
13525,2026-03-01 10:00:00,40,16,89.89,15,2,0
13526,2026-03-01 10:00:00,33,7,83.31,23,2,0
13527,2026-03-01 10:00:00,43,4,128.3,27,0,0
13528,2026-03-01 10:00:00,31,27,97.71,20,0,0
13529,2026-03-01 10:00:00,40,52,201.51,19,3,0
13530,2026-03-01 10:00:00,29,55,136.39,17,2,0
13531,2026-03-01 10:00:00,39,25,158.61,22,0,0
13532,2026-03-01 10:00:00,24,31,106.56,14,4,1
13533,2026-03-01 10:00:00,63,11,142.57,18,0,0
13534,2026-03-01 10:00:00,27,48,121.52,27,1,0
13535,2026-03-01 10:00:00,39,20,127.01,20,2,0
13536,2026-03-01 10:00:00,46,36,169.91,14,1,0
13537,2026-03-01 10:00:00,39,54,188.08,23,2,0
13538,2026-03-01 10:00:00,49,54,148.14,17,1,0
13539,2026-03-01 10:00:00,57,55,121.19,23,3,0
13540,2026-03-01 10:00:00,56,17,86.59,22,0,0
13541,2026-03-01 10:00:00,66,45,141.36,19,3,0
13542,2026-03-01 10:00:00,52,11,81.5,24,5,1
13543,2026-03-01 10:00:00,34,30,136.31,15,3,0
13544,2026-03-01 10:00:00,19,35,100.11,8,0,0
13545,2026-03-01 10:00:00,33,41,75.1,21,1,0
13546,2026-03-01 10:00:00,37,38,133.54,19,0,0
13547,2026-03-01 10:00:00,58,22,79.34,25,1,0
13548,2026-03-01 10:00:00,63,53,106.01,22,3,0
13549,2026-03-01 10:00:00,66,43,108.05,22,4,1
13550,2026-03-01 10:00:00,67,48,128.85,36,1,0
13551,2026-03-01 10:00:00,24,51,197.42,20,2,0
13552,2026-03-01 10:00:00,58,27,186.28,21,2,0
13553,2026-03-01 10:00:00,18,37,96.36,17,2,0
13554,2026-03-01 10:00:00,39,46,88.57,15,2,0
13555,2026-03-01 10:00:00,27,49,132.25,16,2,0
13556,2026-03-01 10:00:00,40,35,128.71,20,1,0
13557,2026-03-01 10:00:00,65,4,92.37,21,4,1
13558,2026-03-01 10:00:00,66,16,44.91,18,4,1
13559,2026-03-01 10:00:00,34,16,95.45,17,1,0
13560,2026-03-01 10:00:00,22,21,129.17,19,1,0
13561,2026-03-01 10:00:00,66,26,84.76,19,4,0
13562,2026-03-01 10:00:00,49,57,127.96,18,2,0
13563,2026-03-01 10:00:00,36,36,96.43,17,0,0
13564,2026-03-01 10:00:00,62,19,135.57,15,2,0
13565,2026-03-01 10:00:00,19,58,193.36,19,2,0
13566,2026-03-01 10:00:00,28,17,108.4,25,1,0
13567,2026-03-01 10:00:00,48,45,152.5,22,0,0
13568,2026-03-01 10:00:00,26,26,155.27,15,0,0
13569,2026-03-01 10:00:00,50,22,75.09,14,4,1
13570,2026-03-01 10:00:00,21,55,94.59,28,3,0
13571,2026-03-01 10:00:00,41,58,128.91,20,1,0
13572,2026-03-01 10:00:00,45,56,145.8,18,3,0
13573,2026-03-01 10:00:00,22,28,50.28,21,1,1
13574,2026-03-01 10:00:00,21,1,130.49,25,1,0
13575,2026-03-01 10:00:00,68,44,62.84,23,4,0
13576,2026-03-01 10:00:00,52,36,72.44,21,2,0
13577,2026-03-01 10:00:00,47,43,97.47,22,8,0
13578,2026-03-01 10:00:00,31,37,116.77,24,0,0
13579,2026-03-01 10:00:00,40,2,168.88,15,1,0
13580,2026-03-01 10:00:00,60,17,122.82,20,4,1
13581,2026-03-01 10:00:00,33,40,138.67,30,0,0
13582,2026-03-01 10:00:00,47,38,72.06,21,3,0
13583,2026-03-01 10:00:00,34,21,95.12,23,3,0
13584,2026-03-01 10:00:00,56,9,108.1,15,1,0
13585,2026-03-01 10:00:00,20,13,108.67,20,3,0
13586,2026-03-01 10:00:00,63,11,155.05,13,3,0
13587,2026-03-01 10:00:00,44,16,146.0,18,2,0
13588,2026-03-01 10:00:00,18,16,166.82,22,4,0
13589,2026-03-01 10:00:00,25,59,103.02,22,0,0
13590,2026-03-01 10:00:00,44,2,70.11,24,3,0
13591,2026-03-01 10:00:00,69,42,200.21,27,2,0
13592,2026-03-01 10:00:00,63,44,91.02,19,1,0
13593,2026-03-01 10:00:00,39,8,67.9,19,3,0
13594,2026-03-01 10:00:00,60,43,103.12,21,6,0
13595,2026-03-01 10:00:00,40,42,142.09,15,2,0
13596,2026-03-01 10:00:00,46,13,150.35,22,2,0
13597,2026-03-01 10:00:00,32,57,140.71,10,2,1
13598,2026-03-01 10:00:00,51,17,144.66,18,3,0
13599,2026-03-01 10:00:00,59,39,165.41,26,2,0
13600,2026-03-01 10:00:00,46,24,97.98,27,1,0
13601,2026-03-01 10:00:00,52,3,116.06,32,5,1
13602,2026-03-01 10:00:00,42,30,167.0,15,0,0
13603,2026-03-01 10:00:00,63,52,120.8,15,1,0
13604,2026-03-01 10:00:00,65,13,132.87,17,3,0
13605,2026-03-01 10:00:00,59,19,244.77,19,1,0
13606,2026-03-01 10:00:00,55,7,151.24,25,4,1
13607,2026-03-01 10:00:00,42,9,90.95,23,0,0
13608,2026-03-01 10:00:00,31,19,176.06,16,4,1
13609,2026-03-01 10:00:00,64,45,124.32,25,3,0
13610,2026-03-01 10:00:00,68,54,155.49,14,1,1
13611,2026-03-01 10:00:00,33,40,58.24,24,0,0
13612,2026-03-01 10:00:00,30,22,102.99,28,0,0
13613,2026-03-01 10:00:00,22,18,177.55,19,4,1
13614,2026-03-01 10:00:00,27,23,72.03,19,1,1
13615,2026-03-01 10:00:00,65,2,122.7,19,0,0
13616,2026-03-01 10:00:00,67,50,135.58,21,1,0
13617,2026-03-01 10:00:00,34,50,44.84,19,1,0
13618,2026-03-01 10:00:00,66,11,133.98,20,2,0
13619,2026-03-01 10:00:00,25,31,127.76,16,4,1
13620,2026-03-01 10:00:00,39,33,148.59,17,5,0
13621,2026-03-01 10:00:00,23,14,88.96,19,1,0
13622,2026-03-01 10:00:00,51,16,154.72,17,2,0
13623,2026-03-01 10:00:00,27,11,107.85,23,2,1
13624,2026-03-01 10:00:00,22,33,89.44,23,0,0
13625,2026-03-01 10:00:00,37,7,171.2,24,1,0
13626,2026-03-01 10:00:00,45,31,142.83,15,2,0
13627,2026-03-01 10:00:00,31,48,92.99,27,0,0
13628,2026-03-01 10:00:00,43,46,76.75,14,0,0
13629,2026-03-01 10:00:00,51,47,107.21,28,3,0
13630,2026-03-01 10:00:00,67,14,157.28,18,4,0
13631,2026-03-01 10:00:00,47,28,162.87,21,0,0
13632,2026-03-01 10:00:00,62,53,74.16,23,2,0
13633,2026-03-01 10:00:00,57,43,72.68,15,2,0
13634,2026-03-01 10:00:00,53,16,141.05,19,2,0
13635,2026-03-01 10:00:00,68,19,198.84,23,2,0
13636,2026-03-01 10:00:00,31,17,105.46,21,2,0
13637,2026-03-01 10:00:00,21,59,185.64,20,4,0
13638,2026-03-01 10:00:00,61,26,140.91,17,3,0
13639,2026-03-01 10:00:00,52,6,37.81,22,0,0
13640,2026-03-01 10:00:00,53,43,74.12,30,1,0
13641,2026-03-01 10:00:00,45,49,112.78,18,1,0
13642,2026-03-01 10:00:00,21,9,160.09,21,1,0
13643,2026-03-01 10:00:00,39,50,137.06,17,6,0
13644,2026-03-01 10:00:00,55,17,164.68,17,2,0
13645,2026-03-01 10:00:00,52,31,91.12,16,1,0
13646,2026-03-01 10:00:00,23,12,97.86,16,3,0
13647,2026-03-01 10:00:00,26,23,125.93,20,5,0
13648,2026-03-01 10:00:00,26,54,103.41,21,3,0
13649,2026-03-01 10:00:00,40,54,142.05,19,2,0
13650,2026-03-01 10:00:00,50,5,107.94,16,1,0
13651,2026-03-01 10:00:00,22,43,138.02,18,1,0
13652,2026-03-01 10:00:00,32,36,149.07,20,2,0
13653,2026-03-01 10:00:00,52,59,147.06,24,2,0
13654,2026-03-01 10:00:00,25,36,127.34,16,0,0
13655,2026-03-01 10:00:00,69,3,100.89,15,0,1
13656,2026-03-01 10:00:00,63,58,147.67,15,1,0
13657,2026-03-01 10:00:00,69,24,20.0,32,3,0
13658,2026-03-01 10:00:00,39,55,94.62,27,2,0
13659,2026-03-01 10:00:00,66,57,72.72,17,1,0
13660,2026-03-01 10:00:00,63,17,125.76,17,2,0
13661,2026-03-01 10:00:00,57,39,112.27,18,1,1
13662,2026-03-01 10:00:00,41,26,167.45,18,1,0
13663,2026-03-01 10:00:00,63,4,91.92,20,3,0
13664,2026-03-01 10:00:00,66,55,171.92,15,0,0
13665,2026-03-01 10:00:00,30,45,100.43,32,1,0
13666,2026-03-01 10:00:00,30,12,143.29,18,4,1
13667,2026-03-01 10:00:00,50,1,136.38,17,1,1
13668,2026-03-01 10:00:00,65,21,137.76,15,3,0
13669,2026-03-01 10:00:00,38,19,94.95,27,2,0
13670,2026-03-01 10:00:00,30,21,150.08,15,0,0
13671,2026-03-01 10:00:00,62,52,121.91,20,3,0
13672,2026-03-01 10:00:00,25,18,70.92,12,2,0
13673,2026-03-01 10:00:00,24,43,111.96,13,2,0
13674,2026-03-01 10:00:00,30,52,194.77,15,1,0
13675,2026-03-01 10:00:00,68,3,74.34,16,0,0
13676,2026-03-01 10:00:00,63,49,24.26,22,2,0
13677,2026-03-01 10:00:00,68,44,113.73,25,3,0
13678,2026-03-01 10:00:00,67,32,133.8,17,1,0
13679,2026-03-01 10:00:00,18,10,228.78,31,1,0
13680,2026-03-01 10:00:00,45,40,119.97,15,2,0
13681,2026-03-01 10:00:00,53,15,99.32,16,1,0
13682,2026-03-01 10:00:00,58,5,99.8,15,2,0
13683,2026-03-01 10:00:00,63,4,112.29,16,7,1
13684,2026-03-01 10:00:00,52,58,112.09,16,0,0
13685,2026-03-01 10:00:00,38,28,145.84,25,0,0
13686,2026-03-01 10:00:00,19,53,153.91,14,2,0
13687,2026-03-01 10:00:00,42,52,167.78,21,0,0
13688,2026-03-01 10:00:00,40,51,107.82,27,0,0
13689,2026-03-01 10:00:00,38,53,167.78,17,1,0
13690,2026-03-01 10:00:00,34,4,178.86,24,4,1
13691,2026-03-01 10:00:00,41,15,100.48,20,2,0
13692,2026-03-01 10:00:00,50,17,211.41,24,2,0
13693,2026-03-01 10:00:00,33,44,120.03,21,2,0
13694,2026-03-01 10:00:00,34,3,108.91,15,3,0
13695,2026-03-01 10:00:00,33,10,185.85,18,5,0
13696,2026-03-01 10:00:00,22,47,146.34,15,0,0
13697,2026-03-01 10:00:00,65,42,166.9,15,1,0
13698,2026-03-01 10:00:00,52,56,129.8,15,1,0
13699,2026-03-01 10:00:00,26,23,170.4,26,3,0
13700,2026-03-01 10:00:00,47,18,146.74,12,3,0
13701,2026-03-01 10:00:00,58,1,73.52,19,1,1
13702,2026-03-01 10:00:00,64,35,98.26,14,1,0
13703,2026-03-01 10:00:00,39,53,86.65,17,3,0
13704,2026-03-01 10:00:00,69,58,93.15,20,0,0
13705,2026-03-01 10:00:00,55,31,194.5,22,1,0
13706,2026-03-01 10:00:00,57,59,160.49,25,0,0
13707,2026-03-01 10:00:00,54,44,105.96,18,0,1
13708,2026-03-01 10:00:00,69,1,149.25,16,3,1
13709,2026-03-01 10:00:00,57,3,139.91,23,3,1
13710,2026-03-01 10:00:00,33,3,108.18,23,1,0
13711,2026-03-01 10:00:00,39,37,130.66,19,0,0
13712,2026-03-01 10:00:00,44,19,128.24,27,3,0
13713,2026-03-01 10:00:00,24,29,147.13,20,4,1
13714,2026-03-01 10:00:00,55,25,101.7,20,1,0
13715,2026-03-01 10:00:00,46,33,80.48,16,1,0
13716,2026-03-01 10:00:00,67,36,43.56,23,2,1
13717,2026-03-01 10:00:00,57,29,135.35,19,2,0
13718,2026-03-01 10:00:00,58,58,124.92,27,3,0
13719,2026-03-01 10:00:00,63,26,211.37,18,4,0
13720,2026-03-01 10:00:00,50,4,153.95,22,2,0
13721,2026-03-01 10:00:00,52,49,111.82,17,2,0
13722,2026-03-01 10:00:00,43,14,132.18,15,2,0
13723,2026-03-01 10:00:00,65,50,162.13,22,3,0
13724,2026-03-01 10:00:00,32,27,117.82,23,3,0
13725,2026-03-01 10:00:00,41,33,88.51,26,4,1
13726,2026-03-01 10:00:00,20,22,68.56,19,1,0
13727,2026-03-01 10:00:00,22,48,166.08,20,3,0
13728,2026-03-01 10:00:00,38,3,170.37,16,1,1
13729,2026-03-01 10:00:00,66,23,99.4,23,3,0
13730,2026-03-01 10:00:00,27,21,130.2,19,1,0
13731,2026-03-01 10:00:00,43,41,100.67,19,2,0
13732,2026-03-01 10:00:00,56,23,219.06,24,3,0
13733,2026-03-01 10:00:00,21,4,103.03,17,2,0
13734,2026-03-01 10:00:00,52,21,134.97,14,0,0
13735,2026-03-01 10:00:00,36,37,160.41,22,1,0
13736,2026-03-01 10:00:00,22,43,151.2,16,3,0
13737,2026-03-01 10:00:00,23,31,146.91,24,3,0
13738,2026-03-01 10:00:00,66,21,101.26,18,1,0
13739,2026-03-01 10:00:00,32,26,151.78,24,2,0
13740,2026-03-01 10:00:00,23,41,162.95,16,3,0
13741,2026-03-01 10:00:00,62,58,140.23,26,1,0
13742,2026-03-01 10:00:00,39,35,61.49,13,3,0
13743,2026-03-01 10:00:00,21,38,51.05,20,1,0
13744,2026-03-01 10:00:00,32,24,127.71,18,2,0
13745,2026-03-01 10:00:00,48,11,64.75,17,1,0
13746,2026-03-01 10:00:00,46,41,113.54,20,0,0
13747,2026-03-01 10:00:00,40,29,172.03,21,0,0
13748,2026-03-01 10:00:00,19,47,132.36,24,3,0
13749,2026-03-01 10:00:00,22,55,69.94,23,1,0
13750,2026-03-01 10:00:00,67,3,69.89,23,0,0
13751,2026-03-01 10:00:00,59,1,166.69,25,1,0
13752,2026-03-01 10:00:00,21,52,120.03,18,2,0
13753,2026-03-01 10:00:00,65,54,162.35,14,3,0
13754,2026-03-01 10:00:00,22,19,116.32,21,2,0
13755,2026-03-01 10:00:00,49,46,38.8,21,5,1
13756,2026-03-01 10:00:00,64,49,198.26,17,1,0
13757,2026-03-01 10:00:00,33,22,112.44,16,3,0
13758,2026-03-01 10:00:00,53,14,73.47,24,2,0
13759,2026-03-01 10:00:00,21,49,154.29,24,3,0
13760,2026-03-01 10:00:00,26,57,166.0,20,0,0
13761,2026-03-01 10:00:00,46,59,180.5,20,1,0
13762,2026-03-01 10:00:00,19,14,106.17,21,0,0
13763,2026-03-01 10:00:00,45,44,57.48,31,2,0
13764,2026-03-01 10:00:00,31,16,146.05,25,2,0
13765,2026-03-01 10:00:00,18,33,136.03,20,3,0
13766,2026-03-01 10:00:00,55,13,85.35,20,2,0
13767,2026-03-01 10:00:00,54,38,100.07,24,6,0
13768,2026-03-01 10:00:00,58,49,97.57,24,5,1
13769,2026-03-01 10:00:00,56,12,140.25,25,2,0
13770,2026-03-01 10:00:00,37,55,128.53,17,2,0
13771,2026-03-01 10:00:00,63,51,145.18,26,4,1
13772,2026-03-01 10:00:00,62,38,64.57,19,2,0
13773,2026-03-01 10:00:00,34,39,133.99,17,1,0
13774,2026-03-01 10:00:00,33,33,125.38,18,0,0
13775,2026-03-01 10:00:00,60,33,206.32,23,1,0
13776,2026-03-01 10:00:00,20,29,99.99,16,2,0
13777,2026-03-01 10:00:00,27,5,109.49,22,2,0
13778,2026-03-01 10:00:00,63,6,145.16,21,2,0
13779,2026-03-01 10:00:00,22,31,127.21,19,3,0
13780,2026-03-01 10:00:00,69,16,20.0,13,1,0
13781,2026-03-01 10:00:00,34,31,89.13,24,1,0
13782,2026-03-01 10:00:00,26,25,139.61,22,1,0
13783,2026-03-01 10:00:00,59,48,95.21,13,4,0
13784,2026-03-01 10:00:00,26,46,131.35,28,2,0
13785,2026-03-01 10:00:00,39,33,179.69,15,0,0
13786,2026-03-01 10:00:00,55,13,61.07,19,2,0
13787,2026-03-01 10:00:00,37,52,136.27,15,1,0
13788,2026-03-01 10:00:00,64,10,85.13,21,2,0
13789,2026-03-01 10:00:00,27,24,142.52,18,0,0
13790,2026-03-01 10:00:00,60,10,223.03,19,2,0
13791,2026-03-01 10:00:00,28,41,58.58,21,1,0
13792,2026-03-01 10:00:00,30,31,29.97,20,3,0
13793,2026-03-01 10:00:00,45,13,48.15,28,0,0
13794,2026-03-01 10:00:00,61,3,194.42,17,1,1
13795,2026-03-01 10:00:00,23,59,52.31,17,1,0
13796,2026-03-01 10:00:00,34,50,96.46,18,1,0
13797,2026-03-01 10:00:00,25,52,151.52,21,4,0
13798,2026-03-01 10:00:00,44,34,135.02,25,2,0
13799,2026-03-01 10:00:00,32,49,101.94,21,2,0
13800,2026-03-01 10:00:00,35,28,127.03,27,3,1
13801,2026-03-01 10:00:00,35,19,151.37,23,1,0
13802,2026-03-01 10:00:00,49,23,106.74,22,2,0
13803,2026-03-01 10:00:00,66,45,107.26,25,2,0
13804,2026-03-01 10:00:00,36,32,134.65,19,2,0
13805,2026-03-01 10:00:00,25,13,181.18,21,2,0
13806,2026-03-01 10:00:00,49,33,101.41,22,1,0
13807,2026-03-01 10:00:00,48,34,94.46,18,1,0
13808,2026-03-01 10:00:00,68,33,131.9,21,2,0
13809,2026-03-01 10:00:00,19,56,105.94,25,1,0
13810,2026-03-01 10:00:00,55,5,122.82,19,2,0
13811,2026-03-01 10:00:00,63,56,131.45,23,2,0
13812,2026-03-01 10:00:00,53,3,30.39,24,1,0
13813,2026-03-01 10:00:00,45,7,51.26,17,2,0
13814,2026-03-01 10:00:00,39,24,56.87,16,2,0
13815,2026-03-01 10:00:00,60,22,117.46,18,4,0
13816,2026-03-01 10:00:00,49,45,80.41,13,2,0
13817,2026-03-01 10:00:00,31,23,139.92,27,2,0
13818,2026-03-01 10:00:00,21,30,156.54,27,1,0
13819,2026-03-01 10:00:00,58,18,127.84,25,4,1
13820,2026-03-01 10:00:00,27,32,222.31,17,3,0
13821,2026-03-01 10:00:00,58,56,145.32,19,2,0
13822,2026-03-01 10:00:00,47,53,118.48,11,5,0
13823,2026-03-01 10:00:00,63,7,141.18,22,4,0
13824,2026-03-01 10:00:00,54,33,111.01,13,1,0
13825,2026-03-01 10:00:00,40,5,141.28,11,3,0
13826,2026-03-01 10:00:00,22,49,121.52,17,1,0
13827,2026-03-01 10:00:00,24,28,20.0,19,2,0
13828,2026-03-01 10:00:00,56,8,140.08,21,3,0
13829,2026-03-01 10:00:00,69,15,128.19,22,4,0
13830,2026-03-01 10:00:00,41,52,135.75,31,1,0
13831,2026-03-01 10:00:00,31,4,183.04,13,3,0
13832,2026-03-01 10:00:00,57,34,162.55,22,1,0
13833,2026-03-01 10:00:00,18,5,103.78,19,4,0
13834,2026-03-01 10:00:00,59,33,90.24,19,2,0
13835,2026-03-01 10:00:00,37,57,109.86,17,2,0
13836,2026-03-01 10:00:00,37,5,134.67,17,2,1
13837,2026-03-01 10:00:00,64,38,67.43,12,2,0
13838,2026-03-01 10:00:00,52,34,103.54,17,2,0
13839,2026-03-01 10:00:00,61,58,121.72,16,1,0
13840,2026-03-01 10:00:00,69,26,51.45,27,1,0
13841,2026-03-01 10:00:00,66,1,60.65,21,3,0
13842,2026-03-01 10:00:00,53,4,123.79,22,0,0
13843,2026-03-01 10:00:00,53,39,102.86,14,2,0
13844,2026-03-01 10:00:00,29,54,156.57,20,2,0
13845,2026-03-01 10:00:00,49,26,153.17,21,1,0
13846,2026-03-01 10:00:00,26,33,109.85,29,2,0
13847,2026-03-01 10:00:00,47,33,63.09,23,1,0
13848,2026-03-01 10:00:00,49,8,106.06,21,0,0
13849,2026-03-01 10:00:00,32,20,130.05,29,2,0
13850,2026-03-01 10:00:00,26,16,94.94,24,2,0
13851,2026-03-01 10:00:00,26,21,141.9,17,1,0
13852,2026-03-01 10:00:00,21,45,97.25,23,2,0
13853,2026-03-01 10:00:00,58,55,120.87,16,1,0
13854,2026-03-01 10:00:00,43,56,159.14,24,2,0
13855,2026-03-01 10:00:00,41,26,90.33,26,2,0
13856,2026-03-01 10:00:00,46,23,125.87,16,1,0
13857,2026-03-01 10:00:00,20,18,146.01,25,1,0
13858,2026-03-01 10:00:00,31,31,130.01,25,4,0
13859,2026-03-01 10:00:00,27,52,160.31,18,1,0
13860,2026-03-01 10:00:00,65,42,98.47,14,1,0
13861,2026-03-01 10:00:00,66,12,114.36,25,0,0
13862,2026-03-01 10:00:00,31,1,81.89,15,1,0
13863,2026-03-01 10:00:00,23,42,93.63,17,2,0
13864,2026-03-01 10:00:00,27,9,79.33,25,1,0
13865,2026-03-01 10:00:00,23,3,87.43,11,2,1
13866,2026-03-01 10:00:00,37,51,124.07,16,1,0
13867,2026-03-01 10:00:00,54,26,48.61,13,2,0
13868,2026-03-01 10:00:00,29,9,92.33,16,3,0
13869,2026-03-01 10:00:00,53,42,131.83,21,5,1
13870,2026-03-01 10:00:00,48,51,134.78,20,1,0
13871,2026-03-01 10:00:00,46,16,112.69,20,1,0
13872,2026-03-01 10:00:00,44,24,134.08,19,2,0
13873,2026-03-01 10:00:00,34,50,138.59,26,2,0
13874,2026-03-01 10:00:00,32,14,138.2,25,1,0
13875,2026-03-01 10:00:00,20,3,120.03,21,2,1
13876,2026-03-01 10:00:00,45,34,78.94,19,4,0
13877,2026-03-01 10:00:00,54,33,127.44,20,1,0
13878,2026-03-01 10:00:00,69,50,205.64,29,5,1
13879,2026-03-01 10:00:00,35,24,156.57,26,0,0
13880,2026-03-01 10:00:00,30,9,145.49,23,2,0
13881,2026-03-01 10:00:00,64,13,188.2,19,3,0
13882,2026-03-01 10:00:00,58,2,118.28,17,1,0
13883,2026-03-01 10:00:00,44,7,106.6,22,1,0
13884,2026-03-01 10:00:00,25,48,76.35,22,1,0
13885,2026-03-01 10:00:00,23,21,98.73,23,3,0
13886,2026-03-01 10:00:00,38,19,101.68,18,1,0
13887,2026-03-01 10:00:00,30,25,174.52,20,1,0
13888,2026-03-01 10:00:00,56,47,22.58,24,0,0
13889,2026-03-01 10:00:00,66,22,102.67,17,0,0
13890,2026-03-01 10:00:00,40,11,77.8,28,3,0
13891,2026-03-01 10:00:00,23,33,86.39,23,1,0
13892,2026-03-01 10:00:00,27,32,126.55,16,1,1
13893,2026-03-01 10:00:00,33,21,74.69,17,0,0
13894,2026-03-01 10:00:00,43,39,85.32,15,3,0
13895,2026-03-01 10:00:00,50,20,88.57,19,1,0
13896,2026-03-01 10:00:00,48,8,140.77,23,3,0
13897,2026-03-01 10:00:00,50,42,37.62,16,1,0
13898,2026-03-01 10:00:00,29,37,117.11,20,1,0
13899,2026-03-01 10:00:00,35,9,122.06,23,2,0
13900,2026-03-01 10:00:00,36,25,164.75,13,2,0
13901,2026-03-01 10:00:00,57,25,137.72,27,2,1
13902,2026-03-01 10:00:00,19,33,150.09,22,1,0
13903,2026-03-01 10:00:00,68,2,143.86,14,2,0
13904,2026-03-01 10:00:00,44,19,81.56,21,2,0
13905,2026-03-01 10:00:00,34,46,66.44,19,1,0
13906,2026-03-01 10:00:00,59,20,135.32,20,0,0
13907,2026-03-01 10:00:00,37,42,119.42,22,0,0
13908,2026-03-01 10:00:00,36,41,132.01,24,1,0
13909,2026-03-01 10:00:00,36,42,167.92,23,3,0
13910,2026-03-01 10:00:00,38,29,120.8,21,5,0
13911,2026-03-01 10:00:00,45,6,93.19,17,6,1
13912,2026-03-01 10:00:00,19,17,128.49,16,1,0
13913,2026-03-01 10:00:00,48,25,109.06,22,2,0
13914,2026-03-01 10:00:00,65,38,197.28,20,1,0
13915,2026-03-01 10:00:00,47,4,209.06,18,5,1
13916,2026-03-01 10:00:00,58,30,121.36,29,2,0
13917,2026-03-01 10:00:00,39,20,110.41,21,4,1
13918,2026-03-01 10:00:00,52,3,149.67,20,1,1
13919,2026-03-01 10:00:00,51,23,162.64,18,1,1
13920,2026-03-01 10:00:00,39,51,132.04,23,1,0
13921,2026-03-01 10:00:00,67,18,88.7,18,3,0
13922,2026-03-01 10:00:00,65,26,104.51,22,1,0
13923,2026-03-01 10:00:00,45,56,112.36,20,0,0
13924,2026-03-01 10:00:00,65,36,111.29,19,5,1
13925,2026-03-01 10:00:00,42,8,58.64,19,1,0
13926,2026-03-01 10:00:00,33,17,159.93,26,2,0
13927,2026-03-01 10:00:00,35,31,178.7,16,0,0
13928,2026-03-01 10:00:00,34,37,132.07,20,8,0
13929,2026-03-01 10:00:00,63,45,151.55,22,4,1
13930,2026-03-01 10:00:00,26,57,128.01,22,2,0
13931,2026-03-01 10:00:00,59,33,92.13,27,1,0
13932,2026-03-01 10:00:00,38,27,119.1,19,3,0
13933,2026-03-01 10:00:00,30,45,71.69,23,3,0
13934,2026-03-01 10:00:00,24,4,158.21,20,5,1
13935,2026-03-01 10:00:00,48,22,197.12,21,2,0
13936,2026-03-01 10:00:00,61,26,73.14,17,3,0
13937,2026-03-01 10:00:00,62,32,138.3,13,0,0
13938,2026-03-01 10:00:00,64,24,191.75,20,5,0
13939,2026-03-01 10:00:00,68,46,120.03,15,1,0
13940,2026-03-01 10:00:00,23,35,181.05,31,4,1
13941,2026-03-01 10:00:00,35,37,180.38,16,1,0
13942,2026-03-01 10:00:00,66,32,99.85,27,0,0
13943,2026-03-01 10:00:00,42,7,45.74,15,3,0
13944,2026-03-01 10:00:00,39,33,135.95,22,1,0
13945,2026-03-01 10:00:00,24,31,137.67,23,0,0
13946,2026-03-01 10:00:00,27,55,98.68,19,4,0
13947,2026-03-01 10:00:00,65,12,186.61,18,2,0
13948,2026-03-01 10:00:00,30,11,184.97,18,3,0
13949,2026-03-01 10:00:00,22,24,208.23,26,2,0
13950,2026-03-01 10:00:00,58,8,129.67,20,2,0
13951,2026-03-01 10:00:00,36,32,110.85,18,4,0
13952,2026-03-01 10:00:00,20,57,142.76,31,2,0
13953,2026-03-01 10:00:00,34,38,169.23,22,0,0
13954,2026-03-01 10:00:00,36,22,143.54,21,2,0
13955,2026-03-01 10:00:00,32,34,146.21,16,1,0
13956,2026-03-01 10:00:00,52,19,86.81,19,2,0
13957,2026-03-01 10:00:00,24,52,163.09,17,1,0
13958,2026-03-01 10:00:00,50,20,105.06,16,3,0
13959,2026-03-01 10:00:00,24,56,161.57,20,2,0
13960,2026-03-01 10:00:00,48,14,75.84,16,0,0
13961,2026-03-01 10:00:00,18,33,186.59,19,2,0
13962,2026-03-01 10:00:00,30,10,122.84,16,3,0
13963,2026-03-01 10:00:00,45,16,111.62,19,1,0
13964,2026-03-01 10:00:00,33,4,126.91,21,0,1
13965,2026-03-01 10:00:00,68,27,84.4,21,2,0
13966,2026-03-01 10:00:00,42,28,85.21,25,2,0
13967,2026-03-01 10:00:00,42,43,61.32,22,5,1
13968,2026-03-01 10:00:00,42,16,132.14,13,4,1
13969,2026-03-01 10:00:00,21,59,169.59,27,3,1
13970,2026-03-01 10:00:00,52,52,129.85,22,3,0
13971,2026-03-01 10:00:00,22,33,137.43,19,1,0
13972,2026-03-01 10:00:00,24,48,80.01,24,2,0
13973,2026-03-01 10:00:00,63,19,125.3,20,3,0
13974,2026-03-01 10:00:00,19,21,114.7,18,2,0
13975,2026-03-01 10:00:00,57,22,142.76,28,3,0
13976,2026-03-01 10:00:00,26,9,63.67,16,1,0
13977,2026-03-01 10:00:00,30,9,104.77,23,0,0
13978,2026-03-01 10:00:00,51,9,126.24,18,3,0
13979,2026-03-01 10:00:00,42,27,67.92,11,0,0
13980,2026-03-01 10:00:00,31,17,151.89,18,2,0
13981,2026-03-01 10:00:00,57,44,137.54,22,1,0
13982,2026-03-01 10:00:00,42,57,20.0,25,2,0
13983,2026-03-01 10:00:00,19,45,70.77,16,0,0
13984,2026-03-01 10:00:00,25,8,124.99,32,4,1
13985,2026-03-01 10:00:00,44,16,208.8,16,1,0
13986,2026-03-01 10:00:00,31,18,142.97,28,1,0
13987,2026-03-01 10:00:00,45,59,20.0,24,1,0
13988,2026-03-01 10:00:00,55,33,87.78,18,0,0
13989,2026-03-01 10:00:00,20,1,136.34,12,1,1
13990,2026-03-01 10:00:00,23,12,63.56,19,0,0
13991,2026-03-01 10:00:00,56,6,150.36,20,1,0
13992,2026-03-01 10:00:00,24,41,123.41,23,0,0
13993,2026-03-01 10:00:00,51,55,177.01,14,0,0
13994,2026-03-01 10:00:00,33,5,82.28,14,1,0
13995,2026-03-01 10:00:00,36,59,146.06,20,1,0
13996,2026-03-01 10:00:00,53,16,145.3,19,2,1
13997,2026-03-01 10:00:00,36,18,199.74,14,2,0
13998,2026-03-01 10:00:00,68,49,161.92,21,1,0
13999,2026-03-01 10:00:00,36,18,125.22,16,4,0
14000,2026-03-01 10:00:00,45,1,60.46,23,1,1
14001,2026-03-01 10:00:00,19,19,88.27,20,4,0
14002,2026-03-01 10:00:00,35,54,142.83,23,1,0
14003,2026-03-01 10:00:00,24,8,121.59,18,2,0
14004,2026-03-01 10:00:00,30,3,164.0,24,0,0
14005,2026-03-01 10:00:00,52,58,78.33,12,2,0
14006,2026-03-01 10:00:00,32,25,105.47,27,2,0
14007,2026-03-01 10:00:00,50,58,176.99,18,1,0
14008,2026-03-01 10:00:00,68,5,131.86,16,0,0
14009,2026-03-01 10:00:00,39,55,118.49,22,1,0
14010,2026-03-01 10:00:00,61,40,40.67,23,3,0
14011,2026-03-01 10:00:00,51,19,97.79,20,3,0
14012,2026-03-01 10:00:00,59,18,90.11,26,0,1
14013,2026-03-01 10:00:00,27,50,182.63,14,2,0
14014,2026-03-01 10:00:00,47,53,173.57,18,0,0
14015,2026-03-01 10:00:00,66,31,115.62,18,3,0
14016,2026-03-01 10:00:00,49,33,125.24,22,0,0
14017,2026-03-01 10:00:00,48,47,133.23,25,2,0
14018,2026-03-01 10:00:00,33,18,131.57,13,2,0
14019,2026-03-01 10:00:00,36,57,126.32,14,3,0
14020,2026-03-01 10:00:00,57,39,148.93,24,3,0
14021,2026-03-01 10:00:00,47,16,117.09,20,0,1
14022,2026-03-01 10:00:00,59,16,58.89,19,2,0
14023,2026-03-01 10:00:00,19,47,88.27,16,2,0
14024,2026-03-01 10:00:00,47,38,125.15,19,4,0
14025,2026-03-01 10:00:00,60,41,189.06,14,2,0
14026,2026-03-01 10:00:00,49,7,173.44,29,1,0
14027,2026-03-01 10:00:00,54,14,49.29,27,3,0
14028,2026-03-01 10:00:00,41,43,107.86,16,4,1
14029,2026-03-01 10:00:00,43,53,85.25,24,1,0
14030,2026-03-01 10:00:00,23,48,137.77,25,3,0
14031,2026-03-01 10:00:00,23,25,126.27,22,2,0
14032,2026-03-01 10:00:00,36,32,111.1,13,3,0
14033,2026-03-01 10:00:00,50,38,130.81,25,2,0
14034,2026-03-01 10:00:00,19,22,132.47,15,3,0
14035,2026-03-01 10:00:00,27,59,106.9,24,4,0
14036,2026-03-01 10:00:00,32,16,142.87,21,2,0
14037,2026-03-01 10:00:00,21,52,174.7,22,1,0
14038,2026-03-01 10:00:00,50,29,182.61,18,3,0
14039,2026-03-01 10:00:00,22,16,99.94,28,1,0
14040,2026-03-01 10:00:00,65,12,185.43,10,5,0
14041,2026-03-01 10:00:00,32,17,178.58,18,1,0
14042,2026-03-01 10:00:00,33,37,92.54,18,2,0
14043,2026-03-01 10:00:00,47,27,164.03,15,2,0
14044,2026-03-01 10:00:00,53,25,120.11,17,1,0
14045,2026-03-01 10:00:00,52,13,185.62,22,3,0
14046,2026-03-01 10:00:00,19,8,120.57,20,1,0
14047,2026-03-01 10:00:00,34,56,174.1,25,2,0
14048,2026-03-01 10:00:00,56,5,139.23,22,5,1
14049,2026-03-01 10:00:00,21,12,108.12,13,4,0
14050,2026-03-01 10:00:00,53,41,88.12,17,0,0
14051,2026-03-01 10:00:00,64,3,86.33,25,1,0
14052,2026-03-01 10:00:00,32,35,108.47,19,3,0
14053,2026-03-01 10:00:00,47,33,108.21,15,1,0
14054,2026-03-01 10:00:00,46,57,139.95,18,2,0
14055,2026-03-01 10:00:00,31,22,117.01,19,1,0
14056,2026-03-01 10:00:00,43,50,181.15,14,2,0
14057,2026-03-01 10:00:00,39,56,133.13,27,1,0
14058,2026-03-01 10:00:00,42,44,142.16,10,4,0
14059,2026-03-01 10:00:00,26,9,116.7,22,1,0
14060,2026-03-01 10:00:00,33,41,185.0,23,1,0
14061,2026-03-01 10:00:00,57,18,93.5,10,3,0
14062,2026-03-01 10:00:00,53,50,26.75,21,3,0
14063,2026-03-01 10:00:00,22,29,91.72,20,2,1
14064,2026-03-01 10:00:00,22,39,119.33,13,1,0
14065,2026-03-01 10:00:00,38,27,107.3,32,5,0
14066,2026-03-01 10:00:00,44,36,96.26,20,1,1
14067,2026-03-01 10:00:00,60,45,92.27,20,1,0
14068,2026-03-01 10:00:00,41,17,114.46,22,1,0
14069,2026-03-01 10:00:00,45,56,224.02,16,0,0
14070,2026-03-01 10:00:00,63,34,94.36,29,3,0
14071,2026-03-01 10:00:00,63,46,144.28,26,2,0
14072,2026-03-01 10:00:00,58,3,152.49,22,1,1
14073,2026-03-01 10:00:00,40,5,146.51,16,1,0
14074,2026-03-01 10:00:00,25,14,138.85,21,2,0
14075,2026-03-01 10:00:00,19,3,123.86,21,1,0
14076,2026-03-01 10:00:00,55,23,132.78,21,3,0
14077,2026-03-01 10:00:00,56,39,94.93,16,2,0
14078,2026-03-01 10:00:00,19,30,66.38,16,4,0
14079,2026-03-01 10:00:00,60,50,131.3,17,5,0
14080,2026-03-01 10:00:00,67,45,191.23,21,1,0
14081,2026-03-01 10:00:00,69,23,103.05,15,2,0
14082,2026-03-01 10:00:00,25,27,107.7,24,3,0
14083,2026-03-01 10:00:00,64,54,204.22,20,1,0
14084,2026-03-01 10:00:00,66,10,132.68,23,1,0
14085,2026-03-01 10:00:00,41,25,61.11,14,5,1
14086,2026-03-01 10:00:00,53,13,213.49,17,1,0
14087,2026-03-01 10:00:00,60,16,122.81,22,4,1
14088,2026-03-01 10:00:00,19,41,106.4,19,2,0
14089,2026-03-01 10:00:00,43,34,47.44,17,0,0
14090,2026-03-01 10:00:00,50,55,126.97,21,3,0
14091,2026-03-01 10:00:00,60,37,145.68,19,2,1
14092,2026-03-01 10:00:00,43,22,159.53,23,2,0
14093,2026-03-01 10:00:00,60,17,120.04,19,0,0
14094,2026-03-01 10:00:00,65,23,139.08,12,5,1
14095,2026-03-01 10:00:00,54,54,127.23,17,0,0
14096,2026-03-01 10:00:00,54,36,119.39,16,3,0
14097,2026-03-01 10:00:00,30,49,20.0,13,2,1
14098,2026-03-01 10:00:00,60,9,123.85,18,4,0
14099,2026-03-01 10:00:00,54,52,132.02,17,2,0
14100,2026-03-01 10:00:00,37,2,86.82,20,1,0
14101,2026-03-01 10:00:00,18,32,132.97,24,4,1
14102,2026-03-01 10:00:00,41,56,120.84,21,3,0
14103,2026-03-01 10:00:00,55,50,72.57,24,1,0
14104,2026-03-01 10:00:00,66,53,110.85,12,2,0
14105,2026-03-01 10:00:00,62,59,155.4,18,5,0
14106,2026-03-01 10:00:00,37,22,94.5,12,1,0
14107,2026-03-01 10:00:00,62,43,65.61,22,1,0
14108,2026-03-01 10:00:00,37,13,84.14,16,4,1
14109,2026-03-01 10:00:00,21,8,99.14,22,2,0
14110,2026-03-01 10:00:00,59,59,130.96,22,2,0
14111,2026-03-01 10:00:00,60,1,148.52,21,1,0
14112,2026-03-01 10:00:00,51,17,147.96,26,0,0
14113,2026-03-01 10:00:00,31,12,75.82,20,2,0
14114,2026-03-01 10:00:00,31,4,141.48,18,1,1
14115,2026-03-01 10:00:00,50,53,99.14,16,2,0
14116,2026-03-01 10:00:00,26,13,119.99,21,2,0
14117,2026-03-01 10:00:00,57,31,152.95,17,2,0
14118,2026-03-01 10:00:00,23,41,73.05,18,2,0
14119,2026-03-01 10:00:00,56,59,78.63,17,4,1
14120,2026-03-01 10:00:00,38,7,103.27,25,0,0
14121,2026-03-01 10:00:00,23,23,130.44,20,5,1
14122,2026-03-01 10:00:00,67,24,104.49,32,1,0
14123,2026-03-01 10:00:00,30,5,88.13,22,2,1
14124,2026-03-01 10:00:00,25,5,171.84,21,2,1
14125,2026-03-01 10:00:00,58,17,83.77,23,4,0
14126,2026-03-01 10:00:00,32,30,104.14,28,3,0
14127,2026-03-01 10:00:00,56,9,118.06,23,3,0
14128,2026-03-01 10:00:00,37,6,193.26,18,1,0
14129,2026-03-01 10:00:00,28,25,97.65,28,1,0
14130,2026-03-01 10:00:00,23,19,152.23,19,1,0
14131,2026-03-01 10:00:00,29,16,108.77,17,0,0
14132,2026-03-01 10:00:00,45,21,35.74,15,2,0
14133,2026-03-01 10:00:00,21,2,149.78,18,1,0
14134,2026-03-01 10:00:00,41,10,137.04,24,1,0
14135,2026-03-01 10:00:00,53,16,144.24,17,4,0
14136,2026-03-01 10:00:00,25,37,102.83,9,2,0
14137,2026-03-01 10:00:00,21,15,99.34,23,1,0
14138,2026-03-01 10:00:00,68,13,149.33,20,3,0
14139,2026-03-01 10:00:00,58,13,87.33,18,2,0
14140,2026-03-01 10:00:00,30,32,120.33,26,5,1
14141,2026-03-01 10:00:00,20,45,105.63,19,1,0
14142,2026-03-01 10:00:00,65,47,82.83,14,2,0
14143,2026-03-01 10:00:00,65,46,130.88,17,1,0
14144,2026-03-01 10:00:00,62,8,147.26,14,0,0
14145,2026-03-01 10:00:00,37,43,141.34,20,4,0
14146,2026-03-01 10:00:00,52,18,124.93,17,0,0
14147,2026-03-01 10:00:00,26,56,65.05,20,5,0
14148,2026-03-01 10:00:00,51,36,112.79,17,6,1
14149,2026-03-01 10:00:00,54,26,49.61,15,2,0
14150,2026-03-01 10:00:00,34,10,49.65,14,0,1
14151,2026-03-01 10:00:00,57,31,90.66,19,0,0
14152,2026-03-01 10:00:00,60,33,154.74,21,3,0
14153,2026-03-01 10:00:00,38,29,22.5,23,2,0
14154,2026-03-01 10:00:00,18,5,150.23,18,3,0
14155,2026-03-01 10:00:00,46,13,83.03,21,3,0
14156,2026-03-01 10:00:00,56,1,115.76,16,0,1
14157,2026-03-01 10:00:00,24,23,199.44,17,0,0
14158,2026-03-01 10:00:00,60,40,158.17,16,1,1
14159,2026-03-01 10:00:00,36,3,114.26,24,2,0
14160,2026-03-01 10:00:00,59,3,91.54,25,1,0
14161,2026-03-01 10:00:00,44,7,154.92,22,0,0
14162,2026-03-01 10:00:00,59,36,84.7,20,2,1
14163,2026-03-01 10:00:00,62,35,122.0,19,1,0
14164,2026-03-01 10:00:00,45,15,151.01,13,4,1
14165,2026-03-01 10:00:00,21,40,153.16,21,2,0
14166,2026-03-01 10:00:00,29,3,39.68,21,1,1
14167,2026-03-01 10:00:00,52,29,133.5,20,1,0
14168,2026-03-01 10:00:00,69,30,104.35,28,2,0
14169,2026-03-01 10:00:00,32,39,102.48,14,2,0
14170,2026-03-01 10:00:00,62,18,121.68,16,3,0
14171,2026-03-01 10:00:00,42,11,214.79,14,1,1
14172,2026-03-01 10:00:00,31,43,118.02,31,3,0
14173,2026-03-01 10:00:00,59,49,106.31,17,5,0
14174,2026-03-01 10:00:00,62,38,78.47,22,0,0
14175,2026-03-01 10:00:00,46,40,115.6,24,2,0
14176,2026-03-01 10:00:00,64,1,48.49,14,0,0
14177,2026-03-01 10:00:00,53,29,161.65,15,1,0
14178,2026-03-01 10:00:00,47,10,117.0,20,2,0
14179,2026-03-01 10:00:00,66,28,106.36,15,3,0
14180,2026-03-01 10:00:00,47,57,143.08,22,0,0
14181,2026-03-01 10:00:00,25,31,96.14,18,4,1
14182,2026-03-01 10:00:00,55,19,135.81,16,2,0
14183,2026-03-01 10:00:00,24,3,63.69,29,2,1
14184,2026-03-01 10:00:00,49,36,63.54,15,2,0
14185,2026-03-01 10:00:00,20,43,20.0,20,1,0
14186,2026-03-01 10:00:00,68,15,146.52,18,2,0
14187,2026-03-01 10:00:00,24,33,160.11,19,2,0
14188,2026-03-01 10:00:00,24,41,130.44,28,1,0
14189,2026-03-01 10:00:00,55,43,167.49,15,4,0
14190,2026-03-01 10:00:00,20,51,148.83,25,2,0
14191,2026-03-01 10:00:00,23,45,144.23,14,1,0
14192,2026-03-01 10:00:00,27,26,114.41,21,2,0
14193,2026-03-01 10:00:00,31,16,165.36,22,1,0
14194,2026-03-01 10:00:00,68,36,92.14,21,1,0
14195,2026-03-01 10:00:00,55,33,141.75,23,3,0
14196,2026-03-01 10:00:00,44,20,157.97,11,0,0
14197,2026-03-01 10:00:00,62,13,96.68,19,1,0
14198,2026-03-01 10:00:00,38,33,137.03,33,1,0
14199,2026-03-01 10:00:00,35,5,126.04,22,6,1
14200,2026-03-01 10:00:00,59,37,80.85,27,2,0
14201,2026-03-01 10:00:00,52,14,155.77,18,4,0
14202,2026-03-01 10:00:00,41,27,104.17,26,2,0
14203,2026-03-01 10:00:00,60,23,147.48,17,3,0
14204,2026-03-01 10:00:00,20,14,74.59,29,2,0
14205,2026-03-01 10:00:00,25,40,93.31,24,4,0
14206,2026-03-01 10:00:00,33,4,99.35,16,1,1
14207,2026-03-01 10:00:00,61,39,95.34,23,3,0
14208,2026-03-01 10:00:00,65,52,84.22,20,2,0
14209,2026-03-01 10:00:00,30,19,77.76,15,1,0
14210,2026-03-01 10:00:00,62,47,122.21,14,7,0
14211,2026-03-01 10:00:00,54,54,107.73,16,2,0
14212,2026-03-01 10:00:00,32,4,129.54,14,1,0
14213,2026-03-01 10:00:00,40,30,133.74,17,1,0
14214,2026-03-01 10:00:00,56,19,63.24,23,1,1
14215,2026-03-01 10:00:00,60,31,131.13,30,0,0
14216,2026-03-01 10:00:00,49,31,141.29,21,2,0
14217,2026-03-01 10:00:00,60,9,90.06,20,2,0
14218,2026-03-01 10:00:00,50,53,152.41,18,4,0
14219,2026-03-01 10:00:00,60,13,100.01,23,4,1
14220,2026-03-01 10:00:00,44,14,154.46,10,2,1
14221,2026-03-01 10:00:00,27,55,20.0,14,1,0
14222,2026-03-01 10:00:00,29,46,168.87,22,3,0
14223,2026-03-01 10:00:00,25,54,174.84,31,1,0
14224,2026-03-01 10:00:00,50,10,118.12,17,3,1
14225,2026-03-01 10:00:00,55,48,167.57,25,5,0
14226,2026-03-01 10:00:00,51,31,108.74,17,2,0
14227,2026-03-01 10:00:00,31,37,107.91,15,1,0
14228,2026-03-01 10:00:00,67,23,180.97,24,5,0
14229,2026-03-01 10:00:00,36,27,102.1,16,1,0
14230,2026-03-01 10:00:00,60,6,169.37,17,5,1
14231,2026-03-01 10:00:00,29,26,83.24,20,2,0
14232,2026-03-01 10:00:00,65,2,129.55,16,0,1
14233,2026-03-01 10:00:00,54,45,47.3,16,2,0
14234,2026-03-01 10:00:00,58,13,124.34,27,1,0
14235,2026-03-01 10:00:00,64,51,179.43,24,1,0
14236,2026-03-01 10:00:00,35,50,116.89,22,3,0
14237,2026-03-01 10:00:00,66,19,155.69,24,4,0
14238,2026-03-01 10:00:00,23,1,94.56,21,2,0
14239,2026-03-01 10:00:00,22,40,133.16,25,2,0
14240,2026-03-01 10:00:00,68,32,131.36,21,0,0
14241,2026-03-01 10:00:00,61,22,100.26,30,0,0
14242,2026-03-01 10:00:00,52,48,126.03,19,1,0
14243,2026-03-01 10:00:00,46,29,154.4,17,0,0
14244,2026-03-01 10:00:00,53,2,112.57,15,2,0
14245,2026-03-01 10:00:00,33,40,84.99,17,2,0
14246,2026-03-01 10:00:00,55,38,83.61,21,2,0
14247,2026-03-01 10:00:00,44,48,129.86,23,4,0
14248,2026-03-01 10:00:00,37,55,121.69,18,2,0
14249,2026-03-01 10:00:00,69,11,171.51,23,1,0
14250,2026-03-01 10:00:00,65,17,147.6,17,2,0
14251,2026-03-01 10:00:00,41,55,134.78,18,1,0
14252,2026-03-01 10:00:00,24,51,71.98,17,2,0
14253,2026-03-01 10:00:00,31,43,117.95,19,0,0
14254,2026-03-01 10:00:00,21,8,71.36,19,2,0
14255,2026-03-01 10:00:00,34,22,181.65,31,3,1
14256,2026-03-01 10:00:00,64,4,101.97,17,1,1
14257,2026-03-01 10:00:00,60,11,93.94,15,2,0
14258,2026-03-01 10:00:00,50,8,111.95,19,2,0
14259,2026-03-01 10:00:00,41,9,136.45,24,4,0
14260,2026-03-01 10:00:00,30,26,25.46,23,0,0
14261,2026-03-01 10:00:00,41,2,91.21,19,1,0
14262,2026-03-01 10:00:00,59,16,193.27,23,4,0
14263,2026-03-01 10:00:00,30,31,135.95,24,3,0
14264,2026-03-01 10:00:00,43,6,132.36,17,2,0
14265,2026-03-01 10:00:00,27,53,140.35,25,2,0
14266,2026-03-01 10:00:00,58,21,68.59,18,5,0
14267,2026-03-01 10:00:00,37,26,223.09,13,2,0
14268,2026-03-01 10:00:00,42,59,151.58,19,3,0
14269,2026-03-01 10:00:00,52,19,102.21,22,0,0
14270,2026-03-01 10:00:00,31,28,150.96,20,1,0
14271,2026-03-01 10:00:00,68,8,162.53,17,1,0
14272,2026-03-01 10:00:00,59,14,80.64,16,2,0
14273,2026-03-01 10:00:00,33,24,220.68,29,2,0
14274,2026-03-01 10:00:00,57,48,125.95,27,2,0
14275,2026-03-01 10:00:00,33,44,96.5,21,1,0
14276,2026-03-01 10:00:00,26,37,171.13,23,1,0
14277,2026-03-01 10:00:00,41,56,87.48,16,0,0
14278,2026-03-01 10:00:00,59,26,51.02,22,3,0
14279,2026-03-01 10:00:00,37,31,66.23,29,4,1
14280,2026-03-01 10:00:00,46,56,47.25,16,0,0
14281,2026-03-01 10:00:00,56,51,94.59,19,4,0
14282,2026-03-01 10:00:00,53,32,144.58,18,1,0
14283,2026-03-01 10:00:00,50,50,131.53,27,1,0
14284,2026-03-01 10:00:00,33,41,107.7,21,3,0
14285,2026-03-01 10:00:00,68,2,87.5,23,0,1
14286,2026-03-01 10:00:00,69,25,112.1,20,2,0
14287,2026-03-01 10:00:00,54,52,108.14,15,1,0
14288,2026-03-01 10:00:00,28,44,120.47,21,4,0
14289,2026-03-01 10:00:00,66,2,49.56,26,1,1
14290,2026-03-01 10:00:00,57,42,203.27,24,2,0
14291,2026-03-01 10:00:00,59,1,68.11,22,1,1
14292,2026-03-01 10:00:00,32,36,79.4,16,3,0
14293,2026-03-01 10:00:00,21,57,121.73,20,1,0
14294,2026-03-01 10:00:00,43,12,171.61,23,3,0
14295,2026-03-01 10:00:00,58,9,159.63,17,1,0
14296,2026-03-01 10:00:00,42,36,73.7,21,4,0
14297,2026-03-01 10:00:00,39,41,54.17,18,4,1
14298,2026-03-01 10:00:00,19,28,156.09,25,1,0
14299,2026-03-01 10:00:00,33,38,95.59,20,5,0
14300,2026-03-01 10:00:00,51,33,131.57,24,6,1
14301,2026-03-01 10:00:00,66,42,129.22,19,1,0
14302,2026-03-01 10:00:00,31,46,76.82,17,1,0
14303,2026-03-01 10:00:00,65,22,117.33,27,3,0
14304,2026-03-01 10:00:00,44,25,154.2,18,1,0
14305,2026-03-01 10:00:00,26,18,124.61,25,3,0
14306,2026-03-01 10:00:00,58,6,74.59,21,5,0
14307,2026-03-01 10:00:00,43,18,124.15,20,2,0
14308,2026-03-01 10:00:00,30,52,146.22,25,5,0
14309,2026-03-01 10:00:00,39,16,124.38,16,4,0
14310,2026-03-01 10:00:00,38,15,124.19,22,3,0
14311,2026-03-01 10:00:00,64,48,127.32,12,1,0
14312,2026-03-01 10:00:00,18,8,62.53,24,1,0
14313,2026-03-01 10:00:00,52,13,92.67,25,1,0
14314,2026-03-01 10:00:00,63,55,113.98,23,2,0
14315,2026-03-01 10:00:00,63,43,107.26,21,2,0
14316,2026-03-01 10:00:00,69,57,102.72,15,1,0
14317,2026-03-01 10:00:00,25,7,95.45,23,0,0
14318,2026-03-01 10:00:00,67,17,133.75,22,0,0
14319,2026-03-01 10:00:00,53,50,132.68,7,2,0
14320,2026-03-01 10:00:00,55,32,179.04,16,2,0
14321,2026-03-01 10:00:00,28,22,114.47,18,1,0
14322,2026-03-01 10:00:00,20,55,176.67,24,2,0
14323,2026-03-01 10:00:00,44,51,20.0,12,1,0
14324,2026-03-01 10:00:00,38,57,146.03,20,1,0
14325,2026-03-01 10:00:00,46,13,71.82,23,2,0
14326,2026-03-01 10:00:00,67,47,183.6,15,2,1
14327,2026-03-01 10:00:00,52,23,40.8,29,2,0
14328,2026-03-01 10:00:00,63,54,105.76,19,3,0
14329,2026-03-01 10:00:00,36,29,104.13,23,0,0
14330,2026-03-01 10:00:00,65,22,51.01,24,2,0
14331,2026-03-01 10:00:00,61,1,84.17,26,2,0
14332,2026-03-01 10:00:00,28,29,113.96,15,1,0
14333,2026-03-01 10:00:00,40,48,90.57,11,4,1
14334,2026-03-01 10:00:00,57,5,101.45,18,0,1
14335,2026-03-01 10:00:00,41,58,124.03,17,3,0
14336,2026-03-01 10:00:00,65,35,39.25,25,1,0
14337,2026-03-01 10:00:00,39,55,169.07,26,1,0
14338,2026-03-01 10:00:00,41,10,129.98,26,1,0
14339,2026-03-01 10:00:00,23,19,63.62,14,3,0
14340,2026-03-01 10:00:00,55,37,117.64,18,4,1
14341,2026-03-01 10:00:00,63,7,144.02,26,1,0
14342,2026-03-01 10:00:00,66,46,117.93,24,0,0
14343,2026-03-01 10:00:00,60,35,137.19,20,3,0
14344,2026-03-01 10:00:00,23,45,149.93,24,1,0
14345,2026-03-01 10:00:00,58,13,57.44,15,0,0
14346,2026-03-01 10:00:00,32,10,92.25,16,3,1
14347,2026-03-01 10:00:00,21,2,199.95,14,1,0
14348,2026-03-01 10:00:00,67,6,99.13,12,1,0
14349,2026-03-01 10:00:00,64,8,145.04,14,1,0
14350,2026-03-01 10:00:00,30,36,171.35,18,4,1
14351,2026-03-01 10:00:00,25,25,127.35,26,1,0
14352,2026-03-01 10:00:00,33,44,96.47,10,2,0
14353,2026-03-01 10:00:00,48,47,146.16,26,3,0
14354,2026-03-01 10:00:00,65,40,139.0,24,3,0
14355,2026-03-01 10:00:00,43,7,102.83,26,4,1
14356,2026-03-01 10:00:00,50,46,117.64,17,2,0
14357,2026-03-01 10:00:00,55,23,104.95,25,2,0
14358,2026-03-01 10:00:00,53,19,77.33,15,2,0
14359,2026-03-01 10:00:00,65,46,123.11,15,1,0
14360,2026-03-01 10:00:00,28,22,199.44,15,1,0
14361,2026-03-01 10:00:00,68,13,155.88,22,3,0
14362,2026-03-01 10:00:00,60,21,196.14,16,2,0
14363,2026-03-01 10:00:00,42,1,143.13,23,3,0
14364,2026-03-01 10:00:00,37,59,157.15,17,1,0
14365,2026-03-01 10:00:00,46,19,112.04,27,1,0
14366,2026-03-01 10:00:00,67,33,96.19,20,6,1
14367,2026-03-01 10:00:00,33,4,96.07,17,1,0
14368,2026-03-01 10:00:00,25,42,159.03,17,1,0
14369,2026-03-01 10:00:00,28,3,152.49,25,2,0
14370,2026-03-01 10:00:00,23,27,130.8,17,2,0
14371,2026-03-01 10:00:00,57,52,130.32,18,2,0
14372,2026-03-01 10:00:00,49,41,172.05,13,2,0
14373,2026-03-01 10:00:00,24,35,60.84,26,3,0
14374,2026-03-01 10:00:00,63,28,123.15,26,3,0
14375,2026-03-01 10:00:00,53,6,185.99,22,1,0
14376,2026-03-01 10:00:00,40,6,152.36,19,1,1
14377,2026-03-01 10:00:00,64,55,64.34,28,1,0
14378,2026-03-01 10:00:00,44,57,143.2,21,2,0
14379,2026-03-01 10:00:00,43,44,124.54,19,0,0
14380,2026-03-01 10:00:00,68,23,164.61,20,2,0
14381,2026-03-01 10:00:00,33,33,102.84,22,3,0
14382,2026-03-01 10:00:00,25,16,152.02,20,4,0
14383,2026-03-01 10:00:00,46,24,67.37,21,4,1
14384,2026-03-01 10:00:00,60,5,219.31,18,3,0
14385,2026-03-01 10:00:00,56,41,194.65,31,2,0
14386,2026-03-01 10:00:00,41,42,125.37,24,0,0
14387,2026-03-01 10:00:00,37,13,77.99,24,1,0
14388,2026-03-01 10:00:00,44,47,165.54,16,3,0
14389,2026-03-01 10:00:00,38,12,160.23,25,2,0
14390,2026-03-01 10:00:00,24,5,192.33,18,5,0
14391,2026-03-01 10:00:00,68,37,109.66,12,1,0
14392,2026-03-01 10:00:00,38,31,120.76,18,4,1
14393,2026-03-01 10:00:00,67,28,108.91,20,6,0
14394,2026-03-01 10:00:00,20,28,114.23,20,3,1
14395,2026-03-01 10:00:00,60,30,67.15,22,2,0
14396,2026-03-01 10:00:00,61,18,178.88,24,2,0
14397,2026-03-01 10:00:00,65,44,99.79,21,0,0
14398,2026-03-01 10:00:00,37,27,99.6,19,0,0
14399,2026-03-01 10:00:00,31,35,40.96,17,1,0
14400,2026-03-01 10:00:00,59,26,80.24,16,2,0
14401,2026-03-01 10:00:00,55,57,140.74,26,2,0
14402,2026-03-01 10:00:00,68,39,89.3,24,0,0
14403,2026-03-01 10:00:00,38,49,64.13,15,0,0
14404,2026-03-01 10:00:00,28,51,141.28,17,3,0
14405,2026-03-01 10:00:00,18,18,176.38,18,1,1
14406,2026-03-01 10:00:00,33,33,118.44,13,1,0
14407,2026-03-01 10:00:00,29,25,171.33,33,1,0
14408,2026-03-01 10:00:00,60,56,118.24,18,0,0
14409,2026-03-01 10:00:00,29,31,132.45,22,4,0
14410,2026-03-01 10:00:00,27,37,121.88,25,2,0
14411,2026-03-01 10:00:00,28,59,188.0,18,3,0
14412,2026-03-01 10:00:00,53,2,130.14,19,4,1
14413,2026-03-01 10:00:00,55,33,93.34,28,2,0
14414,2026-03-01 10:00:00,49,39,92.66,26,2,0
14415,2026-03-01 10:00:00,59,43,71.38,26,4,1
14416,2026-03-01 10:00:00,46,43,95.24,22,3,0
14417,2026-03-01 10:00:00,42,32,203.22,20,2,0
14418,2026-03-01 10:00:00,63,18,115.74,23,1,0
14419,2026-03-01 10:00:00,39,17,66.52,17,3,0
14420,2026-03-01 10:00:00,62,34,129.55,24,2,0
14421,2026-03-01 10:00:00,33,39,125.37,16,4,0
14422,2026-03-01 10:00:00,21,7,113.94,20,2,0
14423,2026-03-01 10:00:00,66,42,91.25,20,1,0
14424,2026-03-01 10:00:00,34,54,151.0,20,1,0
14425,2026-03-01 10:00:00,58,53,201.53,12,1,0
14426,2026-03-01 10:00:00,34,35,129.69,20,4,0
14427,2026-03-01 10:00:00,48,30,102.84,24,1,0
14428,2026-03-01 10:00:00,25,12,194.8,24,2,0
14429,2026-03-01 10:00:00,59,35,27.62,17,0,0
14430,2026-03-01 10:00:00,68,11,20.0,15,1,0
14431,2026-03-01 10:00:00,30,44,70.52,23,1,0
14432,2026-03-01 10:00:00,44,57,218.83,23,3,0
14433,2026-03-01 10:00:00,57,4,173.39,14,3,0
14434,2026-03-01 10:00:00,57,25,117.31,24,3,0
14435,2026-03-01 10:00:00,41,48,112.72,22,2,0
14436,2026-03-01 10:00:00,49,32,62.67,14,3,0
14437,2026-03-01 10:00:00,34,20,139.26,18,2,0
14438,2026-03-01 10:00:00,46,50,195.21,19,1,0
14439,2026-03-01 10:00:00,31,31,96.51,22,2,0
14440,2026-03-01 10:00:00,47,4,108.08,18,3,0
14441,2026-03-01 10:00:00,54,54,169.46,15,2,0
14442,2026-03-01 10:00:00,54,38,159.0,18,1,0
14443,2026-03-01 10:00:00,59,53,125.18,28,2,0
14444,2026-03-01 10:00:00,43,47,109.89,12,2,1
14445,2026-03-01 10:00:00,25,1,121.64,17,2,0
14446,2026-03-01 10:00:00,33,3,128.94,23,2,0
14447,2026-03-01 10:00:00,19,37,121.39,12,2,0
14448,2026-03-01 10:00:00,59,22,133.75,20,0,0
14449,2026-03-01 10:00:00,42,17,167.99,20,3,0
14450,2026-03-01 10:00:00,28,14,164.42,28,3,0
14451,2026-03-01 10:00:00,61,41,154.37,26,4,0
14452,2026-03-01 10:00:00,29,35,150.22,22,4,0
14453,2026-03-01 10:00:00,41,58,179.91,15,2,0
14454,2026-03-01 10:00:00,38,13,134.31,21,1,1
14455,2026-03-01 10:00:00,35,35,124.4,25,2,1
14456,2026-03-01 10:00:00,63,43,53.05,27,2,0
14457,2026-03-01 10:00:00,30,2,108.8,23,1,0
14458,2026-03-01 10:00:00,61,56,69.95,23,1,0
14459,2026-03-01 10:00:00,65,47,106.75,22,1,0
14460,2026-03-01 10:00:00,49,13,116.89,25,3,0
14461,2026-03-01 10:00:00,34,51,159.05,22,3,0
14462,2026-03-01 10:00:00,62,54,77.96,17,1,0
14463,2026-03-01 10:00:00,20,16,151.84,18,1,0
14464,2026-03-01 10:00:00,44,18,116.45,19,2,0
14465,2026-03-01 10:00:00,49,7,80.36,7,2,0
14466,2026-03-01 10:00:00,41,45,27.69,10,3,0
14467,2026-03-01 10:00:00,37,36,115.82,20,0,0
14468,2026-03-01 10:00:00,49,41,122.79,17,4,1
14469,2026-03-01 10:00:00,37,30,119.59,14,3,0
14470,2026-03-01 10:00:00,48,42,152.37,14,1,0
14471,2026-03-01 10:00:00,30,41,155.65,20,1,0
14472,2026-03-01 10:00:00,30,7,160.9,16,2,0
14473,2026-03-01 10:00:00,24,15,108.35,18,0,0
14474,2026-03-01 10:00:00,22,40,95.33,13,1,1
14475,2026-03-01 10:00:00,57,19,114.07,22,3,0
14476,2026-03-01 10:00:00,24,43,128.3,27,5,1
14477,2026-03-01 10:00:00,39,37,125.08,16,3,0
14478,2026-03-01 10:00:00,35,2,110.09,27,2,1
14479,2026-03-01 10:00:00,37,42,90.15,24,2,0
14480,2026-03-01 10:00:00,60,48,57.25,17,2,0
14481,2026-03-01 10:00:00,65,55,196.68,14,1,0
14482,2026-03-01 10:00:00,30,13,97.63,18,0,0
14483,2026-03-01 10:00:00,56,40,85.44,19,0,0
14484,2026-03-01 10:00:00,40,41,168.67,21,2,0
14485,2026-03-01 10:00:00,25,43,115.25,16,2,0
14486,2026-03-01 10:00:00,45,43,126.72,24,2,0
14487,2026-03-01 10:00:00,27,55,152.14,22,1,0
14488,2026-03-01 10:00:00,60,58,157.26,11,3,0
14489,2026-03-01 10:00:00,49,31,139.19,20,4,1
14490,2026-03-01 10:00:00,37,16,120.92,20,2,0
14491,2026-03-01 10:00:00,34,42,165.59,25,3,0
14492,2026-03-01 10:00:00,68,56,115.94,19,1,0
14493,2026-03-01 10:00:00,69,44,114.07,18,1,0
14494,2026-03-01 10:00:00,38,57,94.43,15,3,0
14495,2026-03-01 10:00:00,40,6,138.77,18,1,0
14496,2026-03-01 10:00:00,39,28,105.0,25,1,0
14497,2026-03-01 10:00:00,66,32,159.14,21,2,0
14498,2026-03-01 10:00:00,59,44,20.0,15,1,0
14499,2026-03-01 10:00:00,51,10,81.02,20,0,0
14500,2026-03-01 10:00:00,58,50,188.24,23,1,0
14501,2026-03-01 10:00:00,50,18,63.79,25,5,1
14502,2026-03-01 10:00:00,62,4,72.35,14,2,0
14503,2026-03-01 10:00:00,30,9,167.54,16,2,0
14504,2026-03-01 10:00:00,53,7,72.34,21,2,0
14505,2026-03-01 10:00:00,47,50,69.3,18,3,0
14506,2026-03-01 10:00:00,38,8,132.52,25,1,0
14507,2026-03-01 10:00:00,21,43,201.89,17,1,0
14508,2026-03-01 10:00:00,38,7,143.08,23,3,0
14509,2026-03-01 10:00:00,27,41,42.47,18,2,0
14510,2026-03-01 10:00:00,47,40,111.65,19,2,0
14511,2026-03-01 10:00:00,53,3,159.87,13,1,0
14512,2026-03-01 10:00:00,23,17,95.18,18,2,0
14513,2026-03-01 10:00:00,38,2,42.95,25,5,1
14514,2026-03-01 10:00:00,53,15,100.93,17,4,0
14515,2026-03-01 10:00:00,56,46,99.99,18,3,0
14516,2026-03-01 10:00:00,69,29,86.39,14,4,1
14517,2026-03-01 10:00:00,45,50,131.61,12,4,0
14518,2026-03-01 10:00:00,21,48,50.59,18,1,0
14519,2026-03-01 10:00:00,37,52,150.46,15,4,0
14520,2026-03-01 10:00:00,31,22,70.4,18,3,0
14521,2026-03-01 10:00:00,48,4,112.66,22,4,1
14522,2026-03-01 10:00:00,38,57,71.57,25,4,0
14523,2026-03-01 10:00:00,25,52,129.72,21,1,0
14524,2026-03-01 10:00:00,56,6,59.88,23,4,0
14525,2026-03-01 10:00:00,28,38,127.54,24,2,0
14526,2026-03-01 10:00:00,47,26,85.24,14,1,0
14527,2026-03-01 10:00:00,44,11,104.98,14,0,0
14528,2026-03-01 10:00:00,56,26,187.6,22,1,0
14529,2026-03-01 10:00:00,39,17,84.32,18,3,0
14530,2026-03-01 10:00:00,61,24,103.24,22,4,0
14531,2026-03-01 10:00:00,29,28,100.7,22,1,0
14532,2026-03-01 10:00:00,53,35,106.32,17,2,0
14533,2026-03-01 10:00:00,51,31,138.49,23,2,0
14534,2026-03-01 10:00:00,32,13,115.46,24,2,0
14535,2026-03-01 10:00:00,25,54,98.53,13,3,0
14536,2026-03-01 10:00:00,24,35,144.88,26,3,0
14537,2026-03-01 10:00:00,24,16,39.66,18,2,0
14538,2026-03-01 10:00:00,64,15,211.19,23,4,1
14539,2026-03-01 10:00:00,31,43,121.82,12,0,0
14540,2026-03-01 10:00:00,46,18,128.6,22,1,0
14541,2026-03-01 10:00:00,32,47,143.83,17,4,1
14542,2026-03-01 10:00:00,37,37,127.13,15,2,0
14543,2026-03-01 10:00:00,28,48,119.06,11,1,0
14544,2026-03-01 10:00:00,63,48,70.25,16,0,0
14545,2026-03-01 10:00:00,29,49,150.07,23,0,0
14546,2026-03-01 10:00:00,66,41,182.7,22,2,0
14547,2026-03-01 10:00:00,39,27,122.17,19,1,0
14548,2026-03-01 10:00:00,54,55,79.93,14,2,0
14549,2026-03-01 10:00:00,41,35,139.38,20,4,0
14550,2026-03-01 10:00:00,22,52,81.68,21,1,0
14551,2026-03-01 10:00:00,44,45,149.48,20,3,0
14552,2026-03-01 10:00:00,47,54,88.65,17,1,0
14553,2026-03-01 10:00:00,29,35,152.31,15,3,0
14554,2026-03-01 10:00:00,20,28,49.78,16,2,0
14555,2026-03-01 10:00:00,34,39,236.41,20,1,0
14556,2026-03-01 10:00:00,68,38,158.16,24,4,0
14557,2026-03-01 10:00:00,58,9,158.78,26,2,0
14558,2026-03-01 10:00:00,39,12,144.06,18,3,0
14559,2026-03-01 10:00:00,49,15,158.34,17,0,0
14560,2026-03-01 10:00:00,29,21,86.29,17,3,0
14561,2026-03-01 10:00:00,37,52,128.68,23,0,0
14562,2026-03-01 10:00:00,30,35,101.83,13,1,0
14563,2026-03-01 10:00:00,52,42,64.71,23,3,0
14564,2026-03-01 10:00:00,43,33,162.68,18,3,0
14565,2026-03-01 10:00:00,43,51,78.21,27,4,1
14566,2026-03-01 10:00:00,49,19,139.81,28,3,0
14567,2026-03-01 10:00:00,61,55,148.56,18,1,0
14568,2026-03-01 10:00:00,50,23,134.96,23,0,0
14569,2026-03-01 10:00:00,52,13,127.24,23,1,0
14570,2026-03-01 10:00:00,49,44,121.77,16,2,0
14571,2026-03-01 10:00:00,36,1,142.04,21,2,1
14572,2026-03-01 10:00:00,22,51,126.31,20,0,0
14573,2026-03-01 10:00:00,31,29,176.45,18,2,0
14574,2026-03-01 10:00:00,48,24,108.09,16,6,1
14575,2026-03-01 10:00:00,50,16,165.68,27,2,0
14576,2026-03-01 10:00:00,65,25,112.74,17,1,0
14577,2026-03-01 10:00:00,27,55,82.58,18,3,0
14578,2026-03-01 10:00:00,19,23,88.64,17,4,1
14579,2026-03-01 10:00:00,54,28,87.86,26,1,1
14580,2026-03-01 10:00:00,40,47,155.17,28,2,0
14581,2026-03-01 10:00:00,46,16,75.8,19,2,0
14582,2026-03-01 10:00:00,30,43,134.19,26,3,1
14583,2026-03-01 10:00:00,46,56,162.7,23,2,0
14584,2026-03-01 10:00:00,45,38,30.04,19,2,1
14585,2026-03-01 10:00:00,38,11,148.72,22,4,1
14586,2026-03-01 10:00:00,43,3,202.14,19,2,1
14587,2026-03-01 10:00:00,56,15,128.64,21,1,0
14588,2026-03-01 10:00:00,69,1,157.84,26,1,0
14589,2026-03-01 10:00:00,42,7,141.39,14,2,0
14590,2026-03-01 10:00:00,54,1,106.64,18,4,1
14591,2026-03-01 10:00:00,33,49,102.9,19,4,1
14592,2026-03-01 10:00:00,44,32,142.04,20,1,0
14593,2026-03-01 10:00:00,59,9,93.63,25,0,0
14594,2026-03-01 10:00:00,41,29,98.02,12,2,0
14595,2026-03-01 10:00:00,28,26,144.11,15,0,0
14596,2026-03-01 10:00:00,27,23,87.76,17,2,0
14597,2026-03-01 10:00:00,33,45,146.18,14,1,0
14598,2026-03-01 10:00:00,39,43,99.38,21,0,0
14599,2026-03-01 10:00:00,20,29,98.68,15,1,0
14600,2026-03-01 10:00:00,52,52,121.33,25,1,0
14601,2026-03-01 10:00:00,51,38,139.39,23,2,0
14602,2026-03-01 10:00:00,35,33,112.42,20,2,0
14603,2026-03-01 10:00:00,48,7,177.28,23,6,1
14604,2026-03-01 10:00:00,26,12,79.42,18,2,1
14605,2026-03-01 10:00:00,69,31,215.06,19,3,0
14606,2026-03-01 10:00:00,43,32,160.15,13,0,0
14607,2026-03-01 10:00:00,44,54,129.47,22,0,0
14608,2026-03-01 10:00:00,33,20,143.67,22,3,0
14609,2026-03-01 10:00:00,38,55,52.5,24,4,1
14610,2026-03-01 10:00:00,21,51,65.77,25,3,0
14611,2026-03-01 10:00:00,48,17,109.49,25,3,0
14612,2026-03-01 10:00:00,27,36,111.09,23,3,0
14613,2026-03-01 10:00:00,37,3,192.58,19,0,0
14614,2026-03-01 10:00:00,29,1,135.45,22,2,0
14615,2026-03-01 10:00:00,45,50,157.38,18,2,0
14616,2026-03-01 10:00:00,27,27,119.03,14,1,0
14617,2026-03-01 10:00:00,43,53,90.24,25,4,0
14618,2026-03-01 10:00:00,59,47,141.61,20,2,0
14619,2026-03-01 10:00:00,47,40,125.25,28,1,0
14620,2026-03-01 10:00:00,22,33,135.39,17,1,0
14621,2026-03-01 10:00:00,48,20,110.66,25,2,0
14622,2026-03-01 10:00:00,67,14,69.83,18,0,0
14623,2026-03-01 10:00:00,65,36,206.61,19,2,0
14624,2026-03-01 10:00:00,30,5,92.56,19,4,1
14625,2026-03-01 10:00:00,39,23,115.08,14,6,1
14626,2026-03-01 10:00:00,25,45,140.21,15,2,0
14627,2026-03-01 10:00:00,26,56,48.57,21,5,1
14628,2026-03-01 10:00:00,45,15,175.01,16,1,1
14629,2026-03-01 10:00:00,29,6,84.81,29,3,0
14630,2026-03-01 10:00:00,24,33,155.34,26,0,0
14631,2026-03-01 10:00:00,36,55,64.07,18,0,0
14632,2026-03-01 10:00:00,60,19,146.8,21,3,0
14633,2026-03-01 10:00:00,64,13,43.66,22,2,0
14634,2026-03-01 10:00:00,32,29,171.36,30,1,0
14635,2026-03-01 10:00:00,42,6,134.65,15,5,1
14636,2026-03-01 10:00:00,34,15,129.76,26,3,0
14637,2026-03-01 10:00:00,65,16,155.18,19,1,0
14638,2026-03-01 10:00:00,69,24,82.01,20,5,0
14639,2026-03-01 10:00:00,19,23,93.45,16,1,0
14640,2026-03-01 10:00:00,44,48,72.85,17,0,0
14641,2026-03-01 10:00:00,49,10,76.61,21,1,0
14642,2026-03-01 10:00:00,55,54,134.48,19,3,0
14643,2026-03-01 10:00:00,55,41,114.95,33,2,0
14644,2026-03-01 10:00:00,51,41,57.17,22,2,0
14645,2026-03-01 10:00:00,36,49,119.96,23,5,0
14646,2026-03-01 10:00:00,65,17,133.07,16,3,0
14647,2026-03-01 10:00:00,29,49,145.45,17,1,0
14648,2026-03-01 10:00:00,25,56,173.84,14,2,0
14649,2026-03-01 10:00:00,18,44,92.96,23,1,0
14650,2026-03-01 10:00:00,25,45,148.47,13,0,0
14651,2026-03-01 10:00:00,58,30,116.55,17,2,0
14652,2026-03-01 10:00:00,67,44,133.36,26,2,0
14653,2026-03-01 10:00:00,55,46,184.32,13,1,0
14654,2026-03-01 10:00:00,24,10,77.99,22,0,0
14655,2026-03-01 10:00:00,69,55,172.52,20,1,0
14656,2026-03-01 10:00:00,46,19,166.56,25,2,0
14657,2026-03-01 10:00:00,61,29,100.34,17,1,0
14658,2026-03-01 10:00:00,68,2,148.21,21,3,0
14659,2026-03-01 10:00:00,48,36,114.53,19,1,0
14660,2026-03-01 10:00:00,57,19,57.97,28,1,0
14661,2026-03-01 10:00:00,61,7,94.64,16,1,0
14662,2026-03-01 10:00:00,28,26,109.95,30,2,0
14663,2026-03-01 10:00:00,50,15,144.2,30,4,0
14664,2026-03-01 10:00:00,43,47,68.47,27,0,0
14665,2026-03-01 10:00:00,38,56,100.08,18,0,0
14666,2026-03-01 10:00:00,40,38,87.7,22,0,0
14667,2026-03-01 10:00:00,50,3,115.51,24,0,0
14668,2026-03-01 10:00:00,49,38,193.88,12,1,0
14669,2026-03-01 10:00:00,40,16,26.55,24,2,0
14670,2026-03-01 10:00:00,26,2,118.67,22,2,0
14671,2026-03-01 10:00:00,20,31,140.48,23,1,0
14672,2026-03-01 10:00:00,60,28,123.89,23,3,0
14673,2026-03-01 10:00:00,44,7,184.08,16,1,0
14674,2026-03-01 10:00:00,60,30,139.24,10,3,0
14675,2026-03-01 10:00:00,48,43,129.55,17,1,0
14676,2026-03-01 10:00:00,40,58,75.1,26,3,0
14677,2026-03-01 10:00:00,60,7,165.7,26,2,0
14678,2026-03-01 10:00:00,55,36,79.33,22,3,0
14679,2026-03-01 10:00:00,28,29,132.04,15,1,0
14680,2026-03-01 10:00:00,59,24,69.65,29,1,1
14681,2026-03-01 10:00:00,18,52,190.45,16,3,0
14682,2026-03-01 10:00:00,18,39,124.22,20,1,0
14683,2026-03-01 10:00:00,27,4,167.74,30,2,1
14684,2026-03-01 10:00:00,30,29,153.22,24,4,0
14685,2026-03-01 10:00:00,33,44,125.32,21,0,0
14686,2026-03-01 10:00:00,26,5,150.74,16,1,0
14687,2026-03-01 10:00:00,19,55,118.83,22,3,0
14688,2026-03-01 10:00:00,69,29,20.0,23,1,0
14689,2026-03-01 10:00:00,35,30,77.78,16,2,0
14690,2026-03-01 10:00:00,62,29,151.06,13,2,0
14691,2026-03-01 10:00:00,38,26,90.7,27,3,0
14692,2026-03-01 10:00:00,55,19,113.16,24,2,0
14693,2026-03-01 10:00:00,24,26,141.42,29,3,0
14694,2026-03-01 10:00:00,20,37,124.75,25,1,0
14695,2026-03-01 10:00:00,19,27,63.6,25,1,0
14696,2026-03-01 10:00:00,45,30,65.75,16,1,0
14697,2026-03-01 10:00:00,28,51,129.6,23,3,0
14698,2026-03-01 10:00:00,58,53,164.0,26,2,0
14699,2026-03-01 10:00:00,38,30,190.7,17,2,0
14700,2026-03-01 10:00:00,52,3,198.14,21,4,1
14701,2026-03-01 10:00:00,56,59,142.67,30,0,0
14702,2026-03-01 10:00:00,36,58,160.58,18,2,1
14703,2026-03-01 10:00:00,51,43,143.86,20,1,0
14704,2026-03-01 10:00:00,30,7,83.46,23,2,0
14705,2026-03-01 10:00:00,52,49,79.19,18,2,0
14706,2026-03-01 10:00:00,64,57,124.6,17,0,0
14707,2026-03-01 10:00:00,28,9,163.81,15,2,0
14708,2026-03-01 10:00:00,46,53,89.7,23,2,0
14709,2026-03-01 10:00:00,29,41,118.04,19,1,1
14710,2026-03-01 10:00:00,36,42,151.07,18,2,0
14711,2026-03-01 10:00:00,38,13,116.88,22,3,0
14712,2026-03-01 10:00:00,48,15,121.48,24,2,0
14713,2026-03-01 10:00:00,50,54,168.21,13,3,0
14714,2026-03-01 10:00:00,40,5,260.93,11,1,1
14715,2026-03-01 10:00:00,29,29,70.39,22,3,0
14716,2026-03-01 10:00:00,36,35,116.23,23,4,0
14717,2026-03-01 10:00:00,38,27,201.05,16,2,0
14718,2026-03-01 10:00:00,60,27,124.29,23,0,0
14719,2026-03-01 10:00:00,61,8,89.38,18,0,0
14720,2026-03-01 10:00:00,21,32,143.21,17,0,0
14721,2026-03-01 10:00:00,49,20,116.44,24,4,0
14722,2026-03-01 10:00:00,69,10,68.33,21,1,0
14723,2026-03-01 10:00:00,52,13,103.54,15,7,1
14724,2026-03-01 10:00:00,24,29,150.69,26,1,0
14725,2026-03-01 10:00:00,68,35,90.41,24,0,0
14726,2026-03-01 10:00:00,64,54,138.51,18,2,0
14727,2026-03-01 10:00:00,57,8,211.57,15,4,1
14728,2026-03-01 10:00:00,40,29,74.73,13,2,0
14729,2026-03-01 10:00:00,64,31,110.76,26,7,1
14730,2026-03-01 10:00:00,42,41,138.52,22,4,1
14731,2026-03-01 10:00:00,68,30,133.48,21,3,0
14732,2026-03-01 10:00:00,46,22,139.55,25,3,0
14733,2026-03-01 10:00:00,27,21,114.3,22,1,0
14734,2026-03-01 10:00:00,51,12,144.16,27,4,0
14735,2026-03-01 10:00:00,24,11,103.83,30,2,0
14736,2026-03-01 10:00:00,46,2,98.49,19,3,0
14737,2026-03-01 10:00:00,57,50,112.54,14,3,1
14738,2026-03-01 10:00:00,29,41,175.36,30,0,0
14739,2026-03-01 10:00:00,24,2,109.73,28,2,1
14740,2026-03-01 10:00:00,64,34,183.02,18,3,0
14741,2026-03-01 10:00:00,57,3,60.0,25,2,0
14742,2026-03-01 10:00:00,65,16,166.14,21,4,1
14743,2026-03-01 10:00:00,50,51,167.96,16,4,1
14744,2026-03-01 10:00:00,54,4,116.36,26,0,0
14745,2026-03-01 10:00:00,60,23,199.11,26,1,0
14746,2026-03-01 10:00:00,67,57,119.52,22,3,0
14747,2026-03-01 10:00:00,62,50,145.8,20,1,0
14748,2026-03-01 10:00:00,61,20,79.66,14,2,0
14749,2026-03-01 10:00:00,56,25,129.58,21,3,0
14750,2026-03-01 10:00:00,46,30,85.92,21,1,0
14751,2026-03-01 10:00:00,29,18,28.2,24,4,1
14752,2026-03-01 10:00:00,64,42,169.31,28,4,1
14753,2026-03-01 10:00:00,45,11,131.98,26,1,0
14754,2026-03-01 10:00:00,64,29,168.85,21,2,0
14755,2026-03-01 10:00:00,42,17,122.96,19,0,0
14756,2026-03-01 10:00:00,35,26,52.82,16,2,0
14757,2026-03-01 10:00:00,31,56,136.32,25,1,0
14758,2026-03-01 10:00:00,40,57,133.52,17,3,0
14759,2026-03-01 10:00:00,34,23,99.48,20,2,0
14760,2026-03-01 10:00:00,65,56,110.72,25,2,1
14761,2026-03-01 10:00:00,28,52,139.2,22,3,0
14762,2026-03-01 10:00:00,69,48,107.89,25,1,0
14763,2026-03-01 10:00:00,41,20,130.44,18,2,0
14764,2026-03-01 10:00:00,62,45,123.7,26,1,0
14765,2026-03-01 10:00:00,45,2,115.3,19,2,1
14766,2026-03-01 10:00:00,55,24,105.54,15,1,0
14767,2026-03-01 10:00:00,43,31,51.13,25,2,0
14768,2026-03-01 10:00:00,57,27,82.47,18,2,0
14769,2026-03-01 10:00:00,45,2,108.78,20,3,1
14770,2026-03-01 10:00:00,34,57,54.29,17,1,0
14771,2026-03-01 10:00:00,21,14,80.74,23,1,0
14772,2026-03-01 10:00:00,63,4,141.95,22,1,0
14773,2026-03-01 10:00:00,69,49,94.65,24,2,0
14774,2026-03-01 10:00:00,53,13,145.85,19,1,0
14775,2026-03-01 10:00:00,27,36,153.83,31,1,0
14776,2026-03-01 10:00:00,40,35,50.17,18,1,0
14777,2026-03-01 10:00:00,43,44,200.1,26,4,1
14778,2026-03-01 10:00:00,48,54,110.03,22,3,0
14779,2026-03-01 10:00:00,33,55,63.74,22,1,0
14780,2026-03-01 10:00:00,55,8,158.8,23,1,0
14781,2026-03-01 10:00:00,24,2,122.5,28,3,1
14782,2026-03-01 10:00:00,27,6,23.21,26,3,0
14783,2026-03-01 10:00:00,51,31,89.84,16,2,0
14784,2026-03-01 10:00:00,25,54,94.79,22,3,0
14785,2026-03-01 10:00:00,24,10,161.72,15,0,0
14786,2026-03-01 10:00:00,57,44,99.69,24,3,0
14787,2026-03-01 10:00:00,68,21,99.2,19,3,0
14788,2026-03-01 10:00:00,20,42,137.14,15,5,0
14789,2026-03-01 10:00:00,61,10,106.97,18,2,0
14790,2026-03-01 10:00:00,54,23,106.66,19,0,0
14791,2026-03-01 10:00:00,64,3,170.58,25,2,1
14792,2026-03-01 10:00:00,20,32,130.56,13,2,0
14793,2026-03-01 10:00:00,50,20,92.13,24,5,1
14794,2026-03-01 10:00:00,38,10,177.91,21,6,1
14795,2026-03-01 10:00:00,30,29,187.16,17,0,0
14796,2026-03-01 10:00:00,65,41,147.03,23,2,1
14797,2026-03-01 10:00:00,47,52,148.13,18,3,0
14798,2026-03-01 10:00:00,47,51,153.45,20,3,0
14799,2026-03-01 10:00:00,65,46,114.94,18,3,0
14800,2026-03-01 10:00:00,32,34,172.05,24,1,0
14801,2026-03-01 10:00:00,54,37,107.08,18,1,0
14802,2026-03-01 10:00:00,37,20,108.66,19,3,0
14803,2026-03-01 10:00:00,65,8,68.76,27,2,0
14804,2026-03-01 10:00:00,60,7,77.19,18,2,0
14805,2026-03-01 10:00:00,25,6,99.54,23,1,0
14806,2026-03-01 10:00:00,37,11,103.26,12,1,0
14807,2026-03-01 10:00:00,47,44,108.92,17,0,0
14808,2026-03-01 10:00:00,26,18,200.9,20,3,0
14809,2026-03-01 10:00:00,43,51,108.03,17,1,0
14810,2026-03-01 10:00:00,58,42,127.28,19,1,0
14811,2026-03-01 10:00:00,23,57,49.52,22,0,0
14812,2026-03-01 10:00:00,21,29,89.09,15,3,0
14813,2026-03-01 10:00:00,28,25,72.85,16,4,1
14814,2026-03-01 10:00:00,46,21,165.44,26,1,0
14815,2026-03-01 10:00:00,45,46,133.3,11,5,0
14816,2026-03-01 10:00:00,50,3,93.84,18,1,1
14817,2026-03-01 10:00:00,29,18,165.67,18,2,0
14818,2026-03-01 10:00:00,37,24,144.75,18,0,0
14819,2026-03-01 10:00:00,54,47,175.24,20,4,1
14820,2026-03-01 10:00:00,24,38,131.24,21,1,0
14821,2026-03-01 10:00:00,20,10,197.99,21,3,0
14822,2026-03-01 10:00:00,43,27,52.68,25,0,0
14823,2026-03-01 10:00:00,59,12,129.98,28,3,0
14824,2026-03-01 10:00:00,65,7,134.11,17,2,0
14825,2026-03-01 10:00:00,35,17,82.2,23,1,0
14826,2026-03-01 10:00:00,55,1,136.16,23,2,1
14827,2026-03-01 10:00:00,40,58,89.23,20,2,0
14828,2026-03-01 10:00:00,33,50,69.75,26,2,0
14829,2026-03-01 10:00:00,58,26,184.88,17,1,0
14830,2026-03-01 10:00:00,65,15,120.14,18,1,0
14831,2026-03-01 10:00:00,54,51,92.87,17,0,0
14832,2026-03-01 10:00:00,38,33,101.64,31,3,1
14833,2026-03-01 10:00:00,30,37,56.54,28,2,0
14834,2026-03-01 10:00:00,48,47,193.41,17,1,0
14835,2026-03-01 10:00:00,53,31,69.31,15,4,0
14836,2026-03-01 10:00:00,67,35,113.68,18,2,0
14837,2026-03-01 10:00:00,42,1,128.42,16,0,0
14838,2026-03-01 10:00:00,65,8,117.59,17,1,0
14839,2026-03-01 10:00:00,43,12,62.67,22,3,0
14840,2026-03-01 10:00:00,66,59,190.3,15,5,0
14841,2026-03-01 10:00:00,19,54,58.19,16,1,0
14842,2026-03-01 10:00:00,54,57,107.96,12,1,0
14843,2026-03-01 10:00:00,47,19,106.12,13,4,0
14844,2026-03-01 10:00:00,57,25,159.85,23,4,1
14845,2026-03-01 10:00:00,36,57,102.81,17,4,1
14846,2026-03-01 10:00:00,40,32,126.0,23,0,0
14847,2026-03-01 10:00:00,51,12,189.19,17,1,0
14848,2026-03-01 10:00:00,44,13,110.23,32,4,0
14849,2026-03-01 10:00:00,55,28,92.41,19,1,0
14850,2026-03-01 10:00:00,63,1,163.02,22,3,1
14851,2026-03-01 10:00:00,56,51,111.22,18,1,0
14852,2026-03-01 10:00:00,32,6,205.23,16,3,0
14853,2026-03-01 10:00:00,64,8,74.19,18,3,0
14854,2026-03-01 10:00:00,26,4,20.0,23,2,1
14855,2026-03-01 10:00:00,35,5,108.6,23,0,0
14856,2026-03-01 10:00:00,42,25,148.56,27,5,0
14857,2026-03-01 10:00:00,35,22,122.93,15,5,0
14858,2026-03-01 10:00:00,36,28,121.0,20,0,0
14859,2026-03-01 10:00:00,35,39,169.25,16,1,0
14860,2026-03-01 10:00:00,19,23,77.98,18,5,0
14861,2026-03-01 10:00:00,29,4,101.51,16,2,0
14862,2026-03-01 10:00:00,62,52,141.25,25,2,0
14863,2026-03-01 10:00:00,69,4,118.44,25,2,0
14864,2026-03-01 10:00:00,46,47,158.43,26,0,0
14865,2026-03-01 10:00:00,68,59,116.53,22,3,0
14866,2026-03-01 10:00:00,61,21,186.7,24,2,0
14867,2026-03-01 10:00:00,21,37,116.03,14,2,0
14868,2026-03-01 10:00:00,59,56,162.96,23,4,0
14869,2026-03-01 10:00:00,28,41,103.96,16,2,0
14870,2026-03-01 10:00:00,30,2,145.66,17,0,0
14871,2026-03-01 10:00:00,52,59,114.01,26,1,0
14872,2026-03-01 10:00:00,60,7,107.73,18,1,0
14873,2026-03-01 10:00:00,25,49,159.63,20,1,0
14874,2026-03-01 10:00:00,32,16,132.74,27,1,0
14875,2026-03-01 10:00:00,42,17,105.67,18,0,0
14876,2026-03-01 10:00:00,44,20,112.24,20,1,0
14877,2026-03-01 10:00:00,63,58,149.31,28,2,0
14878,2026-03-01 10:00:00,57,23,115.42,23,1,0
14879,2026-03-01 10:00:00,33,34,46.24,25,2,0
14880,2026-03-01 10:00:00,46,11,92.92,20,0,0
14881,2026-03-01 10:00:00,64,34,90.63,24,4,1
14882,2026-03-01 10:00:00,32,33,188.43,15,2,0
14883,2026-03-01 10:00:00,59,26,92.25,18,2,0
14884,2026-03-01 10:00:00,54,2,134.54,19,4,1
14885,2026-03-01 10:00:00,22,23,87.05,30,1,0
14886,2026-03-01 10:00:00,56,41,116.67,18,1,0
14887,2026-03-01 10:00:00,58,22,161.61,24,3,0
14888,2026-03-01 10:00:00,36,58,151.62,18,5,0
14889,2026-03-01 10:00:00,30,34,166.71,20,3,0
14890,2026-03-01 10:00:00,45,15,107.16,22,4,1
14891,2026-03-01 10:00:00,65,10,136.26,10,1,0
14892,2026-03-01 10:00:00,68,15,61.69,26,2,0
14893,2026-03-01 10:00:00,39,42,141.04,19,2,0
14894,2026-03-01 10:00:00,51,29,76.87,15,0,0
14895,2026-03-01 10:00:00,34,57,99.24,23,3,0
14896,2026-03-01 10:00:00,18,23,74.18,29,1,0
14897,2026-03-01 10:00:00,53,59,154.43,24,2,0
14898,2026-03-01 10:00:00,56,17,173.39,20,3,0
14899,2026-03-01 10:00:00,66,9,41.95,29,2,0
14900,2026-03-01 10:00:00,62,50,86.07,17,0,0
14901,2026-03-01 10:00:00,39,36,101.85,26,2,0
14902,2026-03-01 10:00:00,24,9,20.0,12,4,1
14903,2026-03-01 10:00:00,53,16,154.55,16,2,1
14904,2026-03-01 10:00:00,22,36,104.13,18,1,0
14905,2026-03-01 10:00:00,54,48,50.0,20,1,0
14906,2026-03-01 10:00:00,37,51,125.37,19,1,0
14907,2026-03-01 10:00:00,33,33,45.28,16,3,0
14908,2026-03-01 10:00:00,19,55,98.53,14,1,0
14909,2026-03-01 10:00:00,37,31,163.02,16,1,0
14910,2026-03-01 10:00:00,62,6,86.26,20,2,0
14911,2026-03-01 10:00:00,67,10,143.64,22,2,0
14912,2026-03-01 10:00:00,61,16,152.01,12,2,0
14913,2026-03-01 10:00:00,20,4,210.03,19,1,0
14914,2026-03-01 10:00:00,23,54,141.17,22,0,0
14915,2026-03-01 10:00:00,51,22,129.57,31,2,0
14916,2026-03-01 10:00:00,44,13,103.37,8,1,0
14917,2026-03-01 10:00:00,37,16,72.29,16,3,0
14918,2026-03-01 10:00:00,59,52,68.41,20,2,0
14919,2026-03-01 10:00:00,26,29,116.83,12,2,0
14920,2026-03-01 10:00:00,21,6,126.18,18,1,0
14921,2026-03-01 10:00:00,45,26,142.98,15,1,0
14922,2026-03-01 10:00:00,51,11,140.06,21,1,0
14923,2026-03-01 10:00:00,29,24,61.57,27,1,0
14924,2026-03-01 10:00:00,45,29,109.0,17,2,0
14925,2026-03-01 10:00:00,23,3,95.52,22,1,0
14926,2026-03-01 10:00:00,54,52,137.72,25,1,0
14927,2026-03-01 10:00:00,47,10,116.65,26,0,0
14928,2026-03-01 10:00:00,28,1,88.38,24,1,0
14929,2026-03-01 10:00:00,45,52,92.42,20,3,0
14930,2026-03-01 10:00:00,58,43,85.92,21,1,0
14931,2026-03-01 10:00:00,37,26,25.9,22,2,0
14932,2026-03-01 10:00:00,69,58,187.26,27,0,0
14933,2026-03-01 10:00:00,31,12,133.5,24,1,0
14934,2026-03-01 10:00:00,40,14,79.12,25,2,0
14935,2026-03-01 10:00:00,43,25,159.64,22,2,1
14936,2026-03-01 10:00:00,56,8,135.62,23,0,0
14937,2026-03-01 10:00:00,27,43,119.12,23,3,0
14938,2026-03-01 10:00:00,54,4,94.58,23,3,1
14939,2026-03-01 10:00:00,27,28,89.09,17,2,0
14940,2026-03-01 10:00:00,37,7,182.64,28,1,1
14941,2026-03-01 10:00:00,26,10,136.28,17,2,0
14942,2026-03-01 10:00:00,65,51,136.0,17,2,0
14943,2026-03-01 10:00:00,24,57,80.88,23,3,0
14944,2026-03-01 10:00:00,24,58,95.82,17,2,0
14945,2026-03-01 10:00:00,61,36,126.16,15,1,0
14946,2026-03-01 10:00:00,32,2,176.35,17,3,0
14947,2026-03-01 10:00:00,52,26,168.06,20,5,0
14948,2026-03-01 10:00:00,18,53,149.78,15,1,0
14949,2026-03-01 10:00:00,55,50,128.72,32,2,0
14950,2026-03-01 10:00:00,43,14,162.42,14,1,0
14951,2026-03-01 10:00:00,47,58,186.55,18,0,0
14952,2026-03-01 10:00:00,46,16,157.41,20,3,0
14953,2026-03-01 10:00:00,39,54,152.76,28,1,0
14954,2026-03-01 10:00:00,52,43,130.32,22,0,0
14955,2026-03-01 10:00:00,39,42,111.67,11,0,0
14956,2026-03-01 10:00:00,25,17,103.15,24,4,1
14957,2026-03-01 10:00:00,53,46,172.02,21,7,0
14958,2026-03-01 10:00:00,53,22,119.08,23,1,0
14959,2026-03-01 10:00:00,21,4,82.53,25,1,1
14960,2026-03-01 10:00:00,39,19,128.22,18,1,0
14961,2026-03-01 10:00:00,68,2,135.94,24,1,0
14962,2026-03-01 10:00:00,55,39,111.9,18,2,0
14963,2026-03-01 10:00:00,24,9,86.94,21,1,0
14964,2026-03-01 10:00:00,26,19,163.17,17,0,0
14965,2026-03-01 10:00:00,21,16,160.38,19,1,0
14966,2026-03-01 10:00:00,46,54,45.37,18,2,0
14967,2026-03-01 10:00:00,59,25,133.39,18,2,0
14968,2026-03-01 10:00:00,68,48,139.13,20,0,0
14969,2026-03-01 10:00:00,40,18,165.49,16,3,0
14970,2026-03-01 10:00:00,19,23,65.27,12,3,0
14971,2026-03-01 10:00:00,58,53,99.3,18,2,0
14972,2026-03-01 10:00:00,62,21,161.62,17,0,0
14973,2026-03-01 10:00:00,42,11,139.23,12,1,0
14974,2026-03-01 10:00:00,57,39,128.73,16,0,0
14975,2026-03-01 10:00:00,35,41,210.1,19,12,0
14976,2026-03-01 10:00:00,34,4,189.66,22,6,1
14977,2026-03-01 10:00:00,62,25,91.63,15,2,0
14978,2026-03-01 10:00:00,61,32,135.62,32,3,0
14979,2026-03-01 10:00:00,69,30,88.17,12,2,0
14980,2026-03-01 10:00:00,65,45,139.9,19,1,0
14981,2026-03-01 10:00:00,62,59,177.0,25,2,0
14982,2026-03-01 10:00:00,37,26,111.64,14,4,1
14983,2026-03-01 10:00:00,69,57,130.28,16,5,0
14984,2026-03-01 10:00:00,25,36,40.64,24,1,0
14985,2026-03-01 10:00:00,23,51,124.86,23,4,0
14986,2026-03-01 10:00:00,21,34,111.1,16,0,0
14987,2026-03-01 10:00:00,42,9,132.15,20,1,0
14988,2026-03-01 10:00:00,28,12,99.0,26,2,0
14989,2026-03-01 10:00:00,44,2,83.59,14,3,0
14990,2026-03-01 10:00:00,64,38,167.38,17,0,0
14991,2026-03-01 10:00:00,64,5,78.5,25,3,0
14992,2026-03-01 10:00:00,61,5,78.92,20,2,1
14993,2026-03-01 10:00:00,67,52,127.61,24,3,0
14994,2026-03-01 10:00:00,68,22,225.2,16,1,0
14995,2026-03-01 10:00:00,59,5,128.98,24,1,0
14996,2026-03-01 10:00:00,38,59,94.82,19,1,0
14997,2026-03-01 10:00:00,44,4,94.42,15,3,0
14998,2026-03-01 10:00:00,67,9,139.05,24,0,1
14999,2026-03-01 10:00:00,60,29,147.91,19,3,0
15000,2026-03-01 10:00:00,32,22,94.41,15,2,0
15001,2026-03-01 10:00:00,29,27,39.22,19,1,0
15002,2026-03-01 10:00:00,39,10,106.86,24,2,0
15003,2026-03-01 10:00:00,50,16,183.49,16,1,0
15004,2026-03-01 10:00:00,69,42,95.29,14,2,0
15005,2026-03-01 10:00:00,67,42,113.65,20,1,0
15006,2026-03-01 10:00:00,65,51,56.22,17,4,1
15007,2026-03-01 10:00:00,66,10,130.36,25,1,0
15008,2026-03-01 10:00:00,64,6,94.39,16,6,1
15009,2026-03-01 10:00:00,45,49,117.27,17,4,1
15010,2026-03-01 10:00:00,39,5,92.64,21,2,0
15011,2026-03-01 10:00:00,41,58,58.38,26,2,0
15012,2026-03-01 10:00:00,38,6,108.45,21,2,0
15013,2026-03-01 10:00:00,61,59,196.88,19,0,0
15014,2026-03-01 10:00:00,53,56,168.89,23,2,0
15015,2026-03-01 10:00:00,23,59,129.93,23,2,0
15016,2026-03-01 10:00:00,30,47,93.95,28,2,0
15017,2026-03-01 10:00:00,56,25,108.53,25,3,0
15018,2026-03-01 10:00:00,37,59,160.89,23,0,0
15019,2026-03-01 10:00:00,26,51,120.25,20,2,0
15020,2026-03-01 10:00:00,44,50,107.83,16,1,0
15021,2026-03-01 10:00:00,57,4,106.03,17,4,1
15022,2026-03-01 10:00:00,41,40,118.42,11,5,1
15023,2026-03-01 10:00:00,63,59,223.37,12,3,0
15024,2026-03-01 10:00:00,68,48,87.73,32,1,0
15025,2026-03-01 10:00:00,53,32,113.89,17,2,0
15026,2026-03-01 10:00:00,59,56,129.05,27,4,0
15027,2026-03-01 10:00:00,28,51,165.35,21,3,0
15028,2026-03-01 10:00:00,51,52,218.32,27,3,0
15029,2026-03-01 10:00:00,32,35,164.04,26,2,0
15030,2026-03-01 10:00:00,37,10,82.19,18,0,0
15031,2026-03-01 10:00:00,32,34,147.28,23,1,0
15032,2026-03-01 10:00:00,68,36,160.96,25,3,0
15033,2026-03-01 10:00:00,55,6,108.56,27,2,0
15034,2026-03-01 10:00:00,55,43,84.17,15,0,0
15035,2026-03-01 10:00:00,31,46,136.05,16,3,0
15036,2026-03-01 10:00:00,68,16,136.36,16,1,0
15037,2026-03-01 10:00:00,21,59,129.61,29,1,0
15038,2026-03-01 10:00:00,69,53,55.7,29,1,0
15039,2026-03-01 10:00:00,61,19,136.51,12,0,0
15040,2026-03-01 10:00:00,21,34,166.91,12,5,1
15041,2026-03-01 10:00:00,19,25,145.07,18,3,0
15042,2026-03-01 10:00:00,18,31,95.95,35,2,0
15043,2026-03-01 10:00:00,56,49,136.72,18,1,1
15044,2026-03-01 10:00:00,45,41,162.11,15,2,0
15045,2026-03-01 10:00:00,55,17,123.23,19,2,0
15046,2026-03-01 10:00:00,19,47,119.77,22,3,0
15047,2026-03-01 10:00:00,25,30,119.33,24,4,0
15048,2026-03-01 10:00:00,35,39,135.26,19,2,0
15049,2026-03-01 10:00:00,36,54,89.93,18,3,0
15050,2026-03-01 10:00:00,20,55,167.36,24,5,0
15051,2026-03-01 10:00:00,66,31,139.49,17,3,1
15052,2026-03-01 10:00:00,64,19,150.07,14,2,0
15053,2026-03-01 10:00:00,60,35,105.97,20,0,0
15054,2026-03-01 10:00:00,26,29,143.81,25,3,0
15055,2026-03-01 10:00:00,46,59,147.88,13,7,0
15056,2026-03-01 10:00:00,42,1,157.16,19,2,1
15057,2026-03-01 10:00:00,47,4,108.93,28,2,0
15058,2026-03-01 10:00:00,62,28,93.81,20,1,0
15059,2026-03-01 10:00:00,49,18,93.34,19,1,0
15060,2026-03-01 10:00:00,50,26,112.67,18,4,0
15061,2026-03-01 10:00:00,28,40,141.31,18,3,0
15062,2026-03-01 10:00:00,67,19,125.76,21,3,0
15063,2026-03-01 10:00:00,55,55,150.69,24,2,0
15064,2026-03-01 10:00:00,48,55,137.34,22,2,0
15065,2026-03-01 10:00:00,20,57,122.88,26,1,0
15066,2026-03-01 10:00:00,29,6,174.91,22,1,0
15067,2026-03-01 10:00:00,44,1,88.69,15,4,1
15068,2026-03-01 10:00:00,30,8,153.35,15,1,0
15069,2026-03-01 10:00:00,25,33,171.59,14,1,0
15070,2026-03-01 10:00:00,38,51,104.29,14,2,0
15071,2026-03-01 10:00:00,27,43,169.62,19,1,0
15072,2026-03-01 10:00:00,34,21,139.31,13,6,0
15073,2026-03-01 10:00:00,30,24,63.77,14,1,0
15074,2026-03-01 10:00:00,54,25,129.83,27,2,0
15075,2026-03-01 10:00:00,24,47,148.31,31,4,0
15076,2026-03-01 10:00:00,23,55,158.88,19,2,0
15077,2026-03-01 10:00:00,51,57,237.33,19,4,1
15078,2026-03-01 10:00:00,59,43,131.09,17,2,0
15079,2026-03-01 10:00:00,68,19,124.53,21,2,0
15080,2026-03-01 10:00:00,46,29,110.44,18,4,1
15081,2026-03-01 10:00:00,51,53,152.29,24,2,0
15082,2026-03-01 10:00:00,54,10,167.78,21,3,0
15083,2026-03-01 10:00:00,33,56,103.14,18,0,0
15084,2026-03-01 10:00:00,41,12,118.11,24,3,1
15085,2026-03-01 10:00:00,46,33,170.08,21,1,0
15086,2026-03-01 10:00:00,27,56,148.87,18,1,1
15087,2026-03-01 10:00:00,40,7,69.57,18,2,0
15088,2026-03-01 10:00:00,24,17,49.71,12,2,0
15089,2026-03-01 10:00:00,39,58,138.43,14,1,0
15090,2026-03-01 10:00:00,66,10,77.98,18,4,0
15091,2026-03-01 10:00:00,34,31,139.76,26,1,0
15092,2026-03-01 10:00:00,53,6,174.95,26,0,0
15093,2026-03-01 10:00:00,25,17,155.46,22,2,0
15094,2026-03-01 10:00:00,66,50,133.68,10,2,0
15095,2026-03-01 10:00:00,22,37,129.74,16,1,0
15096,2026-03-01 10:00:00,62,18,142.87,15,2,0
15097,2026-03-01 10:00:00,31,26,138.06,28,2,0
15098,2026-03-01 10:00:00,55,49,160.24,20,3,0
15099,2026-03-01 10:00:00,62,54,93.61,25,1,0
15100,2026-03-01 10:00:00,50,16,94.39,21,1,0
15101,2026-03-01 10:00:00,29,8,120.36,19,0,0
15102,2026-03-01 10:00:00,24,24,93.08,21,3,0
15103,2026-03-01 10:00:00,31,13,108.91,24,3,0
15104,2026-03-01 10:00:00,62,29,83.29,16,6,0
15105,2026-03-01 10:00:00,37,32,145.75,27,2,0
15106,2026-03-01 10:00:00,59,24,86.26,19,2,0
15107,2026-03-01 10:00:00,58,16,109.18,18,1,0
15108,2026-03-01 10:00:00,36,11,100.61,24,0,0
15109,2026-03-01 10:00:00,31,32,129.39,11,3,0
15110,2026-03-01 10:00:00,47,6,178.9,28,2,0
15111,2026-03-01 10:00:00,53,59,107.62,28,1,0
15112,2026-03-01 10:00:00,43,35,79.28,26,5,0
15113,2026-03-01 10:00:00,67,33,113.68,22,1,0
15114,2026-03-01 10:00:00,22,18,152.9,10,0,0
15115,2026-03-01 10:00:00,65,37,186.36,24,0,0
15116,2026-03-01 10:00:00,66,13,74.06,20,2,0
15117,2026-03-01 10:00:00,36,10,96.94,19,2,0
15118,2026-03-01 10:00:00,49,37,140.74,26,2,0
15119,2026-03-01 10:00:00,33,26,81.9,21,3,1
15120,2026-03-01 10:00:00,43,46,122.9,19,2,0
15121,2026-03-01 10:00:00,21,17,76.44,22,3,0
15122,2026-03-01 10:00:00,40,1,120.39,16,0,1
15123,2026-03-01 10:00:00,43,25,142.35,18,1,0
15124,2026-03-01 10:00:00,35,34,173.01,28,3,0
15125,2026-03-01 10:00:00,65,39,69.56,23,4,0
15126,2026-03-01 10:00:00,39,10,149.25,21,1,0
15127,2026-03-01 10:00:00,18,20,177.28,14,4,0
15128,2026-03-01 10:00:00,65,7,144.99,22,4,1
15129,2026-03-01 10:00:00,39,56,132.63,18,5,0
15130,2026-03-01 10:00:00,30,16,114.64,23,3,0
15131,2026-03-01 10:00:00,46,37,60.42,20,0,0
15132,2026-03-01 10:00:00,50,29,67.8,23,3,0
15133,2026-03-01 10:00:00,35,12,152.32,18,1,0
15134,2026-03-01 10:00:00,62,17,110.79,27,4,0
15135,2026-03-01 10:00:00,58,48,156.4,31,2,0
15136,2026-03-01 10:00:00,18,20,58.21,14,4,1
15137,2026-03-01 10:00:00,31,26,154.38,26,2,0
15138,2026-03-01 10:00:00,67,48,90.57,23,2,0
15139,2026-03-01 10:00:00,46,19,126.26,21,3,0
15140,2026-03-01 10:00:00,32,58,112.32,16,2,0
15141,2026-03-01 10:00:00,27,47,170.23,19,2,0
15142,2026-03-01 10:00:00,53,12,148.9,25,2,0
15143,2026-03-01 10:00:00,47,21,58.31,21,2,0
15144,2026-03-01 10:00:00,48,42,72.14,21,1,0
15145,2026-03-01 10:00:00,49,58,202.2,17,1,0
15146,2026-03-01 10:00:00,66,54,139.73,29,0,0
15147,2026-03-01 10:00:00,68,34,130.64,23,3,0
15148,2026-03-01 10:00:00,39,7,96.29,23,2,0
15149,2026-03-01 10:00:00,36,45,108.5,22,3,0
15150,2026-03-01 10:00:00,66,35,157.35,26,2,0
15151,2026-03-01 10:00:00,44,15,131.74,21,4,1
15152,2026-03-01 10:00:00,27,1,113.82,13,3,0
15153,2026-03-01 10:00:00,25,26,44.1,20,3,0
15154,2026-03-01 10:00:00,53,35,131.95,24,0,0
15155,2026-03-01 10:00:00,30,25,105.38,24,0,0
15156,2026-03-01 10:00:00,69,42,69.87,21,7,1
15157,2026-03-01 10:00:00,40,59,89.65,18,3,0
15158,2026-03-01 10:00:00,55,59,128.79,24,2,0
15159,2026-03-01 10:00:00,55,15,185.64,24,3,0
15160,2026-03-01 10:00:00,57,22,39.34,17,3,0
15161,2026-03-01 10:00:00,49,59,134.81,20,0,0
15162,2026-03-01 10:00:00,60,6,128.64,19,3,0
15163,2026-03-01 10:00:00,62,52,182.94,16,0,0
15164,2026-03-01 10:00:00,36,15,196.45,20,2,0
15165,2026-03-01 10:00:00,22,24,118.52,24,0,0
15166,2026-03-01 10:00:00,20,21,125.75,19,0,0
15167,2026-03-01 10:00:00,46,7,124.61,15,2,0
15168,2026-03-01 10:00:00,27,57,20.0,21,2,0
15169,2026-03-01 10:00:00,30,29,128.04,14,2,0
15170,2026-03-01 10:00:00,66,32,192.44,13,3,0
15171,2026-03-01 10:00:00,25,32,54.06,16,1,0
15172,2026-03-01 10:00:00,37,53,176.39,12,1,0
15173,2026-03-01 10:00:00,56,59,126.22,27,1,0
15174,2026-03-01 10:00:00,53,5,94.85,24,3,0
15175,2026-03-01 10:00:00,42,4,59.62,21,2,0
15176,2026-03-01 10:00:00,35,22,157.63,18,3,1
15177,2026-03-01 10:00:00,43,18,178.88,17,4,1
15178,2026-03-01 10:00:00,20,35,179.42,18,1,0
15179,2026-03-01 10:00:00,41,17,173.77,15,6,1
15180,2026-03-01 10:00:00,51,50,87.38,26,0,0
15181,2026-03-01 10:00:00,31,50,84.85,19,0,0
15182,2026-03-01 10:00:00,55,56,127.88,14,4,1
15183,2026-03-01 10:00:00,60,24,161.9,26,2,0
15184,2026-03-01 10:00:00,22,2,116.66,23,2,0
15185,2026-03-01 10:00:00,57,13,98.23,24,1,0
15186,2026-03-01 10:00:00,36,54,136.08,19,2,0
15187,2026-03-01 10:00:00,43,15,74.57,16,2,0
15188,2026-03-01 10:00:00,19,5,96.33,20,1,0
15189,2026-03-01 10:00:00,68,3,137.15,22,4,1
15190,2026-03-01 10:00:00,63,37,187.09,17,1,0
15191,2026-03-01 10:00:00,50,37,190.73,15,4,1
15192,2026-03-01 10:00:00,33,37,146.42,18,6,1
15193,2026-03-01 10:00:00,36,3,49.81,16,2,0
15194,2026-03-01 10:00:00,31,35,159.06,20,2,1
15195,2026-03-01 10:00:00,22,52,125.47,12,4,0
15196,2026-03-01 10:00:00,53,23,150.14,21,2,0
15197,2026-03-01 10:00:00,35,28,91.26,19,0,0
15198,2026-03-01 10:00:00,42,30,139.07,21,2,0
15199,2026-03-01 10:00:00,18,18,169.71,13,3,0
15200,2026-03-01 10:00:00,26,58,95.03,16,2,0
15201,2026-03-01 10:00:00,29,52,169.67,24,0,0
15202,2026-03-01 10:00:00,42,36,84.2,16,2,0
15203,2026-03-01 10:00:00,51,33,177.49,19,1,1
15204,2026-03-01 10:00:00,27,26,118.31,24,3,0
15205,2026-03-01 10:00:00,45,48,85.04,22,3,0
15206,2026-03-01 10:00:00,39,40,154.0,21,3,0
15207,2026-03-01 10:00:00,29,17,104.85,23,1,0
15208,2026-03-01 10:00:00,37,40,79.62,15,1,0
15209,2026-03-01 10:00:00,53,7,87.89,17,1,0
15210,2026-03-01 10:00:00,44,57,67.94,28,3,0
15211,2026-03-01 10:00:00,28,8,116.83,20,3,0
15212,2026-03-01 10:00:00,62,53,90.28,18,2,0
15213,2026-03-01 10:00:00,27,56,72.12,14,1,0
15214,2026-03-01 10:00:00,23,31,172.74,24,2,0
15215,2026-03-01 10:00:00,22,59,165.12,23,1,0
15216,2026-03-01 10:00:00,67,58,169.18,18,3,0
15217,2026-03-01 10:00:00,19,12,120.67,15,3,0
15218,2026-03-01 10:00:00,18,48,80.33,16,0,0
15219,2026-03-01 10:00:00,27,31,76.47,22,0,0
15220,2026-03-01 10:00:00,61,44,145.44,19,3,0
15221,2026-03-01 10:00:00,39,19,213.12,22,1,0
15222,2026-03-01 10:00:00,49,10,182.39,22,4,1
15223,2026-03-01 10:00:00,23,39,144.68,17,1,0
15224,2026-03-01 10:00:00,34,12,138.21,23,1,1
15225,2026-03-01 10:00:00,20,20,109.29,31,0,0
15226,2026-03-01 10:00:00,60,37,153.1,23,1,0
15227,2026-03-01 10:00:00,49,48,92.68,20,1,0
15228,2026-03-01 10:00:00,52,41,30.28,17,1,0
15229,2026-03-01 10:00:00,31,7,89.78,20,5,1
15230,2026-03-01 10:00:00,49,52,112.66,21,1,0
15231,2026-03-01 10:00:00,37,54,67.64,21,2,0
15232,2026-03-01 10:00:00,41,58,161.22,24,3,0
15233,2026-03-01 10:00:00,42,14,86.62,14,1,0
15234,2026-03-01 10:00:00,68,11,158.03,23,0,0
15235,2026-03-01 10:00:00,45,7,148.21,17,0,0
15236,2026-03-01 10:00:00,20,29,119.86,18,1,0
15237,2026-03-01 10:00:00,58,10,135.59,16,2,0
15238,2026-03-01 10:00:00,45,29,149.4,19,1,0
15239,2026-03-01 10:00:00,38,9,113.94,20,3,0
15240,2026-03-01 10:00:00,23,36,190.38,21,2,0
15241,2026-03-01 10:00:00,53,48,64.31,22,3,0
15242,2026-03-01 10:00:00,26,10,101.72,16,2,0
15243,2026-03-01 10:00:00,67,19,119.82,24,1,0
15244,2026-03-01 10:00:00,40,56,207.0,15,4,0
15245,2026-03-01 10:00:00,64,31,85.42,24,0,0
15246,2026-03-01 10:00:00,48,17,189.27,29,2,0
15247,2026-03-01 10:00:00,58,9,93.73,16,1,0
15248,2026-03-01 10:00:00,41,45,158.5,15,2,0
15249,2026-03-01 10:00:00,34,33,111.21,25,1,0
15250,2026-03-01 10:00:00,43,34,71.78,13,2,0
15251,2026-03-01 10:00:00,58,45,170.84,26,1,0
15252,2026-03-01 10:00:00,51,24,110.88,26,3,0
15253,2026-03-01 10:00:00,22,9,87.53,15,3,0
15254,2026-03-01 10:00:00,66,7,106.12,15,1,0
15255,2026-03-01 10:00:00,19,16,69.15,22,2,0
15256,2026-03-01 10:00:00,64,19,99.05,28,1,0
15257,2026-03-01 10:00:00,39,39,120.61,18,2,0
15258,2026-03-01 10:00:00,69,6,134.98,25,2,0
15259,2026-03-01 10:00:00,22,50,164.95,22,2,0
15260,2026-03-01 10:00:00,43,51,138.26,19,3,0
15261,2026-03-01 10:00:00,38,11,20.0,24,2,0
15262,2026-03-01 10:00:00,19,12,147.56,25,1,0
15263,2026-03-01 10:00:00,52,58,74.77,15,0,0
15264,2026-03-01 10:00:00,38,42,131.38,23,1,0
15265,2026-03-01 10:00:00,32,13,139.84,21,3,1
15266,2026-03-01 10:00:00,31,12,165.51,13,1,0
15267,2026-03-01 10:00:00,43,21,154.3,17,2,0
15268,2026-03-01 10:00:00,25,10,97.62,29,4,0
15269,2026-03-01 10:00:00,62,20,180.85,28,1,0
15270,2026-03-01 10:00:00,33,50,98.32,20,3,0
15271,2026-03-01 10:00:00,55,36,85.94,21,1,0
15272,2026-03-01 10:00:00,39,28,158.34,22,4,0
15273,2026-03-01 10:00:00,66,24,140.27,23,1,0
15274,2026-03-01 10:00:00,40,5,115.61,19,5,1
15275,2026-03-01 10:00:00,25,37,153.12,21,3,0
15276,2026-03-01 10:00:00,24,12,110.2,20,2,0
15277,2026-03-01 10:00:00,45,58,126.73,13,1,0
15278,2026-03-01 10:00:00,43,35,175.07,20,3,0
15279,2026-03-01 10:00:00,39,40,133.14,23,0,0
15280,2026-03-01 10:00:00,45,54,97.0,19,2,0
15281,2026-03-01 10:00:00,67,2,105.58,23,4,1
15282,2026-03-01 10:00:00,43,50,195.81,26,3,0
15283,2026-03-01 10:00:00,53,41,95.89,21,2,0
15284,2026-03-01 10:00:00,52,45,118.7,25,1,0
15285,2026-03-01 10:00:00,26,39,80.3,23,4,1
15286,2026-03-01 10:00:00,29,42,43.06,14,4,1
15287,2026-03-01 10:00:00,30,9,100.83,17,3,0
15288,2026-03-01 10:00:00,35,22,99.13,14,3,0
15289,2026-03-01 10:00:00,52,47,122.78,24,1,0
15290,2026-03-01 10:00:00,19,5,49.85,20,3,1
15291,2026-03-01 10:00:00,20,12,119.22,18,1,0
15292,2026-03-01 10:00:00,54,1,88.06,25,1,0
15293,2026-03-01 10:00:00,55,44,129.54,23,3,0
15294,2026-03-01 10:00:00,62,22,30.72,16,1,0
15295,2026-03-01 10:00:00,24,38,169.9,20,3,0
15296,2026-03-01 10:00:00,53,51,127.9,20,1,0
15297,2026-03-01 10:00:00,43,19,163.43,7,2,1
15298,2026-03-01 10:00:00,39,16,102.59,25,2,0
15299,2026-03-01 10:00:00,35,31,129.57,19,0,0
15300,2026-03-01 10:00:00,61,51,67.94,16,2,0
15301,2026-03-01 10:00:00,53,3,84.78,20,1,0
15302,2026-03-01 10:00:00,43,23,71.83,26,2,0
15303,2026-03-01 10:00:00,24,42,86.51,26,2,0
15304,2026-03-01 10:00:00,61,59,76.1,22,0,0
15305,2026-03-01 10:00:00,68,18,183.71,23,0,0
15306,2026-03-01 10:00:00,51,26,61.65,14,3,0
15307,2026-03-01 10:00:00,43,13,93.05,15,5,0
15308,2026-03-01 10:00:00,63,58,123.42,14,2,0
15309,2026-03-01 10:00:00,26,18,181.8,16,0,0
15310,2026-03-01 10:00:00,57,3,126.07,17,1,0
15311,2026-03-01 10:00:00,52,58,169.63,14,0,0
15312,2026-03-01 10:00:00,62,23,172.07,18,0,0
15313,2026-03-01 10:00:00,54,3,121.56,18,3,1
15314,2026-03-01 10:00:00,30,55,83.89,20,0,0
15315,2026-03-01 10:00:00,61,25,154.68,24,3,0
15316,2026-03-01 10:00:00,66,27,89.4,20,4,0
15317,2026-03-01 10:00:00,60,58,125.59,23,1,0
15318,2026-03-01 10:00:00,27,44,97.19,22,3,0
15319,2026-03-01 10:00:00,64,27,121.46,21,3,0
15320,2026-03-01 10:00:00,63,52,75.1,26,2,1
15321,2026-03-01 10:00:00,29,39,120.35,26,2,0
15322,2026-03-01 10:00:00,66,25,98.07,23,3,0
15323,2026-03-01 10:00:00,19,24,68.82,23,3,0
15324,2026-03-01 10:00:00,55,8,171.37,16,0,0
15325,2026-03-01 10:00:00,34,9,115.81,21,2,0
15326,2026-03-01 10:00:00,56,46,146.15,25,4,1
15327,2026-03-01 10:00:00,23,37,157.45,21,3,0
15328,2026-03-01 10:00:00,65,30,96.44,25,1,1
15329,2026-03-01 10:00:00,52,53,144.21,16,2,0
15330,2026-03-01 10:00:00,55,19,96.43,15,0,0
15331,2026-03-01 10:00:00,27,53,103.19,21,4,0
15332,2026-03-01 10:00:00,32,16,146.29,17,2,0
15333,2026-03-01 10:00:00,68,24,96.9,17,1,0
15334,2026-03-01 10:00:00,52,44,195.71,18,2,0
15335,2026-03-01 10:00:00,42,21,197.68,22,4,1
15336,2026-03-01 10:00:00,64,36,181.61,30,1,0
15337,2026-03-01 10:00:00,44,40,136.32,23,3,0
15338,2026-03-01 10:00:00,35,39,106.28,22,3,0
15339,2026-03-01 10:00:00,61,47,120.5,21,0,0
15340,2026-03-01 10:00:00,22,6,134.11,19,2,0
15341,2026-03-01 10:00:00,57,5,135.36,24,4,1
15342,2026-03-01 10:00:00,38,14,95.79,18,2,0
15343,2026-03-01 10:00:00,66,53,199.34,13,2,0
15344,2026-03-01 10:00:00,46,45,106.72,17,2,0
15345,2026-03-01 10:00:00,28,42,64.04,20,2,0
15346,2026-03-01 10:00:00,33,50,119.59,24,3,0
15347,2026-03-01 10:00:00,39,4,69.54,20,4,1
15348,2026-03-01 10:00:00,61,8,117.19,21,1,0
15349,2026-03-01 10:00:00,51,24,114.47,26,1,0
15350,2026-03-01 10:00:00,59,11,153.4,22,1,0
15351,2026-03-01 10:00:00,24,17,161.9,20,0,0
15352,2026-03-01 10:00:00,38,50,93.2,24,1,0
15353,2026-03-01 10:00:00,67,21,75.63,27,0,0
15354,2026-03-01 10:00:00,41,57,125.88,27,0,0
15355,2026-03-01 10:00:00,38,26,107.09,19,1,0
15356,2026-03-01 10:00:00,68,43,98.4,17,2,0
15357,2026-03-01 10:00:00,53,48,108.66,19,4,1
15358,2026-03-01 10:00:00,39,44,181.93,20,2,0
15359,2026-03-01 10:00:00,67,45,67.62,20,3,1
15360,2026-03-01 10:00:00,20,27,94.58,27,1,0
15361,2026-03-01 10:00:00,69,16,80.01,25,4,1
15362,2026-03-01 10:00:00,54,55,149.95,16,1,0
15363,2026-03-01 10:00:00,28,26,137.4,13,0,0
15364,2026-03-01 10:00:00,57,53,110.04,16,2,0
15365,2026-03-01 10:00:00,61,33,132.32,17,3,0
15366,2026-03-01 10:00:00,51,31,58.3,29,5,0
15367,2026-03-01 10:00:00,43,48,152.22,18,2,0
15368,2026-03-01 10:00:00,40,47,81.0,26,3,0
15369,2026-03-01 10:00:00,57,6,91.48,14,2,0
15370,2026-03-01 10:00:00,49,44,146.17,20,2,0
15371,2026-03-01 10:00:00,37,8,20.0,22,2,0
15372,2026-03-01 10:00:00,26,7,110.68,23,5,0
15373,2026-03-01 10:00:00,43,34,126.98,22,1,0
15374,2026-03-01 10:00:00,64,44,120.83,17,1,0
15375,2026-03-01 10:00:00,32,53,144.85,24,5,0
15376,2026-03-01 10:00:00,60,14,133.42,16,2,0
15377,2026-03-01 10:00:00,40,16,119.25,24,1,0
15378,2026-03-01 10:00:00,48,43,43.24,16,1,0
15379,2026-03-01 10:00:00,45,52,79.76,18,2,0
15380,2026-03-01 10:00:00,69,9,107.91,16,3,0
15381,2026-03-01 10:00:00,26,10,51.71,19,0,0
15382,2026-03-01 10:00:00,69,17,49.61,18,3,0
15383,2026-03-01 10:00:00,22,12,172.44,23,3,1
15384,2026-03-01 10:00:00,33,6,148.54,16,3,0
15385,2026-03-01 10:00:00,50,19,98.46,20,2,0
15386,2026-03-01 10:00:00,47,43,138.35,18,2,0
15387,2026-03-01 10:00:00,33,41,65.99,16,4,0
15388,2026-03-01 10:00:00,27,53,142.84,22,3,0
15389,2026-03-01 10:00:00,39,29,118.64,20,1,0
15390,2026-03-01 10:00:00,45,6,181.89,16,1,0
15391,2026-03-01 10:00:00,41,59,155.13,20,2,0
15392,2026-03-01 10:00:00,51,25,106.6,19,3,0
15393,2026-03-01 10:00:00,31,57,192.41,28,6,0
15394,2026-03-01 10:00:00,64,24,150.48,22,2,0
15395,2026-03-01 10:00:00,64,25,155.76,14,1,0
15396,2026-03-01 10:00:00,24,16,113.7,19,4,0
15397,2026-03-01 10:00:00,37,52,188.85,23,1,0
15398,2026-03-01 10:00:00,29,16,116.25,10,3,0
15399,2026-03-01 10:00:00,21,6,110.54,19,3,0
15400,2026-03-01 10:00:00,19,37,166.79,22,1,0
15401,2026-03-01 10:00:00,30,21,118.83,21,1,0
15402,2026-03-01 10:00:00,29,4,110.9,20,3,0
15403,2026-03-01 10:00:00,55,34,172.63,21,1,0
15404,2026-03-01 10:00:00,25,28,110.06,24,3,0
15405,2026-03-01 10:00:00,66,38,190.33,14,3,0
15406,2026-03-01 10:00:00,57,41,114.89,8,2,0
15407,2026-03-01 10:00:00,19,28,106.55,22,1,0
15408,2026-03-01 10:00:00,38,17,136.29,13,2,0
15409,2026-03-01 10:00:00,30,14,147.28,21,2,0
15410,2026-03-01 10:00:00,23,7,88.02,20,2,0
15411,2026-03-01 10:00:00,23,22,65.16,19,2,0
15412,2026-03-01 10:00:00,39,51,81.1,21,0,0
15413,2026-03-01 10:00:00,32,1,135.46,20,2,0
15414,2026-03-01 10:00:00,55,29,123.73,16,2,0
15415,2026-03-01 10:00:00,51,52,143.08,15,3,0
15416,2026-03-01 10:00:00,38,31,85.85,13,2,0
15417,2026-03-01 10:00:00,42,30,166.3,19,2,0
15418,2026-03-01 10:00:00,54,57,150.76,17,2,0
15419,2026-03-01 10:00:00,57,15,181.42,20,1,0
15420,2026-03-01 10:00:00,25,18,128.45,29,1,0
15421,2026-03-01 10:00:00,27,35,120.1,27,2,0
15422,2026-03-01 10:00:00,33,50,119.39,20,3,0
15423,2026-03-01 10:00:00,28,30,132.48,23,2,0
15424,2026-03-01 10:00:00,22,34,81.17,15,4,0
15425,2026-03-01 10:00:00,37,42,104.9,21,0,0
15426,2026-03-01 10:00:00,40,11,183.53,24,8,1
15427,2026-03-01 10:00:00,69,27,124.18,20,1,0
15428,2026-03-01 10:00:00,47,24,121.57,19,1,0
15429,2026-03-01 10:00:00,46,35,117.08,17,2,0
15430,2026-03-01 10:00:00,18,39,126.56,10,2,0
15431,2026-03-01 10:00:00,43,8,142.7,20,2,0
15432,2026-03-01 10:00:00,36,51,73.73,19,1,0
15433,2026-03-01 10:00:00,56,18,83.31,26,3,0
15434,2026-03-01 10:00:00,21,13,118.37,20,3,0
15435,2026-03-01 10:00:00,37,45,107.45,15,3,0
15436,2026-03-01 10:00:00,58,24,94.96,24,1,0
15437,2026-03-01 10:00:00,52,51,110.19,17,3,0
15438,2026-03-01 10:00:00,21,23,92.78,23,4,1
15439,2026-03-01 10:00:00,27,12,95.75,20,0,0
15440,2026-03-01 10:00:00,63,49,72.22,18,3,0
15441,2026-03-01 10:00:00,63,30,150.09,16,2,0
15442,2026-03-01 10:00:00,56,31,120.7,25,1,0
15443,2026-03-01 10:00:00,51,28,164.35,21,4,1
15444,2026-03-01 10:00:00,54,22,108.96,22,1,0
15445,2026-03-01 10:00:00,48,44,197.21,21,2,0
15446,2026-03-01 10:00:00,50,28,156.78,21,3,0
15447,2026-03-01 10:00:00,69,13,81.3,22,2,0
15448,2026-03-01 10:00:00,28,25,100.06,24,1,0
15449,2026-03-01 10:00:00,32,44,178.48,23,3,0
15450,2026-03-01 10:00:00,29,51,100.39,17,1,0
15451,2026-03-01 10:00:00,26,46,216.39,30,0,0
15452,2026-03-01 10:00:00,24,7,166.76,15,1,0
15453,2026-03-01 10:00:00,37,45,123.63,20,3,0
15454,2026-03-01 10:00:00,19,6,130.05,23,0,0
15455,2026-03-01 10:00:00,49,24,171.52,15,0,1
15456,2026-03-01 10:00:00,44,19,204.79,22,1,0
15457,2026-03-01 10:00:00,51,19,141.41,23,1,0
15458,2026-03-01 10:00:00,56,36,121.73,25,0,0
15459,2026-03-01 10:00:00,43,51,110.89,18,1,0
15460,2026-03-01 10:00:00,21,9,116.96,23,3,0
15461,2026-03-01 10:00:00,31,48,125.85,16,2,0
15462,2026-03-01 10:00:00,60,59,112.16,23,2,0
15463,2026-03-01 10:00:00,60,36,115.08,27,0,0
15464,2026-03-01 10:00:00,64,38,115.82,18,4,0
15465,2026-03-01 10:00:00,25,40,68.58,23,1,0
15466,2026-03-01 10:00:00,55,59,52.15,18,1,1
15467,2026-03-01 10:00:00,58,29,179.15,20,2,0
15468,2026-03-01 10:00:00,36,24,124.77,19,2,0
15469,2026-03-01 10:00:00,60,48,87.35,18,0,0
15470,2026-03-01 10:00:00,53,5,126.55,13,0,0
15471,2026-03-01 10:00:00,53,53,144.56,20,1,0
15472,2026-03-01 10:00:00,59,54,150.44,20,3,0
15473,2026-03-01 10:00:00,43,42,136.18,24,2,0
15474,2026-03-01 10:00:00,40,55,179.4,29,1,0
15475,2026-03-01 10:00:00,36,45,71.61,18,2,0
15476,2026-03-01 10:00:00,39,26,108.23,19,1,0
15477,2026-03-01 10:00:00,19,14,87.74,24,4,0
15478,2026-03-01 10:00:00,34,39,74.48,19,0,0
15479,2026-03-01 10:00:00,21,29,165.4,28,2,0
15480,2026-03-01 10:00:00,51,52,145.0,18,2,1
15481,2026-03-01 10:00:00,48,6,138.04,15,2,0
15482,2026-03-01 10:00:00,19,7,153.73,17,3,0
15483,2026-03-01 10:00:00,65,37,100.3,21,1,0
15484,2026-03-01 10:00:00,22,53,47.43,17,1,0
15485,2026-03-01 10:00:00,48,18,98.85,20,2,0
15486,2026-03-01 10:00:00,60,23,20.0,24,0,0
15487,2026-03-01 10:00:00,67,44,138.18,17,3,0
15488,2026-03-01 10:00:00,49,38,115.07,20,3,0
15489,2026-03-01 10:00:00,36,59,73.05,18,4,1
15490,2026-03-01 10:00:00,44,1,56.07,26,2,1
15491,2026-03-01 10:00:00,36,4,92.21,18,1,0
15492,2026-03-01 10:00:00,34,51,149.38,20,2,0
15493,2026-03-01 10:00:00,34,44,58.16,27,1,0
15494,2026-03-01 10:00:00,29,47,142.4,23,1,0
15495,2026-03-01 10:00:00,51,35,124.39,24,1,0
15496,2026-03-01 10:00:00,54,23,116.37,13,0,0
15497,2026-03-01 10:00:00,49,27,112.87,18,2,0
15498,2026-03-01 10:00:00,53,26,76.88,16,0,0
15499,2026-03-01 10:00:00,33,52,118.02,20,2,0
15500,2026-03-01 10:00:00,27,8,111.14,18,3,0
15501,2026-03-01 10:00:00,63,43,129.47,20,1,0
15502,2026-03-01 10:00:00,33,16,94.92,18,0,0
15503,2026-03-01 10:00:00,44,41,89.54,17,0,0
15504,2026-03-01 10:00:00,59,3,133.79,24,3,1
15505,2026-03-01 10:00:00,55,32,95.93,18,2,0
15506,2026-03-01 10:00:00,53,5,145.9,20,1,0
15507,2026-03-01 10:00:00,23,20,93.8,18,3,0
15508,2026-03-01 10:00:00,39,14,106.49,24,5,1
15509,2026-03-01 10:00:00,26,32,119.7,28,3,0
15510,2026-03-01 10:00:00,25,26,170.55,22,2,0
15511,2026-03-01 10:00:00,56,47,110.64,16,3,0
15512,2026-03-01 10:00:00,29,6,164.4,21,1,0
15513,2026-03-01 10:00:00,29,59,85.87,23,1,0
15514,2026-03-01 10:00:00,66,58,29.4,17,1,0
15515,2026-03-01 10:00:00,36,36,24.29,22,3,0
15516,2026-03-01 10:00:00,30,40,108.39,21,3,0
15517,2026-03-01 10:00:00,61,51,62.42,15,5,1
15518,2026-03-01 10:00:00,44,59,20.0,17,1,0
15519,2026-03-01 10:00:00,43,5,118.49,19,3,1
15520,2026-03-01 10:00:00,44,13,166.61,23,4,1
15521,2026-03-01 10:00:00,24,32,101.84,13,2,0
15522,2026-03-01 10:00:00,27,16,123.35,22,0,0
15523,2026-03-01 10:00:00,27,1,155.84,23,3,0
15524,2026-03-01 10:00:00,46,13,94.56,15,3,0
15525,2026-03-01 10:00:00,46,54,169.79,23,6,0
15526,2026-03-01 10:00:00,43,11,84.02,25,4,1
15527,2026-03-01 10:00:00,56,53,122.23,24,2,0
15528,2026-03-01 10:00:00,48,8,101.85,17,3,0
15529,2026-03-01 10:00:00,65,25,113.31,27,0,0
15530,2026-03-01 10:00:00,33,40,196.24,26,0,0
15531,2026-03-01 10:00:00,29,32,94.31,24,4,0
15532,2026-03-01 10:00:00,49,24,55.21,12,2,0
15533,2026-03-01 10:00:00,42,28,193.34,20,2,0
15534,2026-03-01 10:00:00,27,14,125.06,22,1,0
15535,2026-03-01 10:00:00,66,45,103.49,17,2,0
15536,2026-03-01 10:00:00,25,3,77.46,18,2,1
15537,2026-03-01 10:00:00,56,36,129.19,16,0,0
15538,2026-03-01 10:00:00,35,27,186.19,18,0,1
15539,2026-03-01 10:00:00,30,20,57.55,15,6,1
15540,2026-03-01 10:00:00,66,47,51.59,26,0,0
15541,2026-03-01 10:00:00,24,15,98.78,14,2,0
15542,2026-03-01 10:00:00,27,27,63.56,28,3,0
15543,2026-03-01 10:00:00,41,53,110.39,23,5,0
15544,2026-03-01 10:00:00,37,45,115.44,23,3,0
15545,2026-03-01 10:00:00,59,41,84.94,23,5,0
15546,2026-03-01 10:00:00,34,28,20.0,16,4,0
15547,2026-03-01 10:00:00,58,25,138.34,22,1,0
15548,2026-03-01 10:00:00,47,42,192.85,21,1,1
15549,2026-03-01 10:00:00,32,44,109.24,17,4,1
15550,2026-03-01 10:00:00,48,46,149.14,12,3,0
15551,2026-03-01 10:00:00,50,33,98.33,23,1,0
15552,2026-03-01 10:00:00,35,46,114.53,21,1,0
15553,2026-03-01 10:00:00,63,14,158.87,19,0,0
15554,2026-03-01 10:00:00,66,8,118.29,22,1,0
15555,2026-03-01 10:00:00,56,48,203.03,25,5,0
15556,2026-03-01 10:00:00,32,14,139.75,19,2,0
15557,2026-03-01 10:00:00,28,1,37.27,15,0,1
15558,2026-03-01 10:00:00,43,16,150.33,11,1,0
15559,2026-03-01 10:00:00,33,18,79.21,29,2,0
15560,2026-03-01 10:00:00,19,7,129.44,25,2,0
15561,2026-03-01 10:00:00,43,15,175.15,24,1,0
15562,2026-03-01 10:00:00,38,24,82.23,18,1,0
15563,2026-03-01 10:00:00,31,49,183.2,16,0,0
15564,2026-03-01 10:00:00,25,51,138.75,17,2,0
15565,2026-03-01 10:00:00,58,55,69.97,18,2,0
15566,2026-03-01 10:00:00,45,13,112.05,14,2,0
15567,2026-03-01 10:00:00,46,9,149.42,17,1,0
15568,2026-03-01 10:00:00,52,56,90.45,16,2,0
15569,2026-03-01 10:00:00,36,56,76.64,22,2,0
15570,2026-03-01 10:00:00,37,15,50.41,27,2,0
15571,2026-03-01 10:00:00,37,57,100.75,20,4,0
15572,2026-03-01 10:00:00,27,58,142.74,22,2,0
15573,2026-03-01 10:00:00,38,35,113.29,22,3,0
15574,2026-03-01 10:00:00,24,24,125.53,29,5,1
15575,2026-03-01 10:00:00,48,33,104.36,24,2,0
15576,2026-03-01 10:00:00,62,16,81.67,21,1,0
15577,2026-03-01 10:00:00,43,8,142.79,21,2,0
15578,2026-03-01 10:00:00,54,29,152.49,25,1,0
15579,2026-03-01 10:00:00,40,23,92.57,19,4,0
15580,2026-03-01 10:00:00,19,45,143.23,32,3,0
15581,2026-03-01 10:00:00,31,31,108.54,18,1,0
15582,2026-03-01 10:00:00,64,40,87.95,21,2,0
15583,2026-03-01 10:00:00,63,49,185.33,20,2,0
15584,2026-03-01 10:00:00,53,54,127.71,20,0,0
15585,2026-03-01 10:00:00,32,55,150.93,21,2,0
15586,2026-03-01 10:00:00,51,14,132.86,21,2,0
15587,2026-03-01 10:00:00,28,59,91.78,21,1,0
15588,2026-03-01 10:00:00,18,53,126.54,28,1,0
15589,2026-03-01 10:00:00,46,30,181.77,11,5,0
15590,2026-03-01 10:00:00,60,53,113.02,15,1,0
15591,2026-03-01 10:00:00,36,39,76.73,15,1,0
15592,2026-03-01 10:00:00,49,27,118.02,16,1,0
15593,2026-03-01 10:00:00,19,47,162.54,16,2,0
15594,2026-03-01 10:00:00,59,16,157.08,23,2,0
15595,2026-03-01 10:00:00,52,51,91.18,23,2,0
15596,2026-03-01 10:00:00,63,6,168.46,11,1,0
15597,2026-03-01 10:00:00,56,55,165.04,19,1,0
15598,2026-03-01 10:00:00,33,33,155.09,23,1,0
15599,2026-03-01 10:00:00,68,44,66.48,28,1,0
15600,2026-03-01 10:00:00,62,18,47.49,15,4,1
15601,2026-03-01 10:00:00,56,16,217.95,14,0,0
15602,2026-03-01 10:00:00,54,12,113.42,22,3,0
15603,2026-03-01 10:00:00,56,20,85.69,23,4,0
15604,2026-03-01 10:00:00,41,45,99.9,13,1,0
15605,2026-03-01 10:00:00,26,40,128.93,27,3,0
15606,2026-03-01 10:00:00,58,59,55.13,21,1,0
15607,2026-03-01 10:00:00,62,29,142.11,18,4,0
15608,2026-03-01 10:00:00,67,30,134.62,15,1,0
15609,2026-03-01 10:00:00,66,26,126.79,20,2,0
15610,2026-03-01 10:00:00,27,22,156.36,19,2,0
15611,2026-03-01 10:00:00,31,33,103.73,19,2,0
15612,2026-03-01 10:00:00,53,58,144.84,21,1,1
15613,2026-03-01 10:00:00,45,53,61.43,23,1,1
15614,2026-03-01 10:00:00,30,39,107.76,17,0,0
15615,2026-03-01 10:00:00,19,47,135.87,16,5,1
15616,2026-03-01 10:00:00,41,29,85.74,19,1,0
15617,2026-03-01 10:00:00,19,22,134.9,23,1,0
15618,2026-03-01 10:00:00,25,45,59.5,28,4,1
15619,2026-03-01 10:00:00,20,13,85.49,12,5,1
15620,2026-03-01 10:00:00,63,9,56.27,17,2,0
15621,2026-03-01 10:00:00,67,24,154.51,13,0,0
15622,2026-03-01 10:00:00,20,15,82.05,18,1,0
15623,2026-03-01 10:00:00,59,36,123.56,20,3,0
15624,2026-03-01 10:00:00,60,13,92.04,18,0,0
15625,2026-03-01 10:00:00,55,27,178.39,26,1,0
15626,2026-03-01 10:00:00,51,44,161.19,24,2,0
15627,2026-03-01 10:00:00,31,37,133.66,15,1,0
15628,2026-03-01 10:00:00,68,7,194.4,20,2,0
15629,2026-03-01 10:00:00,39,8,112.19,23,1,0
15630,2026-03-01 10:00:00,26,37,82.24,31,3,0
15631,2026-03-01 10:00:00,34,41,160.42,16,2,0
15632,2026-03-01 10:00:00,36,14,63.73,18,3,0
15633,2026-03-01 10:00:00,56,58,121.85,15,3,0
15634,2026-03-01 10:00:00,52,12,132.02,20,0,0
15635,2026-03-01 10:00:00,47,36,135.4,23,4,0
15636,2026-03-01 10:00:00,58,52,171.55,14,2,0
15637,2026-03-01 10:00:00,45,40,193.96,20,2,0
15638,2026-03-01 10:00:00,55,17,92.11,21,3,0
15639,2026-03-01 10:00:00,40,40,134.19,16,1,0
15640,2026-03-01 10:00:00,69,53,138.22,22,3,0
15641,2026-03-01 10:00:00,30,29,147.43,18,2,0
15642,2026-03-01 10:00:00,66,27,139.89,15,1,0
15643,2026-03-01 10:00:00,40,1,91.84,19,1,0
15644,2026-03-01 10:00:00,68,52,100.52,18,2,0
15645,2026-03-01 10:00:00,34,34,58.31,16,0,0
15646,2026-03-01 10:00:00,60,4,82.6,16,4,1
15647,2026-03-01 10:00:00,27,24,77.06,16,1,0
15648,2026-03-01 10:00:00,19,21,109.71,22,2,0
15649,2026-03-01 10:00:00,21,33,170.08,20,3,0
15650,2026-03-01 10:00:00,60,7,107.57,21,4,1
15651,2026-03-01 10:00:00,59,1,176.31,26,3,1
15652,2026-03-01 10:00:00,60,41,46.86,18,0,0
15653,2026-03-01 10:00:00,25,3,100.53,19,1,0
15654,2026-03-01 10:00:00,48,44,117.3,15,3,0
15655,2026-03-01 10:00:00,24,51,175.31,21,2,0
15656,2026-03-01 10:00:00,42,15,155.91,16,3,0
15657,2026-03-01 10:00:00,68,31,163.28,21,3,0
15658,2026-03-01 10:00:00,65,54,126.37,21,3,0
15659,2026-03-01 10:00:00,61,16,120.51,21,2,0
15660,2026-03-01 10:00:00,58,10,186.87,14,1,0
15661,2026-03-01 10:00:00,25,54,114.85,20,4,0
15662,2026-03-01 10:00:00,63,29,118.37,21,3,0
15663,2026-03-01 10:00:00,33,59,92.83,19,3,0
15664,2026-03-01 10:00:00,50,59,148.2,16,1,0
15665,2026-03-01 10:00:00,47,6,108.02,20,0,1
15666,2026-03-01 10:00:00,57,29,138.39,25,1,0
15667,2026-03-01 10:00:00,38,17,114.27,15,3,0
15668,2026-03-01 10:00:00,42,53,155.97,19,3,0
15669,2026-03-01 10:00:00,45,22,105.4,13,2,0
15670,2026-03-01 10:00:00,23,24,110.0,18,3,1
15671,2026-03-01 10:00:00,51,17,140.95,22,4,1
15672,2026-03-01 10:00:00,65,21,149.08,13,3,0
15673,2026-03-01 10:00:00,66,51,143.31,17,3,0
15674,2026-03-01 10:00:00,55,50,133.04,21,0,1
15675,2026-03-01 10:00:00,29,11,130.3,18,0,0
15676,2026-03-01 10:00:00,25,56,113.0,21,2,0
15677,2026-03-01 10:00:00,54,7,183.71,15,1,0
15678,2026-03-01 10:00:00,46,42,107.15,17,4,1
15679,2026-03-01 10:00:00,52,39,140.74,14,0,0
15680,2026-03-01 10:00:00,60,5,137.79,22,0,1
15681,2026-03-01 10:00:00,27,44,55.16,26,2,0
15682,2026-03-01 10:00:00,25,48,106.84,26,1,0
15683,2026-03-01 10:00:00,49,57,179.14,18,2,0
15684,2026-03-01 10:00:00,31,21,136.75,22,0,0
15685,2026-03-01 10:00:00,22,18,196.36,20,1,0
15686,2026-03-01 10:00:00,47,35,106.37,17,5,0
15687,2026-03-01 10:00:00,46,20,129.62,23,4,1
15688,2026-03-01 10:00:00,62,15,149.99,18,1,0
15689,2026-03-01 10:00:00,46,5,98.31,17,3,0
15690,2026-03-01 10:00:00,31,13,104.37,21,1,0
15691,2026-03-01 10:00:00,41,51,72.49,20,3,0
15692,2026-03-01 10:00:00,61,12,106.83,19,3,1
15693,2026-03-01 10:00:00,31,55,130.08,18,1,0
15694,2026-03-01 10:00:00,50,21,195.14,24,0,0
15695,2026-03-01 10:00:00,25,37,145.56,26,1,1
15696,2026-03-01 10:00:00,64,6,64.95,26,4,0
15697,2026-03-01 10:00:00,58,7,129.8,30,2,0
15698,2026-03-01 10:00:00,57,26,89.48,15,4,1
15699,2026-03-01 10:00:00,44,42,71.55,12,0,0
15700,2026-03-01 10:00:00,45,48,166.75,24,1,0
15701,2026-03-01 10:00:00,18,8,116.18,27,1,0
15702,2026-03-01 10:00:00,31,9,96.84,29,0,0
15703,2026-03-01 10:00:00,26,27,175.13,26,4,1
15704,2026-03-01 10:00:00,56,4,81.54,26,2,0
15705,2026-03-01 10:00:00,22,21,95.49,15,1,1
15706,2026-03-01 10:00:00,25,31,191.4,19,4,0
15707,2026-03-01 10:00:00,36,21,156.7,29,1,0
15708,2026-03-01 10:00:00,24,40,136.21,20,2,0
15709,2026-03-01 10:00:00,54,25,168.9,17,2,0
15710,2026-03-01 10:00:00,65,39,115.35,13,1,0
15711,2026-03-01 10:00:00,43,15,66.04,20,2,0
15712,2026-03-01 10:00:00,64,53,121.07,19,0,0
15713,2026-03-01 10:00:00,24,35,70.79,21,0,0
15714,2026-03-01 10:00:00,28,49,137.72,15,2,0
15715,2026-03-01 10:00:00,53,43,201.0,22,3,0
15716,2026-03-01 10:00:00,47,41,119.49,22,0,0
15717,2026-03-01 10:00:00,60,37,120.31,18,4,1
15718,2026-03-01 10:00:00,41,57,143.89,18,4,0
15719,2026-03-01 10:00:00,27,42,156.28,29,2,0
15720,2026-03-01 10:00:00,40,47,189.79,21,2,0
15721,2026-03-01 10:00:00,58,28,148.19,23,1,0
15722,2026-03-01 10:00:00,58,14,213.32,10,2,0
15723,2026-03-01 10:00:00,53,4,106.17,16,2,0
15724,2026-03-01 10:00:00,41,53,119.47,24,0,0
15725,2026-03-01 10:00:00,42,20,106.94,19,0,1
15726,2026-03-01 10:00:00,66,34,147.29,21,5,1
15727,2026-03-01 10:00:00,64,12,208.24,16,0,0
15728,2026-03-01 10:00:00,18,33,102.76,18,1,0
15729,2026-03-01 10:00:00,38,24,133.68,20,1,0
15730,2026-03-01 10:00:00,22,20,99.48,17,2,0
15731,2026-03-01 10:00:00,19,5,89.8,22,3,0
15732,2026-03-01 10:00:00,47,38,120.53,21,3,0
15733,2026-03-01 10:00:00,26,30,131.85,22,4,1
15734,2026-03-01 10:00:00,54,24,75.76,19,2,0
15735,2026-03-01 10:00:00,53,43,154.13,19,2,0
15736,2026-03-01 10:00:00,38,40,114.33,14,1,0
15737,2026-03-01 10:00:00,51,7,159.19,21,2,0
15738,2026-03-01 10:00:00,69,36,188.11,22,2,0
15739,2026-03-01 10:00:00,41,38,124.44,26,0,0
15740,2026-03-01 10:00:00,50,16,191.45,22,0,0
15741,2026-03-01 10:00:00,18,52,136.54,26,2,0
15742,2026-03-01 10:00:00,25,15,119.34,24,3,0
15743,2026-03-01 10:00:00,58,46,93.73,18,3,0
15744,2026-03-01 10:00:00,29,23,86.94,17,1,0
15745,2026-03-01 10:00:00,19,12,128.41,24,3,0
15746,2026-03-01 10:00:00,56,29,124.44,23,1,0
15747,2026-03-01 10:00:00,26,44,73.88,13,3,0
15748,2026-03-01 10:00:00,59,48,68.0,18,0,0
15749,2026-03-01 10:00:00,51,15,83.35,23,1,0
15750,2026-03-01 10:00:00,23,29,123.03,22,3,0
15751,2026-03-01 10:00:00,18,45,61.58,27,1,0
15752,2026-03-01 10:00:00,40,43,97.26,16,3,0
15753,2026-03-01 10:00:00,52,49,117.95,25,2,1
15754,2026-03-01 10:00:00,53,21,48.3,31,1,0
15755,2026-03-01 10:00:00,55,15,131.32,25,2,0
15756,2026-03-01 10:00:00,34,14,138.1,24,3,0
15757,2026-03-01 10:00:00,42,42,100.3,12,3,1
15758,2026-03-01 10:00:00,20,44,79.22,15,4,0
15759,2026-03-01 10:00:00,40,16,127.99,19,1,1
15760,2026-03-01 10:00:00,34,15,118.76,16,1,0
15761,2026-03-01 10:00:00,33,42,117.83,17,2,0
15762,2026-03-01 10:00:00,48,4,181.03,15,1,0
15763,2026-03-01 10:00:00,23,27,94.31,26,2,0
15764,2026-03-01 10:00:00,36,23,101.13,21,1,0
15765,2026-03-01 10:00:00,35,29,100.02,25,3,0
15766,2026-03-01 10:00:00,51,41,80.64,25,3,0
15767,2026-03-01 10:00:00,51,53,68.72,22,0,0
15768,2026-03-01 10:00:00,55,52,124.3,16,3,0
15769,2026-03-01 10:00:00,57,9,127.13,18,1,1
15770,2026-03-01 10:00:00,52,53,123.85,30,3,0
15771,2026-03-01 10:00:00,59,57,30.89,19,2,1
15772,2026-03-01 10:00:00,21,56,138.1,17,2,0
15773,2026-03-01 10:00:00,58,52,162.72,25,2,0
15774,2026-03-01 10:00:00,42,43,164.61,12,1,0
15775,2026-03-01 10:00:00,39,43,85.7,15,1,1
15776,2026-03-01 10:00:00,34,7,105.34,20,1,0
15777,2026-03-01 10:00:00,44,53,80.19,32,5,1
15778,2026-03-01 10:00:00,61,42,45.9,23,4,1
15779,2026-03-01 10:00:00,30,4,130.04,19,1,1
15780,2026-03-01 10:00:00,28,5,162.83,21,3,0
15781,2026-03-01 10:00:00,44,5,175.94,19,2,0
15782,2026-03-01 10:00:00,67,11,140.23,22,4,1
15783,2026-03-01 10:00:00,34,41,153.33,26,0,0
15784,2026-03-01 10:00:00,64,28,174.89,26,3,0
15785,2026-03-01 10:00:00,38,16,133.01,20,2,0
15786,2026-03-01 10:00:00,48,41,114.65,19,5,1
15787,2026-03-01 10:00:00,29,54,82.23,16,5,0
15788,2026-03-01 10:00:00,48,30,104.8,13,0,0
15789,2026-03-01 10:00:00,52,4,155.68,17,2,0
15790,2026-03-01 10:00:00,34,2,132.19,17,5,1
15791,2026-03-01 10:00:00,44,46,174.66,15,5,0
15792,2026-03-01 10:00:00,24,3,99.58,24,1,0
15793,2026-03-01 10:00:00,49,50,52.91,15,0,0
15794,2026-03-01 10:00:00,64,21,142.8,18,2,0
15795,2026-03-01 10:00:00,23,6,168.14,15,1,0
15796,2026-03-01 10:00:00,50,43,164.37,15,1,0
15797,2026-03-01 10:00:00,59,53,180.32,26,3,0
15798,2026-03-01 10:00:00,66,18,153.92,15,1,0
15799,2026-03-01 10:00:00,53,44,78.68,18,2,0
15800,2026-03-01 10:00:00,18,5,92.35,14,4,1
15801,2026-03-01 10:00:00,35,9,49.52,16,3,0
15802,2026-03-01 10:00:00,22,20,155.94,28,4,0
15803,2026-03-01 10:00:00,46,28,73.85,15,1,0
15804,2026-03-01 10:00:00,30,26,95.55,24,0,0
15805,2026-03-01 10:00:00,49,18,67.96,19,4,1
15806,2026-03-01 10:00:00,59,19,78.88,16,3,0
15807,2026-03-01 10:00:00,31,3,120.07,31,4,1
15808,2026-03-01 10:00:00,39,9,139.21,20,2,0
15809,2026-03-01 10:00:00,34,36,106.72,18,3,0
15810,2026-03-01 10:00:00,49,31,122.27,21,1,0
15811,2026-03-01 10:00:00,57,49,141.21,19,2,0
15812,2026-03-01 10:00:00,65,17,147.22,20,3,0
15813,2026-03-01 10:00:00,37,55,181.29,18,1,0
15814,2026-03-01 10:00:00,26,23,122.96,18,4,1
15815,2026-03-01 10:00:00,58,34,112.37,27,0,0
15816,2026-03-01 10:00:00,69,41,70.97,24,2,0
15817,2026-03-01 10:00:00,67,41,140.61,14,1,0
15818,2026-03-01 10:00:00,18,5,61.87,21,3,0
15819,2026-03-01 10:00:00,26,15,191.09,15,0,0
15820,2026-03-01 10:00:00,23,47,193.75,12,0,0
15821,2026-03-01 10:00:00,31,3,64.15,13,1,0
15822,2026-03-01 10:00:00,30,19,105.21,28,3,0
15823,2026-03-01 10:00:00,52,28,112.51,27,5,0
15824,2026-03-01 10:00:00,24,3,92.64,17,1,0
15825,2026-03-01 10:00:00,64,38,147.65,20,4,0
15826,2026-03-01 10:00:00,55,4,40.14,23,0,1
15827,2026-03-01 10:00:00,61,24,85.33,19,0,0
15828,2026-03-01 10:00:00,26,31,43.94,13,1,0
15829,2026-03-01 10:00:00,51,45,182.56,21,4,0
15830,2026-03-01 10:00:00,18,59,151.96,20,1,0
15831,2026-03-01 10:00:00,32,45,106.39,17,3,0
15832,2026-03-01 10:00:00,56,59,68.71,19,0,0
15833,2026-03-01 10:00:00,19,11,168.29,19,2,0
15834,2026-03-01 10:00:00,28,37,108.91,17,5,1
15835,2026-03-01 10:00:00,54,1,139.84,20,1,0
15836,2026-03-01 10:00:00,26,9,119.82,21,5,0
15837,2026-03-01 10:00:00,27,17,123.71,24,2,0
15838,2026-03-01 10:00:00,66,54,108.0,21,2,0
15839,2026-03-01 10:00:00,62,1,163.65,19,2,0
15840,2026-03-01 10:00:00,42,3,137.85,33,1,1
15841,2026-03-01 10:00:00,24,47,113.6,10,4,0
15842,2026-03-01 10:00:00,64,26,43.06,9,3,0
15843,2026-03-01 10:00:00,24,53,137.15,23,3,0
15844,2026-03-01 10:00:00,50,31,143.8,14,4,0
15845,2026-03-01 10:00:00,58,26,164.87,15,1,0
15846,2026-03-01 10:00:00,39,23,110.43,18,0,0
15847,2026-03-01 10:00:00,64,30,232.87,12,1,0
15848,2026-03-01 10:00:00,30,10,54.84,21,0,0
15849,2026-03-01 10:00:00,55,8,47.97,18,1,0
15850,2026-03-01 10:00:00,25,44,168.62,26,0,0
15851,2026-03-01 10:00:00,37,25,159.41,23,2,0
15852,2026-03-01 10:00:00,62,22,73.08,22,2,0
15853,2026-03-01 10:00:00,32,15,120.11,24,4,1
15854,2026-03-01 10:00:00,44,59,70.86,19,3,0
15855,2026-03-01 10:00:00,61,41,79.84,24,1,0
15856,2026-03-01 10:00:00,31,56,58.98,23,0,0
15857,2026-03-01 10:00:00,18,57,63.14,20,3,0
15858,2026-03-01 10:00:00,18,10,112.63,24,5,1
15859,2026-03-01 10:00:00,22,20,189.4,19,2,0
15860,2026-03-01 10:00:00,50,41,116.92,8,0,0
15861,2026-03-01 10:00:00,63,47,142.55,14,3,0
15862,2026-03-01 10:00:00,56,23,103.05,26,3,0
15863,2026-03-01 10:00:00,30,53,183.61,34,1,0
15864,2026-03-01 10:00:00,59,53,102.93,23,3,1
15865,2026-03-01 10:00:00,44,1,85.15,15,0,0
15866,2026-03-01 10:00:00,43,2,187.59,18,2,0
15867,2026-03-01 10:00:00,39,58,104.02,22,0,0
15868,2026-03-01 10:00:00,26,19,132.81,15,1,0
15869,2026-03-01 10:00:00,67,14,189.18,25,4,1
15870,2026-03-01 10:00:00,27,8,63.28,17,2,0
15871,2026-03-01 10:00:00,20,38,124.4,21,4,1
15872,2026-03-01 10:00:00,69,12,163.3,23,2,0
15873,2026-03-01 10:00:00,32,26,106.11,13,2,0
15874,2026-03-01 10:00:00,56,27,83.26,26,1,0
15875,2026-03-01 10:00:00,44,29,163.5,18,3,0
15876,2026-03-01 10:00:00,64,15,142.38,16,1,0
15877,2026-03-01 10:00:00,31,46,99.72,17,1,0
15878,2026-03-01 10:00:00,58,53,165.84,23,4,1
15879,2026-03-01 10:00:00,19,1,54.89,28,1,1
15880,2026-03-01 10:00:00,68,43,114.08,23,1,0
15881,2026-03-01 10:00:00,22,28,103.08,19,1,0
15882,2026-03-01 10:00:00,61,57,80.38,14,1,0
15883,2026-03-01 10:00:00,32,3,156.83,16,0,0
15884,2026-03-01 10:00:00,66,51,187.88,17,1,0
15885,2026-03-01 10:00:00,55,18,137.29,19,4,0
15886,2026-03-01 10:00:00,68,52,131.05,15,2,0
15887,2026-03-01 10:00:00,21,34,127.78,24,1,0
15888,2026-03-01 10:00:00,33,32,99.19,12,3,0
15889,2026-03-01 10:00:00,40,29,58.27,24,4,1
15890,2026-03-01 10:00:00,49,25,91.78,22,4,0
15891,2026-03-01 10:00:00,50,26,86.5,27,2,0
15892,2026-03-01 10:00:00,54,39,66.2,20,7,1
15893,2026-03-01 10:00:00,44,8,164.85,16,1,0
15894,2026-03-01 10:00:00,60,19,100.46,27,0,0
15895,2026-03-01 10:00:00,55,54,147.85,15,4,1
15896,2026-03-01 10:00:00,59,47,122.0,17,2,0
15897,2026-03-01 10:00:00,47,42,73.96,15,0,0
15898,2026-03-01 10:00:00,22,22,190.02,21,1,0
15899,2026-03-01 10:00:00,28,29,148.37,20,2,0
15900,2026-03-01 10:00:00,24,33,122.1,15,2,0
15901,2026-03-01 10:00:00,62,38,156.21,22,1,0
15902,2026-03-01 10:00:00,46,45,176.72,22,1,0
15903,2026-03-01 10:00:00,18,46,90.83,21,1,0
15904,2026-03-01 10:00:00,37,35,69.48,26,2,0
15905,2026-03-01 10:00:00,64,43,124.45,18,3,0
15906,2026-03-01 10:00:00,39,3,93.99,16,0,0
15907,2026-03-01 10:00:00,20,19,172.09,26,2,0
15908,2026-03-01 10:00:00,22,10,148.99,22,1,0
15909,2026-03-01 10:00:00,69,27,102.31,21,2,0
15910,2026-03-01 10:00:00,44,15,150.76,21,2,0
15911,2026-03-01 10:00:00,49,11,51.92,17,3,0
15912,2026-03-01 10:00:00,56,47,132.52,16,2,0
15913,2026-03-01 10:00:00,25,26,130.2,17,0,0
15914,2026-03-01 10:00:00,27,59,65.33,16,3,0
15915,2026-03-01 10:00:00,36,24,78.45,24,3,0
15916,2026-03-01 10:00:00,54,13,131.7,17,2,0
15917,2026-03-01 10:00:00,50,32,83.72,22,3,0
15918,2026-03-01 10:00:00,55,37,122.14,26,4,0
15919,2026-03-01 10:00:00,60,4,136.48,19,1,1
15920,2026-03-01 10:00:00,59,13,174.61,22,4,1
15921,2026-03-01 10:00:00,64,9,183.02,20,1,0
15922,2026-03-01 10:00:00,24,57,148.16,27,1,0
15923,2026-03-01 10:00:00,20,49,95.79,24,2,0
15924,2026-03-01 10:00:00,25,34,97.98,24,0,1
15925,2026-03-01 10:00:00,27,56,149.67,24,3,0
15926,2026-03-01 10:00:00,58,37,50.19,20,4,1
15927,2026-03-01 10:00:00,49,48,118.78,20,3,0
15928,2026-03-01 10:00:00,50,7,173.11,24,0,0
15929,2026-03-01 10:00:00,39,1,53.42,20,3,0
15930,2026-03-01 10:00:00,48,58,143.33,22,6,1
15931,2026-03-01 10:00:00,64,12,100.02,18,5,0
15932,2026-03-01 10:00:00,51,21,104.53,15,2,0
15933,2026-03-01 10:00:00,37,11,67.38,22,7,1
15934,2026-03-01 10:00:00,30,44,122.93,21,1,0
15935,2026-03-01 10:00:00,51,51,66.66,18,1,0
15936,2026-03-01 10:00:00,24,58,97.72,23,3,0
15937,2026-03-01 10:00:00,64,44,91.49,32,3,0
15938,2026-03-01 10:00:00,29,44,88.5,22,0,1
15939,2026-03-01 10:00:00,51,14,81.72,16,2,0
15940,2026-03-01 10:00:00,42,34,55.26,18,6,1
15941,2026-03-01 10:00:00,20,34,88.16,20,0,0
15942,2026-03-01 10:00:00,57,25,61.43,23,1,0
15943,2026-03-01 10:00:00,19,4,81.06,22,7,1
15944,2026-03-01 10:00:00,56,52,133.95,23,2,0
15945,2026-03-01 10:00:00,51,55,82.42,27,3,0
15946,2026-03-01 10:00:00,36,26,105.46,20,3,1
15947,2026-03-01 10:00:00,25,16,146.34,25,1,0
15948,2026-03-01 10:00:00,46,10,136.74,14,1,0
15949,2026-03-01 10:00:00,58,45,92.67,21,4,1
15950,2026-03-01 10:00:00,29,2,123.41,21,2,0
15951,2026-03-01 10:00:00,29,35,35.78,17,0,0
15952,2026-03-01 10:00:00,45,19,62.02,19,2,0
15953,2026-03-01 10:00:00,41,6,140.38,16,2,0
15954,2026-03-01 10:00:00,28,19,142.38,11,3,1
15955,2026-03-01 10:00:00,66,59,100.69,20,1,0
15956,2026-03-01 10:00:00,44,53,133.89,29,2,0
15957,2026-03-01 10:00:00,51,52,115.81,19,3,0
15958,2026-03-01 10:00:00,61,51,87.02,31,1,0
15959,2026-03-01 10:00:00,21,8,154.56,22,2,0
15960,2026-03-01 10:00:00,47,14,165.6,19,2,0
15961,2026-03-01 10:00:00,67,10,104.04,13,2,0
15962,2026-03-01 10:00:00,33,3,131.55,20,3,0
15963,2026-03-01 10:00:00,63,38,72.61,14,2,0
15964,2026-03-01 10:00:00,52,29,23.37,27,3,0
15965,2026-03-01 10:00:00,56,15,138.02,18,4,1
15966,2026-03-01 10:00:00,27,23,59.51,19,0,0
15967,2026-03-01 10:00:00,37,23,148.07,19,0,0
15968,2026-03-01 10:00:00,65,18,86.95,20,2,0
15969,2026-03-01 10:00:00,23,46,119.78,18,4,0
15970,2026-03-01 10:00:00,36,19,88.11,24,3,0
15971,2026-03-01 10:00:00,47,28,99.02,20,2,0
15972,2026-03-01 10:00:00,60,26,66.65,17,2,0
15973,2026-03-01 10:00:00,35,10,114.52,16,2,0
15974,2026-03-01 10:00:00,38,47,159.77,24,1,0
15975,2026-03-01 10:00:00,45,4,82.7,18,1,1
15976,2026-03-01 10:00:00,38,55,76.82,17,1,0
15977,2026-03-01 10:00:00,25,2,174.04,12,3,0
15978,2026-03-01 10:00:00,30,3,150.59,14,2,0
15979,2026-03-01 10:00:00,28,7,119.9,20,3,0
15980,2026-03-01 10:00:00,35,55,96.61,15,3,1
15981,2026-03-01 10:00:00,59,16,45.64,16,2,0
15982,2026-03-01 10:00:00,18,31,67.76,21,0,0
15983,2026-03-01 10:00:00,34,10,185.08,25,3,0
15984,2026-03-01 10:00:00,40,19,91.35,23,4,0
15985,2026-03-01 10:00:00,69,28,79.78,15,3,0
15986,2026-03-01 10:00:00,59,17,152.22,13,2,0
15987,2026-03-01 10:00:00,27,28,47.98,19,1,0
15988,2026-03-01 10:00:00,58,19,113.73,19,0,0
15989,2026-03-01 10:00:00,62,37,181.85,19,4,0
15990,2026-03-01 10:00:00,46,23,100.09,24,2,0
15991,2026-03-01 10:00:00,63,20,120.52,22,4,1
15992,2026-03-01 10:00:00,28,13,94.98,21,1,0
15993,2026-03-01 10:00:00,28,13,70.03,20,1,0
15994,2026-03-01 10:00:00,21,43,99.47,25,1,0
15995,2026-03-01 10:00:00,59,11,132.38,20,7,0
15996,2026-03-01 10:00:00,32,48,142.01,18,0,0
15997,2026-03-01 10:00:00,24,15,152.04,18,1,0
15998,2026-03-01 10:00:00,21,17,164.07,22,3,0
15999,2026-03-01 10:00:00,47,54,52.84,18,4,0
16000,2026-03-01 10:00:00,55,50,158.78,23,2,0
16001,2026-03-01 10:00:00,43,28,157.17,20,2,0
16002,2026-03-01 10:00:00,20,19,73.21,20,0,0
16003,2026-03-01 10:00:00,55,4,126.12,23,2,0
16004,2026-03-01 10:00:00,51,22,118.13,27,2,0
16005,2026-03-01 10:00:00,60,22,125.01,21,0,0
16006,2026-03-01 10:00:00,47,55,82.38,19,2,0
16007,2026-03-01 10:00:00,55,37,117.97,25,3,0
16008,2026-03-01 10:00:00,28,39,102.32,21,0,0
16009,2026-03-01 10:00:00,57,34,188.52,17,2,0
16010,2026-03-01 10:00:00,25,33,77.71,16,1,0
16011,2026-03-01 10:00:00,48,44,73.84,24,1,0
16012,2026-03-01 10:00:00,25,42,112.14,17,0,1
16013,2026-03-01 10:00:00,54,40,103.01,23,3,0
16014,2026-03-01 10:00:00,57,33,73.7,17,6,1
16015,2026-03-01 10:00:00,22,12,145.99,24,1,0
16016,2026-03-01 10:00:00,53,2,100.75,26,2,0
16017,2026-03-01 10:00:00,27,59,103.23,19,2,0
16018,2026-03-01 10:00:00,25,28,39.33,20,3,0
16019,2026-03-01 10:00:00,42,10,152.65,21,1,0
16020,2026-03-01 10:00:00,34,22,116.32,11,1,0
16021,2026-03-01 10:00:00,38,17,182.51,23,4,1
16022,2026-03-01 10:00:00,46,26,149.24,27,0,1
16023,2026-03-01 10:00:00,36,3,110.17,22,1,0
16024,2026-03-01 10:00:00,37,7,115.99,25,2,0
16025,2026-03-01 10:00:00,35,44,99.62,23,3,0
16026,2026-03-01 10:00:00,18,8,103.85,19,2,0
16027,2026-03-01 10:00:00,34,20,205.46,17,3,0
16028,2026-03-01 10:00:00,57,12,50.22,21,1,0
16029,2026-03-01 10:00:00,30,35,105.03,18,0,0
16030,2026-03-01 10:00:00,53,17,71.03,22,0,1
16031,2026-03-01 10:00:00,57,28,47.23,15,0,0
16032,2026-03-01 10:00:00,30,41,126.7,26,4,0
16033,2026-03-01 10:00:00,53,10,110.56,31,1,0
16034,2026-03-01 10:00:00,57,22,118.35,26,3,0
16035,2026-03-01 10:00:00,66,38,187.17,19,2,0
16036,2026-03-01 10:00:00,37,57,69.88,26,2,0
16037,2026-03-01 10:00:00,52,33,225.57,21,1,0
16038,2026-03-01 10:00:00,61,22,82.54,19,2,0
16039,2026-03-01 10:00:00,20,44,71.51,19,2,0
16040,2026-03-01 10:00:00,58,37,107.96,19,1,0
16041,2026-03-01 10:00:00,44,13,144.2,16,2,0
16042,2026-03-01 10:00:00,32,27,104.39,16,3,0
16043,2026-03-01 10:00:00,45,15,107.68,17,1,0
16044,2026-03-01 10:00:00,38,22,149.73,15,2,0
16045,2026-03-01 10:00:00,49,30,174.04,14,0,0
16046,2026-03-01 10:00:00,64,43,162.04,19,1,0
16047,2026-03-01 10:00:00,23,40,218.73,20,3,0
16048,2026-03-01 10:00:00,35,37,143.43,19,2,0
16049,2026-03-01 10:00:00,18,34,174.96,26,2,0
16050,2026-03-01 10:00:00,41,44,82.49,22,4,0
16051,2026-03-01 10:00:00,40,34,104.45,22,2,1
16052,2026-03-01 10:00:00,38,58,134.22,20,1,0
16053,2026-03-01 10:00:00,41,48,94.93,23,3,0
16054,2026-03-01 10:00:00,34,53,139.73,25,2,0
16055,2026-03-01 10:00:00,30,35,95.28,17,2,0
16056,2026-03-01 10:00:00,57,42,161.61,20,0,0
16057,2026-03-01 10:00:00,45,19,136.79,29,4,0
16058,2026-03-01 10:00:00,51,8,93.28,18,3,0
16059,2026-03-01 10:00:00,42,39,215.17,13,0,0
16060,2026-03-01 10:00:00,52,33,54.13,26,2,0
16061,2026-03-01 10:00:00,53,44,105.71,24,2,0
16062,2026-03-01 10:00:00,35,28,158.52,16,1,0
16063,2026-03-01 10:00:00,48,37,91.47,25,2,0
16064,2026-03-01 10:00:00,32,48,58.39,20,4,1
16065,2026-03-01 10:00:00,38,25,69.39,21,3,0
16066,2026-03-01 10:00:00,52,36,144.32,20,2,0
16067,2026-03-01 10:00:00,50,17,131.69,17,2,0
16068,2026-03-01 10:00:00,42,24,129.0,22,0,0
16069,2026-03-01 10:00:00,23,21,128.65,28,1,0
16070,2026-03-01 10:00:00,32,2,150.62,28,0,0
16071,2026-03-01 10:00:00,69,31,48.63,14,2,0
16072,2026-03-01 10:00:00,32,44,201.56,15,6,1
16073,2026-03-01 10:00:00,24,33,74.34,28,1,0
16074,2026-03-01 10:00:00,21,30,106.45,24,2,0
16075,2026-03-01 10:00:00,55,12,155.49,28,2,0
16076,2026-03-01 10:00:00,23,44,106.07,18,1,0
16077,2026-03-01 10:00:00,44,12,118.68,29,3,0
16078,2026-03-01 10:00:00,67,51,58.1,29,2,0
16079,2026-03-01 10:00:00,23,57,68.03,11,2,0
16080,2026-03-01 10:00:00,39,49,54.02,27,1,0
16081,2026-03-01 10:00:00,35,52,126.12,21,1,0
16082,2026-03-01 10:00:00,42,24,131.55,23,3,0
16083,2026-03-01 10:00:00,65,24,129.57,17,0,0
16084,2026-03-01 10:00:00,18,58,120.99,24,2,0
16085,2026-03-01 10:00:00,30,11,144.04,18,2,0
16086,2026-03-01 10:00:00,36,13,175.03,28,1,0
16087,2026-03-01 10:00:00,19,27,20.0,25,3,0
16088,2026-03-01 10:00:00,49,8,179.09,19,3,0
16089,2026-03-01 10:00:00,66,10,117.72,16,1,0
16090,2026-03-01 10:00:00,66,8,166.5,22,0,0
16091,2026-03-01 10:00:00,50,20,60.13,20,5,1
16092,2026-03-01 10:00:00,22,8,105.73,21,2,0
16093,2026-03-01 10:00:00,52,9,108.54,18,2,1
16094,2026-03-01 10:00:00,58,7,123.36,26,1,1
16095,2026-03-01 10:00:00,35,14,126.93,12,3,0
16096,2026-03-01 10:00:00,64,28,53.22,27,3,0
16097,2026-03-01 10:00:00,37,2,125.74,22,0,1
16098,2026-03-01 10:00:00,30,57,41.72,22,4,1
16099,2026-03-01 10:00:00,27,43,141.97,17,4,1
16100,2026-03-01 10:00:00,61,8,103.87,19,3,0
16101,2026-03-01 10:00:00,34,13,110.21,26,1,0
16102,2026-03-01 10:00:00,21,21,106.39,23,2,0
16103,2026-03-01 10:00:00,65,47,24.41,20,2,0
16104,2026-03-01 10:00:00,65,28,62.51,22,0,0
16105,2026-03-01 10:00:00,66,35,168.5,20,3,0
16106,2026-03-01 10:00:00,40,23,160.27,19,4,0
16107,2026-03-01 10:00:00,38,46,169.44,21,1,0
16108,2026-03-01 10:00:00,18,15,176.08,16,1,0
16109,2026-03-01 10:00:00,68,2,39.42,14,0,1
16110,2026-03-01 10:00:00,52,51,44.03,25,0,0
16111,2026-03-01 10:00:00,23,12,149.52,22,0,0
16112,2026-03-01 10:00:00,38,57,124.17,17,2,0
16113,2026-03-01 10:00:00,36,52,168.59,23,1,0
16114,2026-03-01 10:00:00,54,36,101.12,26,0,0
16115,2026-03-01 10:00:00,37,3,53.69,16,1,1
16116,2026-03-01 10:00:00,28,5,194.8,11,3,1
16117,2026-03-01 10:00:00,67,3,106.87,26,1,0
16118,2026-03-01 10:00:00,23,57,106.49,19,1,0
16119,2026-03-01 10:00:00,35,47,146.24,16,2,0
16120,2026-03-01 10:00:00,47,19,107.48,20,3,1
16121,2026-03-01 10:00:00,36,2,141.68,28,1,1
16122,2026-03-01 10:00:00,47,44,95.92,20,3,0
16123,2026-03-01 10:00:00,34,37,145.48,23,0,0
16124,2026-03-01 10:00:00,55,54,98.82,21,1,0
16125,2026-03-01 10:00:00,23,17,191.53,22,2,0
16126,2026-03-01 10:00:00,69,14,165.28,27,2,0
16127,2026-03-01 10:00:00,35,28,142.17,23,2,0
16128,2026-03-01 10:00:00,31,27,146.97,28,1,0
16129,2026-03-01 10:00:00,55,54,155.87,27,2,0
16130,2026-03-01 10:00:00,22,10,94.24,19,1,0
16131,2026-03-01 10:00:00,21,3,95.18,13,0,0
16132,2026-03-01 10:00:00,26,36,92.16,18,1,0
16133,2026-03-01 10:00:00,61,38,81.7,19,3,0
16134,2026-03-01 10:00:00,52,56,137.99,20,1,0
16135,2026-03-01 10:00:00,62,25,93.89,17,4,1
16136,2026-03-01 10:00:00,60,22,205.79,30,2,0
16137,2026-03-01 10:00:00,19,48,102.89,23,5,1
16138,2026-03-01 10:00:00,25,39,146.66,26,1,0
16139,2026-03-01 10:00:00,59,47,121.35,28,3,0
16140,2026-03-01 10:00:00,61,30,131.94,22,2,0
16141,2026-03-01 10:00:00,45,21,123.6,14,1,0
16142,2026-03-01 10:00:00,34,30,131.19,11,1,0
16143,2026-03-01 10:00:00,25,28,88.61,22,3,0
16144,2026-03-01 10:00:00,45,31,78.85,20,1,0
16145,2026-03-01 10:00:00,47,57,109.95,20,3,0
16146,2026-03-01 10:00:00,26,52,73.17,20,1,0
16147,2026-03-01 10:00:00,36,26,73.24,17,3,0
16148,2026-03-01 10:00:00,28,43,87.97,29,0,1
16149,2026-03-01 10:00:00,34,22,139.35,17,2,0
16150,2026-03-01 10:00:00,68,21,102.77,21,2,0
16151,2026-03-01 10:00:00,49,1,126.08,17,0,0
16152,2026-03-01 10:00:00,29,37,168.99,16,2,0
16153,2026-03-01 10:00:00,51,13,64.72,26,1,0
16154,2026-03-01 10:00:00,30,21,193.56,14,0,1
16155,2026-03-01 10:00:00,21,46,169.94,19,2,0
16156,2026-03-01 10:00:00,26,9,141.88,17,2,0
16157,2026-03-01 10:00:00,36,17,178.72,22,2,0
16158,2026-03-01 10:00:00,54,47,117.95,27,1,1
16159,2026-03-01 10:00:00,21,21,56.3,15,1,0
16160,2026-03-01 10:00:00,68,31,169.41,15,1,0
16161,2026-03-01 10:00:00,26,39,81.94,12,2,1
16162,2026-03-01 10:00:00,21,59,145.34,19,3,0
16163,2026-03-01 10:00:00,37,54,69.38,17,5,0
16164,2026-03-01 10:00:00,58,22,138.07,24,4,1
16165,2026-03-01 10:00:00,47,12,54.9,20,1,0
16166,2026-03-01 10:00:00,68,55,71.18,16,2,0
16167,2026-03-01 10:00:00,35,6,118.22,19,1,0
16168,2026-03-01 10:00:00,47,53,126.63,23,1,0
16169,2026-03-01 10:00:00,26,16,30.16,9,2,1
16170,2026-03-01 10:00:00,48,26,162.94,23,5,0
16171,2026-03-01 10:00:00,49,5,160.25,22,7,1
16172,2026-03-01 10:00:00,58,9,154.17,22,2,0
16173,2026-03-01 10:00:00,41,46,108.11,14,3,0
16174,2026-03-01 10:00:00,26,40,146.41,16,1,0
16175,2026-03-01 10:00:00,29,14,120.44,22,2,0
16176,2026-03-01 10:00:00,19,44,64.6,22,3,0
16177,2026-03-01 10:00:00,25,42,126.67,26,2,0
16178,2026-03-01 10:00:00,61,30,34.79,21,0,0
16179,2026-03-01 10:00:00,39,52,76.91,18,1,0
16180,2026-03-01 10:00:00,42,52,88.22,22,2,0
16181,2026-03-01 10:00:00,28,26,124.55,16,4,0
16182,2026-03-01 10:00:00,69,53,187.9,26,2,0
16183,2026-03-01 10:00:00,45,45,32.67,21,3,0
16184,2026-03-01 10:00:00,65,29,177.64,17,2,0
16185,2026-03-01 10:00:00,54,19,144.88,15,1,1
16186,2026-03-01 10:00:00,34,47,143.04,17,1,0
16187,2026-03-01 10:00:00,68,8,93.47,23,1,0
16188,2026-03-01 10:00:00,31,23,113.34,12,1,0
16189,2026-03-01 10:00:00,62,53,109.78,21,0,0
16190,2026-03-01 10:00:00,62,42,178.68,19,2,0
16191,2026-03-01 10:00:00,67,35,168.56,23,4,0
16192,2026-03-01 10:00:00,50,31,139.05,23,0,0
16193,2026-03-01 10:00:00,61,53,102.83,22,1,0
16194,2026-03-01 10:00:00,58,35,77.36,17,2,0
16195,2026-03-01 10:00:00,38,32,77.66,26,3,0
16196,2026-03-01 10:00:00,22,58,171.75,16,0,0
16197,2026-03-01 10:00:00,55,5,174.38,16,1,0
16198,2026-03-01 10:00:00,50,16,90.75,15,1,0
16199,2026-03-01 10:00:00,49,17,144.16,27,1,0
16200,2026-03-01 10:00:00,35,32,178.92,18,1,0
16201,2026-03-01 10:00:00,38,38,49.68,17,2,0
16202,2026-03-01 10:00:00,29,58,64.41,22,3,0
16203,2026-03-01 10:00:00,66,32,102.84,27,1,0
16204,2026-03-01 10:00:00,52,52,111.63,15,3,0
16205,2026-03-01 10:00:00,42,20,131.61,26,2,0
16206,2026-03-01 10:00:00,40,48,81.62,22,2,0
16207,2026-03-01 10:00:00,25,56,152.75,16,2,0
16208,2026-03-01 10:00:00,47,2,65.3,18,2,0
16209,2026-03-01 10:00:00,53,20,159.95,14,3,0
16210,2026-03-01 10:00:00,42,47,147.57,11,2,0
16211,2026-03-01 10:00:00,22,18,85.46,28,1,0
16212,2026-03-01 10:00:00,50,1,76.54,13,3,0
16213,2026-03-01 10:00:00,64,58,138.59,32,1,0
16214,2026-03-01 10:00:00,55,29,60.97,21,2,0
16215,2026-03-01 10:00:00,50,29,96.98,18,3,0
16216,2026-03-01 10:00:00,47,19,45.73,13,2,0
16217,2026-03-01 10:00:00,30,44,79.09,18,3,0
16218,2026-03-01 10:00:00,30,40,153.33,20,2,0
16219,2026-03-01 10:00:00,23,6,185.06,22,3,0
16220,2026-03-01 10:00:00,40,44,99.38,16,2,0
16221,2026-03-01 10:00:00,62,39,105.64,22,4,0
16222,2026-03-01 10:00:00,46,50,118.32,21,0,0
16223,2026-03-01 10:00:00,61,54,79.22,17,4,1
16224,2026-03-01 10:00:00,33,46,138.3,28,3,0
16225,2026-03-01 10:00:00,36,8,80.38,25,1,0
16226,2026-03-01 10:00:00,67,24,137.95,18,1,0
16227,2026-03-01 10:00:00,20,20,125.13,20,3,0
16228,2026-03-01 10:00:00,66,54,172.3,16,2,0
16229,2026-03-01 10:00:00,53,14,94.35,21,1,0
16230,2026-03-01 10:00:00,62,5,105.89,18,2,0
16231,2026-03-01 10:00:00,25,41,127.82,21,1,0
16232,2026-03-01 10:00:00,62,40,90.32,22,1,0
16233,2026-03-01 10:00:00,48,34,78.82,16,1,0
16234,2026-03-01 10:00:00,19,16,57.75,15,2,0
16235,2026-03-01 10:00:00,63,45,81.95,27,4,0
16236,2026-03-01 10:00:00,61,7,98.9,37,0,0
16237,2026-03-01 10:00:00,61,16,124.3,23,1,0
16238,2026-03-01 10:00:00,28,7,111.4,29,4,0
16239,2026-03-01 10:00:00,33,27,182.46,20,1,0
16240,2026-03-01 10:00:00,42,14,155.92,26,3,0
16241,2026-03-01 10:00:00,55,14,137.94,26,2,0
16242,2026-03-01 10:00:00,39,44,166.58,24,0,0
16243,2026-03-01 10:00:00,20,33,173.74,22,0,0
16244,2026-03-01 10:00:00,23,33,116.49,14,0,0
16245,2026-03-01 10:00:00,57,44,178.55,21,0,0
16246,2026-03-01 10:00:00,29,20,156.87,26,2,0
16247,2026-03-01 10:00:00,42,53,56.15,26,0,0
16248,2026-03-01 10:00:00,56,47,34.13,19,0,0
16249,2026-03-01 10:00:00,32,36,49.68,23,0,0
16250,2026-03-01 10:00:00,58,7,102.72,21,1,0
16251,2026-03-01 10:00:00,61,32,78.22,30,4,1
16252,2026-03-01 10:00:00,43,48,202.23,23,1,0
16253,2026-03-01 10:00:00,30,3,123.32,18,2,0
16254,2026-03-01 10:00:00,47,39,112.48,19,1,0
16255,2026-03-01 10:00:00,57,29,64.79,28,0,0
16256,2026-03-01 10:00:00,62,24,120.56,24,2,0
16257,2026-03-01 10:00:00,25,22,90.16,16,1,1
16258,2026-03-01 10:00:00,31,6,120.73,22,1,0
16259,2026-03-01 10:00:00,22,48,61.63,20,0,0
16260,2026-03-01 10:00:00,58,24,149.64,11,2,0
16261,2026-03-01 10:00:00,60,40,133.33,24,3,0
16262,2026-03-01 10:00:00,50,23,95.75,20,2,0
16263,2026-03-01 10:00:00,54,54,126.03,15,1,0
16264,2026-03-01 10:00:00,68,38,125.44,13,2,0
16265,2026-03-01 10:00:00,32,10,164.42,20,2,1
16266,2026-03-01 10:00:00,50,16,125.71,23,1,0
16267,2026-03-01 10:00:00,26,11,135.23,27,1,0
16268,2026-03-01 10:00:00,25,32,180.6,19,4,1
16269,2026-03-01 10:00:00,31,45,64.39,21,4,0
16270,2026-03-01 10:00:00,45,6,145.02,30,0,0
16271,2026-03-01 10:00:00,49,24,99.22,21,2,0
16272,2026-03-01 10:00:00,38,33,104.16,24,1,0
16273,2026-03-01 10:00:00,40,53,165.67,16,2,0
16274,2026-03-01 10:00:00,62,51,166.83,25,1,0
16275,2026-03-01 10:00:00,40,12,82.48,23,2,0
16276,2026-03-01 10:00:00,38,56,21.66,13,3,0
16277,2026-03-01 10:00:00,63,27,95.82,25,2,0
16278,2026-03-01 10:00:00,53,38,138.18,17,2,0
16279,2026-03-01 10:00:00,21,18,120.1,25,2,0
16280,2026-03-01 10:00:00,61,45,124.02,22,4,1
16281,2026-03-01 10:00:00,33,39,86.58,19,3,0
16282,2026-03-01 10:00:00,43,55,116.99,16,2,0
16283,2026-03-01 10:00:00,52,13,105.11,16,3,0
16284,2026-03-01 10:00:00,38,53,200.71,17,2,0
16285,2026-03-01 10:00:00,27,40,150.06,25,3,0
16286,2026-03-01 10:00:00,66,30,122.67,29,3,0
16287,2026-03-01 10:00:00,19,53,110.59,13,0,0
16288,2026-03-01 10:00:00,60,49,87.49,25,4,1
16289,2026-03-01 10:00:00,30,41,85.07,16,1,0
16290,2026-03-01 10:00:00,52,52,135.82,21,4,0
16291,2026-03-01 10:00:00,41,13,124.56,18,0,0
16292,2026-03-01 10:00:00,45,34,146.43,22,1,0
16293,2026-03-01 10:00:00,55,36,80.5,23,1,0
16294,2026-03-01 10:00:00,51,30,130.23,18,2,0
16295,2026-03-01 10:00:00,37,25,143.45,11,1,0
16296,2026-03-01 10:00:00,59,2,99.02,24,4,1
16297,2026-03-01 10:00:00,55,36,152.27,20,0,0
16298,2026-03-01 10:00:00,48,18,82.94,23,0,0
16299,2026-03-01 10:00:00,32,5,80.92,11,2,0
16300,2026-03-01 10:00:00,56,19,145.84,14,1,0
16301,2026-03-01 10:00:00,40,42,104.94,27,1,0
16302,2026-03-01 10:00:00,21,18,174.63,20,2,0
16303,2026-03-01 10:00:00,32,57,106.7,22,1,0
16304,2026-03-01 10:00:00,60,32,194.75,20,1,0
16305,2026-03-01 10:00:00,48,21,104.12,15,3,0
16306,2026-03-01 10:00:00,33,10,140.88,12,0,0
16307,2026-03-01 10:00:00,19,37,133.12,23,2,1
16308,2026-03-01 10:00:00,35,49,118.7,21,1,0
16309,2026-03-01 10:00:00,19,22,126.38,14,0,0
16310,2026-03-01 10:00:00,67,13,76.53,17,0,0
16311,2026-03-01 10:00:00,67,55,159.11,26,1,0
16312,2026-03-01 10:00:00,19,17,42.85,27,2,0
16313,2026-03-01 10:00:00,50,9,76.3,22,3,0
16314,2026-03-01 10:00:00,49,24,122.9,19,3,0
16315,2026-03-01 10:00:00,25,44,41.95,22,2,0
16316,2026-03-01 10:00:00,29,14,158.31,22,3,0
16317,2026-03-01 10:00:00,41,46,95.08,16,1,0
16318,2026-03-01 10:00:00,67,8,103.23,18,3,0
16319,2026-03-01 10:00:00,60,55,169.17,15,4,0
16320,2026-03-01 10:00:00,36,37,157.55,19,0,0
16321,2026-03-01 10:00:00,25,19,138.51,20,1,0
16322,2026-03-01 10:00:00,46,28,138.47,19,2,0
16323,2026-03-01 10:00:00,59,46,195.16,22,1,0
16324,2026-03-01 10:00:00,68,41,189.73,20,1,0
16325,2026-03-01 10:00:00,39,30,34.98,17,0,0
16326,2026-03-01 10:00:00,21,7,140.97,20,1,0
16327,2026-03-01 10:00:00,31,59,131.77,28,3,0
16328,2026-03-01 10:00:00,27,58,69.9,27,2,0
16329,2026-03-01 10:00:00,39,26,90.82,21,4,0
16330,2026-03-01 10:00:00,63,40,197.25,19,2,0
16331,2026-03-01 10:00:00,62,46,115.84,21,1,0
16332,2026-03-01 10:00:00,57,54,132.15,23,0,0
16333,2026-03-01 10:00:00,32,46,126.84,22,3,0
16334,2026-03-01 10:00:00,26,11,101.52,30,2,0
16335,2026-03-01 10:00:00,68,14,146.91,20,3,1
16336,2026-03-01 10:00:00,23,21,205.77,17,5,1
16337,2026-03-01 10:00:00,55,8,123.85,23,4,1
16338,2026-03-01 10:00:00,60,3,124.56,18,2,0
16339,2026-03-01 10:00:00,59,28,136.53,16,0,0
16340,2026-03-01 10:00:00,54,29,99.32,20,5,1
16341,2026-03-01 10:00:00,24,23,122.03,22,3,0
16342,2026-03-01 10:00:00,62,18,128.53,16,2,0
16343,2026-03-01 10:00:00,37,35,88.43,9,5,1
16344,2026-03-01 10:00:00,24,13,110.95,25,1,0
16345,2026-03-01 10:00:00,22,12,149.3,9,1,0
16346,2026-03-01 10:00:00,34,47,52.69,19,4,1
16347,2026-03-01 10:00:00,50,50,136.98,15,1,0
16348,2026-03-01 10:00:00,45,5,20.0,24,2,0
16349,2026-03-01 10:00:00,30,39,93.08,18,2,0
16350,2026-03-01 10:00:00,35,11,192.61,17,2,0
16351,2026-03-01 10:00:00,30,58,159.21,22,1,0
16352,2026-03-01 10:00:00,44,59,111.62,19,2,0
16353,2026-03-01 10:00:00,38,11,75.74,24,4,1
16354,2026-03-01 10:00:00,63,59,149.94,23,2,0
16355,2026-03-01 10:00:00,66,47,59.57,23,5,1
16356,2026-03-01 10:00:00,61,42,120.03,24,2,0
16357,2026-03-01 10:00:00,44,47,134.58,26,4,0
16358,2026-03-01 10:00:00,65,31,101.11,24,3,0
16359,2026-03-01 10:00:00,67,31,94.4,13,1,0
16360,2026-03-01 10:00:00,61,13,115.79,11,1,0
16361,2026-03-01 10:00:00,42,14,117.6,23,2,0
16362,2026-03-01 10:00:00,46,49,33.95,12,2,1
16363,2026-03-01 10:00:00,33,45,249.47,7,1,1
16364,2026-03-01 10:00:00,64,42,140.06,27,3,0
16365,2026-03-01 10:00:00,55,25,172.46,22,2,0
16366,2026-03-01 10:00:00,20,33,123.07,19,2,0
16367,2026-03-01 10:00:00,57,33,205.17,17,0,0
16368,2026-03-01 10:00:00,20,15,133.68,20,4,1
16369,2026-03-01 10:00:00,45,16,137.43,23,1,0
16370,2026-03-01 10:00:00,20,44,205.16,14,4,1
16371,2026-03-01 10:00:00,64,58,113.94,14,2,0
16372,2026-03-01 10:00:00,29,56,91.63,17,2,0
16373,2026-03-01 10:00:00,34,38,175.21,11,5,0
16374,2026-03-01 10:00:00,32,6,136.57,17,1,0
16375,2026-03-01 10:00:00,39,44,170.95,19,1,0
16376,2026-03-01 10:00:00,62,25,57.71,16,1,0
16377,2026-03-01 10:00:00,31,15,78.94,24,0,0
16378,2026-03-01 10:00:00,23,4,113.12,16,3,0
16379,2026-03-01 10:00:00,62,56,159.38,17,2,0
16380,2026-03-01 10:00:00,31,4,68.22,13,2,0
16381,2026-03-01 10:00:00,52,30,157.83,19,3,0
16382,2026-03-01 10:00:00,29,34,81.01,17,1,0
16383,2026-03-01 10:00:00,60,27,175.05,24,1,0
16384,2026-03-01 10:00:00,59,31,128.16,17,3,0
16385,2026-03-01 10:00:00,56,56,148.71,25,0,0
16386,2026-03-01 10:00:00,51,32,136.08,23,3,0
16387,2026-03-01 10:00:00,35,44,140.11,18,2,0
16388,2026-03-01 10:00:00,38,39,48.75,14,0,0
16389,2026-03-01 10:00:00,64,52,178.33,17,4,0
16390,2026-03-01 10:00:00,31,9,96.65,18,2,0
16391,2026-03-01 10:00:00,48,41,146.97,23,4,1
16392,2026-03-01 10:00:00,46,8,129.21,23,1,0
16393,2026-03-01 10:00:00,18,14,104.58,14,2,0
16394,2026-03-01 10:00:00,19,33,142.32,16,2,0
16395,2026-03-01 10:00:00,57,23,69.18,16,6,1
16396,2026-03-01 10:00:00,39,21,84.64,16,1,0
16397,2026-03-01 10:00:00,42,55,89.68,14,2,0
16398,2026-03-01 10:00:00,25,12,121.25,18,0,0
16399,2026-03-01 10:00:00,56,57,145.53,20,3,0
16400,2026-03-01 10:00:00,38,2,111.65,23,2,1
16401,2026-03-01 10:00:00,52,13,90.85,12,2,0
16402,2026-03-01 10:00:00,54,59,165.93,19,3,0
16403,2026-03-01 10:00:00,65,4,190.05,25,2,0
16404,2026-03-01 10:00:00,62,20,100.5,13,1,0
16405,2026-03-01 10:00:00,64,50,91.01,14,1,0
16406,2026-03-01 10:00:00,61,51,116.9,16,2,0
16407,2026-03-01 10:00:00,57,48,134.14,18,1,0
16408,2026-03-01 10:00:00,31,59,93.79,18,2,0
16409,2026-03-01 10:00:00,37,14,135.78,20,2,0
16410,2026-03-01 10:00:00,35,30,164.29,20,3,0
16411,2026-03-01 10:00:00,27,29,114.56,24,1,1
16412,2026-03-01 10:00:00,22,8,52.66,27,3,0
16413,2026-03-01 10:00:00,22,12,133.47,13,3,0
16414,2026-03-01 10:00:00,38,41,81.33,15,2,1
16415,2026-03-01 10:00:00,27,38,130.84,16,1,1
16416,2026-03-01 10:00:00,35,26,130.35,21,2,0
16417,2026-03-01 10:00:00,58,50,87.62,24,1,0
16418,2026-03-01 10:00:00,57,2,101.6,26,2,1
16419,2026-03-01 10:00:00,23,55,94.71,19,0,0
16420,2026-03-01 10:00:00,35,40,168.37,27,4,0
16421,2026-03-01 10:00:00,21,56,95.13,23,4,1
16422,2026-03-01 10:00:00,50,14,129.09,25,3,0
16423,2026-03-01 10:00:00,22,6,43.85,19,3,0
16424,2026-03-01 10:00:00,45,42,115.9,18,2,0
16425,2026-03-01 10:00:00,25,40,159.5,27,5,1
16426,2026-03-01 10:00:00,44,31,183.19,26,1,0
16427,2026-03-01 10:00:00,47,17,149.64,26,1,0
16428,2026-03-01 10:00:00,23,25,116.82,25,0,0
16429,2026-03-01 10:00:00,32,32,107.66,33,0,0
16430,2026-03-01 10:00:00,25,12,121.15,23,0,0
16431,2026-03-01 10:00:00,39,49,91.29,18,2,0
16432,2026-03-01 10:00:00,19,13,121.61,25,2,0
16433,2026-03-01 10:00:00,50,19,119.76,18,1,0
16434,2026-03-01 10:00:00,59,44,110.23,19,1,0
16435,2026-03-01 10:00:00,34,48,156.55,22,0,0
16436,2026-03-01 10:00:00,64,25,73.06,16,3,0
16437,2026-03-01 10:00:00,22,31,147.21,18,2,0
16438,2026-03-01 10:00:00,61,59,168.94,18,1,0
16439,2026-03-01 10:00:00,20,37,110.36,20,1,0
16440,2026-03-01 10:00:00,25,25,134.36,22,3,0
16441,2026-03-01 10:00:00,27,16,144.53,20,2,0
16442,2026-03-01 10:00:00,67,57,178.33,21,1,0
16443,2026-03-01 10:00:00,43,38,80.64,17,2,0
16444,2026-03-01 10:00:00,46,43,113.16,11,1,0
16445,2026-03-01 10:00:00,33,49,136.19,19,3,0
16446,2026-03-01 10:00:00,40,58,124.83,23,1,0
16447,2026-03-01 10:00:00,25,23,168.19,17,2,0
16448,2026-03-01 10:00:00,28,14,68.58,17,6,1
16449,2026-03-01 10:00:00,44,6,135.34,25,1,1
16450,2026-03-01 10:00:00,28,25,131.69,17,0,0
16451,2026-03-01 10:00:00,55,23,101.31,25,2,0
16452,2026-03-01 10:00:00,69,43,178.21,22,4,0
16453,2026-03-01 10:00:00,63,12,120.37,20,1,0
16454,2026-03-01 10:00:00,29,13,117.97,16,3,0
16455,2026-03-01 10:00:00,65,36,34.32,17,4,1
16456,2026-03-01 10:00:00,48,39,178.33,12,3,0
16457,2026-03-01 10:00:00,45,34,103.38,15,5,0
16458,2026-03-01 10:00:00,67,6,124.84,29,0,0
16459,2026-03-01 10:00:00,64,38,109.21,19,1,0
16460,2026-03-01 10:00:00,33,50,142.61,20,2,0
16461,2026-03-01 10:00:00,36,52,111.21,29,1,0
16462,2026-03-01 10:00:00,35,40,109.06,18,1,0
16463,2026-03-01 10:00:00,64,8,174.86,21,2,0
16464,2026-03-01 10:00:00,40,8,139.24,16,4,1
16465,2026-03-01 10:00:00,31,40,138.75,12,3,0
16466,2026-03-01 10:00:00,32,33,84.5,16,3,0
16467,2026-03-01 10:00:00,67,34,138.73,30,0,0
16468,2026-03-01 10:00:00,18,44,89.94,20,3,0
16469,2026-03-01 10:00:00,28,15,152.08,21,6,0
16470,2026-03-01 10:00:00,66,36,136.89,22,2,0
16471,2026-03-01 10:00:00,61,57,99.67,16,1,0
16472,2026-03-01 10:00:00,30,35,127.86,18,4,0
16473,2026-03-01 10:00:00,49,46,137.41,14,2,0
16474,2026-03-01 10:00:00,61,22,158.97,18,2,0
16475,2026-03-01 10:00:00,30,23,112.02,28,2,0
16476,2026-03-01 10:00:00,56,40,159.79,23,3,0
16477,2026-03-01 10:00:00,19,45,188.73,23,1,0
16478,2026-03-01 10:00:00,33,55,157.04,17,0,0
16479,2026-03-01 10:00:00,56,51,103.27,17,3,0
16480,2026-03-01 10:00:00,58,22,159.77,20,2,0
16481,2026-03-01 10:00:00,32,5,167.14,21,2,0
16482,2026-03-01 10:00:00,19,31,159.93,23,1,0
16483,2026-03-01 10:00:00,64,13,76.31,19,0,0
16484,2026-03-01 10:00:00,42,28,44.22,23,2,0
16485,2026-03-01 10:00:00,39,58,46.03,16,2,0
16486,2026-03-01 10:00:00,46,20,59.88,21,3,0
16487,2026-03-01 10:00:00,56,33,95.97,17,3,0
16488,2026-03-01 10:00:00,51,16,122.08,23,2,0
16489,2026-03-01 10:00:00,47,29,48.36,19,3,0
16490,2026-03-01 10:00:00,63,23,133.74,25,4,0
16491,2026-03-01 10:00:00,56,24,118.08,18,3,0
16492,2026-03-01 10:00:00,48,34,134.24,27,1,0
16493,2026-03-01 10:00:00,40,7,167.49,15,0,0
16494,2026-03-01 10:00:00,18,38,135.54,17,2,0
16495,2026-03-01 10:00:00,24,37,105.73,18,3,0
16496,2026-03-01 10:00:00,57,4,77.94,24,0,1
16497,2026-03-01 10:00:00,18,34,115.04,23,2,0
16498,2026-03-01 10:00:00,43,42,42.24,23,0,0
16499,2026-03-01 10:00:00,30,22,140.83,21,1,0
16500,2026-03-01 10:00:00,50,5,168.41,16,2,0
16501,2026-03-01 10:00:00,23,50,111.43,26,3,0
16502,2026-03-01 10:00:00,61,42,108.9,26,1,0
16503,2026-03-01 10:00:00,22,23,106.58,14,6,1
16504,2026-03-01 10:00:00,59,54,102.56,26,2,0
16505,2026-03-01 10:00:00,50,15,127.6,15,0,0
16506,2026-03-01 10:00:00,36,31,167.44,9,2,1
16507,2026-03-01 10:00:00,31,59,193.24,18,1,0
16508,2026-03-01 10:00:00,63,9,172.66,18,4,1
16509,2026-03-01 10:00:00,52,43,123.7,20,1,0
16510,2026-03-01 10:00:00,43,58,164.69,17,0,0
16511,2026-03-01 10:00:00,48,53,114.21,16,0,0
16512,2026-03-01 10:00:00,54,25,103.11,16,1,1
16513,2026-03-01 10:00:00,36,25,159.27,21,1,0
16514,2026-03-01 10:00:00,21,49,161.88,17,2,0
16515,2026-03-01 10:00:00,51,21,123.25,21,2,0
16516,2026-03-01 10:00:00,43,9,109.42,15,2,1
16517,2026-03-01 10:00:00,23,55,85.81,10,0,0
16518,2026-03-01 10:00:00,25,48,87.2,15,3,0
16519,2026-03-01 10:00:00,66,38,102.47,15,3,0
16520,2026-03-01 10:00:00,22,22,122.54,19,4,0
16521,2026-03-01 10:00:00,54,43,82.39,17,3,0
16522,2026-03-01 10:00:00,41,23,88.98,18,3,0
16523,2026-03-01 10:00:00,20,49,98.97,23,1,0
16524,2026-03-01 10:00:00,23,4,115.63,25,2,0
16525,2026-03-01 10:00:00,68,29,80.81,15,4,1
16526,2026-03-01 10:00:00,57,15,98.61,15,3,0
16527,2026-03-01 10:00:00,50,1,141.09,18,2,1
16528,2026-03-01 10:00:00,30,54,101.25,15,2,0
16529,2026-03-01 10:00:00,55,30,119.34,17,4,1
16530,2026-03-01 10:00:00,64,29,125.31,23,3,0
16531,2026-03-01 10:00:00,34,20,126.67,24,3,0
16532,2026-03-01 10:00:00,65,33,110.25,18,0,0
16533,2026-03-01 10:00:00,56,41,99.37,23,6,1
16534,2026-03-01 10:00:00,67,44,153.37,21,2,0
16535,2026-03-01 10:00:00,53,36,37.41,20,1,0
16536,2026-03-01 10:00:00,29,22,92.75,18,1,0
16537,2026-03-01 10:00:00,48,13,155.96,17,4,1
16538,2026-03-01 10:00:00,21,7,71.55,19,6,0
16539,2026-03-01 10:00:00,60,8,106.46,15,2,1
16540,2026-03-01 10:00:00,43,28,213.6,19,1,0
16541,2026-03-01 10:00:00,30,45,152.81,26,0,0
16542,2026-03-01 10:00:00,58,43,141.58,19,2,0
16543,2026-03-01 10:00:00,63,9,118.15,15,0,0
16544,2026-03-01 10:00:00,67,25,146.68,19,2,0
16545,2026-03-01 10:00:00,26,56,170.95,24,4,0
16546,2026-03-01 10:00:00,30,16,152.47,22,3,0
16547,2026-03-01 10:00:00,60,10,172.37,21,0,1
16548,2026-03-01 10:00:00,61,11,121.49,19,3,0
16549,2026-03-01 10:00:00,23,31,105.04,17,4,0
16550,2026-03-01 10:00:00,49,12,72.14,23,1,0
16551,2026-03-01 10:00:00,67,31,138.68,21,4,1
16552,2026-03-01 10:00:00,41,14,139.87,25,1,0
16553,2026-03-01 10:00:00,53,51,100.47,17,3,0
16554,2026-03-01 10:00:00,37,44,118.19,12,2,0
16555,2026-03-01 10:00:00,24,32,59.63,20,1,0
16556,2026-03-01 10:00:00,26,50,73.11,23,0,0
16557,2026-03-01 10:00:00,39,53,105.99,23,3,1
16558,2026-03-01 10:00:00,51,17,108.64,18,3,0
16559,2026-03-01 10:00:00,24,35,86.91,15,0,0
16560,2026-03-01 10:00:00,60,1,51.78,21,5,1
16561,2026-03-01 10:00:00,31,29,139.7,19,3,0
16562,2026-03-01 10:00:00,31,51,186.2,22,1,0
16563,2026-03-01 10:00:00,35,4,166.4,21,1,0
16564,2026-03-01 10:00:00,58,23,128.41,24,5,1
16565,2026-03-01 10:00:00,35,28,111.54,20,0,0
16566,2026-03-01 10:00:00,38,16,153.73,24,3,0
16567,2026-03-01 10:00:00,41,12,133.68,21,2,0
16568,2026-03-01 10:00:00,54,53,134.65,24,2,1
16569,2026-03-01 10:00:00,49,21,52.27,19,1,0
16570,2026-03-01 10:00:00,35,45,161.97,14,2,0
16571,2026-03-01 10:00:00,24,17,103.29,13,3,0
16572,2026-03-01 10:00:00,33,40,126.02,24,1,0
16573,2026-03-01 10:00:00,46,13,89.18,16,1,0
16574,2026-03-01 10:00:00,27,52,146.48,14,1,0
16575,2026-03-01 10:00:00,54,58,100.6,25,0,0
16576,2026-03-01 10:00:00,56,32,235.28,13,2,0
16577,2026-03-01 10:00:00,39,37,97.44,24,1,0
16578,2026-03-01 10:00:00,31,50,96.01,13,3,0
16579,2026-03-01 10:00:00,32,15,154.36,17,4,0
16580,2026-03-01 10:00:00,43,12,141.78,18,3,0
16581,2026-03-01 10:00:00,18,49,192.92,15,3,0
16582,2026-03-01 10:00:00,29,57,128.2,26,3,0
16583,2026-03-01 10:00:00,64,15,203.58,13,2,0
16584,2026-03-01 10:00:00,40,34,138.05,25,4,1
16585,2026-03-01 10:00:00,60,6,128.72,25,1,0
16586,2026-03-01 10:00:00,24,17,94.7,16,2,0
16587,2026-03-01 10:00:00,35,48,136.51,13,3,0
16588,2026-03-01 10:00:00,57,49,42.13,16,1,0
16589,2026-03-01 10:00:00,42,57,125.88,16,0,0
16590,2026-03-01 10:00:00,45,20,76.17,27,3,0
16591,2026-03-01 10:00:00,21,9,76.84,21,5,0
16592,2026-03-01 10:00:00,63,59,143.76,16,2,0
16593,2026-03-01 10:00:00,40,5,110.25,24,4,1
16594,2026-03-01 10:00:00,51,23,88.12,23,1,0
16595,2026-03-01 10:00:00,19,33,204.27,21,0,0
16596,2026-03-01 10:00:00,31,38,92.46,15,3,0
16597,2026-03-01 10:00:00,29,56,115.12,26,4,0
16598,2026-03-01 10:00:00,19,14,67.53,26,1,0
16599,2026-03-01 10:00:00,56,17,113.6,16,2,0
16600,2026-03-01 10:00:00,54,57,151.64,15,0,0
16601,2026-03-01 10:00:00,49,19,133.53,21,1,0
16602,2026-03-01 10:00:00,38,33,107.02,29,1,1
16603,2026-03-01 10:00:00,56,1,195.42,15,1,0
16604,2026-03-01 10:00:00,63,13,75.63,22,1,0
16605,2026-03-01 10:00:00,44,46,131.52,24,0,0
16606,2026-03-01 10:00:00,56,27,155.9,15,4,1
16607,2026-03-01 10:00:00,54,6,137.24,21,3,0
16608,2026-03-01 10:00:00,60,59,159.28,13,2,0
16609,2026-03-01 10:00:00,38,6,112.64,19,5,0
16610,2026-03-01 10:00:00,33,33,173.41,21,3,0
16611,2026-03-01 10:00:00,64,30,121.36,18,3,0
16612,2026-03-01 10:00:00,24,46,135.33,17,2,0
16613,2026-03-01 10:00:00,65,35,80.17,22,3,0
16614,2026-03-01 10:00:00,42,23,143.57,19,0,0
16615,2026-03-01 10:00:00,31,10,82.7,17,3,0
16616,2026-03-01 10:00:00,28,51,23.59,21,2,0
16617,2026-03-01 10:00:00,28,19,140.58,13,1,0
16618,2026-03-01 10:00:00,69,51,144.53,18,4,1
16619,2026-03-01 10:00:00,60,28,175.14,23,2,1
16620,2026-03-01 10:00:00,31,23,127.68,23,0,0
16621,2026-03-01 10:00:00,56,4,141.85,17,3,1
16622,2026-03-01 10:00:00,53,20,162.56,14,3,0
16623,2026-03-01 10:00:00,58,19,94.51,11,4,1
16624,2026-03-01 10:00:00,52,42,73.51,21,4,1
16625,2026-03-01 10:00:00,26,27,111.69,22,2,0
16626,2026-03-01 10:00:00,19,57,79.17,17,0,0
16627,2026-03-01 10:00:00,52,34,165.55,13,4,0
16628,2026-03-01 10:00:00,35,4,94.32,21,1,0
16629,2026-03-01 10:00:00,19,56,112.19,25,6,0
16630,2026-03-01 10:00:00,31,38,175.27,33,1,0
16631,2026-03-01 10:00:00,21,7,162.8,21,2,0
16632,2026-03-01 10:00:00,65,48,121.12,15,2,0
16633,2026-03-01 10:00:00,34,7,150.34,22,0,0
16634,2026-03-01 10:00:00,60,50,122.1,17,2,0
16635,2026-03-01 10:00:00,46,52,113.02,24,3,0
16636,2026-03-01 10:00:00,68,26,169.39,22,1,0
16637,2026-03-01 10:00:00,68,26,140.47,22,5,0
16638,2026-03-01 10:00:00,45,54,129.28,25,4,0
16639,2026-03-01 10:00:00,65,19,110.41,27,0,0
16640,2026-03-01 10:00:00,24,9,81.34,12,0,0
16641,2026-03-01 10:00:00,34,20,117.64,20,0,0
16642,2026-03-01 10:00:00,46,42,162.71,23,4,1
16643,2026-03-01 10:00:00,49,45,153.21,23,1,0
16644,2026-03-01 10:00:00,28,50,106.9,13,1,0
16645,2026-03-01 10:00:00,65,16,145.58,19,0,0
16646,2026-03-01 10:00:00,52,54,82.44,27,4,0
16647,2026-03-01 10:00:00,53,17,121.77,18,1,0
16648,2026-03-01 10:00:00,66,22,167.86,21,2,0
16649,2026-03-01 10:00:00,39,13,150.78,16,4,0
16650,2026-03-01 10:00:00,22,12,209.81,19,3,0
16651,2026-03-01 10:00:00,59,10,125.58,22,2,0
16652,2026-03-01 10:00:00,50,1,183.99,19,0,0
16653,2026-03-01 10:00:00,25,32,88.26,18,1,0
16654,2026-03-01 10:00:00,24,30,167.34,19,6,0
16655,2026-03-01 10:00:00,24,8,80.67,20,1,0
16656,2026-03-01 10:00:00,47,21,130.92,21,2,0
16657,2026-03-01 10:00:00,59,22,156.47,18,1,0
16658,2026-03-01 10:00:00,64,18,29.06,26,1,0
16659,2026-03-01 10:00:00,23,2,92.43,18,2,0
16660,2026-03-01 10:00:00,48,48,109.65,22,3,0
16661,2026-03-01 10:00:00,63,44,140.51,23,1,0
16662,2026-03-01 10:00:00,69,9,110.91,19,3,0
16663,2026-03-01 10:00:00,39,3,70.2,22,2,0
16664,2026-03-01 10:00:00,30,54,137.95,21,3,0
16665,2026-03-01 10:00:00,23,26,41.25,19,1,0
16666,2026-03-01 10:00:00,59,21,189.26,30,3,0
16667,2026-03-01 10:00:00,67,30,78.25,21,4,0
16668,2026-03-01 10:00:00,31,28,102.57,25,3,0
16669,2026-03-01 10:00:00,20,36,93.67,14,2,0
16670,2026-03-01 10:00:00,45,26,119.03,23,3,0
16671,2026-03-01 10:00:00,40,34,85.55,14,3,0
16672,2026-03-01 10:00:00,56,8,44.92,22,1,0
16673,2026-03-01 10:00:00,52,10,111.27,22,1,0
16674,2026-03-01 10:00:00,52,48,73.48,15,3,0
16675,2026-03-01 10:00:00,27,55,135.27,12,3,0
16676,2026-03-01 10:00:00,42,43,67.57,16,1,0
16677,2026-03-01 10:00:00,49,50,62.99,22,4,0
16678,2026-03-01 10:00:00,34,54,91.16,24,2,0
16679,2026-03-01 10:00:00,68,14,143.66,17,1,0
16680,2026-03-01 10:00:00,45,40,113.36,24,5,1
16681,2026-03-01 10:00:00,30,55,203.12,17,3,0
16682,2026-03-01 10:00:00,41,15,188.54,17,2,1
16683,2026-03-01 10:00:00,44,17,167.2,20,2,0
16684,2026-03-01 10:00:00,32,53,123.29,19,3,0
16685,2026-03-01 10:00:00,60,18,114.62,26,0,0
16686,2026-03-01 10:00:00,61,32,198.73,29,4,1
16687,2026-03-01 10:00:00,44,38,92.98,20,2,0
16688,2026-03-01 10:00:00,65,23,133.2,24,2,0
16689,2026-03-01 10:00:00,18,46,113.31,17,6,1
16690,2026-03-01 10:00:00,52,23,99.56,23,2,0
16691,2026-03-01 10:00:00,69,35,126.93,12,4,1
16692,2026-03-01 10:00:00,47,39,114.44,15,1,0
16693,2026-03-01 10:00:00,37,15,161.06,12,3,0
16694,2026-03-01 10:00:00,53,53,69.28,21,5,0
16695,2026-03-01 10:00:00,33,24,96.12,23,2,0
16696,2026-03-01 10:00:00,22,28,101.06,26,3,0
16697,2026-03-01 10:00:00,21,16,145.57,21,4,0
16698,2026-03-01 10:00:00,65,16,119.93,24,2,0
16699,2026-03-01 10:00:00,31,40,77.89,16,4,0
16700,2026-03-01 10:00:00,22,39,73.69,23,3,0
16701,2026-03-01 10:00:00,27,6,178.77,23,1,0
16702,2026-03-01 10:00:00,69,2,152.85,24,1,0
16703,2026-03-01 10:00:00,58,54,59.71,21,1,0
16704,2026-03-01 10:00:00,65,13,129.23,26,0,0
16705,2026-03-01 10:00:00,63,44,122.08,27,1,0
16706,2026-03-01 10:00:00,28,47,157.03,11,2,0
16707,2026-03-01 10:00:00,68,59,118.61,21,2,0
16708,2026-03-01 10:00:00,39,9,146.75,19,1,0
16709,2026-03-01 10:00:00,30,34,106.05,16,2,0
16710,2026-03-01 10:00:00,58,17,81.95,12,1,0
16711,2026-03-01 10:00:00,64,27,65.16,18,1,0
16712,2026-03-01 10:00:00,55,29,127.75,19,1,0
16713,2026-03-01 10:00:00,42,37,84.21,13,1,0
16714,2026-03-01 10:00:00,28,43,111.46,15,2,0
16715,2026-03-01 10:00:00,33,22,158.14,16,2,0
16716,2026-03-01 10:00:00,45,51,115.76,20,4,0
16717,2026-03-01 10:00:00,64,24,74.36,27,2,0
16718,2026-03-01 10:00:00,38,7,89.84,17,5,1
16719,2026-03-01 10:00:00,26,34,149.82,24,1,0
16720,2026-03-01 10:00:00,23,48,91.69,25,2,0
16721,2026-03-01 10:00:00,35,12,130.49,20,1,0
16722,2026-03-01 10:00:00,46,23,172.2,28,2,0
16723,2026-03-01 10:00:00,43,15,81.4,7,5,1
16724,2026-03-01 10:00:00,55,33,159.57,29,1,0
16725,2026-03-01 10:00:00,64,57,161.81,18,2,0
16726,2026-03-01 10:00:00,33,13,152.52,17,1,0
16727,2026-03-01 10:00:00,25,23,110.18,24,2,0
16728,2026-03-01 10:00:00,63,38,130.06,23,1,0
16729,2026-03-01 10:00:00,45,32,116.22,20,0,0
16730,2026-03-01 10:00:00,40,45,119.45,26,3,0
16731,2026-03-01 10:00:00,60,50,85.69,18,3,0
16732,2026-03-01 10:00:00,65,35,55.15,28,2,0
16733,2026-03-01 10:00:00,48,1,71.06,23,1,0
16734,2026-03-01 10:00:00,20,47,182.43,16,1,0
16735,2026-03-01 10:00:00,33,58,206.85,14,1,0
16736,2026-03-01 10:00:00,30,45,226.53,21,3,0
16737,2026-03-01 10:00:00,22,5,112.18,20,3,0
16738,2026-03-01 10:00:00,41,57,92.61,18,2,0
16739,2026-03-01 10:00:00,26,13,136.6,21,4,0
16740,2026-03-01 10:00:00,32,54,94.74,18,2,0
16741,2026-03-01 10:00:00,23,5,189.26,21,2,0
16742,2026-03-01 10:00:00,41,32,124.11,29,1,0
16743,2026-03-01 10:00:00,61,51,141.66,17,1,0
16744,2026-03-01 10:00:00,54,21,59.15,19,2,0
16745,2026-03-01 10:00:00,51,24,155.8,26,1,0
16746,2026-03-01 10:00:00,19,18,72.13,16,1,0
16747,2026-03-01 10:00:00,22,21,160.81,23,4,0
16748,2026-03-01 10:00:00,45,54,81.88,19,2,0
16749,2026-03-01 10:00:00,58,10,76.8,12,1,0
16750,2026-03-01 10:00:00,61,24,138.32,20,1,0
16751,2026-03-01 10:00:00,49,40,115.87,23,3,0
16752,2026-03-01 10:00:00,35,47,58.42,13,3,1
16753,2026-03-01 10:00:00,58,21,87.14,21,2,0
16754,2026-03-01 10:00:00,60,25,139.44,17,2,0
16755,2026-03-01 10:00:00,18,52,93.62,25,1,0
16756,2026-03-01 10:00:00,49,57,104.96,21,2,0
16757,2026-03-01 10:00:00,46,59,114.23,21,4,0
16758,2026-03-01 10:00:00,37,23,86.13,17,3,0
16759,2026-03-01 10:00:00,22,22,90.81,20,5,1
16760,2026-03-01 10:00:00,26,4,81.35,18,1,0
16761,2026-03-01 10:00:00,40,34,178.78,17,2,0
16762,2026-03-01 10:00:00,60,56,162.68,19,0,0
16763,2026-03-01 10:00:00,47,6,116.78,23,4,1
16764,2026-03-01 10:00:00,50,28,110.54,18,2,0
16765,2026-03-01 10:00:00,32,31,154.84,15,2,0
16766,2026-03-01 10:00:00,63,35,106.96,28,1,0
16767,2026-03-01 10:00:00,37,39,39.59,21,1,0
16768,2026-03-01 10:00:00,66,42,94.61,17,2,0
16769,2026-03-01 10:00:00,64,23,134.05,23,0,0
16770,2026-03-01 10:00:00,20,6,106.75,24,2,0
16771,2026-03-01 10:00:00,42,16,131.18,24,2,0
16772,2026-03-01 10:00:00,19,2,135.97,18,1,0
16773,2026-03-01 10:00:00,24,24,191.78,16,3,0
16774,2026-03-01 10:00:00,58,17,118.13,11,2,0
16775,2026-03-01 10:00:00,50,45,178.18,13,2,0
16776,2026-03-01 10:00:00,18,1,143.42,28,1,0
16777,2026-03-01 10:00:00,41,6,104.46,16,1,0
16778,2026-03-01 10:00:00,49,5,192.72,22,1,0
16779,2026-03-01 10:00:00,32,57,205.2,18,3,1
16780,2026-03-01 10:00:00,18,45,104.92,23,0,0
16781,2026-03-01 10:00:00,54,55,114.39,21,6,1
16782,2026-03-01 10:00:00,50,50,163.82,20,0,0
16783,2026-03-01 10:00:00,32,29,160.69,23,0,0
16784,2026-03-01 10:00:00,40,12,105.64,22,0,0
16785,2026-03-01 10:00:00,37,39,139.04,11,3,1
16786,2026-03-01 10:00:00,68,47,110.38,24,3,0
16787,2026-03-01 10:00:00,25,3,34.09,18,1,1
16788,2026-03-01 10:00:00,61,48,145.0,22,2,0
16789,2026-03-01 10:00:00,32,1,160.9,13,2,0
16790,2026-03-01 10:00:00,63,27,30.12,27,0,0
16791,2026-03-01 10:00:00,24,48,163.57,19,2,0
16792,2026-03-01 10:00:00,48,24,91.76,21,1,0
16793,2026-03-01 10:00:00,66,44,105.76,16,1,0
16794,2026-03-01 10:00:00,34,19,88.5,22,1,0
16795,2026-03-01 10:00:00,19,59,161.22,21,3,1
16796,2026-03-01 10:00:00,44,8,121.55,19,1,0
16797,2026-03-01 10:00:00,24,55,41.3,21,1,0
16798,2026-03-01 10:00:00,55,44,103.92,18,2,0
16799,2026-03-01 10:00:00,61,47,149.41,23,2,0
16800,2026-03-01 10:00:00,46,2,153.89,30,2,0
16801,2026-03-01 10:00:00,31,30,112.93,16,2,0
16802,2026-03-01 10:00:00,57,30,112.44,23,3,0
16803,2026-03-01 10:00:00,65,49,166.21,11,6,1
16804,2026-03-01 10:00:00,19,39,121.01,20,0,0
16805,2026-03-01 10:00:00,66,45,153.77,25,3,0
16806,2026-03-01 10:00:00,59,32,64.36,22,2,0
16807,2026-03-01 10:00:00,39,1,104.75,21,5,1
16808,2026-03-01 10:00:00,50,38,117.71,14,5,1
16809,2026-03-01 10:00:00,62,13,208.42,24,0,0
16810,2026-03-01 10:00:00,55,11,100.56,20,4,1
16811,2026-03-01 10:00:00,18,10,103.61,16,1,0
16812,2026-03-01 10:00:00,18,48,148.27,16,3,0
16813,2026-03-01 10:00:00,44,59,149.01,18,2,0
16814,2026-03-01 10:00:00,33,26,126.16,13,2,0
16815,2026-03-01 10:00:00,36,56,152.43,20,2,0
16816,2026-03-01 10:00:00,21,55,128.11,24,2,0
16817,2026-03-01 10:00:00,19,20,188.24,20,2,0
16818,2026-03-01 10:00:00,24,17,177.49,23,1,0
16819,2026-03-01 10:00:00,61,17,158.6,23,1,0
16820,2026-03-01 10:00:00,64,4,153.67,27,1,0
16821,2026-03-01 10:00:00,35,5,208.09,27,0,0
16822,2026-03-01 10:00:00,33,23,124.86,17,4,1
16823,2026-03-01 10:00:00,56,46,86.27,16,0,0
16824,2026-03-01 10:00:00,32,52,139.33,16,2,0
16825,2026-03-01 10:00:00,25,10,145.53,21,1,0
16826,2026-03-01 10:00:00,26,46,107.29,19,2,0
16827,2026-03-01 10:00:00,35,28,147.22,16,1,0
16828,2026-03-01 10:00:00,51,33,68.51,22,2,0
16829,2026-03-01 10:00:00,43,43,125.5,27,3,0
16830,2026-03-01 10:00:00,58,26,223.98,19,1,0
16831,2026-03-01 10:00:00,54,55,154.25,20,2,0
16832,2026-03-01 10:00:00,28,50,151.47,26,3,0
16833,2026-03-01 10:00:00,56,48,76.52,22,3,1
16834,2026-03-01 10:00:00,19,29,60.14,19,1,0
16835,2026-03-01 10:00:00,47,27,93.82,13,2,0
16836,2026-03-01 10:00:00,45,18,164.73,16,2,0
16837,2026-03-01 10:00:00,30,40,167.91,19,6,0
16838,2026-03-01 10:00:00,32,10,171.34,13,2,0
16839,2026-03-01 10:00:00,44,58,199.8,20,3,0
16840,2026-03-01 10:00:00,40,42,163.58,23,1,0
16841,2026-03-01 10:00:00,46,5,97.88,27,2,0
16842,2026-03-01 10:00:00,18,10,102.64,24,4,0
16843,2026-03-01 10:00:00,57,50,113.94,22,0,0
16844,2026-03-01 10:00:00,29,21,35.83,23,0,0
16845,2026-03-01 10:00:00,24,24,68.32,13,2,0
16846,2026-03-01 10:00:00,25,38,125.29,19,3,0
16847,2026-03-01 10:00:00,24,3,96.77,22,3,1
16848,2026-03-01 10:00:00,38,40,131.56,23,0,0
16849,2026-03-01 10:00:00,62,31,116.63,21,4,0
16850,2026-03-01 10:00:00,44,41,156.84,15,1,0
16851,2026-03-01 10:00:00,58,37,169.93,23,2,0
16852,2026-03-01 10:00:00,39,2,116.26,23,2,0
16853,2026-03-01 10:00:00,38,2,77.39,17,2,0
16854,2026-03-01 10:00:00,36,39,144.47,12,1,0
16855,2026-03-01 10:00:00,63,49,183.03,22,1,0
16856,2026-03-01 10:00:00,55,42,91.8,21,1,0
16857,2026-03-01 10:00:00,51,44,101.32,24,2,0
16858,2026-03-01 10:00:00,64,34,83.97,17,4,1
16859,2026-03-01 10:00:00,20,42,85.48,15,0,0
16860,2026-03-01 10:00:00,20,20,49.52,13,1,0
16861,2026-03-01 10:00:00,21,33,123.96,26,1,0
16862,2026-03-01 10:00:00,61,4,170.36,23,1,0
16863,2026-03-01 10:00:00,45,45,174.67,28,0,0
16864,2026-03-01 10:00:00,54,44,97.97,13,3,0
16865,2026-03-01 10:00:00,57,11,144.18,27,0,0
16866,2026-03-01 10:00:00,45,42,68.86,17,2,0
16867,2026-03-01 10:00:00,64,47,133.3,19,3,1
16868,2026-03-01 10:00:00,59,5,20.0,13,3,0
16869,2026-03-01 10:00:00,29,25,133.55,21,2,1
16870,2026-03-01 10:00:00,55,49,109.16,27,4,0
16871,2026-03-01 10:00:00,67,37,87.53,20,1,0
16872,2026-03-01 10:00:00,66,34,187.31,20,2,0
16873,2026-03-01 10:00:00,67,9,98.58,18,4,0
16874,2026-03-01 10:00:00,28,6,113.54,18,3,0
16875,2026-03-01 10:00:00,18,18,65.37,19,4,0
16876,2026-03-01 10:00:00,21,14,98.91,25,4,1
16877,2026-03-01 10:00:00,63,19,100.4,16,2,0
16878,2026-03-01 10:00:00,67,14,152.93,29,3,1
16879,2026-03-01 10:00:00,49,40,192.81,12,2,0
16880,2026-03-01 10:00:00,22,17,160.37,23,2,1
16881,2026-03-01 10:00:00,21,35,181.85,24,3,0
16882,2026-03-01 10:00:00,62,29,177.36,10,0,0
16883,2026-03-01 10:00:00,66,42,108.5,22,2,0
16884,2026-03-01 10:00:00,60,17,177.33,15,3,0
16885,2026-03-01 10:00:00,65,59,119.27,20,1,0
16886,2026-03-01 10:00:00,50,43,71.14,25,0,0
16887,2026-03-01 10:00:00,32,8,108.88,21,3,0
16888,2026-03-01 10:00:00,25,1,99.33,21,4,1
16889,2026-03-01 10:00:00,50,45,157.99,17,1,0
16890,2026-03-01 10:00:00,67,53,104.21,16,1,1
16891,2026-03-01 10:00:00,37,36,140.06,16,0,0
16892,2026-03-01 10:00:00,42,7,134.79,19,4,1
16893,2026-03-01 10:00:00,51,46,120.63,26,2,0
16894,2026-03-01 10:00:00,26,5,124.6,20,0,1
16895,2026-03-01 10:00:00,61,24,119.67,15,4,1
16896,2026-03-01 10:00:00,33,28,73.16,21,1,0
16897,2026-03-01 10:00:00,30,43,101.71,26,3,0
16898,2026-03-01 10:00:00,68,17,151.65,20,0,0
16899,2026-03-01 10:00:00,23,37,73.82,19,3,0
16900,2026-03-01 10:00:00,27,20,130.24,17,2,0
16901,2026-03-01 10:00:00,69,3,133.02,22,5,1
16902,2026-03-01 10:00:00,45,37,76.1,25,3,0
16903,2026-03-01 10:00:00,55,26,162.12,22,2,0
16904,2026-03-01 10:00:00,30,15,147.17,17,3,0
16905,2026-03-01 10:00:00,67,51,85.64,18,2,0
16906,2026-03-01 10:00:00,28,48,87.97,20,6,0
16907,2026-03-01 10:00:00,44,8,130.95,20,3,0
16908,2026-03-01 10:00:00,39,13,39.0,19,2,0
16909,2026-03-01 10:00:00,43,48,100.05,18,1,0
16910,2026-03-01 10:00:00,47,3,108.43,17,0,0
16911,2026-03-01 10:00:00,63,1,115.5,14,4,1
16912,2026-03-01 10:00:00,69,9,157.44,32,4,0
16913,2026-03-01 10:00:00,38,31,109.33,28,2,0
16914,2026-03-01 10:00:00,26,41,139.22,24,1,0
16915,2026-03-01 10:00:00,63,54,117.12,15,2,0
16916,2026-03-01 10:00:00,29,26,112.43,19,2,0
16917,2026-03-01 10:00:00,32,17,114.23,34,0,0
16918,2026-03-01 10:00:00,35,56,83.13,15,4,1
16919,2026-03-01 10:00:00,24,34,92.99,19,1,0
16920,2026-03-01 10:00:00,46,9,123.99,16,1,0
16921,2026-03-01 10:00:00,43,56,119.9,21,5,0
16922,2026-03-01 10:00:00,39,51,136.96,19,2,0
16923,2026-03-01 10:00:00,58,13,69.11,19,3,0
16924,2026-03-01 10:00:00,44,5,153.21,26,2,0
16925,2026-03-01 10:00:00,51,41,99.1,22,1,0
16926,2026-03-01 10:00:00,62,13,218.77,27,3,0
16927,2026-03-01 10:00:00,55,1,104.7,20,1,0
16928,2026-03-01 10:00:00,62,25,139.2,18,0,0
16929,2026-03-01 10:00:00,28,47,106.9,23,2,0
16930,2026-03-01 10:00:00,39,4,60.73,24,3,0
16931,2026-03-01 10:00:00,49,36,62.73,23,0,0
16932,2026-03-01 10:00:00,53,52,88.64,25,1,0
16933,2026-03-01 10:00:00,29,10,82.95,20,3,0
16934,2026-03-01 10:00:00,35,28,93.63,25,0,0
16935,2026-03-01 10:00:00,26,57,124.02,21,3,0
16936,2026-03-01 10:00:00,28,6,105.19,21,0,0
16937,2026-03-01 10:00:00,54,27,106.53,15,1,0
16938,2026-03-01 10:00:00,35,56,159.08,21,2,0
16939,2026-03-01 10:00:00,46,12,185.04,18,3,0
16940,2026-03-01 10:00:00,68,52,173.96,21,3,0
16941,2026-03-01 10:00:00,47,48,108.31,17,0,0
16942,2026-03-01 10:00:00,31,3,104.05,24,0,0
16943,2026-03-01 10:00:00,51,46,109.05,16,2,0
16944,2026-03-01 10:00:00,35,33,111.79,14,4,0
16945,2026-03-01 10:00:00,50,10,100.54,18,2,1
16946,2026-03-01 10:00:00,26,31,201.33,23,2,0
16947,2026-03-01 10:00:00,61,15,158.39,15,3,0
16948,2026-03-01 10:00:00,67,7,106.69,24,2,0
16949,2026-03-01 10:00:00,33,36,119.42,23,3,0
16950,2026-03-01 10:00:00,24,14,146.51,32,1,0
16951,2026-03-01 10:00:00,20,56,82.2,16,3,0
16952,2026-03-01 10:00:00,56,48,162.32,12,1,0
16953,2026-03-01 10:00:00,23,14,117.33,20,7,0
16954,2026-03-01 10:00:00,20,3,107.25,19,0,0
16955,2026-03-01 10:00:00,32,49,22.18,14,2,0
16956,2026-03-01 10:00:00,20,53,103.33,22,5,0
16957,2026-03-01 10:00:00,59,46,147.9,18,2,0
16958,2026-03-01 10:00:00,68,50,102.53,20,1,0
16959,2026-03-01 10:00:00,40,3,178.98,24,2,0
16960,2026-03-01 10:00:00,18,22,121.8,21,2,0
16961,2026-03-01 10:00:00,42,19,69.49,15,0,0
16962,2026-03-01 10:00:00,60,35,78.15,27,0,0
16963,2026-03-01 10:00:00,50,12,84.86,20,0,0
16964,2026-03-01 10:00:00,21,54,169.86,18,0,0
16965,2026-03-01 10:00:00,62,5,136.31,19,5,1
16966,2026-03-01 10:00:00,50,10,215.88,27,2,0
16967,2026-03-01 10:00:00,50,41,103.37,19,2,0
16968,2026-03-01 10:00:00,18,33,124.88,20,1,0
16969,2026-03-01 10:00:00,57,13,67.44,18,2,0
16970,2026-03-01 10:00:00,41,35,157.5,18,0,0
16971,2026-03-01 10:00:00,49,51,181.57,27,3,0
16972,2026-03-01 10:00:00,62,32,47.77,14,3,0
16973,2026-03-01 10:00:00,62,11,82.04,19,0,0
16974,2026-03-01 10:00:00,44,48,94.91,22,0,0
16975,2026-03-01 10:00:00,22,38,138.58,28,1,0
16976,2026-03-01 10:00:00,60,24,93.86,23,1,0
16977,2026-03-01 10:00:00,65,35,32.32,23,3,0
16978,2026-03-01 10:00:00,46,19,146.4,19,1,0
16979,2026-03-01 10:00:00,58,6,103.47,18,4,1
16980,2026-03-01 10:00:00,45,40,119.19,16,1,0
16981,2026-03-01 10:00:00,28,54,160.47,20,2,0
16982,2026-03-01 10:00:00,57,45,184.39,18,0,0
16983,2026-03-01 10:00:00,47,44,135.77,11,2,0
16984,2026-03-01 10:00:00,41,42,117.63,24,2,0
16985,2026-03-01 10:00:00,43,35,132.21,17,4,1
16986,2026-03-01 10:00:00,19,4,71.23,25,3,0
16987,2026-03-01 10:00:00,51,33,81.92,24,1,0
16988,2026-03-01 10:00:00,33,13,125.69,23,1,0
16989,2026-03-01 10:00:00,19,56,94.8,21,0,0
16990,2026-03-01 10:00:00,29,36,118.55,19,3,0
16991,2026-03-01 10:00:00,24,54,107.58,27,1,0
16992,2026-03-01 10:00:00,68,43,118.06,8,1,0
16993,2026-03-01 10:00:00,31,19,114.75,15,1,0
16994,2026-03-01 10:00:00,49,43,73.0,22,1,0
16995,2026-03-01 10:00:00,24,12,121.7,19,0,0
16996,2026-03-01 10:00:00,53,11,187.24,13,0,0
16997,2026-03-01 10:00:00,68,6,28.5,21,4,0
16998,2026-03-01 10:00:00,52,12,143.46,15,1,0
16999,2026-03-01 10:00:00,35,27,167.77,17,2,0
17000,2026-03-01 10:00:00,49,41,135.55,19,2,0
17001,2026-03-01 10:00:00,30,25,100.89,16,2,1
17002,2026-03-01 10:00:00,27,42,132.48,14,1,0
17003,2026-03-01 10:00:00,64,3,119.76,17,1,0
17004,2026-03-01 10:00:00,29,3,72.9,17,1,0
17005,2026-03-01 10:00:00,20,20,87.98,26,4,1
17006,2026-03-01 10:00:00,39,28,135.1,21,2,0
17007,2026-03-01 10:00:00,37,23,178.38,17,5,1
17008,2026-03-01 10:00:00,26,48,48.25,16,3,0
17009,2026-03-01 10:00:00,27,3,145.39,15,3,0
17010,2026-03-01 10:00:00,61,42,81.77,23,1,0
17011,2026-03-01 10:00:00,67,24,70.2,11,2,0
17012,2026-03-01 10:00:00,67,43,84.86,17,2,0
17013,2026-03-01 10:00:00,19,40,128.55,17,3,0
17014,2026-03-01 10:00:00,42,6,100.0,19,3,0
17015,2026-03-01 10:00:00,69,20,105.4,4,1,0
17016,2026-03-01 10:00:00,61,11,109.16,24,0,0
17017,2026-03-01 10:00:00,65,32,163.12,18,2,0
17018,2026-03-01 10:00:00,24,27,83.08,19,3,0
17019,2026-03-01 10:00:00,20,21,174.52,22,0,0
17020,2026-03-01 10:00:00,22,44,193.53,33,0,0
17021,2026-03-01 10:00:00,34,48,116.35,17,2,0
17022,2026-03-01 10:00:00,69,50,124.02,15,2,1
17023,2026-03-01 10:00:00,41,13,177.59,26,0,0
17024,2026-03-01 10:00:00,68,22,133.99,17,0,0
17025,2026-03-01 10:00:00,24,35,148.7,25,2,0
17026,2026-03-01 10:00:00,68,47,168.0,32,4,1
17027,2026-03-01 10:00:00,63,22,116.89,13,3,0
17028,2026-03-01 10:00:00,32,28,140.27,17,2,0
17029,2026-03-01 10:00:00,48,21,87.07,18,2,0
17030,2026-03-01 10:00:00,30,46,133.76,18,2,0
17031,2026-03-01 10:00:00,54,18,86.41,14,1,0
17032,2026-03-01 10:00:00,21,31,107.31,24,2,0
17033,2026-03-01 10:00:00,28,46,159.42,19,3,0
17034,2026-03-01 10:00:00,52,37,126.99,21,1,0
17035,2026-03-01 10:00:00,31,21,175.18,18,0,0
17036,2026-03-01 10:00:00,35,14,80.01,24,4,1
17037,2026-03-01 10:00:00,25,25,134.52,23,1,1
17038,2026-03-01 10:00:00,50,27,55.94,19,0,0
17039,2026-03-01 10:00:00,26,40,64.82,31,1,0
17040,2026-03-01 10:00:00,44,23,150.8,23,3,0
17041,2026-03-01 10:00:00,65,31,102.27,21,1,0
17042,2026-03-01 10:00:00,65,47,130.92,17,1,0
17043,2026-03-01 10:00:00,53,29,167.0,28,2,0
17044,2026-03-01 10:00:00,38,47,140.51,26,2,0
17045,2026-03-01 10:00:00,65,30,165.58,13,1,0
17046,2026-03-01 10:00:00,53,51,150.22,25,2,0
17047,2026-03-01 10:00:00,36,26,175.76,21,4,0
17048,2026-03-01 10:00:00,35,20,106.91,13,3,0
17049,2026-03-01 10:00:00,31,38,162.28,11,1,0
17050,2026-03-01 10:00:00,43,19,84.67,16,2,0
17051,2026-03-01 10:00:00,20,27,128.33,30,1,0
17052,2026-03-01 10:00:00,52,25,97.06,18,1,0
17053,2026-03-01 10:00:00,55,40,117.0,21,3,0
17054,2026-03-01 10:00:00,49,38,151.94,18,4,0
17055,2026-03-01 10:00:00,21,52,123.7,19,3,0
17056,2026-03-01 10:00:00,64,23,112.59,19,1,0
17057,2026-03-01 10:00:00,21,29,107.82,19,3,0
17058,2026-03-01 10:00:00,30,15,154.07,21,0,0
17059,2026-03-01 10:00:00,41,59,60.93,15,2,0
17060,2026-03-01 10:00:00,26,3,75.45,18,3,0
17061,2026-03-01 10:00:00,40,10,107.24,22,2,0
17062,2026-03-01 10:00:00,26,15,94.07,28,3,0
17063,2026-03-01 10:00:00,66,56,47.98,17,1,0
17064,2026-03-01 10:00:00,67,16,53.37,12,0,0
17065,2026-03-01 10:00:00,67,17,130.64,14,3,0
17066,2026-03-01 10:00:00,44,19,63.64,22,2,0
17067,2026-03-01 10:00:00,26,11,30.87,20,3,0
17068,2026-03-01 10:00:00,46,48,150.55,25,2,0
17069,2026-03-01 10:00:00,51,5,73.27,15,2,0
17070,2026-03-01 10:00:00,62,5,159.04,26,3,1
17071,2026-03-01 10:00:00,39,58,124.87,27,2,0
17072,2026-03-01 10:00:00,56,14,129.65,18,3,0
17073,2026-03-01 10:00:00,27,50,160.69,23,0,0
17074,2026-03-01 10:00:00,35,26,113.63,22,2,0
17075,2026-03-01 10:00:00,64,8,137.78,20,4,0
17076,2026-03-01 10:00:00,66,5,82.77,17,2,1
17077,2026-03-01 10:00:00,34,7,135.94,17,3,0
17078,2026-03-01 10:00:00,55,16,50.89,16,2,0
17079,2026-03-01 10:00:00,25,55,145.43,27,2,0
17080,2026-03-01 10:00:00,48,14,53.03,13,4,1
17081,2026-03-01 10:00:00,60,37,195.59,21,1,0
17082,2026-03-01 10:00:00,67,56,56.29,25,1,0
17083,2026-03-01 10:00:00,68,41,91.71,23,2,0
17084,2026-03-01 10:00:00,42,4,155.64,10,1,0
17085,2026-03-01 10:00:00,39,36,170.33,25,4,0
17086,2026-03-01 10:00:00,52,48,157.69,16,0,0
17087,2026-03-01 10:00:00,38,56,151.02,19,1,0
17088,2026-03-01 10:00:00,30,17,138.42,24,4,0
17089,2026-03-01 10:00:00,57,47,107.51,14,2,0
17090,2026-03-01 10:00:00,34,36,135.14,17,6,0
17091,2026-03-01 10:00:00,23,6,106.59,25,1,0
17092,2026-03-01 10:00:00,62,16,122.2,19,1,0
17093,2026-03-01 10:00:00,51,29,113.51,25,3,0
17094,2026-03-01 10:00:00,57,36,87.07,22,1,0
17095,2026-03-01 10:00:00,30,38,115.82,29,1,0
17096,2026-03-01 10:00:00,32,37,107.49,17,5,0
17097,2026-03-01 10:00:00,18,48,164.57,15,1,0
17098,2026-03-01 10:00:00,35,57,139.73,13,3,0
17099,2026-03-01 10:00:00,28,48,94.87,14,0,0
17100,2026-03-01 10:00:00,66,10,20.0,19,3,0
17101,2026-03-01 10:00:00,61,41,118.67,17,3,0
17102,2026-03-01 10:00:00,45,36,133.13,29,3,0
17103,2026-03-01 10:00:00,21,29,83.99,23,3,0
17104,2026-03-01 10:00:00,50,14,98.17,17,1,0
17105,2026-03-01 10:00:00,50,4,94.95,21,2,0
17106,2026-03-01 10:00:00,64,44,183.46,22,2,0
17107,2026-03-01 10:00:00,32,56,158.94,18,2,0
17108,2026-03-01 10:00:00,54,42,50.44,18,2,0
17109,2026-03-01 10:00:00,48,36,143.91,15,1,0
17110,2026-03-01 10:00:00,41,50,155.66,22,4,1
17111,2026-03-01 10:00:00,25,45,125.44,24,3,0
17112,2026-03-01 10:00:00,64,13,174.55,17,3,0
17113,2026-03-01 10:00:00,50,46,110.43,35,1,0
17114,2026-03-01 10:00:00,64,18,121.49,19,1,0
17115,2026-03-01 10:00:00,34,33,173.72,22,1,0
17116,2026-03-01 10:00:00,19,21,107.7,24,1,0
17117,2026-03-01 10:00:00,46,16,180.24,17,2,0
17118,2026-03-01 10:00:00,22,15,157.97,18,1,0
17119,2026-03-01 10:00:00,57,54,137.12,25,1,0
17120,2026-03-01 10:00:00,59,57,130.73,19,3,0
17121,2026-03-01 10:00:00,49,5,146.27,17,3,1
17122,2026-03-01 10:00:00,69,6,54.11,13,1,0
17123,2026-03-01 10:00:00,62,38,105.47,22,2,0
17124,2026-03-01 10:00:00,49,3,172.38,15,2,1
17125,2026-03-01 10:00:00,69,48,79.42,19,3,0
17126,2026-03-01 10:00:00,55,12,51.59,21,2,0
17127,2026-03-01 10:00:00,55,36,65.57,22,0,0
17128,2026-03-01 10:00:00,35,33,177.03,21,3,0
17129,2026-03-01 10:00:00,28,36,121.54,16,1,0
17130,2026-03-01 10:00:00,45,33,59.11,22,1,0
17131,2026-03-01 10:00:00,43,31,149.32,19,2,0
17132,2026-03-01 10:00:00,54,21,144.9,24,3,0
17133,2026-03-01 10:00:00,69,27,106.35,19,3,0
17134,2026-03-01 10:00:00,58,27,134.15,17,0,0
17135,2026-03-01 10:00:00,61,8,141.96,12,2,0
17136,2026-03-01 10:00:00,39,56,99.78,28,3,0
17137,2026-03-01 10:00:00,45,37,174.39,24,3,0
17138,2026-03-01 10:00:00,61,32,104.53,27,2,0
17139,2026-03-01 10:00:00,22,26,59.33,19,2,1
17140,2026-03-01 10:00:00,20,2,92.76,26,1,0
17141,2026-03-01 10:00:00,52,12,89.61,19,0,0
17142,2026-03-01 10:00:00,63,22,131.84,25,2,0
17143,2026-03-01 10:00:00,63,17,60.38,21,3,0
17144,2026-03-01 10:00:00,51,7,20.0,21,2,0
17145,2026-03-01 10:00:00,62,43,91.16,12,2,0
17146,2026-03-01 10:00:00,32,4,145.82,27,2,0
17147,2026-03-01 10:00:00,63,37,163.34,16,0,0
17148,2026-03-01 10:00:00,40,38,141.08,17,1,0
17149,2026-03-01 10:00:00,69,32,141.46,11,0,0
17150,2026-03-01 10:00:00,52,11,171.27,15,3,0
17151,2026-03-01 10:00:00,31,1,111.48,21,1,0
17152,2026-03-01 10:00:00,40,25,105.24,20,2,0
17153,2026-03-01 10:00:00,55,42,31.53,15,0,0
17154,2026-03-01 10:00:00,57,52,141.97,20,0,0
17155,2026-03-01 10:00:00,26,24,94.14,17,1,0
17156,2026-03-01 10:00:00,32,53,134.31,25,1,0
17157,2026-03-01 10:00:00,54,43,113.41,21,1,0
17158,2026-03-01 10:00:00,61,56,138.15,27,2,0
17159,2026-03-01 10:00:00,61,17,36.43,21,2,0
17160,2026-03-01 10:00:00,61,8,128.9,16,2,0
17161,2026-03-01 10:00:00,26,59,101.83,19,0,0
17162,2026-03-01 10:00:00,49,45,135.68,20,2,0
17163,2026-03-01 10:00:00,34,27,169.47,15,2,0
17164,2026-03-01 10:00:00,20,52,57.56,19,2,0
17165,2026-03-01 10:00:00,64,18,124.92,27,2,0
17166,2026-03-01 10:00:00,64,27,99.82,13,3,0
17167,2026-03-01 10:00:00,29,22,129.69,21,2,0
17168,2026-03-01 10:00:00,55,16,124.22,13,4,1
17169,2026-03-01 10:00:00,50,2,95.75,19,3,0
17170,2026-03-01 10:00:00,50,5,129.84,19,1,0
17171,2026-03-01 10:00:00,44,18,83.06,23,1,0
17172,2026-03-01 10:00:00,32,3,169.07,15,3,1
17173,2026-03-01 10:00:00,21,27,67.07,22,2,0
17174,2026-03-01 10:00:00,47,54,124.26,16,2,0
17175,2026-03-01 10:00:00,34,17,134.81,29,2,0
17176,2026-03-01 10:00:00,58,16,227.09,26,1,0
17177,2026-03-01 10:00:00,20,6,65.07,26,2,1
17178,2026-03-01 10:00:00,51,51,145.49,24,3,0
17179,2026-03-01 10:00:00,46,7,130.7,26,1,0
17180,2026-03-01 10:00:00,61,50,105.55,16,3,0
17181,2026-03-01 10:00:00,33,14,159.52,16,2,0
17182,2026-03-01 10:00:00,42,38,107.83,18,1,0
17183,2026-03-01 10:00:00,28,40,100.42,16,2,0
17184,2026-03-01 10:00:00,42,15,78.65,19,2,0
17185,2026-03-01 10:00:00,30,47,94.14,25,4,1
17186,2026-03-01 10:00:00,20,47,104.68,22,2,0
17187,2026-03-01 10:00:00,37,48,206.75,8,2,1
17188,2026-03-01 10:00:00,38,33,149.84,31,3,0
17189,2026-03-01 10:00:00,64,43,133.28,15,2,0
17190,2026-03-01 10:00:00,66,27,153.86,20,2,0
17191,2026-03-01 10:00:00,61,29,152.31,25,1,0
17192,2026-03-01 10:00:00,32,57,90.81,22,1,0
17193,2026-03-01 10:00:00,25,37,125.19,21,3,0
17194,2026-03-01 10:00:00,63,5,98.74,19,4,0
17195,2026-03-01 10:00:00,56,29,133.32,20,2,0
17196,2026-03-01 10:00:00,47,32,221.48,12,2,0
17197,2026-03-01 10:00:00,35,53,84.06,38,2,0
17198,2026-03-01 10:00:00,25,6,35.14,18,0,0
17199,2026-03-01 10:00:00,27,2,168.04,15,4,1
17200,2026-03-01 10:00:00,57,6,169.99,17,1,0
17201,2026-03-01 10:00:00,64,46,144.47,27,1,0
17202,2026-03-01 10:00:00,36,43,149.15,18,7,1
17203,2026-03-01 10:00:00,26,4,142.76,17,0,0
17204,2026-03-01 10:00:00,26,56,127.39,18,1,0
17205,2026-03-01 10:00:00,68,29,113.25,23,2,0
17206,2026-03-01 10:00:00,45,59,114.96,21,0,0
17207,2026-03-01 10:00:00,36,25,115.82,29,0,0
17208,2026-03-01 10:00:00,48,9,108.72,24,3,0
17209,2026-03-01 10:00:00,65,56,212.12,26,1,0
17210,2026-03-01 10:00:00,60,3,132.74,23,3,0
17211,2026-03-01 10:00:00,43,26,87.44,16,4,1
17212,2026-03-01 10:00:00,45,48,113.4,12,4,1
17213,2026-03-01 10:00:00,48,43,223.37,28,4,0
17214,2026-03-01 10:00:00,29,27,60.36,19,3,1
17215,2026-03-01 10:00:00,55,36,84.66,21,1,0
17216,2026-03-01 10:00:00,32,32,100.81,16,0,0
17217,2026-03-01 10:00:00,20,1,48.35,15,3,0
17218,2026-03-01 10:00:00,46,57,125.8,17,3,0
17219,2026-03-01 10:00:00,25,53,151.88,22,1,0
17220,2026-03-01 10:00:00,19,54,82.83,21,2,1
17221,2026-03-01 10:00:00,20,16,184.63,17,0,0
17222,2026-03-01 10:00:00,47,51,135.82,17,0,0
17223,2026-03-01 10:00:00,50,48,88.16,15,1,0
17224,2026-03-01 10:00:00,53,11,116.08,17,3,0
17225,2026-03-01 10:00:00,38,26,222.59,25,4,0
17226,2026-03-01 10:00:00,52,40,111.93,21,3,0
17227,2026-03-01 10:00:00,33,55,137.01,16,1,0
17228,2026-03-01 10:00:00,27,1,176.76,20,3,0
17229,2026-03-01 10:00:00,61,26,122.48,19,2,1
17230,2026-03-01 10:00:00,18,28,177.86,12,1,0
17231,2026-03-01 10:00:00,18,53,109.16,21,3,0
17232,2026-03-01 10:00:00,49,58,122.54,17,3,0
17233,2026-03-01 10:00:00,57,9,113.31,14,1,0
17234,2026-03-01 10:00:00,34,59,127.22,16,2,0
17235,2026-03-01 10:00:00,23,44,104.81,21,3,0
17236,2026-03-01 10:00:00,22,22,185.76,24,1,1
17237,2026-03-01 10:00:00,58,8,107.04,32,4,1
17238,2026-03-01 10:00:00,44,58,145.98,14,3,1
17239,2026-03-01 10:00:00,51,49,143.63,16,4,0
17240,2026-03-01 10:00:00,18,42,126.14,30,2,0
17241,2026-03-01 10:00:00,55,27,33.89,16,1,0
17242,2026-03-01 10:00:00,49,39,145.15,20,2,0
17243,2026-03-01 10:00:00,50,19,77.75,23,2,0
17244,2026-03-01 10:00:00,58,25,152.2,21,2,0
17245,2026-03-01 10:00:00,36,38,158.77,25,1,0
17246,2026-03-01 10:00:00,32,21,122.22,18,1,0
17247,2026-03-01 10:00:00,27,24,39.48,24,3,0
17248,2026-03-01 10:00:00,59,24,56.34,16,2,1
17249,2026-03-01 10:00:00,43,19,169.44,22,2,0
17250,2026-03-01 10:00:00,36,50,68.62,23,2,0
17251,2026-03-01 10:00:00,54,47,152.44,27,1,0
17252,2026-03-01 10:00:00,19,2,95.39,17,1,0
17253,2026-03-01 10:00:00,25,14,136.82,26,3,0
17254,2026-03-01 10:00:00,58,53,124.84,19,5,0
17255,2026-03-01 10:00:00,28,32,110.88,27,2,0
17256,2026-03-01 10:00:00,59,42,141.19,20,1,0
17257,2026-03-01 10:00:00,22,32,164.49,11,1,0
17258,2026-03-01 10:00:00,28,28,91.38,19,3,0
17259,2026-03-01 10:00:00,33,48,126.45,18,0,0
17260,2026-03-01 10:00:00,52,39,91.42,27,0,0
17261,2026-03-01 10:00:00,44,40,152.1,17,2,0
17262,2026-03-01 10:00:00,28,42,159.97,18,4,1
17263,2026-03-01 10:00:00,53,47,96.82,17,4,0
17264,2026-03-01 10:00:00,47,40,139.0,21,1,0
17265,2026-03-01 10:00:00,67,13,164.19,17,1,0
17266,2026-03-01 10:00:00,20,12,88.81,27,1,0
17267,2026-03-01 10:00:00,55,8,87.81,18,2,1
17268,2026-03-01 10:00:00,69,15,126.8,21,4,0
17269,2026-03-01 10:00:00,41,26,66.59,15,2,0
17270,2026-03-01 10:00:00,22,12,136.8,28,2,0
17271,2026-03-01 10:00:00,30,43,133.01,18,3,0
17272,2026-03-01 10:00:00,60,51,170.32,19,2,0
17273,2026-03-01 10:00:00,39,46,182.09,24,3,0
17274,2026-03-01 10:00:00,51,27,96.42,15,2,0
17275,2026-03-01 10:00:00,40,18,125.22,21,0,0
17276,2026-03-01 10:00:00,61,45,116.43,20,1,0
17277,2026-03-01 10:00:00,31,36,133.85,24,0,0
17278,2026-03-01 10:00:00,33,49,68.96,28,2,0
17279,2026-03-01 10:00:00,56,51,147.82,20,0,0
17280,2026-03-01 10:00:00,59,27,153.31,17,2,1
17281,2026-03-01 10:00:00,33,9,108.69,24,2,0
17282,2026-03-01 10:00:00,23,55,38.64,27,2,0
17283,2026-03-01 10:00:00,26,39,95.2,22,5,0
17284,2026-03-01 10:00:00,68,1,102.07,24,2,0
17285,2026-03-01 10:00:00,45,7,115.96,21,1,0
17286,2026-03-01 10:00:00,19,26,112.74,17,2,0
17287,2026-03-01 10:00:00,60,7,61.66,27,3,0
17288,2026-03-01 10:00:00,67,52,127.01,22,3,0
17289,2026-03-01 10:00:00,36,7,152.93,23,1,1
17290,2026-03-01 10:00:00,57,8,97.72,16,4,0
17291,2026-03-01 10:00:00,44,16,113.34,21,2,0
17292,2026-03-01 10:00:00,32,3,118.07,30,1,0
17293,2026-03-01 10:00:00,29,45,175.18,23,1,0
17294,2026-03-01 10:00:00,58,10,97.11,17,1,0
17295,2026-03-01 10:00:00,38,50,131.63,17,3,0
17296,2026-03-01 10:00:00,67,7,143.33,24,2,0
17297,2026-03-01 10:00:00,18,21,104.64,25,0,0
17298,2026-03-01 10:00:00,34,53,79.34,18,1,0
17299,2026-03-01 10:00:00,62,37,115.0,14,2,0
17300,2026-03-01 10:00:00,30,31,30.92,22,2,0
17301,2026-03-01 10:00:00,44,23,130.67,18,0,0
17302,2026-03-01 10:00:00,50,57,83.9,22,0,0
17303,2026-03-01 10:00:00,20,27,91.52,18,1,0
17304,2026-03-01 10:00:00,51,56,204.1,17,2,0
17305,2026-03-01 10:00:00,66,22,129.0,19,1,0
17306,2026-03-01 10:00:00,28,39,106.15,24,2,0
17307,2026-03-01 10:00:00,38,57,111.79,22,1,0
17308,2026-03-01 10:00:00,36,27,143.8,15,1,0
17309,2026-03-01 10:00:00,40,54,117.42,18,5,1
17310,2026-03-01 10:00:00,67,49,74.55,17,1,0
17311,2026-03-01 10:00:00,28,4,113.4,12,3,1
17312,2026-03-01 10:00:00,65,24,122.8,23,6,0
17313,2026-03-01 10:00:00,67,23,142.61,17,3,0
17314,2026-03-01 10:00:00,36,48,161.31,23,1,0
17315,2026-03-01 10:00:00,31,19,88.19,20,1,0
17316,2026-03-01 10:00:00,24,42,147.03,24,3,0
17317,2026-03-01 10:00:00,49,3,113.04,27,0,0
17318,2026-03-01 10:00:00,65,27,117.94,19,2,1
17319,2026-03-01 10:00:00,27,3,69.94,22,2,0
17320,2026-03-01 10:00:00,47,28,58.81,17,2,0
17321,2026-03-01 10:00:00,61,17,106.17,21,1,0
17322,2026-03-01 10:00:00,65,31,143.94,21,0,0
17323,2026-03-01 10:00:00,18,10,110.24,20,2,0
17324,2026-03-01 10:00:00,24,49,127.33,17,2,0
17325,2026-03-01 10:00:00,21,22,20.0,21,3,0
17326,2026-03-01 10:00:00,29,30,131.91,11,0,0
17327,2026-03-01 10:00:00,62,49,164.32,15,3,0
17328,2026-03-01 10:00:00,61,21,92.2,18,1,0
17329,2026-03-01 10:00:00,29,36,141.87,16,6,0
17330,2026-03-01 10:00:00,55,53,124.95,18,2,0
17331,2026-03-01 10:00:00,28,23,85.08,17,0,0
17332,2026-03-01 10:00:00,67,38,107.13,13,1,0
17333,2026-03-01 10:00:00,22,12,150.46,20,2,0
17334,2026-03-01 10:00:00,53,25,76.23,15,0,0
17335,2026-03-01 10:00:00,62,54,168.52,17,1,0
17336,2026-03-01 10:00:00,48,57,178.3,24,2,0
17337,2026-03-01 10:00:00,65,20,97.45,17,1,0
17338,2026-03-01 10:00:00,38,49,132.53,17,2,0
17339,2026-03-01 10:00:00,65,49,143.81,19,0,0
17340,2026-03-01 10:00:00,48,42,52.46,20,0,0
17341,2026-03-01 10:00:00,65,7,133.15,24,0,0
17342,2026-03-01 10:00:00,45,29,20.0,15,1,0
17343,2026-03-01 10:00:00,65,48,139.95,28,1,0
17344,2026-03-01 10:00:00,64,29,67.91,27,1,0
17345,2026-03-01 10:00:00,66,13,163.27,19,3,0
17346,2026-03-01 10:00:00,47,3,96.26,17,2,1
17347,2026-03-01 10:00:00,50,2,96.24,22,0,0
17348,2026-03-01 10:00:00,63,16,124.88,19,4,0
17349,2026-03-01 10:00:00,26,30,91.75,27,3,0
17350,2026-03-01 10:00:00,47,38,87.87,12,2,0
17351,2026-03-01 10:00:00,66,6,166.56,19,3,0
17352,2026-03-01 10:00:00,50,45,138.93,20,2,0
17353,2026-03-01 10:00:00,23,7,163.11,25,1,0
17354,2026-03-01 10:00:00,35,5,130.45,28,1,0
17355,2026-03-01 10:00:00,61,56,91.82,28,2,0
17356,2026-03-01 10:00:00,47,7,128.58,20,1,0
17357,2026-03-01 10:00:00,19,34,117.79,17,2,0
17358,2026-03-01 10:00:00,39,32,101.68,21,4,1
17359,2026-03-01 10:00:00,25,49,159.68,19,3,0
17360,2026-03-01 10:00:00,39,13,136.31,30,3,0
17361,2026-03-01 10:00:00,54,30,130.89,22,2,0
17362,2026-03-01 10:00:00,53,25,103.22,17,2,0
17363,2026-03-01 10:00:00,44,21,157.15,22,2,0
17364,2026-03-01 10:00:00,47,59,104.34,25,1,0
17365,2026-03-01 10:00:00,39,21,139.4,18,1,0
17366,2026-03-01 10:00:00,48,28,161.86,17,1,0
17367,2026-03-01 10:00:00,23,48,123.42,15,3,0
17368,2026-03-01 10:00:00,69,58,153.75,25,1,0
17369,2026-03-01 10:00:00,47,20,149.09,21,0,0
17370,2026-03-01 10:00:00,27,34,70.86,22,3,1
17371,2026-03-01 10:00:00,23,5,143.78,25,3,0
17372,2026-03-01 10:00:00,62,18,91.99,24,5,0
17373,2026-03-01 10:00:00,19,39,133.91,16,2,0
17374,2026-03-01 10:00:00,60,43,151.85,19,3,0
17375,2026-03-01 10:00:00,47,57,145.35,17,3,0
17376,2026-03-01 10:00:00,39,57,119.46,16,2,0
17377,2026-03-01 10:00:00,56,11,112.08,25,2,1
17378,2026-03-01 10:00:00,66,54,178.0,21,3,0
17379,2026-03-01 10:00:00,20,17,190.09,25,0,0
17380,2026-03-01 10:00:00,59,48,136.04,25,5,1
17381,2026-03-01 10:00:00,27,45,37.2,13,3,0
17382,2026-03-01 10:00:00,44,22,68.86,15,2,0
17383,2026-03-01 10:00:00,21,37,106.13,14,0,0
17384,2026-03-01 10:00:00,68,20,156.73,18,0,0
17385,2026-03-01 10:00:00,62,48,122.34,23,1,0
17386,2026-03-01 10:00:00,49,54,186.41,15,2,0
17387,2026-03-01 10:00:00,53,54,140.76,13,4,1
17388,2026-03-01 10:00:00,49,48,148.06,16,0,0
17389,2026-03-01 10:00:00,65,48,49.73,19,3,0
17390,2026-03-01 10:00:00,49,46,121.38,17,1,0
17391,2026-03-01 10:00:00,49,6,141.35,15,2,0
17392,2026-03-01 10:00:00,61,34,113.48,18,2,0
17393,2026-03-01 10:00:00,56,14,95.16,19,1,0
17394,2026-03-01 10:00:00,36,48,134.57,13,4,0
17395,2026-03-01 10:00:00,65,23,101.19,14,1,0
17396,2026-03-01 10:00:00,44,20,108.2,16,3,1
17397,2026-03-01 10:00:00,62,13,105.85,26,3,0
17398,2026-03-01 10:00:00,23,47,158.08,20,4,1
17399,2026-03-01 10:00:00,44,44,171.0,17,4,1
17400,2026-03-01 10:00:00,19,41,163.18,13,2,0
17401,2026-03-01 10:00:00,32,32,20.0,20,4,0
17402,2026-03-01 10:00:00,29,26,111.72,16,4,1
17403,2026-03-01 10:00:00,42,50,147.04,18,3,0
17404,2026-03-01 10:00:00,65,53,112.52,23,3,0
17405,2026-03-01 10:00:00,66,14,137.7,13,0,0
17406,2026-03-01 10:00:00,45,52,116.16,25,1,1
17407,2026-03-01 10:00:00,61,57,92.63,22,4,1
17408,2026-03-01 10:00:00,33,36,148.9,25,1,0
17409,2026-03-01 10:00:00,33,8,82.84,21,6,0
17410,2026-03-01 10:00:00,43,40,103.35,23,3,0
17411,2026-03-01 10:00:00,54,22,127.56,15,5,1
17412,2026-03-01 10:00:00,49,22,72.46,24,1,0
17413,2026-03-01 10:00:00,62,16,124.09,20,2,0
17414,2026-03-01 10:00:00,57,27,117.96,17,2,0
17415,2026-03-01 10:00:00,43,56,101.79,19,2,0
17416,2026-03-01 10:00:00,55,10,114.6,20,1,0
17417,2026-03-01 10:00:00,60,25,107.89,21,4,0
17418,2026-03-01 10:00:00,25,31,84.98,20,3,0
17419,2026-03-01 10:00:00,50,21,101.69,21,2,0
17420,2026-03-01 10:00:00,29,27,121.02,15,4,0
17421,2026-03-01 10:00:00,55,17,170.34,21,1,0
17422,2026-03-01 10:00:00,52,33,87.46,26,2,0
17423,2026-03-01 10:00:00,40,31,93.86,21,4,1
17424,2026-03-01 10:00:00,18,50,107.86,21,7,0
17425,2026-03-01 10:00:00,60,42,178.71,13,0,0
17426,2026-03-01 10:00:00,28,26,88.45,25,3,0
17427,2026-03-01 10:00:00,53,21,62.42,28,2,0
17428,2026-03-01 10:00:00,20,36,136.4,18,2,0
17429,2026-03-01 10:00:00,43,1,126.06,23,2,0
17430,2026-03-01 10:00:00,62,4,119.3,27,3,0
17431,2026-03-01 10:00:00,25,4,120.06,20,2,0
17432,2026-03-01 10:00:00,21,26,69.18,26,0,0
17433,2026-03-01 10:00:00,43,4,130.45,21,1,1
17434,2026-03-01 10:00:00,59,49,167.79,20,2,0
17435,2026-03-01 10:00:00,62,9,157.61,21,3,0
17436,2026-03-01 10:00:00,54,30,150.18,27,2,0
17437,2026-03-01 10:00:00,43,51,199.09,19,0,0
17438,2026-03-01 10:00:00,64,45,99.29,13,0,0
17439,2026-03-01 10:00:00,34,4,108.3,29,2,0
17440,2026-03-01 10:00:00,62,5,82.59,22,2,0
17441,2026-03-01 10:00:00,65,45,190.85,24,2,0
17442,2026-03-01 10:00:00,67,23,123.08,16,0,0
17443,2026-03-01 10:00:00,42,16,143.16,19,1,0
17444,2026-03-01 10:00:00,48,22,118.16,16,2,0
17445,2026-03-01 10:00:00,63,37,86.4,13,4,1
17446,2026-03-01 10:00:00,30,8,97.5,24,0,0
17447,2026-03-01 10:00:00,52,48,99.56,16,1,0
17448,2026-03-01 10:00:00,27,33,72.27,20,4,1
17449,2026-03-01 10:00:00,30,55,42.41,14,1,0
17450,2026-03-01 10:00:00,18,38,132.85,18,1,0
17451,2026-03-01 10:00:00,45,43,136.16,24,3,0
17452,2026-03-01 10:00:00,31,16,149.5,20,0,1
17453,2026-03-01 10:00:00,61,5,155.25,17,0,0
17454,2026-03-01 10:00:00,68,16,88.64,22,4,0
17455,2026-03-01 10:00:00,37,7,190.72,12,1,0
17456,2026-03-01 10:00:00,22,51,149.06,17,1,0
17457,2026-03-01 10:00:00,24,1,129.2,23,3,0
17458,2026-03-01 10:00:00,21,9,138.97,22,1,0
17459,2026-03-01 10:00:00,42,18,63.72,17,2,0
17460,2026-03-01 10:00:00,29,45,108.54,14,2,0
17461,2026-03-01 10:00:00,61,58,156.58,21,2,0
17462,2026-03-01 10:00:00,67,47,82.63,15,2,0
17463,2026-03-01 10:00:00,62,3,106.98,16,2,1
17464,2026-03-01 10:00:00,44,24,84.44,21,4,1
17465,2026-03-01 10:00:00,41,28,182.44,15,4,1
17466,2026-03-01 10:00:00,42,10,194.35,26,4,1
17467,2026-03-01 10:00:00,33,9,93.12,27,2,0
17468,2026-03-01 10:00:00,44,13,199.15,23,2,0
17469,2026-03-01 10:00:00,45,48,100.25,13,5,0
17470,2026-03-01 10:00:00,53,35,119.21,18,2,0
17471,2026-03-01 10:00:00,18,54,110.83,25,3,0
17472,2026-03-01 10:00:00,63,23,148.32,11,2,0
17473,2026-03-01 10:00:00,45,47,40.42,11,1,1
17474,2026-03-01 10:00:00,32,17,184.9,16,6,1
17475,2026-03-01 10:00:00,48,46,113.15,32,2,0
17476,2026-03-01 10:00:00,35,7,79.84,25,2,0
17477,2026-03-01 10:00:00,31,52,88.77,24,2,0
17478,2026-03-01 10:00:00,52,16,85.26,17,3,0
17479,2026-03-01 10:00:00,69,53,89.5,26,1,0
17480,2026-03-01 10:00:00,38,40,168.68,20,2,0
17481,2026-03-01 10:00:00,55,36,74.83,24,2,0
17482,2026-03-01 10:00:00,64,20,90.22,19,2,0
17483,2026-03-01 10:00:00,30,24,138.18,22,1,0
17484,2026-03-01 10:00:00,26,47,181.4,12,0,0
17485,2026-03-01 10:00:00,54,5,100.82,22,2,0
17486,2026-03-01 10:00:00,27,45,136.62,18,3,1
17487,2026-03-01 10:00:00,45,6,171.43,20,1,0
17488,2026-03-01 10:00:00,46,28,156.14,19,4,0
17489,2026-03-01 10:00:00,50,59,137.8,14,5,1
17490,2026-03-01 10:00:00,61,5,196.26,25,1,0
17491,2026-03-01 10:00:00,46,49,132.47,18,0,0
17492,2026-03-01 10:00:00,56,39,155.42,15,1,0
17493,2026-03-01 10:00:00,19,38,78.56,20,1,0
17494,2026-03-01 10:00:00,19,2,36.92,20,1,0
17495,2026-03-01 10:00:00,28,43,123.43,15,4,0
17496,2026-03-01 10:00:00,62,39,181.28,18,7,1
17497,2026-03-01 10:00:00,61,54,132.5,31,1,0
17498,2026-03-01 10:00:00,37,21,125.21,16,1,0
17499,2026-03-01 10:00:00,35,40,90.41,13,3,0
17500,2026-03-01 10:00:00,40,37,100.59,19,1,0
17501,2026-03-01 10:00:00,65,59,138.37,16,0,0
17502,2026-03-01 10:00:00,41,18,152.83,22,2,0
17503,2026-03-01 10:00:00,20,54,228.71,27,4,1
17504,2026-03-01 10:00:00,27,48,93.54,19,3,0
17505,2026-03-01 10:00:00,68,46,112.82,18,3,0
17506,2026-03-01 10:00:00,49,12,113.85,20,2,0
17507,2026-03-01 10:00:00,51,17,176.96,22,2,0
17508,2026-03-01 10:00:00,43,37,104.66,17,0,0
17509,2026-03-01 10:00:00,53,46,30.22,22,3,0
17510,2026-03-01 10:00:00,65,38,152.62,26,2,0
17511,2026-03-01 10:00:00,33,15,44.69,12,2,0
17512,2026-03-01 10:00:00,30,7,157.1,23,1,0
17513,2026-03-01 10:00:00,59,14,20.0,25,6,0
17514,2026-03-01 10:00:00,34,50,154.18,23,2,0
17515,2026-03-01 10:00:00,49,1,122.73,23,5,1
17516,2026-03-01 10:00:00,48,38,153.91,18,1,0
17517,2026-03-01 10:00:00,28,3,68.81,22,3,0
17518,2026-03-01 10:00:00,68,37,160.01,15,1,0
17519,2026-03-01 10:00:00,55,44,126.64,15,0,0
17520,2026-03-01 10:00:00,64,31,118.08,18,2,1
17521,2026-03-01 10:00:00,58,43,57.77,21,2,0
17522,2026-03-01 10:00:00,36,13,153.96,18,1,0
17523,2026-03-01 10:00:00,20,48,126.79,26,0,0
17524,2026-03-01 10:00:00,42,18,92.82,18,0,0
17525,2026-03-01 10:00:00,55,17,144.02,22,3,0
17526,2026-03-01 10:00:00,58,17,71.64,21,1,0
17527,2026-03-01 10:00:00,52,11,181.36,21,4,0
17528,2026-03-01 10:00:00,62,20,94.28,19,3,0
17529,2026-03-01 10:00:00,55,10,134.7,25,2,0
17530,2026-03-01 10:00:00,34,29,109.33,23,3,0
17531,2026-03-01 10:00:00,28,48,78.27,18,4,0
17532,2026-03-01 10:00:00,53,34,114.63,19,0,0
17533,2026-03-01 10:00:00,33,17,137.59,20,2,0
17534,2026-03-01 10:00:00,59,54,117.22,16,1,0
17535,2026-03-01 10:00:00,59,52,112.75,20,3,0
17536,2026-03-01 10:00:00,39,42,176.08,20,2,0
17537,2026-03-01 10:00:00,52,13,98.8,20,1,0
17538,2026-03-01 10:00:00,39,44,185.08,33,4,0
17539,2026-03-01 10:00:00,67,47,127.88,23,1,0
17540,2026-03-01 10:00:00,33,39,124.96,19,2,0
17541,2026-03-01 10:00:00,53,27,124.53,24,3,1
17542,2026-03-01 10:00:00,25,54,114.43,21,3,0
17543,2026-03-01 10:00:00,50,53,99.84,18,2,0
17544,2026-03-01 10:00:00,45,26,165.74,16,2,0
17545,2026-03-01 10:00:00,38,28,60.65,19,1,0
17546,2026-03-01 10:00:00,18,13,47.21,27,1,0
17547,2026-03-01 10:00:00,66,12,160.97,17,0,0
17548,2026-03-01 10:00:00,22,44,46.89,17,3,0
17549,2026-03-01 10:00:00,24,28,227.37,21,5,0
17550,2026-03-01 10:00:00,40,2,140.55,14,0,0
17551,2026-03-01 10:00:00,31,37,184.65,12,1,0
17552,2026-03-01 10:00:00,50,57,153.54,16,3,0
17553,2026-03-01 10:00:00,43,57,83.69,24,1,0
17554,2026-03-01 10:00:00,31,34,95.99,22,0,0
17555,2026-03-01 10:00:00,47,23,20.0,22,1,0
17556,2026-03-01 10:00:00,27,58,163.51,21,2,0
17557,2026-03-01 10:00:00,33,52,142.15,18,2,0
17558,2026-03-01 10:00:00,65,45,188.22,19,1,0
17559,2026-03-01 10:00:00,43,29,81.48,28,0,0
17560,2026-03-01 10:00:00,35,35,144.27,24,2,0
17561,2026-03-01 10:00:00,67,11,181.76,18,2,0
17562,2026-03-01 10:00:00,58,48,91.2,21,4,0
17563,2026-03-01 10:00:00,36,33,159.26,20,1,0
17564,2026-03-01 10:00:00,62,51,128.16,18,2,0
17565,2026-03-01 10:00:00,42,11,101.85,18,1,0
17566,2026-03-01 10:00:00,30,9,121.62,14,3,0
17567,2026-03-01 10:00:00,59,14,158.47,16,3,1
17568,2026-03-01 10:00:00,61,9,119.36,21,2,0
17569,2026-03-01 10:00:00,58,39,85.94,27,1,0
17570,2026-03-01 10:00:00,39,48,74.37,20,1,0
17571,2026-03-01 10:00:00,26,3,117.29,24,1,0
17572,2026-03-01 10:00:00,37,29,122.94,16,2,0
17573,2026-03-01 10:00:00,47,19,126.92,22,0,0
17574,2026-03-01 10:00:00,27,36,61.07,17,2,0
17575,2026-03-01 10:00:00,35,32,93.85,25,2,0
17576,2026-03-01 10:00:00,59,7,94.15,28,3,1
17577,2026-03-01 10:00:00,56,55,173.49,13,1,0
17578,2026-03-01 10:00:00,21,28,40.0,20,4,1
17579,2026-03-01 10:00:00,22,44,102.09,19,1,0
17580,2026-03-01 10:00:00,59,18,129.7,16,4,1
17581,2026-03-01 10:00:00,67,5,78.0,26,3,1
17582,2026-03-01 10:00:00,65,23,128.59,20,1,0
17583,2026-03-01 10:00:00,37,55,80.24,25,2,0
17584,2026-03-01 10:00:00,20,22,144.03,26,4,1
17585,2026-03-01 10:00:00,40,26,143.89,22,1,0
17586,2026-03-01 10:00:00,48,42,101.59,17,0,0
17587,2026-03-01 10:00:00,19,12,155.69,22,4,0
17588,2026-03-01 10:00:00,33,40,99.9,20,2,0
17589,2026-03-01 10:00:00,21,19,88.9,18,1,0
17590,2026-03-01 10:00:00,42,47,164.57,9,0,0
17591,2026-03-01 10:00:00,32,1,169.15,28,3,0
17592,2026-03-01 10:00:00,22,3,131.03,20,2,0
17593,2026-03-01 10:00:00,61,27,134.75,14,4,1
17594,2026-03-01 10:00:00,55,18,162.51,27,3,0
17595,2026-03-01 10:00:00,58,50,127.98,24,3,0
17596,2026-03-01 10:00:00,57,30,117.5,21,0,0
17597,2026-03-01 10:00:00,65,2,128.92,26,4,1
17598,2026-03-01 10:00:00,49,5,95.72,19,1,0
17599,2026-03-01 10:00:00,69,29,118.18,18,0,0
17600,2026-03-01 10:00:00,23,33,90.31,16,4,1
17601,2026-03-01 10:00:00,67,42,124.85,23,4,1
17602,2026-03-01 10:00:00,56,20,77.59,20,3,0
17603,2026-03-01 10:00:00,64,30,158.77,20,2,0
17604,2026-03-01 10:00:00,46,42,104.39,24,3,0
17605,2026-03-01 10:00:00,20,5,123.71,29,1,0
17606,2026-03-01 10:00:00,40,50,100.45,17,4,0
17607,2026-03-01 10:00:00,65,21,150.88,20,2,0
17608,2026-03-01 10:00:00,63,58,125.87,18,5,0
17609,2026-03-01 10:00:00,58,15,135.84,27,3,0
17610,2026-03-01 10:00:00,51,20,97.63,23,1,0
17611,2026-03-01 10:00:00,50,8,124.93,25,3,0
17612,2026-03-01 10:00:00,59,49,178.85,22,4,1
17613,2026-03-01 10:00:00,48,31,93.02,21,1,0
17614,2026-03-01 10:00:00,53,12,72.92,22,3,0
17615,2026-03-01 10:00:00,50,21,88.91,15,2,0
17616,2026-03-01 10:00:00,34,30,245.73,19,1,0
17617,2026-03-01 10:00:00,59,27,78.01,22,2,0
17618,2026-03-01 10:00:00,48,44,154.44,22,3,0
17619,2026-03-01 10:00:00,67,26,142.41,16,1,0
17620,2026-03-01 10:00:00,22,33,108.74,28,2,0
17621,2026-03-01 10:00:00,69,26,88.83,16,2,0
17622,2026-03-01 10:00:00,41,26,172.01,23,7,0
17623,2026-03-01 10:00:00,60,36,82.33,16,2,0
17624,2026-03-01 10:00:00,64,40,104.63,27,0,0
17625,2026-03-01 10:00:00,68,1,141.43,25,2,0
17626,2026-03-01 10:00:00,51,59,50.62,20,2,0
17627,2026-03-01 10:00:00,41,15,132.71,20,1,0
17628,2026-03-01 10:00:00,40,50,123.95,16,1,0
17629,2026-03-01 10:00:00,19,1,58.06,17,4,1
17630,2026-03-01 10:00:00,32,11,152.93,15,0,0
17631,2026-03-01 10:00:00,56,55,99.45,21,2,0
17632,2026-03-01 10:00:00,42,2,172.38,18,0,0
17633,2026-03-01 10:00:00,62,1,130.57,20,3,0
17634,2026-03-01 10:00:00,32,31,82.45,26,0,0
17635,2026-03-01 10:00:00,61,44,101.28,21,1,0
17636,2026-03-01 10:00:00,55,16,121.8,26,0,0
17637,2026-03-01 10:00:00,58,54,105.33,15,4,1
17638,2026-03-01 10:00:00,63,22,107.36,26,2,0
17639,2026-03-01 10:00:00,64,42,123.13,24,1,0
17640,2026-03-01 10:00:00,40,18,119.58,23,3,0
17641,2026-03-01 10:00:00,45,47,87.91,19,1,1
17642,2026-03-01 10:00:00,24,17,163.19,27,2,0
17643,2026-03-01 10:00:00,53,30,121.76,16,1,0
17644,2026-03-01 10:00:00,50,10,145.4,18,5,1
17645,2026-03-01 10:00:00,36,35,138.74,13,1,0
17646,2026-03-01 10:00:00,31,58,137.65,18,1,1
17647,2026-03-01 10:00:00,45,21,108.84,15,1,0
17648,2026-03-01 10:00:00,30,16,131.89,16,1,0
17649,2026-03-01 10:00:00,48,6,82.02,13,1,0
17650,2026-03-01 10:00:00,20,3,125.38,30,2,1
17651,2026-03-01 10:00:00,35,41,83.88,20,3,0
17652,2026-03-01 10:00:00,28,43,103.13,20,4,1
17653,2026-03-01 10:00:00,65,21,134.97,15,3,0
17654,2026-03-01 10:00:00,32,13,165.18,18,2,0
17655,2026-03-01 10:00:00,65,18,136.11,16,0,1
17656,2026-03-01 10:00:00,29,58,106.29,24,1,0
17657,2026-03-01 10:00:00,48,54,94.49,19,2,0
17658,2026-03-01 10:00:00,56,24,128.58,21,2,0
17659,2026-03-01 10:00:00,59,27,88.35,18,3,0
17660,2026-03-01 10:00:00,43,54,104.21,23,2,0
17661,2026-03-01 10:00:00,43,4,130.9,22,1,0
17662,2026-03-01 10:00:00,37,22,95.4,13,1,0
17663,2026-03-01 10:00:00,27,24,85.83,23,1,1
17664,2026-03-01 10:00:00,57,40,64.68,26,1,0
17665,2026-03-01 10:00:00,65,45,170.96,20,0,0
17666,2026-03-01 10:00:00,49,10,151.9,23,1,0
17667,2026-03-01 10:00:00,22,2,81.9,23,0,0
17668,2026-03-01 10:00:00,60,40,114.2,18,0,0
17669,2026-03-01 10:00:00,32,6,162.25,26,1,0
17670,2026-03-01 10:00:00,31,48,135.59,21,4,0
17671,2026-03-01 10:00:00,34,18,141.04,15,4,0
17672,2026-03-01 10:00:00,69,17,152.19,25,3,0
17673,2026-03-01 10:00:00,24,38,98.74,14,1,0
17674,2026-03-01 10:00:00,18,45,134.73,17,2,0
17675,2026-03-01 10:00:00,38,23,128.49,20,5,0
17676,2026-03-01 10:00:00,24,46,79.35,16,4,1
17677,2026-03-01 10:00:00,29,30,137.55,28,0,1
17678,2026-03-01 10:00:00,25,58,99.62,20,4,0
17679,2026-03-01 10:00:00,54,21,115.03,15,1,0
17680,2026-03-01 10:00:00,59,10,128.44,19,5,0
17681,2026-03-01 10:00:00,62,56,160.93,17,2,0
17682,2026-03-01 10:00:00,68,43,120.9,19,3,0
17683,2026-03-01 10:00:00,20,13,135.52,18,3,0
17684,2026-03-01 10:00:00,18,12,133.41,14,5,1
17685,2026-03-01 10:00:00,57,9,72.74,31,3,0
17686,2026-03-01 10:00:00,21,4,79.65,16,1,0
17687,2026-03-01 10:00:00,41,39,126.53,19,0,0
17688,2026-03-01 10:00:00,61,24,191.39,26,3,0
17689,2026-03-01 10:00:00,55,54,135.4,20,4,0
17690,2026-03-01 10:00:00,63,34,143.36,15,2,0
17691,2026-03-01 10:00:00,42,39,161.84,23,3,0
17692,2026-03-01 10:00:00,49,41,100.66,19,0,0
17693,2026-03-01 10:00:00,61,5,215.64,17,2,1
17694,2026-03-01 10:00:00,22,15,171.33,25,5,0
17695,2026-03-01 10:00:00,61,50,136.04,18,2,0
17696,2026-03-01 10:00:00,62,4,104.67,24,0,0
17697,2026-03-01 10:00:00,33,51,76.1,18,2,0
17698,2026-03-01 10:00:00,64,52,139.31,21,4,0
17699,2026-03-01 10:00:00,42,58,184.22,16,2,0
17700,2026-03-01 10:00:00,58,39,173.85,23,2,0
17701,2026-03-01 10:00:00,45,58,197.29,19,1,0
17702,2026-03-01 10:00:00,69,8,20.01,19,2,0
17703,2026-03-01 10:00:00,41,49,144.7,21,4,1
17704,2026-03-01 10:00:00,35,45,131.83,16,1,0
17705,2026-03-01 10:00:00,19,24,137.55,24,1,0
17706,2026-03-01 10:00:00,34,53,150.05,20,1,0
17707,2026-03-01 10:00:00,35,28,134.24,18,1,0
17708,2026-03-01 10:00:00,52,55,159.82,17,2,0
17709,2026-03-01 10:00:00,53,43,139.85,22,3,0
17710,2026-03-01 10:00:00,39,27,132.96,23,1,0
17711,2026-03-01 10:00:00,19,1,126.98,16,0,1
17712,2026-03-01 10:00:00,60,34,128.49,18,2,0
17713,2026-03-01 10:00:00,62,17,66.05,16,1,0
17714,2026-03-01 10:00:00,55,37,128.39,16,3,0
17715,2026-03-01 10:00:00,49,38,139.17,18,1,0
17716,2026-03-01 10:00:00,32,26,145.22,15,1,1
17717,2026-03-01 10:00:00,35,57,101.98,17,4,0
17718,2026-03-01 10:00:00,33,24,133.08,18,3,0
17719,2026-03-01 10:00:00,56,39,133.89,27,2,0
17720,2026-03-01 10:00:00,53,21,136.61,16,2,0
17721,2026-03-01 10:00:00,25,30,100.13,32,2,0
17722,2026-03-01 10:00:00,36,47,22.18,17,2,0
17723,2026-03-01 10:00:00,31,51,129.06,18,1,0
17724,2026-03-01 10:00:00,67,48,109.48,20,1,0
17725,2026-03-01 10:00:00,54,57,97.61,22,2,0
17726,2026-03-01 10:00:00,42,13,125.66,23,2,0
17727,2026-03-01 10:00:00,57,37,85.25,14,2,0
17728,2026-03-01 10:00:00,19,3,181.77,20,0,1
17729,2026-03-01 10:00:00,40,32,59.38,18,1,0
17730,2026-03-01 10:00:00,66,35,110.65,26,3,1
17731,2026-03-01 10:00:00,33,19,108.83,20,0,0
17732,2026-03-01 10:00:00,37,14,70.13,21,4,1
17733,2026-03-01 10:00:00,49,48,64.53,29,2,0
17734,2026-03-01 10:00:00,37,22,136.42,25,2,0
17735,2026-03-01 10:00:00,52,17,210.35,21,2,0
17736,2026-03-01 10:00:00,29,59,72.59,25,2,0
17737,2026-03-01 10:00:00,50,4,20.0,19,1,0
17738,2026-03-01 10:00:00,28,45,59.54,31,1,0
17739,2026-03-01 10:00:00,41,40,95.25,17,1,0
17740,2026-03-01 10:00:00,66,19,106.51,19,1,0
17741,2026-03-01 10:00:00,38,37,123.3,20,3,0
17742,2026-03-01 10:00:00,53,2,150.24,15,3,0
17743,2026-03-01 10:00:00,26,15,86.09,20,4,0
17744,2026-03-01 10:00:00,25,2,72.42,17,1,1
17745,2026-03-01 10:00:00,69,11,182.5,17,1,0
17746,2026-03-01 10:00:00,69,45,149.32,12,4,0
17747,2026-03-01 10:00:00,49,23,77.06,24,2,0
17748,2026-03-01 10:00:00,45,10,139.15,23,2,0
17749,2026-03-01 10:00:00,35,3,130.23,18,3,1
17750,2026-03-01 10:00:00,25,5,154.92,24,1,0
17751,2026-03-01 10:00:00,32,3,132.73,11,2,0
17752,2026-03-01 10:00:00,65,38,159.34,16,1,0
17753,2026-03-01 10:00:00,53,13,88.67,23,3,0
17754,2026-03-01 10:00:00,21,42,112.78,17,0,0
17755,2026-03-01 10:00:00,22,19,82.4,14,4,1
17756,2026-03-01 10:00:00,57,40,96.04,27,4,0
17757,2026-03-01 10:00:00,26,50,116.01,24,2,0
17758,2026-03-01 10:00:00,34,35,138.52,20,0,1
17759,2026-03-01 10:00:00,43,24,108.86,23,4,1
17760,2026-03-01 10:00:00,55,24,146.66,18,3,0
17761,2026-03-01 10:00:00,33,17,128.13,25,4,1
17762,2026-03-01 10:00:00,18,40,110.13,20,2,0
17763,2026-03-01 10:00:00,21,10,167.2,23,0,0
17764,2026-03-01 10:00:00,19,2,115.85,19,1,0
17765,2026-03-01 10:00:00,20,44,83.93,21,1,0
17766,2026-03-01 10:00:00,59,23,126.0,22,1,0
17767,2026-03-01 10:00:00,59,6,85.45,22,2,0
17768,2026-03-01 10:00:00,68,2,51.89,20,0,0
17769,2026-03-01 10:00:00,42,21,201.78,19,0,0
17770,2026-03-01 10:00:00,65,55,97.19,17,2,0
17771,2026-03-01 10:00:00,66,56,168.92,19,1,0
17772,2026-03-01 10:00:00,58,35,66.47,15,2,0
17773,2026-03-01 10:00:00,35,49,181.35,24,1,0
17774,2026-03-01 10:00:00,68,29,132.11,21,2,0
17775,2026-03-01 10:00:00,19,7,119.14,18,1,0
17776,2026-03-01 10:00:00,69,29,126.49,12,2,0
17777,2026-03-01 10:00:00,39,53,96.33,23,1,0
17778,2026-03-01 10:00:00,37,37,107.95,17,2,0
17779,2026-03-01 10:00:00,43,23,93.85,15,1,0
17780,2026-03-01 10:00:00,62,33,160.57,19,1,0
17781,2026-03-01 10:00:00,26,8,142.9,22,2,0
17782,2026-03-01 10:00:00,67,12,117.19,15,1,0
17783,2026-03-01 10:00:00,45,46,125.11,24,2,0
17784,2026-03-01 10:00:00,64,48,131.76,16,1,0
17785,2026-03-01 10:00:00,36,10,115.13,27,4,0
17786,2026-03-01 10:00:00,27,15,82.48,21,2,0
17787,2026-03-01 10:00:00,18,53,120.35,21,1,0
17788,2026-03-01 10:00:00,44,24,155.96,12,1,0
17789,2026-03-01 10:00:00,45,26,70.04,19,1,0
17790,2026-03-01 10:00:00,63,47,135.7,26,1,0
17791,2026-03-01 10:00:00,40,42,115.48,20,1,0
17792,2026-03-01 10:00:00,62,53,92.9,25,2,0
17793,2026-03-01 10:00:00,43,39,166.03,27,1,0
17794,2026-03-01 10:00:00,21,58,46.94,29,4,1
17795,2026-03-01 10:00:00,29,3,84.87,16,4,0
17796,2026-03-01 10:00:00,43,2,90.57,29,2,0
17797,2026-03-01 10:00:00,69,6,201.86,17,2,0
17798,2026-03-01 10:00:00,55,21,211.8,15,1,0
17799,2026-03-01 10:00:00,57,9,91.84,24,2,0
17800,2026-03-01 10:00:00,26,10,112.08,25,3,0
17801,2026-03-01 10:00:00,19,36,119.63,12,3,0
17802,2026-03-01 10:00:00,49,59,92.37,25,1,0
17803,2026-03-01 10:00:00,62,3,142.25,25,1,0
17804,2026-03-01 10:00:00,25,41,161.17,15,4,1
17805,2026-03-01 10:00:00,27,24,137.49,16,0,0
17806,2026-03-01 10:00:00,31,22,82.34,14,1,0
17807,2026-03-01 10:00:00,24,49,93.12,26,2,0
17808,2026-03-01 10:00:00,23,14,110.3,21,2,0
17809,2026-03-01 10:00:00,65,42,157.92,25,2,0
17810,2026-03-01 10:00:00,44,45,106.49,16,2,0
17811,2026-03-01 10:00:00,23,44,118.35,17,2,0
17812,2026-03-01 10:00:00,26,27,62.07,18,2,0
17813,2026-03-01 10:00:00,69,33,165.29,17,1,0
17814,2026-03-01 10:00:00,39,22,97.38,33,2,0
17815,2026-03-01 10:00:00,47,29,58.08,25,3,0
17816,2026-03-01 10:00:00,44,19,187.83,17,4,0
17817,2026-03-01 10:00:00,19,19,155.47,20,1,1
17818,2026-03-01 10:00:00,49,6,114.31,26,1,0
17819,2026-03-01 10:00:00,40,45,107.86,23,0,0
17820,2026-03-01 10:00:00,18,19,112.78,23,1,0
17821,2026-03-01 10:00:00,19,13,116.99,20,0,0
17822,2026-03-01 10:00:00,50,59,166.91,20,4,0
17823,2026-03-01 10:00:00,41,26,65.69,14,3,0
17824,2026-03-01 10:00:00,38,22,147.97,17,0,0
17825,2026-03-01 10:00:00,62,21,77.3,25,1,0
17826,2026-03-01 10:00:00,29,36,156.55,24,3,0
17827,2026-03-01 10:00:00,56,56,55.8,15,2,0
17828,2026-03-01 10:00:00,30,2,72.01,12,1,0
17829,2026-03-01 10:00:00,60,47,101.45,23,2,0
17830,2026-03-01 10:00:00,51,44,131.58,18,1,0
17831,2026-03-01 10:00:00,48,30,141.16,21,0,0
17832,2026-03-01 10:00:00,23,27,108.49,20,2,0
17833,2026-03-01 10:00:00,31,7,104.18,22,2,0
17834,2026-03-01 10:00:00,51,20,165.44,23,4,1
17835,2026-03-01 10:00:00,61,50,70.75,19,3,0
17836,2026-03-01 10:00:00,28,31,195.4,24,3,0
17837,2026-03-01 10:00:00,66,23,163.73,19,2,0
17838,2026-03-01 10:00:00,33,13,85.75,21,1,0
17839,2026-03-01 10:00:00,36,17,118.53,19,0,0
17840,2026-03-01 10:00:00,28,4,134.67,23,5,1
17841,2026-03-01 10:00:00,26,57,36.13,22,1,0
17842,2026-03-01 10:00:00,42,14,186.6,18,1,0
17843,2026-03-01 10:00:00,23,20,184.5,25,3,0
17844,2026-03-01 10:00:00,61,13,120.67,22,1,0
17845,2026-03-01 10:00:00,55,3,197.86,30,1,0
17846,2026-03-01 10:00:00,61,26,124.09,23,5,1
17847,2026-03-01 10:00:00,67,26,108.37,17,1,0
17848,2026-03-01 10:00:00,52,18,100.53,22,7,0
17849,2026-03-01 10:00:00,64,32,104.39,20,0,0
17850,2026-03-01 10:00:00,66,14,76.97,11,3,0
17851,2026-03-01 10:00:00,36,47,98.62,25,2,0
17852,2026-03-01 10:00:00,67,3,100.37,22,1,0
17853,2026-03-01 10:00:00,31,1,140.32,16,1,0
17854,2026-03-01 10:00:00,66,26,137.78,25,3,0
17855,2026-03-01 10:00:00,23,24,145.28,14,2,0
17856,2026-03-01 10:00:00,20,49,134.2,26,1,0
17857,2026-03-01 10:00:00,20,35,123.27,15,2,0
17858,2026-03-01 10:00:00,61,14,124.51,15,0,0
17859,2026-03-01 10:00:00,22,3,168.76,19,4,1
17860,2026-03-01 10:00:00,38,13,146.58,17,2,0
17861,2026-03-01 10:00:00,30,47,87.22,24,2,0
17862,2026-03-01 10:00:00,57,50,169.74,20,3,0
17863,2026-03-01 10:00:00,66,14,142.48,28,1,0
17864,2026-03-01 10:00:00,67,21,119.05,21,2,0
17865,2026-03-01 10:00:00,22,26,115.93,11,0,0
17866,2026-03-01 10:00:00,53,3,84.02,20,2,0
17867,2026-03-01 10:00:00,35,51,146.09,18,6,1
17868,2026-03-01 10:00:00,53,40,139.54,11,7,0
17869,2026-03-01 10:00:00,42,4,165.45,17,1,1
17870,2026-03-01 10:00:00,45,36,144.61,19,2,0
17871,2026-03-01 10:00:00,40,51,50.64,22,2,0
17872,2026-03-01 10:00:00,42,43,159.22,26,0,0
17873,2026-03-01 10:00:00,61,1,156.37,26,0,0
17874,2026-03-01 10:00:00,49,40,141.12,17,3,0
17875,2026-03-01 10:00:00,43,47,78.27,21,0,0
17876,2026-03-01 10:00:00,31,33,162.93,20,5,0
17877,2026-03-01 10:00:00,35,7,131.05,17,3,0
17878,2026-03-01 10:00:00,23,53,104.5,22,4,0
17879,2026-03-01 10:00:00,41,52,114.81,11,1,0
17880,2026-03-01 10:00:00,22,52,151.32,12,2,0
17881,2026-03-01 10:00:00,44,56,43.13,19,2,0
17882,2026-03-01 10:00:00,31,11,175.55,14,2,0
17883,2026-03-01 10:00:00,38,27,141.8,16,2,0
17884,2026-03-01 10:00:00,38,14,135.84,16,2,0
17885,2026-03-01 10:00:00,47,22,108.56,18,1,1
17886,2026-03-01 10:00:00,19,16,217.23,19,1,0
17887,2026-03-01 10:00:00,34,46,95.5,23,5,1
17888,2026-03-01 10:00:00,38,12,188.09,20,2,0
17889,2026-03-01 10:00:00,27,49,131.6,24,2,0
17890,2026-03-01 10:00:00,54,46,215.44,20,2,0
17891,2026-03-01 10:00:00,47,10,104.81,26,5,0
17892,2026-03-01 10:00:00,23,24,72.36,17,0,0
17893,2026-03-01 10:00:00,31,46,84.59,18,0,0
17894,2026-03-01 10:00:00,42,18,81.76,24,3,0
17895,2026-03-01 10:00:00,23,22,111.5,20,4,0
17896,2026-03-01 10:00:00,39,9,126.75,13,2,0
17897,2026-03-01 10:00:00,55,17,98.58,15,2,0
17898,2026-03-01 10:00:00,67,38,165.86,13,1,0
17899,2026-03-01 10:00:00,35,40,120.72,20,2,0
17900,2026-03-01 10:00:00,22,58,154.71,14,2,0
17901,2026-03-01 10:00:00,26,13,122.19,15,2,0
17902,2026-03-01 10:00:00,37,50,100.44,15,0,0
17903,2026-03-01 10:00:00,55,37,107.97,16,3,0
17904,2026-03-01 10:00:00,35,6,50.57,17,1,0
17905,2026-03-01 10:00:00,24,21,204.15,22,5,1
17906,2026-03-01 10:00:00,67,51,123.44,19,4,0
17907,2026-03-01 10:00:00,60,36,109.19,14,4,0
17908,2026-03-01 10:00:00,67,7,75.97,22,3,0
17909,2026-03-01 10:00:00,33,36,117.5,15,1,0
17910,2026-03-01 10:00:00,22,25,46.84,21,1,1
17911,2026-03-01 10:00:00,19,11,146.98,12,2,1
17912,2026-03-01 10:00:00,60,44,83.31,16,3,1
17913,2026-03-01 10:00:00,32,14,182.27,17,5,1
17914,2026-03-01 10:00:00,48,45,174.31,16,3,0
17915,2026-03-01 10:00:00,63,29,83.8,20,2,0
17916,2026-03-01 10:00:00,62,10,147.46,17,1,1
17917,2026-03-01 10:00:00,23,50,189.19,24,3,0
17918,2026-03-01 10:00:00,38,48,199.39,22,2,0
17919,2026-03-01 10:00:00,32,5,166.37,22,0,0
17920,2026-03-01 10:00:00,41,8,145.86,23,2,0
17921,2026-03-01 10:00:00,33,46,107.84,17,3,0
17922,2026-03-01 10:00:00,34,5,150.69,13,3,0
17923,2026-03-01 10:00:00,55,58,73.94,20,2,0
17924,2026-03-01 10:00:00,44,24,177.34,20,1,0
17925,2026-03-01 10:00:00,20,40,212.61,14,5,0
17926,2026-03-01 10:00:00,48,57,101.64,27,5,0
17927,2026-03-01 10:00:00,40,26,86.45,31,0,0
17928,2026-03-01 10:00:00,26,6,113.65,19,0,0
17929,2026-03-01 10:00:00,60,16,158.5,14,1,0
17930,2026-03-01 10:00:00,30,36,127.72,25,3,0
17931,2026-03-01 10:00:00,56,12,155.95,14,3,0
17932,2026-03-01 10:00:00,32,11,121.24,25,1,0
17933,2026-03-01 10:00:00,40,3,191.59,25,2,0
17934,2026-03-01 10:00:00,52,44,153.3,18,1,1
17935,2026-03-01 10:00:00,51,37,89.07,22,2,0
17936,2026-03-01 10:00:00,59,6,50.51,20,1,0
17937,2026-03-01 10:00:00,35,19,171.25,17,1,0
17938,2026-03-01 10:00:00,34,18,138.7,16,3,0
17939,2026-03-01 10:00:00,54,16,156.75,11,0,0
17940,2026-03-01 10:00:00,48,23,171.46,17,3,0
17941,2026-03-01 10:00:00,57,43,113.12,15,3,0
17942,2026-03-01 10:00:00,47,37,157.49,20,2,1
17943,2026-03-01 10:00:00,43,9,120.76,21,3,0
17944,2026-03-01 10:00:00,31,3,123.7,22,4,1
17945,2026-03-01 10:00:00,65,8,202.29,18,3,0
17946,2026-03-01 10:00:00,53,38,122.57,20,3,0
17947,2026-03-01 10:00:00,56,4,71.08,22,2,0
17948,2026-03-01 10:00:00,19,12,75.73,27,0,0
17949,2026-03-01 10:00:00,29,44,162.78,24,1,0
17950,2026-03-01 10:00:00,48,31,126.73,26,5,1
17951,2026-03-01 10:00:00,36,25,115.88,19,0,0
17952,2026-03-01 10:00:00,29,53,132.11,18,2,0
17953,2026-03-01 10:00:00,68,16,118.51,18,3,0
17954,2026-03-01 10:00:00,27,42,154.95,18,1,0
17955,2026-03-01 10:00:00,64,54,99.82,22,1,0
17956,2026-03-01 10:00:00,56,14,152.79,26,2,0
17957,2026-03-01 10:00:00,69,13,147.05,20,7,1
17958,2026-03-01 10:00:00,36,41,134.67,22,2,0
17959,2026-03-01 10:00:00,50,7,97.55,24,1,0
17960,2026-03-01 10:00:00,63,12,165.88,15,1,0
17961,2026-03-01 10:00:00,27,37,172.59,20,0,0
17962,2026-03-01 10:00:00,24,50,52.53,19,3,1
17963,2026-03-01 10:00:00,57,4,134.93,21,2,1
17964,2026-03-01 10:00:00,27,2,83.42,22,3,1
17965,2026-03-01 10:00:00,24,35,116.17,21,0,0
17966,2026-03-01 10:00:00,41,58,123.02,12,2,0
17967,2026-03-01 10:00:00,27,44,140.43,21,2,1
17968,2026-03-01 10:00:00,50,3,123.13,22,3,0
17969,2026-03-01 10:00:00,29,4,109.99,20,1,0
17970,2026-03-01 10:00:00,43,38,138.11,20,3,0
17971,2026-03-01 10:00:00,57,12,71.95,18,2,0
17972,2026-03-01 10:00:00,67,19,113.7,17,1,1
17973,2026-03-01 10:00:00,38,10,116.62,24,3,0
17974,2026-03-01 10:00:00,36,1,90.77,16,1,0
17975,2026-03-01 10:00:00,54,17,53.0,23,2,0
17976,2026-03-01 10:00:00,55,16,130.48,25,5,0
17977,2026-03-01 10:00:00,29,9,88.65,22,0,0
17978,2026-03-01 10:00:00,65,57,76.67,14,2,0
17979,2026-03-01 10:00:00,31,53,185.18,12,1,1
17980,2026-03-01 10:00:00,36,9,94.84,16,3,0
17981,2026-03-01 10:00:00,18,59,94.99,25,2,0
17982,2026-03-01 10:00:00,20,55,167.22,24,2,0
17983,2026-03-01 10:00:00,22,9,86.08,16,1,0
17984,2026-03-01 10:00:00,40,12,103.23,18,1,0
17985,2026-03-01 10:00:00,47,55,76.04,20,4,0
17986,2026-03-01 10:00:00,67,41,146.94,17,1,0
17987,2026-03-01 10:00:00,59,15,111.37,18,2,0
17988,2026-03-01 10:00:00,20,2,123.4,25,5,0
17989,2026-03-01 10:00:00,46,11,116.4,17,2,0
17990,2026-03-01 10:00:00,45,11,61.68,24,3,0
17991,2026-03-01 10:00:00,29,8,97.59,15,4,1
17992,2026-03-01 10:00:00,29,55,138.14,25,0,0
17993,2026-03-01 10:00:00,29,32,139.99,14,4,0
17994,2026-03-01 10:00:00,22,6,67.74,18,4,0
17995,2026-03-01 10:00:00,19,53,130.12,23,1,0
17996,2026-03-01 10:00:00,45,20,172.05,26,3,0
17997,2026-03-01 10:00:00,62,39,128.44,18,2,0
17998,2026-03-01 10:00:00,68,35,122.03,17,2,0
17999,2026-03-01 10:00:00,18,8,112.0,15,3,0
18000,2026-03-01 10:00:00,61,50,177.22,11,4,0
18001,2026-03-01 10:00:00,54,49,107.74,22,0,0
18002,2026-03-01 10:00:00,44,43,172.3,18,1,0
18003,2026-03-01 10:00:00,32,34,145.55,9,2,0
18004,2026-03-01 10:00:00,28,57,153.83,21,2,0
18005,2026-03-01 10:00:00,54,53,99.42,13,0,0
18006,2026-03-01 10:00:00,41,59,100.93,15,2,0
18007,2026-03-01 10:00:00,40,56,132.43,30,0,0
18008,2026-03-01 10:00:00,53,19,178.11,19,2,0
18009,2026-03-01 10:00:00,48,7,36.81,20,4,1
18010,2026-03-01 10:00:00,68,31,85.45,22,3,0
18011,2026-03-01 10:00:00,40,18,92.26,21,3,0
18012,2026-03-01 10:00:00,60,40,182.83,16,1,0
18013,2026-03-01 10:00:00,33,14,110.15,13,3,0
18014,2026-03-01 10:00:00,66,39,150.48,23,3,0
18015,2026-03-01 10:00:00,20,53,112.89,18,3,0
18016,2026-03-01 10:00:00,32,59,116.38,24,2,0
18017,2026-03-01 10:00:00,27,36,103.66,25,4,0
18018,2026-03-01 10:00:00,26,17,101.6,15,2,1
18019,2026-03-01 10:00:00,68,37,92.36,16,2,0
18020,2026-03-01 10:00:00,55,44,133.44,22,2,0
18021,2026-03-01 10:00:00,30,9,78.76,29,4,1
18022,2026-03-01 10:00:00,34,58,166.18,17,3,1
18023,2026-03-01 10:00:00,24,20,174.03,24,0,0
18024,2026-03-01 10:00:00,44,45,122.17,22,1,0
18025,2026-03-01 10:00:00,55,57,73.09,23,0,0
18026,2026-03-01 10:00:00,68,28,112.16,23,0,0
18027,2026-03-01 10:00:00,29,50,107.37,10,2,0
18028,2026-03-01 10:00:00,49,20,80.28,17,3,0
18029,2026-03-01 10:00:00,54,41,135.53,21,3,0
18030,2026-03-01 10:00:00,63,36,78.87,25,2,0
18031,2026-03-01 10:00:00,50,53,183.75,16,2,0
18032,2026-03-01 10:00:00,31,27,148.99,15,3,0
18033,2026-03-01 10:00:00,41,8,54.12,16,4,1
18034,2026-03-01 10:00:00,61,32,168.65,15,4,1
18035,2026-03-01 10:00:00,65,1,161.02,22,2,1
18036,2026-03-01 10:00:00,27,17,130.88,25,1,0
18037,2026-03-01 10:00:00,49,57,126.51,15,1,0
18038,2026-03-01 10:00:00,29,9,136.17,25,1,0
18039,2026-03-01 10:00:00,62,20,110.63,19,1,0
18040,2026-03-01 10:00:00,34,45,144.79,26,0,0
18041,2026-03-01 10:00:00,46,32,69.02,10,1,0
18042,2026-03-01 10:00:00,19,2,36.72,28,0,1
18043,2026-03-01 10:00:00,52,32,153.28,24,2,0
18044,2026-03-01 10:00:00,66,45,127.82,19,2,0
18045,2026-03-01 10:00:00,52,9,110.63,18,3,0
18046,2026-03-01 10:00:00,30,30,164.04,19,2,0
18047,2026-03-01 10:00:00,34,20,83.93,24,3,0
18048,2026-03-01 10:00:00,44,38,143.18,15,0,0
18049,2026-03-01 10:00:00,66,1,137.71,25,1,0
18050,2026-03-01 10:00:00,25,57,85.23,22,1,0
18051,2026-03-01 10:00:00,60,5,191.57,11,1,0
18052,2026-03-01 10:00:00,35,35,96.71,19,3,0
18053,2026-03-01 10:00:00,18,36,105.14,27,2,0
18054,2026-03-01 10:00:00,54,1,174.23,22,0,1
18055,2026-03-01 10:00:00,40,14,123.37,20,3,0
18056,2026-03-01 10:00:00,27,9,76.06,24,3,0
18057,2026-03-01 10:00:00,43,30,160.8,22,0,0
18058,2026-03-01 10:00:00,33,24,116.79,24,2,0
18059,2026-03-01 10:00:00,25,4,91.19,19,1,1
18060,2026-03-01 10:00:00,49,50,33.99,23,3,1
18061,2026-03-01 10:00:00,65,14,125.62,13,4,1
18062,2026-03-01 10:00:00,18,25,160.85,18,1,0
18063,2026-03-01 10:00:00,65,4,82.53,21,4,1
18064,2026-03-01 10:00:00,39,25,129.86,20,1,0
18065,2026-03-01 10:00:00,32,10,120.52,24,2,0
18066,2026-03-01 10:00:00,46,35,45.61,20,4,1
18067,2026-03-01 10:00:00,55,55,107.92,18,3,0
18068,2026-03-01 10:00:00,45,7,164.31,15,4,0
18069,2026-03-01 10:00:00,21,42,127.99,24,3,0
18070,2026-03-01 10:00:00,42,13,139.64,29,0,0
18071,2026-03-01 10:00:00,44,4,128.39,21,3,0
18072,2026-03-01 10:00:00,36,50,70.39,20,1,0
18073,2026-03-01 10:00:00,23,43,43.73,21,2,0
18074,2026-03-01 10:00:00,38,57,81.02,21,1,0
18075,2026-03-01 10:00:00,42,36,89.58,20,2,0
18076,2026-03-01 10:00:00,38,56,134.72,19,0,0
18077,2026-03-01 10:00:00,26,14,55.75,18,1,1
18078,2026-03-01 10:00:00,51,18,62.52,21,2,0
18079,2026-03-01 10:00:00,54,8,132.09,19,2,0
18080,2026-03-01 10:00:00,49,32,115.17,27,3,0
18081,2026-03-01 10:00:00,52,27,74.36,19,3,0
18082,2026-03-01 10:00:00,35,42,185.5,20,1,0
18083,2026-03-01 10:00:00,43,37,84.62,22,4,0
18084,2026-03-01 10:00:00,64,23,141.29,23,3,1
18085,2026-03-01 10:00:00,30,7,129.32,24,1,0
18086,2026-03-01 10:00:00,22,12,123.76,16,1,0
18087,2026-03-01 10:00:00,50,25,107.93,18,3,0
18088,2026-03-01 10:00:00,36,3,186.25,20,1,0
18089,2026-03-01 10:00:00,28,26,83.23,23,3,0
18090,2026-03-01 10:00:00,67,4,135.82,17,2,0
18091,2026-03-01 10:00:00,24,42,151.18,15,1,0
18092,2026-03-01 10:00:00,40,36,26.06,21,5,0
18093,2026-03-01 10:00:00,22,15,149.2,16,2,0
18094,2026-03-01 10:00:00,42,32,44.57,27,4,1
18095,2026-03-01 10:00:00,21,29,138.39,24,1,0
18096,2026-03-01 10:00:00,56,10,98.67,12,0,0
18097,2026-03-01 10:00:00,45,21,69.56,23,2,0
18098,2026-03-01 10:00:00,40,54,96.14,30,2,0
18099,2026-03-01 10:00:00,57,16,220.37,19,2,0
18100,2026-03-01 10:00:00,38,47,114.9,15,6,1
18101,2026-03-01 10:00:00,43,19,90.0,18,1,0
18102,2026-03-01 10:00:00,23,29,120.38,22,0,0
18103,2026-03-01 10:00:00,19,52,75.82,17,1,0
18104,2026-03-01 10:00:00,48,51,94.22,11,2,0
18105,2026-03-01 10:00:00,51,18,141.95,26,0,0
18106,2026-03-01 10:00:00,55,58,128.66,18,4,1
18107,2026-03-01 10:00:00,38,44,140.87,26,0,0
18108,2026-03-01 10:00:00,68,57,153.33,25,3,0
18109,2026-03-01 10:00:00,61,16,87.54,14,3,0
18110,2026-03-01 10:00:00,51,1,74.56,25,5,1
18111,2026-03-01 10:00:00,44,48,146.16,20,5,0
18112,2026-03-01 10:00:00,51,2,91.79,24,0,0
18113,2026-03-01 10:00:00,31,56,153.43,23,4,1
18114,2026-03-01 10:00:00,69,15,147.91,18,3,0
18115,2026-03-01 10:00:00,35,39,97.81,21,2,0
18116,2026-03-01 10:00:00,69,28,119.9,27,1,0
18117,2026-03-01 10:00:00,38,1,111.19,17,1,0
18118,2026-03-01 10:00:00,63,5,77.82,22,0,0
18119,2026-03-01 10:00:00,42,42,151.69,24,0,1
18120,2026-03-01 10:00:00,26,22,141.33,10,4,1
18121,2026-03-01 10:00:00,63,53,146.43,17,2,0
18122,2026-03-01 10:00:00,51,36,159.44,20,2,0
18123,2026-03-01 10:00:00,26,46,130.64,29,0,0
18124,2026-03-01 10:00:00,38,13,169.8,12,2,0
18125,2026-03-01 10:00:00,60,1,120.25,18,2,0
18126,2026-03-01 10:00:00,33,16,165.1,13,1,0
18127,2026-03-01 10:00:00,35,55,157.39,24,1,0
18128,2026-03-01 10:00:00,22,41,132.26,27,3,0
18129,2026-03-01 10:00:00,63,22,132.34,24,3,0
18130,2026-03-01 10:00:00,43,32,140.43,15,0,1
18131,2026-03-01 10:00:00,48,16,103.86,17,4,0
18132,2026-03-01 10:00:00,60,51,110.56,21,1,0
18133,2026-03-01 10:00:00,22,15,176.2,25,1,0
18134,2026-03-01 10:00:00,65,58,120.94,17,2,0
18135,2026-03-01 10:00:00,18,46,145.9,15,2,0
18136,2026-03-01 10:00:00,32,52,102.18,13,2,0
18137,2026-03-01 10:00:00,46,42,158.66,13,1,0
18138,2026-03-01 10:00:00,42,53,127.6,26,2,0
18139,2026-03-01 10:00:00,55,12,182.62,16,0,0
18140,2026-03-01 10:00:00,62,1,74.94,17,1,1
18141,2026-03-01 10:00:00,48,53,198.31,22,2,0
18142,2026-03-01 10:00:00,42,17,138.5,16,4,1
18143,2026-03-01 10:00:00,21,41,55.35,14,3,0
18144,2026-03-01 10:00:00,27,55,102.01,28,1,0
18145,2026-03-01 10:00:00,40,51,143.58,14,2,0
18146,2026-03-01 10:00:00,56,57,55.81,10,1,0
18147,2026-03-01 10:00:00,55,50,143.17,15,2,0
18148,2026-03-01 10:00:00,18,28,134.72,16,1,0
18149,2026-03-01 10:00:00,42,7,135.93,20,4,0
18150,2026-03-01 10:00:00,32,9,136.71,29,4,1
18151,2026-03-01 10:00:00,21,22,42.3,18,1,0
18152,2026-03-01 10:00:00,18,26,128.98,24,2,0
18153,2026-03-01 10:00:00,63,53,75.09,14,3,0
18154,2026-03-01 10:00:00,31,12,118.83,17,3,0
18155,2026-03-01 10:00:00,33,7,82.41,17,1,0
18156,2026-03-01 10:00:00,28,46,114.79,16,2,0
18157,2026-03-01 10:00:00,23,47,131.17,19,0,0
18158,2026-03-01 10:00:00,38,15,65.42,28,3,0
18159,2026-03-01 10:00:00,49,38,157.9,11,2,1
18160,2026-03-01 10:00:00,63,21,155.44,13,7,0
18161,2026-03-01 10:00:00,56,14,101.51,25,2,0
18162,2026-03-01 10:00:00,63,2,111.3,17,1,0
18163,2026-03-01 10:00:00,45,8,164.18,26,1,0
18164,2026-03-01 10:00:00,46,45,125.15,24,0,0
18165,2026-03-01 10:00:00,67,55,52.85,22,0,0
18166,2026-03-01 10:00:00,39,6,131.46,14,1,0
18167,2026-03-01 10:00:00,53,37,152.07,26,2,0
18168,2026-03-01 10:00:00,50,37,196.45,25,0,0
18169,2026-03-01 10:00:00,32,57,69.73,23,2,0
18170,2026-03-01 10:00:00,22,33,110.65,16,5,0
18171,2026-03-01 10:00:00,30,41,93.04,14,1,0
18172,2026-03-01 10:00:00,19,6,148.95,17,2,0
18173,2026-03-01 10:00:00,60,52,190.93,32,1,0
18174,2026-03-01 10:00:00,23,26,155.04,15,0,0
18175,2026-03-01 10:00:00,65,39,104.31,19,3,1
18176,2026-03-01 10:00:00,40,41,138.71,32,2,0
18177,2026-03-01 10:00:00,32,37,121.64,27,2,0
18178,2026-03-01 10:00:00,23,14,170.56,27,2,0
18179,2026-03-01 10:00:00,39,37,149.26,17,1,0
18180,2026-03-01 10:00:00,30,8,122.08,17,0,0
18181,2026-03-01 10:00:00,68,39,106.55,25,2,0
18182,2026-03-01 10:00:00,30,13,116.6,19,2,0
18183,2026-03-01 10:00:00,67,13,155.11,27,3,0
18184,2026-03-01 10:00:00,54,40,89.11,21,1,0
18185,2026-03-01 10:00:00,68,43,120.43,23,6,1
18186,2026-03-01 10:00:00,53,28,167.77,21,0,0
18187,2026-03-01 10:00:00,26,58,34.36,16,2,1
18188,2026-03-01 10:00:00,22,18,100.74,16,3,0
18189,2026-03-01 10:00:00,21,57,107.63,27,1,0
18190,2026-03-01 10:00:00,27,19,168.21,21,0,0
18191,2026-03-01 10:00:00,48,38,153.28,17,4,1
18192,2026-03-01 10:00:00,25,32,82.55,24,2,0
18193,2026-03-01 10:00:00,41,22,87.02,21,2,0
18194,2026-03-01 10:00:00,43,2,121.35,17,2,1
18195,2026-03-01 10:00:00,28,13,86.0,20,1,0
18196,2026-03-01 10:00:00,23,23,188.57,20,0,0
18197,2026-03-01 10:00:00,62,25,105.26,13,2,0
18198,2026-03-01 10:00:00,50,28,159.07,17,4,1
18199,2026-03-01 10:00:00,44,58,88.09,19,1,0
18200,2026-03-01 10:00:00,62,11,93.97,20,2,0
18201,2026-03-01 10:00:00,31,33,151.14,16,2,0
18202,2026-03-01 10:00:00,41,24,172.96,25,2,0
18203,2026-03-01 10:00:00,51,2,47.12,19,1,1
18204,2026-03-01 10:00:00,40,30,183.39,17,2,0
18205,2026-03-01 10:00:00,44,17,100.31,18,1,0
18206,2026-03-01 10:00:00,25,40,176.41,21,2,0
18207,2026-03-01 10:00:00,31,34,41.26,29,1,1
18208,2026-03-01 10:00:00,25,38,95.22,20,3,0
18209,2026-03-01 10:00:00,53,22,77.86,17,0,0
18210,2026-03-01 10:00:00,57,5,116.51,25,1,1
18211,2026-03-01 10:00:00,38,48,126.5,20,3,0
18212,2026-03-01 10:00:00,46,40,130.8,15,3,0
18213,2026-03-01 10:00:00,39,51,163.09,14,1,0
18214,2026-03-01 10:00:00,57,16,127.35,28,3,0
18215,2026-03-01 10:00:00,30,13,96.68,25,6,0
18216,2026-03-01 10:00:00,41,26,172.84,14,4,0
18217,2026-03-01 10:00:00,38,31,146.33,26,2,0
18218,2026-03-01 10:00:00,62,52,144.86,24,3,0
18219,2026-03-01 10:00:00,27,39,109.86,19,2,0
18220,2026-03-01 10:00:00,26,48,142.97,17,4,1
18221,2026-03-01 10:00:00,55,23,119.03,17,2,1
18222,2026-03-01 10:00:00,51,48,93.57,24,1,1
18223,2026-03-01 10:00:00,18,12,121.27,22,0,0
18224,2026-03-01 10:00:00,23,14,86.18,28,4,1
18225,2026-03-01 10:00:00,67,56,124.21,24,1,0
18226,2026-03-01 10:00:00,50,18,163.45,18,0,0
18227,2026-03-01 10:00:00,59,27,97.48,16,1,0
18228,2026-03-01 10:00:00,26,28,94.21,24,3,0
18229,2026-03-01 10:00:00,26,18,183.16,14,1,0
18230,2026-03-01 10:00:00,30,16,111.16,22,3,0
18231,2026-03-01 10:00:00,27,52,95.42,25,2,1
18232,2026-03-01 10:00:00,56,16,91.66,19,3,0
18233,2026-03-01 10:00:00,38,13,42.04,30,2,0
18234,2026-03-01 10:00:00,47,58,209.62,21,3,0
18235,2026-03-01 10:00:00,40,29,137.38,25,1,0
18236,2026-03-01 10:00:00,30,9,88.91,20,1,0
18237,2026-03-01 10:00:00,43,26,153.98,19,1,0
18238,2026-03-01 10:00:00,18,28,126.44,25,3,0
18239,2026-03-01 10:00:00,55,41,116.11,21,5,0
18240,2026-03-01 10:00:00,61,13,136.71,22,1,0
18241,2026-03-01 10:00:00,32,36,161.21,15,0,0
18242,2026-03-01 10:00:00,42,9,106.4,19,2,0
18243,2026-03-01 10:00:00,58,47,199.99,23,2,0
18244,2026-03-01 10:00:00,28,14,86.21,16,2,0
18245,2026-03-01 10:00:00,20,51,133.03,20,2,0
18246,2026-03-01 10:00:00,60,12,140.99,22,0,0
18247,2026-03-01 10:00:00,22,53,111.4,21,1,0
18248,2026-03-01 10:00:00,41,58,184.48,26,3,0
18249,2026-03-01 10:00:00,34,57,177.02,21,2,0
18250,2026-03-01 10:00:00,37,32,178.88,17,2,0
18251,2026-03-01 10:00:00,38,38,119.26,20,2,0
18252,2026-03-01 10:00:00,51,3,131.58,13,1,1
18253,2026-03-01 10:00:00,27,58,182.18,27,1,0
18254,2026-03-01 10:00:00,61,57,88.79,22,4,1
18255,2026-03-01 10:00:00,36,54,155.04,20,5,1
18256,2026-03-01 10:00:00,69,52,185.42,17,2,0
18257,2026-03-01 10:00:00,24,16,76.86,16,1,0
18258,2026-03-01 10:00:00,33,20,35.56,22,3,0
18259,2026-03-01 10:00:00,31,32,87.71,22,1,0
18260,2026-03-01 10:00:00,25,56,89.27,23,2,0
18261,2026-03-01 10:00:00,21,23,105.57,25,3,1
18262,2026-03-01 10:00:00,56,17,138.5,20,4,0
18263,2026-03-01 10:00:00,62,16,107.03,17,0,0
18264,2026-03-01 10:00:00,65,38,133.98,19,3,0
18265,2026-03-01 10:00:00,43,8,60.84,19,4,1
18266,2026-03-01 10:00:00,27,19,226.23,15,1,0
18267,2026-03-01 10:00:00,28,30,136.73,23,3,0
18268,2026-03-01 10:00:00,60,57,131.43,16,1,0
18269,2026-03-01 10:00:00,19,58,107.98,26,0,0
18270,2026-03-01 10:00:00,69,34,54.48,20,4,1
18271,2026-03-01 10:00:00,35,14,99.29,25,3,0
18272,2026-03-01 10:00:00,41,22,78.11,18,0,0
18273,2026-03-01 10:00:00,45,44,53.71,23,6,1
18274,2026-03-01 10:00:00,56,17,101.74,27,1,0
18275,2026-03-01 10:00:00,26,59,108.34,25,0,0
18276,2026-03-01 10:00:00,60,15,89.59,18,2,0
18277,2026-03-01 10:00:00,23,50,131.69,24,2,0
18278,2026-03-01 10:00:00,26,48,142.35,24,1,0
18279,2026-03-01 10:00:00,55,32,139.31,20,0,0
18280,2026-03-01 10:00:00,32,13,124.43,14,1,0
18281,2026-03-01 10:00:00,22,21,87.23,12,1,0
18282,2026-03-01 10:00:00,38,49,61.5,18,3,0
18283,2026-03-01 10:00:00,33,40,102.15,21,3,0
18284,2026-03-01 10:00:00,39,33,165.98,21,1,0
18285,2026-03-01 10:00:00,48,57,99.55,9,2,0
18286,2026-03-01 10:00:00,21,58,121.64,13,2,0
18287,2026-03-01 10:00:00,25,27,91.74,21,3,0
18288,2026-03-01 10:00:00,22,35,111.11,23,2,0
18289,2026-03-01 10:00:00,32,16,122.35,22,3,0
18290,2026-03-01 10:00:00,37,28,107.32,23,3,0
18291,2026-03-01 10:00:00,44,34,52.64,17,3,0
18292,2026-03-01 10:00:00,57,47,55.61,26,0,0
18293,2026-03-01 10:00:00,62,1,153.77,20,2,0
18294,2026-03-01 10:00:00,21,41,71.25,19,4,0
18295,2026-03-01 10:00:00,56,48,113.35,12,4,0
18296,2026-03-01 10:00:00,22,31,106.47,15,2,0
18297,2026-03-01 10:00:00,56,36,94.29,17,0,0
18298,2026-03-01 10:00:00,39,44,132.71,20,4,0
18299,2026-03-01 10:00:00,49,33,158.95,23,5,0
18300,2026-03-01 10:00:00,45,33,147.43,20,1,0
18301,2026-03-01 10:00:00,45,39,161.81,22,2,0
18302,2026-03-01 10:00:00,51,18,151.74,22,2,0
18303,2026-03-01 10:00:00,20,23,115.26,19,0,0
18304,2026-03-01 10:00:00,34,23,171.55,14,2,0
18305,2026-03-01 10:00:00,39,15,177.48,29,2,0
18306,2026-03-01 10:00:00,28,26,72.67,27,2,0
18307,2026-03-01 10:00:00,51,30,186.86,18,3,0
18308,2026-03-01 10:00:00,33,25,145.71,16,0,0
18309,2026-03-01 10:00:00,35,45,182.43,21,4,0
18310,2026-03-01 10:00:00,43,16,189.23,25,1,0
18311,2026-03-01 10:00:00,68,39,136.4,22,2,0
18312,2026-03-01 10:00:00,67,48,130.15,14,4,0
18313,2026-03-01 10:00:00,32,45,133.43,18,2,0
18314,2026-03-01 10:00:00,51,14,110.82,21,0,0
18315,2026-03-01 10:00:00,59,17,87.43,15,2,0
18316,2026-03-01 10:00:00,53,12,152.28,19,1,0
18317,2026-03-01 10:00:00,20,29,170.99,31,0,0
18318,2026-03-01 10:00:00,52,32,166.97,19,1,0
18319,2026-03-01 10:00:00,25,56,77.18,18,0,0
18320,2026-03-01 10:00:00,46,24,59.51,23,4,1
18321,2026-03-01 10:00:00,26,52,122.21,22,1,0
18322,2026-03-01 10:00:00,65,13,85.2,15,1,0
18323,2026-03-01 10:00:00,35,56,110.47,16,1,0
18324,2026-03-01 10:00:00,34,20,122.18,29,3,0
18325,2026-03-01 10:00:00,46,15,124.02,17,1,0
18326,2026-03-01 10:00:00,59,56,98.28,18,3,0
18327,2026-03-01 10:00:00,55,53,154.11,18,4,0
18328,2026-03-01 10:00:00,37,4,181.72,22,1,0
18329,2026-03-01 10:00:00,29,54,182.88,21,4,1
18330,2026-03-01 10:00:00,56,34,120.45,18,6,0
18331,2026-03-01 10:00:00,38,28,157.7,20,0,0
18332,2026-03-01 10:00:00,61,50,149.1,17,2,0
18333,2026-03-01 10:00:00,56,2,123.67,20,1,0
18334,2026-03-01 10:00:00,68,57,96.83,22,2,0
18335,2026-03-01 10:00:00,35,47,167.73,19,1,0
18336,2026-03-01 10:00:00,22,30,121.06,20,1,0
18337,2026-03-01 10:00:00,31,26,94.57,26,1,0
18338,2026-03-01 10:00:00,28,51,162.56,21,6,0
18339,2026-03-01 10:00:00,50,47,102.5,19,0,0
18340,2026-03-01 10:00:00,59,26,92.91,15,2,0
18341,2026-03-01 10:00:00,59,20,110.37,18,4,0
18342,2026-03-01 10:00:00,51,42,153.31,17,3,0
18343,2026-03-01 10:00:00,20,28,113.01,13,1,0
18344,2026-03-01 10:00:00,18,56,146.63,24,2,0
18345,2026-03-01 10:00:00,43,20,50.2,23,4,0
18346,2026-03-01 10:00:00,58,11,89.47,21,2,0
18347,2026-03-01 10:00:00,59,58,118.92,16,2,0
18348,2026-03-01 10:00:00,60,10,127.14,29,1,0
18349,2026-03-01 10:00:00,60,23,103.32,23,2,0
18350,2026-03-01 10:00:00,41,37,135.12,22,3,0
18351,2026-03-01 10:00:00,22,41,181.9,18,6,1
18352,2026-03-01 10:00:00,54,52,90.65,25,3,0
18353,2026-03-01 10:00:00,62,19,171.49,14,1,0
18354,2026-03-01 10:00:00,46,45,107.13,14,2,0
18355,2026-03-01 10:00:00,69,18,179.24,19,4,1
18356,2026-03-01 10:00:00,62,49,149.81,23,4,0
18357,2026-03-01 10:00:00,38,27,93.74,21,2,0
18358,2026-03-01 10:00:00,25,6,141.14,19,1,0
18359,2026-03-01 10:00:00,20,10,65.36,16,2,0
18360,2026-03-01 10:00:00,56,2,76.78,21,2,0
18361,2026-03-01 10:00:00,62,24,98.7,19,2,0
18362,2026-03-01 10:00:00,21,38,125.48,11,2,0
18363,2026-03-01 10:00:00,36,28,74.71,24,5,1
18364,2026-03-01 10:00:00,21,28,37.85,22,1,0
18365,2026-03-01 10:00:00,42,53,103.24,22,4,0
18366,2026-03-01 10:00:00,63,45,103.66,24,0,0
18367,2026-03-01 10:00:00,38,50,58.01,17,3,1
18368,2026-03-01 10:00:00,47,39,102.23,29,3,0
18369,2026-03-01 10:00:00,51,2,146.32,15,2,0
18370,2026-03-01 10:00:00,66,46,82.43,24,2,0
18371,2026-03-01 10:00:00,67,5,121.01,19,2,0
18372,2026-03-01 10:00:00,66,50,106.81,17,0,0
18373,2026-03-01 10:00:00,56,11,97.0,17,2,0
18374,2026-03-01 10:00:00,68,10,21.51,20,3,0
18375,2026-03-01 10:00:00,67,43,163.59,13,4,0
18376,2026-03-01 10:00:00,61,59,135.82,21,5,1
18377,2026-03-01 10:00:00,40,2,83.15,17,0,0
18378,2026-03-01 10:00:00,49,15,176.93,28,1,0
18379,2026-03-01 10:00:00,41,39,143.46,13,3,0
18380,2026-03-01 10:00:00,56,41,85.55,23,0,0
18381,2026-03-01 10:00:00,24,37,166.9,17,4,0
18382,2026-03-01 10:00:00,20,7,98.45,22,6,0
18383,2026-03-01 10:00:00,45,20,78.78,22,2,0
18384,2026-03-01 10:00:00,26,34,119.14,21,3,0
18385,2026-03-01 10:00:00,49,35,117.68,17,1,0
18386,2026-03-01 10:00:00,33,34,124.76,18,4,0
18387,2026-03-01 10:00:00,68,53,104.97,24,1,0
18388,2026-03-01 10:00:00,48,22,145.13,21,2,0
18389,2026-03-01 10:00:00,20,31,66.24,22,2,0
18390,2026-03-01 10:00:00,66,23,103.09,18,3,0
18391,2026-03-01 10:00:00,55,19,124.75,14,2,0
18392,2026-03-01 10:00:00,45,4,97.74,21,2,0
18393,2026-03-01 10:00:00,56,24,144.9,25,2,0
18394,2026-03-01 10:00:00,29,20,153.1,16,0,0
18395,2026-03-01 10:00:00,65,39,133.69,19,3,0
18396,2026-03-01 10:00:00,62,28,80.82,22,1,0
18397,2026-03-01 10:00:00,21,54,65.68,18,2,0
18398,2026-03-01 10:00:00,48,39,115.57,10,1,0
18399,2026-03-01 10:00:00,21,17,115.69,19,2,0
18400,2026-03-01 10:00:00,28,19,185.97,14,0,0
18401,2026-03-01 10:00:00,20,54,105.93,32,2,0
18402,2026-03-01 10:00:00,41,48,126.36,18,2,0
18403,2026-03-01 10:00:00,43,35,114.2,24,2,0
18404,2026-03-01 10:00:00,24,32,80.74,16,3,0
18405,2026-03-01 10:00:00,25,47,115.69,16,4,1
18406,2026-03-01 10:00:00,42,46,169.7,23,0,0
18407,2026-03-01 10:00:00,42,47,88.14,13,0,0
18408,2026-03-01 10:00:00,21,46,140.4,11,3,0
18409,2026-03-01 10:00:00,22,39,166.67,12,3,0
18410,2026-03-01 10:00:00,23,57,102.82,20,3,0
18411,2026-03-01 10:00:00,32,35,116.45,22,2,0
18412,2026-03-01 10:00:00,22,30,111.18,10,2,0
18413,2026-03-01 10:00:00,34,17,214.49,19,2,0
18414,2026-03-01 10:00:00,59,42,128.51,17,3,0
18415,2026-03-01 10:00:00,20,47,114.19,11,2,0
18416,2026-03-01 10:00:00,41,29,123.16,33,3,0
18417,2026-03-01 10:00:00,65,6,158.83,25,2,0
18418,2026-03-01 10:00:00,56,17,114.57,21,1,0
18419,2026-03-01 10:00:00,27,17,120.08,19,2,0
18420,2026-03-01 10:00:00,53,14,78.3,22,0,0
18421,2026-03-01 10:00:00,56,24,29.66,24,1,0
18422,2026-03-01 10:00:00,52,57,67.57,18,1,0
18423,2026-03-01 10:00:00,63,50,160.03,27,1,0
18424,2026-03-01 10:00:00,20,57,106.58,21,1,0
18425,2026-03-01 10:00:00,62,37,96.83,14,0,0
18426,2026-03-01 10:00:00,63,40,141.67,24,1,0
18427,2026-03-01 10:00:00,58,39,147.07,15,1,0
18428,2026-03-01 10:00:00,58,55,162.8,15,2,1
18429,2026-03-01 10:00:00,43,32,121.75,21,5,0
18430,2026-03-01 10:00:00,28,36,146.01,27,2,0
18431,2026-03-01 10:00:00,61,50,90.72,16,1,0
18432,2026-03-01 10:00:00,28,37,164.25,24,2,0
18433,2026-03-01 10:00:00,20,48,150.82,17,3,0
18434,2026-03-01 10:00:00,29,14,138.92,20,2,0
18435,2026-03-01 10:00:00,24,27,142.02,19,1,0
18436,2026-03-01 10:00:00,35,59,191.4,20,3,0
18437,2026-03-01 10:00:00,44,19,187.88,30,2,0
18438,2026-03-01 10:00:00,29,31,153.93,19,2,0
18439,2026-03-01 10:00:00,19,46,197.28,15,5,0
18440,2026-03-01 10:00:00,42,9,102.18,13,3,0
18441,2026-03-01 10:00:00,41,38,74.32,20,0,0
18442,2026-03-01 10:00:00,42,17,132.58,24,2,0
18443,2026-03-01 10:00:00,26,19,110.22,26,2,0
18444,2026-03-01 10:00:00,41,44,106.5,15,2,0
18445,2026-03-01 10:00:00,44,4,90.7,19,2,0
18446,2026-03-01 10:00:00,49,48,153.33,22,2,0
18447,2026-03-01 10:00:00,53,57,102.7,18,5,0
18448,2026-03-01 10:00:00,52,11,149.18,14,4,1
18449,2026-03-01 10:00:00,42,22,158.84,23,1,0
18450,2026-03-01 10:00:00,26,4,132.58,13,2,0
18451,2026-03-01 10:00:00,49,17,130.41,17,4,1
18452,2026-03-01 10:00:00,23,8,130.8,13,3,0
18453,2026-03-01 10:00:00,56,46,141.87,13,4,0
18454,2026-03-01 10:00:00,54,59,157.53,23,3,0
18455,2026-03-01 10:00:00,52,34,100.61,17,1,0
18456,2026-03-01 10:00:00,55,11,135.27,17,2,0
18457,2026-03-01 10:00:00,69,31,91.29,25,2,0
18458,2026-03-01 10:00:00,46,11,73.38,19,2,0
18459,2026-03-01 10:00:00,25,56,55.11,19,1,0
18460,2026-03-01 10:00:00,25,54,45.23,26,1,0
18461,2026-03-01 10:00:00,46,56,91.58,18,1,0
18462,2026-03-01 10:00:00,53,38,21.11,19,3,1
18463,2026-03-01 10:00:00,36,53,145.4,19,1,0
18464,2026-03-01 10:00:00,52,21,86.64,15,3,0
18465,2026-03-01 10:00:00,23,46,134.36,15,7,0
18466,2026-03-01 10:00:00,30,30,144.66,12,0,0
18467,2026-03-01 10:00:00,59,10,136.57,18,1,0
18468,2026-03-01 10:00:00,62,26,86.06,18,1,0
18469,2026-03-01 10:00:00,21,27,117.46,18,3,0
18470,2026-03-01 10:00:00,49,8,184.32,28,1,0
18471,2026-03-01 10:00:00,28,39,119.42,22,0,0
18472,2026-03-01 10:00:00,47,8,101.41,16,2,0
18473,2026-03-01 10:00:00,56,8,100.36,18,1,0
18474,2026-03-01 10:00:00,67,55,127.34,13,3,0
18475,2026-03-01 10:00:00,59,34,154.79,20,2,0
18476,2026-03-01 10:00:00,24,59,104.21,18,4,0
18477,2026-03-01 10:00:00,31,16,117.1,23,2,0
18478,2026-03-01 10:00:00,18,41,192.5,20,2,0
18479,2026-03-01 10:00:00,35,13,117.63,25,2,0
18480,2026-03-01 10:00:00,18,23,70.16,30,3,0
18481,2026-03-01 10:00:00,23,12,128.91,16,0,0
18482,2026-03-01 10:00:00,24,27,88.5,18,3,0
18483,2026-03-01 10:00:00,67,22,143.3,21,7,1
18484,2026-03-01 10:00:00,27,32,170.78,23,3,0
18485,2026-03-01 10:00:00,27,57,20.0,20,3,0
18486,2026-03-01 10:00:00,58,49,98.63,17,0,0
18487,2026-03-01 10:00:00,45,27,95.29,17,3,0
18488,2026-03-01 10:00:00,43,2,106.02,19,1,0
18489,2026-03-01 10:00:00,41,45,169.14,27,0,0
18490,2026-03-01 10:00:00,63,33,128.87,21,0,0
18491,2026-03-01 10:00:00,49,26,88.76,18,1,0
18492,2026-03-01 10:00:00,39,28,51.7,18,3,1
18493,2026-03-01 10:00:00,22,19,112.51,14,2,0
18494,2026-03-01 10:00:00,40,43,191.12,23,1,0
18495,2026-03-01 10:00:00,58,5,74.47,15,7,0
18496,2026-03-01 10:00:00,36,33,122.82,18,1,0
18497,2026-03-01 10:00:00,30,20,138.74,20,1,0
18498,2026-03-01 10:00:00,31,30,121.47,22,3,0
18499,2026-03-01 10:00:00,67,45,80.66,18,0,0
18500,2026-03-01 10:00:00,28,8,100.6,25,1,0
18501,2026-03-01 10:00:00,58,38,199.26,17,2,0
18502,2026-03-01 10:00:00,63,17,20.0,17,3,0
18503,2026-03-01 10:00:00,48,44,33.05,17,1,0
18504,2026-03-01 10:00:00,61,1,149.59,14,1,1
18505,2026-03-01 10:00:00,57,3,142.69,22,2,0
18506,2026-03-01 10:00:00,52,46,135.1,18,4,1
18507,2026-03-01 10:00:00,57,26,91.9,14,0,0
18508,2026-03-01 10:00:00,65,31,143.62,20,1,0
18509,2026-03-01 10:00:00,59,8,71.37,27,4,0
18510,2026-03-01 10:00:00,50,43,147.37,29,5,0
18511,2026-03-01 10:00:00,52,59,121.56,18,2,0
18512,2026-03-01 10:00:00,23,46,132.67,25,2,1
18513,2026-03-01 10:00:00,53,8,196.73,20,3,1
18514,2026-03-01 10:00:00,27,35,83.59,17,0,0
18515,2026-03-01 10:00:00,25,39,150.47,14,1,0
18516,2026-03-01 10:00:00,33,28,127.27,14,1,0
18517,2026-03-01 10:00:00,27,51,185.29,25,3,0
18518,2026-03-01 10:00:00,58,4,123.21,25,2,1
18519,2026-03-01 10:00:00,54,57,94.22,23,1,0
18520,2026-03-01 10:00:00,40,16,121.27,19,4,1
18521,2026-03-01 10:00:00,67,13,33.41,23,3,0
18522,2026-03-01 10:00:00,55,20,112.75,25,1,0
18523,2026-03-01 10:00:00,69,51,180.11,22,1,0
18524,2026-03-01 10:00:00,33,5,124.74,20,2,0
18525,2026-03-01 10:00:00,26,55,83.93,25,1,1
18526,2026-03-01 10:00:00,51,37,131.02,18,2,0
18527,2026-03-01 10:00:00,55,20,114.67,16,2,0
18528,2026-03-01 10:00:00,30,24,100.22,19,3,0
18529,2026-03-01 10:00:00,29,36,126.06,27,2,0
18530,2026-03-01 10:00:00,45,34,151.76,19,0,0
18531,2026-03-01 10:00:00,55,58,160.72,20,3,0
18532,2026-03-01 10:00:00,47,45,148.33,19,0,0
18533,2026-03-01 10:00:00,47,48,44.22,23,2,1
18534,2026-03-01 10:00:00,56,54,171.59,20,0,0
18535,2026-03-01 10:00:00,67,34,181.37,20,2,0
18536,2026-03-01 10:00:00,36,19,79.9,28,1,0
18537,2026-03-01 10:00:00,26,17,141.55,13,2,0
18538,2026-03-01 10:00:00,20,5,72.28,10,1,1
18539,2026-03-01 10:00:00,20,25,85.47,14,0,0
18540,2026-03-01 10:00:00,53,18,107.62,17,1,0
18541,2026-03-01 10:00:00,28,55,116.78,20,1,0
18542,2026-03-01 10:00:00,48,53,123.14,17,0,0
18543,2026-03-01 10:00:00,38,50,48.0,19,3,0
18544,2026-03-01 10:00:00,62,8,121.92,26,0,0
18545,2026-03-01 10:00:00,65,27,125.05,20,3,0
18546,2026-03-01 10:00:00,69,15,140.15,17,0,0
18547,2026-03-01 10:00:00,44,45,146.68,28,0,0
18548,2026-03-01 10:00:00,56,13,205.28,26,4,1
18549,2026-03-01 10:00:00,45,16,107.58,20,2,0
18550,2026-03-01 10:00:00,45,22,144.97,23,0,0
18551,2026-03-01 10:00:00,53,20,61.53,22,1,0
18552,2026-03-01 10:00:00,63,13,134.49,12,3,0
18553,2026-03-01 10:00:00,26,20,116.57,23,2,0
18554,2026-03-01 10:00:00,18,2,63.81,16,0,0
18555,2026-03-01 10:00:00,39,35,157.34,21,2,0
18556,2026-03-01 10:00:00,40,47,86.03,23,0,0
18557,2026-03-01 10:00:00,35,55,92.73,18,5,0
18558,2026-03-01 10:00:00,52,19,127.7,25,4,1
18559,2026-03-01 10:00:00,55,45,161.18,16,2,0
18560,2026-03-01 10:00:00,47,37,60.65,12,0,0
18561,2026-03-01 10:00:00,26,58,146.91,16,1,0
18562,2026-03-01 10:00:00,30,54,92.59,16,2,0
18563,2026-03-01 10:00:00,51,6,129.74,22,2,0
18564,2026-03-01 10:00:00,18,14,101.71,25,1,0
18565,2026-03-01 10:00:00,31,4,92.65,16,3,1
18566,2026-03-01 10:00:00,18,22,141.77,24,0,0
18567,2026-03-01 10:00:00,44,51,163.21,16,2,0
18568,2026-03-01 10:00:00,24,55,119.64,14,2,0
18569,2026-03-01 10:00:00,25,39,81.42,21,0,0
18570,2026-03-01 10:00:00,33,36,100.6,26,3,0
18571,2026-03-01 10:00:00,40,34,54.48,14,4,1
18572,2026-03-01 10:00:00,47,27,174.37,17,0,0
18573,2026-03-01 10:00:00,26,7,120.87,23,1,1
18574,2026-03-01 10:00:00,60,3,134.82,25,2,0
18575,2026-03-01 10:00:00,37,47,147.19,24,3,0
18576,2026-03-01 10:00:00,50,33,103.58,14,1,0
18577,2026-03-01 10:00:00,45,2,138.56,14,1,0
18578,2026-03-01 10:00:00,68,42,223.88,23,0,0
18579,2026-03-01 10:00:00,50,16,107.88,25,2,0
18580,2026-03-01 10:00:00,43,25,67.77,27,1,0
18581,2026-03-01 10:00:00,50,15,155.92,20,2,0
18582,2026-03-01 10:00:00,30,24,141.3,27,2,0
18583,2026-03-01 10:00:00,55,15,125.39,23,4,0
18584,2026-03-01 10:00:00,44,31,160.17,14,0,0
18585,2026-03-01 10:00:00,48,14,149.08,19,2,0
18586,2026-03-01 10:00:00,37,54,136.19,24,4,0
18587,2026-03-01 10:00:00,32,14,114.17,20,3,0
18588,2026-03-01 10:00:00,22,6,137.93,19,2,0
18589,2026-03-01 10:00:00,43,14,136.82,16,1,0
18590,2026-03-01 10:00:00,24,17,166.96,10,1,0
18591,2026-03-01 10:00:00,35,18,104.9,19,3,0
18592,2026-03-01 10:00:00,39,20,130.62,20,4,1
18593,2026-03-01 10:00:00,64,51,130.37,28,3,0
18594,2026-03-01 10:00:00,69,17,139.22,15,1,0
18595,2026-03-01 10:00:00,65,16,152.68,16,1,0
18596,2026-03-01 10:00:00,48,40,74.53,20,5,0
18597,2026-03-01 10:00:00,39,39,146.34,15,3,0
18598,2026-03-01 10:00:00,64,52,199.56,20,3,0
18599,2026-03-01 10:00:00,60,32,123.45,23,1,0
18600,2026-03-01 10:00:00,30,44,67.22,16,5,1
18601,2026-03-01 10:00:00,18,9,151.18,19,2,0
18602,2026-03-01 10:00:00,31,27,203.15,26,2,0
18603,2026-03-01 10:00:00,66,46,169.69,19,1,0
18604,2026-03-01 10:00:00,19,52,79.28,24,2,1
18605,2026-03-01 10:00:00,24,33,69.52,21,0,0
18606,2026-03-01 10:00:00,65,10,146.31,23,4,1
18607,2026-03-01 10:00:00,69,17,98.64,22,1,1
18608,2026-03-01 10:00:00,48,49,28.21,22,1,0
18609,2026-03-01 10:00:00,64,49,87.06,18,1,0
18610,2026-03-01 10:00:00,32,36,112.03,23,5,1
18611,2026-03-01 10:00:00,26,17,84.25,23,1,0
18612,2026-03-01 10:00:00,64,18,188.19,18,1,0
18613,2026-03-01 10:00:00,49,52,151.91,19,2,0
18614,2026-03-01 10:00:00,63,23,100.78,15,1,0
18615,2026-03-01 10:00:00,19,34,102.89,26,0,0
18616,2026-03-01 10:00:00,66,8,89.76,19,0,0
18617,2026-03-01 10:00:00,24,13,76.56,11,3,0
18618,2026-03-01 10:00:00,57,23,109.74,18,1,0
18619,2026-03-01 10:00:00,35,57,155.43,20,3,0
18620,2026-03-01 10:00:00,44,54,113.49,30,0,0
18621,2026-03-01 10:00:00,35,20,84.14,20,0,0
18622,2026-03-01 10:00:00,51,22,83.72,22,4,1
18623,2026-03-01 10:00:00,26,47,189.01,20,1,0
18624,2026-03-01 10:00:00,22,52,156.93,20,2,0
18625,2026-03-01 10:00:00,30,23,90.3,23,7,0
18626,2026-03-01 10:00:00,52,41,126.66,25,4,0
18627,2026-03-01 10:00:00,21,35,134.16,33,1,0
18628,2026-03-01 10:00:00,55,3,143.02,27,2,1
18629,2026-03-01 10:00:00,37,34,57.83,24,4,1
18630,2026-03-01 10:00:00,63,33,204.2,18,1,0
18631,2026-03-01 10:00:00,45,46,149.28,23,2,0
18632,2026-03-01 10:00:00,55,17,64.6,24,1,0
18633,2026-03-01 10:00:00,56,45,135.92,25,2,0
18634,2026-03-01 10:00:00,46,19,60.33,21,0,1
18635,2026-03-01 10:00:00,47,30,109.81,22,1,0
18636,2026-03-01 10:00:00,24,23,188.84,27,3,0
18637,2026-03-01 10:00:00,55,15,78.87,21,0,0
18638,2026-03-01 10:00:00,30,59,68.68,19,1,0
18639,2026-03-01 10:00:00,56,57,111.36,22,2,0
18640,2026-03-01 10:00:00,64,14,134.74,26,4,1
18641,2026-03-01 10:00:00,41,2,121.71,17,3,0
18642,2026-03-01 10:00:00,47,39,216.79,15,0,0
18643,2026-03-01 10:00:00,51,49,145.86,24,1,0
18644,2026-03-01 10:00:00,33,18,107.97,16,1,0
18645,2026-03-01 10:00:00,58,6,127.99,19,3,0
18646,2026-03-01 10:00:00,40,59,170.59,18,1,0
18647,2026-03-01 10:00:00,26,32,187.95,19,1,0
18648,2026-03-01 10:00:00,66,21,84.27,19,4,0
18649,2026-03-01 10:00:00,65,40,121.15,21,6,1
18650,2026-03-01 10:00:00,60,28,159.99,25,2,0
18651,2026-03-01 10:00:00,42,27,104.26,28,1,0
18652,2026-03-01 10:00:00,65,2,95.45,14,1,0
18653,2026-03-01 10:00:00,29,33,145.29,25,1,0
18654,2026-03-01 10:00:00,63,16,75.65,15,2,0
18655,2026-03-01 10:00:00,27,39,180.11,23,1,0
18656,2026-03-01 10:00:00,31,22,161.4,22,2,0
18657,2026-03-01 10:00:00,47,56,116.55,10,1,0
18658,2026-03-01 10:00:00,22,43,110.43,29,1,0
18659,2026-03-01 10:00:00,65,47,155.87,22,5,0
18660,2026-03-01 10:00:00,33,13,117.14,17,0,0
18661,2026-03-01 10:00:00,23,56,156.73,21,1,0
18662,2026-03-01 10:00:00,59,2,178.1,18,2,1
18663,2026-03-01 10:00:00,30,14,104.21,16,1,0
18664,2026-03-01 10:00:00,47,56,92.14,17,3,0
18665,2026-03-01 10:00:00,47,38,48.15,17,3,1
18666,2026-03-01 10:00:00,48,41,98.1,22,1,0
18667,2026-03-01 10:00:00,68,28,151.97,15,2,0
18668,2026-03-01 10:00:00,43,7,115.25,25,2,0
18669,2026-03-01 10:00:00,31,18,137.15,17,1,0
18670,2026-03-01 10:00:00,46,56,217.89,17,1,0
18671,2026-03-01 10:00:00,64,41,181.1,30,1,0
18672,2026-03-01 10:00:00,34,55,128.43,20,2,0
18673,2026-03-01 10:00:00,42,36,72.03,20,3,0
18674,2026-03-01 10:00:00,52,41,177.93,16,1,0
18675,2026-03-01 10:00:00,59,36,92.35,15,1,0
18676,2026-03-01 10:00:00,52,44,125.8,26,3,0
18677,2026-03-01 10:00:00,28,4,86.58,21,2,0
18678,2026-03-01 10:00:00,69,57,152.46,22,0,0
18679,2026-03-01 10:00:00,45,30,93.61,18,2,1
18680,2026-03-01 10:00:00,22,24,114.69,16,0,0
18681,2026-03-01 10:00:00,41,20,103.48,20,1,0
18682,2026-03-01 10:00:00,57,46,150.3,13,4,0
18683,2026-03-01 10:00:00,18,56,132.19,19,1,0
18684,2026-03-01 10:00:00,43,31,121.17,16,1,0
18685,2026-03-01 10:00:00,64,24,123.67,18,0,0
18686,2026-03-01 10:00:00,45,7,116.93,24,0,0
18687,2026-03-01 10:00:00,25,26,99.09,18,1,0
18688,2026-03-01 10:00:00,38,13,106.9,22,1,0
18689,2026-03-01 10:00:00,52,54,139.26,17,4,0
18690,2026-03-01 10:00:00,59,8,100.47,20,3,0
18691,2026-03-01 10:00:00,54,55,61.43,18,0,0
18692,2026-03-01 10:00:00,22,5,89.17,19,2,0
18693,2026-03-01 10:00:00,63,44,118.28,23,2,0
18694,2026-03-01 10:00:00,50,13,109.16,23,0,0
18695,2026-03-01 10:00:00,44,29,200.57,23,1,0
18696,2026-03-01 10:00:00,30,20,113.37,18,3,0
18697,2026-03-01 10:00:00,58,14,144.87,26,2,0
18698,2026-03-01 10:00:00,38,32,101.65,20,3,1
18699,2026-03-01 10:00:00,67,50,202.08,17,0,0
18700,2026-03-01 10:00:00,19,27,110.19,21,3,0
18701,2026-03-01 10:00:00,24,56,86.64,21,2,0
18702,2026-03-01 10:00:00,38,25,117.46,16,0,1
18703,2026-03-01 10:00:00,69,52,195.74,26,3,0
18704,2026-03-01 10:00:00,51,4,103.07,18,3,0
18705,2026-03-01 10:00:00,61,21,137.68,21,0,0
18706,2026-03-01 10:00:00,53,18,161.26,24,2,0
18707,2026-03-01 10:00:00,63,39,74.77,15,1,0
18708,2026-03-01 10:00:00,21,15,142.76,21,3,0
18709,2026-03-01 10:00:00,58,53,132.6,22,4,1
18710,2026-03-01 10:00:00,47,38,99.03,25,2,0
18711,2026-03-01 10:00:00,56,48,185.67,17,2,0
18712,2026-03-01 10:00:00,62,52,138.54,21,2,0
18713,2026-03-01 10:00:00,41,24,111.62,22,0,1
18714,2026-03-01 10:00:00,50,8,121.42,21,3,0
18715,2026-03-01 10:00:00,40,28,152.82,17,4,1
18716,2026-03-01 10:00:00,51,21,180.22,24,1,0
18717,2026-03-01 10:00:00,29,16,147.62,22,3,0
18718,2026-03-01 10:00:00,41,54,98.75,11,1,0
18719,2026-03-01 10:00:00,38,16,110.67,12,2,0
18720,2026-03-01 10:00:00,53,35,114.82,22,2,0
18721,2026-03-01 10:00:00,22,17,76.69,20,0,0
18722,2026-03-01 10:00:00,60,9,168.08,24,3,0
18723,2026-03-01 10:00:00,66,57,105.57,22,1,0
18724,2026-03-01 10:00:00,54,35,104.99,15,0,0
18725,2026-03-01 10:00:00,63,52,114.21,24,0,0
18726,2026-03-01 10:00:00,64,29,48.65,18,1,0
18727,2026-03-01 10:00:00,59,39,200.22,21,1,0
18728,2026-03-01 10:00:00,38,18,110.79,21,3,0
18729,2026-03-01 10:00:00,22,12,174.53,22,2,0
18730,2026-03-01 10:00:00,20,19,122.11,21,1,0
18731,2026-03-01 10:00:00,22,48,125.81,12,2,0
18732,2026-03-01 10:00:00,33,22,161.9,17,3,0
18733,2026-03-01 10:00:00,37,59,77.49,20,3,0
18734,2026-03-01 10:00:00,39,56,142.27,15,1,0
18735,2026-03-01 10:00:00,36,49,91.52,16,4,0
18736,2026-03-01 10:00:00,20,52,122.17,15,4,1
18737,2026-03-01 10:00:00,59,15,150.81,19,4,0
18738,2026-03-01 10:00:00,30,1,118.73,14,3,0
18739,2026-03-01 10:00:00,45,2,58.32,17,0,0
18740,2026-03-01 10:00:00,55,8,78.3,13,3,0
18741,2026-03-01 10:00:00,22,22,45.52,21,4,0
18742,2026-03-01 10:00:00,57,25,147.58,18,1,0
18743,2026-03-01 10:00:00,57,2,193.12,24,4,0
18744,2026-03-01 10:00:00,26,51,136.23,18,2,0
18745,2026-03-01 10:00:00,65,9,100.12,21,8,0
18746,2026-03-01 10:00:00,57,9,129.27,25,1,0
18747,2026-03-01 10:00:00,54,13,122.23,11,2,0
18748,2026-03-01 10:00:00,28,6,137.92,26,4,1
18749,2026-03-01 10:00:00,47,30,78.3,25,2,0
18750,2026-03-01 10:00:00,46,15,121.72,20,2,0
18751,2026-03-01 10:00:00,57,51,105.0,15,4,0
18752,2026-03-01 10:00:00,54,53,121.85,26,2,0
18753,2026-03-01 10:00:00,52,15,123.88,27,2,0
18754,2026-03-01 10:00:00,57,50,178.68,23,0,0
18755,2026-03-01 10:00:00,40,7,112.31,15,2,0
18756,2026-03-01 10:00:00,58,58,192.49,19,1,0
18757,2026-03-01 10:00:00,40,11,134.12,23,1,1
18758,2026-03-01 10:00:00,21,40,186.04,19,2,0
18759,2026-03-01 10:00:00,31,38,30.92,22,1,0
18760,2026-03-01 10:00:00,18,40,143.13,16,2,0
18761,2026-03-01 10:00:00,36,2,158.48,15,3,0
18762,2026-03-01 10:00:00,65,51,89.0,20,2,0
18763,2026-03-01 10:00:00,30,48,142.24,20,4,0
18764,2026-03-01 10:00:00,45,39,131.67,26,3,0
18765,2026-03-01 10:00:00,27,10,170.83,20,3,0
18766,2026-03-01 10:00:00,44,44,65.98,28,5,0
18767,2026-03-01 10:00:00,53,17,98.84,17,2,0
18768,2026-03-01 10:00:00,58,7,135.38,21,2,0
18769,2026-03-01 10:00:00,61,54,123.52,27,4,1
18770,2026-03-01 10:00:00,37,40,130.91,15,2,0
18771,2026-03-01 10:00:00,41,39,121.65,26,3,0
18772,2026-03-01 10:00:00,53,4,105.21,25,2,0
18773,2026-03-01 10:00:00,40,35,95.39,25,1,0
18774,2026-03-01 10:00:00,31,51,89.76,20,1,0
18775,2026-03-01 10:00:00,23,47,114.57,16,2,0
18776,2026-03-01 10:00:00,43,36,91.64,18,4,1
18777,2026-03-01 10:00:00,67,31,149.09,23,1,0
18778,2026-03-01 10:00:00,37,25,99.65,28,2,0
18779,2026-03-01 10:00:00,44,41,82.39,19,4,1
18780,2026-03-01 10:00:00,30,13,114.97,21,2,0
18781,2026-03-01 10:00:00,39,18,142.86,21,1,0
18782,2026-03-01 10:00:00,64,21,123.05,23,1,0
18783,2026-03-01 10:00:00,50,48,143.69,20,0,0
18784,2026-03-01 10:00:00,69,1,101.2,14,2,0
18785,2026-03-01 10:00:00,33,36,147.67,26,0,0
18786,2026-03-01 10:00:00,30,50,150.19,19,2,1
18787,2026-03-01 10:00:00,21,8,149.33,13,3,0
18788,2026-03-01 10:00:00,64,52,62.8,20,0,0
18789,2026-03-01 10:00:00,54,48,118.64,20,4,0
18790,2026-03-01 10:00:00,53,21,85.46,27,1,0
18791,2026-03-01 10:00:00,33,43,120.93,18,1,0
18792,2026-03-01 10:00:00,44,52,153.37,16,3,0
18793,2026-03-01 10:00:00,19,53,109.84,12,1,0
18794,2026-03-01 10:00:00,42,53,132.5,20,2,0
18795,2026-03-01 10:00:00,69,21,130.4,30,2,0
18796,2026-03-01 10:00:00,43,27,126.63,22,1,0
18797,2026-03-01 10:00:00,29,19,48.1,22,1,0
18798,2026-03-01 10:00:00,34,23,116.38,17,1,0
18799,2026-03-01 10:00:00,43,51,154.71,15,2,0
18800,2026-03-01 10:00:00,56,50,113.43,22,3,0
18801,2026-03-01 10:00:00,35,51,118.96,22,0,0
18802,2026-03-01 10:00:00,45,43,145.45,21,4,1
18803,2026-03-01 10:00:00,47,35,171.77,27,2,0
18804,2026-03-01 10:00:00,36,40,147.09,16,1,0
18805,2026-03-01 10:00:00,35,52,163.08,19,2,0
18806,2026-03-01 10:00:00,55,51,103.44,19,0,1
18807,2026-03-01 10:00:00,48,42,122.94,15,3,0
18808,2026-03-01 10:00:00,20,48,124.74,15,0,0
18809,2026-03-01 10:00:00,27,5,160.54,9,0,1
18810,2026-03-01 10:00:00,34,52,90.52,18,2,0
18811,2026-03-01 10:00:00,24,41,109.28,18,4,1
18812,2026-03-01 10:00:00,69,8,162.67,15,3,0
18813,2026-03-01 10:00:00,58,11,134.19,19,2,0
18814,2026-03-01 10:00:00,51,16,98.32,21,1,0
18815,2026-03-01 10:00:00,40,39,195.29,28,0,0
18816,2026-03-01 10:00:00,25,47,80.16,19,2,0
18817,2026-03-01 10:00:00,66,24,120.36,19,1,0
18818,2026-03-01 10:00:00,38,21,168.07,25,2,0
18819,2026-03-01 10:00:00,59,52,185.85,15,1,0
18820,2026-03-01 10:00:00,31,23,150.23,23,1,0
18821,2026-03-01 10:00:00,67,49,125.2,21,2,0
18822,2026-03-01 10:00:00,58,38,157.34,24,0,0
18823,2026-03-01 10:00:00,43,47,105.35,25,2,0
18824,2026-03-01 10:00:00,52,8,63.09,25,2,0
18825,2026-03-01 10:00:00,37,7,135.29,20,2,0
18826,2026-03-01 10:00:00,38,2,114.29,24,2,0
18827,2026-03-01 10:00:00,53,30,116.72,13,3,0
18828,2026-03-01 10:00:00,55,13,82.36,19,1,0
18829,2026-03-01 10:00:00,18,23,120.12,26,4,1
18830,2026-03-01 10:00:00,23,29,132.49,13,2,0
18831,2026-03-01 10:00:00,68,38,196.19,21,3,0
18832,2026-03-01 10:00:00,29,37,90.07,27,3,0
18833,2026-03-01 10:00:00,42,20,141.93,18,2,0
18834,2026-03-01 10:00:00,46,33,102.61,27,3,0
18835,2026-03-01 10:00:00,32,29,20.0,19,4,0
18836,2026-03-01 10:00:00,28,50,92.08,16,3,0
18837,2026-03-01 10:00:00,32,15,191.21,14,4,0
18838,2026-03-01 10:00:00,49,23,90.66,19,1,0
18839,2026-03-01 10:00:00,52,42,126.55,16,1,0
18840,2026-03-01 10:00:00,54,3,205.69,17,2,0
18841,2026-03-01 10:00:00,18,37,160.78,25,2,0
18842,2026-03-01 10:00:00,60,56,130.71,29,2,0
18843,2026-03-01 10:00:00,31,29,123.92,17,3,0
18844,2026-03-01 10:00:00,23,45,175.5,17,4,1
18845,2026-03-01 10:00:00,33,8,117.25,21,3,0
18846,2026-03-01 10:00:00,50,22,150.04,19,2,0
18847,2026-03-01 10:00:00,62,53,85.54,23,1,0
18848,2026-03-01 10:00:00,38,29,100.71,19,0,1
18849,2026-03-01 10:00:00,39,2,148.13,24,0,1
18850,2026-03-01 10:00:00,29,41,76.19,17,2,0
18851,2026-03-01 10:00:00,19,49,78.38,20,7,1
18852,2026-03-01 10:00:00,26,59,128.66,21,0,1
18853,2026-03-01 10:00:00,60,50,71.76,21,2,0
18854,2026-03-01 10:00:00,41,45,116.94,17,1,0
18855,2026-03-01 10:00:00,55,1,61.83,16,0,1
18856,2026-03-01 10:00:00,59,44,98.43,19,4,0
18857,2026-03-01 10:00:00,63,20,165.16,17,5,1
18858,2026-03-01 10:00:00,69,52,118.59,17,2,0
18859,2026-03-01 10:00:00,28,21,67.64,28,4,1
18860,2026-03-01 10:00:00,51,37,119.82,20,1,0
18861,2026-03-01 10:00:00,42,8,153.83,21,0,0
18862,2026-03-01 10:00:00,34,27,135.41,15,3,0
18863,2026-03-01 10:00:00,61,47,159.5,18,5,1
18864,2026-03-01 10:00:00,44,59,117.86,21,1,0
18865,2026-03-01 10:00:00,25,35,104.35,11,1,0
18866,2026-03-01 10:00:00,23,6,131.05,21,2,0
18867,2026-03-01 10:00:00,23,45,146.1,25,4,0
18868,2026-03-01 10:00:00,33,44,113.08,21,2,1
18869,2026-03-01 10:00:00,51,19,146.34,16,2,0
18870,2026-03-01 10:00:00,39,18,115.66,20,1,0
18871,2026-03-01 10:00:00,29,56,82.84,26,0,0
18872,2026-03-01 10:00:00,38,1,112.85,16,2,0
18873,2026-03-01 10:00:00,24,25,129.14,29,1,0
18874,2026-03-01 10:00:00,24,27,118.49,24,0,0
18875,2026-03-01 10:00:00,52,7,85.17,20,1,0
18876,2026-03-01 10:00:00,45,44,103.92,32,2,0
18877,2026-03-01 10:00:00,65,42,78.92,20,3,0
18878,2026-03-01 10:00:00,40,29,126.64,23,0,0
18879,2026-03-01 10:00:00,60,31,150.19,17,2,0
18880,2026-03-01 10:00:00,31,44,133.73,26,2,0
18881,2026-03-01 10:00:00,38,43,57.27,18,5,1
18882,2026-03-01 10:00:00,19,36,125.42,21,2,0
18883,2026-03-01 10:00:00,42,19,81.05,18,1,0
18884,2026-03-01 10:00:00,61,6,58.81,22,4,0
18885,2026-03-01 10:00:00,18,25,196.57,19,2,0
18886,2026-03-01 10:00:00,18,31,139.09,16,0,0
18887,2026-03-01 10:00:00,37,9,77.91,20,3,0
18888,2026-03-01 10:00:00,31,20,125.71,10,2,0
18889,2026-03-01 10:00:00,59,10,131.41,20,5,1
18890,2026-03-01 10:00:00,18,37,101.26,14,3,0
18891,2026-03-01 10:00:00,67,27,133.25,12,4,1
18892,2026-03-01 10:00:00,65,13,134.77,26,4,1
18893,2026-03-01 10:00:00,51,41,59.79,24,4,0
18894,2026-03-01 10:00:00,59,2,33.91,17,3,1
18895,2026-03-01 10:00:00,28,50,79.11,22,2,0
18896,2026-03-01 10:00:00,38,21,92.11,21,3,0
18897,2026-03-01 10:00:00,64,33,142.62,20,0,0
18898,2026-03-01 10:00:00,30,24,167.86,20,0,0
18899,2026-03-01 10:00:00,42,53,137.16,19,0,1
18900,2026-03-01 10:00:00,44,44,89.3,14,1,1
18901,2026-03-01 10:00:00,40,42,105.31,32,2,0
18902,2026-03-01 10:00:00,29,34,68.3,10,4,1
18903,2026-03-01 10:00:00,47,9,111.28,10,1,0
18904,2026-03-01 10:00:00,29,2,117.65,25,1,0
18905,2026-03-01 10:00:00,23,55,196.33,18,1,0
18906,2026-03-01 10:00:00,42,56,96.81,22,1,0
18907,2026-03-01 10:00:00,42,30,148.44,12,2,0
18908,2026-03-01 10:00:00,47,22,130.37,18,4,0
18909,2026-03-01 10:00:00,56,46,72.09,17,1,0
18910,2026-03-01 10:00:00,32,11,111.88,23,2,0
18911,2026-03-01 10:00:00,29,55,80.86,20,6,0
18912,2026-03-01 10:00:00,28,43,182.19,22,3,0
18913,2026-03-01 10:00:00,62,17,137.36,22,1,0
18914,2026-03-01 10:00:00,37,36,75.6,17,2,0
18915,2026-03-01 10:00:00,48,13,155.93,22,4,0
18916,2026-03-01 10:00:00,22,7,164.36,22,1,0
18917,2026-03-01 10:00:00,23,16,173.47,29,2,0
18918,2026-03-01 10:00:00,52,33,138.48,14,1,0
18919,2026-03-01 10:00:00,61,45,120.3,18,3,0
18920,2026-03-01 10:00:00,38,1,129.8,19,0,1
18921,2026-03-01 10:00:00,63,11,123.29,12,5,1
18922,2026-03-01 10:00:00,24,6,136.5,12,1,0
18923,2026-03-01 10:00:00,33,20,79.35,22,2,0
18924,2026-03-01 10:00:00,19,35,161.96,25,4,0
18925,2026-03-01 10:00:00,24,44,107.91,21,2,0
18926,2026-03-01 10:00:00,53,37,159.15,19,2,0
18927,2026-03-01 10:00:00,69,41,105.29,17,2,0
18928,2026-03-01 10:00:00,66,26,145.87,22,2,0
18929,2026-03-01 10:00:00,45,58,174.98,18,0,0
18930,2026-03-01 10:00:00,29,12,137.79,18,2,0
18931,2026-03-01 10:00:00,49,30,146.14,21,1,0
18932,2026-03-01 10:00:00,22,28,145.69,27,2,0
18933,2026-03-01 10:00:00,35,27,98.86,20,1,0
18934,2026-03-01 10:00:00,31,42,71.88,21,1,0
18935,2026-03-01 10:00:00,67,19,190.73,26,2,0
18936,2026-03-01 10:00:00,23,5,125.04,23,4,1
18937,2026-03-01 10:00:00,41,58,167.01,15,4,0
18938,2026-03-01 10:00:00,46,5,167.67,23,1,1
18939,2026-03-01 10:00:00,55,41,82.54,21,3,0
18940,2026-03-01 10:00:00,18,27,69.91,15,4,0
18941,2026-03-01 10:00:00,20,28,132.46,19,2,1
18942,2026-03-01 10:00:00,50,26,110.35,26,3,0
18943,2026-03-01 10:00:00,45,27,81.14,20,0,0
18944,2026-03-01 10:00:00,53,52,21.7,15,4,1
18945,2026-03-01 10:00:00,60,49,143.41,20,1,0
18946,2026-03-01 10:00:00,69,42,106.7,18,1,0
18947,2026-03-01 10:00:00,65,21,201.14,17,0,0
18948,2026-03-01 10:00:00,43,1,145.37,15,2,0
18949,2026-03-01 10:00:00,44,54,131.52,19,2,1
18950,2026-03-01 10:00:00,37,28,118.32,24,1,0
18951,2026-03-01 10:00:00,38,48,76.46,17,3,0
18952,2026-03-01 10:00:00,20,58,173.65,18,2,0
18953,2026-03-01 10:00:00,31,58,162.14,27,0,0
18954,2026-03-01 10:00:00,27,15,128.09,16,3,0
18955,2026-03-01 10:00:00,56,55,34.32,24,1,0
18956,2026-03-01 10:00:00,34,17,152.58,21,0,1
18957,2026-03-01 10:00:00,43,26,20.0,24,4,0
18958,2026-03-01 10:00:00,26,20,68.11,21,1,0
18959,2026-03-01 10:00:00,49,25,139.01,15,2,0
18960,2026-03-01 10:00:00,51,13,101.62,24,1,0
18961,2026-03-01 10:00:00,25,33,159.32,15,2,0
18962,2026-03-01 10:00:00,50,25,101.75,23,2,0
18963,2026-03-01 10:00:00,21,8,97.57,24,3,0
18964,2026-03-01 10:00:00,63,5,76.36,16,1,0
18965,2026-03-01 10:00:00,59,6,64.7,16,2,0
18966,2026-03-01 10:00:00,33,23,167.02,25,1,0
18967,2026-03-01 10:00:00,40,52,153.07,22,3,0
18968,2026-03-01 10:00:00,66,30,116.14,24,0,0
18969,2026-03-01 10:00:00,43,14,74.29,21,1,0
18970,2026-03-01 10:00:00,67,54,95.9,22,3,0
18971,2026-03-01 10:00:00,32,23,59.99,15,2,0
18972,2026-03-01 10:00:00,29,11,122.31,19,4,1
18973,2026-03-01 10:00:00,32,31,152.62,22,1,0
18974,2026-03-01 10:00:00,60,6,87.92,22,3,0
18975,2026-03-01 10:00:00,28,11,62.58,22,4,1
18976,2026-03-01 10:00:00,32,13,107.36,24,3,0
18977,2026-03-01 10:00:00,29,12,82.83,14,1,0
18978,2026-03-01 10:00:00,68,54,95.5,14,1,0
18979,2026-03-01 10:00:00,37,2,151.84,16,3,0
18980,2026-03-01 10:00:00,28,53,86.6,20,1,0
18981,2026-03-01 10:00:00,27,35,119.42,22,2,0
18982,2026-03-01 10:00:00,42,55,123.04,26,2,0
18983,2026-03-01 10:00:00,28,36,126.3,16,0,0
18984,2026-03-01 10:00:00,46,17,93.49,15,3,0
18985,2026-03-01 10:00:00,47,28,127.74,24,1,0
18986,2026-03-01 10:00:00,42,28,103.07,20,4,0
18987,2026-03-01 10:00:00,29,22,88.53,18,1,0
18988,2026-03-01 10:00:00,49,38,138.22,20,3,0
18989,2026-03-01 10:00:00,64,7,88.42,29,1,0
18990,2026-03-01 10:00:00,18,15,154.8,22,1,0
18991,2026-03-01 10:00:00,65,32,96.18,23,0,0
18992,2026-03-01 10:00:00,68,11,113.51,23,1,0
18993,2026-03-01 10:00:00,40,24,49.27,19,3,0
18994,2026-03-01 10:00:00,29,3,95.16,20,3,0
18995,2026-03-01 10:00:00,47,30,65.95,14,0,0
18996,2026-03-01 10:00:00,44,6,152.35,25,2,0
18997,2026-03-01 10:00:00,19,58,59.8,25,4,1
18998,2026-03-01 10:00:00,43,2,155.95,18,3,0
18999,2026-03-01 10:00:00,54,14,151.15,25,1,0
19000,2026-03-01 10:00:00,67,41,85.99,24,3,0
19001,2026-03-01 10:00:00,52,18,79.64,15,1,0
19002,2026-03-01 10:00:00,29,51,93.19,21,3,0
19003,2026-03-01 10:00:00,24,44,88.02,24,1,0
19004,2026-03-01 10:00:00,32,31,118.45,14,2,0
19005,2026-03-01 10:00:00,66,13,98.78,23,1,0
19006,2026-03-01 10:00:00,55,26,121.44,15,1,0
19007,2026-03-01 10:00:00,28,44,108.87,23,2,0
19008,2026-03-01 10:00:00,32,12,168.43,22,1,0
19009,2026-03-01 10:00:00,55,18,147.17,24,3,0
19010,2026-03-01 10:00:00,68,9,90.62,15,3,0
19011,2026-03-01 10:00:00,25,49,140.36,21,1,0
19012,2026-03-01 10:00:00,40,21,85.2,29,1,0
19013,2026-03-01 10:00:00,30,48,78.71,17,3,0
19014,2026-03-01 10:00:00,32,49,136.99,10,1,0
19015,2026-03-01 10:00:00,33,53,165.13,21,0,0
19016,2026-03-01 10:00:00,64,56,146.28,25,1,0
19017,2026-03-01 10:00:00,34,40,140.23,26,4,1
19018,2026-03-01 10:00:00,37,43,174.25,21,2,0
19019,2026-03-01 10:00:00,61,24,133.94,21,4,0
19020,2026-03-01 10:00:00,60,34,113.55,16,3,0
19021,2026-03-01 10:00:00,49,8,124.4,22,2,0
19022,2026-03-01 10:00:00,59,44,84.01,25,2,0
19023,2026-03-01 10:00:00,54,53,114.03,14,2,0
19024,2026-03-01 10:00:00,27,33,157.91,15,2,0
19025,2026-03-01 10:00:00,19,23,105.95,14,0,0
19026,2026-03-01 10:00:00,60,13,150.25,26,4,0
19027,2026-03-01 10:00:00,42,54,203.88,22,1,0
19028,2026-03-01 10:00:00,26,53,69.56,16,3,0
19029,2026-03-01 10:00:00,66,49,73.85,16,0,0
19030,2026-03-01 10:00:00,66,14,184.97,26,1,0
19031,2026-03-01 10:00:00,47,14,210.19,17,1,0
19032,2026-03-01 10:00:00,64,16,87.93,22,3,0
19033,2026-03-01 10:00:00,23,49,104.14,19,1,0
19034,2026-03-01 10:00:00,24,38,158.88,28,4,0
19035,2026-03-01 10:00:00,44,58,182.03,21,3,0
19036,2026-03-01 10:00:00,63,39,134.27,13,1,0
19037,2026-03-01 10:00:00,22,26,126.01,20,0,0
19038,2026-03-01 10:00:00,67,26,61.05,12,0,0
19039,2026-03-01 10:00:00,33,1,99.31,14,1,1
19040,2026-03-01 10:00:00,61,32,92.86,22,2,0
19041,2026-03-01 10:00:00,42,57,115.7,21,2,0
19042,2026-03-01 10:00:00,34,15,162.83,16,1,0
19043,2026-03-01 10:00:00,61,52,142.49,18,2,0
19044,2026-03-01 10:00:00,49,21,110.86,16,3,0
19045,2026-03-01 10:00:00,30,18,77.49,13,1,0
19046,2026-03-01 10:00:00,45,30,136.41,18,5,1
19047,2026-03-01 10:00:00,35,58,96.46,19,1,0
19048,2026-03-01 10:00:00,47,13,158.57,25,3,0
19049,2026-03-01 10:00:00,24,24,124.41,10,3,0
19050,2026-03-01 10:00:00,22,30,164.9,19,1,0
19051,2026-03-01 10:00:00,53,2,164.14,17,3,0
19052,2026-03-01 10:00:00,33,19,160.24,17,0,0
19053,2026-03-01 10:00:00,20,47,149.88,23,5,1
19054,2026-03-01 10:00:00,59,44,89.52,24,1,0
19055,2026-03-01 10:00:00,35,47,96.37,20,0,0
19056,2026-03-01 10:00:00,48,25,108.85,16,1,0
19057,2026-03-01 10:00:00,25,50,108.6,10,0,0
19058,2026-03-01 10:00:00,28,14,110.11,19,3,0
19059,2026-03-01 10:00:00,20,6,147.46,15,3,0
19060,2026-03-01 10:00:00,53,12,180.62,21,2,0
19061,2026-03-01 10:00:00,38,20,90.26,21,2,0
19062,2026-03-01 10:00:00,18,23,147.05,16,0,0
19063,2026-03-01 10:00:00,37,30,149.68,17,3,0
19064,2026-03-01 10:00:00,67,30,95.8,19,1,0
19065,2026-03-01 10:00:00,27,38,94.56,14,1,0
19066,2026-03-01 10:00:00,67,58,142.16,21,1,0
19067,2026-03-01 10:00:00,23,30,90.67,19,3,0
19068,2026-03-01 10:00:00,32,41,162.52,21,3,0
19069,2026-03-01 10:00:00,52,30,116.35,21,1,0
19070,2026-03-01 10:00:00,59,57,162.15,18,0,0
19071,2026-03-01 10:00:00,54,58,198.59,20,1,0
19072,2026-03-01 10:00:00,31,36,133.22,15,0,0
19073,2026-03-01 10:00:00,40,49,128.51,28,0,1
19074,2026-03-01 10:00:00,54,34,70.4,18,1,0
19075,2026-03-01 10:00:00,22,16,143.63,18,4,1
19076,2026-03-01 10:00:00,62,24,100.44,18,2,0
19077,2026-03-01 10:00:00,27,14,74.25,20,0,0
19078,2026-03-01 10:00:00,29,26,107.96,30,2,0
19079,2026-03-01 10:00:00,38,8,161.51,21,7,0
19080,2026-03-01 10:00:00,65,14,80.95,18,2,0
19081,2026-03-01 10:00:00,23,31,174.44,24,2,0
19082,2026-03-01 10:00:00,25,2,187.05,21,2,0
19083,2026-03-01 10:00:00,23,48,181.84,16,2,0
19084,2026-03-01 10:00:00,46,4,95.0,26,1,1
19085,2026-03-01 10:00:00,28,1,152.95,24,1,0
19086,2026-03-01 10:00:00,24,55,157.3,22,2,0
19087,2026-03-01 10:00:00,40,20,93.99,23,2,0
19088,2026-03-01 10:00:00,43,59,154.68,16,2,0
19089,2026-03-01 10:00:00,48,14,109.73,27,2,0
19090,2026-03-01 10:00:00,25,40,146.36,18,4,1
19091,2026-03-01 10:00:00,37,25,156.03,32,4,1
19092,2026-03-01 10:00:00,58,25,69.42,15,2,0
19093,2026-03-01 10:00:00,60,3,156.45,19,4,0
19094,2026-03-01 10:00:00,37,5,117.29,20,4,1
19095,2026-03-01 10:00:00,30,38,128.09,19,2,0
19096,2026-03-01 10:00:00,62,54,131.89,20,1,0
19097,2026-03-01 10:00:00,21,26,116.72,13,1,0
19098,2026-03-01 10:00:00,41,40,53.31,23,3,0
19099,2026-03-01 10:00:00,22,38,127.84,24,2,0
19100,2026-03-01 10:00:00,46,38,81.32,24,5,0
19101,2026-03-01 10:00:00,32,4,197.98,12,2,0
19102,2026-03-01 10:00:00,39,7,90.72,18,1,0
19103,2026-03-01 10:00:00,37,30,194.27,22,3,0
19104,2026-03-01 10:00:00,31,30,155.4,18,2,0
19105,2026-03-01 10:00:00,32,56,126.58,11,4,0
19106,2026-03-01 10:00:00,21,19,98.12,17,2,0
19107,2026-03-01 10:00:00,18,39,128.79,20,4,0
19108,2026-03-01 10:00:00,53,35,121.24,27,2,0
19109,2026-03-01 10:00:00,48,40,112.35,20,1,0
19110,2026-03-01 10:00:00,51,33,94.63,19,3,0
19111,2026-03-01 10:00:00,38,33,108.24,19,3,0
19112,2026-03-01 10:00:00,34,14,164.41,27,2,0
19113,2026-03-01 10:00:00,28,38,100.34,24,1,0
19114,2026-03-01 10:00:00,61,10,193.31,29,1,0
19115,2026-03-01 10:00:00,68,57,194.96,23,1,0
19116,2026-03-01 10:00:00,34,28,121.1,30,1,0
19117,2026-03-01 10:00:00,35,14,124.63,15,2,0
19118,2026-03-01 10:00:00,25,36,58.44,25,0,0
19119,2026-03-01 10:00:00,60,38,81.29,19,2,0
19120,2026-03-01 10:00:00,50,16,140.72,14,1,0
19121,2026-03-01 10:00:00,37,21,95.8,19,0,0
19122,2026-03-01 10:00:00,28,28,24.99,20,0,1
19123,2026-03-01 10:00:00,21,33,105.69,17,0,0
19124,2026-03-01 10:00:00,43,6,125.33,17,2,0
19125,2026-03-01 10:00:00,19,41,222.67,20,3,0
19126,2026-03-01 10:00:00,57,15,93.61,17,1,0
19127,2026-03-01 10:00:00,52,44,108.19,15,1,0
19128,2026-03-01 10:00:00,29,3,136.65,18,2,1
19129,2026-03-01 10:00:00,25,43,157.98,22,1,0
19130,2026-03-01 10:00:00,35,47,111.99,17,3,0
19131,2026-03-01 10:00:00,59,35,144.43,26,2,0
19132,2026-03-01 10:00:00,57,14,111.9,16,1,0
19133,2026-03-01 10:00:00,40,2,164.93,18,1,0
19134,2026-03-01 10:00:00,63,29,154.39,13,0,0
19135,2026-03-01 10:00:00,18,4,169.13,25,3,0
19136,2026-03-01 10:00:00,20,26,150.09,18,4,0
19137,2026-03-01 10:00:00,66,51,123.28,22,2,0
19138,2026-03-01 10:00:00,64,12,173.23,28,0,0
19139,2026-03-01 10:00:00,54,2,56.32,21,2,0
19140,2026-03-01 10:00:00,24,17,47.67,15,3,0
19141,2026-03-01 10:00:00,31,35,182.92,14,2,0
19142,2026-03-01 10:00:00,58,10,152.69,20,6,1
19143,2026-03-01 10:00:00,38,48,77.34,23,0,0
19144,2026-03-01 10:00:00,34,22,149.62,22,2,0
19145,2026-03-01 10:00:00,66,41,183.13,23,2,0
19146,2026-03-01 10:00:00,41,43,214.72,28,4,1
19147,2026-03-01 10:00:00,25,21,102.41,16,4,1
19148,2026-03-01 10:00:00,33,15,68.3,34,2,0
19149,2026-03-01 10:00:00,28,35,154.76,17,4,0
19150,2026-03-01 10:00:00,54,48,128.15,26,1,0
19151,2026-03-01 10:00:00,50,21,70.05,18,2,0
19152,2026-03-01 10:00:00,45,21,88.67,23,4,1
19153,2026-03-01 10:00:00,69,21,128.49,17,0,0
19154,2026-03-01 10:00:00,24,44,87.68,29,2,0
19155,2026-03-01 10:00:00,66,32,88.52,10,3,0
19156,2026-03-01 10:00:00,31,55,145.41,19,1,0
19157,2026-03-01 10:00:00,65,5,134.82,13,1,0
19158,2026-03-01 10:00:00,64,39,123.71,15,3,0
19159,2026-03-01 10:00:00,58,9,154.62,24,1,0
19160,2026-03-01 10:00:00,38,53,185.14,17,0,0
19161,2026-03-01 10:00:00,60,18,127.36,25,3,0
19162,2026-03-01 10:00:00,53,21,20.0,20,4,1
19163,2026-03-01 10:00:00,60,8,113.12,26,5,1
19164,2026-03-01 10:00:00,66,44,177.03,27,5,0
19165,2026-03-01 10:00:00,68,52,172.99,17,3,0
19166,2026-03-01 10:00:00,40,34,120.94,18,3,0
19167,2026-03-01 10:00:00,55,10,95.5,23,0,0
19168,2026-03-01 10:00:00,36,51,97.06,20,1,0
19169,2026-03-01 10:00:00,19,41,136.41,22,6,0
19170,2026-03-01 10:00:00,26,57,45.13,12,1,0
19171,2026-03-01 10:00:00,46,24,167.37,16,1,0
19172,2026-03-01 10:00:00,30,40,140.18,24,3,0
19173,2026-03-01 10:00:00,36,24,73.01,27,3,0
19174,2026-03-01 10:00:00,33,56,95.97,17,4,0
19175,2026-03-01 10:00:00,65,32,71.63,24,0,0
19176,2026-03-01 10:00:00,61,56,107.08,16,3,0
19177,2026-03-01 10:00:00,32,33,109.7,25,4,1
19178,2026-03-01 10:00:00,23,38,114.53,20,4,0
19179,2026-03-01 10:00:00,44,44,137.24,25,3,0
19180,2026-03-01 10:00:00,34,57,113.49,19,1,0
19181,2026-03-01 10:00:00,25,56,76.96,29,1,0
19182,2026-03-01 10:00:00,52,51,118.35,20,2,0
19183,2026-03-01 10:00:00,53,59,96.49,25,2,0
19184,2026-03-01 10:00:00,56,49,89.34,25,1,0
19185,2026-03-01 10:00:00,37,34,109.9,17,2,0
19186,2026-03-01 10:00:00,61,11,150.11,22,0,0
19187,2026-03-01 10:00:00,48,31,114.61,18,1,0
19188,2026-03-01 10:00:00,29,18,164.41,31,0,0
19189,2026-03-01 10:00:00,46,23,131.53,14,4,0
19190,2026-03-01 10:00:00,41,22,138.63,30,0,0
19191,2026-03-01 10:00:00,39,43,93.01,22,2,0
19192,2026-03-01 10:00:00,67,18,61.79,11,3,0
19193,2026-03-01 10:00:00,28,40,81.28,23,7,1
19194,2026-03-01 10:00:00,59,47,150.81,27,1,0
19195,2026-03-01 10:00:00,68,41,147.55,25,1,0
19196,2026-03-01 10:00:00,50,47,192.96,28,3,0
19197,2026-03-01 10:00:00,52,39,171.21,21,3,0
19198,2026-03-01 10:00:00,24,20,76.71,19,5,0
19199,2026-03-01 10:00:00,43,13,189.89,11,4,1
19200,2026-03-01 10:00:00,34,45,131.33,11,3,0
19201,2026-03-01 10:00:00,33,1,64.74,14,1,0
19202,2026-03-01 10:00:00,25,52,97.7,22,1,0
19203,2026-03-01 10:00:00,56,4,68.1,27,2,1
19204,2026-03-01 10:00:00,20,24,156.11,32,2,0
19205,2026-03-01 10:00:00,38,36,158.53,18,2,0
19206,2026-03-01 10:00:00,49,36,83.13,20,3,0
19207,2026-03-01 10:00:00,36,45,121.46,25,5,0
19208,2026-03-01 10:00:00,55,2,161.94,20,5,1
19209,2026-03-01 10:00:00,47,28,207.75,22,3,0
19210,2026-03-01 10:00:00,67,26,175.08,20,1,0
19211,2026-03-01 10:00:00,33,23,121.99,15,4,0
19212,2026-03-01 10:00:00,45,15,193.62,24,3,0
19213,2026-03-01 10:00:00,67,36,142.76,18,0,1
19214,2026-03-01 10:00:00,56,27,98.7,18,1,0
19215,2026-03-01 10:00:00,65,6,64.25,23,4,1
19216,2026-03-01 10:00:00,26,35,154.5,17,2,0
19217,2026-03-01 10:00:00,69,39,79.42,17,3,0
19218,2026-03-01 10:00:00,21,38,98.11,23,3,0
19219,2026-03-01 10:00:00,19,35,107.86,22,2,0
19220,2026-03-01 10:00:00,57,36,149.04,18,2,0
19221,2026-03-01 10:00:00,38,10,105.68,21,0,0
19222,2026-03-01 10:00:00,28,30,51.15,24,1,0
19223,2026-03-01 10:00:00,53,53,120.34,22,1,1
19224,2026-03-01 10:00:00,67,41,127.81,12,2,0
19225,2026-03-01 10:00:00,39,38,123.39,26,1,0
19226,2026-03-01 10:00:00,47,29,107.57,20,4,0
19227,2026-03-01 10:00:00,35,52,88.01,21,2,0
19228,2026-03-01 10:00:00,23,59,123.67,25,3,0
19229,2026-03-01 10:00:00,25,43,92.9,18,3,0
19230,2026-03-01 10:00:00,48,39,118.72,15,1,0
19231,2026-03-01 10:00:00,30,50,28.56,19,2,0
19232,2026-03-01 10:00:00,59,4,153.51,35,2,0
19233,2026-03-01 10:00:00,62,5,113.23,24,0,1
19234,2026-03-01 10:00:00,31,4,31.89,15,2,1
19235,2026-03-01 10:00:00,36,36,191.74,13,1,0
19236,2026-03-01 10:00:00,22,59,138.33,19,2,0
19237,2026-03-01 10:00:00,55,45,69.68,27,4,1
19238,2026-03-01 10:00:00,52,16,97.18,17,1,0
19239,2026-03-01 10:00:00,29,25,54.61,24,1,0
19240,2026-03-01 10:00:00,36,14,95.19,13,1,0
19241,2026-03-01 10:00:00,34,11,118.07,20,3,1
19242,2026-03-01 10:00:00,56,29,120.91,24,2,0
19243,2026-03-01 10:00:00,35,34,92.13,20,2,0
19244,2026-03-01 10:00:00,54,22,107.56,24,3,0
19245,2026-03-01 10:00:00,46,14,136.47,23,1,1
19246,2026-03-01 10:00:00,38,56,125.8,20,4,1
19247,2026-03-01 10:00:00,20,24,193.74,16,1,0
19248,2026-03-01 10:00:00,58,59,59.09,19,0,0
19249,2026-03-01 10:00:00,69,39,115.16,16,2,0
19250,2026-03-01 10:00:00,48,26,170.77,23,3,0
19251,2026-03-01 10:00:00,55,43,222.27,21,2,0
19252,2026-03-01 10:00:00,53,36,82.1,33,3,0
19253,2026-03-01 10:00:00,57,39,133.09,21,2,0
19254,2026-03-01 10:00:00,37,16,124.13,19,3,0
19255,2026-03-01 10:00:00,21,58,42.31,27,1,0
19256,2026-03-01 10:00:00,37,38,99.38,16,2,0
19257,2026-03-01 10:00:00,45,59,158.46,19,2,0
19258,2026-03-01 10:00:00,58,32,67.61,21,3,0
19259,2026-03-01 10:00:00,45,6,168.81,29,0,0
19260,2026-03-01 10:00:00,66,34,115.72,18,0,0
19261,2026-03-01 10:00:00,52,56,108.7,21,2,0
19262,2026-03-01 10:00:00,27,8,152.14,17,2,0
19263,2026-03-01 10:00:00,26,30,177.65,16,0,0
19264,2026-03-01 10:00:00,45,27,251.42,20,3,0
19265,2026-03-01 10:00:00,62,7,101.99,22,1,0
19266,2026-03-01 10:00:00,43,27,128.31,13,3,0
19267,2026-03-01 10:00:00,69,25,100.97,25,6,1
19268,2026-03-01 10:00:00,36,56,140.04,14,1,0
19269,2026-03-01 10:00:00,55,46,213.66,24,0,0
19270,2026-03-01 10:00:00,25,41,83.91,24,2,0
19271,2026-03-01 10:00:00,20,15,89.24,18,1,0
19272,2026-03-01 10:00:00,31,25,118.19,17,0,0
19273,2026-03-01 10:00:00,66,22,85.12,24,1,0
19274,2026-03-01 10:00:00,21,18,36.99,24,0,1
19275,2026-03-01 10:00:00,66,12,137.88,21,0,0
19276,2026-03-01 10:00:00,39,23,119.61,12,2,0
19277,2026-03-01 10:00:00,69,51,194.61,20,1,0
19278,2026-03-01 10:00:00,47,45,67.38,13,4,1
19279,2026-03-01 10:00:00,69,39,108.82,17,1,0
19280,2026-03-01 10:00:00,63,25,104.43,18,0,0
19281,2026-03-01 10:00:00,28,10,118.37,31,0,0
19282,2026-03-01 10:00:00,24,30,90.74,20,3,0
19283,2026-03-01 10:00:00,29,10,153.03,25,2,0
19284,2026-03-01 10:00:00,45,34,120.15,18,2,0
19285,2026-03-01 10:00:00,52,46,77.94,24,1,0
19286,2026-03-01 10:00:00,42,13,148.38,26,4,0
19287,2026-03-01 10:00:00,21,54,102.04,29,0,0
19288,2026-03-01 10:00:00,57,29,128.76,25,3,0
19289,2026-03-01 10:00:00,32,38,139.67,20,4,1
19290,2026-03-01 10:00:00,34,41,88.37,21,5,0
19291,2026-03-01 10:00:00,32,45,130.17,30,2,0
19292,2026-03-01 10:00:00,68,9,59.35,13,1,0
19293,2026-03-01 10:00:00,56,13,47.62,13,2,0
19294,2026-03-01 10:00:00,52,37,140.94,20,4,1
19295,2026-03-01 10:00:00,43,14,122.08,18,5,0
19296,2026-03-01 10:00:00,19,37,155.84,16,3,0
19297,2026-03-01 10:00:00,62,9,30.01,20,4,1
19298,2026-03-01 10:00:00,43,8,158.17,17,4,0
19299,2026-03-01 10:00:00,59,39,107.87,23,3,0
19300,2026-03-01 10:00:00,42,40,103.88,23,1,0
19301,2026-03-01 10:00:00,40,54,193.43,21,2,0
19302,2026-03-01 10:00:00,30,3,110.81,25,1,0
19303,2026-03-01 10:00:00,43,55,101.1,28,0,0
19304,2026-03-01 10:00:00,22,56,103.79,17,0,0
19305,2026-03-01 10:00:00,31,47,76.57,26,2,1
19306,2026-03-01 10:00:00,22,40,122.38,16,0,0
19307,2026-03-01 10:00:00,33,33,192.29,21,3,0
19308,2026-03-01 10:00:00,49,32,42.63,21,1,0
19309,2026-03-01 10:00:00,25,7,157.59,22,1,0
19310,2026-03-01 10:00:00,47,19,118.93,21,0,0
19311,2026-03-01 10:00:00,62,34,78.03,17,0,0
19312,2026-03-01 10:00:00,58,14,135.34,24,3,0
19313,2026-03-01 10:00:00,45,50,122.62,28,2,0
19314,2026-03-01 10:00:00,36,47,104.45,20,1,0
19315,2026-03-01 10:00:00,26,46,135.82,27,3,0
19316,2026-03-01 10:00:00,54,56,124.03,16,3,0
19317,2026-03-01 10:00:00,39,57,140.24,22,1,0
19318,2026-03-01 10:00:00,60,19,127.4,18,0,0
19319,2026-03-01 10:00:00,23,51,54.53,18,0,0
19320,2026-03-01 10:00:00,23,54,56.31,23,5,0
19321,2026-03-01 10:00:00,18,59,102.63,14,4,0
19322,2026-03-01 10:00:00,53,26,96.42,24,1,0
19323,2026-03-01 10:00:00,47,17,126.21,18,0,0
19324,2026-03-01 10:00:00,25,54,85.12,26,1,0
19325,2026-03-01 10:00:00,66,28,100.83,15,2,1
19326,2026-03-01 10:00:00,40,19,143.21,18,2,0
19327,2026-03-01 10:00:00,40,27,66.03,20,3,0
19328,2026-03-01 10:00:00,20,48,131.32,26,1,0
19329,2026-03-01 10:00:00,42,52,65.55,16,3,0
19330,2026-03-01 10:00:00,59,57,105.48,28,6,1
19331,2026-03-01 10:00:00,50,19,112.97,23,2,0
19332,2026-03-01 10:00:00,21,33,87.03,27,4,1
19333,2026-03-01 10:00:00,41,51,153.37,20,1,0
19334,2026-03-01 10:00:00,18,7,193.87,19,1,0
19335,2026-03-01 10:00:00,26,29,20.0,17,4,1
19336,2026-03-01 10:00:00,47,55,160.6,15,1,0
19337,2026-03-01 10:00:00,55,43,162.47,21,0,0
19338,2026-03-01 10:00:00,23,5,120.56,21,0,0
19339,2026-03-01 10:00:00,60,30,118.61,18,1,0
19340,2026-03-01 10:00:00,36,49,100.18,23,0,0
19341,2026-03-01 10:00:00,32,43,122.48,21,1,0
19342,2026-03-01 10:00:00,51,56,162.33,21,1,0
19343,2026-03-01 10:00:00,46,58,91.47,16,3,0
19344,2026-03-01 10:00:00,20,8,90.09,11,2,0
19345,2026-03-01 10:00:00,20,42,167.95,20,3,0
19346,2026-03-01 10:00:00,49,12,142.59,20,2,0
19347,2026-03-01 10:00:00,62,42,121.02,12,2,0
19348,2026-03-01 10:00:00,48,13,167.06,23,0,0
19349,2026-03-01 10:00:00,46,26,97.88,26,3,0
19350,2026-03-01 10:00:00,22,18,149.04,21,2,0
19351,2026-03-01 10:00:00,19,42,175.92,22,2,0
19352,2026-03-01 10:00:00,33,51,133.8,17,3,0
19353,2026-03-01 10:00:00,48,52,84.08,19,1,0
19354,2026-03-01 10:00:00,34,49,73.17,25,5,1
19355,2026-03-01 10:00:00,65,20,97.38,22,3,0
19356,2026-03-01 10:00:00,69,16,145.37,22,2,0
19357,2026-03-01 10:00:00,26,37,141.34,16,2,0
19358,2026-03-01 10:00:00,23,3,119.01,18,1,0
19359,2026-03-01 10:00:00,33,27,128.13,16,1,0
19360,2026-03-01 10:00:00,21,15,155.44,22,2,0
19361,2026-03-01 10:00:00,54,58,99.6,23,1,0
19362,2026-03-01 10:00:00,20,34,31.92,18,1,0
19363,2026-03-01 10:00:00,20,45,206.91,26,2,0
19364,2026-03-01 10:00:00,41,22,161.44,23,2,0
19365,2026-03-01 10:00:00,22,40,149.72,23,1,0
19366,2026-03-01 10:00:00,66,23,185.25,13,4,1
19367,2026-03-01 10:00:00,56,59,150.82,19,0,0
19368,2026-03-01 10:00:00,31,49,100.18,17,2,0
19369,2026-03-01 10:00:00,68,4,189.08,20,5,1
19370,2026-03-01 10:00:00,64,51,57.94,23,1,0
19371,2026-03-01 10:00:00,45,54,79.12,21,0,0
19372,2026-03-01 10:00:00,25,57,130.06,28,2,0
19373,2026-03-01 10:00:00,69,41,151.9,12,0,0
19374,2026-03-01 10:00:00,54,23,112.32,18,3,0
19375,2026-03-01 10:00:00,50,47,125.51,18,1,0
19376,2026-03-01 10:00:00,36,9,108.06,18,0,0
19377,2026-03-01 10:00:00,35,24,101.33,18,2,0
19378,2026-03-01 10:00:00,60,21,119.87,14,2,1
19379,2026-03-01 10:00:00,36,41,23.61,14,1,0
19380,2026-03-01 10:00:00,52,46,103.56,31,0,0
19381,2026-03-01 10:00:00,30,55,72.54,14,1,0
19382,2026-03-01 10:00:00,52,53,141.78,24,2,0
19383,2026-03-01 10:00:00,62,16,167.3,18,2,0
19384,2026-03-01 10:00:00,34,56,51.42,17,0,0
19385,2026-03-01 10:00:00,56,55,87.59,11,2,0
19386,2026-03-01 10:00:00,61,25,158.48,16,2,0
19387,2026-03-01 10:00:00,41,26,108.32,25,1,0
19388,2026-03-01 10:00:00,69,49,191.35,18,3,0
19389,2026-03-01 10:00:00,47,45,235.59,17,3,0
19390,2026-03-01 10:00:00,37,9,165.51,27,2,0
19391,2026-03-01 10:00:00,58,15,98.19,19,3,0
19392,2026-03-01 10:00:00,44,39,87.21,21,1,0
19393,2026-03-01 10:00:00,59,33,107.6,14,2,0
19394,2026-03-01 10:00:00,27,1,176.32,20,2,0
19395,2026-03-01 10:00:00,44,5,90.2,17,2,0
19396,2026-03-01 10:00:00,58,56,109.64,17,2,0
19397,2026-03-01 10:00:00,28,9,127.85,20,1,0
19398,2026-03-01 10:00:00,60,44,67.72,19,5,1
19399,2026-03-01 10:00:00,48,6,137.15,19,1,0
19400,2026-03-01 10:00:00,54,28,119.31,16,3,0
19401,2026-03-01 10:00:00,34,45,98.91,20,0,0
19402,2026-03-01 10:00:00,21,26,96.25,14,5,0
19403,2026-03-01 10:00:00,31,28,85.02,22,2,0
19404,2026-03-01 10:00:00,61,40,183.9,21,2,0
19405,2026-03-01 10:00:00,51,15,108.59,19,3,0
19406,2026-03-01 10:00:00,30,6,114.83,16,2,0
19407,2026-03-01 10:00:00,26,27,156.61,21,1,0
19408,2026-03-01 10:00:00,42,38,135.09,17,2,0
19409,2026-03-01 10:00:00,21,4,118.6,25,1,0
19410,2026-03-01 10:00:00,39,11,135.07,16,3,0
19411,2026-03-01 10:00:00,29,21,72.24,19,2,0
19412,2026-03-01 10:00:00,48,30,140.41,13,1,1
19413,2026-03-01 10:00:00,18,18,89.6,15,4,1
19414,2026-03-01 10:00:00,41,35,163.14,23,1,0
19415,2026-03-01 10:00:00,19,3,127.4,23,1,0
19416,2026-03-01 10:00:00,33,12,127.7,18,3,0
19417,2026-03-01 10:00:00,55,27,130.4,14,1,0
19418,2026-03-01 10:00:00,34,53,89.73,26,1,0
19419,2026-03-01 10:00:00,32,30,123.75,22,2,0
19420,2026-03-01 10:00:00,29,21,170.07,34,0,0
19421,2026-03-01 10:00:00,56,38,82.91,14,2,0
19422,2026-03-01 10:00:00,40,21,148.35,15,3,0
19423,2026-03-01 10:00:00,50,38,174.1,20,3,0
19424,2026-03-01 10:00:00,48,40,185.08,22,1,0
19425,2026-03-01 10:00:00,46,15,133.7,17,4,1
19426,2026-03-01 10:00:00,50,18,112.6,18,2,1
19427,2026-03-01 10:00:00,66,52,188.77,16,2,0
19428,2026-03-01 10:00:00,49,29,95.73,17,1,0
19429,2026-03-01 10:00:00,62,48,123.16,25,4,1
19430,2026-03-01 10:00:00,40,38,126.52,16,1,0
19431,2026-03-01 10:00:00,21,21,126.81,17,1,0
19432,2026-03-01 10:00:00,49,17,73.02,20,3,0
19433,2026-03-01 10:00:00,55,41,127.76,19,3,0
19434,2026-03-01 10:00:00,63,51,108.88,15,0,0
19435,2026-03-01 10:00:00,22,18,102.76,12,0,0
19436,2026-03-01 10:00:00,62,57,115.21,19,2,0
19437,2026-03-01 10:00:00,57,55,113.83,23,1,0
19438,2026-03-01 10:00:00,65,37,118.51,23,2,0
19439,2026-03-01 10:00:00,23,38,174.56,28,2,0
19440,2026-03-01 10:00:00,35,12,96.84,19,3,0
19441,2026-03-01 10:00:00,37,11,110.66,18,1,0
19442,2026-03-01 10:00:00,21,48,114.93,12,5,0
19443,2026-03-01 10:00:00,39,52,65.5,15,2,0
19444,2026-03-01 10:00:00,64,49,69.09,18,2,0
19445,2026-03-01 10:00:00,66,20,94.08,18,3,0
19446,2026-03-01 10:00:00,57,9,118.0,21,1,0
19447,2026-03-01 10:00:00,19,1,120.99,19,1,0
19448,2026-03-01 10:00:00,22,58,59.12,17,1,0
19449,2026-03-01 10:00:00,27,3,66.34,19,1,0
19450,2026-03-01 10:00:00,31,21,118.87,14,2,0
19451,2026-03-01 10:00:00,48,23,66.26,15,3,0
19452,2026-03-01 10:00:00,63,9,56.53,25,1,0
19453,2026-03-01 10:00:00,32,54,176.06,14,1,0
19454,2026-03-01 10:00:00,41,19,146.49,39,7,1
19455,2026-03-01 10:00:00,25,45,94.73,20,4,1
19456,2026-03-01 10:00:00,20,55,198.34,24,2,0
19457,2026-03-01 10:00:00,52,46,114.1,12,3,0
19458,2026-03-01 10:00:00,54,52,136.15,12,0,0
19459,2026-03-01 10:00:00,62,19,126.12,12,4,0
19460,2026-03-01 10:00:00,38,23,141.51,23,2,0
19461,2026-03-01 10:00:00,38,27,195.51,17,2,0
19462,2026-03-01 10:00:00,21,27,95.1,17,0,0
19463,2026-03-01 10:00:00,45,39,182.21,27,4,1
19464,2026-03-01 10:00:00,45,36,160.17,16,2,1
19465,2026-03-01 10:00:00,37,12,120.79,27,2,0
19466,2026-03-01 10:00:00,64,55,145.02,24,1,0
19467,2026-03-01 10:00:00,55,27,124.31,24,6,1
19468,2026-03-01 10:00:00,19,46,161.91,19,2,0
19469,2026-03-01 10:00:00,68,34,132.16,20,2,0
19470,2026-03-01 10:00:00,34,33,166.9,24,3,0
19471,2026-03-01 10:00:00,41,28,92.07,15,1,0
19472,2026-03-01 10:00:00,39,31,96.02,10,2,0
19473,2026-03-01 10:00:00,41,32,74.29,28,4,1
19474,2026-03-01 10:00:00,43,50,83.89,27,3,0
19475,2026-03-01 10:00:00,59,20,185.11,22,0,0
19476,2026-03-01 10:00:00,22,40,87.81,15,1,0
19477,2026-03-01 10:00:00,23,35,115.29,36,1,0
19478,2026-03-01 10:00:00,66,31,125.03,13,2,0
19479,2026-03-01 10:00:00,46,58,195.6,21,2,0
19480,2026-03-01 10:00:00,19,31,151.55,15,1,0
19481,2026-03-01 10:00:00,46,38,90.39,22,1,0
19482,2026-03-01 10:00:00,62,22,122.75,28,2,0
19483,2026-03-01 10:00:00,21,45,63.99,20,5,0
19484,2026-03-01 10:00:00,35,41,165.04,17,2,0
19485,2026-03-01 10:00:00,49,9,106.97,15,1,0
19486,2026-03-01 10:00:00,43,52,58.3,21,1,0
19487,2026-03-01 10:00:00,37,9,135.97,18,3,0
19488,2026-03-01 10:00:00,45,15,190.87,16,1,0
19489,2026-03-01 10:00:00,19,13,92.48,22,3,1
19490,2026-03-01 10:00:00,54,22,99.72,26,0,0
19491,2026-03-01 10:00:00,35,16,109.24,25,2,0
19492,2026-03-01 10:00:00,56,32,116.5,20,5,1
19493,2026-03-01 10:00:00,63,2,105.63,18,2,1
19494,2026-03-01 10:00:00,69,26,146.29,17,0,0
19495,2026-03-01 10:00:00,39,14,133.54,17,2,0
19496,2026-03-01 10:00:00,42,59,143.83,25,1,0
19497,2026-03-01 10:00:00,53,38,124.51,18,2,0
19498,2026-03-01 10:00:00,20,34,145.57,21,1,0
19499,2026-03-01 10:00:00,60,8,94.12,16,2,0
19500,2026-03-01 10:00:00,25,36,140.91,20,2,0
19501,2026-03-01 10:00:00,67,21,139.27,21,1,1
19502,2026-03-01 10:00:00,20,56,199.9,17,1,0
19503,2026-03-01 10:00:00,44,46,58.0,21,4,1
19504,2026-03-01 10:00:00,54,43,114.15,19,0,0
19505,2026-03-01 10:00:00,48,56,127.37,17,1,0
19506,2026-03-01 10:00:00,19,28,198.55,16,1,0
19507,2026-03-01 10:00:00,41,46,159.71,18,5,0
19508,2026-03-01 10:00:00,56,44,96.49,16,0,0
19509,2026-03-01 10:00:00,35,48,202.05,22,1,0
19510,2026-03-01 10:00:00,66,6,166.85,21,5,1
19511,2026-03-01 10:00:00,47,20,206.72,17,2,0
19512,2026-03-01 10:00:00,34,31,169.92,14,3,0
19513,2026-03-01 10:00:00,22,33,132.81,16,3,0
19514,2026-03-01 10:00:00,21,44,200.35,13,1,0
19515,2026-03-01 10:00:00,18,7,39.18,23,0,0
19516,2026-03-01 10:00:00,60,8,132.85,20,1,0
19517,2026-03-01 10:00:00,33,9,96.83,17,5,1
19518,2026-03-01 10:00:00,45,2,118.63,24,2,0
19519,2026-03-01 10:00:00,53,17,121.68,16,1,0
19520,2026-03-01 10:00:00,64,52,69.78,16,2,0
19521,2026-03-01 10:00:00,60,45,161.29,15,2,0
19522,2026-03-01 10:00:00,21,37,112.25,17,2,0
19523,2026-03-01 10:00:00,21,42,163.73,24,2,0
19524,2026-03-01 10:00:00,37,44,81.2,19,2,0
19525,2026-03-01 10:00:00,62,17,44.5,28,1,1
19526,2026-03-01 10:00:00,66,53,70.89,17,1,0
19527,2026-03-01 10:00:00,46,38,143.36,16,2,0
19528,2026-03-01 10:00:00,48,35,98.42,19,4,1
19529,2026-03-01 10:00:00,23,47,100.95,19,2,0
19530,2026-03-01 10:00:00,22,39,141.82,14,4,1
19531,2026-03-01 10:00:00,19,30,105.18,14,4,1
19532,2026-03-01 10:00:00,55,6,102.81,18,3,1
19533,2026-03-01 10:00:00,64,4,127.19,17,1,0
19534,2026-03-01 10:00:00,58,51,138.34,12,1,0
19535,2026-03-01 10:00:00,51,37,86.18,16,3,0
19536,2026-03-01 10:00:00,46,35,138.54,19,6,1
19537,2026-03-01 10:00:00,61,58,160.1,12,1,0
19538,2026-03-01 10:00:00,31,57,132.67,23,3,0
19539,2026-03-01 10:00:00,35,9,98.71,24,1,0
19540,2026-03-01 10:00:00,37,6,129.06,23,3,0
19541,2026-03-01 10:00:00,38,13,188.77,23,3,0
19542,2026-03-01 10:00:00,58,59,98.25,22,3,0
19543,2026-03-01 10:00:00,57,22,109.93,16,3,0
19544,2026-03-01 10:00:00,42,28,90.76,19,0,0
19545,2026-03-01 10:00:00,28,30,152.12,26,4,0
19546,2026-03-01 10:00:00,49,52,140.3,10,1,0
19547,2026-03-01 10:00:00,34,36,161.55,25,1,0
19548,2026-03-01 10:00:00,25,2,136.94,17,2,0
19549,2026-03-01 10:00:00,42,58,142.07,21,4,0
19550,2026-03-01 10:00:00,22,36,127.88,24,5,1
19551,2026-03-01 10:00:00,26,8,113.21,17,2,0
19552,2026-03-01 10:00:00,40,45,95.46,21,2,0
19553,2026-03-01 10:00:00,33,42,87.27,14,1,0
19554,2026-03-01 10:00:00,30,50,87.45,23,0,0
19555,2026-03-01 10:00:00,28,9,79.48,19,0,0
19556,2026-03-01 10:00:00,68,1,79.31,26,1,0
19557,2026-03-01 10:00:00,66,13,193.01,28,2,0
19558,2026-03-01 10:00:00,27,50,159.71,26,2,0
19559,2026-03-01 10:00:00,67,15,94.54,25,2,0
19560,2026-03-01 10:00:00,65,32,102.86,26,2,0
19561,2026-03-01 10:00:00,57,34,52.79,22,4,0
19562,2026-03-01 10:00:00,69,43,92.42,18,3,0
19563,2026-03-01 10:00:00,52,31,162.02,18,2,0
19564,2026-03-01 10:00:00,30,14,105.89,15,1,0
19565,2026-03-01 10:00:00,61,54,140.45,19,1,0
19566,2026-03-01 10:00:00,63,47,96.31,14,3,0
19567,2026-03-01 10:00:00,24,14,104.75,20,4,0
19568,2026-03-01 10:00:00,56,48,145.2,15,2,0
19569,2026-03-01 10:00:00,53,55,130.82,16,1,0
19570,2026-03-01 10:00:00,32,29,71.48,19,1,1
19571,2026-03-01 10:00:00,44,47,111.33,21,4,0
19572,2026-03-01 10:00:00,38,19,58.33,20,1,0
19573,2026-03-01 10:00:00,63,27,202.65,18,6,1
19574,2026-03-01 10:00:00,60,9,124.8,27,1,0
19575,2026-03-01 10:00:00,48,37,57.48,20,3,0
19576,2026-03-01 10:00:00,67,37,169.44,25,2,0
19577,2026-03-01 10:00:00,61,43,87.4,12,1,0
19578,2026-03-01 10:00:00,68,28,122.47,17,1,0
19579,2026-03-01 10:00:00,25,52,135.68,14,1,0
19580,2026-03-01 10:00:00,59,57,121.96,24,1,0
19581,2026-03-01 10:00:00,40,24,162.15,29,1,0
19582,2026-03-01 10:00:00,43,28,127.39,18,1,0
19583,2026-03-01 10:00:00,24,36,127.75,23,3,0
19584,2026-03-01 10:00:00,59,52,96.37,19,1,0
19585,2026-03-01 10:00:00,53,18,52.46,17,1,0
19586,2026-03-01 10:00:00,27,25,104.7,30,0,0
19587,2026-03-01 10:00:00,41,35,86.54,24,2,0
19588,2026-03-01 10:00:00,68,4,106.34,27,2,1
19589,2026-03-01 10:00:00,54,14,147.18,33,3,0
19590,2026-03-01 10:00:00,22,39,83.04,18,3,0
19591,2026-03-01 10:00:00,67,26,135.16,23,0,1
19592,2026-03-01 10:00:00,35,8,105.12,13,2,0
19593,2026-03-01 10:00:00,58,24,97.39,17,2,0
19594,2026-03-01 10:00:00,19,16,59.9,22,3,0
19595,2026-03-01 10:00:00,68,20,78.31,19,2,0
19596,2026-03-01 10:00:00,49,15,71.69,22,2,0
19597,2026-03-01 10:00:00,30,7,144.04,20,2,0
19598,2026-03-01 10:00:00,47,58,153.73,20,3,0
19599,2026-03-01 10:00:00,18,17,57.11,24,5,1
19600,2026-03-01 10:00:00,55,22,69.29,19,1,0
19601,2026-03-01 10:00:00,55,22,168.7,22,2,0
19602,2026-03-01 10:00:00,43,54,163.69,14,1,0
19603,2026-03-01 10:00:00,30,12,189.74,24,0,0
19604,2026-03-01 10:00:00,53,18,185.19,16,2,0
19605,2026-03-01 10:00:00,59,56,105.96,17,3,0
19606,2026-03-01 10:00:00,54,46,154.77,26,2,0
19607,2026-03-01 10:00:00,54,47,134.44,20,2,0
19608,2026-03-01 10:00:00,54,15,160.56,24,0,0
19609,2026-03-01 10:00:00,40,37,111.81,27,3,0
19610,2026-03-01 10:00:00,28,16,181.71,23,0,0
19611,2026-03-01 10:00:00,36,5,52.16,17,1,0
19612,2026-03-01 10:00:00,21,2,157.37,20,3,0
19613,2026-03-01 10:00:00,63,52,67.54,22,2,0
19614,2026-03-01 10:00:00,37,28,126.68,12,2,0
19615,2026-03-01 10:00:00,28,57,65.59,23,3,0
19616,2026-03-01 10:00:00,34,41,80.04,22,4,0
19617,2026-03-01 10:00:00,36,54,75.82,25,2,0
19618,2026-03-01 10:00:00,54,27,103.27,23,2,0
19619,2026-03-01 10:00:00,68,31,148.29,19,2,0
19620,2026-03-01 10:00:00,57,41,154.24,17,4,0
19621,2026-03-01 10:00:00,30,36,117.86,20,1,0
19622,2026-03-01 10:00:00,18,47,173.58,18,1,0
19623,2026-03-01 10:00:00,25,43,90.5,16,0,0
19624,2026-03-01 10:00:00,56,1,136.44,25,0,1
19625,2026-03-01 10:00:00,54,50,147.15,22,2,0
19626,2026-03-01 10:00:00,29,29,125.64,22,5,0
19627,2026-03-01 10:00:00,66,1,156.17,22,5,1
19628,2026-03-01 10:00:00,63,8,58.07,26,1,0
19629,2026-03-01 10:00:00,68,57,91.43,24,2,0
19630,2026-03-01 10:00:00,37,16,80.37,21,2,0
19631,2026-03-01 10:00:00,58,58,138.12,17,4,1
19632,2026-03-01 10:00:00,55,28,133.1,21,2,0
19633,2026-03-01 10:00:00,26,22,110.72,23,1,0
19634,2026-03-01 10:00:00,35,18,121.89,18,6,0
19635,2026-03-01 10:00:00,45,22,97.69,18,1,0
19636,2026-03-01 10:00:00,59,41,177.21,17,3,0
19637,2026-03-01 10:00:00,58,12,100.73,13,0,0
19638,2026-03-01 10:00:00,49,19,133.85,19,0,0
19639,2026-03-01 10:00:00,19,25,59.92,24,3,0
19640,2026-03-01 10:00:00,48,50,176.13,18,1,0
19641,2026-03-01 10:00:00,46,59,120.81,22,4,1
19642,2026-03-01 10:00:00,29,5,107.35,16,0,0
19643,2026-03-01 10:00:00,38,59,148.93,17,4,1
19644,2026-03-01 10:00:00,32,34,126.29,18,0,0
19645,2026-03-01 10:00:00,32,39,128.87,19,3,0
19646,2026-03-01 10:00:00,27,59,138.83,19,3,0
19647,2026-03-01 10:00:00,62,10,107.03,17,1,0
19648,2026-03-01 10:00:00,54,47,116.65,21,3,0
19649,2026-03-01 10:00:00,43,57,90.81,16,3,0
19650,2026-03-01 10:00:00,66,7,182.22,24,4,0
19651,2026-03-01 10:00:00,55,37,77.32,18,4,0
19652,2026-03-01 10:00:00,29,47,68.53,19,2,0
19653,2026-03-01 10:00:00,52,52,82.29,23,2,0
19654,2026-03-01 10:00:00,36,52,172.8,20,1,0
19655,2026-03-01 10:00:00,66,15,115.54,12,0,0
19656,2026-03-01 10:00:00,65,42,110.21,15,0,0
19657,2026-03-01 10:00:00,26,24,108.04,22,2,0
19658,2026-03-01 10:00:00,66,26,127.39,18,0,1
19659,2026-03-01 10:00:00,41,26,110.02,15,1,0
19660,2026-03-01 10:00:00,63,46,77.28,14,0,0
19661,2026-03-01 10:00:00,61,26,115.97,22,3,0
19662,2026-03-01 10:00:00,67,58,120.12,36,2,0
19663,2026-03-01 10:00:00,43,10,78.78,20,3,0
19664,2026-03-01 10:00:00,49,17,81.62,16,1,0
19665,2026-03-01 10:00:00,36,53,111.36,16,3,0
19666,2026-03-01 10:00:00,38,14,120.61,19,3,0
19667,2026-03-01 10:00:00,21,2,41.93,23,0,0
19668,2026-03-01 10:00:00,65,48,96.7,17,2,0
19669,2026-03-01 10:00:00,31,13,37.46,26,1,0
19670,2026-03-01 10:00:00,31,27,157.34,18,2,0
19671,2026-03-01 10:00:00,56,9,141.08,24,3,0
19672,2026-03-01 10:00:00,18,7,94.08,18,2,1
19673,2026-03-01 10:00:00,61,48,126.32,19,5,1
19674,2026-03-01 10:00:00,31,10,82.2,17,2,0
19675,2026-03-01 10:00:00,54,56,136.41,16,3,0
19676,2026-03-01 10:00:00,18,54,101.4,20,1,0
19677,2026-03-01 10:00:00,52,9,196.56,18,3,0
19678,2026-03-01 10:00:00,63,22,108.98,17,5,0
19679,2026-03-01 10:00:00,39,23,106.38,20,0,0
19680,2026-03-01 10:00:00,34,7,112.17,23,2,0
19681,2026-03-01 10:00:00,49,48,82.83,11,1,0
19682,2026-03-01 10:00:00,51,9,44.63,15,3,0
19683,2026-03-01 10:00:00,55,27,87.5,20,2,0
19684,2026-03-01 10:00:00,54,24,156.48,20,1,0
19685,2026-03-01 10:00:00,63,29,73.05,20,0,0
19686,2026-03-01 10:00:00,28,17,92.02,32,0,0
19687,2026-03-01 10:00:00,66,20,114.36,19,1,0
19688,2026-03-01 10:00:00,64,7,183.32,25,1,0
19689,2026-03-01 10:00:00,48,43,178.96,27,1,0
19690,2026-03-01 10:00:00,43,40,119.04,19,2,0
19691,2026-03-01 10:00:00,59,7,119.28,25,0,0
19692,2026-03-01 10:00:00,65,28,20.0,20,1,0
19693,2026-03-01 10:00:00,18,19,91.36,12,0,0
19694,2026-03-01 10:00:00,50,20,149.12,31,4,0
19695,2026-03-01 10:00:00,54,44,127.77,20,3,0
19696,2026-03-01 10:00:00,57,39,147.9,18,2,0
19697,2026-03-01 10:00:00,51,40,133.21,14,1,0
19698,2026-03-01 10:00:00,23,7,124.54,21,4,1
19699,2026-03-01 10:00:00,54,6,83.7,21,3,0
19700,2026-03-01 10:00:00,24,25,133.18,25,1,0
19701,2026-03-01 10:00:00,18,41,184.21,23,3,0
19702,2026-03-01 10:00:00,37,59,59.26,19,4,0
19703,2026-03-01 10:00:00,54,13,104.94,26,2,0
19704,2026-03-01 10:00:00,28,39,79.72,20,1,0
19705,2026-03-01 10:00:00,22,40,186.68,18,2,0
19706,2026-03-01 10:00:00,40,22,129.66,22,2,0
19707,2026-03-01 10:00:00,46,49,97.97,24,0,0
19708,2026-03-01 10:00:00,45,17,112.83,18,2,0
19709,2026-03-01 10:00:00,23,48,170.39,24,3,0
19710,2026-03-01 10:00:00,63,22,121.39,19,3,0
19711,2026-03-01 10:00:00,65,34,149.38,19,3,0
19712,2026-03-01 10:00:00,52,8,125.75,20,1,0
19713,2026-03-01 10:00:00,35,49,204.16,25,1,0
19714,2026-03-01 10:00:00,19,45,206.07,18,4,0
19715,2026-03-01 10:00:00,34,18,169.23,23,3,0
19716,2026-03-01 10:00:00,68,24,82.59,24,3,0
19717,2026-03-01 10:00:00,46,54,84.72,21,0,0
19718,2026-03-01 10:00:00,19,42,118.85,19,2,0
19719,2026-03-01 10:00:00,49,2,126.07,18,2,0
19720,2026-03-01 10:00:00,50,2,125.57,8,4,1
19721,2026-03-01 10:00:00,69,27,126.65,17,2,0
19722,2026-03-01 10:00:00,34,14,167.66,26,1,0
19723,2026-03-01 10:00:00,22,48,150.92,18,3,0
19724,2026-03-01 10:00:00,58,39,102.15,20,1,0
19725,2026-03-01 10:00:00,48,53,136.01,19,1,0
19726,2026-03-01 10:00:00,27,53,199.43,18,5,1
19727,2026-03-01 10:00:00,30,56,191.48,18,0,0
19728,2026-03-01 10:00:00,21,12,115.68,20,0,0
19729,2026-03-01 10:00:00,43,32,122.24,15,2,0
19730,2026-03-01 10:00:00,21,28,94.7,14,4,1
19731,2026-03-01 10:00:00,38,55,74.28,19,2,0
19732,2026-03-01 10:00:00,69,28,114.52,25,4,0
19733,2026-03-01 10:00:00,42,46,47.12,20,1,1
19734,2026-03-01 10:00:00,34,25,78.24,20,4,1
19735,2026-03-01 10:00:00,66,4,100.17,25,1,0
19736,2026-03-01 10:00:00,56,26,140.72,23,4,0
19737,2026-03-01 10:00:00,61,36,153.3,20,2,0
19738,2026-03-01 10:00:00,54,50,145.72,19,1,0
19739,2026-03-01 10:00:00,49,3,127.85,16,2,0
19740,2026-03-01 10:00:00,32,1,108.24,19,2,0
19741,2026-03-01 10:00:00,50,17,130.29,20,1,0
19742,2026-03-01 10:00:00,62,7,111.99,23,1,0
19743,2026-03-01 10:00:00,19,48,184.98,15,1,0
19744,2026-03-01 10:00:00,47,5,84.76,14,0,1
19745,2026-03-01 10:00:00,23,19,122.43,23,1,0
19746,2026-03-01 10:00:00,51,39,182.19,21,5,0
19747,2026-03-01 10:00:00,33,46,49.89,17,3,0
19748,2026-03-01 10:00:00,65,34,51.73,21,3,0
19749,2026-03-01 10:00:00,38,35,107.27,25,1,0
19750,2026-03-01 10:00:00,59,49,193.97,20,1,0
19751,2026-03-01 10:00:00,60,16,121.58,16,4,1
19752,2026-03-01 10:00:00,20,40,56.21,24,0,0
19753,2026-03-01 10:00:00,56,50,139.38,15,0,0
19754,2026-03-01 10:00:00,56,47,143.33,17,1,0
19755,2026-03-01 10:00:00,22,39,122.48,19,0,1
19756,2026-03-01 10:00:00,27,27,78.11,20,1,0
19757,2026-03-01 10:00:00,45,41,59.08,26,3,0
19758,2026-03-01 10:00:00,30,38,109.08,15,1,0
19759,2026-03-01 10:00:00,40,50,146.51,18,4,0
19760,2026-03-01 10:00:00,19,50,130.52,18,1,1
19761,2026-03-01 10:00:00,48,25,152.22,17,2,0
19762,2026-03-01 10:00:00,33,26,125.66,26,2,0
19763,2026-03-01 10:00:00,18,56,108.92,17,3,0
19764,2026-03-01 10:00:00,36,14,165.64,19,0,1
19765,2026-03-01 10:00:00,69,14,117.4,15,1,0
19766,2026-03-01 10:00:00,38,14,94.5,21,2,0
19767,2026-03-01 10:00:00,66,25,32.11,21,5,1
19768,2026-03-01 10:00:00,26,36,89.41,18,2,0
19769,2026-03-01 10:00:00,44,4,118.31,22,2,1
19770,2026-03-01 10:00:00,44,47,58.72,28,0,0
19771,2026-03-01 10:00:00,27,15,122.91,23,2,0
19772,2026-03-01 10:00:00,64,32,184.92,17,1,0
19773,2026-03-01 10:00:00,63,18,86.33,20,2,0
19774,2026-03-01 10:00:00,27,14,104.94,16,1,0
19775,2026-03-01 10:00:00,51,58,153.27,16,4,1
19776,2026-03-01 10:00:00,68,1,135.71,19,1,1
19777,2026-03-01 10:00:00,20,42,75.69,19,3,0
19778,2026-03-01 10:00:00,43,20,120.63,21,2,0
19779,2026-03-01 10:00:00,64,10,150.14,17,1,0
19780,2026-03-01 10:00:00,65,10,81.07,20,0,0
19781,2026-03-01 10:00:00,34,59,121.14,19,3,0
19782,2026-03-01 10:00:00,33,24,74.98,22,1,0
19783,2026-03-01 10:00:00,21,34,109.6,19,2,0
19784,2026-03-01 10:00:00,54,28,69.15,17,2,0
19785,2026-03-01 10:00:00,49,27,72.45,21,0,0
19786,2026-03-01 10:00:00,49,40,179.75,17,1,0
19787,2026-03-01 10:00:00,35,1,107.97,18,1,1
19788,2026-03-01 10:00:00,18,33,202.1,25,4,1
19789,2026-03-01 10:00:00,45,4,98.88,25,0,1
19790,2026-03-01 10:00:00,50,7,135.35,17,1,0
19791,2026-03-01 10:00:00,39,9,155.41,22,0,1
19792,2026-03-01 10:00:00,32,16,133.23,20,0,0
19793,2026-03-01 10:00:00,59,5,93.69,25,0,0
19794,2026-03-01 10:00:00,47,34,144.08,16,2,0
19795,2026-03-01 10:00:00,56,23,49.12,18,1,0
19796,2026-03-01 10:00:00,25,43,120.6,20,1,0
19797,2026-03-01 10:00:00,58,50,150.71,20,2,0
19798,2026-03-01 10:00:00,27,25,107.65,18,2,0
19799,2026-03-01 10:00:00,58,57,38.3,21,3,0
19800,2026-03-01 10:00:00,47,51,110.52,14,3,0
19801,2026-03-01 10:00:00,22,13,151.76,11,2,0
19802,2026-03-01 10:00:00,61,24,48.57,23,1,0
19803,2026-03-01 10:00:00,35,11,124.41,22,0,0
19804,2026-03-01 10:00:00,29,52,119.75,23,2,0
19805,2026-03-01 10:00:00,19,51,127.27,26,3,0
19806,2026-03-01 10:00:00,58,17,81.44,15,0,0
19807,2026-03-01 10:00:00,23,37,187.65,23,2,1
19808,2026-03-01 10:00:00,30,13,125.95,22,2,0
19809,2026-03-01 10:00:00,26,27,139.57,19,1,0
19810,2026-03-01 10:00:00,64,20,134.95,16,2,0
19811,2026-03-01 10:00:00,39,33,87.73,25,1,0
19812,2026-03-01 10:00:00,26,42,175.65,16,2,0
19813,2026-03-01 10:00:00,29,32,20.0,19,1,0
19814,2026-03-01 10:00:00,67,8,125.31,30,0,0
19815,2026-03-01 10:00:00,25,56,157.86,23,2,0
19816,2026-03-01 10:00:00,62,29,127.02,19,8,1
19817,2026-03-01 10:00:00,64,40,140.16,17,1,0
19818,2026-03-01 10:00:00,25,19,97.31,20,2,0
19819,2026-03-01 10:00:00,41,6,123.3,21,1,0
19820,2026-03-01 10:00:00,21,44,128.39,25,2,0
19821,2026-03-01 10:00:00,32,39,92.26,16,2,0
19822,2026-03-01 10:00:00,60,48,177.23,22,0,0
19823,2026-03-01 10:00:00,24,41,189.03,22,1,0
19824,2026-03-01 10:00:00,68,21,122.78,20,2,0
19825,2026-03-01 10:00:00,48,57,100.27,14,0,0
19826,2026-03-01 10:00:00,36,22,121.56,20,2,0
19827,2026-03-01 10:00:00,50,42,138.51,22,0,0
19828,2026-03-01 10:00:00,41,10,125.19,20,4,1
19829,2026-03-01 10:00:00,54,10,144.15,21,3,0
19830,2026-03-01 10:00:00,67,52,132.87,14,4,1
19831,2026-03-01 10:00:00,38,29,122.77,22,4,0
19832,2026-03-01 10:00:00,68,16,60.81,24,0,0
19833,2026-03-01 10:00:00,32,1,198.27,20,0,0
19834,2026-03-01 10:00:00,20,17,83.01,23,2,0
19835,2026-03-01 10:00:00,45,30,112.22,19,3,0
19836,2026-03-01 10:00:00,54,26,75.09,24,1,0
19837,2026-03-01 10:00:00,37,53,130.47,23,2,0
19838,2026-03-01 10:00:00,64,46,196.5,22,3,0
19839,2026-03-01 10:00:00,29,19,124.27,13,3,0
19840,2026-03-01 10:00:00,49,53,77.84,16,2,0
19841,2026-03-01 10:00:00,43,21,154.12,12,3,0
19842,2026-03-01 10:00:00,21,17,168.89,27,0,0
19843,2026-03-01 10:00:00,28,46,95.31,17,3,0
19844,2026-03-01 10:00:00,52,40,166.28,19,1,0
19845,2026-03-01 10:00:00,50,21,139.15,28,0,0
19846,2026-03-01 10:00:00,60,53,174.27,22,3,0
19847,2026-03-01 10:00:00,62,41,107.68,19,4,1
19848,2026-03-01 10:00:00,57,40,186.81,22,4,1
19849,2026-03-01 10:00:00,68,45,143.46,19,1,0
19850,2026-03-01 10:00:00,54,49,147.77,16,1,0
19851,2026-03-01 10:00:00,20,19,90.9,20,3,0
19852,2026-03-01 10:00:00,27,7,111.02,15,0,0
19853,2026-03-01 10:00:00,26,17,150.68,22,2,1
19854,2026-03-01 10:00:00,34,1,136.66,19,1,1
19855,2026-03-01 10:00:00,26,37,141.3,27,1,0
19856,2026-03-01 10:00:00,29,57,193.66,21,1,0
19857,2026-03-01 10:00:00,60,6,75.16,19,3,0
19858,2026-03-01 10:00:00,65,26,125.72,27,1,1
19859,2026-03-01 10:00:00,45,2,98.09,18,1,1
19860,2026-03-01 10:00:00,53,59,101.05,22,1,0
19861,2026-03-01 10:00:00,37,32,150.5,27,2,0
19862,2026-03-01 10:00:00,19,57,22.05,16,1,0
19863,2026-03-01 10:00:00,57,48,46.7,21,1,0
19864,2026-03-01 10:00:00,48,54,120.48,20,3,0
19865,2026-03-01 10:00:00,65,5,136.21,27,2,0
19866,2026-03-01 10:00:00,48,37,69.46,23,2,0
19867,2026-03-01 10:00:00,36,31,94.0,22,1,0
19868,2026-03-01 10:00:00,60,12,108.99,20,3,0
19869,2026-03-01 10:00:00,31,35,173.22,22,1,0
19870,2026-03-01 10:00:00,19,30,137.73,19,0,0
19871,2026-03-01 10:00:00,32,48,113.49,16,1,0
19872,2026-03-01 10:00:00,66,6,102.62,16,5,0
19873,2026-03-01 10:00:00,59,15,144.36,21,4,1
19874,2026-03-01 10:00:00,50,15,81.9,19,1,0
19875,2026-03-01 10:00:00,21,16,116.55,18,3,0
19876,2026-03-01 10:00:00,35,20,124.12,16,0,1
19877,2026-03-01 10:00:00,19,13,112.67,16,2,0
19878,2026-03-01 10:00:00,20,44,134.35,11,2,0
19879,2026-03-01 10:00:00,30,42,94.79,20,2,0
19880,2026-03-01 10:00:00,30,46,168.6,22,1,0
19881,2026-03-01 10:00:00,64,31,176.77,19,0,0
19882,2026-03-01 10:00:00,23,34,210.29,18,1,0
19883,2026-03-01 10:00:00,18,29,184.58,23,1,0
19884,2026-03-01 10:00:00,47,3,139.59,17,3,0
19885,2026-03-01 10:00:00,59,9,132.64,27,1,0
19886,2026-03-01 10:00:00,29,11,174.97,19,2,0
19887,2026-03-01 10:00:00,65,11,140.69,25,1,0
19888,2026-03-01 10:00:00,19,25,38.5,26,2,0
19889,2026-03-01 10:00:00,52,22,131.79,27,2,0
19890,2026-03-01 10:00:00,45,42,97.16,17,2,0
19891,2026-03-01 10:00:00,21,58,69.87,14,0,0
19892,2026-03-01 10:00:00,54,46,165.22,20,4,0
19893,2026-03-01 10:00:00,64,9,68.47,27,2,0
19894,2026-03-01 10:00:00,21,20,109.51,15,1,0
19895,2026-03-01 10:00:00,46,59,145.83,20,2,0
19896,2026-03-01 10:00:00,21,21,112.49,22,1,0
19897,2026-03-01 10:00:00,65,10,72.21,10,3,0
19898,2026-03-01 10:00:00,51,22,97.65,21,1,0
19899,2026-03-01 10:00:00,58,29,120.94,30,3,0
19900,2026-03-01 10:00:00,61,9,50.62,23,1,0
19901,2026-03-01 10:00:00,33,5,83.39,21,2,1
19902,2026-03-01 10:00:00,22,40,117.76,17,1,0
19903,2026-03-01 10:00:00,40,11,108.87,19,2,0
19904,2026-03-01 10:00:00,63,1,103.36,17,2,0
19905,2026-03-01 10:00:00,49,53,105.58,18,1,0
19906,2026-03-01 10:00:00,57,42,187.67,24,2,0
19907,2026-03-01 10:00:00,41,1,134.24,26,2,0
19908,2026-03-01 10:00:00,42,58,90.14,17,3,0
19909,2026-03-01 10:00:00,64,54,121.31,17,0,1
19910,2026-03-01 10:00:00,63,39,113.32,15,2,0
19911,2026-03-01 10:00:00,37,46,103.61,25,2,0
19912,2026-03-01 10:00:00,34,5,114.42,28,2,0
19913,2026-03-01 10:00:00,66,49,134.08,20,1,0
19914,2026-03-01 10:00:00,24,22,98.64,17,0,0
19915,2026-03-01 10:00:00,36,26,86.87,17,3,0
19916,2026-03-01 10:00:00,37,53,83.06,20,2,0
19917,2026-03-01 10:00:00,60,6,71.13,20,3,0
19918,2026-03-01 10:00:00,62,32,118.21,15,3,0
19919,2026-03-01 10:00:00,64,48,116.42,20,1,0
19920,2026-03-01 10:00:00,49,11,133.99,21,2,0
19921,2026-03-01 10:00:00,60,10,89.34,20,0,0
19922,2026-03-01 10:00:00,43,47,116.13,26,3,1
19923,2026-03-01 10:00:00,29,39,175.5,13,4,1
19924,2026-03-01 10:00:00,47,55,130.74,15,1,0
19925,2026-03-01 10:00:00,64,34,72.22,15,2,0
19926,2026-03-01 10:00:00,59,31,108.77,20,0,0
19927,2026-03-01 10:00:00,55,12,118.67,16,3,0
19928,2026-03-01 10:00:00,26,51,115.88,22,2,0
19929,2026-03-01 10:00:00,31,44,87.68,22,3,0
19930,2026-03-01 10:00:00,54,16,115.77,23,5,1
19931,2026-03-01 10:00:00,28,38,126.71,22,1,0
19932,2026-03-01 10:00:00,29,3,140.18,26,1,0
19933,2026-03-01 10:00:00,35,2,201.72,14,1,1
19934,2026-03-01 10:00:00,52,52,144.23,20,1,0
19935,2026-03-01 10:00:00,50,5,134.71,24,1,1
19936,2026-03-01 10:00:00,50,11,98.08,13,2,0
19937,2026-03-01 10:00:00,50,58,153.98,18,3,0
19938,2026-03-01 10:00:00,22,25,90.8,13,1,0
19939,2026-03-01 10:00:00,42,35,110.0,17,1,0
19940,2026-03-01 10:00:00,23,35,170.04,18,6,1
19941,2026-03-01 10:00:00,45,22,61.3,19,4,0
19942,2026-03-01 10:00:00,62,37,110.87,15,4,1
19943,2026-03-01 10:00:00,52,22,88.37,21,5,0
19944,2026-03-01 10:00:00,28,55,126.39,18,0,0
19945,2026-03-01 10:00:00,32,11,86.66,17,3,0
19946,2026-03-01 10:00:00,31,32,99.16,14,0,1
19947,2026-03-01 10:00:00,50,35,133.65,17,2,0
19948,2026-03-01 10:00:00,47,31,146.23,14,1,0
19949,2026-03-01 10:00:00,35,45,150.94,16,3,0
19950,2026-03-01 10:00:00,61,53,146.77,23,0,0
19951,2026-03-01 10:00:00,49,8,74.92,25,5,0
19952,2026-03-01 10:00:00,23,20,142.53,17,1,0
19953,2026-03-01 10:00:00,58,42,115.96,27,4,0
19954,2026-03-01 10:00:00,23,34,148.41,22,2,0
19955,2026-03-01 10:00:00,25,4,65.42,28,2,1
19956,2026-03-01 10:00:00,24,18,84.43,18,4,1
19957,2026-03-01 10:00:00,58,51,91.08,37,1,0
19958,2026-03-01 10:00:00,34,4,202.98,22,0,1
19959,2026-03-01 10:00:00,39,20,140.7,23,2,0
19960,2026-03-01 10:00:00,50,58,94.9,24,3,0
19961,2026-03-01 10:00:00,25,9,106.13,15,1,0
19962,2026-03-01 10:00:00,56,16,75.95,19,3,0
19963,2026-03-01 10:00:00,23,26,96.61,14,2,0
19964,2026-03-01 10:00:00,20,38,123.46,20,4,1
19965,2026-03-01 10:00:00,40,25,102.63,15,0,0
19966,2026-03-01 10:00:00,54,4,128.21,19,4,0
19967,2026-03-01 10:00:00,65,41,117.41,28,2,0
19968,2026-03-01 10:00:00,18,59,100.85,24,0,0
19969,2026-03-01 10:00:00,67,45,40.27,26,0,0
19970,2026-03-01 10:00:00,46,41,105.87,20,2,0
19971,2026-03-01 10:00:00,32,38,89.25,12,2,0
19972,2026-03-01 10:00:00,45,53,112.91,19,1,0
19973,2026-03-01 10:00:00,54,19,175.45,14,2,0
19974,2026-03-01 10:00:00,24,14,147.2,17,3,0
19975,2026-03-01 10:00:00,60,21,97.34,28,1,0
19976,2026-03-01 10:00:00,62,15,99.51,15,1,0
19977,2026-03-01 10:00:00,28,3,118.61,19,1,0
19978,2026-03-01 10:00:00,58,37,98.47,17,1,1
19979,2026-03-01 10:00:00,68,53,164.45,18,2,0
19980,2026-03-01 10:00:00,60,50,159.07,23,5,0
19981,2026-03-01 10:00:00,27,46,79.31,18,2,0
19982,2026-03-01 10:00:00,22,16,177.73,15,0,0
19983,2026-03-01 10:00:00,26,14,151.81,17,1,0
19984,2026-03-01 10:00:00,47,9,111.45,29,2,0
19985,2026-03-01 10:00:00,52,47,145.14,22,0,0
19986,2026-03-01 10:00:00,31,7,104.99,23,0,1
19987,2026-03-01 10:00:00,38,14,102.25,18,3,0
19988,2026-03-01 10:00:00,42,6,84.44,23,5,0
19989,2026-03-01 10:00:00,63,21,195.53,18,2,0
19990,2026-03-01 10:00:00,38,15,71.34,19,4,0
19991,2026-03-01 10:00:00,64,52,95.61,23,1,0
19992,2026-03-01 10:00:00,61,8,136.44,19,3,0
19993,2026-03-01 10:00:00,45,34,53.11,19,2,0
19994,2026-03-01 10:00:00,46,40,67.87,19,3,0
19995,2026-03-01 10:00:00,67,1,101.97,23,1,0
19996,2026-03-01 10:00:00,30,32,46.55,33,3,0
19997,2026-03-01 10:00:00,37,58,136.72,26,1,0
19998,2026-03-01 10:00:00,35,49,186.91,22,3,0
19999,2026-03-01 10:00:00,38,51,260.78,31,0,0
20000,2026-03-01 10:00:00,39,5,156.18,20,1,0
