user_id,event_timestamp,days_since_last_login,session_count_7d,avg_session_duration,num_failed_logins,is_premium,country,is_churn,created_timestamp
103,2026-02-16 05:55:15.955005,14,15,24.38008000000056,0,False,Indonesia,False,2026-03-02 05:55:15.955005
436,2026-01-03 05:55:15.955005,5,6,26.764519449178785,1,True,Singapore,False,2026-03-02 05:55:15.955005
349,2026-02-09 05:55:15.955005,11,18,25.68737633962793,1,False,Malaysia,False,2026-03-02 05:55:15.955005
271,2026-01-11 05:55:15.955005,7,0,13.567641512208212,1,True,Malaysia,False,2026-03-02 05:55:15.955005
107,2026-01-14 05:55:15.955005,12,8,23.001542655916648,4,False,Indonesia,False,2026-03-02 05:55:15.955005
72,2026-02-10 05:55:15.955005,18,17,3.829795917711814,4,True,Singapore,False,2026-03-02 05:55:15.955005
189,2026-01-03 05:55:15.955005,26,12,2.16709834795827,4,False,Singapore,True,2026-03-02 05:55:15.955005
21,2026-01-06 05:55:15.955005,0,14,22.843856014954063,2,True,Indonesia,False,2026-03-02 05:55:15.955005
103,2026-02-09 05:55:15.955005,10,2,13.335302955531827,4,True,Indonesia,True,2026-03-02 05:55:15.955005
122,2026-01-26 05:55:15.955005,19,9,29.870928677447505,0,True,Indonesia,True,2026-03-02 05:55:15.955005
467,2026-01-28 05:55:15.955005,0,8,3.8203722598104397,0,False,Indonesia,False,2026-03-02 05:55:15.955005
215,2026-02-01 05:55:15.955005,29,12,25.813202764521776,3,False,Singapore,False,2026-03-02 05:55:15.955005
331,2026-02-06 05:55:15.955005,7,15,14.91950890034076,3,True,Singapore,False,2026-03-02 05:55:15.955005
459,2026-01-17 05:55:15.955005,4,2,24.987355669612434,3,False,Indonesia,False,2026-03-02 05:55:15.955005
88,2026-02-03 05:55:15.955005,16,14,24.696691182934202,3,True,Malaysia,False,2026-03-02 05:55:15.955005
373,2026-03-02 05:55:15.955005,29,16,27.563768039500243,0,True,Malaysia,False,2026-03-02 05:55:15.955005
100,2026-01-13 05:55:15.955005,7,13,9.637650327296981,3,False,Singapore,False,2026-03-02 05:55:15.955005
360,2026-01-17 05:55:15.955005,24,6,28.54418125039809,0,False,Singapore,True,2026-03-02 05:55:15.955005
152,2026-02-27 05:55:15.955005,9,19,5.398341850370988,4,False,Indonesia,False,2026-03-02 05:55:15.955005
131,2026-02-24 05:55:15.955005,1,15,3.3770945502112255,4,False,Malaysia,False,2026-03-02 05:55:15.955005
150,2026-01-13 05:55:15.955005,8,7,13.516850003798126,2,False,Singapore,False,2026-03-02 05:55:15.955005
309,2026-02-22 05:55:15.955005,23,3,25.021366090613437,3,False,Malaysia,False,2026-03-02 05:55:15.955005
258,2026-01-26 05:55:15.955005,22,19,14.729212788369923,4,True,Indonesia,False,2026-03-02 05:55:15.955005
344,2026-02-12 05:55:15.955005,2,14,25.04931364838491,4,True,Singapore,False,2026-03-02 05:55:15.955005
492,2026-03-02 05:55:15.955005,17,4,22.160917368034852,1,True,Singapore,False,2026-03-02 05:55:15.955005
414,2026-02-21 05:55:15.955005,6,12,7.073423198029073,1,False,Malaysia,False,2026-03-02 05:55:15.955005
294,2026-01-26 05:55:15.955005,14,5,28.51756712208445,0,True,Malaysia,False,2026-03-02 05:55:15.955005
386,2026-02-22 05:55:15.955005,20,4,2.762653890252699,2,False,Singapore,False,2026-03-02 05:55:15.955005
192,2026-01-17 05:55:15.955005,21,16,27.050111518770052,1,False,Malaysia,True,2026-03-02 05:55:15.955005
444,2026-01-16 05:55:15.955005,19,6,9.828860020720846,2,False,Malaysia,False,2026-03-02 05:55:15.955005
277,2026-01-20 05:55:15.955005,17,5,15.50429441176758,4,True,Indonesia,True,2026-03-02 05:55:15.955005
161,2026-01-30 05:55:15.955005,24,1,13.2482043083213,0,True,Malaysia,False,2026-03-02 05:55:15.955005
460,2026-01-30 05:55:15.955005,2,10,5.98320215059057,2,False,Singapore,False,2026-03-02 05:55:15.955005
314,2026-02-25 05:55:15.955005,27,6,11.3862591256491,1,True,Indonesia,False,2026-03-02 05:55:15.955005
22,2026-01-14 05:55:15.955005,29,7,6.595098652491063,4,False,Singapore,True,2026-03-02 05:55:15.955005
253,2026-01-24 05:55:15.955005,22,4,6.912707788355192,3,False,Indonesia,True,2026-03-02 05:55:15.955005
236,2026-02-14 05:55:15.955005,13,17,6.42464824476503,4,True,Indonesia,False,2026-03-02 05:55:15.955005
345,2026-02-21 05:55:15.955005,23,15,15.181504030051233,1,False,Malaysia,True,2026-03-02 05:55:15.955005
49,2026-01-12 05:55:15.955005,1,13,24.140009657828152,1,False,Malaysia,False,2026-03-02 05:55:15.955005
475,2026-02-04 05:55:15.955005,13,11,17.50013097907599,3,False,Singapore,False,2026-03-02 05:55:15.955005
59,2026-01-08 05:55:15.955005,21,16,26.902991067974416,4,False,Malaysia,False,2026-03-02 05:55:15.955005
170,2026-01-12 05:55:15.955005,10,4,19.459790168725,2,True,Indonesia,False,2026-03-02 05:55:15.955005
476,2026-01-27 05:55:15.955005,15,13,20.990863353345528,2,True,Malaysia,False,2026-03-02 05:55:15.955005
188,2026-01-10 05:55:15.955005,7,5,20.360609662083093,4,False,Singapore,False,2026-03-02 05:55:15.955005
464,2026-01-03 05:55:15.955005,6,14,14.034316602328493,2,False,Indonesia,False,2026-03-02 05:55:15.955005
271,2026-02-10 05:55:15.955005,10,6,20.9908258438024,4,False,Singapore,False,2026-03-02 05:55:15.955005
190,2026-02-06 05:55:15.955005,2,13,3.0215246475998736,4,True,Malaysia,False,2026-03-02 05:55:15.955005
446,2026-02-03 05:55:15.955005,16,17,25.93569268555423,1,True,Indonesia,False,2026-03-02 05:55:15.955005
175,2026-01-15 05:55:15.955005,13,0,23.556552159873604,0,True,Singapore,False,2026-03-02 05:55:15.955005
446,2026-02-16 05:55:15.955005,5,5,8.111668788718685,1,True,Malaysia,False,2026-03-02 05:55:15.955005
51,2026-02-27 05:55:15.955005,7,2,23.27294117336839,2,True,Malaysia,True,2026-03-02 05:55:15.955005
364,2026-02-02 05:55:15.955005,21,4,1.3666354406005363,0,False,Singapore,True,2026-03-02 05:55:15.955005
55,2026-01-03 05:55:15.955005,4,11,7.300150601945532,4,True,Indonesia,False,2026-03-02 05:55:15.955005
244,2026-02-22 05:55:15.955005,26,10,2.888979921455982,2,True,Singapore,True,2026-03-02 05:55:15.955005
320,2026-02-04 05:55:15.955005,27,12,23.626580581918944,3,False,Malaysia,False,2026-03-02 05:55:15.955005
131,2026-02-05 05:55:15.955005,7,15,22.92035038417323,2,True,Singapore,False,2026-03-02 05:55:15.955005
485,2026-02-12 05:55:15.955005,1,17,24.59544469025309,0,False,Malaysia,False,2026-03-02 05:55:15.955005
307,2026-01-06 05:55:15.955005,14,16,1.129969106440336,0,False,Indonesia,False,2026-03-02 05:55:15.955005
135,2026-02-03 05:55:15.955005,11,16,15.535749073673832,4,True,Singapore,False,2026-03-02 05:55:15.955005
21,2026-02-14 05:55:15.955005,16,10,21.440249728002758,3,True,Indonesia,False,2026-03-02 05:55:15.955005
329,2026-01-19 05:55:15.955005,0,19,5.506632733431449,4,True,Singapore,False,2026-03-02 05:55:15.955005
167,2026-01-05 05:55:15.955005,14,9,19.843931097866115,3,True,Malaysia,False,2026-03-02 05:55:15.955005
274,2026-01-21 05:55:15.955005,13,15,3.4391928799808857,3,False,Indonesia,False,2026-03-02 05:55:15.955005
388,2026-01-20 05:55:15.955005,19,1,6.258449827025082,4,False,Malaysia,True,2026-03-02 05:55:15.955005
89,2026-01-12 05:55:15.955005,21,16,14.79810763484343,2,True,Singapore,False,2026-03-02 05:55:15.955005
316,2026-02-11 05:55:15.955005,15,19,19.953389427751958,1,False,Malaysia,False,2026-03-02 05:55:15.955005
14,2026-01-17 05:55:15.955005,28,9,5.230204681662986,3,False,Singapore,True,2026-03-02 05:55:15.955005
242,2026-01-22 05:55:15.955005,8,12,6.371476594097199,0,False,Indonesia,False,2026-03-02 05:55:15.955005
265,2026-01-23 05:55:15.955005,0,11,6.9289446449042265,4,True,Malaysia,False,2026-03-02 05:55:15.955005
346,2026-01-13 05:55:15.955005,27,14,7.9223233362703755,2,False,Malaysia,False,2026-03-02 05:55:15.955005
53,2026-01-09 05:55:15.955005,16,6,7.570061607262446,3,False,Singapore,True,2026-03-02 05:55:15.955005
386,2026-02-08 05:55:15.955005,28,12,12.459324146431465,2,False,Singapore,True,2026-03-02 05:55:15.955005
340,2026-01-15 05:55:15.955005,12,11,19.959899874264963,4,True,Singapore,False,2026-03-02 05:55:15.955005
92,2026-01-30 05:55:15.955005,20,11,13.70292171089962,0,False,Indonesia,True,2026-03-02 05:55:15.955005
367,2026-01-10 05:55:15.955005,25,1,23.503243353746758,3,False,Malaysia,True,2026-03-02 05:55:15.955005
444,2026-01-15 05:55:15.955005,20,4,21.85878667250983,3,False,Singapore,True,2026-03-02 05:55:15.955005
455,2026-01-29 05:55:15.955005,4,1,4.669280507423195,2,False,Singapore,False,2026-03-02 05:55:15.955005
428,2026-01-05 05:55:15.955005,9,19,2.416407076301574,4,False,Malaysia,True,2026-03-02 05:55:15.955005
264,2026-01-16 05:55:15.955005,5,12,26.460305355988577,1,False,Indonesia,False,2026-03-02 05:55:15.955005
431,2026-02-26 05:55:15.955005,23,2,3.315100930323329,3,False,Malaysia,False,2026-03-02 05:55:15.955005
35,2026-01-19 05:55:15.955005,18,10,5.30183624087168,0,True,Singapore,False,2026-03-02 05:55:15.955005
206,2026-01-14 05:55:15.955005,24,15,1.6418649911854237,3,True,Malaysia,False,2026-03-02 05:55:15.955005
81,2026-01-28 05:55:15.955005,12,0,19.22175459366096,3,True,Singapore,False,2026-03-02 05:55:15.955005
420,2026-01-22 05:55:15.955005,0,18,17.88874633159211,1,True,Singapore,False,2026-03-02 05:55:15.955005
50,2026-02-20 05:55:15.955005,19,10,29.620206326622412,1,True,Malaysia,True,2026-03-02 05:55:15.955005
360,2026-01-12 05:55:15.955005,24,8,26.72103949319799,4,True,Malaysia,True,2026-03-02 05:55:15.955005
388,2026-02-28 05:55:15.955005,14,13,12.914452146946381,3,False,Indonesia,False,2026-03-02 05:55:15.955005
2,2026-01-04 05:55:15.955005,13,8,11.775989386463515,3,True,Singapore,True,2026-03-02 05:55:15.955005
390,2026-01-29 05:55:15.955005,7,6,9.608708994119567,2,True,Singapore,False,2026-03-02 05:55:15.955005
54,2026-02-20 05:55:15.955005,9,15,5.419800681098559,2,True,Singapore,False,2026-03-02 05:55:15.955005
106,2026-02-15 05:55:15.955005,8,2,5.004426041458262,0,True,Singapore,True,2026-03-02 05:55:15.955005
260,2026-02-13 05:55:15.955005,16,18,4.836227532278557,0,False,Singapore,False,2026-03-02 05:55:15.955005
310,2026-02-01 05:55:15.955005,8,3,4.309327958416578,2,False,Malaysia,False,2026-03-02 05:55:15.955005
477,2026-01-14 05:55:15.955005,2,6,7.97484922976057,0,False,Singapore,False,2026-03-02 05:55:15.955005
191,2026-01-07 05:55:15.955005,10,11,9.893390279080377,3,False,Malaysia,False,2026-03-02 05:55:15.955005
402,2026-02-21 05:55:15.955005,11,17,28.88579016012856,1,True,Indonesia,False,2026-03-02 05:55:15.955005
218,2026-02-13 05:55:15.955005,9,4,17.775724279054685,3,False,Singapore,False,2026-03-02 05:55:15.955005
44,2026-01-24 05:55:15.955005,24,9,29.640277460885148,2,True,Indonesia,False,2026-03-02 05:55:15.955005
162,2026-02-12 05:55:15.955005,16,11,11.801541486944524,4,False,Malaysia,False,2026-03-02 05:55:15.955005
202,2026-01-26 05:55:15.955005,16,7,14.27117234509379,4,True,Malaysia,True,2026-03-02 05:55:15.955005
446,2026-01-03 05:55:15.955005,24,18,10.412781115793097,2,True,Indonesia,False,2026-03-02 05:55:15.955005
484,2026-02-18 05:55:15.955005,10,14,6.303741876000028,3,False,Singapore,False,2026-03-02 05:55:15.955005
270,2026-01-06 05:55:15.955005,29,0,5.151776525549796,0,False,Malaysia,True,2026-03-02 05:55:15.955005
351,2026-01-16 05:55:15.955005,21,2,28.407296736427124,0,False,Malaysia,True,2026-03-02 05:55:15.955005
304,2026-02-28 05:55:15.955005,3,17,29.617509772163917,4,False,Malaysia,False,2026-03-02 05:55:15.955005
271,2026-02-21 05:55:15.955005,6,17,2.302375398753215,2,False,Malaysia,False,2026-03-02 05:55:15.955005
456,2026-01-24 05:55:15.955005,20,1,5.3600303672212295,2,False,Malaysia,True,2026-03-02 05:55:15.955005
462,2026-03-02 05:55:15.955005,25,4,13.282198676729656,1,False,Malaysia,False,2026-03-02 05:55:15.955005
215,2026-01-07 05:55:15.955005,13,0,6.403670813987812,4,True,Indonesia,True,2026-03-02 05:55:15.955005
252,2026-01-06 05:55:15.955005,6,9,11.552531415179615,2,False,Singapore,False,2026-03-02 05:55:15.955005
190,2026-02-04 05:55:15.955005,23,19,4.7437941459293675,1,True,Singapore,True,2026-03-02 05:55:15.955005
296,2026-01-16 05:55:15.955005,7,9,14.238840944931917,0,True,Singapore,False,2026-03-02 05:55:15.955005
213,2026-02-23 05:55:15.955005,0,4,8.87914386890852,4,False,Singapore,False,2026-03-02 05:55:15.955005
208,2026-01-11 05:55:15.955005,23,17,11.205246617001164,4,True,Indonesia,False,2026-03-02 05:55:15.955005
237,2026-01-16 05:55:15.955005,21,14,3.73506689241968,2,False,Indonesia,False,2026-03-02 05:55:15.955005
338,2026-01-20 05:55:15.955005,3,19,13.41571347059411,2,True,Singapore,False,2026-03-02 05:55:15.955005
367,2026-02-14 05:55:15.955005,28,7,29.514470717885526,3,False,Malaysia,False,2026-03-02 05:55:15.955005
53,2026-02-22 05:55:15.955005,29,16,10.536158359554518,0,False,Singapore,True,2026-03-02 05:55:15.955005
280,2026-02-25 05:55:15.955005,11,11,26.416448970430615,0,False,Malaysia,False,2026-03-02 05:55:15.955005
410,2026-01-19 05:55:15.955005,23,11,25.452775107086868,1,False,Malaysia,True,2026-03-02 05:55:15.955005
217,2026-02-06 05:55:15.955005,2,0,28.609694130619108,1,False,Indonesia,False,2026-03-02 05:55:15.955005
252,2026-01-23 05:55:15.955005,12,3,23.913175855745738,3,True,Malaysia,False,2026-03-02 05:55:15.955005
188,2026-01-13 05:55:15.955005,19,7,20.128307984705632,0,False,Indonesia,True,2026-03-02 05:55:15.955005
380,2026-01-02 05:55:15.955005,5,0,25.84094888259627,1,False,Singapore,False,2026-03-02 05:55:15.955005
493,2026-02-03 05:55:15.955005,10,14,3.1936957390631395,0,True,Indonesia,False,2026-03-02 05:55:15.955005
41,2026-01-29 05:55:15.955005,22,17,14.422089058765426,0,False,Malaysia,True,2026-03-02 05:55:15.955005
157,2026-01-08 05:55:15.955005,3,0,29.688430919836705,1,True,Malaysia,False,2026-03-02 05:55:15.955005
15,2026-01-25 05:55:15.955005,19,10,23.318404387547236,2,False,Malaysia,False,2026-03-02 05:55:15.955005
301,2026-02-22 05:55:15.955005,15,1,28.90018596307947,2,True,Singapore,True,2026-03-02 05:55:15.955005
65,2026-02-13 05:55:15.955005,6,0,23.609396327870893,1,False,Indonesia,False,2026-03-02 05:55:15.955005
345,2026-01-06 05:55:15.955005,21,11,26.371577055822183,3,False,Singapore,False,2026-03-02 05:55:15.955005
327,2026-01-03 05:55:15.955005,28,15,21.48935933679254,4,True,Indonesia,False,2026-03-02 05:55:15.955005
9,2026-02-10 05:55:15.955005,10,9,23.054558128099956,0,True,Singapore,False,2026-03-02 05:55:15.955005
344,2026-03-01 05:55:15.955005,23,17,16.17216228534552,4,True,Singapore,True,2026-03-02 05:55:15.955005
129,2026-01-04 05:55:15.955005,0,14,27.802893323609855,1,True,Malaysia,False,2026-03-02 05:55:15.955005
492,2026-01-19 05:55:15.955005,25,16,24.92612840807749,0,True,Singapore,False,2026-03-02 05:55:15.955005
136,2026-01-03 05:55:15.955005,28,9,25.472664004303333,4,False,Singapore,True,2026-03-02 05:55:15.955005
472,2026-01-02 05:55:15.955005,26,2,20.517263927928518,2,False,Indonesia,True,2026-03-02 05:55:15.955005
63,2026-01-24 05:55:15.955005,6,15,9.83281846553022,3,True,Singapore,False,2026-03-02 05:55:15.955005
139,2026-01-04 05:55:15.955005,11,5,2.0332640663140404,4,True,Malaysia,False,2026-03-02 05:55:15.955005
499,2026-01-22 05:55:15.955005,6,2,28.133998752876792,3,True,Singapore,True,2026-03-02 05:55:15.955005
81,2026-01-26 05:55:15.955005,26,8,17.997490115359412,2,False,Indonesia,False,2026-03-02 05:55:15.955005
392,2026-01-12 05:55:15.955005,22,10,9.646146163296068,4,False,Indonesia,True,2026-03-02 05:55:15.955005
163,2026-01-02 05:55:15.955005,6,12,5.324918127578597,1,True,Singapore,False,2026-03-02 05:55:15.955005
419,2026-01-19 05:55:15.955005,9,17,25.056171799521884,0,False,Singapore,False,2026-03-02 05:55:15.955005
289,2026-01-25 05:55:15.955005,29,3,25.259085638979787,2,True,Indonesia,False,2026-03-02 05:55:15.955005
379,2026-02-16 05:55:15.955005,15,7,24.620731075785415,3,False,Malaysia,True,2026-03-02 05:55:15.955005
261,2026-02-03 05:55:15.955005,25,12,19.707398067036802,3,True,Singapore,False,2026-03-02 05:55:15.955005
490,2026-02-13 05:55:15.955005,7,9,11.614446240164401,2,True,Malaysia,False,2026-03-02 05:55:15.955005
231,2026-01-28 05:55:15.955005,8,1,9.818038258627453,1,False,Malaysia,False,2026-03-02 05:55:15.955005
41,2026-02-09 05:55:15.955005,8,7,1.2480883334269355,1,False,Singapore,False,2026-03-02 05:55:15.955005
28,2026-02-20 05:55:15.955005,1,5,25.17461920195897,3,True,Malaysia,False,2026-03-02 05:55:15.955005
135,2026-01-04 05:55:15.955005,12,15,3.5355482273156316,2,True,Indonesia,False,2026-03-02 05:55:15.955005
201,2026-01-05 05:55:15.955005,12,17,19.29189494318226,2,False,Malaysia,False,2026-03-02 05:55:15.955005
328,2026-02-18 05:55:15.955005,22,16,15.618173458362563,0,True,Indonesia,False,2026-03-02 05:55:15.955005
268,2026-02-27 05:55:15.955005,22,5,16.273991408864184,3,True,Singapore,False,2026-03-02 05:55:15.955005
418,2026-02-09 05:55:15.955005,3,12,27.874672513925425,1,True,Malaysia,False,2026-03-02 05:55:15.955005
33,2026-02-24 05:55:15.955005,24,13,1.9168353268660212,4,True,Indonesia,False,2026-03-02 05:55:15.955005
48,2026-01-19 05:55:15.955005,23,9,23.4283745142344,1,True,Indonesia,False,2026-03-02 05:55:15.955005
407,2026-01-08 05:55:15.955005,11,10,2.5095195526519065,1,True,Singapore,False,2026-03-02 05:55:15.955005
62,2026-02-07 05:55:15.955005,16,12,2.106454572125939,4,False,Malaysia,False,2026-03-02 05:55:15.955005
216,2026-02-27 05:55:15.955005,1,11,13.464713246100075,3,False,Indonesia,True,2026-03-02 05:55:15.955005
293,2026-02-03 05:55:15.955005,12,8,2.829180055946035,0,True,Indonesia,False,2026-03-02 05:55:15.955005
99,2026-02-16 05:55:15.955005,28,3,23.88517458749445,1,True,Singapore,False,2026-03-02 05:55:15.955005
172,2026-03-02 05:55:15.955005,17,6,16.35732971580178,1,False,Malaysia,False,2026-03-02 05:55:15.955005
360,2026-01-07 05:55:15.955005,27,1,1.8421246971334588,3,True,Malaysia,True,2026-03-02 05:55:15.955005
214,2026-02-28 05:55:15.955005,27,6,2.174519907975666,3,False,Indonesia,False,2026-03-02 05:55:15.955005
475,2026-02-17 05:55:15.955005,26,8,18.767387362444904,2,False,Malaysia,True,2026-03-02 05:55:15.955005
35,2026-01-24 05:55:15.955005,14,4,24.377242712093743,3,True,Malaysia,False,2026-03-02 05:55:15.955005
449,2026-01-12 05:55:15.955005,7,14,13.696186406968433,3,True,Malaysia,False,2026-03-02 05:55:15.955005
227,2026-01-05 05:55:15.955005,14,17,17.082839474533106,1,True,Malaysia,False,2026-03-02 05:55:15.955005
101,2026-03-02 05:55:15.955005,0,3,24.195054167447147,0,False,Malaysia,False,2026-03-02 05:55:15.955005
431,2026-01-24 05:55:15.955005,19,18,18.704679047212757,1,False,Malaysia,True,2026-03-02 05:55:15.955005
462,2026-01-24 05:55:15.955005,9,19,7.518046892105764,3,True,Malaysia,False,2026-03-02 05:55:15.955005
131,2026-02-10 05:55:15.955005,11,6,18.77850875021488,2,True,Indonesia,False,2026-03-02 05:55:15.955005
257,2026-01-14 05:55:15.955005,4,7,19.22010431289119,0,True,Indonesia,False,2026-03-02 05:55:15.955005
5,2026-02-02 05:55:15.955005,8,16,22.289102445552675,2,False,Malaysia,False,2026-03-02 05:55:15.955005
218,2026-02-26 05:55:15.955005,22,12,19.005351439147237,4,True,Malaysia,False,2026-03-02 05:55:15.955005
255,2026-01-13 05:55:15.955005,7,10,29.1080217832831,2,False,Singapore,False,2026-03-02 05:55:15.955005
398,2026-02-21 05:55:15.955005,15,0,6.721360952794986,2,True,Indonesia,True,2026-03-02 05:55:15.955005
359,2026-02-03 05:55:15.955005,13,1,28.581629707445213,3,True,Singapore,True,2026-03-02 05:55:15.955005
283,2026-02-10 05:55:15.955005,26,16,16.61184522015047,3,False,Indonesia,True,2026-03-02 05:55:15.955005
393,2026-01-12 05:55:15.955005,24,4,20.48672807435245,3,False,Singapore,True,2026-03-02 05:55:15.955005
207,2026-02-24 05:55:15.955005,12,5,3.8843863261135056,3,False,Singapore,False,2026-03-02 05:55:15.955005
15,2026-02-28 05:55:15.955005,22,6,12.036702299965103,3,False,Singapore,True,2026-03-02 05:55:15.955005
346,2026-01-17 05:55:15.955005,20,14,23.311995247432005,2,False,Indonesia,False,2026-03-02 05:55:15.955005
42,2026-01-15 05:55:15.955005,12,18,21.50041943787072,4,False,Indonesia,False,2026-03-02 05:55:15.955005
380,2026-02-11 05:55:15.955005,4,15,2.164042256796895,3,True,Malaysia,True,2026-03-02 05:55:15.955005
461,2026-02-12 05:55:15.955005,15,12,16.851233641420095,4,False,Indonesia,False,2026-03-02 05:55:15.955005
179,2026-01-27 05:55:15.955005,25,4,3.560067596083874,4,True,Indonesia,False,2026-03-02 05:55:15.955005
63,2026-02-27 05:55:15.955005,10,2,29.879836446166706,1,True,Indonesia,False,2026-03-02 05:55:15.955005
352,2026-02-26 05:55:15.955005,21,2,27.021601067465543,1,True,Indonesia,True,2026-03-02 05:55:15.955005
231,2026-03-02 05:55:15.955005,4,18,1.6113391524275718,0,False,Malaysia,False,2026-03-02 05:55:15.955005
241,2026-02-27 05:55:15.955005,12,13,25.900837788176293,1,False,Malaysia,False,2026-03-02 05:55:15.955005
52,2026-02-19 05:55:15.955005,27,15,27.66345841619382,3,True,Indonesia,False,2026-03-02 05:55:15.955005
96,2026-01-02 05:55:15.955005,10,16,11.252898454340198,4,True,Singapore,False,2026-03-02 05:55:15.955005
388,2026-02-04 05:55:15.955005,24,3,21.86554799638521,0,True,Singapore,False,2026-03-02 05:55:15.955005
222,2026-01-06 05:55:15.955005,18,12,13.821008640025589,1,False,Indonesia,True,2026-03-02 05:55:15.955005
485,2026-01-20 05:55:15.955005,2,7,20.00174205271398,2,True,Malaysia,False,2026-03-02 05:55:15.955005
407,2026-02-08 05:55:15.955005,14,18,10.869204724647552,0,False,Singapore,False,2026-03-02 05:55:15.955005
231,2026-02-06 05:55:15.955005,6,4,10.354217862364782,3,True,Malaysia,False,2026-03-02 05:55:15.955005
237,2026-02-10 05:55:15.955005,6,1,13.308582776869793,4,False,Malaysia,False,2026-03-02 05:55:15.955005
143,2026-01-04 05:55:15.955005,5,14,5.221465000922533,3,False,Singapore,False,2026-03-02 05:55:15.955005
171,2026-01-10 05:55:15.955005,2,1,25.103029968626096,3,True,Indonesia,True,2026-03-02 05:55:15.955005
29,2026-02-07 05:55:15.955005,29,10,11.112238965487462,2,False,Malaysia,True,2026-03-02 05:55:15.955005
36,2026-02-06 05:55:15.955005,12,12,12.60433706326951,2,True,Singapore,False,2026-03-02 05:55:15.955005
13,2026-01-17 05:55:15.955005,6,9,26.927583768362194,4,True,Malaysia,False,2026-03-02 05:55:15.955005
160,2026-01-07 05:55:15.955005,4,2,15.402090607831969,1,True,Singapore,False,2026-03-02 05:55:15.955005
327,2026-01-16 05:55:15.955005,22,4,16.783363371175025,3,True,Indonesia,True,2026-03-02 05:55:15.955005
187,2026-01-30 05:55:15.955005,17,2,28.738445618535856,1,True,Indonesia,False,2026-03-02 05:55:15.955005
243,2026-01-07 05:55:15.955005,21,5,26.715065111204687,4,False,Indonesia,False,2026-03-02 05:55:15.955005
86,2026-01-30 05:55:15.955005,29,12,5.914534557764746,3,True,Malaysia,False,2026-03-02 05:55:15.955005
284,2026-02-26 05:55:15.955005,7,9,14.723235867625046,1,False,Indonesia,False,2026-03-02 05:55:15.955005
66,2026-01-26 05:55:15.955005,16,18,29.167590595427818,3,True,Indonesia,False,2026-03-02 05:55:15.955005
170,2026-01-16 05:55:15.955005,19,7,11.798622648629477,2,True,Indonesia,False,2026-03-02 05:55:15.955005
45,2026-01-20 05:55:15.955005,26,17,11.775620146969802,2,False,Indonesia,False,2026-03-02 05:55:15.955005
62,2026-01-13 05:55:15.955005,0,2,6.655876721885476,0,True,Singapore,True,2026-03-02 05:55:15.955005
441,2026-01-20 05:55:15.955005,13,16,4.315370309454631,4,True,Singapore,False,2026-03-02 05:55:15.955005
134,2026-01-04 05:55:15.955005,16,7,22.46883893192347,1,False,Malaysia,False,2026-03-02 05:55:15.955005
284,2026-01-23 05:55:15.955005,9,9,23.330883592343977,3,False,Singapore,False,2026-03-02 05:55:15.955005
28,2026-02-15 05:55:15.955005,11,1,29.101375941586998,0,True,Singapore,True,2026-03-02 05:55:15.955005
108,2026-01-29 05:55:15.955005,15,11,23.429128116255526,4,True,Singapore,False,2026-03-02 05:55:15.955005
44,2026-01-13 05:55:15.955005,13,5,8.057222326974362,4,True,Singapore,True,2026-03-02 05:55:15.955005
340,2026-02-10 05:55:15.955005,29,1,2.163380770366948,4,True,Singapore,False,2026-03-02 05:55:15.955005
286,2026-02-22 05:55:15.955005,26,2,29.577684146720145,1,True,Indonesia,True,2026-03-02 05:55:15.955005
446,2026-02-25 05:55:15.955005,15,16,10.873070170764567,2,True,Malaysia,False,2026-03-02 05:55:15.955005
331,2026-01-11 05:55:15.955005,7,6,10.047174730540203,0,True,Singapore,False,2026-03-02 05:55:15.955005
128,2026-01-17 05:55:15.955005,22,4,27.27270108273209,1,True,Singapore,False,2026-03-02 05:55:15.955005
348,2026-01-27 05:55:15.955005,27,0,17.9678970578046,3,True,Malaysia,True,2026-03-02 05:55:15.955005
473,2026-01-23 05:55:15.955005,9,7,7.231264041624902,1,False,Singapore,False,2026-03-02 05:55:15.955005
231,2026-02-09 05:55:15.955005,28,11,26.783791038770946,3,False,Singapore,True,2026-03-02 05:55:15.955005
190,2026-01-21 05:55:15.955005,16,13,29.807464796587556,3,True,Malaysia,True,2026-03-02 05:55:15.955005
225,2026-01-08 05:55:15.955005,26,15,3.513678273374091,4,False,Indonesia,True,2026-03-02 05:55:15.955005
385,2026-02-26 05:55:15.955005,29,9,26.005297220772132,1,False,Indonesia,True,2026-03-02 05:55:15.955005
377,2026-01-20 05:55:15.955005,28,14,12.324955232847426,2,True,Malaysia,True,2026-03-02 05:55:15.955005
283,2026-02-08 05:55:15.955005,17,14,16.198100948694425,3,False,Indonesia,False,2026-03-02 05:55:15.955005
446,2026-02-14 05:55:15.955005,19,9,27.52966329718444,4,False,Indonesia,True,2026-03-02 05:55:15.955005
121,2026-02-19 05:55:15.955005,15,6,29.227996677478398,2,False,Indonesia,True,2026-03-02 05:55:15.955005
116,2026-02-08 05:55:15.955005,16,2,8.602753401855182,1,False,Indonesia,True,2026-03-02 05:55:15.955005
461,2026-02-15 05:55:15.955005,15,1,7.1726723578375,2,False,Singapore,True,2026-03-02 05:55:15.955005
233,2026-02-28 05:55:15.955005,18,5,3.334980199153844,1,True,Malaysia,False,2026-03-02 05:55:15.955005
259,2026-02-01 05:55:15.955005,23,8,17.292137727202,3,True,Indonesia,False,2026-03-02 05:55:15.955005
359,2026-01-05 05:55:15.955005,23,9,1.3945274680693798,0,False,Indonesia,False,2026-03-02 05:55:15.955005
198,2026-02-09 05:55:15.955005,7,3,12.945050630688161,0,False,Malaysia,False,2026-03-02 05:55:15.955005
456,2026-02-22 05:55:15.955005,5,2,3.128136482908248,3,False,Singapore,False,2026-03-02 05:55:15.955005
411,2026-02-02 05:55:15.955005,5,8,12.751547704950685,2,True,Indonesia,False,2026-03-02 05:55:15.955005
137,2026-01-15 05:55:15.955005,20,16,2.1580334887026686,1,False,Indonesia,False,2026-03-02 05:55:15.955005
318,2026-01-25 05:55:15.955005,28,13,25.2213005576543,0,True,Singapore,False,2026-03-02 05:55:15.955005
165,2026-02-08 05:55:15.955005,8,9,7.08243082421841,1,False,Malaysia,False,2026-03-02 05:55:15.955005
225,2026-02-18 05:55:15.955005,3,12,10.520952600379447,3,False,Indonesia,False,2026-03-02 05:55:15.955005
307,2026-01-30 05:55:15.955005,25,11,26.231391901585365,2,True,Indonesia,False,2026-03-02 05:55:15.955005
234,2026-01-16 05:55:15.955005,11,0,22.641715778633948,1,True,Malaysia,False,2026-03-02 05:55:15.955005
172,2026-01-10 05:55:15.955005,27,18,7.352112487619696,2,True,Singapore,False,2026-03-02 05:55:15.955005
152,2026-01-15 05:55:15.955005,11,18,3.0850831410673853,0,False,Malaysia,False,2026-03-02 05:55:15.955005
463,2026-01-14 05:55:15.955005,22,5,21.754539528804845,1,False,Indonesia,False,2026-03-02 05:55:15.955005
315,2026-02-08 05:55:15.955005,16,12,12.33037396995517,4,True,Singapore,False,2026-03-02 05:55:15.955005
374,2026-01-17 05:55:15.955005,14,18,23.216319974428416,0,False,Singapore,False,2026-03-02 05:55:15.955005
160,2026-02-14 05:55:15.955005,8,12,13.913548398881103,2,True,Singapore,False,2026-03-02 05:55:15.955005
96,2026-01-07 05:55:15.955005,6,3,11.034069976196015,3,True,Malaysia,False,2026-03-02 05:55:15.955005
472,2026-01-22 05:55:15.955005,9,1,14.0849568381595,4,False,Malaysia,True,2026-03-02 05:55:15.955005
233,2026-02-10 05:55:15.955005,15,14,22.708210584449624,1,False,Malaysia,False,2026-03-02 05:55:15.955005
180,2026-03-01 05:55:15.955005,11,11,27.164388309670848,0,False,Indonesia,False,2026-03-02 05:55:15.955005
113,2026-01-25 05:55:15.955005,24,6,2.4432487010686907,1,False,Malaysia,False,2026-03-02 05:55:15.955005
318,2026-02-25 05:55:15.955005,6,19,16.1992346955817,1,False,Singapore,False,2026-03-02 05:55:15.955005
497,2026-01-18 05:55:15.955005,17,17,1.9522274434324505,4,False,Indonesia,True,2026-03-02 05:55:15.955005
442,2026-02-13 05:55:15.955005,14,12,14.583876805706403,4,False,Indonesia,False,2026-03-02 05:55:15.955005
52,2026-02-01 05:55:15.955005,5,16,26.67320204381011,4,True,Indonesia,True,2026-03-02 05:55:15.955005
268,2026-02-09 05:55:15.955005,25,3,11.486117726188981,4,True,Singapore,False,2026-03-02 05:55:15.955005
295,2026-01-08 05:55:15.955005,11,13,28.041062211338655,3,False,Malaysia,True,2026-03-02 05:55:15.955005
386,2026-01-29 05:55:15.955005,10,19,19.287645677867673,2,True,Singapore,False,2026-03-02 05:55:15.955005
387,2026-02-01 05:55:15.955005,19,12,28.090504969997184,4,True,Malaysia,False,2026-03-02 05:55:15.955005
113,2026-02-14 05:55:15.955005,2,2,22.95783213696307,0,True,Indonesia,True,2026-03-02 05:55:15.955005
101,2026-01-19 05:55:15.955005,1,17,3.9996198328141066,1,True,Indonesia,False,2026-03-02 05:55:15.955005
113,2026-01-30 05:55:15.955005,5,13,7.703389659317635,4,False,Singapore,True,2026-03-02 05:55:15.955005
440,2026-01-20 05:55:15.955005,23,14,12.430943182921679,0,True,Malaysia,False,2026-03-02 05:55:15.955005
81,2026-01-11 05:55:15.955005,21,2,5.9330995783502045,3,True,Indonesia,True,2026-03-02 05:55:15.955005
187,2026-02-17 05:55:15.955005,24,0,15.352436538523156,0,False,Singapore,True,2026-03-02 05:55:15.955005
113,2026-01-04 05:55:15.955005,29,16,14.669676515343227,0,True,Singapore,False,2026-03-02 05:55:15.955005
2,2026-02-21 05:55:15.955005,4,2,28.731516742794057,3,True,Malaysia,True,2026-03-02 05:55:15.955005
130,2026-01-15 05:55:15.955005,17,13,13.578108603983354,3,False,Malaysia,False,2026-03-02 05:55:15.955005
220,2026-01-02 05:55:15.955005,15,2,23.783177324351936,1,True,Malaysia,False,2026-03-02 05:55:15.955005
54,2026-01-11 05:55:15.955005,7,12,28.315405800692915,4,False,Indonesia,False,2026-03-02 05:55:15.955005
343,2026-01-26 05:55:15.955005,24,14,26.43267609824558,0,False,Singapore,False,2026-03-02 05:55:15.955005
485,2026-01-28 05:55:15.955005,29,17,7.0513611108361625,2,False,Malaysia,True,2026-03-02 05:55:15.955005
224,2026-02-22 05:55:15.955005,25,13,15.384866933352784,2,True,Singapore,True,2026-03-02 05:55:15.955005
225,2026-01-20 05:55:15.955005,19,2,11.084453686581845,1,True,Indonesia,True,2026-03-02 05:55:15.955005
385,2026-02-03 05:55:15.955005,21,18,12.59590215897925,2,False,Indonesia,False,2026-03-02 05:55:15.955005
403,2026-02-20 05:55:15.955005,10,7,11.463397961126786,1,False,Malaysia,False,2026-03-02 05:55:15.955005
126,2026-02-17 05:55:15.955005,9,3,24.96441709507512,4,False,Indonesia,False,2026-03-02 05:55:15.955005
130,2026-01-23 05:55:15.955005,23,3,14.112032598550977,1,True,Singapore,False,2026-03-02 05:55:15.955005
53,2026-01-07 05:55:15.955005,24,18,16.187135635095956,3,True,Singapore,True,2026-03-02 05:55:15.955005
172,2026-01-15 05:55:15.955005,11,10,29.490973354365163,3,False,Indonesia,False,2026-03-02 05:55:15.955005
218,2026-01-08 05:55:15.955005,20,0,2.739398893553977,3,True,Indonesia,True,2026-03-02 05:55:15.955005
160,2026-02-12 05:55:15.955005,27,7,15.150771553931715,3,True,Indonesia,True,2026-03-02 05:55:15.955005
198,2026-01-08 05:55:15.955005,5,14,23.447789501437367,3,False,Singapore,False,2026-03-02 05:55:15.955005
416,2026-02-16 05:55:15.955005,26,0,5.383696787458569,3,True,Indonesia,True,2026-03-02 05:55:15.955005
247,2026-02-03 05:55:15.955005,19,6,18.734416243828445,3,True,Malaysia,True,2026-03-02 05:55:15.955005
324,2026-02-07 05:55:15.955005,4,19,7.944478606499536,3,False,Malaysia,True,2026-03-02 05:55:15.955005
439,2026-02-23 05:55:15.955005,22,19,26.15471928351246,3,True,Singapore,True,2026-03-02 05:55:15.955005
203,2026-01-19 05:55:15.955005,8,10,10.4858902966023,4,True,Indonesia,True,2026-03-02 05:55:15.955005
184,2026-02-22 05:55:15.955005,25,13,10.542821690126377,3,True,Indonesia,True,2026-03-02 05:55:15.955005
123,2026-01-15 05:55:15.955005,26,15,18.347622477018913,1,False,Indonesia,False,2026-03-02 05:55:15.955005
401,2026-01-29 05:55:15.955005,28,13,6.323324335477353,4,True,Malaysia,True,2026-03-02 05:55:15.955005
255,2026-01-29 05:55:15.955005,15,11,9.26177052818877,2,True,Malaysia,False,2026-03-02 05:55:15.955005
294,2026-02-12 05:55:15.955005,21,16,13.082323653462934,0,True,Malaysia,True,2026-03-02 05:55:15.955005
280,2026-02-28 05:55:15.955005,13,13,11.255498031063201,4,True,Malaysia,False,2026-03-02 05:55:15.955005
325,2026-02-21 05:55:15.955005,21,9,16.221439322161892,3,True,Malaysia,False,2026-03-02 05:55:15.955005
372,2026-01-22 05:55:15.955005,7,13,18.389564178000022,4,False,Singapore,True,2026-03-02 05:55:15.955005
98,2026-01-15 05:55:15.955005,26,17,17.433356158754773,0,True,Singapore,False,2026-03-02 05:55:15.955005
198,2026-01-20 05:55:15.955005,19,8,19.970881047766035,0,False,Indonesia,False,2026-03-02 05:55:15.955005
470,2026-03-02 05:55:15.955005,18,16,9.924735981626787,3,True,Indonesia,False,2026-03-02 05:55:15.955005
395,2026-02-02 05:55:15.955005,13,5,4.666360587495813,3,False,Malaysia,False,2026-03-02 05:55:15.955005
240,2026-01-12 05:55:15.955005,6,7,23.063418701501234,1,False,Indonesia,False,2026-03-02 05:55:15.955005
144,2026-01-28 05:55:15.955005,4,12,25.672631096289777,0,True,Singapore,False,2026-03-02 05:55:15.955005
97,2026-01-11 05:55:15.955005,17,17,8.453180734450534,3,False,Singapore,False,2026-03-02 05:55:15.955005
201,2026-02-18 05:55:15.955005,1,4,12.805666728582572,0,True,Indonesia,False,2026-03-02 05:55:15.955005
124,2026-01-08 05:55:15.955005,10,5,15.458507291943103,1,False,Malaysia,False,2026-03-02 05:55:15.955005
187,2026-03-02 05:55:15.955005,21,18,16.466478439835157,2,True,Singapore,False,2026-03-02 05:55:15.955005
326,2026-01-28 05:55:15.955005,7,3,20.125214961541904,0,True,Indonesia,False,2026-03-02 05:55:15.955005
464,2026-02-02 05:55:15.955005,0,6,2.206493767304319,1,True,Malaysia,False,2026-03-02 05:55:15.955005
349,2026-01-14 05:55:15.955005,26,3,21.922835399286495,1,True,Indonesia,False,2026-03-02 05:55:15.955005
259,2026-01-15 05:55:15.955005,21,10,2.7971592024028977,1,False,Malaysia,False,2026-03-02 05:55:15.955005
148,2026-02-18 05:55:15.955005,11,11,14.580368462513167,4,True,Malaysia,False,2026-03-02 05:55:15.955005
252,2026-01-14 05:55:15.955005,1,13,25.00246293150663,3,True,Singapore,False,2026-03-02 05:55:15.955005
443,2026-01-13 05:55:15.955005,17,12,14.08524408507349,0,True,Singapore,False,2026-03-02 05:55:15.955005
420,2026-01-09 05:55:15.955005,6,9,5.323602714279185,4,False,Indonesia,False,2026-03-02 05:55:15.955005
403,2026-02-02 05:55:15.955005,25,17,29.565981505172832,0,True,Indonesia,False,2026-03-02 05:55:15.955005
346,2026-01-23 05:55:15.955005,16,15,26.789278400153634,4,False,Malaysia,True,2026-03-02 05:55:15.955005
451,2026-02-07 05:55:15.955005,21,4,23.368095363525406,3,False,Singapore,True,2026-03-02 05:55:15.955005
147,2026-02-05 05:55:15.955005,29,7,12.933836484077101,1,True,Malaysia,False,2026-03-02 05:55:15.955005
148,2026-02-14 05:55:15.955005,22,13,6.3315260797896356,0,False,Malaysia,False,2026-03-02 05:55:15.955005
352,2026-02-24 05:55:15.955005,13,4,28.300924261136537,1,True,Malaysia,False,2026-03-02 05:55:15.955005
199,2026-02-18 05:55:15.955005,23,7,16.43818266899703,3,False,Malaysia,False,2026-03-02 05:55:15.955005
308,2026-02-26 05:55:15.955005,6,5,25.718308351237066,0,True,Malaysia,False,2026-03-02 05:55:15.955005
489,2026-02-05 05:55:15.955005,21,15,10.920755167023346,2,True,Malaysia,False,2026-03-02 05:55:15.955005
417,2026-01-13 05:55:15.955005,24,3,10.723361195304648,2,True,Indonesia,False,2026-03-02 05:55:15.955005
424,2026-02-28 05:55:15.955005,28,11,29.580673939547133,2,False,Singapore,False,2026-03-02 05:55:15.955005
128,2026-02-24 05:55:15.955005,2,10,16.133158406350645,3,False,Singapore,False,2026-03-02 05:55:15.955005
39,2026-01-04 05:55:15.955005,26,2,5.080167291961643,2,False,Malaysia,False,2026-03-02 05:55:15.955005
338,2026-01-13 05:55:15.955005,5,11,7.3705656618465145,0,False,Malaysia,False,2026-03-02 05:55:15.955005
360,2026-01-23 05:55:15.955005,19,4,14.976384102388902,2,True,Malaysia,False,2026-03-02 05:55:15.955005
129,2026-01-09 05:55:15.955005,1,5,2.231656404163929,0,True,Singapore,False,2026-03-02 05:55:15.955005
267,2026-03-02 05:55:15.955005,16,18,14.413485575970714,3,False,Singapore,False,2026-03-02 05:55:15.955005
476,2026-01-13 05:55:15.955005,11,17,13.149284420323701,1,False,Malaysia,False,2026-03-02 05:55:15.955005
441,2026-02-14 05:55:15.955005,11,15,23.60075169426512,4,False,Singapore,True,2026-03-02 05:55:15.955005
473,2026-01-19 05:55:15.955005,29,10,11.29331697018801,2,False,Malaysia,False,2026-03-02 05:55:15.955005
434,2026-02-06 05:55:15.955005,16,4,29.49391408464838,4,True,Malaysia,False,2026-03-02 05:55:15.955005
151,2026-01-03 05:55:15.955005,26,8,6.242327659726191,1,True,Malaysia,False,2026-03-02 05:55:15.955005
415,2026-02-28 05:55:15.955005,9,2,18.13861386407591,3,True,Indonesia,True,2026-03-02 05:55:15.955005
478,2026-02-16 05:55:15.955005,2,7,3.6012796132393845,3,False,Singapore,False,2026-03-02 05:55:15.955005
298,2026-02-02 05:55:15.955005,19,5,22.282055535825478,1,False,Singapore,False,2026-03-02 05:55:15.955005
99,2026-01-09 05:55:15.955005,17,3,29.847856953797173,4,False,Singapore,False,2026-03-02 05:55:15.955005
263,2026-01-19 05:55:15.955005,12,11,24.755020494797336,2,False,Malaysia,False,2026-03-02 05:55:15.955005
252,2026-01-30 05:55:15.955005,11,11,17.115402680888735,0,True,Indonesia,False,2026-03-02 05:55:15.955005
144,2026-02-05 05:55:15.955005,26,15,15.057499364591068,3,True,Malaysia,False,2026-03-02 05:55:15.955005
346,2026-01-02 05:55:15.955005,26,9,25.21586887673856,1,False,Malaysia,True,2026-03-02 05:55:15.955005
112,2026-02-15 05:55:15.955005,29,13,28.143248456611005,4,True,Malaysia,False,2026-03-02 05:55:15.955005
500,2026-02-06 05:55:15.955005,26,12,29.686989248144698,2,True,Indonesia,False,2026-03-02 05:55:15.955005
60,2026-01-08 05:55:15.955005,16,8,12.49963759937004,4,True,Malaysia,False,2026-03-02 05:55:15.955005
369,2026-02-03 05:55:15.955005,3,6,29.736606769040858,2,True,Malaysia,False,2026-03-02 05:55:15.955005
2,2026-02-22 05:55:15.955005,22,11,5.521861313041113,0,False,Indonesia,False,2026-03-02 05:55:15.955005
385,2026-01-06 05:55:15.955005,9,4,8.352943502025367,0,True,Malaysia,False,2026-03-02 05:55:15.955005
304,2026-01-06 05:55:15.955005,10,17,3.5814676172829896,1,True,Malaysia,False,2026-03-02 05:55:15.955005
254,2026-03-02 05:55:15.955005,5,3,8.880416978049968,1,True,Singapore,False,2026-03-02 05:55:15.955005
140,2026-02-02 05:55:15.955005,5,1,23.27018899692232,2,True,Indonesia,False,2026-03-02 05:55:15.955005
453,2026-01-05 05:55:15.955005,26,2,25.73480638717504,2,False,Singapore,False,2026-03-02 05:55:15.955005
37,2026-02-09 05:55:15.955005,8,11,23.58788670797458,2,True,Malaysia,False,2026-03-02 05:55:15.955005
160,2026-02-15 05:55:15.955005,29,2,19.30090756686319,2,True,Indonesia,False,2026-03-02 05:55:15.955005
9,2026-01-21 05:55:15.955005,14,3,15.905028863156723,0,False,Indonesia,False,2026-03-02 05:55:15.955005
233,2026-01-11 05:55:15.955005,1,5,21.55242438719575,1,False,Malaysia,False,2026-03-02 05:55:15.955005
99,2026-01-18 05:55:15.955005,3,11,12.334172928749432,1,False,Singapore,False,2026-03-02 05:55:15.955005
147,2026-01-11 05:55:15.955005,4,18,25.397942193491353,3,False,Malaysia,False,2026-03-02 05:55:15.955005
304,2026-01-08 05:55:15.955005,16,9,20.638512725326777,1,False,Indonesia,False,2026-03-02 05:55:15.955005
208,2026-01-21 05:55:15.955005,7,0,21.236336256337847,1,False,Indonesia,False,2026-03-02 05:55:15.955005
131,2026-02-24 05:55:15.955005,7,16,16.542143800743066,4,True,Malaysia,False,2026-03-02 05:55:15.955005
404,2026-02-17 05:55:15.955005,21,15,26.671640542124006,4,True,Malaysia,True,2026-03-02 05:55:15.955005
152,2026-02-02 05:55:15.955005,11,8,8.308427276692521,3,False,Malaysia,False,2026-03-02 05:55:15.955005
54,2026-02-12 05:55:15.955005,20,8,12.05328194747047,2,True,Malaysia,True,2026-03-02 05:55:15.955005
120,2026-02-12 05:55:15.955005,7,8,23.551634520652982,3,True,Singapore,False,2026-03-02 05:55:15.955005
161,2026-03-01 05:55:15.955005,18,11,15.289717987750793,3,True,Singapore,False,2026-03-02 05:55:15.955005
408,2026-01-21 05:55:15.955005,2,8,26.787206389301534,0,True,Singapore,False,2026-03-02 05:55:15.955005
116,2026-01-17 05:55:15.955005,17,14,11.045580273122717,1,True,Singapore,False,2026-03-02 05:55:15.955005
75,2026-02-16 05:55:15.955005,20,1,11.710574895769698,0,False,Indonesia,True,2026-03-02 05:55:15.955005
113,2026-02-28 05:55:15.955005,18,10,26.773337892212133,1,True,Indonesia,True,2026-03-02 05:55:15.955005
456,2026-02-20 05:55:15.955005,18,10,14.466739285279191,3,True,Singapore,True,2026-03-02 05:55:15.955005
420,2026-01-09 05:55:15.955005,14,7,15.967612941872115,1,False,Malaysia,False,2026-03-02 05:55:15.955005
422,2026-01-16 05:55:15.955005,5,5,10.650147744734703,2,True,Indonesia,False,2026-03-02 05:55:15.955005
104,2026-02-01 05:55:15.955005,15,19,9.023428323193375,2,True,Malaysia,False,2026-03-02 05:55:15.955005
340,2026-01-05 05:55:15.955005,7,6,20.022512614313367,3,True,Singapore,False,2026-03-02 05:55:15.955005
254,2026-01-22 05:55:15.955005,15,2,4.475379184694912,4,True,Indonesia,True,2026-03-02 05:55:15.955005
227,2026-02-13 05:55:15.955005,17,7,26.49890659430437,2,True,Indonesia,False,2026-03-02 05:55:15.955005
112,2026-01-11 05:55:15.955005,19,17,23.596890966188127,3,True,Indonesia,True,2026-03-02 05:55:15.955005
473,2026-01-14 05:55:15.955005,15,16,6.5316996474682805,0,False,Indonesia,False,2026-03-02 05:55:15.955005
99,2026-03-01 05:55:15.955005,10,10,21.126578428912396,4,True,Singapore,False,2026-03-02 05:55:15.955005
153,2026-01-30 05:55:15.955005,6,1,18.47635471728341,2,False,Indonesia,True,2026-03-02 05:55:15.955005
349,2026-02-23 05:55:15.955005,16,18,6.351516471362679,3,False,Singapore,False,2026-03-02 05:55:15.955005
402,2026-02-09 05:55:15.955005,16,6,8.922901675456743,3,True,Indonesia,False,2026-03-02 05:55:15.955005
384,2026-02-25 05:55:15.955005,11,17,12.860608608281197,0,True,Singapore,False,2026-03-02 05:55:15.955005
366,2026-02-19 05:55:15.955005,12,7,21.278039322118744,0,True,Singapore,False,2026-03-02 05:55:15.955005
338,2026-01-15 05:55:15.955005,9,13,19.52297885569317,4,False,Malaysia,False,2026-03-02 05:55:15.955005
194,2026-01-05 05:55:15.955005,6,6,16.434810582624237,2,False,Singapore,False,2026-03-02 05:55:15.955005
310,2026-01-22 05:55:15.955005,13,3,23.283905750306992,3,False,Malaysia,True,2026-03-02 05:55:15.955005
163,2026-01-26 05:55:15.955005,22,16,22.980194448578814,4,True,Indonesia,True,2026-03-02 05:55:15.955005
208,2026-02-16 05:55:15.955005,0,4,18.91791546780542,4,False,Malaysia,False,2026-03-02 05:55:15.955005
445,2026-02-03 05:55:15.955005,16,11,23.82271241815993,0,True,Singapore,False,2026-03-02 05:55:15.955005
169,2026-01-10 05:55:15.955005,3,8,10.693637868597067,3,True,Malaysia,True,2026-03-02 05:55:15.955005
484,2026-01-05 05:55:15.955005,20,19,26.556236321355563,1,False,Indonesia,False,2026-03-02 05:55:15.955005
161,2026-01-13 05:55:15.955005,4,12,18.832392488256282,0,False,Malaysia,False,2026-03-02 05:55:15.955005
68,2026-01-17 05:55:15.955005,19,17,24.848541900560488,3,True,Singapore,True,2026-03-02 05:55:15.955005
289,2026-02-13 05:55:15.955005,23,19,16.842094038918233,4,False,Singapore,True,2026-03-02 05:55:15.955005
398,2026-03-01 05:55:15.955005,22,8,7.334709104671731,4,False,Indonesia,False,2026-03-02 05:55:15.955005
277,2026-02-18 05:55:15.955005,24,3,16.72989373167095,2,True,Indonesia,True,2026-03-02 05:55:15.955005
304,2026-01-17 05:55:15.955005,6,7,11.762238249521054,1,False,Malaysia,False,2026-03-02 05:55:15.955005
404,2026-01-08 05:55:15.955005,9,0,21.22747204507574,0,False,Indonesia,False,2026-03-02 05:55:15.955005
384,2026-02-16 05:55:15.955005,16,16,14.798019960307338,2,True,Singapore,False,2026-03-02 05:55:15.955005
392,2026-02-11 05:55:15.955005,28,8,25.247271342902945,2,True,Malaysia,True,2026-03-02 05:55:15.955005
135,2026-02-02 05:55:15.955005,29,19,20.664102857335585,1,False,Malaysia,True,2026-03-02 05:55:15.955005
195,2026-01-03 05:55:15.955005,6,12,20.851788557908396,0,False,Malaysia,False,2026-03-02 05:55:15.955005
401,2026-01-20 05:55:15.955005,0,1,7.297504671240884,0,False,Malaysia,False,2026-03-02 05:55:15.955005
128,2026-02-02 05:55:15.955005,6,12,29.54324322824742,4,True,Indonesia,False,2026-03-02 05:55:15.955005
33,2026-02-28 05:55:15.955005,25,8,25.408581068873175,0,False,Malaysia,False,2026-03-02 05:55:15.955005
176,2026-02-12 05:55:15.955005,23,19,23.881141652260144,2,True,Malaysia,True,2026-03-02 05:55:15.955005
460,2026-02-28 05:55:15.955005,10,5,10.576241529640797,4,True,Malaysia,False,2026-03-02 05:55:15.955005
443,2026-01-08 05:55:15.955005,8,0,16.533317932569723,0,True,Singapore,True,2026-03-02 05:55:15.955005
371,2026-02-17 05:55:15.955005,11,4,4.975992454155531,1,True,Singapore,False,2026-03-02 05:55:15.955005
470,2026-01-22 05:55:15.955005,2,2,16.615803323218472,2,False,Indonesia,False,2026-03-02 05:55:15.955005
375,2026-01-03 05:55:15.955005,3,3,5.230788148015331,3,False,Singapore,False,2026-03-02 05:55:15.955005
22,2026-01-07 05:55:15.955005,3,0,17.038097475698436,1,False,Singapore,True,2026-03-02 05:55:15.955005
238,2026-02-27 05:55:15.955005,27,13,19.812934524492263,1,False,Indonesia,True,2026-03-02 05:55:15.955005
158,2026-01-03 05:55:15.955005,24,8,12.315683050247168,0,False,Indonesia,False,2026-03-02 05:55:15.955005
38,2026-01-02 05:55:15.955005,12,3,15.457801471607503,4,True,Malaysia,False,2026-03-02 05:55:15.955005
230,2026-01-10 05:55:15.955005,22,17,26.393948242562992,4,True,Malaysia,True,2026-03-02 05:55:15.955005
365,2026-02-20 05:55:15.955005,18,13,4.148331196381472,2,False,Indonesia,True,2026-03-02 05:55:15.955005
51,2026-01-04 05:55:15.955005,9,3,23.960253896989933,0,False,Malaysia,False,2026-03-02 05:55:15.955005
438,2026-01-31 05:55:15.955005,4,9,5.951881978889696,4,False,Malaysia,False,2026-03-02 05:55:15.955005
264,2026-01-19 05:55:15.955005,6,2,2.0645315013342236,3,False,Malaysia,True,2026-03-02 05:55:15.955005
283,2026-01-30 05:55:15.955005,23,6,6.381663479606385,0,True,Indonesia,False,2026-03-02 05:55:15.955005
27,2026-02-04 05:55:15.955005,15,9,23.1862525091442,0,False,Singapore,True,2026-03-02 05:55:15.955005
226,2026-02-01 05:55:15.955005,0,12,12.74865612676894,4,True,Singapore,False,2026-03-02 05:55:15.955005
277,2026-01-19 05:55:15.955005,11,3,26.303094988539275,1,True,Indonesia,False,2026-03-02 05:55:15.955005
286,2026-03-01 05:55:15.955005,1,17,16.21651869428571,0,False,Indonesia,False,2026-03-02 05:55:15.955005
97,2026-01-13 05:55:15.955005,6,10,1.6452602058635977,1,True,Malaysia,False,2026-03-02 05:55:15.955005
284,2026-02-22 05:55:15.955005,10,3,21.784694678455875,2,False,Indonesia,False,2026-03-02 05:55:15.955005
367,2026-02-03 05:55:15.955005,28,13,4.1967543529157485,2,True,Indonesia,False,2026-03-02 05:55:15.955005
448,2026-01-31 05:55:15.955005,29,17,23.892009370395808,4,True,Indonesia,True,2026-03-02 05:55:15.955005
481,2026-01-02 05:55:15.955005,12,7,5.874973944350221,2,True,Indonesia,False,2026-03-02 05:55:15.955005
453,2026-01-28 05:55:15.955005,1,9,11.01794518835989,4,True,Malaysia,False,2026-03-02 05:55:15.955005
317,2026-01-06 05:55:15.955005,6,4,23.07687145913545,4,True,Malaysia,False,2026-03-02 05:55:15.955005
304,2026-02-16 05:55:15.955005,14,6,28.67270936681623,1,False,Indonesia,False,2026-03-02 05:55:15.955005
147,2026-01-14 05:55:15.955005,24,11,11.771584568755237,1,True,Indonesia,False,2026-03-02 05:55:15.955005
4,2026-02-06 05:55:15.955005,10,2,25.05260638576914,2,False,Singapore,True,2026-03-02 05:55:15.955005
35,2026-01-26 05:55:15.955005,1,3,6.532975698799323,1,False,Singapore,False,2026-03-02 05:55:15.955005
192,2026-02-23 05:55:15.955005,6,9,24.40821333587224,0,True,Indonesia,False,2026-03-02 05:55:15.955005
49,2026-02-22 05:55:15.955005,3,3,20.06732771843128,3,False,Singapore,False,2026-03-02 05:55:15.955005
17,2026-01-04 05:55:15.955005,10,14,6.589561709158684,0,True,Singapore,False,2026-03-02 05:55:15.955005
172,2026-01-04 05:55:15.955005,28,9,9.772614850190935,0,False,Malaysia,True,2026-03-02 05:55:15.955005
220,2026-01-25 05:55:15.955005,1,15,4.821355769314044,4,False,Malaysia,False,2026-03-02 05:55:15.955005
158,2026-01-14 05:55:15.955005,28,14,12.106043320865085,3,True,Malaysia,False,2026-03-02 05:55:15.955005
477,2026-01-17 05:55:15.955005,15,18,6.905810592575045,4,False,Singapore,True,2026-03-02 05:55:15.955005
46,2026-01-23 05:55:15.955005,6,19,19.675940655283732,1,False,Indonesia,False,2026-03-02 05:55:15.955005
373,2026-01-30 05:55:15.955005,12,18,29.840648022396202,1,False,Malaysia,False,2026-03-02 05:55:15.955005
6,2026-01-04 05:55:15.955005,4,17,1.3482657294436602,3,True,Singapore,False,2026-03-02 05:55:15.955005
99,2026-01-10 05:55:15.955005,16,11,16.68667458533166,2,False,Indonesia,True,2026-03-02 05:55:15.955005
380,2026-02-14 05:55:15.955005,20,15,17.636331328921283,1,False,Malaysia,True,2026-03-02 05:55:15.955005
233,2026-01-27 05:55:15.955005,11,0,27.512054900743543,0,True,Singapore,False,2026-03-02 05:55:15.955005
37,2026-01-25 05:55:15.955005,27,15,15.674154708241188,3,False,Malaysia,True,2026-03-02 05:55:15.955005
280,2026-02-12 05:55:15.955005,18,1,16.767341169702608,3,True,Singapore,True,2026-03-02 05:55:15.955005
349,2026-01-18 05:55:15.955005,6,14,14.67793123852327,1,False,Malaysia,False,2026-03-02 05:55:15.955005
497,2026-02-02 05:55:15.955005,5,6,8.79822483228296,1,False,Singapore,False,2026-03-02 05:55:15.955005
302,2026-01-03 05:55:15.955005,7,0,2.6248448642184967,4,False,Indonesia,True,2026-03-02 05:55:15.955005
181,2026-02-24 05:55:15.955005,12,4,12.851072784085247,4,True,Malaysia,False,2026-03-02 05:55:15.955005
95,2026-02-03 05:55:15.955005,4,9,2.5251526659796775,0,False,Malaysia,False,2026-03-02 05:55:15.955005
99,2026-02-22 05:55:15.955005,1,3,16.964281614511616,3,True,Singapore,True,2026-03-02 05:55:15.955005
188,2026-02-03 05:55:15.955005,8,13,9.9115156540265,2,True,Indonesia,False,2026-03-02 05:55:15.955005
481,2026-02-25 05:55:15.955005,29,12,16.47446964423741,2,False,Indonesia,True,2026-03-02 05:55:15.955005
116,2026-02-02 05:55:15.955005,10,0,4.894611967460413,3,False,Malaysia,False,2026-03-02 05:55:15.955005
191,2026-01-04 05:55:15.955005,23,15,28.04626900644143,0,True,Singapore,False,2026-03-02 05:55:15.955005
253,2026-02-14 05:55:15.955005,5,8,26.94111606294811,4,False,Malaysia,False,2026-03-02 05:55:15.955005
469,2026-02-15 05:55:15.955005,28,15,6.50989876686625,4,False,Singapore,True,2026-03-02 05:55:15.955005
416,2026-02-08 05:55:15.955005,25,18,10.959884215526287,4,False,Indonesia,False,2026-03-02 05:55:15.955005
471,2026-01-31 05:55:15.955005,6,14,18.79129038370741,2,False,Malaysia,False,2026-03-02 05:55:15.955005
161,2026-02-28 05:55:15.955005,24,13,3.774900011871282,2,True,Singapore,False,2026-03-02 05:55:15.955005
256,2026-02-10 05:55:15.955005,6,19,11.282466812368373,0,False,Indonesia,False,2026-03-02 05:55:15.955005
323,2026-02-05 05:55:15.955005,18,9,8.282256317751177,2,True,Singapore,False,2026-03-02 05:55:15.955005
128,2026-01-26 05:55:15.955005,5,11,27.549985132784204,1,True,Malaysia,False,2026-03-02 05:55:15.955005
18,2026-01-20 05:55:15.955005,10,0,25.72280845238695,2,True,Singapore,False,2026-03-02 05:55:15.955005
281,2026-01-25 05:55:15.955005,28,16,17.81514949673905,4,True,Malaysia,False,2026-03-02 05:55:15.955005
490,2026-01-09 05:55:15.955005,10,8,16.090043769275653,0,True,Indonesia,False,2026-03-02 05:55:15.955005
223,2026-02-09 05:55:15.955005,6,18,27.99104804181652,3,True,Singapore,True,2026-03-02 05:55:15.955005
54,2026-01-20 05:55:15.955005,1,17,28.040405706385645,3,True,Indonesia,False,2026-03-02 05:55:15.955005
58,2026-02-19 05:55:15.955005,18,6,29.11057363519815,0,False,Indonesia,False,2026-03-02 05:55:15.955005
323,2026-01-20 05:55:15.955005,3,8,4.635987639137442,1,False,Malaysia,False,2026-03-02 05:55:15.955005
360,2026-02-18 05:55:15.955005,25,11,5.656176512131936,3,True,Malaysia,False,2026-03-02 05:55:15.955005
174,2026-02-20 05:55:15.955005,5,6,20.62536426171671,4,False,Indonesia,False,2026-03-02 05:55:15.955005
280,2026-01-08 05:55:15.955005,16,13,16.7015998216855,3,False,Malaysia,False,2026-03-02 05:55:15.955005
114,2026-02-15 05:55:15.955005,24,14,1.5355112419038428,3,False,Indonesia,False,2026-03-02 05:55:15.955005
288,2026-02-23 05:55:15.955005,4,14,2.7972760436960615,4,False,Malaysia,False,2026-03-02 05:55:15.955005
431,2026-01-22 05:55:15.955005,28,5,26.75433108550535,2,True,Malaysia,False,2026-03-02 05:55:15.955005
342,2026-01-03 05:55:15.955005,27,13,26.1972530706422,1,False,Singapore,False,2026-03-02 05:55:15.955005
151,2026-01-05 05:55:15.955005,29,1,11.36085673788531,4,True,Singapore,True,2026-03-02 05:55:15.955005
450,2026-01-22 05:55:15.955005,6,7,26.840467890985504,4,False,Malaysia,False,2026-03-02 05:55:15.955005
127,2026-01-17 05:55:15.955005,8,12,18.216577157539152,0,False,Indonesia,False,2026-03-02 05:55:15.955005
155,2026-01-03 05:55:15.955005,24,5,24.371263763548153,1,True,Indonesia,False,2026-03-02 05:55:15.955005
490,2026-03-01 05:55:15.955005,0,4,13.395501063646215,2,True,Indonesia,False,2026-03-02 05:55:15.955005
386,2026-02-01 05:55:15.955005,0,4,4.288551493002354,4,True,Malaysia,False,2026-03-02 05:55:15.955005
474,2026-02-01 05:55:15.955005,18,0,13.57808481673447,2,False,Malaysia,False,2026-03-02 05:55:15.955005
273,2026-02-19 05:55:15.955005,5,8,14.26169414191004,4,False,Indonesia,True,2026-03-02 05:55:15.955005
104,2026-02-21 05:55:15.955005,17,5,16.97738162137749,4,False,Singapore,False,2026-03-02 05:55:15.955005
417,2026-01-18 05:55:15.955005,9,19,4.061898674228412,0,True,Singapore,False,2026-03-02 05:55:15.955005
393,2026-02-20 05:55:15.955005,27,6,29.75065402843873,3,True,Indonesia,True,2026-03-02 05:55:15.955005
299,2026-02-16 05:55:15.955005,10,8,8.079967803400283,1,True,Malaysia,False,2026-03-02 05:55:15.955005
246,2026-02-15 05:55:15.955005,0,4,6.7580197025756945,0,True,Malaysia,False,2026-03-02 05:55:15.955005
176,2026-02-14 05:55:15.955005,0,13,16.27728464682216,2,True,Indonesia,False,2026-03-02 05:55:15.955005
39,2026-02-05 05:55:15.955005,12,4,16.579037202451772,4,False,Singapore,False,2026-03-02 05:55:15.955005
477,2026-03-01 05:55:15.955005,4,7,13.754801397164083,4,True,Indonesia,False,2026-03-02 05:55:15.955005
170,2026-01-12 05:55:15.955005,19,6,23.38487224343238,1,True,Indonesia,False,2026-03-02 05:55:15.955005
247,2026-02-19 05:55:15.955005,0,12,15.982977621129479,0,False,Indonesia,False,2026-03-02 05:55:15.955005
26,2026-01-11 05:55:15.955005,19,12,18.68116819920454,0,True,Singapore,True,2026-03-02 05:55:15.955005
355,2026-02-05 05:55:15.955005,2,7,21.98864517682578,2,True,Indonesia,False,2026-03-02 05:55:15.955005
306,2026-02-08 05:55:15.955005,17,10,1.7257279453521317,0,True,Singapore,False,2026-03-02 05:55:15.955005
409,2026-02-13 05:55:15.955005,8,17,17.5486812938063,0,True,Malaysia,False,2026-03-02 05:55:15.955005
408,2026-01-30 05:55:15.955005,13,18,26.64163966562271,3,False,Singapore,True,2026-03-02 05:55:15.955005
13,2026-01-13 05:55:15.955005,26,5,1.5042735448375835,1,True,Singapore,False,2026-03-02 05:55:15.955005
316,2026-01-24 05:55:15.955005,16,1,12.750281010227871,0,False,Indonesia,False,2026-03-02 05:55:15.955005
391,2026-01-05 05:55:15.955005,22,12,27.86059605596907,2,True,Malaysia,False,2026-03-02 05:55:15.955005
313,2026-01-15 05:55:15.955005,13,10,11.241477666193596,4,False,Indonesia,True,2026-03-02 05:55:15.955005
36,2026-02-28 05:55:15.955005,28,0,14.303135901806986,0,False,Singapore,False,2026-03-02 05:55:15.955005
173,2026-01-24 05:55:15.955005,3,1,29.46470039828507,0,True,Singapore,True,2026-03-02 05:55:15.955005
20,2026-02-28 05:55:15.955005,4,16,6.7803919095666405,4,False,Indonesia,True,2026-03-02 05:55:15.955005
321,2026-02-01 05:55:15.955005,25,7,2.8924004846251723,3,False,Malaysia,False,2026-03-02 05:55:15.955005
264,2026-03-02 05:55:15.955005,20,1,25.923255134977826,1,False,Singapore,True,2026-03-02 05:55:15.955005
494,2026-02-01 05:55:15.955005,16,5,26.185494895158687,3,True,Singapore,False,2026-03-02 05:55:15.955005
400,2026-01-17 05:55:15.955005,21,4,14.690257205720382,2,False,Singapore,False,2026-03-02 05:55:15.955005
142,2026-01-30 05:55:15.955005,28,15,15.912008059841302,0,False,Malaysia,False,2026-03-02 05:55:15.955005
460,2026-02-03 05:55:15.955005,24,7,25.238384718917246,3,False,Indonesia,False,2026-03-02 05:55:15.955005
371,2026-02-10 05:55:15.955005,1,18,22.418225445358058,1,True,Malaysia,False,2026-03-02 05:55:15.955005
471,2026-01-04 05:55:15.955005,22,15,8.68932106429331,2,True,Malaysia,False,2026-03-02 05:55:15.955005
143,2026-01-16 05:55:15.955005,21,12,1.4899072970740352,3,False,Singapore,True,2026-03-02 05:55:15.955005
92,2026-02-18 05:55:15.955005,4,19,14.911304713472827,0,False,Malaysia,False,2026-03-02 05:55:15.955005
354,2026-02-04 05:55:15.955005,3,6,25.9084574567736,1,True,Singapore,False,2026-03-02 05:55:15.955005
322,2026-01-26 05:55:15.955005,3,15,26.979205624014703,0,False,Malaysia,False,2026-03-02 05:55:15.955005
288,2026-02-24 05:55:15.955005,5,15,28.73055971520846,0,True,Malaysia,False,2026-03-02 05:55:15.955005
215,2026-02-09 05:55:15.955005,19,11,26.507333890770656,2,False,Indonesia,True,2026-03-02 05:55:15.955005
447,2026-02-21 05:55:15.955005,20,13,17.821263103644853,1,False,Malaysia,True,2026-03-02 05:55:15.955005
342,2026-01-23 05:55:15.955005,12,17,13.893562377846926,4,True,Indonesia,False,2026-03-02 05:55:15.955005
51,2026-01-09 05:55:15.955005,21,17,23.47064554948887,0,True,Singapore,True,2026-03-02 05:55:15.955005
153,2026-02-16 05:55:15.955005,4,15,22.454827396602298,1,False,Singapore,False,2026-03-02 05:55:15.955005
186,2026-02-16 05:55:15.955005,22,19,16.60615947236218,0,True,Indonesia,False,2026-03-02 05:55:15.955005
63,2026-02-27 05:55:15.955005,24,15,3.5324938041956044,3,False,Singapore,False,2026-03-02 05:55:15.955005
190,2026-01-30 05:55:15.955005,25,12,27.856359056820644,3,False,Singapore,False,2026-03-02 05:55:15.955005
125,2026-02-08 05:55:15.955005,22,8,14.212473587548201,1,True,Malaysia,False,2026-03-02 05:55:15.955005
150,2026-01-07 05:55:15.955005,6,8,11.536679675571666,2,False,Indonesia,False,2026-03-02 05:55:15.955005
314,2026-02-25 05:55:15.955005,19,12,19.25745445989438,4,False,Singapore,False,2026-03-02 05:55:15.955005
58,2026-02-07 05:55:15.955005,0,3,20.54130087384233,3,True,Indonesia,False,2026-03-02 05:55:15.955005
342,2026-02-11 05:55:15.955005,13,8,7.109949593878741,2,False,Malaysia,False,2026-03-02 05:55:15.955005
305,2026-01-04 05:55:15.955005,23,14,25.27122649948873,4,False,Singapore,True,2026-03-02 05:55:15.955005
180,2026-01-25 05:55:15.955005,3,13,9.408175716208957,3,False,Singapore,False,2026-03-02 05:55:15.955005
170,2026-02-11 05:55:15.955005,16,18,6.413833851515184,4,False,Indonesia,False,2026-03-02 05:55:15.955005
326,2026-02-19 05:55:15.955005,20,11,12.785595732780425,0,True,Singapore,True,2026-03-02 05:55:15.955005
271,2026-01-29 05:55:15.955005,13,5,22.186242346026493,1,False,Indonesia,False,2026-03-02 05:55:15.955005
54,2026-02-03 05:55:15.955005,15,2,28.9982871747543,3,False,Singapore,True,2026-03-02 05:55:15.955005
491,2026-02-23 05:55:15.955005,13,19,24.469156666771564,3,False,Malaysia,False,2026-03-02 05:55:15.955005
444,2026-03-02 05:55:15.955005,15,15,28.27010295243556,0,False,Malaysia,True,2026-03-02 05:55:15.955005
101,2026-01-25 05:55:15.955005,23,19,5.077568318219277,3,True,Indonesia,False,2026-03-02 05:55:15.955005
481,2026-02-09 05:55:15.955005,19,16,3.064127167046627,3,True,Singapore,True,2026-03-02 05:55:15.955005
264,2026-02-25 05:55:15.955005,28,15,17.173438095293463,3,True,Singapore,False,2026-03-02 05:55:15.955005
53,2026-02-10 05:55:15.955005,27,5,9.418627008276996,3,False,Indonesia,False,2026-03-02 05:55:15.955005
60,2026-01-30 05:55:15.955005,7,7,25.013594216108913,3,False,Malaysia,True,2026-03-02 05:55:15.955005
492,2026-01-27 05:55:15.955005,23,18,20.487648270667457,2,True,Malaysia,False,2026-03-02 05:55:15.955005
108,2026-02-16 05:55:15.955005,2,1,29.15111675558804,3,True,Malaysia,False,2026-03-02 05:55:15.955005
5,2026-02-26 05:55:15.955005,24,13,8.388978316207822,0,False,Indonesia,False,2026-03-02 05:55:15.955005
103,2026-01-02 05:55:15.955005,18,11,15.08773931630174,3,True,Malaysia,True,2026-03-02 05:55:15.955005
196,2026-01-06 05:55:15.955005,0,16,15.535973845335246,4,False,Indonesia,False,2026-03-02 05:55:15.955005
262,2026-01-16 05:55:15.955005,1,14,7.9361270508639095,4,False,Malaysia,False,2026-03-02 05:55:15.955005
365,2026-01-12 05:55:15.955005,14,17,18.112708585152227,0,False,Malaysia,False,2026-03-02 05:55:15.955005
480,2026-01-14 05:55:15.955005,21,15,13.855293596297946,2,False,Indonesia,False,2026-03-02 05:55:15.955005
372,2026-02-25 05:55:15.955005,27,12,13.954925123706335,0,False,Singapore,False,2026-03-02 05:55:15.955005
350,2026-02-06 05:55:15.955005,9,16,11.519362791202024,2,False,Singapore,False,2026-03-02 05:55:15.955005
47,2026-01-06 05:55:15.955005,17,7,1.4909512203405169,1,False,Singapore,True,2026-03-02 05:55:15.955005
355,2026-01-16 05:55:15.955005,21,0,16.14076187052888,4,False,Malaysia,True,2026-03-02 05:55:15.955005
311,2026-01-03 05:55:15.955005,13,2,10.722187235309603,4,True,Malaysia,True,2026-03-02 05:55:15.955005
424,2026-01-06 05:55:15.955005,16,15,1.0382762005455606,4,True,Singapore,False,2026-03-02 05:55:15.955005
308,2026-01-22 05:55:15.955005,26,1,9.930367522196029,2,True,Malaysia,False,2026-03-02 05:55:15.955005
144,2026-02-02 05:55:15.955005,12,14,9.080221659602952,0,True,Malaysia,False,2026-03-02 05:55:15.955005
269,2026-02-24 05:55:15.955005,0,0,12.409996443485438,2,False,Singapore,False,2026-03-02 05:55:15.955005
370,2026-01-22 05:55:15.955005,4,8,4.823707699658511,4,True,Indonesia,False,2026-03-02 05:55:15.955005
124,2026-02-18 05:55:15.955005,25,15,15.722830914417449,4,True,Singapore,False,2026-03-02 05:55:15.955005
106,2026-01-24 05:55:15.955005,12,3,21.08077022302577,4,False,Singapore,True,2026-03-02 05:55:15.955005
158,2026-02-13 05:55:15.955005,26,11,19.2753815025826,4,True,Indonesia,True,2026-03-02 05:55:15.955005
147,2026-03-01 05:55:15.955005,24,0,24.30889347950653,1,True,Malaysia,False,2026-03-02 05:55:15.955005
145,2026-02-23 05:55:15.955005,13,0,14.108240351625353,4,True,Singapore,True,2026-03-02 05:55:15.955005
120,2026-02-20 05:55:15.955005,23,6,16.053660179852116,2,True,Singapore,False,2026-03-02 05:55:15.955005
319,2026-01-29 05:55:15.955005,2,17,24.501656284910517,4,False,Malaysia,False,2026-03-02 05:55:15.955005
275,2026-01-08 05:55:15.955005,14,14,13.403333953757917,3,True,Malaysia,True,2026-03-02 05:55:15.955005
92,2026-01-24 05:55:15.955005,18,12,21.346381147088312,1,True,Indonesia,False,2026-03-02 05:55:15.955005
58,2026-01-14 05:55:15.955005,16,15,13.603468692821764,4,True,Malaysia,False,2026-03-02 05:55:15.955005
439,2026-02-04 05:55:15.955005,29,6,13.114349640835316,3,True,Singapore,True,2026-03-02 05:55:15.955005
346,2026-02-11 05:55:15.955005,2,15,23.04596311134565,2,False,Malaysia,False,2026-03-02 05:55:15.955005
229,2026-02-19 05:55:15.955005,15,12,6.070270548520123,1,False,Malaysia,True,2026-03-02 05:55:15.955005
474,2026-01-19 05:55:15.955005,13,13,10.818993186305633,4,True,Indonesia,False,2026-03-02 05:55:15.955005
117,2026-01-31 05:55:15.955005,11,16,7.500996025660151,2,False,Indonesia,False,2026-03-02 05:55:15.955005
318,2026-02-04 05:55:15.955005,27,11,11.414188346060318,3,False,Singapore,False,2026-03-02 05:55:15.955005
279,2026-01-30 05:55:15.955005,11,19,7.680869848614696,1,False,Singapore,False,2026-03-02 05:55:15.955005
127,2026-02-21 05:55:15.955005,28,12,17.802763301512986,4,False,Malaysia,True,2026-03-02 05:55:15.955005
393,2026-02-28 05:55:15.955005,10,19,24.14695327591751,2,True,Singapore,False,2026-03-02 05:55:15.955005
396,2026-01-17 05:55:15.955005,16,14,23.811778775319155,1,False,Singapore,False,2026-03-02 05:55:15.955005
129,2026-02-04 05:55:15.955005,7,3,11.57052797191498,3,True,Malaysia,False,2026-03-02 05:55:15.955005
58,2026-01-27 05:55:15.955005,16,1,29.67405177093359,4,True,Malaysia,False,2026-03-02 05:55:15.955005
122,2026-01-31 05:55:15.955005,20,17,18.221776576468223,1,True,Malaysia,False,2026-03-02 05:55:15.955005
1,2026-02-16 05:55:15.955005,24,1,12.582608751570548,3,True,Indonesia,True,2026-03-02 05:55:15.955005
239,2026-02-15 05:55:15.955005,22,14,25.230639098001337,3,True,Indonesia,False,2026-03-02 05:55:15.955005
290,2026-02-18 05:55:15.955005,19,18,22.166346366636585,2,True,Malaysia,False,2026-03-02 05:55:15.955005
96,2026-01-13 05:55:15.955005,10,14,22.72898476789903,3,True,Indonesia,False,2026-03-02 05:55:15.955005
126,2026-01-27 05:55:15.955005,24,19,6.688041142282276,3,True,Indonesia,False,2026-03-02 05:55:15.955005
118,2026-01-10 05:55:15.955005,24,9,14.581404913688099,0,True,Indonesia,False,2026-03-02 05:55:15.955005
48,2026-02-20 05:55:15.955005,1,19,25.99301579391348,3,True,Singapore,True,2026-03-02 05:55:15.955005
89,2026-01-03 05:55:15.955005,9,10,15.617102221233962,4,False,Malaysia,True,2026-03-02 05:55:15.955005
488,2026-02-10 05:55:15.955005,9,9,20.82012955921046,1,False,Malaysia,False,2026-03-02 05:55:15.955005
237,2026-01-11 05:55:15.955005,10,4,18.050078257993672,4,False,Singapore,False,2026-03-02 05:55:15.955005
373,2026-01-08 05:55:15.955005,27,8,25.42834684383308,4,True,Indonesia,False,2026-03-02 05:55:15.955005
385,2026-02-20 05:55:15.955005,5,19,9.252264353086476,2,True,Malaysia,False,2026-03-02 05:55:15.955005
272,2026-02-01 05:55:15.955005,3,18,17.68878305870458,0,True,Indonesia,False,2026-03-02 05:55:15.955005
189,2026-01-02 05:55:15.955005,23,12,4.5738053722843155,0,True,Singapore,False,2026-03-02 05:55:15.955005
487,2026-01-14 05:55:15.955005,11,17,21.016112524284566,4,True,Indonesia,False,2026-03-02 05:55:15.955005
192,2026-01-09 05:55:15.955005,10,16,22.227067312228648,1,False,Singapore,False,2026-03-02 05:55:15.955005
447,2026-01-27 05:55:15.955005,22,5,2.242282314480954,0,False,Singapore,False,2026-03-02 05:55:15.955005
69,2026-02-09 05:55:15.955005,22,9,20.597937945211566,0,True,Indonesia,False,2026-03-02 05:55:15.955005
278,2026-01-24 05:55:15.955005,26,1,13.026014470807805,4,True,Indonesia,True,2026-03-02 05:55:15.955005
349,2026-01-31 05:55:15.955005,25,5,4.598809407180788,0,False,Malaysia,True,2026-03-02 05:55:15.955005
247,2026-02-17 05:55:15.955005,24,12,13.17731888325556,2,False,Singapore,False,2026-03-02 05:55:15.955005
451,2026-02-07 05:55:15.955005,12,17,6.6327549611718695,4,False,Indonesia,False,2026-03-02 05:55:15.955005
76,2026-01-12 05:55:15.955005,4,6,13.051226431576179,0,True,Indonesia,False,2026-03-02 05:55:15.955005
154,2026-01-13 05:55:15.955005,5,1,12.145831810797304,0,True,Malaysia,True,2026-03-02 05:55:15.955005
144,2026-01-30 05:55:15.955005,0,13,22.413357471145666,0,True,Malaysia,False,2026-03-02 05:55:15.955005
435,2026-01-26 05:55:15.955005,5,4,23.452251186824405,4,True,Malaysia,False,2026-03-02 05:55:15.955005
485,2026-01-30 05:55:15.955005,17,17,18.603830977151855,1,False,Singapore,False,2026-03-02 05:55:15.955005
86,2026-01-07 05:55:15.955005,21,10,1.6579184232909787,3,False,Malaysia,True,2026-03-02 05:55:15.955005
185,2026-02-16 05:55:15.955005,8,9,27.999646093058825,0,True,Singapore,False,2026-03-02 05:55:15.955005
285,2026-01-19 05:55:15.955005,23,10,20.900765122796983,3,False,Malaysia,False,2026-03-02 05:55:15.955005
462,2026-01-04 05:55:15.955005,24,1,1.9916680477144761,3,True,Singapore,True,2026-03-02 05:55:15.955005
220,2026-01-27 05:55:15.955005,28,14,24.746154077209418,0,False,Malaysia,False,2026-03-02 05:55:15.955005
69,2026-02-28 05:55:15.955005,14,6,6.807718486821888,0,True,Singapore,False,2026-03-02 05:55:15.955005
47,2026-02-15 05:55:15.955005,25,8,17.797414497562098,3,False,Malaysia,False,2026-03-02 05:55:15.955005
497,2026-02-26 05:55:15.955005,7,4,14.532396728555428,1,False,Malaysia,False,2026-03-02 05:55:15.955005
94,2026-02-10 05:55:15.955005,18,6,13.175324688297223,3,False,Indonesia,False,2026-03-02 05:55:15.955005
238,2026-02-21 05:55:15.955005,23,19,26.801697883607527,1,True,Singapore,False,2026-03-02 05:55:15.955005
446,2026-02-12 05:55:15.955005,15,1,13.683477455315828,2,False,Indonesia,True,2026-03-02 05:55:15.955005
500,2026-02-06 05:55:15.955005,5,2,3.1849794096213713,1,True,Singapore,False,2026-03-02 05:55:15.955005
453,2026-02-27 05:55:15.955005,28,1,28.452523089233626,4,True,Indonesia,True,2026-03-02 05:55:15.955005
204,2026-02-02 05:55:15.955005,5,18,27.695521705949197,0,False,Malaysia,False,2026-03-02 05:55:15.955005
400,2026-02-12 05:55:15.955005,21,3,20.848547997866365,2,True,Indonesia,False,2026-03-02 05:55:15.955005
218,2026-01-19 05:55:15.955005,2,19,14.568883315828725,3,True,Malaysia,False,2026-03-02 05:55:15.955005
474,2026-03-01 05:55:15.955005,9,6,3.6929247153621167,1,True,Singapore,False,2026-03-02 05:55:15.955005
432,2026-02-21 05:55:15.955005,0,6,23.93169543874681,2,True,Malaysia,False,2026-03-02 05:55:15.955005
341,2026-01-19 05:55:15.955005,27,16,3.18885951829684,4,False,Indonesia,False,2026-03-02 05:55:15.955005
39,2026-02-06 05:55:15.955005,13,18,2.9894285619592242,1,True,Singapore,False,2026-03-02 05:55:15.955005
100,2026-02-11 05:55:15.955005,3,15,16.584131430741675,3,False,Indonesia,False,2026-03-02 05:55:15.955005
289,2026-01-14 05:55:15.955005,25,2,5.643718965354567,3,True,Malaysia,True,2026-03-02 05:55:15.955005
254,2026-02-12 05:55:15.955005,11,14,1.2241777528701205,1,True,Malaysia,False,2026-03-02 05:55:15.955005
222,2026-02-08 05:55:15.955005,5,13,13.270289498877801,4,True,Indonesia,False,2026-03-02 05:55:15.955005
357,2026-02-07 05:55:15.955005,10,14,4.979299716691912,0,True,Singapore,False,2026-03-02 05:55:15.955005
23,2026-02-20 05:55:15.955005,11,13,5.654947043140046,0,True,Indonesia,False,2026-03-02 05:55:15.955005
250,2026-01-16 05:55:15.955005,9,6,3.230408523324705,3,True,Malaysia,False,2026-03-02 05:55:15.955005
10,2026-01-28 05:55:15.955005,17,2,6.947718857984688,4,True,Singapore,True,2026-03-02 05:55:15.955005
246,2026-01-07 05:55:15.955005,6,16,21.749041213457293,3,True,Indonesia,False,2026-03-02 05:55:15.955005
325,2026-02-03 05:55:15.955005,6,9,24.458891909315952,0,True,Malaysia,False,2026-03-02 05:55:15.955005
100,2026-02-26 05:55:15.955005,10,14,14.123475676849718,3,False,Singapore,True,2026-03-02 05:55:15.955005
290,2026-01-03 05:55:15.955005,3,5,15.690060660561112,1,False,Indonesia,False,2026-03-02 05:55:15.955005
180,2026-02-26 05:55:15.955005,19,16,1.9469960032318756,1,True,Singapore,False,2026-03-02 05:55:15.955005
223,2026-01-11 05:55:15.955005,0,16,3.0101715797681887,4,True,Malaysia,False,2026-03-02 05:55:15.955005
394,2026-02-10 05:55:15.955005,12,13,8.469464043835991,0,True,Indonesia,False,2026-03-02 05:55:15.955005
250,2026-02-19 05:55:15.955005,17,17,16.77305420068128,4,False,Indonesia,False,2026-03-02 05:55:15.955005
147,2026-01-12 05:55:15.955005,8,4,22.446983313314796,4,False,Malaysia,False,2026-03-02 05:55:15.955005
442,2026-02-27 05:55:15.955005,25,7,18.54508877880296,0,False,Malaysia,False,2026-03-02 05:55:15.955005
96,2026-01-08 05:55:15.955005,23,6,12.37170779461686,2,True,Malaysia,False,2026-03-02 05:55:15.955005
257,2026-01-13 05:55:15.955005,23,3,4.431398117091007,2,True,Indonesia,False,2026-03-02 05:55:15.955005
325,2026-01-20 05:55:15.955005,8,17,23.64242381172849,3,False,Malaysia,False,2026-03-02 05:55:15.955005
493,2026-02-11 05:55:15.955005,22,4,11.549795496372655,2,True,Indonesia,True,2026-03-02 05:55:15.955005
4,2026-01-24 05:55:15.955005,28,15,22.3455664200009,1,True,Indonesia,False,2026-03-02 05:55:15.955005
16,2026-02-06 05:55:15.955005,8,13,15.876386415515913,4,False,Singapore,True,2026-03-02 05:55:15.955005
280,2026-02-17 05:55:15.955005,9,18,22.421199553292933,3,True,Malaysia,True,2026-03-02 05:55:15.955005
336,2026-02-20 05:55:15.955005,27,13,27.311397282124585,4,False,Malaysia,False,2026-03-02 05:55:15.955005
247,2026-01-30 05:55:15.955005,1,8,27.70985596556026,0,False,Singapore,False,2026-03-02 05:55:15.955005
258,2026-02-20 05:55:15.955005,5,5,16.5180966200175,2,True,Indonesia,False,2026-03-02 05:55:15.955005
497,2026-02-13 05:55:15.955005,14,16,15.833742578203525,0,False,Indonesia,False,2026-03-02 05:55:15.955005
476,2026-02-04 05:55:15.955005,2,18,8.70467549958228,3,True,Indonesia,False,2026-03-02 05:55:15.955005
384,2026-01-07 05:55:15.955005,10,11,28.13819511434945,1,False,Malaysia,False,2026-03-02 05:55:15.955005
160,2026-01-08 05:55:15.955005,5,3,14.279655848789005,2,True,Indonesia,False,2026-03-02 05:55:15.955005
475,2026-02-13 05:55:15.955005,2,15,4.700145939333938,0,True,Singapore,False,2026-03-02 05:55:15.955005
340,2026-01-06 05:55:15.955005,23,10,13.548442524169948,2,True,Indonesia,False,2026-03-02 05:55:15.955005
152,2026-02-08 05:55:15.955005,10,3,4.6845442569021145,4,True,Malaysia,False,2026-03-02 05:55:15.955005
396,2026-02-20 05:55:15.955005,14,16,15.573418843455176,1,False,Malaysia,False,2026-03-02 05:55:15.955005
178,2026-02-10 05:55:15.955005,12,7,17.276989930830155,2,False,Indonesia,False,2026-03-02 05:55:15.955005
163,2026-01-18 05:55:15.955005,19,13,10.794917083313974,1,True,Indonesia,True,2026-03-02 05:55:15.955005
380,2026-02-26 05:55:15.955005,27,1,3.0778678127130554,4,True,Malaysia,True,2026-03-02 05:55:15.955005
33,2026-02-08 05:55:15.955005,9,10,28.361602533363932,4,True,Indonesia,True,2026-03-02 05:55:15.955005
417,2026-01-21 05:55:15.955005,5,10,23.42724029101946,0,False,Singapore,False,2026-03-02 05:55:15.955005
445,2026-01-03 05:55:15.955005,14,5,25.327551334648508,3,False,Malaysia,False,2026-03-02 05:55:15.955005
179,2026-02-06 05:55:15.955005,24,13,11.639183434300653,0,True,Indonesia,True,2026-03-02 05:55:15.955005
427,2026-01-21 05:55:15.955005,17,9,23.064099870564064,1,False,Indonesia,False,2026-03-02 05:55:15.955005
101,2026-01-08 05:55:15.955005,17,7,15.075813959906633,0,True,Indonesia,False,2026-03-02 05:55:15.955005
268,2026-02-21 05:55:15.955005,6,6,6.831421163775333,2,False,Singapore,False,2026-03-02 05:55:15.955005
323,2026-02-09 05:55:15.955005,14,7,4.608277930309185,0,True,Malaysia,False,2026-03-02 05:55:15.955005
65,2026-02-12 05:55:15.955005,17,7,11.00647521033965,3,True,Singapore,False,2026-03-02 05:55:15.955005
417,2026-03-02 05:55:15.955005,17,1,4.989011232779051,3,True,Indonesia,True,2026-03-02 05:55:15.955005
168,2026-02-24 05:55:15.955005,19,15,29.94980030991799,1,False,Singapore,False,2026-03-02 05:55:15.955005
330,2026-02-27 05:55:15.955005,8,8,2.4264807167286397,4,True,Indonesia,False,2026-03-02 05:55:15.955005
43,2026-03-02 05:55:15.955005,23,12,13.79316438170322,3,False,Indonesia,True,2026-03-02 05:55:15.955005
44,2026-02-16 05:55:15.955005,1,11,14.11071214932114,1,False,Malaysia,False,2026-03-02 05:55:15.955005
285,2026-01-22 05:55:15.955005,7,16,9.718325928868591,3,True,Malaysia,True,2026-03-02 05:55:15.955005
397,2026-02-19 05:55:15.955005,19,1,17.569195405501414,3,True,Indonesia,True,2026-03-02 05:55:15.955005
12,2026-02-09 05:55:15.955005,1,12,5.349333700394796,4,True,Indonesia,False,2026-03-02 05:55:15.955005
95,2026-02-09 05:55:15.955005,10,0,23.733459037029775,2,False,Indonesia,False,2026-03-02 05:55:15.955005
302,2026-01-12 05:55:15.955005,25,18,10.640983829181511,1,False,Malaysia,False,2026-03-02 05:55:15.955005
386,2026-01-15 05:55:15.955005,6,10,18.14893510416061,3,False,Malaysia,False,2026-03-02 05:55:15.955005
253,2026-02-14 05:55:15.955005,5,4,21.75353784594182,3,False,Indonesia,False,2026-03-02 05:55:15.955005
499,2026-02-02 05:55:15.955005,29,0,26.782221413014675,0,False,Malaysia,True,2026-03-02 05:55:15.955005
242,2026-01-16 05:55:15.955005,9,19,25.237835657113802,2,False,Indonesia,False,2026-03-02 05:55:15.955005
35,2026-02-17 05:55:15.955005,4,12,18.640961815003227,4,False,Singapore,False,2026-03-02 05:55:15.955005
215,2026-01-12 05:55:15.955005,10,7,12.263402231132721,1,True,Malaysia,False,2026-03-02 05:55:15.955005
337,2026-02-11 05:55:15.955005,0,5,15.592935432173954,3,True,Indonesia,False,2026-03-02 05:55:15.955005
90,2026-01-12 05:55:15.955005,1,16,23.293309007985275,1,True,Singapore,False,2026-03-02 05:55:15.955005
264,2026-01-14 05:55:15.955005,23,11,26.448820734224718,4,False,Indonesia,True,2026-03-02 05:55:15.955005
93,2026-01-29 05:55:15.955005,0,0,4.009675917123484,2,True,Singapore,True,2026-03-02 05:55:15.955005
410,2026-01-07 05:55:15.955005,18,2,12.160831612298551,0,False,Malaysia,True,2026-03-02 05:55:15.955005
458,2026-01-03 05:55:15.955005,1,13,23.507381353991516,2,False,Malaysia,False,2026-03-02 05:55:15.955005
90,2026-01-19 05:55:15.955005,20,7,13.517901115224868,0,False,Indonesia,False,2026-03-02 05:55:15.955005
418,2026-02-16 05:55:15.955005,19,10,10.634605157922232,1,False,Malaysia,False,2026-03-02 05:55:15.955005
115,2026-02-19 05:55:15.955005,28,13,12.928358207874819,2,True,Malaysia,False,2026-03-02 05:55:15.955005
105,2026-01-22 05:55:15.955005,22,7,18.482497656804174,2,False,Singapore,True,2026-03-02 05:55:15.955005
391,2026-01-08 05:55:15.955005,20,2,29.994349179880242,2,True,Malaysia,True,2026-03-02 05:55:15.955005
196,2026-02-11 05:55:15.955005,23,6,15.296780444031421,4,False,Singapore,True,2026-03-02 05:55:15.955005
314,2026-02-01 05:55:15.955005,3,18,7.046339773673556,1,True,Singapore,False,2026-03-02 05:55:15.955005
114,2026-01-24 05:55:15.955005,11,3,5.722550683093748,0,False,Singapore,False,2026-03-02 05:55:15.955005
493,2026-02-28 05:55:15.955005,21,15,2.2281426768160144,2,False,Malaysia,True,2026-03-02 05:55:15.955005
75,2026-02-03 05:55:15.955005,19,12,17.205699812631323,1,True,Indonesia,True,2026-03-02 05:55:15.955005
413,2026-01-06 05:55:15.955005,17,19,16.79259065317619,4,True,Indonesia,False,2026-03-02 05:55:15.955005
376,2026-02-05 05:55:15.955005,0,18,6.951783876628966,4,True,Malaysia,False,2026-03-02 05:55:15.955005
420,2026-02-01 05:55:15.955005,29,4,21.164552787124443,1,False,Singapore,False,2026-03-02 05:55:15.955005
217,2026-02-18 05:55:15.955005,29,4,22.49210420726074,0,False,Malaysia,False,2026-03-02 05:55:15.955005
277,2026-02-18 05:55:15.955005,0,19,8.513847956081227,1,False,Indonesia,False,2026-03-02 05:55:15.955005
249,2026-03-01 05:55:15.955005,23,3,10.978893156862359,1,True,Singapore,False,2026-03-02 05:55:15.955005
164,2026-01-25 05:55:15.955005,13,1,29.72367849807044,3,True,Malaysia,False,2026-03-02 05:55:15.955005
394,2026-01-13 05:55:15.955005,3,12,11.853669567671291,4,True,Singapore,False,2026-03-02 05:55:15.955005
357,2026-01-24 05:55:15.955005,4,15,23.06324848092695,0,False,Singapore,False,2026-03-02 05:55:15.955005
457,2026-03-01 05:55:15.955005,10,1,14.12903737226826,3,False,Indonesia,True,2026-03-02 05:55:15.955005
408,2026-01-26 05:55:15.955005,23,18,24.0070000079683,1,True,Singapore,True,2026-03-02 05:55:15.955005
192,2026-01-08 05:55:15.955005,27,16,23.30167392469679,4,False,Malaysia,False,2026-03-02 05:55:15.955005
227,2026-02-05 05:55:15.955005,22,4,20.364924730757533,3,False,Singapore,True,2026-03-02 05:55:15.955005
177,2026-02-20 05:55:15.955005,12,17,25.788572042571797,3,False,Singapore,False,2026-03-02 05:55:15.955005
99,2026-02-23 05:55:15.955005,15,17,28.23733635145287,0,True,Malaysia,True,2026-03-02 05:55:15.955005
496,2026-01-18 05:55:15.955005,23,7,17.819516293110432,1,True,Indonesia,True,2026-03-02 05:55:15.955005
36,2026-01-22 05:55:15.955005,12,14,7.886598309459626,0,True,Indonesia,False,2026-03-02 05:55:15.955005
466,2026-01-19 05:55:15.955005,23,12,12.560239887678176,3,False,Malaysia,True,2026-03-02 05:55:15.955005
497,2026-02-09 05:55:15.955005,21,12,22.990865691885503,3,True,Singapore,True,2026-03-02 05:55:15.955005
487,2026-02-11 05:55:15.955005,25,15,19.875621068592217,0,True,Malaysia,False,2026-03-02 05:55:15.955005
96,2026-02-23 05:55:15.955005,1,19,6.156151818392213,3,False,Malaysia,False,2026-03-02 05:55:15.955005
152,2026-02-02 05:55:15.955005,15,12,2.4859466932463166,2,False,Malaysia,True,2026-03-02 05:55:15.955005
151,2026-01-22 05:55:15.955005,5,19,20.80588621271988,4,False,Indonesia,False,2026-03-02 05:55:15.955005
190,2026-02-05 05:55:15.955005,13,1,8.281291696851014,1,False,Singapore,False,2026-03-02 05:55:15.955005
224,2026-02-01 05:55:15.955005,0,2,15.49043706814255,4,True,Malaysia,False,2026-03-02 05:55:15.955005
37,2026-02-14 05:55:15.955005,16,14,22.655656402865233,1,False,Indonesia,False,2026-03-02 05:55:15.955005
268,2026-02-11 05:55:15.955005,10,18,17.317336639033662,3,False,Indonesia,False,2026-03-02 05:55:15.955005
369,2026-01-10 05:55:15.955005,18,12,3.4157749102420953,0,False,Singapore,False,2026-03-02 05:55:15.955005
183,2026-01-07 05:55:15.955005,2,4,6.381826866723107,0,False,Malaysia,False,2026-03-02 05:55:15.955005
13,2026-02-15 05:55:15.955005,10,5,7.360517336896655,3,False,Singapore,False,2026-03-02 05:55:15.955005
279,2026-01-16 05:55:15.955005,28,13,8.478063355700503,1,False,Malaysia,False,2026-03-02 05:55:15.955005
217,2026-01-19 05:55:15.955005,4,3,17.396698366564625,3,True,Indonesia,False,2026-03-02 05:55:15.955005
355,2026-02-24 05:55:15.955005,16,18,15.615007614936411,1,True,Indonesia,False,2026-03-02 05:55:15.955005
361,2026-02-15 05:55:15.955005,25,6,6.891641112562059,3,True,Singapore,True,2026-03-02 05:55:15.955005
286,2026-01-17 05:55:15.955005,21,3,2.959090460214925,3,True,Malaysia,True,2026-03-02 05:55:15.955005
273,2026-01-03 05:55:15.955005,6,1,5.971533929766824,3,False,Singapore,False,2026-03-02 05:55:15.955005
369,2026-01-15 05:55:15.955005,9,6,29.547058065939495,0,False,Malaysia,False,2026-03-02 05:55:15.955005
62,2026-01-06 05:55:15.955005,27,2,14.587861543952696,1,False,Singapore,True,2026-03-02 05:55:15.955005
84,2026-01-14 05:55:15.955005,28,14,26.15301963636126,3,True,Indonesia,False,2026-03-02 05:55:15.955005
368,2026-02-04 05:55:15.955005,10,0,25.613821533396454,4,False,Singapore,True,2026-03-02 05:55:15.955005
217,2026-01-09 05:55:15.955005,2,1,15.834067166423337,4,False,Malaysia,True,2026-03-02 05:55:15.955005
342,2026-02-08 05:55:15.955005,19,9,21.493943545355762,0,False,Singapore,False,2026-03-02 05:55:15.955005
397,2026-02-07 05:55:15.955005,9,15,6.589808301968656,2,False,Malaysia,False,2026-03-02 05:55:15.955005
187,2026-02-22 05:55:15.955005,26,14,20.96350444288034,0,True,Singapore,False,2026-03-02 05:55:15.955005
19,2026-01-27 05:55:15.955005,9,14,8.899152798635395,2,False,Malaysia,False,2026-03-02 05:55:15.955005
177,2026-01-11 05:55:15.955005,13,13,25.12980080587037,0,False,Malaysia,False,2026-03-02 05:55:15.955005
100,2026-02-11 05:55:15.955005,11,13,3.4279998601583874,4,False,Malaysia,True,2026-03-02 05:55:15.955005
396,2026-01-25 05:55:15.955005,14,5,23.421021513673047,3,True,Singapore,False,2026-03-02 05:55:15.955005
445,2026-01-20 05:55:15.955005,9,13,3.8981702904899667,1,False,Singapore,False,2026-03-02 05:55:15.955005
233,2026-02-14 05:55:15.955005,29,16,26.55448786993496,3,False,Indonesia,False,2026-03-02 05:55:15.955005
403,2026-01-15 05:55:15.955005,9,17,9.821931025915108,4,False,Malaysia,False,2026-03-02 05:55:15.955005
76,2026-01-31 05:55:15.955005,25,19,19.977407580086666,1,False,Indonesia,True,2026-03-02 05:55:15.955005
265,2026-01-07 05:55:15.955005,18,18,15.137566079988115,2,False,Indonesia,False,2026-03-02 05:55:15.955005
455,2026-01-05 05:55:15.955005,0,16,11.622791212607831,2,False,Malaysia,False,2026-03-02 05:55:15.955005
284,2026-02-23 05:55:15.955005,23,15,19.7178131623214,4,False,Indonesia,True,2026-03-02 05:55:15.955005
206,2026-02-16 05:55:15.955005,28,7,28.4781664359859,1,True,Singapore,False,2026-03-02 05:55:15.955005
223,2026-01-31 05:55:15.955005,25,6,2.196822673864034,3,True,Indonesia,False,2026-03-02 05:55:15.955005
384,2026-01-09 05:55:15.955005,9,19,27.646732820610023,4,False,Singapore,False,2026-03-02 05:55:15.955005
52,2026-02-01 05:55:15.955005,1,11,18.66336799560939,2,False,Malaysia,False,2026-03-02 05:55:15.955005
339,2026-01-16 05:55:15.955005,16,8,24.412114722302515,4,True,Malaysia,False,2026-03-02 05:55:15.955005
367,2026-02-11 05:55:15.955005,29,13,12.132373649594049,3,True,Malaysia,True,2026-03-02 05:55:15.955005
144,2026-01-02 05:55:15.955005,23,19,14.683446270290798,0,True,Indonesia,False,2026-03-02 05:55:15.955005
373,2026-01-23 05:55:15.955005,6,0,26.196671802233755,0,True,Malaysia,True,2026-03-02 05:55:15.955005
69,2026-01-09 05:55:15.955005,6,9,13.03059112448487,3,False,Malaysia,False,2026-03-02 05:55:15.955005
99,2026-01-07 05:55:15.955005,19,16,16.505127435723466,1,False,Singapore,False,2026-03-02 05:55:15.955005
396,2026-02-19 05:55:15.955005,26,16,1.5856527694456544,4,False,Indonesia,False,2026-03-02 05:55:15.955005
25,2026-01-13 05:55:15.955005,8,16,5.599342169303227,3,False,Indonesia,True,2026-03-02 05:55:15.955005
436,2026-02-14 05:55:15.955005,21,3,19.608908731269192,0,False,Malaysia,False,2026-03-02 05:55:15.955005
379,2026-01-20 05:55:15.955005,1,16,21.792330130852438,2,True,Indonesia,False,2026-03-02 05:55:15.955005
469,2026-02-01 05:55:15.955005,13,17,17.895427166750483,3,True,Malaysia,False,2026-03-02 05:55:15.955005
484,2026-02-02 05:55:15.955005,16,19,5.15599105199271,3,True,Singapore,True,2026-03-02 05:55:15.955005
53,2026-02-12 05:55:15.955005,0,1,13.91675742875721,3,True,Indonesia,True,2026-03-02 05:55:15.955005
151,2026-01-16 05:55:15.955005,8,7,11.297748224532505,0,True,Indonesia,False,2026-03-02 05:55:15.955005
144,2026-02-20 05:55:15.955005,19,12,15.37417897701756,0,False,Singapore,False,2026-03-02 05:55:15.955005
57,2026-01-28 05:55:15.955005,20,19,26.239542002068735,3,True,Indonesia,False,2026-03-02 05:55:15.955005
39,2026-01-12 05:55:15.955005,18,14,23.499981721100905,3,True,Malaysia,False,2026-03-02 05:55:15.955005
109,2026-02-24 05:55:15.955005,3,19,3.4356955402856095,1,False,Indonesia,False,2026-03-02 05:55:15.955005
181,2026-01-18 05:55:15.955005,27,8,26.818966735462364,2,False,Indonesia,False,2026-03-02 05:55:15.955005
42,2026-01-04 05:55:15.955005,7,2,14.681247383344884,4,False,Singapore,False,2026-03-02 05:55:15.955005
186,2026-01-28 05:55:15.955005,12,2,22.572002201693955,4,False,Singapore,True,2026-03-02 05:55:15.955005
423,2026-01-03 05:55:15.955005,3,1,5.061137706666212,4,False,Malaysia,True,2026-03-02 05:55:15.955005
398,2026-02-11 05:55:15.955005,8,0,20.450866245504393,0,True,Indonesia,True,2026-03-02 05:55:15.955005
223,2026-01-12 05:55:15.955005,8,13,7.85345451067428,0,False,Indonesia,False,2026-03-02 05:55:15.955005
122,2026-01-24 05:55:15.955005,21,16,13.713046017087015,1,False,Singapore,False,2026-03-02 05:55:15.955005
133,2026-02-07 05:55:15.955005,17,12,1.4890232323810277,0,True,Malaysia,False,2026-03-02 05:55:15.955005
163,2026-02-21 05:55:15.955005,11,18,5.396708499983805,3,True,Indonesia,True,2026-03-02 05:55:15.955005
215,2026-01-30 05:55:15.955005,9,14,3.6703343005849733,2,False,Malaysia,False,2026-03-02 05:55:15.955005
221,2026-01-10 05:55:15.955005,10,13,7.952581015209495,2,False,Indonesia,False,2026-03-02 05:55:15.955005
235,2026-02-16 05:55:15.955005,6,1,3.9005246107053457,2,True,Singapore,False,2026-03-02 05:55:15.955005
331,2026-01-25 05:55:15.955005,8,6,21.065390771967294,2,False,Singapore,False,2026-03-02 05:55:15.955005
146,2026-02-11 05:55:15.955005,5,16,1.8421571640673617,4,False,Singapore,True,2026-03-02 05:55:15.955005
239,2026-02-28 05:55:15.955005,18,17,18.91447451812494,4,False,Singapore,True,2026-03-02 05:55:15.955005
76,2026-01-25 05:55:15.955005,15,5,5.080527093941654,3,False,Singapore,False,2026-03-02 05:55:15.955005
9,2026-01-05 05:55:15.955005,29,7,28.40968225815901,1,False,Singapore,False,2026-03-02 05:55:15.955005
74,2026-01-22 05:55:15.955005,14,1,28.059728120185774,0,True,Malaysia,False,2026-03-02 05:55:15.955005
442,2026-02-23 05:55:15.955005,6,0,7.5395899731079155,0,True,Singapore,False,2026-03-02 05:55:15.955005
492,2026-01-22 05:55:15.955005,15,15,18.818217648467854,4,False,Malaysia,True,2026-03-02 05:55:15.955005
401,2026-01-18 05:55:15.955005,4,6,1.8121542647012947,2,False,Singapore,False,2026-03-02 05:55:15.955005
253,2026-01-06 05:55:15.955005,15,10,28.02186774848405,3,True,Indonesia,True,2026-03-02 05:55:15.955005
230,2026-02-08 05:55:15.955005,0,14,16.16663193755958,1,True,Indonesia,False,2026-03-02 05:55:15.955005
7,2026-01-22 05:55:15.955005,18,12,2.253471391115591,4,True,Indonesia,False,2026-03-02 05:55:15.955005
174,2026-02-20 05:55:15.955005,4,1,10.932499797235984,3,False,Malaysia,True,2026-03-02 05:55:15.955005
141,2026-01-16 05:55:15.955005,6,13,3.228634393975792,3,True,Singapore,False,2026-03-02 05:55:15.955005
168,2026-02-23 05:55:15.955005,18,5,12.395388741827436,4,False,Malaysia,True,2026-03-02 05:55:15.955005
170,2026-02-02 05:55:15.955005,21,8,20.42786392267837,3,False,Singapore,True,2026-03-02 05:55:15.955005
393,2026-02-01 05:55:15.955005,4,6,14.626807333201748,2,False,Indonesia,False,2026-03-02 05:55:15.955005
434,2026-01-06 05:55:15.955005,28,17,12.12794306686418,3,False,Malaysia,True,2026-03-02 05:55:15.955005
283,2026-01-02 05:55:15.955005,16,8,4.455554320673479,1,False,Singapore,False,2026-03-02 05:55:15.955005
122,2026-02-21 05:55:15.955005,25,3,8.103232325116032,3,True,Malaysia,False,2026-03-02 05:55:15.955005
194,2026-01-23 05:55:15.955005,21,8,3.9041553444121826,0,True,Malaysia,False,2026-03-02 05:55:15.955005
5,2026-02-03 05:55:15.955005,29,3,24.41746321804316,3,True,Indonesia,False,2026-03-02 05:55:15.955005
29,2026-01-13 05:55:15.955005,7,11,4.921955011556954,4,True,Indonesia,True,2026-03-02 05:55:15.955005
165,2026-01-26 05:55:15.955005,28,3,18.26582762991791,0,False,Indonesia,False,2026-03-02 05:55:15.955005
422,2026-02-18 05:55:15.955005,28,19,10.93947199407653,4,True,Indonesia,False,2026-03-02 05:55:15.955005
339,2026-01-30 05:55:15.955005,0,13,7.553373155000322,1,True,Indonesia,False,2026-03-02 05:55:15.955005
136,2026-01-26 05:55:15.955005,1,6,19.54458474527101,2,True,Singapore,False,2026-03-02 05:55:15.955005
496,2026-01-25 05:55:15.955005,29,12,14.253066971931279,1,True,Singapore,True,2026-03-02 05:55:15.955005
365,2026-02-05 05:55:15.955005,14,7,12.604218551252215,0,True,Indonesia,False,2026-03-02 05:55:15.955005
321,2026-02-09 05:55:15.955005,19,4,18.192708141874427,2,True,Indonesia,False,2026-03-02 05:55:15.955005
342,2026-02-27 05:55:15.955005,27,11,15.24676122621002,3,False,Indonesia,True,2026-03-02 05:55:15.955005
500,2026-01-31 05:55:15.955005,17,12,9.801042047995262,0,False,Malaysia,False,2026-03-02 05:55:15.955005
145,2026-02-13 05:55:15.955005,10,19,17.212777345192297,2,True,Indonesia,False,2026-03-02 05:55:15.955005
327,2026-01-24 05:55:15.955005,24,13,20.415458719970143,4,False,Singapore,True,2026-03-02 05:55:15.955005
217,2026-02-07 05:55:15.955005,9,17,1.774101599018774,2,False,Singapore,False,2026-03-02 05:55:15.955005
301,2026-01-06 05:55:15.955005,23,19,14.510280138322585,4,False,Malaysia,False,2026-03-02 05:55:15.955005
132,2026-02-08 05:55:15.955005,23,3,2.6728152529227693,4,False,Singapore,True,2026-03-02 05:55:15.955005
292,2026-02-09 05:55:15.955005,3,17,6.405757007975221,2,False,Indonesia,False,2026-03-02 05:55:15.955005
70,2026-03-01 05:55:15.955005,4,6,17.25475328826122,1,True,Malaysia,False,2026-03-02 05:55:15.955005
252,2026-01-31 05:55:15.955005,3,14,26.11947854270184,1,False,Malaysia,False,2026-03-02 05:55:15.955005
415,2026-01-07 05:55:15.955005,12,5,26.60136469646606,4,False,Singapore,False,2026-03-02 05:55:15.955005
275,2026-02-20 05:55:15.955005,24,15,3.028376294020307,0,True,Indonesia,True,2026-03-02 05:55:15.955005
445,2026-02-03 05:55:15.955005,12,19,13.154047502314492,2,False,Indonesia,False,2026-03-02 05:55:15.955005
364,2026-01-16 05:55:15.955005,17,7,17.907188007131985,0,False,Indonesia,False,2026-03-02 05:55:15.955005
182,2026-01-30 05:55:15.955005,28,15,5.265027231959959,1,True,Malaysia,False,2026-03-02 05:55:15.955005
167,2026-02-26 05:55:15.955005,26,15,23.19753428559838,0,False,Singapore,False,2026-03-02 05:55:15.955005
91,2026-01-24 05:55:15.955005,23,2,22.582822494679924,3,True,Singapore,True,2026-03-02 05:55:15.955005
202,2026-02-21 05:55:15.955005,1,16,27.196889397497046,3,False,Singapore,True,2026-03-02 05:55:15.955005
346,2026-01-22 05:55:15.955005,15,8,1.2460943504198476,1,False,Indonesia,True,2026-03-02 05:55:15.955005
19,2026-01-16 05:55:15.955005,0,2,7.283843075681077,0,True,Malaysia,False,2026-03-02 05:55:15.955005
39,2026-02-07 05:55:15.955005,25,19,24.98841471311433,2,False,Malaysia,False,2026-03-02 05:55:15.955005
126,2026-01-27 05:55:15.955005,18,6,20.446821473981128,1,True,Singapore,True,2026-03-02 05:55:15.955005
451,2026-01-18 05:55:15.955005,8,17,26.937305757256233,3,False,Singapore,False,2026-03-02 05:55:15.955005
173,2026-01-14 05:55:15.955005,27,11,2.658209981377729,1,False,Malaysia,False,2026-03-02 05:55:15.955005
141,2026-01-02 05:55:15.955005,2,18,18.31195500577684,0,False,Singapore,False,2026-03-02 05:55:15.955005
242,2026-02-08 05:55:15.955005,24,15,17.502350671916552,0,False,Malaysia,True,2026-03-02 05:55:15.955005
220,2026-02-14 05:55:15.955005,6,16,2.034558074455439,0,True,Malaysia,False,2026-03-02 05:55:15.955005
126,2026-03-02 05:55:15.955005,28,19,15.892140230462022,4,False,Singapore,True,2026-03-02 05:55:15.955005
58,2026-01-07 05:55:15.955005,9,14,18.676089027987803,0,False,Malaysia,False,2026-03-02 05:55:15.955005
148,2026-01-31 05:55:15.955005,0,0,6.54750205186111,3,True,Malaysia,False,2026-03-02 05:55:15.955005
476,2026-01-31 05:55:15.955005,9,1,8.926557910615225,3,True,Singapore,True,2026-03-02 05:55:15.955005
456,2026-01-20 05:55:15.955005,20,7,19.570073042634373,4,True,Singapore,True,2026-03-02 05:55:15.955005
317,2026-01-05 05:55:15.955005,8,1,14.580727480398792,3,False,Singapore,True,2026-03-02 05:55:15.955005
383,2026-01-07 05:55:15.955005,27,18,25.882396069481477,3,True,Malaysia,False,2026-03-02 05:55:15.955005
361,2026-01-20 05:55:15.955005,14,8,10.929071214266463,1,True,Singapore,False,2026-03-02 05:55:15.955005
423,2026-01-09 05:55:15.955005,14,8,8.733130093257834,0,True,Singapore,False,2026-03-02 05:55:15.955005
1,2026-01-06 05:55:15.955005,2,12,29.56111227000044,1,True,Malaysia,False,2026-03-02 05:55:15.955005
387,2026-01-28 05:55:15.955005,24,5,27.422937333772417,1,False,Malaysia,False,2026-03-02 05:55:15.955005
461,2026-02-22 05:55:15.955005,4,14,1.840789604970416,3,False,Singapore,False,2026-03-02 05:55:15.955005
348,2026-02-09 05:55:15.955005,8,18,23.351129843890412,2,False,Singapore,False,2026-03-02 05:55:15.955005
190,2026-02-18 05:55:15.955005,25,14,4.199708440930886,0,True,Malaysia,False,2026-03-02 05:55:15.955005
191,2026-02-06 05:55:15.955005,21,17,1.7970706500517575,2,True,Malaysia,False,2026-03-02 05:55:15.955005
369,2026-01-14 05:55:15.955005,8,6,8.937169963024118,3,True,Indonesia,False,2026-03-02 05:55:15.955005
409,2026-02-13 05:55:15.955005,22,10,8.811030492772025,4,False,Malaysia,False,2026-03-02 05:55:15.955005
312,2026-01-11 05:55:15.955005,6,7,24.760244108061976,1,True,Malaysia,False,2026-03-02 05:55:15.955005
417,2026-02-19 05:55:15.955005,23,5,21.609350132342218,3,True,Indonesia,False,2026-03-02 05:55:15.955005
422,2026-01-22 05:55:15.955005,22,7,29.466673392628415,3,False,Singapore,True,2026-03-02 05:55:15.955005
117,2026-02-14 05:55:15.955005,11,1,21.633874109042736,2,False,Indonesia,False,2026-03-02 05:55:15.955005
134,2026-02-16 05:55:15.955005,24,18,13.129411044425389,4,False,Malaysia,False,2026-03-02 05:55:15.955005
58,2026-01-20 05:55:15.955005,26,15,21.268902167411287,1,False,Indonesia,False,2026-03-02 05:55:15.955005
44,2026-02-16 05:55:15.955005,8,6,29.98431294840566,4,False,Indonesia,False,2026-03-02 05:55:15.955005
173,2026-02-16 05:55:15.955005,5,9,21.594114594313314,4,True,Indonesia,False,2026-03-02 05:55:15.955005
160,2026-01-07 05:55:15.955005,22,11,23.08875932342923,4,True,Indonesia,False,2026-03-02 05:55:15.955005
173,2026-01-23 05:55:15.955005,1,16,28.212585440517522,0,True,Indonesia,False,2026-03-02 05:55:15.955005
317,2026-02-18 05:55:15.955005,8,6,4.295886578038817,4,False,Indonesia,False,2026-03-02 05:55:15.955005
303,2026-02-14 05:55:15.955005,27,7,21.43874450998408,3,False,Singapore,False,2026-03-02 05:55:15.955005
149,2026-01-30 05:55:15.955005,28,6,25.67337278105602,0,False,Indonesia,False,2026-03-02 05:55:15.955005
80,2026-02-22 05:55:15.955005,16,3,28.6769794064059,0,False,Indonesia,False,2026-03-02 05:55:15.955005
374,2026-01-22 05:55:15.955005,0,2,7.118109401639281,4,True,Indonesia,True,2026-03-02 05:55:15.955005
213,2026-02-11 05:55:15.955005,18,18,15.613941224003081,3,True,Indonesia,False,2026-03-02 05:55:15.955005
203,2026-02-05 05:55:15.955005,27,14,20.73609058168997,1,True,Malaysia,False,2026-03-02 05:55:15.955005
252,2026-02-04 05:55:15.955005,5,3,8.176564155538786,4,True,Indonesia,False,2026-03-02 05:55:15.955005
229,2026-02-10 05:55:15.955005,4,8,18.41371303425795,0,True,Indonesia,False,2026-03-02 05:55:15.955005
164,2026-02-13 05:55:15.955005,1,12,8.469784692441982,1,True,Indonesia,False,2026-03-02 05:55:15.955005
227,2026-02-18 05:55:15.955005,8,17,10.67025359541777,1,True,Singapore,False,2026-03-02 05:55:15.955005
147,2026-02-15 05:55:15.955005,29,15,13.804042198815086,0,True,Indonesia,True,2026-03-02 05:55:15.955005
20,2026-02-22 05:55:15.955005,28,0,16.346512863650442,1,False,Malaysia,False,2026-03-02 05:55:15.955005
441,2026-02-19 05:55:15.955005,25,3,14.031610277129369,3,True,Singapore,False,2026-03-02 05:55:15.955005
402,2026-01-18 05:55:15.955005,13,17,15.302670073849946,3,True,Malaysia,False,2026-03-02 05:55:15.955005
47,2026-01-24 05:55:15.955005,3,7,9.659073932360487,4,False,Singapore,False,2026-03-02 05:55:15.955005
233,2026-02-12 05:55:15.955005,3,19,5.609987726656287,4,False,Singapore,False,2026-03-02 05:55:15.955005
305,2026-01-02 05:55:15.955005,20,15,2.3731493424783436,1,True,Indonesia,False,2026-03-02 05:55:15.955005
14,2026-02-24 05:55:15.955005,14,10,6.683382952258364,0,True,Indonesia,False,2026-03-02 05:55:15.955005
143,2026-01-05 05:55:15.955005,7,19,17.876365603667708,3,False,Singapore,False,2026-03-02 05:55:15.955005
415,2026-01-27 05:55:15.955005,25,18,23.797347986290838,2,False,Indonesia,False,2026-03-02 05:55:15.955005
1,2026-01-14 05:55:15.955005,3,18,5.908180325843941,4,False,Indonesia,False,2026-03-02 05:55:15.955005
373,2026-02-13 05:55:15.955005,15,17,4.148105375406805,3,True,Singapore,True,2026-03-02 05:55:15.955005
54,2026-02-15 05:55:15.955005,20,18,22.729420455928256,1,False,Singapore,True,2026-03-02 05:55:15.955005
374,2026-01-07 05:55:15.955005,27,10,9.8495915855814,3,True,Malaysia,False,2026-03-02 05:55:15.955005
259,2026-01-23 05:55:15.955005,3,2,28.59348373759322,3,False,Singapore,False,2026-03-02 05:55:15.955005
144,2026-02-27 05:55:15.955005,29,7,21.71522114770082,1,True,Malaysia,False,2026-03-02 05:55:15.955005
471,2026-01-03 05:55:15.955005,15,19,10.475925370047895,4,False,Malaysia,False,2026-03-02 05:55:15.955005
441,2026-02-06 05:55:15.955005,21,18,9.396739686017442,4,True,Indonesia,True,2026-03-02 05:55:15.955005
459,2026-01-30 05:55:15.955005,11,9,16.18725320186796,2,False,Indonesia,False,2026-03-02 05:55:15.955005
12,2026-01-22 05:55:15.955005,15,15,3.2951953800680736,2,False,Singapore,False,2026-03-02 05:55:15.955005
330,2026-02-18 05:55:15.955005,18,4,4.412618866713671,4,True,Singapore,True,2026-03-02 05:55:15.955005
224,2026-01-17 05:55:15.955005,7,19,6.099878558169583,4,True,Malaysia,True,2026-03-02 05:55:15.955005
272,2026-02-14 05:55:15.955005,5,8,23.466984205832247,4,True,Malaysia,False,2026-03-02 05:55:15.955005
456,2026-01-13 05:55:15.955005,9,7,15.90186341880455,4,False,Indonesia,False,2026-03-02 05:55:15.955005
358,2026-01-25 05:55:15.955005,4,10,1.3064465604588453,3,False,Singapore,False,2026-03-02 05:55:15.955005
460,2026-02-25 05:55:15.955005,28,15,20.531979296691162,2,False,Singapore,True,2026-03-02 05:55:15.955005
408,2026-02-12 05:55:15.955005,17,6,13.287015181154414,1,False,Singapore,False,2026-03-02 05:55:15.955005
156,2026-02-18 05:55:15.955005,9,14,15.81471858395014,0,False,Singapore,False,2026-03-02 05:55:15.955005
373,2026-01-05 05:55:15.955005,9,19,7.209371058975131,1,True,Indonesia,False,2026-03-02 05:55:15.955005
8,2026-01-02 05:55:15.955005,6,16,17.001684623429004,0,True,Indonesia,False,2026-03-02 05:55:15.955005
122,2026-02-05 05:55:15.955005,17,5,29.39544395279317,3,False,Malaysia,False,2026-03-02 05:55:15.955005
348,2026-02-17 05:55:15.955005,0,14,3.129896039167082,2,False,Indonesia,False,2026-03-02 05:55:15.955005
164,2026-01-31 05:55:15.955005,6,7,9.233604590268488,0,True,Malaysia,False,2026-03-02 05:55:15.955005
90,2026-01-08 05:55:15.955005,20,6,8.046930192964064,4,False,Indonesia,True,2026-03-02 05:55:15.955005
136,2026-02-27 05:55:15.955005,0,1,8.207930011784208,3,True,Indonesia,True,2026-03-02 05:55:15.955005
186,2026-01-02 05:55:15.955005,14,12,11.98248436939594,0,True,Singapore,False,2026-03-02 05:55:15.955005
316,2026-01-23 05:55:15.955005,3,5,24.725183757580858,4,True,Malaysia,False,2026-03-02 05:55:15.955005
178,2026-02-23 05:55:15.955005,27,4,27.472902008967232,3,True,Malaysia,True,2026-03-02 05:55:15.955005
28,2026-02-06 05:55:15.955005,28,19,6.864237536310227,0,True,Malaysia,False,2026-03-02 05:55:15.955005
220,2026-02-18 05:55:15.955005,19,0,16.74554820049527,4,False,Indonesia,True,2026-03-02 05:55:15.955005
357,2026-01-30 05:55:15.955005,9,17,19.47007019279893,2,True,Singapore,False,2026-03-02 05:55:15.955005
41,2026-01-03 05:55:15.955005,22,14,16.132996756551503,3,False,Indonesia,False,2026-03-02 05:55:15.955005
228,2026-01-24 05:55:15.955005,8,9,13.588215431710667,0,True,Singapore,False,2026-03-02 05:55:15.955005
192,2026-01-24 05:55:15.955005,1,2,6.567289669917898,4,False,Indonesia,False,2026-03-02 05:55:15.955005
411,2026-01-06 05:55:15.955005,27,4,15.158361416777918,2,True,Malaysia,True,2026-03-02 05:55:15.955005
447,2026-02-03 05:55:15.955005,13,12,12.635230003628537,4,False,Indonesia,False,2026-03-02 05:55:15.955005
145,2026-01-09 05:55:15.955005,15,7,24.07133751256582,2,False,Malaysia,False,2026-03-02 05:55:15.955005
201,2026-02-01 05:55:15.955005,0,1,23.14452641572686,0,True,Singapore,False,2026-03-02 05:55:15.955005
417,2026-02-28 05:55:15.955005,1,8,4.88596175496445,4,True,Malaysia,False,2026-03-02 05:55:15.955005
212,2026-02-03 05:55:15.955005,6,16,3.5670525243289597,4,True,Malaysia,False,2026-03-02 05:55:15.955005
461,2026-02-28 05:55:15.955005,28,17,27.336464353597588,1,False,Malaysia,False,2026-03-02 05:55:15.955005
220,2026-01-17 05:55:15.955005,9,12,16.529743279970432,3,True,Malaysia,False,2026-03-02 05:55:15.955005
240,2026-01-08 05:55:15.955005,21,0,25.87622718119513,4,True,Singapore,False,2026-03-02 05:55:15.955005
413,2026-01-28 05:55:15.955005,19,11,2.686382496425633,2,False,Indonesia,True,2026-03-02 05:55:15.955005
397,2026-02-15 05:55:15.955005,0,19,16.268952879127276,3,True,Indonesia,False,2026-03-02 05:55:15.955005
46,2026-02-09 05:55:15.955005,12,19,16.643368922710856,0,True,Indonesia,False,2026-03-02 05:55:15.955005
35,2026-01-30 05:55:15.955005,0,4,25.960358943722348,3,False,Indonesia,False,2026-03-02 05:55:15.955005
253,2026-01-24 05:55:15.955005,4,7,3.830689948661518,1,True,Malaysia,False,2026-03-02 05:55:15.955005
390,2026-02-23 05:55:15.955005,15,14,7.972921346601369,0,False,Singapore,False,2026-03-02 05:55:15.955005
82,2026-01-07 05:55:15.955005,14,2,12.78961110272338,4,True,Singapore,True,2026-03-02 05:55:15.955005
371,2026-02-23 05:55:15.955005,16,5,26.109402787178322,0,False,Indonesia,True,2026-03-02 05:55:15.955005
256,2026-01-05 05:55:15.955005,27,12,28.227616137046443,0,False,Indonesia,False,2026-03-02 05:55:15.955005
197,2026-02-25 05:55:15.955005,22,11,29.789013968215208,1,True,Singapore,False,2026-03-02 05:55:15.955005
303,2026-02-17 05:55:15.955005,15,18,28.816611107297124,2,False,Singapore,False,2026-03-02 05:55:15.955005
409,2026-01-30 05:55:15.955005,12,17,1.172310919486278,0,True,Malaysia,False,2026-03-02 05:55:15.955005
450,2026-01-27 05:55:15.955005,10,0,2.383541902162289,2,False,Singapore,True,2026-03-02 05:55:15.955005
10,2026-02-21 05:55:15.955005,16,6,5.280597755570072,3,False,Singapore,True,2026-03-02 05:55:15.955005
312,2026-02-28 05:55:15.955005,16,11,11.11700080633792,1,True,Malaysia,False,2026-03-02 05:55:15.955005
286,2026-01-03 05:55:15.955005,1,9,25.067622898621803,4,True,Malaysia,False,2026-03-02 05:55:15.955005
242,2026-02-19 05:55:15.955005,12,11,26.887029664728935,0,True,Malaysia,False,2026-03-02 05:55:15.955005
251,2026-01-13 05:55:15.955005,13,10,6.418197782542908,2,False,Singapore,False,2026-03-02 05:55:15.955005
365,2026-01-03 05:55:15.955005,10,3,18.97026039697155,0,True,Singapore,False,2026-03-02 05:55:15.955005
5,2026-01-31 05:55:15.955005,27,18,27.60349756689302,1,False,Singapore,False,2026-03-02 05:55:15.955005
119,2026-02-02 05:55:15.955005,9,5,14.448220342008302,4,False,Malaysia,True,2026-03-02 05:55:15.955005
289,2026-02-26 05:55:15.955005,2,8,4.002763586630735,3,True,Singapore,False,2026-03-02 05:55:15.955005
374,2026-01-10 05:55:15.955005,28,19,14.276595852454124,3,False,Singapore,True,2026-03-02 05:55:15.955005
65,2026-02-06 05:55:15.955005,26,9,11.89805216635366,2,True,Malaysia,True,2026-03-02 05:55:15.955005
146,2026-01-21 05:55:15.955005,16,4,17.7520818859142,3,False,Indonesia,True,2026-03-02 05:55:15.955005
224,2026-01-31 05:55:15.955005,14,12,13.721101847806006,2,True,Indonesia,False,2026-03-02 05:55:15.955005
239,2026-02-10 05:55:15.955005,8,8,1.5030318787578203,4,False,Singapore,True,2026-03-02 05:55:15.955005
177,2026-01-04 05:55:15.955005,9,1,29.825934268996463,0,False,Malaysia,True,2026-03-02 05:55:15.955005
267,2026-02-11 05:55:15.955005,7,17,16.76266689418656,1,True,Malaysia,False,2026-03-02 05:55:15.955005
341,2026-01-23 05:55:15.955005,20,0,14.735291909053677,4,False,Singapore,True,2026-03-02 05:55:15.955005
282,2026-02-09 05:55:15.955005,12,11,28.683903773617565,4,False,Singapore,True,2026-03-02 05:55:15.955005
63,2026-02-27 05:55:15.955005,26,9,5.519950660025236,3,False,Indonesia,False,2026-03-02 05:55:15.955005
217,2026-02-18 05:55:15.955005,17,1,6.4878904738121985,3,False,Malaysia,True,2026-03-02 05:55:15.955005
342,2026-01-17 05:55:15.955005,4,8,24.43242772282072,1,False,Singapore,False,2026-03-02 05:55:15.955005
315,2026-01-20 05:55:15.955005,5,1,8.564101320725253,0,True,Malaysia,True,2026-03-02 05:55:15.955005
283,2026-01-12 05:55:15.955005,29,13,24.17758608245428,4,True,Singapore,False,2026-03-02 05:55:15.955005
177,2026-01-13 05:55:15.955005,16,10,8.874471004346574,3,False,Indonesia,False,2026-03-02 05:55:15.955005
461,2026-02-11 05:55:15.955005,10,10,1.962441276525043,4,True,Singapore,True,2026-03-02 05:55:15.955005
417,2026-01-10 05:55:15.955005,19,16,15.993426992714763,0,True,Indonesia,False,2026-03-02 05:55:15.955005
98,2026-02-18 05:55:15.955005,15,3,6.70390658967898,2,False,Indonesia,True,2026-03-02 05:55:15.955005
105,2026-02-14 05:55:15.955005,8,12,22.97754249504166,0,True,Singapore,False,2026-03-02 05:55:15.955005
99,2026-01-08 05:55:15.955005,1,6,19.594789363732296,4,False,Singapore,False,2026-03-02 05:55:15.955005
385,2026-01-26 05:55:15.955005,4,15,27.784477371359618,4,True,Indonesia,True,2026-03-02 05:55:15.955005
405,2026-01-29 05:55:15.955005,0,0,23.706662360706343,1,False,Malaysia,False,2026-03-02 05:55:15.955005
496,2026-03-02 05:55:15.955005,3,12,6.2425026903810785,4,False,Malaysia,False,2026-03-02 05:55:15.955005
311,2026-02-16 05:55:15.955005,3,0,24.204588863279096,3,False,Indonesia,False,2026-03-02 05:55:15.955005
6,2026-02-18 05:55:15.955005,21,10,19.610374299606676,1,False,Indonesia,False,2026-03-02 05:55:15.955005
476,2026-02-14 05:55:15.955005,25,5,20.399597611058123,4,True,Singapore,False,2026-03-02 05:55:15.955005
465,2026-02-07 05:55:15.955005,24,19,25.135623693134313,0,True,Singapore,False,2026-03-02 05:55:15.955005
197,2026-01-04 05:55:15.955005,2,2,17.64089800647927,4,False,Indonesia,False,2026-03-02 05:55:15.955005
351,2026-02-23 05:55:15.955005,8,11,14.514101916237374,0,True,Indonesia,False,2026-03-02 05:55:15.955005
133,2026-01-12 05:55:15.955005,21,4,19.46259002540311,0,False,Malaysia,False,2026-03-02 05:55:15.955005
358,2026-02-04 05:55:15.955005,22,8,9.640765439792414,4,False,Malaysia,False,2026-03-02 05:55:15.955005
259,2026-01-17 05:55:15.955005,11,11,6.29531680152588,0,True,Malaysia,False,2026-03-02 05:55:15.955005
437,2026-02-08 05:55:15.955005,9,9,18.881047304066147,2,False,Indonesia,False,2026-03-02 05:55:15.955005
23,2026-01-16 05:55:15.955005,1,18,7.781602703478852,1,False,Indonesia,False,2026-03-02 05:55:15.955005
485,2026-02-23 05:55:15.955005,10,4,3.317538171051595,4,True,Malaysia,True,2026-03-02 05:55:15.955005
53,2026-02-23 05:55:15.955005,9,4,1.0160713529723635,2,False,Malaysia,False,2026-03-02 05:55:15.955005
165,2026-01-03 05:55:15.955005,29,8,18.641262640601948,0,False,Singapore,False,2026-03-02 05:55:15.955005
202,2026-02-05 05:55:15.955005,21,19,11.502314720926869,0,True,Singapore,False,2026-03-02 05:55:15.955005
458,2026-01-15 05:55:15.955005,5,16,22.817018149530224,1,True,Indonesia,False,2026-03-02 05:55:15.955005
83,2026-01-03 05:55:15.955005,17,9,11.880115551079971,2,False,Singapore,False,2026-03-02 05:55:15.955005
145,2026-02-18 05:55:15.955005,1,0,15.094099998908575,2,True,Indonesia,False,2026-03-02 05:55:15.955005
85,2026-01-23 05:55:15.955005,29,15,12.805464211646163,4,True,Indonesia,True,2026-03-02 05:55:15.955005
78,2026-01-25 05:55:15.955005,1,14,19.86666894217104,0,True,Indonesia,False,2026-03-02 05:55:15.955005
457,2026-01-13 05:55:15.955005,9,16,11.328035698434078,3,True,Malaysia,False,2026-03-02 05:55:15.955005
366,2026-02-03 05:55:15.955005,15,19,28.94926184832696,4,True,Singapore,False,2026-03-02 05:55:15.955005
1,2026-02-06 05:55:15.955005,11,12,28.148262611357374,4,True,Singapore,False,2026-03-02 05:55:15.955005
51,2026-02-15 05:55:15.955005,0,0,25.59280917706116,4,False,Singapore,False,2026-03-02 05:55:15.955005
173,2026-01-07 05:55:15.955005,20,7,27.688707846609695,1,False,Singapore,False,2026-03-02 05:55:15.955005
205,2026-03-01 05:55:15.955005,7,4,14.02505096532234,1,True,Malaysia,False,2026-03-02 05:55:15.955005
260,2026-01-08 05:55:15.955005,15,5,16.55648150689527,4,True,Singapore,True,2026-03-02 05:55:15.955005
446,2026-02-13 05:55:15.955005,17,19,22.520685184189087,3,True,Singapore,True,2026-03-02 05:55:15.955005
449,2026-02-14 05:55:15.955005,12,13,21.18823182321769,2,False,Malaysia,False,2026-03-02 05:55:15.955005
369,2026-02-01 05:55:15.955005,14,10,26.829679272558653,2,False,Singapore,False,2026-03-02 05:55:15.955005
488,2026-01-23 05:55:15.955005,20,5,21.773599790444162,0,False,Singapore,False,2026-03-02 05:55:15.955005
288,2026-02-18 05:55:15.955005,11,10,29.938656538625356,2,False,Malaysia,False,2026-03-02 05:55:15.955005
34,2026-01-30 05:55:15.955005,7,12,11.10666819511614,2,True,Malaysia,False,2026-03-02 05:55:15.955005
348,2026-01-12 05:55:15.955005,9,11,25.156934524943118,3,True,Malaysia,False,2026-03-02 05:55:15.955005
95,2026-02-02 05:55:15.955005,13,1,21.231409862147263,2,True,Malaysia,True,2026-03-02 05:55:15.955005
72,2026-01-16 05:55:15.955005,4,2,21.050206911235538,3,True,Indonesia,False,2026-03-02 05:55:15.955005
39,2026-02-01 05:55:15.955005,17,3,10.449232250504968,1,True,Malaysia,False,2026-03-02 05:55:15.955005
154,2026-02-13 05:55:15.955005,18,16,23.782451980267652,3,False,Singapore,False,2026-03-02 05:55:15.955005
250,2026-02-18 05:55:15.955005,14,5,27.110904648080375,1,True,Singapore,False,2026-03-02 05:55:15.955005
162,2026-01-19 05:55:15.955005,5,6,7.3379053840963255,3,False,Singapore,False,2026-03-02 05:55:15.955005
438,2026-02-10 05:55:15.955005,26,14,19.13940827638442,4,True,Singapore,False,2026-03-02 05:55:15.955005
118,2026-02-01 05:55:15.955005,10,10,12.371910043980481,1,True,Indonesia,False,2026-03-02 05:55:15.955005
259,2026-02-10 05:55:15.955005,20,2,29.696895459551435,1,False,Indonesia,False,2026-03-02 05:55:15.955005
379,2026-01-14 05:55:15.955005,10,5,14.886151659118767,2,False,Indonesia,False,2026-03-02 05:55:15.955005
306,2026-01-07 05:55:15.955005,19,1,7.621285040111339,1,True,Singapore,True,2026-03-02 05:55:15.955005
268,2026-02-14 05:55:15.955005,19,13,12.073871131433144,3,False,Singapore,True,2026-03-02 05:55:15.955005
449,2026-01-22 05:55:15.955005,20,8,19.96131330468216,4,False,Malaysia,True,2026-03-02 05:55:15.955005
54,2026-02-12 05:55:15.955005,17,17,3.206591769137712,4,False,Malaysia,False,2026-03-02 05:55:15.955005
236,2026-01-10 05:55:15.955005,24,18,18.50445568641589,2,True,Singapore,True,2026-03-02 05:55:15.955005
389,2026-02-16 05:55:15.955005,17,11,28.00551801618804,3,True,Malaysia,False,2026-03-02 05:55:15.955005
478,2026-02-22 05:55:15.955005,9,12,25.660520842077663,3,True,Malaysia,False,2026-03-02 05:55:15.955005
222,2026-01-10 05:55:15.955005,1,11,2.962532563081518,0,False,Singapore,False,2026-03-02 05:55:15.955005
251,2026-02-21 05:55:15.955005,25,11,29.808306483432975,1,False,Indonesia,True,2026-03-02 05:55:15.955005
313,2026-01-18 05:55:15.955005,29,17,21.263080787412495,2,True,Singapore,False,2026-03-02 05:55:15.955005
401,2026-01-31 05:55:15.955005,8,8,5.706143905106687,4,True,Singapore,True,2026-03-02 05:55:15.955005
112,2026-01-09 05:55:15.955005,13,16,1.3600665859132812,0,False,Malaysia,False,2026-03-02 05:55:15.955005
255,2026-02-08 05:55:15.955005,18,15,5.967196452472389,3,True,Malaysia,True,2026-03-02 05:55:15.955005
303,2026-01-10 05:55:15.955005,9,16,25.307101699886417,1,True,Singapore,False,2026-03-02 05:55:15.955005
407,2026-02-01 05:55:15.955005,22,7,1.6275404234097484,4,False,Indonesia,False,2026-03-02 05:55:15.955005
207,2026-01-29 05:55:15.955005,3,10,7.76127180492451,0,False,Singapore,False,2026-03-02 05:55:15.955005
229,2026-01-05 05:55:15.955005,28,1,22.961862264711385,3,True,Indonesia,True,2026-03-02 05:55:15.955005
341,2026-01-10 05:55:15.955005,28,7,17.99720554104592,4,False,Indonesia,True,2026-03-02 05:55:15.955005
398,2026-02-22 05:55:15.955005,5,11,23.699335600445565,4,False,Singapore,True,2026-03-02 05:55:15.955005
66,2026-01-08 05:55:15.955005,13,0,22.63836461097685,3,True,Singapore,False,2026-03-02 05:55:15.955005
75,2026-01-15 05:55:15.955005,3,12,2.467440226532337,3,False,Singapore,False,2026-03-02 05:55:15.955005
435,2026-03-02 05:55:15.955005,25,16,26.882831153730393,2,False,Indonesia,False,2026-03-02 05:55:15.955005
103,2026-01-18 05:55:15.955005,14,13,7.583923194185792,4,True,Malaysia,False,2026-03-02 05:55:15.955005
422,2026-01-27 05:55:15.955005,15,13,17.048380766663147,3,False,Indonesia,False,2026-03-02 05:55:15.955005
192,2026-02-20 05:55:15.955005,6,15,19.684356539305586,0,False,Indonesia,False,2026-03-02 05:55:15.955005
252,2026-01-28 05:55:15.955005,16,16,5.890218115667766,1,True,Indonesia,False,2026-03-02 05:55:15.955005
226,2026-02-15 05:55:15.955005,18,5,29.310706444328257,2,False,Malaysia,False,2026-03-02 05:55:15.955005
294,2026-02-22 05:55:15.955005,28,6,15.15652272653196,3,True,Indonesia,True,2026-03-02 05:55:15.955005
306,2026-01-30 05:55:15.955005,18,0,2.6716381723244096,1,True,Indonesia,True,2026-03-02 05:55:15.955005
98,2026-02-16 05:55:15.955005,16,14,28.18059929855737,2,False,Indonesia,False,2026-03-02 05:55:15.955005
338,2026-02-19 05:55:15.955005,5,19,18.001767452604774,4,True,Malaysia,True,2026-03-02 05:55:15.955005
286,2026-01-29 05:55:15.955005,28,17,21.276602741459914,1,True,Indonesia,False,2026-03-02 05:55:15.955005
335,2026-01-17 05:55:15.955005,10,12,16.230097908092496,2,False,Malaysia,False,2026-03-02 05:55:15.955005
347,2026-02-17 05:55:15.955005,15,1,25.207400688532058,3,True,Malaysia,True,2026-03-02 05:55:15.955005
435,2026-01-05 05:55:15.955005,29,18,1.960870403603116,3,True,Singapore,False,2026-03-02 05:55:15.955005
447,2026-01-05 05:55:15.955005,24,14,8.782972593037286,2,False,Singapore,False,2026-03-02 05:55:15.955005
482,2026-02-23 05:55:15.955005,7,11,14.619802335678074,4,True,Singapore,False,2026-03-02 05:55:15.955005
308,2026-02-23 05:55:15.955005,10,14,3.221504873097591,2,True,Malaysia,False,2026-03-02 05:55:15.955005
249,2026-02-04 05:55:15.955005,6,17,21.471293410473088,0,False,Singapore,False,2026-03-02 05:55:15.955005
166,2026-02-19 05:55:15.955005,25,13,12.416239007613582,2,False,Singapore,True,2026-03-02 05:55:15.955005
481,2026-03-02 05:55:15.955005,23,5,8.907371717776176,2,True,Singapore,False,2026-03-02 05:55:15.955005
472,2026-01-19 05:55:15.955005,21,11,1.097986557443956,3,True,Malaysia,True,2026-03-02 05:55:15.955005
335,2026-01-22 05:55:15.955005,24,19,21.87507904074866,4,True,Indonesia,False,2026-03-02 05:55:15.955005
30,2026-01-20 05:55:15.955005,18,5,25.18046995731299,2,False,Singapore,True,2026-03-02 05:55:15.955005
247,2026-01-11 05:55:15.955005,25,8,12.456175534763455,1,True,Singapore,False,2026-03-02 05:55:15.955005
106,2026-02-20 05:55:15.955005,9,3,17.3623213339676,3,False,Singapore,False,2026-03-02 05:55:15.955005
51,2026-01-23 05:55:15.955005,8,16,7.602912151958354,3,True,Singapore,False,2026-03-02 05:55:15.955005
81,2026-01-19 05:55:15.955005,3,1,19.04373174212386,2,True,Malaysia,False,2026-03-02 05:55:15.955005
133,2026-01-31 05:55:15.955005,22,15,1.3519862911408151,1,False,Indonesia,False,2026-03-02 05:55:15.955005
285,2026-02-14 05:55:15.955005,14,13,15.170673015863995,2,True,Indonesia,False,2026-03-02 05:55:15.955005
388,2026-01-29 05:55:15.955005,12,7,19.681958973380077,1,False,Singapore,False,2026-03-02 05:55:15.955005
138,2026-01-30 05:55:15.955005,24,13,27.627561423662286,3,False,Indonesia,False,2026-03-02 05:55:15.955005
184,2026-01-04 05:55:15.955005,1,1,12.058738696546243,1,True,Singapore,True,2026-03-02 05:55:15.955005
401,2026-02-02 05:55:15.955005,1,15,23.190515886449866,2,True,Singapore,False,2026-03-02 05:55:15.955005
330,2026-02-10 05:55:15.955005,15,3,18.332923868361522,0,False,Indonesia,False,2026-03-02 05:55:15.955005
273,2026-02-10 05:55:15.955005,8,0,27.883351274827337,0,False,Indonesia,False,2026-03-02 05:55:15.955005
340,2026-01-22 05:55:15.955005,27,19,12.552952594123488,1,False,Malaysia,False,2026-03-02 05:55:15.955005
472,2026-02-08 05:55:15.955005,12,13,10.253764856316652,2,True,Singapore,False,2026-03-02 05:55:15.955005
69,2026-01-06 05:55:15.955005,2,7,26.72711796213017,4,True,Indonesia,False,2026-03-02 05:55:15.955005
34,2026-02-25 05:55:15.955005,8,2,2.4280876408403844,0,True,Malaysia,True,2026-03-02 05:55:15.955005
262,2026-02-09 05:55:15.955005,12,4,4.955176395076627,3,True,Indonesia,True,2026-03-02 05:55:15.955005
53,2026-01-12 05:55:15.955005,20,5,3.3897286029372893,2,False,Indonesia,True,2026-03-02 05:55:15.955005
450,2026-01-24 05:55:15.955005,21,7,25.450188740715678,2,False,Singapore,False,2026-03-02 05:55:15.955005
205,2026-01-25 05:55:15.955005,1,5,1.3076152777392624,0,False,Malaysia,False,2026-03-02 05:55:15.955005
126,2026-01-17 05:55:15.955005,7,5,25.988057509414396,4,True,Singapore,False,2026-03-02 05:55:15.955005
235,2026-01-11 05:55:15.955005,26,3,14.086766065766739,3,True,Indonesia,True,2026-03-02 05:55:15.955005
43,2026-01-08 05:55:15.955005,8,6,1.1167330867651517,4,True,Malaysia,False,2026-03-02 05:55:15.955005
240,2026-02-23 05:55:15.955005,15,18,12.647710139149213,3,False,Singapore,False,2026-03-02 05:55:15.955005
459,2026-01-21 05:55:15.955005,1,6,6.417224390306032,0,False,Malaysia,False,2026-03-02 05:55:15.955005
371,2026-01-13 05:55:15.955005,5,2,19.107614136692728,2,False,Indonesia,True,2026-03-02 05:55:15.955005
111,2026-01-27 05:55:15.955005,21,7,20.70140490772775,3,False,Malaysia,True,2026-03-02 05:55:15.955005
249,2026-01-11 05:55:15.955005,7,0,15.138299541744995,2,True,Indonesia,True,2026-03-02 05:55:15.955005
151,2026-02-20 05:55:15.955005,25,0,2.1750662377504293,1,True,Singapore,True,2026-03-02 05:55:15.955005
183,2026-02-07 05:55:15.955005,27,13,20.027735326648855,1,True,Indonesia,True,2026-03-02 05:55:15.955005
336,2026-01-13 05:55:15.955005,4,5,25.419124724560113,0,False,Indonesia,False,2026-03-02 05:55:15.955005
95,2026-02-10 05:55:15.955005,8,9,21.889404042465642,0,False,Malaysia,False,2026-03-02 05:55:15.955005
459,2026-01-11 05:55:15.955005,0,13,25.06877964970424,0,False,Malaysia,False,2026-03-02 05:55:15.955005
374,2026-03-01 05:55:15.955005,8,3,6.814776182975737,1,False,Singapore,False,2026-03-02 05:55:15.955005
400,2026-01-22 05:55:15.955005,9,5,26.777750250037997,3,True,Malaysia,False,2026-03-02 05:55:15.955005
8,2026-02-12 05:55:15.955005,22,15,10.343610068790921,4,True,Singapore,True,2026-03-02 05:55:15.955005
388,2026-01-23 05:55:15.955005,3,0,1.3887396133077399,0,False,Indonesia,False,2026-03-02 05:55:15.955005
360,2026-02-03 05:55:15.955005,2,5,25.45835774354305,4,True,Indonesia,False,2026-03-02 05:55:15.955005
388,2026-01-03 05:55:15.955005,29,8,28.312816799977075,4,False,Malaysia,False,2026-03-02 05:55:15.955005
184,2026-02-14 05:55:15.955005,9,14,20.011187725103113,1,False,Indonesia,False,2026-03-02 05:55:15.955005
281,2026-02-25 05:55:15.955005,14,11,7.711662283439315,3,False,Indonesia,False,2026-03-02 05:55:15.955005
195,2026-02-12 05:55:15.955005,10,2,8.300589464193381,1,False,Singapore,False,2026-03-02 05:55:15.955005
352,2026-01-06 05:55:15.955005,13,10,14.531193329632966,0,False,Malaysia,False,2026-03-02 05:55:15.955005
195,2026-01-24 05:55:15.955005,5,14,27.037101308441166,1,True,Singapore,False,2026-03-02 05:55:15.955005
155,2026-02-03 05:55:15.955005,11,2,5.338332028279193,1,True,Indonesia,False,2026-03-02 05:55:15.955005
93,2026-03-01 05:55:15.955005,12,13,24.953236417921122,1,True,Indonesia,False,2026-03-02 05:55:15.955005
160,2026-01-24 05:55:15.955005,16,1,9.44778145244936,0,True,Indonesia,True,2026-03-02 05:55:15.955005
434,2026-01-07 05:55:15.955005,15,3,24.448998913443837,0,True,Malaysia,False,2026-03-02 05:55:15.955005
61,2026-01-25 05:55:15.955005,2,18,27.68786473044462,1,True,Indonesia,False,2026-03-02 05:55:15.955005
122,2026-01-11 05:55:15.955005,1,11,13.397322287835285,1,False,Indonesia,False,2026-03-02 05:55:15.955005
51,2026-01-10 05:55:15.955005,10,1,11.586468969060395,4,False,Singapore,True,2026-03-02 05:55:15.955005
403,2026-02-27 05:55:15.955005,28,16,24.26441825016775,3,True,Malaysia,True,2026-03-02 05:55:15.955005
277,2026-02-09 05:55:15.955005,8,2,16.355003589002425,4,False,Indonesia,False,2026-03-02 05:55:15.955005
5,2026-02-05 05:55:15.955005,2,9,20.849022405432716,3,False,Singapore,False,2026-03-02 05:55:15.955005
466,2026-01-13 05:55:15.955005,28,15,19.062047871874206,3,False,Indonesia,False,2026-03-02 05:55:15.955005
92,2026-01-19 05:55:15.955005,17,8,5.433776523699093,1,True,Singapore,False,2026-03-02 05:55:15.955005
170,2026-01-26 05:55:15.955005,19,10,25.49892044839729,4,True,Indonesia,True,2026-03-02 05:55:15.955005
317,2026-01-04 05:55:15.955005,14,14,6.67747823098095,3,True,Malaysia,False,2026-03-02 05:55:15.955005
22,2026-02-18 05:55:15.955005,13,2,28.036182178052645,3,False,Malaysia,False,2026-03-02 05:55:15.955005
405,2026-01-10 05:55:15.955005,1,15,8.266567451242288,0,True,Singapore,False,2026-03-02 05:55:15.955005
326,2026-01-04 05:55:15.955005,16,11,22.282548224938516,3,True,Indonesia,True,2026-03-02 05:55:15.955005
1,2026-01-30 05:55:15.955005,21,4,9.255006411314168,1,True,Malaysia,True,2026-03-02 05:55:15.955005
133,2026-02-14 05:55:15.955005,25,6,10.215776849019052,2,False,Indonesia,False,2026-03-02 05:55:15.955005
233,2026-01-21 05:55:15.955005,7,8,9.990053730686853,0,True,Malaysia,False,2026-03-02 05:55:15.955005
12,2026-01-26 05:55:15.955005,9,17,22.688875366756417,2,True,Singapore,False,2026-03-02 05:55:15.955005
346,2026-01-07 05:55:15.955005,25,7,17.1476384211124,1,True,Malaysia,False,2026-03-02 05:55:15.955005
46,2026-01-02 05:55:15.955005,17,11,26.60562121957742,2,False,Indonesia,True,2026-03-02 05:55:15.955005
34,2026-01-16 05:55:15.955005,29,19,9.913808856917301,3,True,Indonesia,False,2026-03-02 05:55:15.955005
433,2026-02-12 05:55:15.955005,24,1,21.067783139645584,2,True,Indonesia,True,2026-03-02 05:55:15.955005
78,2026-01-04 05:55:15.955005,28,9,22.83550939023021,4,False,Singapore,False,2026-03-02 05:55:15.955005
218,2026-01-02 05:55:15.955005,18,18,5.392981277868787,1,True,Singapore,True,2026-03-02 05:55:15.955005
301,2026-01-27 05:55:15.955005,7,8,12.617091362274524,4,True,Indonesia,False,2026-03-02 05:55:15.955005
411,2026-01-16 05:55:15.955005,27,7,15.001707336161921,2,True,Indonesia,True,2026-03-02 05:55:15.955005
73,2026-01-22 05:55:15.955005,7,0,11.314934306936856,4,True,Malaysia,True,2026-03-02 05:55:15.955005
282,2026-01-06 05:55:15.955005,2,5,10.341265283105004,0,False,Malaysia,False,2026-03-02 05:55:15.955005
249,2026-01-03 05:55:15.955005,2,11,20.906176925931614,2,False,Malaysia,False,2026-03-02 05:55:15.955005
47,2026-02-03 05:55:15.955005,11,18,7.260125532125168,4,False,Indonesia,False,2026-03-02 05:55:15.955005
121,2026-03-02 05:55:15.955005,21,16,21.572331612282735,3,True,Malaysia,False,2026-03-02 05:55:15.955005
214,2026-01-20 05:55:15.955005,16,1,28.116281695331185,2,True,Indonesia,False,2026-03-02 05:55:15.955005
239,2026-02-13 05:55:15.955005,3,10,17.390728114154783,0,True,Singapore,False,2026-03-02 05:55:15.955005
56,2026-01-14 05:55:15.955005,16,17,18.731592865444746,3,True,Malaysia,False,2026-03-02 05:55:15.955005
350,2026-01-22 05:55:15.955005,13,10,2.9990483615985832,2,False,Indonesia,False,2026-03-02 05:55:15.955005
107,2026-01-29 05:55:15.955005,18,17,26.069830204917018,3,True,Indonesia,True,2026-03-02 05:55:15.955005
319,2026-02-19 05:55:15.955005,8,7,9.2779858287961,2,False,Singapore,False,2026-03-02 05:55:15.955005
48,2026-02-23 05:55:15.955005,29,14,18.83648380032838,2,True,Singapore,False,2026-03-02 05:55:15.955005
61,2026-02-07 05:55:15.955005,29,8,29.394252922599268,1,True,Singapore,False,2026-03-02 05:55:15.955005
337,2026-02-15 05:55:15.955005,20,14,18.269575416611428,4,False,Singapore,True,2026-03-02 05:55:15.955005
26,2026-01-12 05:55:15.955005,11,6,22.01657513646695,2,True,Malaysia,False,2026-03-02 05:55:15.955005
292,2026-02-27 05:55:15.955005,4,19,13.914268928488804,0,True,Singapore,False,2026-03-02 05:55:15.955005
257,2026-01-24 05:55:15.955005,10,12,2.7506094619366634,4,True,Indonesia,False,2026-03-02 05:55:15.955005
8,2026-01-18 05:55:15.955005,19,12,24.130381135203866,1,True,Indonesia,False,2026-03-02 05:55:15.955005
113,2026-02-04 05:55:15.955005,2,0,2.014966396655584,4,False,Indonesia,True,2026-03-02 05:55:15.955005
355,2026-02-22 05:55:15.955005,20,19,21.319077037747768,4,True,Indonesia,True,2026-03-02 05:55:15.955005
253,2026-01-15 05:55:15.955005,14,3,1.6647256213394712,2,False,Indonesia,False,2026-03-02 05:55:15.955005
180,2026-02-15 05:55:15.955005,13,3,26.006851860723447,0,False,Singapore,False,2026-03-02 05:55:15.955005
207,2026-01-06 05:55:15.955005,10,3,5.571445039156437,2,True,Indonesia,False,2026-03-02 05:55:15.955005
303,2026-02-19 05:55:15.955005,19,12,15.913873367833983,0,True,Singapore,False,2026-03-02 05:55:15.955005
127,2026-01-31 05:55:15.955005,7,1,18.317370430011273,0,False,Singapore,True,2026-03-02 05:55:15.955005
56,2026-02-07 05:55:15.955005,3,14,14.26881681382895,3,False,Singapore,True,2026-03-02 05:55:15.955005
214,2026-01-07 05:55:15.955005,26,3,10.88214119111773,2,True,Singapore,True,2026-03-02 05:55:15.955005
14,2026-02-17 05:55:15.955005,11,5,14.566614589248179,1,True,Malaysia,False,2026-03-02 05:55:15.955005
474,2026-01-17 05:55:15.955005,7,2,10.031056862553603,4,False,Malaysia,True,2026-03-02 05:55:15.955005
28,2026-02-06 05:55:15.955005,5,6,13.705548065345033,3,True,Malaysia,False,2026-03-02 05:55:15.955005
471,2026-01-28 05:55:15.955005,14,5,11.40847673894289,1,True,Malaysia,False,2026-03-02 05:55:15.955005
78,2026-02-28 05:55:15.955005,29,2,17.419939881707215,2,False,Malaysia,True,2026-03-02 05:55:15.955005
216,2026-01-04 05:55:15.955005,11,3,7.8998007051045205,0,True,Indonesia,False,2026-03-02 05:55:15.955005
386,2026-02-07 05:55:15.955005,15,9,29.671040092506363,2,False,Malaysia,False,2026-03-02 05:55:15.955005
365,2026-01-08 05:55:15.955005,15,8,15.525228648082802,2,True,Indonesia,False,2026-03-02 05:55:15.955005
154,2026-01-20 05:55:15.955005,26,5,6.63070024502078,3,False,Indonesia,True,2026-03-02 05:55:15.955005
14,2026-02-22 05:55:15.955005,20,19,14.834935737450902,1,False,Singapore,True,2026-03-02 05:55:15.955005
187,2026-02-05 05:55:15.955005,19,10,26.126038756219902,3,False,Singapore,True,2026-03-02 05:55:15.955005
312,2026-02-11 05:55:15.955005,19,6,1.6323970006074724,1,False,Singapore,False,2026-03-02 05:55:15.955005
371,2026-01-22 05:55:15.955005,27,17,20.707069454111377,3,False,Malaysia,False,2026-03-02 05:55:15.955005
7,2026-02-21 05:55:15.955005,3,3,16.891066107023914,4,True,Indonesia,False,2026-03-02 05:55:15.955005
3,2026-02-12 05:55:15.955005,10,4,5.91718183673393,0,True,Malaysia,False,2026-03-02 05:55:15.955005
111,2026-02-28 05:55:15.955005,12,3,24.706816739842697,0,False,Singapore,False,2026-03-02 05:55:15.955005
407,2026-02-07 05:55:15.955005,28,3,11.697654048846164,0,False,Singapore,True,2026-03-02 05:55:15.955005
238,2026-02-26 05:55:15.955005,8,12,9.520258835649715,4,False,Indonesia,False,2026-03-02 05:55:15.955005
363,2026-02-28 05:55:15.955005,3,15,25.01563056385013,4,False,Indonesia,False,2026-03-02 05:55:15.955005
239,2026-01-04 05:55:15.955005,11,13,19.517226339558274,0,False,Singapore,False,2026-03-02 05:55:15.955005
493,2026-02-04 05:55:15.955005,8,10,27.04951342656991,0,True,Malaysia,False,2026-03-02 05:55:15.955005
274,2026-02-15 05:55:15.955005,12,1,19.26662740646478,1,False,Malaysia,False,2026-03-02 05:55:15.955005
294,2026-01-13 05:55:15.955005,15,13,22.483712080031342,1,True,Indonesia,True,2026-03-02 05:55:15.955005
227,2026-02-16 05:55:15.955005,25,6,25.256930991528773,2,False,Singapore,True,2026-03-02 05:55:15.955005
371,2026-01-27 05:55:15.955005,5,10,2.5874494413881703,3,False,Malaysia,False,2026-03-02 05:55:15.955005
15,2026-02-19 05:55:15.955005,9,3,23.50541980721203,1,True,Indonesia,False,2026-03-02 05:55:15.955005
192,2026-01-21 05:55:15.955005,12,6,18.797487973637725,1,False,Indonesia,False,2026-03-02 05:55:15.955005
473,2026-01-09 05:55:15.955005,6,15,3.0157260989406036,1,False,Indonesia,False,2026-03-02 05:55:15.955005
119,2026-01-18 05:55:15.955005,27,5,15.748759734192738,1,True,Malaysia,False,2026-03-02 05:55:15.955005
485,2026-02-05 05:55:15.955005,25,5,3.3912842615346626,4,True,Indonesia,True,2026-03-02 05:55:15.955005
28,2026-01-15 05:55:15.955005,18,1,22.34246884997345,2,False,Malaysia,True,2026-03-02 05:55:15.955005
202,2026-01-28 05:55:15.955005,23,7,16.848549703038607,1,True,Indonesia,False,2026-03-02 05:55:15.955005
39,2026-02-08 05:55:15.955005,18,6,28.653632584956622,3,False,Malaysia,True,2026-03-02 05:55:15.955005
441,2026-01-31 05:55:15.955005,16,13,6.3109257755813255,1,True,Singapore,False,2026-03-02 05:55:15.955005
273,2026-01-12 05:55:15.955005,12,8,18.574970123090974,4,False,Malaysia,False,2026-03-02 05:55:15.955005
231,2026-02-11 05:55:15.955005,12,14,7.1358819025442495,0,True,Singapore,False,2026-03-02 05:55:15.955005
86,2026-02-19 05:55:15.955005,25,17,18.807884557094553,0,False,Indonesia,True,2026-03-02 05:55:15.955005
474,2026-02-08 05:55:15.955005,27,11,21.956841368464836,2,True,Malaysia,False,2026-03-02 05:55:15.955005
126,2026-02-27 05:55:15.955005,20,18,21.946825550556618,0,True,Indonesia,False,2026-03-02 05:55:15.955005
300,2026-02-08 05:55:15.955005,1,12,24.637145729795687,1,False,Singapore,False,2026-03-02 05:55:15.955005
25,2026-01-14 05:55:15.955005,9,6,25.752956610791184,4,False,Indonesia,False,2026-03-02 05:55:15.955005
145,2026-01-07 05:55:15.955005,29,9,3.2408800617481344,2,False,Indonesia,True,2026-03-02 05:55:15.955005
13,2026-01-14 05:55:15.955005,21,9,10.954747555099718,1,True,Indonesia,True,2026-03-02 05:55:15.955005
212,2026-03-02 05:55:15.955005,12,1,20.926553090434364,0,False,Singapore,False,2026-03-02 05:55:15.955005
25,2026-01-08 05:55:15.955005,25,13,15.459002334345152,3,False,Singapore,False,2026-03-02 05:55:15.955005
68,2026-02-06 05:55:15.955005,8,12,6.529602455888953,1,True,Malaysia,False,2026-03-02 05:55:15.955005
394,2026-03-01 05:55:15.955005,0,5,17.02857753483424,3,True,Malaysia,True,2026-03-02 05:55:15.955005
67,2026-02-01 05:55:15.955005,13,8,12.81563393021817,3,False,Malaysia,False,2026-03-02 05:55:15.955005
233,2026-02-28 05:55:15.955005,28,12,12.311110051974849,2,False,Malaysia,False,2026-03-02 05:55:15.955005
109,2026-01-04 05:55:15.955005,15,8,24.48285780563425,4,True,Indonesia,False,2026-03-02 05:55:15.955005
146,2026-02-10 05:55:15.955005,19,12,12.820351681133257,0,True,Singapore,False,2026-03-02 05:55:15.955005
111,2026-02-06 05:55:15.955005,14,4,1.7671806589323007,0,False,Singapore,False,2026-03-02 05:55:15.955005
228,2026-02-11 05:55:15.955005,0,13,2.683836827841647,1,True,Indonesia,False,2026-03-02 05:55:15.955005
111,2026-01-13 05:55:15.955005,16,4,25.83107720905699,0,True,Malaysia,False,2026-03-02 05:55:15.955005
470,2026-01-10 05:55:15.955005,23,8,28.857423490363118,2,False,Singapore,False,2026-03-02 05:55:15.955005
34,2026-02-09 05:55:15.955005,29,7,20.96387075721552,0,False,Indonesia,False,2026-03-02 05:55:15.955005
111,2026-02-10 05:55:15.955005,29,6,11.566680528902326,1,False,Indonesia,True,2026-03-02 05:55:15.955005
264,2026-01-29 05:55:15.955005,12,7,28.219409158047096,0,True,Malaysia,False,2026-03-02 05:55:15.955005
424,2026-01-10 05:55:15.955005,29,2,20.22128950489634,4,False,Malaysia,True,2026-03-02 05:55:15.955005
369,2026-01-24 05:55:15.955005,26,14,25.485672926780794,3,True,Singapore,False,2026-03-02 05:55:15.955005
236,2026-02-16 05:55:15.955005,14,7,23.20971681707327,3,True,Singapore,True,2026-03-02 05:55:15.955005
83,2026-01-04 05:55:15.955005,15,0,11.99504015740518,3,True,Malaysia,True,2026-03-02 05:55:15.955005
42,2026-01-04 05:55:15.955005,15,6,14.88236382467278,4,True,Singapore,True,2026-03-02 05:55:15.955005
425,2026-01-16 05:55:15.955005,1,18,6.3978324766748855,2,False,Malaysia,False,2026-03-02 05:55:15.955005
101,2026-01-10 05:55:15.955005,16,1,9.468408912781287,1,True,Indonesia,True,2026-03-02 05:55:15.955005
6,2026-02-16 05:55:15.955005,10,13,23.56564417730913,4,False,Indonesia,True,2026-03-02 05:55:15.955005
180,2026-01-16 05:55:15.955005,7,17,26.925373364610138,1,True,Indonesia,False,2026-03-02 05:55:15.955005
282,2026-02-06 05:55:15.955005,19,14,22.009352274290944,2,True,Singapore,True,2026-03-02 05:55:15.955005
320,2026-02-10 05:55:15.955005,2,13,14.490037203042512,4,False,Malaysia,False,2026-03-02 05:55:15.955005
226,2026-02-07 05:55:15.955005,28,18,3.508768799252678,0,False,Indonesia,True,2026-03-02 05:55:15.955005
443,2026-01-05 05:55:15.955005,11,18,2.6514905122549983,2,False,Indonesia,False,2026-03-02 05:55:15.955005
440,2026-01-04 05:55:15.955005,19,16,11.855441373772761,3,False,Singapore,False,2026-03-02 05:55:15.955005
315,2026-02-26 05:55:15.955005,15,18,14.45082984426223,4,False,Singapore,True,2026-03-02 05:55:15.955005
365,2026-02-25 05:55:15.955005,13,15,18.66449804418561,2,False,Indonesia,False,2026-03-02 05:55:15.955005
454,2026-01-13 05:55:15.955005,15,19,1.1881961202229192,2,True,Singapore,True,2026-03-02 05:55:15.955005
229,2026-01-19 05:55:15.955005,26,18,29.701963823522885,4,False,Singapore,False,2026-03-02 05:55:15.955005
377,2026-01-14 05:55:15.955005,20,0,11.554227618717244,3,True,Singapore,True,2026-03-02 05:55:15.955005
289,2026-01-18 05:55:15.955005,16,18,25.59474525023252,3,True,Singapore,True,2026-03-02 05:55:15.955005
437,2026-01-15 05:55:15.955005,29,6,16.514034464296728,2,False,Malaysia,True,2026-03-02 05:55:15.955005
150,2026-02-08 05:55:15.955005,10,10,4.782744181467049,1,True,Singapore,False,2026-03-02 05:55:15.955005
277,2026-02-27 05:55:15.955005,16,4,24.129401023501135,2,True,Singapore,False,2026-03-02 05:55:15.955005
198,2026-02-04 05:55:15.955005,18,16,21.584985172676404,4,False,Malaysia,False,2026-03-02 05:55:15.955005
70,2026-02-13 05:55:15.955005,21,10,16.295646462947612,4,False,Singapore,True,2026-03-02 05:55:15.955005
112,2026-02-10 05:55:15.955005,0,7,15.92203964867962,4,True,Singapore,False,2026-03-02 05:55:15.955005
4,2026-02-03 05:55:15.955005,29,9,3.536908566776914,3,False,Indonesia,True,2026-03-02 05:55:15.955005
350,2026-01-27 05:55:15.955005,26,11,20.01961950864235,0,False,Indonesia,False,2026-03-02 05:55:15.955005
331,2026-02-09 05:55:15.955005,11,9,27.426109516874693,4,True,Indonesia,False,2026-03-02 05:55:15.955005
446,2026-01-22 05:55:15.955005,14,12,3.7041026574193925,4,False,Malaysia,True,2026-03-02 05:55:15.955005
318,2026-02-08 05:55:15.955005,17,17,8.641832068818243,1,False,Singapore,True,2026-03-02 05:55:15.955005
350,2026-02-28 05:55:15.955005,27,9,27.166931229820865,1,False,Malaysia,False,2026-03-02 05:55:15.955005
95,2026-01-22 05:55:15.955005,29,18,9.245973384774006,2,True,Malaysia,False,2026-03-02 05:55:15.955005
152,2026-01-12 05:55:15.955005,22,19,19.964366493217863,2,True,Singapore,True,2026-03-02 05:55:15.955005
311,2026-02-21 05:55:15.955005,13,16,16.50972678335118,2,False,Singapore,False,2026-03-02 05:55:15.955005
137,2026-02-06 05:55:15.955005,29,19,18.293500545112,4,False,Indonesia,True,2026-03-02 05:55:15.955005
247,2026-01-10 05:55:15.955005,0,15,13.057878145740341,1,False,Singapore,False,2026-03-02 05:55:15.955005
387,2026-01-13 05:55:15.955005,12,4,9.699752646057622,2,True,Malaysia,False,2026-03-02 05:55:15.955005
243,2026-02-23 05:55:15.955005,29,2,2.4074700711604002,1,True,Indonesia,True,2026-03-02 05:55:15.955005
31,2026-01-07 05:55:15.955005,14,14,22.58414723953076,4,False,Malaysia,False,2026-03-02 05:55:15.955005
40,2026-02-20 05:55:15.955005,6,1,22.636710403632577,4,False,Singapore,True,2026-03-02 05:55:15.955005
229,2026-02-26 05:55:15.955005,14,12,20.451046462282974,2,True,Indonesia,False,2026-03-02 05:55:15.955005
36,2026-01-04 05:55:15.955005,19,7,19.665379855469,4,False,Singapore,True,2026-03-02 05:55:15.955005
408,2026-01-17 05:55:15.955005,9,16,8.06779683285826,4,False,Indonesia,False,2026-03-02 05:55:15.955005
223,2026-01-09 05:55:15.955005,13,3,1.6480030792224452,1,True,Indonesia,False,2026-03-02 05:55:15.955005
6,2026-01-07 05:55:15.955005,5,18,24.452746509677752,0,False,Indonesia,False,2026-03-02 05:55:15.955005
322,2026-01-25 05:55:15.955005,13,8,15.24301753517898,3,False,Singapore,False,2026-03-02 05:55:15.955005
468,2026-01-06 05:55:15.955005,23,14,9.898305790375932,2,True,Indonesia,True,2026-03-02 05:55:15.955005
220,2026-01-03 05:55:15.955005,24,8,3.956025296636532,0,False,Indonesia,False,2026-03-02 05:55:15.955005
75,2026-01-17 05:55:15.955005,21,8,2.8189261361402638,2,True,Singapore,True,2026-03-02 05:55:15.955005
4,2026-01-24 05:55:15.955005,11,13,11.117134932060141,0,True,Malaysia,False,2026-03-02 05:55:15.955005
335,2026-02-02 05:55:15.955005,10,15,24.337374878241274,4,True,Singapore,False,2026-03-02 05:55:15.955005
134,2026-02-26 05:55:15.955005,28,16,27.642988730681083,2,False,Singapore,False,2026-03-02 05:55:15.955005
118,2026-02-22 05:55:15.955005,29,12,27.005789573778877,0,False,Indonesia,True,2026-03-02 05:55:15.955005
369,2026-01-03 05:55:15.955005,24,8,27.68002420773999,3,False,Singapore,False,2026-03-02 05:55:15.955005
94,2026-01-14 05:55:15.955005,19,14,27.32403495075094,4,False,Singapore,False,2026-03-02 05:55:15.955005
486,2026-03-01 05:55:15.955005,21,6,16.28951779641148,2,True,Singapore,False,2026-03-02 05:55:15.955005
435,2026-03-02 05:55:15.955005,23,0,7.363053518150211,2,True,Indonesia,False,2026-03-02 05:55:15.955005
62,2026-01-22 05:55:15.955005,24,0,24.14335090226779,0,True,Singapore,False,2026-03-02 05:55:15.955005
441,2026-01-02 05:55:15.955005,18,4,7.197676270724791,2,False,Indonesia,False,2026-03-02 05:55:15.955005
194,2026-01-11 05:55:15.955005,1,8,8.749011025940504,4,True,Singapore,False,2026-03-02 05:55:15.955005
335,2026-02-01 05:55:15.955005,21,11,7.764375332853906,1,True,Indonesia,False,2026-03-02 05:55:15.955005
203,2026-02-20 05:55:15.955005,19,5,15.934489707178368,0,False,Indonesia,False,2026-03-02 05:55:15.955005
392,2026-02-03 05:55:15.955005,0,12,10.332997736903318,3,False,Singapore,False,2026-03-02 05:55:15.955005
26,2026-01-18 05:55:15.955005,7,7,5.470525439134902,2,True,Malaysia,False,2026-03-02 05:55:15.955005
435,2026-02-19 05:55:15.955005,24,14,14.14202894492259,4,False,Singapore,True,2026-03-02 05:55:15.955005
173,2026-01-23 05:55:15.955005,13,5,26.34330992476984,2,False,Malaysia,False,2026-03-02 05:55:15.955005
300,2026-02-05 05:55:15.955005,8,5,17.546032793549195,3,False,Indonesia,False,2026-03-02 05:55:15.955005
133,2026-02-18 05:55:15.955005,1,3,26.471732570740024,4,True,Malaysia,False,2026-03-02 05:55:15.955005
326,2026-01-03 05:55:15.955005,24,10,6.6802933672949845,3,True,Malaysia,True,2026-03-02 05:55:15.955005
410,2026-02-23 05:55:15.955005,22,17,5.842242336504066,4,True,Indonesia,True,2026-03-02 05:55:15.955005
118,2026-01-08 05:55:15.955005,4,2,17.69173664525419,1,True,Malaysia,False,2026-03-02 05:55:15.955005
324,2026-02-03 05:55:15.955005,22,2,14.436538144841919,4,True,Singapore,True,2026-03-02 05:55:15.955005
275,2026-01-04 05:55:15.955005,28,11,20.14500660776175,3,True,Malaysia,False,2026-03-02 05:55:15.955005
212,2026-02-01 05:55:15.955005,24,5,24.044176939776666,0,True,Indonesia,True,2026-03-02 05:55:15.955005
225,2026-02-22 05:55:15.955005,7,5,22.787911573913117,1,True,Malaysia,False,2026-03-02 05:55:15.955005
20,2026-01-23 05:55:15.955005,15,7,28.32557403609827,2,False,Indonesia,False,2026-03-02 05:55:15.955005
113,2026-01-31 05:55:15.955005,21,14,12.549435865553335,1,False,Indonesia,False,2026-03-02 05:55:15.955005
140,2026-01-04 05:55:15.955005,15,17,6.985215525197242,1,True,Singapore,False,2026-03-02 05:55:15.955005
47,2026-02-10 05:55:15.955005,12,19,16.97646655848869,2,False,Indonesia,False,2026-03-02 05:55:15.955005
1,2026-01-06 05:55:15.955005,19,15,4.211550485544382,4,False,Malaysia,True,2026-03-02 05:55:15.955005
90,2026-01-15 05:55:15.955005,28,5,9.376682576617311,1,True,Singapore,True,2026-03-02 05:55:15.955005
142,2026-01-28 05:55:15.955005,14,16,7.028753602631189,1,True,Singapore,False,2026-03-02 05:55:15.955005
320,2026-01-07 05:55:15.955005,0,8,12.500347787115347,0,True,Malaysia,False,2026-03-02 05:55:15.955005
38,2026-01-31 05:55:15.955005,21,18,4.225280675064246,0,False,Malaysia,True,2026-03-02 05:55:15.955005
293,2026-01-10 05:55:15.955005,2,17,1.9234105918948377,3,False,Singapore,False,2026-03-02 05:55:15.955005
382,2026-02-06 05:55:15.955005,5,4,20.047026134270922,2,True,Indonesia,False,2026-03-02 05:55:15.955005
139,2026-02-19 05:55:15.955005,21,5,18.69722037040434,4,True,Singapore,True,2026-03-02 05:55:15.955005
356,2026-03-02 05:55:15.955005,13,11,21.542409145121173,4,False,Singapore,False,2026-03-02 05:55:15.955005
333,2026-01-07 05:55:15.955005,3,10,20.151206767868974,3,True,Singapore,True,2026-03-02 05:55:15.955005
491,2026-02-09 05:55:15.955005,17,15,4.314545753129122,4,True,Indonesia,True,2026-03-02 05:55:15.955005
259,2026-01-22 05:55:15.955005,14,19,9.441287559893743,4,False,Malaysia,False,2026-03-02 05:55:15.955005
161,2026-01-25 05:55:15.955005,8,16,4.756271687110218,0,False,Malaysia,False,2026-03-02 05:55:15.955005
390,2026-01-15 05:55:15.955005,17,19,25.446199659408332,4,True,Malaysia,False,2026-03-02 05:55:15.955005
178,2026-03-02 05:55:15.955005,2,8,22.660206005310176,4,False,Indonesia,False,2026-03-02 05:55:15.955005
10,2026-03-02 05:55:15.955005,9,0,6.844283084629031,3,False,Indonesia,False,2026-03-02 05:55:15.955005
261,2026-01-05 05:55:15.955005,16,2,10.897967974206908,3,True,Malaysia,True,2026-03-02 05:55:15.955005
407,2026-01-20 05:55:15.955005,6,8,29.03183477566221,1,True,Malaysia,False,2026-03-02 05:55:15.955005
138,2026-01-08 05:55:15.955005,14,18,18.23062137850989,4,True,Malaysia,False,2026-03-02 05:55:15.955005
172,2026-01-20 05:55:15.955005,0,12,24.23351232173356,4,True,Malaysia,False,2026-03-02 05:55:15.955005
386,2026-02-10 05:55:15.955005,26,13,8.673140008293146,4,True,Indonesia,True,2026-03-02 05:55:15.955005
13,2026-02-16 05:55:15.955005,24,19,7.091534685199851,0,True,Malaysia,True,2026-03-02 05:55:15.955005
168,2026-02-14 05:55:15.955005,26,18,23.733590936549902,4,True,Singapore,False,2026-03-02 05:55:15.955005
130,2026-02-09 05:55:15.955005,10,6,20.890301201711765,0,False,Malaysia,False,2026-03-02 05:55:15.955005
84,2026-01-24 05:55:15.955005,16,3,20.748359947141147,1,True,Indonesia,False,2026-03-02 05:55:15.955005
321,2026-01-27 05:55:15.955005,4,11,17.026402873046624,2,False,Singapore,False,2026-03-02 05:55:15.955005
319,2026-01-17 05:55:15.955005,6,13,17.343771940519915,4,True,Singapore,False,2026-03-02 05:55:15.955005
101,2026-02-15 05:55:15.955005,18,1,22.33522765388136,3,True,Singapore,True,2026-03-02 05:55:15.955005
329,2026-02-23 05:55:15.955005,24,0,8.830071952514665,3,True,Indonesia,False,2026-03-02 05:55:15.955005
273,2026-01-15 05:55:15.955005,23,17,11.230285509851717,4,True,Malaysia,False,2026-03-02 05:55:15.955005
265,2026-02-14 05:55:15.955005,28,19,26.277466345081596,0,True,Indonesia,True,2026-03-02 05:55:15.955005
459,2026-02-14 05:55:15.955005,14,7,9.957090829352575,3,True,Indonesia,False,2026-03-02 05:55:15.955005
399,2026-01-08 05:55:15.955005,2,2,16.84297756999967,3,False,Singapore,True,2026-03-02 05:55:15.955005
408,2026-02-05 05:55:15.955005,14,5,21.376544456193837,1,True,Singapore,False,2026-03-02 05:55:15.955005
38,2026-02-18 05:55:15.955005,4,12,29.99781997816212,1,True,Indonesia,False,2026-03-02 05:55:15.955005
419,2026-02-14 05:55:15.955005,22,8,13.623448613364626,1,True,Singapore,False,2026-03-02 05:55:15.955005
94,2026-01-24 05:55:15.955005,11,8,13.414693422123369,3,False,Indonesia,True,2026-03-02 05:55:15.955005
95,2026-02-14 05:55:15.955005,29,19,25.435063003576357,3,False,Singapore,False,2026-03-02 05:55:15.955005
305,2026-01-14 05:55:15.955005,19,8,24.359590226536035,4,True,Malaysia,False,2026-03-02 05:55:15.955005
69,2026-02-17 05:55:15.955005,4,14,22.201200570301907,4,True,Malaysia,False,2026-03-02 05:55:15.955005
318,2026-01-17 05:55:15.955005,2,12,14.433659484861838,0,True,Malaysia,False,2026-03-02 05:55:15.955005
444,2026-02-25 05:55:15.955005,8,15,10.394234484660759,3,True,Singapore,False,2026-03-02 05:55:15.955005
236,2026-01-27 05:55:15.955005,25,1,18.65318399496061,4,True,Singapore,True,2026-03-02 05:55:15.955005
434,2026-01-16 05:55:15.955005,8,13,26.410475500817586,4,False,Malaysia,False,2026-03-02 05:55:15.955005
334,2026-02-17 05:55:15.955005,6,5,26.62954628804901,1,True,Indonesia,False,2026-03-02 05:55:15.955005
373,2026-01-15 05:55:15.955005,25,1,4.146452007042715,1,False,Indonesia,True,2026-03-02 05:55:15.955005
376,2026-02-23 05:55:15.955005,1,7,13.422158230581369,1,False,Malaysia,False,2026-03-02 05:55:15.955005
459,2026-02-16 05:55:15.955005,22,3,14.476936729763734,2,True,Singapore,True,2026-03-02 05:55:15.955005
137,2026-01-08 05:55:15.955005,22,13,29.35084565818884,4,False,Indonesia,True,2026-03-02 05:55:15.955005
418,2026-02-04 05:55:15.955005,26,10,20.661942442034952,1,True,Indonesia,False,2026-03-02 05:55:15.955005
76,2026-02-18 05:55:15.955005,20,13,12.810146100600047,1,False,Indonesia,False,2026-03-02 05:55:15.955005
483,2026-01-13 05:55:15.955005,15,11,1.755678693582197,3,True,Singapore,False,2026-03-02 05:55:15.955005
35,2026-01-31 05:55:15.955005,8,15,17.396169642876682,1,True,Indonesia,False,2026-03-02 05:55:15.955005
1,2026-01-09 05:55:15.955005,12,5,3.7862032935123278,3,True,Indonesia,False,2026-03-02 05:55:15.955005
296,2026-01-06 05:55:15.955005,27,19,25.19904876308513,0,True,Malaysia,True,2026-03-02 05:55:15.955005
320,2026-01-27 05:55:15.955005,26,0,22.8230411565405,1,False,Singapore,True,2026-03-02 05:55:15.955005
406,2026-01-02 05:55:15.955005,18,11,14.354765637337184,3,False,Malaysia,True,2026-03-02 05:55:15.955005
60,2026-02-25 05:55:15.955005,19,6,13.447112606709291,1,False,Indonesia,False,2026-03-02 05:55:15.955005
320,2026-02-26 05:55:15.955005,16,7,27.02283000149429,0,True,Singapore,False,2026-03-02 05:55:15.955005
349,2026-02-09 05:55:15.955005,5,8,9.365292162125723,1,True,Singapore,False,2026-03-02 05:55:15.955005
328,2026-01-04 05:55:15.955005,3,1,8.221578901096354,3,False,Malaysia,True,2026-03-02 05:55:15.955005
267,2026-01-13 05:55:15.955005,0,16,28.2367255519471,0,True,Malaysia,False,2026-03-02 05:55:15.955005
361,2026-02-08 05:55:15.955005,17,19,24.468129265850994,0,True,Singapore,True,2026-03-02 05:55:15.955005
229,2026-02-06 05:55:15.955005,18,12,24.798142198948643,0,False,Singapore,True,2026-03-02 05:55:15.955005
270,2026-01-28 05:55:15.955005,8,4,6.66062061400184,2,True,Malaysia,False,2026-03-02 05:55:15.955005
316,2026-02-05 05:55:15.955005,12,9,5.1555837514970975,3,False,Indonesia,False,2026-03-02 05:55:15.955005
286,2026-01-15 05:55:15.955005,7,11,1.754856944696912,2,True,Singapore,False,2026-03-02 05:55:15.955005
291,2026-02-26 05:55:15.955005,22,16,7.874203758641721,0,True,Indonesia,False,2026-03-02 05:55:15.955005
213,2026-02-05 05:55:15.955005,12,5,23.451524259715416,2,False,Malaysia,False,2026-03-02 05:55:15.955005
165,2026-02-11 05:55:15.955005,14,2,7.9611141441603435,1,False,Singapore,False,2026-03-02 05:55:15.955005
5,2026-02-25 05:55:15.955005,10,14,22.14399522425141,2,False,Malaysia,False,2026-03-02 05:55:15.955005
339,2026-02-25 05:55:15.955005,11,6,8.305339695655224,4,False,Singapore,True,2026-03-02 05:55:15.955005
379,2026-01-03 05:55:15.955005,13,5,12.463482440569479,0,False,Singapore,False,2026-03-02 05:55:15.955005
78,2026-01-12 05:55:15.955005,3,3,29.511706407430843,0,True,Malaysia,False,2026-03-02 05:55:15.955005
410,2026-02-13 05:55:15.955005,0,18,8.099540207239933,3,False,Malaysia,False,2026-03-02 05:55:15.955005
62,2026-02-27 05:55:15.955005,23,4,11.914748191649762,1,True,Indonesia,False,2026-03-02 05:55:15.955005
132,2026-02-14 05:55:15.955005,3,2,9.731528233491195,3,True,Malaysia,False,2026-03-02 05:55:15.955005
89,2026-01-05 05:55:15.955005,18,8,4.179124603570067,2,False,Malaysia,False,2026-03-02 05:55:15.955005
237,2026-02-17 05:55:15.955005,8,5,15.206930121793924,4,False,Indonesia,False,2026-03-02 05:55:15.955005
42,2026-02-17 05:55:15.955005,9,12,11.982029236657066,4,True,Malaysia,False,2026-03-02 05:55:15.955005
89,2026-02-18 05:55:15.955005,3,19,21.151725488411124,4,False,Indonesia,True,2026-03-02 05:55:15.955005
402,2026-02-24 05:55:15.955005,19,3,24.71024186159484,4,False,Indonesia,False,2026-03-02 05:55:15.955005
296,2026-01-18 05:55:15.955005,29,1,16.783241720373518,1,True,Malaysia,True,2026-03-02 05:55:15.955005
328,2026-01-07 05:55:15.955005,8,3,1.9336962405327691,2,True,Indonesia,False,2026-03-02 05:55:15.955005
295,2026-02-16 05:55:15.955005,12,7,18.948748330806925,4,False,Indonesia,True,2026-03-02 05:55:15.955005
104,2026-02-12 05:55:15.955005,11,12,2.6063311706072367,0,True,Indonesia,False,2026-03-02 05:55:15.955005
14,2026-01-19 05:55:15.955005,10,9,18.874333384371724,2,True,Malaysia,False,2026-03-02 05:55:15.955005
288,2026-01-15 05:55:15.955005,11,17,20.865868528806466,1,True,Malaysia,False,2026-03-02 05:55:15.955005
179,2026-01-18 05:55:15.955005,29,8,6.735261200908035,4,True,Indonesia,True,2026-03-02 05:55:15.955005
125,2026-01-27 05:55:15.955005,17,0,24.76103831293136,1,True,Malaysia,True,2026-03-02 05:55:15.955005
422,2026-02-14 05:55:15.955005,29,12,27.42146881564741,4,True,Singapore,True,2026-03-02 05:55:15.955005
353,2026-01-27 05:55:15.955005,11,17,24.57952195930077,0,True,Indonesia,False,2026-03-02 05:55:15.955005
23,2026-02-12 05:55:15.955005,15,14,9.848166516150382,2,True,Singapore,False,2026-03-02 05:55:15.955005
63,2026-02-11 05:55:15.955005,4,1,18.0126473609234,0,True,Malaysia,False,2026-03-02 05:55:15.955005
143,2026-01-26 05:55:15.955005,19,10,27.529639326545606,4,True,Singapore,False,2026-03-02 05:55:15.955005
481,2026-01-27 05:55:15.955005,24,13,10.299277060462648,3,False,Malaysia,False,2026-03-02 05:55:15.955005
153,2026-01-30 05:55:15.955005,11,14,24.780806845697327,2,False,Malaysia,False,2026-03-02 05:55:15.955005
145,2026-01-04 05:55:15.955005,20,13,1.2747788065891992,1,False,Indonesia,True,2026-03-02 05:55:15.955005
225,2026-01-14 05:55:15.955005,24,15,1.1057543807556118,4,True,Singapore,True,2026-03-02 05:55:15.955005
495,2026-01-18 05:55:15.955005,10,14,23.031638149830055,0,True,Indonesia,False,2026-03-02 05:55:15.955005
450,2026-01-22 05:55:15.955005,8,18,23.081979881686514,3,True,Singapore,True,2026-03-02 05:55:15.955005
462,2026-02-07 05:55:15.955005,29,8,23.880338447716518,4,True,Malaysia,False,2026-03-02 05:55:15.955005
309,2026-02-14 05:55:15.955005,17,4,27.970778298756706,1,True,Malaysia,True,2026-03-02 05:55:15.955005
104,2026-02-24 05:55:15.955005,29,4,4.419283042788242,0,False,Indonesia,False,2026-03-02 05:55:15.955005
104,2026-01-19 05:55:15.955005,24,10,7.727564564526962,2,True,Singapore,False,2026-03-02 05:55:15.955005
435,2026-01-12 05:55:15.955005,2,19,27.20802269084042,3,False,Singapore,False,2026-03-02 05:55:15.955005
39,2026-03-02 05:55:15.955005,19,3,6.13984973539825,4,False,Malaysia,True,2026-03-02 05:55:15.955005
435,2026-01-27 05:55:15.955005,16,19,20.784648759720934,4,False,Indonesia,False,2026-03-02 05:55:15.955005
198,2026-01-30 05:55:15.955005,13,17,16.383427001183648,4,True,Malaysia,True,2026-03-02 05:55:15.955005
134,2026-01-26 05:55:15.955005,0,2,3.4126166286937103,4,False,Malaysia,False,2026-03-02 05:55:15.955005
67,2026-02-18 05:55:15.955005,16,3,9.272646196304454,0,True,Indonesia,False,2026-03-02 05:55:15.955005
391,2026-02-25 05:55:15.955005,24,13,16.090794276788067,2,True,Singapore,False,2026-03-02 05:55:15.955005
179,2026-01-04 05:55:15.955005,26,6,25.71815338383119,1,False,Singapore,False,2026-03-02 05:55:15.955005
456,2026-02-17 05:55:15.955005,7,7,21.518616198825537,3,False,Malaysia,True,2026-03-02 05:55:15.955005
42,2026-01-25 05:55:15.955005,4,15,19.03461168219306,4,False,Singapore,False,2026-03-02 05:55:15.955005
448,2026-01-14 05:55:15.955005,4,19,15.384953808301029,4,True,Indonesia,False,2026-03-02 05:55:15.955005
500,2026-02-16 05:55:15.955005,8,14,9.661835530609896,2,True,Singapore,False,2026-03-02 05:55:15.955005
15,2026-01-15 05:55:15.955005,2,6,4.458102428258574,2,False,Singapore,False,2026-03-02 05:55:15.955005
111,2026-02-27 05:55:15.955005,18,16,12.86320500241677,0,True,Malaysia,False,2026-03-02 05:55:15.955005
157,2026-01-22 05:55:15.955005,22,11,1.8270363234274847,0,True,Singapore,False,2026-03-02 05:55:15.955005
289,2026-01-03 05:55:15.955005,8,17,7.120620788738667,0,True,Indonesia,False,2026-03-02 05:55:15.955005
500,2026-02-15 05:55:15.955005,21,13,13.542017900307135,3,False,Malaysia,True,2026-03-02 05:55:15.955005
478,2026-02-03 05:55:15.955005,29,14,13.139550384485537,0,False,Indonesia,False,2026-03-02 05:55:15.955005
231,2026-02-15 05:55:15.955005,17,14,2.2845674989127795,4,False,Singapore,False,2026-03-02 05:55:15.955005
411,2026-02-27 05:55:15.955005,15,4,18.08274445223345,0,True,Singapore,False,2026-03-02 05:55:15.955005
420,2026-01-17 05:55:15.955005,0,15,16.94084341974385,3,False,Malaysia,True,2026-03-02 05:55:15.955005
157,2026-02-05 05:55:15.955005,1,4,3.2650248166064726,0,True,Indonesia,False,2026-03-02 05:55:15.955005
38,2026-02-03 05:55:15.955005,13,1,28.35172852135274,0,True,Singapore,False,2026-03-02 05:55:15.955005
441,2026-01-30 05:55:15.955005,13,19,3.8821005895749434,4,True,Singapore,False,2026-03-02 05:55:15.955005
97,2026-01-17 05:55:15.955005,0,8,25.790190385882745,4,True,Malaysia,True,2026-03-02 05:55:15.955005
485,2026-03-01 05:55:15.955005,25,8,1.0089822255351724,4,False,Singapore,False,2026-03-02 05:55:15.955005
411,2026-01-31 05:55:15.955005,25,3,26.58615175631611,0,False,Singapore,False,2026-03-02 05:55:15.955005
439,2026-02-28 05:55:15.955005,24,14,1.5718722339250641,4,True,Singapore,True,2026-03-02 05:55:15.955005
289,2026-01-08 05:55:15.955005,15,10,22.976548924871363,2,False,Indonesia,False,2026-03-02 05:55:15.955005
254,2026-02-23 05:55:15.955005,14,0,11.489033527707335,1,False,Indonesia,False,2026-03-02 05:55:15.955005
196,2026-02-07 05:55:15.955005,25,17,22.408287203953275,1,False,Indonesia,False,2026-03-02 05:55:15.955005
86,2026-02-16 05:55:15.955005,14,0,12.650610957324377,4,False,Singapore,False,2026-03-02 05:55:15.955005
322,2026-01-19 05:55:15.955005,11,7,3.05632974762341,3,False,Malaysia,True,2026-03-02 05:55:15.955005
10,2026-01-31 05:55:15.955005,15,15,23.25769416646556,4,False,Malaysia,False,2026-03-02 05:55:15.955005
5,2026-02-22 05:55:15.955005,13,17,3.066327874319584,4,False,Malaysia,False,2026-03-02 05:55:15.955005
123,2026-01-23 05:55:15.955005,28,8,27.741492642875322,0,False,Indonesia,True,2026-03-02 05:55:15.955005
330,2026-01-17 05:55:15.955005,23,11,2.47824703795818,3,False,Indonesia,False,2026-03-02 05:55:15.955005
353,2026-03-01 05:55:15.955005,14,18,14.900433055373949,4,False,Indonesia,True,2026-03-02 05:55:15.955005
118,2026-02-23 05:55:15.955005,22,17,21.967998494673076,2,False,Indonesia,False,2026-03-02 05:55:15.955005
294,2026-02-24 05:55:15.955005,14,4,12.404147478969094,1,True,Singapore,False,2026-03-02 05:55:15.955005
397,2026-01-06 05:55:15.955005,18,1,7.299770763180606,2,True,Malaysia,False,2026-03-02 05:55:15.955005
159,2026-01-18 05:55:15.955005,7,6,23.013637880484783,2,False,Malaysia,False,2026-03-02 05:55:15.955005
303,2026-01-11 05:55:15.955005,1,9,23.744546438873066,2,False,Indonesia,False,2026-03-02 05:55:15.955005
228,2026-01-23 05:55:15.955005,1,14,27.75815453467665,3,False,Malaysia,False,2026-03-02 05:55:15.955005
365,2026-01-20 05:55:15.955005,26,6,11.908788202501253,3,False,Malaysia,True,2026-03-02 05:55:15.955005
216,2026-01-05 05:55:15.955005,9,4,15.681300300422478,3,True,Indonesia,False,2026-03-02 05:55:15.955005
436,2026-02-15 05:55:15.955005,2,14,11.53072484253609,1,True,Indonesia,False,2026-03-02 05:55:15.955005
184,2026-01-27 05:55:15.955005,22,19,8.455372833689678,0,False,Indonesia,False,2026-03-02 05:55:15.955005
15,2026-02-01 05:55:15.955005,16,19,22.77995588459065,4,True,Indonesia,False,2026-03-02 05:55:15.955005
157,2026-02-21 05:55:15.955005,7,14,10.849903505491708,4,False,Singapore,False,2026-03-02 05:55:15.955005
136,2026-01-24 05:55:15.955005,27,9,13.41633381777821,0,True,Malaysia,False,2026-03-02 05:55:15.955005
261,2026-02-13 05:55:15.955005,22,13,12.706536071096808,4,False,Singapore,True,2026-03-02 05:55:15.955005
157,2026-01-12 05:55:15.955005,3,9,21.66717554375563,2,True,Malaysia,False,2026-03-02 05:55:15.955005
47,2026-02-26 05:55:15.955005,13,16,27.616073157209712,1,True,Singapore,False,2026-03-02 05:55:15.955005
324,2026-01-09 05:55:15.955005,20,13,20.335925777913943,4,True,Indonesia,False,2026-03-02 05:55:15.955005
332,2026-02-02 05:55:15.955005,9,1,14.675895286732745,1,False,Singapore,True,2026-03-02 05:55:15.955005
173,2026-01-23 05:55:15.955005,28,15,23.59694832742762,0,True,Indonesia,False,2026-03-02 05:55:15.955005
130,2026-01-02 05:55:15.955005,0,12,19.58816839954199,4,False,Indonesia,False,2026-03-02 05:55:15.955005
411,2026-01-28 05:55:15.955005,3,8,2.757700356416591,1,True,Singapore,False,2026-03-02 05:55:15.955005
95,2026-01-19 05:55:15.955005,0,6,3.7742440061464078,2,True,Malaysia,False,2026-03-02 05:55:15.955005
115,2026-01-17 05:55:15.955005,16,15,2.099591378135367,2,False,Singapore,True,2026-03-02 05:55:15.955005
243,2026-02-08 05:55:15.955005,25,9,14.247673459983275,0,False,Indonesia,True,2026-03-02 05:55:15.955005
420,2026-02-26 05:55:15.955005,16,8,24.94974959582998,3,False,Indonesia,True,2026-03-02 05:55:15.955005
292,2026-02-01 05:55:15.955005,6,6,10.07941191118921,4,True,Malaysia,False,2026-03-02 05:55:15.955005
282,2026-02-25 05:55:15.955005,22,15,12.140645309681968,2,False,Malaysia,False,2026-03-02 05:55:15.955005
299,2026-01-06 05:55:15.955005,19,8,27.37483614266883,2,False,Malaysia,False,2026-03-02 05:55:15.955005
283,2026-01-04 05:55:15.955005,14,16,25.27019991418299,0,False,Indonesia,False,2026-03-02 05:55:15.955005
69,2026-01-16 05:55:15.955005,12,19,20.286395259094242,2,True,Singapore,False,2026-03-02 05:55:15.955005
148,2026-01-18 05:55:15.955005,27,6,8.737309680675288,4,False,Malaysia,True,2026-03-02 05:55:15.955005
11,2026-02-27 05:55:15.955005,1,10,4.394202997964861,0,False,Indonesia,False,2026-03-02 05:55:15.955005
254,2026-02-02 05:55:15.955005,27,7,1.4657058577232978,1,True,Singapore,True,2026-03-02 05:55:15.955005
330,2026-02-08 05:55:15.955005,18,6,4.103309505528205,0,False,Malaysia,True,2026-03-02 05:55:15.955005
360,2026-02-25 05:55:15.955005,23,18,9.485296865094341,4,True,Singapore,False,2026-03-02 05:55:15.955005
38,2026-01-30 05:55:15.955005,12,19,17.001911843805374,4,False,Singapore,False,2026-03-02 05:55:15.955005
134,2026-01-20 05:55:15.955005,23,11,2.8560023998192197,1,False,Indonesia,True,2026-03-02 05:55:15.955005
200,2026-02-13 05:55:15.955005,10,6,4.950605571235021,0,False,Indonesia,False,2026-03-02 05:55:15.955005
23,2026-02-16 05:55:15.955005,26,7,6.2513403669302905,4,False,Indonesia,False,2026-03-02 05:55:15.955005
303,2026-01-22 05:55:15.955005,21,6,19.32748069651588,4,True,Singapore,True,2026-03-02 05:55:15.955005
346,2026-01-04 05:55:15.955005,14,5,18.85790417042361,1,True,Malaysia,False,2026-03-02 05:55:15.955005
302,2026-01-30 05:55:15.955005,9,8,16.972206064792434,3,True,Malaysia,False,2026-03-02 05:55:15.955005
363,2026-02-22 05:55:15.955005,8,12,8.26454131618225,0,True,Malaysia,False,2026-03-02 05:55:15.955005
396,2026-01-25 05:55:15.955005,26,6,11.762471045343228,4,True,Indonesia,True,2026-03-02 05:55:15.955005
218,2026-02-21 05:55:15.955005,27,7,3.804001773794548,2,True,Malaysia,True,2026-03-02 05:55:15.955005
141,2026-02-11 05:55:15.955005,8,16,7.567357508983592,1,False,Malaysia,False,2026-03-02 05:55:15.955005
104,2026-02-25 05:55:15.955005,19,16,27.033451567704834,3,False,Indonesia,True,2026-03-02 05:55:15.955005
446,2026-01-14 05:55:15.955005,27,15,29.411060646639026,3,False,Malaysia,True,2026-03-02 05:55:15.955005
210,2026-01-06 05:55:15.955005,0,1,19.782127983568547,1,True,Malaysia,True,2026-03-02 05:55:15.955005
473,2026-01-03 05:55:15.955005,16,7,27.587875468679186,3,False,Malaysia,True,2026-03-02 05:55:15.955005
481,2026-02-28 05:55:15.955005,11,16,19.639515111641327,4,True,Singapore,False,2026-03-02 05:55:15.955005
111,2026-01-20 05:55:15.955005,9,12,1.9626980970586265,3,True,Singapore,False,2026-03-02 05:55:15.955005
104,2026-02-20 05:55:15.955005,4,17,29.906114964605862,0,False,Indonesia,False,2026-03-02 05:55:15.955005
316,2026-01-19 05:55:15.955005,29,9,3.8696167489095123,2,False,Indonesia,False,2026-03-02 05:55:15.955005
171,2026-02-14 05:55:15.955005,28,1,20.79661224190676,4,True,Singapore,True,2026-03-02 05:55:15.955005
460,2026-01-30 05:55:15.955005,17,1,8.33224988916891,1,True,Indonesia,True,2026-03-02 05:55:15.955005
492,2026-02-27 05:55:15.955005,14,13,12.367452274301844,2,True,Indonesia,False,2026-03-02 05:55:15.955005
356,2026-02-27 05:55:15.955005,5,15,19.73209135922721,4,False,Malaysia,True,2026-03-02 05:55:15.955005
496,2026-02-14 05:55:15.955005,6,6,13.658133129923504,2,True,Indonesia,False,2026-03-02 05:55:15.955005
324,2026-01-21 05:55:15.955005,16,11,8.265835709002719,3,True,Indonesia,False,2026-03-02 05:55:15.955005
133,2026-02-12 05:55:15.955005,5,13,10.698939419471417,1,False,Malaysia,False,2026-03-02 05:55:15.955005
376,2026-02-26 05:55:15.955005,7,3,10.904895390772113,1,True,Malaysia,False,2026-03-02 05:55:15.955005
293,2026-01-30 05:55:15.955005,11,3,28.820393230738198,0,False,Singapore,False,2026-03-02 05:55:15.955005
328,2026-02-09 05:55:15.955005,20,17,24.15977746178008,3,True,Indonesia,True,2026-03-02 05:55:15.955005
127,2026-01-06 05:55:15.955005,13,2,14.297914372902603,0,False,Malaysia,False,2026-03-02 05:55:15.955005
106,2026-02-25 05:55:15.955005,11,0,6.794806689899559,0,True,Indonesia,False,2026-03-02 05:55:15.955005
497,2026-01-27 05:55:15.955005,22,16,24.519467197617022,3,False,Indonesia,False,2026-03-02 05:55:15.955005
92,2026-02-09 05:55:15.955005,9,6,5.558291676642832,4,True,Singapore,False,2026-03-02 05:55:15.955005
287,2026-03-02 05:55:15.955005,21,15,7.103404297118099,0,True,Singapore,True,2026-03-02 05:55:15.955005
378,2026-02-11 05:55:15.955005,19,4,11.614388363364384,2,False,Singapore,True,2026-03-02 05:55:15.955005
393,2026-02-09 05:55:15.955005,14,18,26.530097679707712,4,False,Singapore,False,2026-03-02 05:55:15.955005
51,2026-01-14 05:55:15.955005,6,6,4.821813390389197,3,True,Singapore,False,2026-03-02 05:55:15.955005
29,2026-01-07 05:55:15.955005,25,13,4.544791592781256,1,True,Malaysia,False,2026-03-02 05:55:15.955005
462,2026-02-20 05:55:15.955005,8,1,15.325274660852713,4,True,Singapore,False,2026-03-02 05:55:15.955005
296,2026-02-18 05:55:15.955005,9,2,9.015905691716567,0,True,Malaysia,True,2026-03-02 05:55:15.955005
297,2026-01-03 05:55:15.955005,9,16,17.493110307796638,2,True,Singapore,False,2026-03-02 05:55:15.955005
214,2026-01-20 05:55:15.955005,15,15,14.097463855813482,3,True,Malaysia,True,2026-03-02 05:55:15.955005
267,2026-02-28 05:55:15.955005,28,7,13.613814084185288,1,True,Indonesia,False,2026-03-02 05:55:15.955005
407,2026-02-22 05:55:15.955005,6,17,4.247216144122805,2,False,Singapore,False,2026-03-02 05:55:15.955005
257,2026-01-02 05:55:15.955005,27,14,5.0904410172453645,1,True,Malaysia,True,2026-03-02 05:55:15.955005
302,2026-02-19 05:55:15.955005,29,6,24.811278745958653,3,False,Singapore,False,2026-03-02 05:55:15.955005
101,2026-02-08 05:55:15.955005,4,8,26.690599389580587,4,True,Malaysia,False,2026-03-02 05:55:15.955005
405,2026-02-17 05:55:15.955005,22,5,7.805822453672257,0,True,Malaysia,False,2026-03-02 05:55:15.955005
346,2026-01-29 05:55:15.955005,2,17,4.290354544218303,3,False,Singapore,False,2026-03-02 05:55:15.955005
110,2026-02-13 05:55:15.955005,17,17,2.5490834861008076,2,True,Malaysia,False,2026-03-02 05:55:15.955005
420,2026-01-13 05:55:15.955005,10,13,18.64063079851501,4,False,Indonesia,False,2026-03-02 05:55:15.955005
182,2026-01-03 05:55:15.955005,14,13,21.74524316250596,1,True,Singapore,False,2026-03-02 05:55:15.955005
471,2026-01-21 05:55:15.955005,20,13,11.81148968689296,4,True,Indonesia,True,2026-03-02 05:55:15.955005
313,2026-02-22 05:55:15.955005,19,3,20.710600157228548,4,True,Malaysia,False,2026-03-02 05:55:15.955005
1,2026-02-08 05:55:15.955005,4,3,21.675805651226256,2,True,Malaysia,False,2026-03-02 05:55:15.955005
319,2026-02-21 05:55:15.955005,23,14,28.124926160510256,0,False,Singapore,True,2026-03-02 05:55:15.955005
438,2026-02-12 05:55:15.955005,11,14,2.88133549721811,4,False,Indonesia,False,2026-03-02 05:55:15.955005
55,2026-01-15 05:55:15.955005,3,17,6.576459973701314,4,False,Indonesia,False,2026-03-02 05:55:15.955005
371,2026-02-26 05:55:15.955005,14,13,2.987253640312656,0,True,Singapore,False,2026-03-02 05:55:15.955005
424,2026-01-15 05:55:15.955005,8,0,26.171824066747206,0,False,Indonesia,False,2026-03-02 05:55:15.955005
399,2026-01-10 05:55:15.955005,6,9,23.985027640973488,1,True,Singapore,False,2026-03-02 05:55:15.955005
149,2026-02-08 05:55:15.955005,9,19,17.66462004803333,1,False,Singapore,False,2026-03-02 05:55:15.955005
431,2026-02-01 05:55:15.955005,28,9,3.426238891484312,0,True,Malaysia,False,2026-03-02 05:55:15.955005
457,2026-02-06 05:55:15.955005,27,9,8.926058400957869,3,False,Malaysia,True,2026-03-02 05:55:15.955005
309,2026-02-03 05:55:15.955005,22,1,9.63387559369699,0,False,Indonesia,True,2026-03-02 05:55:15.955005
137,2026-01-28 05:55:15.955005,12,7,17.261552684447096,1,False,Singapore,False,2026-03-02 05:55:15.955005
202,2026-01-17 05:55:15.955005,28,0,8.483272927064748,2,False,Singapore,True,2026-03-02 05:55:15.955005
436,2026-01-06 05:55:15.955005,7,0,3.1158360534756904,2,True,Singapore,False,2026-03-02 05:55:15.955005
313,2026-01-14 05:55:15.955005,11,3,22.192106753745684,4,False,Singapore,False,2026-03-02 05:55:15.955005
117,2026-01-15 05:55:15.955005,21,6,9.673326138006928,2,False,Malaysia,False,2026-03-02 05:55:15.955005
154,2026-02-06 05:55:15.955005,23,8,14.118851133675719,1,False,Indonesia,True,2026-03-02 05:55:15.955005
425,2026-02-21 05:55:15.955005,18,15,4.702332414486856,2,False,Malaysia,False,2026-03-02 05:55:15.955005
291,2026-02-17 05:55:15.955005,25,4,24.27390079844281,3,True,Singapore,False,2026-03-02 05:55:15.955005
63,2026-01-20 05:55:15.955005,25,1,17.40042443079767,0,True,Indonesia,True,2026-03-02 05:55:15.955005
244,2026-01-05 05:55:15.955005,29,10,27.145983160086022,0,True,Indonesia,False,2026-03-02 05:55:15.955005
25,2026-01-16 05:55:15.955005,0,17,15.368675328894668,1,False,Singapore,False,2026-03-02 05:55:15.955005
90,2026-01-04 05:55:15.955005,15,18,28.301344482718513,4,False,Singapore,False,2026-03-02 05:55:15.955005
75,2026-02-01 05:55:15.955005,21,12,26.864177927058453,0,True,Malaysia,False,2026-03-02 05:55:15.955005
294,2026-01-07 05:55:15.955005,16,10,17.717335837317783,2,True,Malaysia,False,2026-03-02 05:55:15.955005
386,2026-01-21 05:55:15.955005,24,19,28.082909706346037,3,True,Singapore,True,2026-03-02 05:55:15.955005
391,2026-02-06 05:55:15.955005,29,18,10.369573671542016,4,True,Singapore,False,2026-03-02 05:55:15.955005
210,2026-02-17 05:55:15.955005,17,16,11.603622718422129,4,True,Malaysia,False,2026-03-02 05:55:15.955005
475,2026-01-27 05:55:15.955005,10,4,2.318860587875071,4,False,Indonesia,False,2026-03-02 05:55:15.955005
418,2026-01-10 05:55:15.955005,17,12,18.086826296151738,0,False,Indonesia,False,2026-03-02 05:55:15.955005
347,2026-01-14 05:55:15.955005,6,19,21.935795127939066,4,True,Indonesia,False,2026-03-02 05:55:15.955005
17,2026-01-28 05:55:15.955005,17,0,23.432056517020992,1,False,Malaysia,True,2026-03-02 05:55:15.955005
128,2026-02-21 05:55:15.955005,25,9,5.344672295336996,2,False,Singapore,True,2026-03-02 05:55:15.955005
427,2026-01-27 05:55:15.955005,7,7,13.880613097062508,3,True,Indonesia,False,2026-03-02 05:55:15.955005
443,2026-02-20 05:55:15.955005,5,7,6.129033150723553,2,True,Singapore,False,2026-03-02 05:55:15.955005
364,2026-02-20 05:55:15.955005,29,18,20.201693116773217,1,True,Malaysia,True,2026-03-02 05:55:15.955005
251,2026-02-10 05:55:15.955005,6,5,5.580444800231276,1,True,Malaysia,False,2026-03-02 05:55:15.955005
179,2026-02-10 05:55:15.955005,22,11,27.220746834726175,2,False,Singapore,True,2026-03-02 05:55:15.955005
182,2026-02-09 05:55:15.955005,21,6,7.6884047241809865,0,False,Singapore,False,2026-03-02 05:55:15.955005
152,2026-01-17 05:55:15.955005,9,15,9.4506657223591,1,False,Singapore,False,2026-03-02 05:55:15.955005
25,2026-02-24 05:55:15.955005,10,8,25.67628334237899,4,False,Singapore,False,2026-03-02 05:55:15.955005
455,2026-01-07 05:55:15.955005,24,9,14.29556069422599,3,True,Indonesia,True,2026-03-02 05:55:15.955005
180,2026-02-14 05:55:15.955005,12,9,1.6958824282021179,3,False,Singapore,False,2026-03-02 05:55:15.955005
198,2026-03-01 05:55:15.955005,8,9,15.343001284876728,1,True,Indonesia,False,2026-03-02 05:55:15.955005
344,2026-02-19 05:55:15.955005,6,19,3.451756726023568,4,False,Malaysia,True,2026-03-02 05:55:15.955005
161,2026-01-05 05:55:15.955005,8,15,29.57499684193201,2,False,Indonesia,False,2026-03-02 05:55:15.955005
177,2026-01-20 05:55:15.955005,12,0,18.05523554321247,3,True,Singapore,False,2026-03-02 05:55:15.955005
285,2026-02-13 05:55:15.955005,25,16,8.439445910718376,4,True,Indonesia,False,2026-03-02 05:55:15.955005
63,2026-01-08 05:55:15.955005,2,13,17.347812706880916,4,True,Malaysia,False,2026-03-02 05:55:15.955005
491,2026-01-03 05:55:15.955005,2,18,3.2291459980708903,0,False,Singapore,False,2026-03-02 05:55:15.955005
150,2026-02-20 05:55:15.955005,0,16,24.196847823795693,1,True,Malaysia,False,2026-03-02 05:55:15.955005
154,2026-02-15 05:55:15.955005,20,13,27.83451356206075,4,False,Malaysia,True,2026-03-02 05:55:15.955005
156,2026-01-13 05:55:15.955005,19,7,26.358887257978626,2,False,Singapore,False,2026-03-02 05:55:15.955005
370,2026-01-11 05:55:15.955005,1,8,10.91097046665832,3,True,Indonesia,False,2026-03-02 05:55:15.955005
469,2026-02-13 05:55:15.955005,24,7,10.447275469657686,0,False,Malaysia,False,2026-03-02 05:55:15.955005
49,2026-01-27 05:55:15.955005,2,12,2.0175407252727,2,True,Singapore,False,2026-03-02 05:55:15.955005
455,2026-01-09 05:55:15.955005,14,16,19.890610402326587,3,True,Malaysia,True,2026-03-02 05:55:15.955005
337,2026-01-03 05:55:15.955005,23,18,16.512238741504053,1,False,Indonesia,False,2026-03-02 05:55:15.955005
84,2026-02-05 05:55:15.955005,5,6,14.3210447684929,2,False,Malaysia,False,2026-03-02 05:55:15.955005
361,2026-02-15 05:55:15.955005,29,16,27.321297646706505,3,False,Malaysia,False,2026-03-02 05:55:15.955005
177,2026-02-25 05:55:15.955005,12,0,5.868488131402543,0,True,Malaysia,False,2026-03-02 05:55:15.955005
148,2026-01-05 05:55:15.955005,20,4,1.2803217340152877,3,True,Malaysia,False,2026-03-02 05:55:15.955005
118,2026-01-18 05:55:15.955005,0,5,3.1261771115021975,4,True,Indonesia,False,2026-03-02 05:55:15.955005
342,2026-01-19 05:55:15.955005,19,1,7.477771696993698,0,False,Singapore,False,2026-03-02 05:55:15.955005
476,2026-01-15 05:55:15.955005,18,15,1.9652809286402515,2,True,Malaysia,False,2026-03-02 05:55:15.955005
63,2026-01-15 05:55:15.955005,0,4,15.58246760865093,1,False,Indonesia,False,2026-03-02 05:55:15.955005
189,2026-01-14 05:55:15.955005,27,4,10.108623201773764,0,True,Malaysia,False,2026-03-02 05:55:15.955005
360,2026-01-20 05:55:15.955005,20,11,6.234007233975848,0,True,Malaysia,False,2026-03-02 05:55:15.955005
49,2026-02-19 05:55:15.955005,21,2,22.7524381735112,0,False,Malaysia,False,2026-03-02 05:55:15.955005
327,2026-01-02 05:55:15.955005,1,15,6.929088460743371,3,False,Indonesia,False,2026-03-02 05:55:15.955005
257,2026-02-18 05:55:15.955005,14,5,20.940547928820003,4,False,Malaysia,False,2026-03-02 05:55:15.955005
224,2026-02-27 05:55:15.955005,13,14,11.128682269581528,1,True,Malaysia,False,2026-03-02 05:55:15.955005
141,2026-01-23 05:55:15.955005,18,14,15.843005059214082,1,False,Singapore,True,2026-03-02 05:55:15.955005
478,2026-01-08 05:55:15.955005,10,15,28.082144155688276,4,False,Indonesia,True,2026-03-02 05:55:15.955005
215,2026-03-01 05:55:15.955005,29,19,2.083197409658572,3,False,Singapore,False,2026-03-02 05:55:15.955005
435,2026-02-05 05:55:15.955005,14,12,15.507670716846395,3,False,Singapore,True,2026-03-02 05:55:15.955005
379,2026-01-03 05:55:15.955005,5,11,25.77826584950093,4,True,Singapore,False,2026-03-02 05:55:15.955005
440,2026-02-04 05:55:15.955005,19,9,18.051253202740106,4,True,Singapore,False,2026-03-02 05:55:15.955005
211,2026-02-04 05:55:15.955005,8,13,9.029244991989543,2,False,Malaysia,False,2026-03-02 05:55:15.955005
318,2026-02-16 05:55:15.955005,4,1,12.532752919205995,3,False,Singapore,True,2026-03-02 05:55:15.955005
32,2026-02-23 05:55:15.955005,19,2,20.72770323312866,0,True,Indonesia,False,2026-03-02 05:55:15.955005
158,2026-02-24 05:55:15.955005,1,8,26.83354493510029,1,False,Malaysia,False,2026-03-02 05:55:15.955005
285,2026-01-15 05:55:15.955005,5,10,2.1909248386517364,3,False,Singapore,False,2026-03-02 05:55:15.955005
305,2026-01-07 05:55:15.955005,25,10,3.074625834820916,4,False,Singapore,False,2026-03-02 05:55:15.955005
429,2026-01-16 05:55:15.955005,17,9,10.42649418467804,0,True,Indonesia,True,2026-03-02 05:55:15.955005
477,2026-01-22 05:55:15.955005,27,13,7.7506108486868905,2,True,Indonesia,False,2026-03-02 05:55:15.955005
286,2026-01-02 05:55:15.955005,28,8,8.682995700449775,2,True,Singapore,False,2026-03-02 05:55:15.955005
144,2026-02-19 05:55:15.955005,22,19,7.4168299601505465,0,False,Singapore,False,2026-03-02 05:55:15.955005
424,2026-02-18 05:55:15.955005,18,9,6.678926416799574,0,False,Singapore,False,2026-03-02 05:55:15.955005
19,2026-01-19 05:55:15.955005,8,8,4.788095039209462,4,False,Singapore,False,2026-03-02 05:55:15.955005
18,2026-02-14 05:55:15.955005,26,4,28.0846698220619,4,True,Singapore,False,2026-03-02 05:55:15.955005
257,2026-02-14 05:55:15.955005,20,7,5.181494453278439,1,True,Indonesia,False,2026-03-02 05:55:15.955005
78,2026-01-06 05:55:15.955005,23,10,6.927709468200549,1,False,Indonesia,False,2026-03-02 05:55:15.955005
371,2026-01-26 05:55:15.955005,26,0,8.141705995442786,2,False,Malaysia,False,2026-03-02 05:55:15.955005
175,2026-02-10 05:55:15.955005,5,9,28.057431320782197,0,False,Malaysia,False,2026-03-02 05:55:15.955005
498,2026-02-23 05:55:15.955005,13,0,22.915709874431457,2,False,Indonesia,True,2026-03-02 05:55:15.955005
194,2026-02-26 05:55:15.955005,27,6,23.901283479149928,4,False,Malaysia,True,2026-03-02 05:55:15.955005
476,2026-02-05 05:55:15.955005,25,13,4.037989526616443,3,True,Singapore,False,2026-03-02 05:55:15.955005
113,2026-02-15 05:55:15.955005,23,4,25.25298637545448,4,True,Malaysia,True,2026-03-02 05:55:15.955005
114,2026-01-26 05:55:15.955005,28,16,12.837599372705121,3,True,Singapore,False,2026-03-02 05:55:15.955005
222,2026-02-03 05:55:15.955005,12,5,8.621867760159272,0,True,Singapore,False,2026-03-02 05:55:15.955005
166,2026-01-08 05:55:15.955005,10,15,17.696752422089006,0,False,Malaysia,False,2026-03-02 05:55:15.955005
435,2026-02-02 05:55:15.955005,11,10,24.843304268685284,0,True,Malaysia,False,2026-03-02 05:55:15.955005
319,2026-01-15 05:55:15.955005,18,9,23.58091238117237,1,True,Singapore,False,2026-03-02 05:55:15.955005
132,2026-02-19 05:55:15.955005,18,14,26.80992699485283,1,False,Indonesia,False,2026-03-02 05:55:15.955005
385,2026-01-25 05:55:15.955005,20,6,27.915833394447873,3,True,Malaysia,False,2026-03-02 05:55:15.955005
264,2026-02-01 05:55:15.955005,26,1,7.905540071404737,2,False,Malaysia,True,2026-03-02 05:55:15.955005
413,2026-02-08 05:55:15.955005,25,11,13.291878930908878,2,True,Indonesia,False,2026-03-02 05:55:15.955005
55,2026-02-15 05:55:15.955005,18,18,1.4242276369470304,3,False,Malaysia,False,2026-03-02 05:55:15.955005
359,2026-02-17 05:55:15.955005,23,11,26.500328118686742,1,False,Singapore,False,2026-03-02 05:55:15.955005
131,2026-02-21 05:55:15.955005,25,15,5.482592392768259,4,False,Indonesia,True,2026-03-02 05:55:15.955005
288,2026-02-24 05:55:15.955005,12,5,25.982769557938134,3,True,Indonesia,False,2026-03-02 05:55:15.955005
266,2026-01-17 05:55:15.955005,27,2,10.552232337611295,2,True,Singapore,True,2026-03-02 05:55:15.955005
458,2026-01-10 05:55:15.955005,13,1,11.675874109453009,3,False,Singapore,True,2026-03-02 05:55:15.955005
467,2026-01-02 05:55:15.955005,23,19,2.1348353800319217,3,True,Singapore,True,2026-03-02 05:55:15.955005
366,2026-01-25 05:55:15.955005,17,4,10.479484903194269,0,False,Indonesia,False,2026-03-02 05:55:15.955005
162,2026-02-02 05:55:15.955005,11,10,26.76254680123666,1,False,Singapore,False,2026-03-02 05:55:15.955005
380,2026-02-28 05:55:15.955005,3,2,1.74087463252652,0,False,Malaysia,False,2026-03-02 05:55:15.955005
481,2026-02-16 05:55:15.955005,9,2,12.783496718355035,1,False,Malaysia,False,2026-03-02 05:55:15.955005
87,2026-01-26 05:55:15.955005,28,4,1.9105892645694929,3,False,Singapore,True,2026-03-02 05:55:15.955005
55,2026-01-15 05:55:15.955005,16,10,11.756779328162883,1,False,Malaysia,False,2026-03-02 05:55:15.955005
476,2026-01-16 05:55:15.955005,3,2,6.006578582628444,2,False,Malaysia,False,2026-03-02 05:55:15.955005
288,2026-01-10 05:55:15.955005,11,12,8.31433340478279,0,True,Indonesia,False,2026-03-02 05:55:15.955005
178,2026-02-12 05:55:15.955005,12,7,26.45035282168115,3,True,Singapore,False,2026-03-02 05:55:15.955005
391,2026-02-18 05:55:15.955005,28,19,13.645427398034839,2,True,Malaysia,False,2026-03-02 05:55:15.955005
349,2026-01-20 05:55:15.955005,26,9,8.940141750655453,1,True,Singapore,False,2026-03-02 05:55:15.955005
8,2026-02-10 05:55:15.955005,28,1,18.090812960565884,1,True,Singapore,False,2026-03-02 05:55:15.955005
321,2026-01-25 05:55:15.955005,3,3,5.121101835144889,2,True,Malaysia,False,2026-03-02 05:55:15.955005
313,2026-02-04 05:55:15.955005,9,17,8.52235661520482,1,False,Malaysia,False,2026-03-02 05:55:15.955005
247,2026-01-07 05:55:15.955005,24,18,16.841191060483766,0,True,Indonesia,False,2026-03-02 05:55:15.955005
323,2026-01-10 05:55:15.955005,2,3,7.888168213593996,4,False,Indonesia,True,2026-03-02 05:55:15.955005
472,2026-02-02 05:55:15.955005,14,19,20.694704384625325,1,True,Indonesia,False,2026-03-02 05:55:15.955005
471,2026-02-11 05:55:15.955005,1,8,15.253247765526153,3,False,Malaysia,False,2026-03-02 05:55:15.955005
443,2026-02-06 05:55:15.955005,24,15,23.387683037386036,1,True,Indonesia,True,2026-03-02 05:55:15.955005
255,2026-02-25 05:55:15.955005,24,5,28.49909153595159,3,True,Singapore,False,2026-03-02 05:55:15.955005
328,2026-01-26 05:55:15.955005,16,3,4.358341791074825,1,True,Indonesia,False,2026-03-02 05:55:15.955005
54,2026-03-01 05:55:15.955005,5,8,10.705285289551801,1,True,Indonesia,False,2026-03-02 05:55:15.955005
249,2026-02-09 05:55:15.955005,25,12,10.26692282347379,3,True,Indonesia,True,2026-03-02 05:55:15.955005
239,2026-01-30 05:55:15.955005,7,8,5.384304660780373,0,False,Singapore,False,2026-03-02 05:55:15.955005
229,2026-02-15 05:55:15.955005,2,5,24.498790982670652,4,False,Singapore,True,2026-03-02 05:55:15.955005
67,2026-02-13 05:55:15.955005,26,18,23.03648241712491,4,True,Malaysia,True,2026-03-02 05:55:15.955005
51,2026-02-26 05:55:15.955005,24,13,15.048338654197572,0,False,Indonesia,False,2026-03-02 05:55:15.955005
97,2026-01-08 05:55:15.955005,17,14,16.59535255604368,1,False,Singapore,False,2026-03-02 05:55:15.955005
92,2026-01-26 05:55:15.955005,21,2,2.7267800020723914,4,False,Singapore,True,2026-03-02 05:55:15.955005
495,2026-02-01 05:55:15.955005,0,4,17.109713217484323,0,False,Singapore,False,2026-03-02 05:55:15.955005
264,2026-01-17 05:55:15.955005,28,17,23.948904196569455,0,True,Malaysia,False,2026-03-02 05:55:15.955005
418,2026-02-12 05:55:15.955005,15,13,17.64099963393186,4,True,Malaysia,True,2026-03-02 05:55:15.955005
291,2026-02-08 05:55:15.955005,6,15,8.693884733492148,3,False,Malaysia,False,2026-03-02 05:55:15.955005
96,2026-01-28 05:55:15.955005,2,13,20.35889989769578,2,True,Indonesia,False,2026-03-02 05:55:15.955005
88,2026-02-18 05:55:15.955005,22,8,11.483164468992182,3,True,Singapore,False,2026-03-02 05:55:15.955005
78,2026-01-19 05:55:15.955005,3,14,16.80132524428632,1,True,Malaysia,False,2026-03-02 05:55:15.955005
288,2026-01-08 05:55:15.955005,8,6,15.139395535088818,3,True,Malaysia,True,2026-03-02 05:55:15.955005
120,2026-02-02 05:55:15.955005,4,13,12.054075027990223,2,False,Singapore,False,2026-03-02 05:55:15.955005
302,2026-01-26 05:55:15.955005,18,5,21.847461431429917,2,False,Singapore,False,2026-03-02 05:55:15.955005
491,2026-02-09 05:55:15.955005,14,14,26.63240724759057,0,False,Indonesia,False,2026-03-02 05:55:15.955005
400,2026-01-10 05:55:15.955005,7,19,1.1511630358308234,1,True,Indonesia,False,2026-03-02 05:55:15.955005
452,2026-01-10 05:55:15.955005,5,7,28.07487905768065,0,False,Indonesia,False,2026-03-02 05:55:15.955005
500,2026-01-15 05:55:15.955005,17,1,15.833938946413523,3,False,Malaysia,False,2026-03-02 05:55:15.955005
165,2026-01-26 05:55:15.955005,18,7,21.32122453053469,3,False,Malaysia,False,2026-03-02 05:55:15.955005
182,2026-02-22 05:55:15.955005,23,0,25.813112419100438,4,False,Singapore,True,2026-03-02 05:55:15.955005
469,2026-01-23 05:55:15.955005,14,16,14.54600707711383,0,True,Indonesia,False,2026-03-02 05:55:15.955005
398,2026-01-11 05:55:15.955005,25,18,25.21424812758182,0,False,Singapore,True,2026-03-02 05:55:15.955005
223,2026-02-12 05:55:15.955005,6,4,6.150974764200864,0,True,Indonesia,False,2026-03-02 05:55:15.955005
311,2026-01-24 05:55:15.955005,9,19,5.615858499914619,0,True,Indonesia,False,2026-03-02 05:55:15.955005
432,2026-02-25 05:55:15.955005,5,15,20.066669696828452,2,False,Indonesia,False,2026-03-02 05:55:15.955005
466,2026-01-10 05:55:15.955005,13,6,26.23414716100038,4,True,Indonesia,True,2026-03-02 05:55:15.955005
7,2026-01-15 05:55:15.955005,16,6,26.880359148545143,1,True,Singapore,False,2026-03-02 05:55:15.955005
330,2026-02-16 05:55:15.955005,8,17,19.66847329294015,1,False,Singapore,False,2026-03-02 05:55:15.955005
263,2026-01-05 05:55:15.955005,18,17,16.23918767607021,1,False,Malaysia,False,2026-03-02 05:55:15.955005
161,2026-02-11 05:55:15.955005,29,1,10.61039954319897,2,False,Indonesia,False,2026-03-02 05:55:15.955005
151,2026-02-22 05:55:15.955005,4,14,29.42001205238061,4,False,Singapore,False,2026-03-02 05:55:15.955005
85,2026-01-30 05:55:15.955005,22,13,10.271174913321264,4,False,Indonesia,True,2026-03-02 05:55:15.955005
147,2026-02-27 05:55:15.955005,6,17,22.581397109716203,2,True,Indonesia,False,2026-03-02 05:55:15.955005
112,2026-01-12 05:55:15.955005,18,8,16.42747219724502,0,False,Malaysia,False,2026-03-02 05:55:15.955005
381,2026-02-13 05:55:15.955005,19,13,18.646857933235054,3,True,Malaysia,True,2026-03-02 05:55:15.955005
403,2026-02-26 05:55:15.955005,25,4,12.41093596707016,0,True,Singapore,True,2026-03-02 05:55:15.955005
36,2026-02-11 05:55:15.955005,6,10,28.979870638695186,1,False,Singapore,False,2026-03-02 05:55:15.955005
285,2026-02-08 05:55:15.955005,23,7,17.57878745687886,0,True,Malaysia,False,2026-03-02 05:55:15.955005
188,2026-02-20 05:55:15.955005,1,4,28.195841283304908,2,True,Singapore,False,2026-03-02 05:55:15.955005
82,2026-01-25 05:55:15.955005,24,10,1.2201510690435096,1,False,Singapore,False,2026-03-02 05:55:15.955005
2,2026-02-09 05:55:15.955005,22,4,17.607446912542507,3,False,Malaysia,True,2026-03-02 05:55:15.955005
385,2026-01-04 05:55:15.955005,15,16,21.79841980203287,1,True,Indonesia,False,2026-03-02 05:55:15.955005
303,2026-02-27 05:55:15.955005,12,3,22.607324963704322,0,True,Indonesia,False,2026-03-02 05:55:15.955005
197,2026-02-02 05:55:15.955005,7,14,27.244329571668757,4,True,Malaysia,False,2026-03-02 05:55:15.955005
404,2026-01-18 05:55:15.955005,5,18,1.127646661109802,4,True,Indonesia,False,2026-03-02 05:55:15.955005
11,2026-01-28 05:55:15.955005,5,1,1.0095746185248167,4,True,Indonesia,False,2026-03-02 05:55:15.955005
234,2026-02-18 05:55:15.955005,8,16,14.695640363061244,1,False,Malaysia,False,2026-03-02 05:55:15.955005
386,2026-01-20 05:55:15.955005,3,11,1.8495174451557488,4,False,Singapore,True,2026-03-02 05:55:15.955005
195,2026-02-22 05:55:15.955005,26,16,29.261444056208862,2,False,Malaysia,False,2026-03-02 05:55:15.955005
471,2026-01-20 05:55:15.955005,10,9,7.439890061700367,3,False,Malaysia,False,2026-03-02 05:55:15.955005
119,2026-01-31 05:55:15.955005,4,17,14.707277151580497,4,True,Indonesia,True,2026-03-02 05:55:15.955005
396,2026-02-24 05:55:15.955005,24,18,2.772991270354485,2,False,Malaysia,False,2026-03-02 05:55:15.955005
20,2026-02-27 05:55:15.955005,16,17,16.1394040689665,2,False,Indonesia,False,2026-03-02 05:55:15.955005
261,2026-02-12 05:55:15.955005,19,12,12.018727629274848,1,True,Malaysia,True,2026-03-02 05:55:15.955005
293,2026-01-20 05:55:15.955005,6,13,2.295140837439489,1,True,Singapore,False,2026-03-02 05:55:15.955005
422,2026-02-01 05:55:15.955005,26,15,10.718603734190518,3,True,Indonesia,True,2026-03-02 05:55:15.955005
256,2026-01-31 05:55:15.955005,14,17,12.351644586462813,3,False,Malaysia,False,2026-03-02 05:55:15.955005
222,2026-01-27 05:55:15.955005,24,17,29.70772324697326,0,False,Indonesia,False,2026-03-02 05:55:15.955005
393,2026-01-05 05:55:15.955005,14,15,7.028690285661888,3,True,Malaysia,False,2026-03-02 05:55:15.955005
226,2026-02-10 05:55:15.955005,13,16,16.79860884573289,1,True,Malaysia,False,2026-03-02 05:55:15.955005
53,2026-01-31 05:55:15.955005,12,6,29.63215092676023,2,False,Malaysia,False,2026-03-02 05:55:15.955005
428,2026-02-12 05:55:15.955005,10,11,23.96855703026392,0,True,Indonesia,False,2026-03-02 05:55:15.955005
355,2026-01-31 05:55:15.955005,27,1,29.807657525580577,3,True,Indonesia,False,2026-03-02 05:55:15.955005
500,2026-01-09 05:55:15.955005,12,9,29.080651125144907,2,True,Singapore,False,2026-03-02 05:55:15.955005
342,2026-01-30 05:55:15.955005,25,4,15.196646720730474,1,False,Singapore,False,2026-03-02 05:55:15.955005
364,2026-03-01 05:55:15.955005,21,2,21.19489964624641,4,False,Singapore,True,2026-03-02 05:55:15.955005
280,2026-01-03 05:55:15.955005,27,18,4.202850681293382,0,False,Singapore,True,2026-03-02 05:55:15.955005
81,2026-01-10 05:55:15.955005,23,12,13.793315926357254,2,True,Malaysia,False,2026-03-02 05:55:15.955005
202,2026-02-21 05:55:15.955005,28,11,24.461537725734225,1,True,Indonesia,False,2026-03-02 05:55:15.955005
158,2026-03-01 05:55:15.955005,8,2,15.654724308337158,1,False,Malaysia,True,2026-03-02 05:55:15.955005
120,2026-03-01 05:55:15.955005,9,5,21.378271951699723,0,True,Indonesia,False,2026-03-02 05:55:15.955005
59,2026-01-02 05:55:15.955005,3,13,22.626788569544033,0,True,Indonesia,False,2026-03-02 05:55:15.955005
494,2026-02-07 05:55:15.955005,16,3,8.350605096043923,3,False,Malaysia,True,2026-03-02 05:55:15.955005
215,2026-02-14 05:55:15.955005,13,12,26.3952818153344,3,True,Malaysia,False,2026-03-02 05:55:15.955005
128,2026-01-30 05:55:15.955005,23,18,14.33485049636619,0,True,Indonesia,False,2026-03-02 05:55:15.955005
224,2026-02-15 05:55:15.955005,17,17,7.095368005024769,0,True,Singapore,False,2026-03-02 05:55:15.955005
209,2026-02-15 05:55:15.955005,10,2,26.09706057186487,2,True,Singapore,False,2026-03-02 05:55:15.955005
370,2026-01-16 05:55:15.955005,15,19,13.116745377081356,3,False,Indonesia,False,2026-03-02 05:55:15.955005
115,2026-01-23 05:55:15.955005,0,5,22.759060713011873,1,True,Malaysia,False,2026-03-02 05:55:15.955005
209,2026-01-09 05:55:15.955005,28,15,16.892959094426196,3,False,Malaysia,False,2026-03-02 05:55:15.955005
14,2026-01-31 05:55:15.955005,6,19,12.074280814800513,3,False,Indonesia,False,2026-03-02 05:55:15.955005
9,2026-01-19 05:55:15.955005,27,2,24.48641603611851,0,False,Malaysia,False,2026-03-02 05:55:15.955005
40,2026-02-07 05:55:15.955005,9,11,17.94962801769378,0,False,Indonesia,False,2026-03-02 05:55:15.955005
450,2026-03-02 05:55:15.955005,8,18,12.326300970383919,3,True,Indonesia,True,2026-03-02 05:55:15.955005
237,2026-02-20 05:55:15.955005,26,18,4.178338239718684,4,True,Indonesia,True,2026-03-02 05:55:15.955005
281,2026-01-07 05:55:15.955005,27,3,26.96791409923453,4,False,Malaysia,True,2026-03-02 05:55:15.955005
359,2026-02-10 05:55:15.955005,27,0,2.02861797490833,3,False,Singapore,True,2026-03-02 05:55:15.955005
201,2026-02-27 05:55:15.955005,24,1,26.03243310267363,4,False,Indonesia,True,2026-03-02 05:55:15.955005
246,2026-02-24 05:55:15.955005,2,12,11.43888422161151,3,False,Malaysia,False,2026-03-02 05:55:15.955005
278,2026-02-05 05:55:15.955005,21,12,19.54082414154077,0,True,Singapore,False,2026-03-02 05:55:15.955005
235,2026-01-15 05:55:15.955005,22,1,27.743791991234872,0,False,Indonesia,True,2026-03-02 05:55:15.955005
494,2026-01-12 05:55:15.955005,13,18,5.399491849613054,0,False,Singapore,False,2026-03-02 05:55:15.955005
4,2026-02-19 05:55:15.955005,25,15,17.441563793525496,1,True,Malaysia,True,2026-03-02 05:55:15.955005
154,2026-01-31 05:55:15.955005,24,11,23.168553008735568,0,False,Singapore,True,2026-03-02 05:55:15.955005
442,2026-02-14 05:55:15.955005,14,0,22.969931148852663,0,True,Singapore,False,2026-03-02 05:55:15.955005
29,2026-01-29 05:55:15.955005,1,8,16.243325523385614,3,True,Malaysia,False,2026-03-02 05:55:15.955005
109,2026-02-20 05:55:15.955005,23,16,19.117444337287285,4,True,Indonesia,True,2026-03-02 05:55:15.955005
98,2026-02-03 05:55:15.955005,13,9,22.96828282985249,4,False,Malaysia,False,2026-03-02 05:55:15.955005
215,2026-01-30 05:55:15.955005,15,17,25.389801494964942,0,True,Malaysia,True,2026-03-02 05:55:15.955005
293,2026-03-02 05:55:15.955005,6,18,23.09257980940005,0,True,Indonesia,False,2026-03-02 05:55:15.955005
75,2026-01-15 05:55:15.955005,3,6,11.266143352256037,0,False,Indonesia,False,2026-03-02 05:55:15.955005
326,2026-02-03 05:55:15.955005,17,18,29.90506563067426,3,False,Malaysia,True,2026-03-02 05:55:15.955005
146,2026-01-09 05:55:15.955005,23,14,13.600578117859827,3,False,Indonesia,True,2026-03-02 05:55:15.955005
128,2026-01-20 05:55:15.955005,26,8,1.709476380009069,3,False,Indonesia,False,2026-03-02 05:55:15.955005
341,2026-02-24 05:55:15.955005,4,9,11.515891595978399,4,True,Malaysia,False,2026-03-02 05:55:15.955005
42,2026-03-01 05:55:15.955005,5,19,4.7057056826414545,1,False,Malaysia,False,2026-03-02 05:55:15.955005
356,2026-01-20 05:55:15.955005,29,19,4.521835856122875,4,True,Malaysia,True,2026-03-02 05:55:15.955005
41,2026-02-07 05:55:15.955005,26,3,9.164516163099936,3,True,Malaysia,False,2026-03-02 05:55:15.955005
422,2026-02-27 05:55:15.955005,6,5,2.5478893311405644,2,False,Singapore,False,2026-03-02 05:55:15.955005
34,2026-01-18 05:55:15.955005,14,3,20.966853463877328,1,False,Singapore,False,2026-03-02 05:55:15.955005
17,2026-02-12 05:55:15.955005,25,4,3.1456776418552472,0,False,Indonesia,True,2026-03-02 05:55:15.955005
165,2026-02-05 05:55:15.955005,0,8,6.895397107642729,4,False,Singapore,True,2026-03-02 05:55:15.955005
153,2026-02-20 05:55:15.955005,23,11,3.694091720329462,1,True,Singapore,False,2026-03-02 05:55:15.955005
486,2026-01-22 05:55:15.955005,3,7,2.831864196187901,2,False,Singapore,False,2026-03-02 05:55:15.955005
378,2026-01-12 05:55:15.955005,28,4,8.764798300646708,1,True,Indonesia,True,2026-03-02 05:55:15.955005
76,2026-01-19 05:55:15.955005,24,10,17.585070062150727,4,True,Singapore,False,2026-03-02 05:55:15.955005
87,2026-02-20 05:55:15.955005,0,10,28.97588113695841,3,False,Malaysia,False,2026-03-02 05:55:15.955005
117,2026-01-17 05:55:15.955005,10,12,26.391142976138582,0,False,Malaysia,False,2026-03-02 05:55:15.955005
362,2026-02-28 05:55:15.955005,17,13,26.402083837914418,3,False,Indonesia,False,2026-03-02 05:55:15.955005
342,2026-02-19 05:55:15.955005,13,7,6.105944045092071,3,True,Indonesia,False,2026-03-02 05:55:15.955005
469,2026-02-28 05:55:15.955005,21,17,8.682308611436783,4,True,Indonesia,False,2026-03-02 05:55:15.955005
27,2026-01-20 05:55:15.955005,10,18,3.2154061870638655,3,True,Singapore,False,2026-03-02 05:55:15.955005
313,2026-02-04 05:55:15.955005,9,11,23.575581857540367,3,False,Indonesia,False,2026-03-02 05:55:15.955005
287,2026-01-13 05:55:15.955005,26,11,3.0246727430812967,4,False,Indonesia,False,2026-03-02 05:55:15.955005
134,2026-01-08 05:55:15.955005,29,17,17.144174453804744,4,False,Indonesia,True,2026-03-02 05:55:15.955005
219,2026-03-01 05:55:15.955005,16,9,8.18839159739457,2,False,Malaysia,False,2026-03-02 05:55:15.955005
168,2026-01-13 05:55:15.955005,3,6,8.059923386833598,3,False,Indonesia,False,2026-03-02 05:55:15.955005
98,2026-02-15 05:55:15.955005,23,17,29.73102660218055,1,False,Malaysia,False,2026-03-02 05:55:15.955005
268,2026-03-01 05:55:15.955005,14,11,22.946614402377584,0,False,Malaysia,False,2026-03-02 05:55:15.955005
237,2026-01-02 05:55:15.955005,25,13,25.271241390440455,0,True,Indonesia,False,2026-03-02 05:55:15.955005
309,2026-01-08 05:55:15.955005,15,14,17.587497874976368,4,True,Indonesia,True,2026-03-02 05:55:15.955005
455,2026-02-01 05:55:15.955005,20,15,26.259414334418725,4,True,Singapore,False,2026-03-02 05:55:15.955005
394,2026-02-11 05:55:15.955005,12,1,19.719225635824234,2,True,Indonesia,False,2026-03-02 05:55:15.955005
173,2026-01-24 05:55:15.955005,8,17,28.439037439094015,3,False,Indonesia,False,2026-03-02 05:55:15.955005
401,2026-02-03 05:55:15.955005,10,11,9.158818995323466,4,False,Indonesia,False,2026-03-02 05:55:15.955005
410,2026-02-06 05:55:15.955005,10,15,18.264266827703956,4,False,Indonesia,False,2026-03-02 05:55:15.955005
469,2026-01-30 05:55:15.955005,5,12,21.01380909016987,0,True,Indonesia,False,2026-03-02 05:55:15.955005
476,2026-02-21 05:55:15.955005,0,19,12.395181845806393,3,False,Indonesia,False,2026-03-02 05:55:15.955005
190,2026-01-02 05:55:15.955005,21,16,26.511531489717544,2,True,Singapore,False,2026-03-02 05:55:15.955005
122,2026-01-20 05:55:15.955005,5,17,29.414291730020476,4,True,Singapore,False,2026-03-02 05:55:15.955005
46,2026-01-22 05:55:15.955005,12,2,15.319315249807186,4,True,Indonesia,False,2026-03-02 05:55:15.955005
64,2026-01-29 05:55:15.955005,21,9,12.328578989325834,4,False,Singapore,True,2026-03-02 05:55:15.955005
130,2026-02-18 05:55:15.955005,23,0,14.6861999281373,0,False,Malaysia,False,2026-03-02 05:55:15.955005
310,2026-01-06 05:55:15.955005,21,5,25.729365626226016,4,True,Singapore,False,2026-03-02 05:55:15.955005
363,2026-01-21 05:55:15.955005,4,2,19.71858434002686,4,True,Malaysia,True,2026-03-02 05:55:15.955005
193,2026-01-08 05:55:15.955005,14,18,2.298398803024757,0,False,Indonesia,False,2026-03-02 05:55:15.955005
307,2026-01-20 05:55:15.955005,26,3,16.72292740292573,4,True,Malaysia,True,2026-03-02 05:55:15.955005
181,2026-01-15 05:55:15.955005,17,19,1.5017035594881247,3,False,Indonesia,True,2026-03-02 05:55:15.955005
292,2026-01-25 05:55:15.955005,19,2,23.57752575909876,3,True,Singapore,True,2026-03-02 05:55:15.955005
371,2026-01-08 05:55:15.955005,13,7,10.521055932731448,0,False,Malaysia,False,2026-03-02 05:55:15.955005
282,2026-02-15 05:55:15.955005,14,7,14.688216981402551,3,True,Malaysia,False,2026-03-02 05:55:15.955005
29,2026-01-17 05:55:15.955005,25,6,24.161665071321327,2,False,Malaysia,False,2026-03-02 05:55:15.955005
149,2026-02-09 05:55:15.955005,4,1,2.347015701287085,4,True,Indonesia,False,2026-03-02 05:55:15.955005
267,2026-01-05 05:55:15.955005,25,5,5.597704532156703,2,False,Indonesia,True,2026-03-02 05:55:15.955005
296,2026-02-11 05:55:15.955005,3,15,12.54085091690833,3,True,Singapore,True,2026-03-02 05:55:15.955005
11,2026-01-12 05:55:15.955005,1,9,7.667829742821257,0,False,Singapore,False,2026-03-02 05:55:15.955005
164,2026-01-19 05:55:15.955005,6,3,10.79914134747683,0,True,Indonesia,False,2026-03-02 05:55:15.955005
113,2026-02-04 05:55:15.955005,9,12,29.947067398881487,2,True,Singapore,False,2026-03-02 05:55:15.955005
187,2026-01-21 05:55:15.955005,15,9,24.93701868964051,3,True,Malaysia,False,2026-03-02 05:55:15.955005
295,2026-02-15 05:55:15.955005,9,13,26.63315263384315,4,True,Malaysia,False,2026-03-02 05:55:15.955005
232,2026-01-28 05:55:15.955005,17,8,28.174584373407484,3,True,Malaysia,False,2026-03-02 05:55:15.955005
227,2026-01-30 05:55:15.955005,16,10,10.887140529111674,3,True,Singapore,False,2026-03-02 05:55:15.955005
310,2026-02-05 05:55:15.955005,29,17,9.615231776097708,0,False,Malaysia,False,2026-03-02 05:55:15.955005
98,2026-02-06 05:55:15.955005,20,10,7.7878122845901725,1,False,Malaysia,False,2026-03-02 05:55:15.955005
55,2026-03-01 05:55:15.955005,27,16,25.073390427935557,4,True,Indonesia,True,2026-03-02 05:55:15.955005
111,2026-02-19 05:55:15.955005,12,1,20.707004006270363,4,False,Indonesia,False,2026-03-02 05:55:15.955005
152,2026-01-22 05:55:15.955005,0,2,7.848987492003442,0,True,Singapore,False,2026-03-02 05:55:15.955005
246,2026-02-22 05:55:15.955005,0,10,11.932821047103191,3,True,Indonesia,False,2026-03-02 05:55:15.955005
406,2026-02-19 05:55:15.955005,14,17,15.69464115405115,0,False,Singapore,False,2026-03-02 05:55:15.955005
69,2026-02-05 05:55:15.955005,0,2,16.316061660938857,3,True,Singapore,False,2026-03-02 05:55:15.955005
312,2026-02-22 05:55:15.955005,5,14,26.773104127999726,1,True,Indonesia,False,2026-03-02 05:55:15.955005
289,2026-02-21 05:55:15.955005,24,10,12.036417855469272,1,False,Indonesia,False,2026-03-02 05:55:15.955005
250,2026-01-30 05:55:15.955005,25,10,27.347196884514858,2,True,Singapore,False,2026-03-02 05:55:15.955005
36,2026-01-05 05:55:15.955005,12,19,13.7996592492739,3,True,Singapore,False,2026-03-02 05:55:15.955005
239,2026-01-28 05:55:15.955005,26,10,22.644807568978262,0,False,Singapore,False,2026-03-02 05:55:15.955005
148,2026-01-14 05:55:15.955005,27,18,27.977375279566626,0,False,Malaysia,True,2026-03-02 05:55:15.955005
467,2026-02-11 05:55:15.955005,0,0,27.319695414934724,0,True,Malaysia,False,2026-03-02 05:55:15.955005
227,2026-01-23 05:55:15.955005,4,4,2.651633151574754,2,True,Indonesia,False,2026-03-02 05:55:15.955005
244,2026-01-02 05:55:15.955005,8,9,6.965424554320525,4,True,Malaysia,False,2026-03-02 05:55:15.955005
491,2026-03-01 05:55:15.955005,29,9,14.830257340435978,0,True,Malaysia,False,2026-03-02 05:55:15.955005
337,2026-03-02 05:55:15.955005,24,13,13.515074408640112,1,True,Singapore,True,2026-03-02 05:55:15.955005
446,2026-01-11 05:55:15.955005,16,1,19.585858280279005,0,True,Malaysia,True,2026-03-02 05:55:15.955005
365,2026-01-02 05:55:15.955005,15,3,28.396562473936953,0,True,Indonesia,False,2026-03-02 05:55:15.955005
491,2026-01-26 05:55:15.955005,7,1,4.259736627060516,0,False,Malaysia,True,2026-03-02 05:55:15.955005
482,2026-02-07 05:55:15.955005,16,17,14.103901288892972,4,True,Malaysia,True,2026-03-02 05:55:15.955005
201,2026-01-08 05:55:15.955005,14,12,6.57992009872704,0,True,Malaysia,False,2026-03-02 05:55:15.955005
154,2026-02-04 05:55:15.955005,23,18,26.929120353540476,4,False,Indonesia,False,2026-03-02 05:55:15.955005
450,2026-03-01 05:55:15.955005,0,4,28.972825388247934,4,True,Indonesia,False,2026-03-02 05:55:15.955005
73,2026-01-31 05:55:15.955005,11,19,14.882348774820153,2,True,Singapore,False,2026-03-02 05:55:15.955005
201,2026-01-05 05:55:15.955005,4,1,4.016298634116081,1,False,Malaysia,False,2026-03-02 05:55:15.955005
296,2026-02-17 05:55:15.955005,23,10,23.773545334957525,0,True,Singapore,True,2026-03-02 05:55:15.955005
17,2026-03-01 05:55:15.955005,5,17,21.21709916427957,0,False,Singapore,False,2026-03-02 05:55:15.955005
129,2026-02-02 05:55:15.955005,24,5,11.285453971699003,0,False,Indonesia,False,2026-03-02 05:55:15.955005
217,2026-02-16 05:55:15.955005,0,9,26.73481674509994,4,False,Singapore,False,2026-03-02 05:55:15.955005
61,2026-02-19 05:55:15.955005,24,16,29.299124803698508,3,False,Malaysia,True,2026-03-02 05:55:15.955005
427,2026-01-25 05:55:15.955005,0,10,17.177761624775666,1,False,Singapore,False,2026-03-02 05:55:15.955005
104,2026-02-03 05:55:15.955005,9,18,17.40610942898448,0,False,Indonesia,False,2026-03-02 05:55:15.955005
42,2026-02-11 05:55:15.955005,9,16,9.627891648299556,3,False,Indonesia,False,2026-03-02 05:55:15.955005
25,2026-01-23 05:55:15.955005,2,3,17.95067504351611,3,True,Indonesia,True,2026-03-02 05:55:15.955005
39,2026-02-07 05:55:15.955005,16,13,13.749627295220549,3,False,Malaysia,True,2026-03-02 05:55:15.955005
291,2026-02-10 05:55:15.955005,18,19,9.763539780913504,1,False,Singapore,False,2026-03-02 05:55:15.955005
131,2026-02-21 05:55:15.955005,27,3,2.948370699193138,3,True,Malaysia,True,2026-03-02 05:55:15.955005
498,2026-01-16 05:55:15.955005,10,13,8.328527931564622,0,True,Indonesia,False,2026-03-02 05:55:15.955005
229,2026-02-17 05:55:15.955005,28,3,6.737784840652268,0,False,Malaysia,True,2026-03-02 05:55:15.955005
108,2026-01-25 05:55:15.955005,17,5,16.71921755206452,2,False,Indonesia,False,2026-03-02 05:55:15.955005
172,2026-02-13 05:55:15.955005,1,8,18.448430631144223,4,False,Malaysia,True,2026-03-02 05:55:15.955005
435,2026-02-07 05:55:15.955005,8,11,18.64858000487448,3,False,Malaysia,True,2026-03-02 05:55:15.955005
478,2026-02-17 05:55:15.955005,23,7,12.257249030324694,4,True,Singapore,False,2026-03-02 05:55:15.955005
102,2026-01-28 05:55:15.955005,16,3,13.215662276879383,4,True,Singapore,True,2026-03-02 05:55:15.955005
354,2026-01-04 05:55:15.955005,27,4,25.19291445957856,4,False,Indonesia,True,2026-03-02 05:55:15.955005
12,2026-02-19 05:55:15.955005,13,5,14.81075159199771,4,True,Singapore,False,2026-03-02 05:55:15.955005
275,2026-02-09 05:55:15.955005,3,4,29.645426631976548,4,True,Singapore,False,2026-03-02 05:55:15.955005
101,2026-01-06 05:55:15.955005,28,18,13.748899670257082,0,True,Malaysia,True,2026-03-02 05:55:15.955005
44,2026-02-25 05:55:15.955005,16,7,19.837847393917333,1,True,Indonesia,True,2026-03-02 05:55:15.955005
443,2026-01-26 05:55:15.955005,16,8,2.4605269708084783,3,False,Malaysia,True,2026-03-02 05:55:15.955005
305,2026-01-17 05:55:15.955005,11,14,19.946857808145513,3,True,Malaysia,False,2026-03-02 05:55:15.955005
445,2026-01-26 05:55:15.955005,27,3,25.691365438035177,0,True,Singapore,False,2026-03-02 05:55:15.955005
17,2026-02-09 05:55:15.955005,19,8,28.33127731746559,0,False,Singapore,True,2026-03-02 05:55:15.955005
330,2026-02-17 05:55:15.955005,17,6,29.922297737553343,4,True,Indonesia,True,2026-03-02 05:55:15.955005
57,2026-02-15 05:55:15.955005,2,7,9.18318072382776,1,False,Singapore,False,2026-03-02 05:55:15.955005
311,2026-01-26 05:55:15.955005,10,14,17.685731879945788,3,False,Malaysia,True,2026-03-02 05:55:15.955005
497,2026-01-06 05:55:15.955005,24,18,14.070821580432273,2,True,Singapore,False,2026-03-02 05:55:15.955005
303,2026-02-06 05:55:15.955005,17,14,17.35070693667996,0,True,Indonesia,False,2026-03-02 05:55:15.955005
12,2026-01-30 05:55:15.955005,3,4,5.566135758505553,2,False,Indonesia,False,2026-03-02 05:55:15.955005
318,2026-01-29 05:55:15.955005,16,18,25.828337605282304,3,True,Malaysia,True,2026-03-02 05:55:15.955005
80,2026-01-17 05:55:15.955005,17,6,27.37749935699304,0,False,Malaysia,True,2026-03-02 05:55:15.955005
216,2026-01-26 05:55:15.955005,4,5,14.040188230274754,3,False,Singapore,True,2026-03-02 05:55:15.955005
339,2026-02-11 05:55:15.955005,13,18,9.13246598563373,0,True,Indonesia,False,2026-03-02 05:55:15.955005
264,2026-02-13 05:55:15.955005,9,16,5.084169401937357,3,False,Malaysia,True,2026-03-02 05:55:15.955005
479,2026-01-24 05:55:15.955005,14,9,20.829179918556328,2,False,Singapore,False,2026-03-02 05:55:15.955005
149,2026-02-28 05:55:15.955005,0,18,10.054723349001321,1,True,Singapore,False,2026-03-02 05:55:15.955005
81,2026-02-08 05:55:15.955005,15,10,27.376618527488272,0,True,Singapore,False,2026-03-02 05:55:15.955005
215,2026-01-30 05:55:15.955005,10,14,20.459361770501232,2,False,Malaysia,False,2026-03-02 05:55:15.955005
485,2026-01-17 05:55:15.955005,22,9,19.72487443005298,3,True,Malaysia,True,2026-03-02 05:55:15.955005
374,2026-01-03 05:55:15.955005,19,10,17.222661361048985,2,False,Singapore,True,2026-03-02 05:55:15.955005
464,2026-02-15 05:55:15.955005,5,2,2.3275138434330427,0,True,Singapore,False,2026-03-02 05:55:15.955005
198,2026-01-03 05:55:15.955005,23,2,28.025750634882023,2,False,Malaysia,True,2026-03-02 05:55:15.955005
200,2026-02-26 05:55:15.955005,28,17,19.21018730568434,3,True,Indonesia,True,2026-03-02 05:55:15.955005
25,2026-02-27 05:55:15.955005,21,10,29.827797518110202,4,True,Singapore,False,2026-03-02 05:55:15.955005
466,2026-02-10 05:55:15.955005,15,19,16.583335738413723,1,True,Indonesia,True,2026-03-02 05:55:15.955005
89,2026-01-22 05:55:15.955005,29,17,21.59321586528018,1,True,Indonesia,True,2026-03-02 05:55:15.955005
268,2026-01-11 05:55:15.955005,1,14,2.630077178120443,4,True,Malaysia,False,2026-03-02 05:55:15.955005
143,2026-02-17 05:55:15.955005,0,6,19.320349127878917,0,False,Malaysia,False,2026-03-02 05:55:15.955005
59,2026-01-23 05:55:15.955005,23,9,23.17483873612036,2,False,Indonesia,True,2026-03-02 05:55:15.955005
410,2026-01-31 05:55:15.955005,23,19,23.57691455072416,2,True,Malaysia,True,2026-03-02 05:55:15.955005
489,2026-02-17 05:55:15.955005,8,9,23.33323791467828,4,False,Indonesia,False,2026-03-02 05:55:15.955005
365,2026-02-25 05:55:15.955005,21,12,7.562196191516362,4,True,Indonesia,False,2026-03-02 05:55:15.955005
26,2026-02-19 05:55:15.955005,11,14,29.28655585055155,3,False,Malaysia,False,2026-03-02 05:55:15.955005
47,2026-02-15 05:55:15.955005,16,17,29.86028149812322,3,False,Malaysia,True,2026-03-02 05:55:15.955005
288,2026-02-14 05:55:15.955005,29,3,3.1922803796864367,1,False,Singapore,True,2026-03-02 05:55:15.955005
266,2026-01-17 05:55:15.955005,24,19,28.15694626154096,0,True,Malaysia,False,2026-03-02 05:55:15.955005
16,2026-02-08 05:55:15.955005,27,16,9.39402663482671,0,True,Singapore,False,2026-03-02 05:55:15.955005
199,2026-02-17 05:55:15.955005,28,2,20.98923837077798,4,False,Malaysia,True,2026-03-02 05:55:15.955005
401,2026-02-24 05:55:15.955005,14,1,10.805216701347831,1,False,Malaysia,False,2026-03-02 05:55:15.955005
407,2026-01-16 05:55:15.955005,29,3,29.064875377820524,1,False,Malaysia,False,2026-03-02 05:55:15.955005
282,2026-01-30 05:55:15.955005,18,0,3.943611890802529,3,False,Malaysia,True,2026-03-02 05:55:15.955005
469,2026-02-16 05:55:15.955005,26,14,15.434657691734904,2,True,Indonesia,True,2026-03-02 05:55:15.955005
86,2026-01-18 05:55:15.955005,21,0,13.413385966320165,0,True,Malaysia,False,2026-03-02 05:55:15.955005
250,2026-02-14 05:55:15.955005,9,5,10.454680116061562,1,False,Indonesia,False,2026-03-02 05:55:15.955005
391,2026-01-21 05:55:15.955005,28,6,19.72048573552431,3,True,Malaysia,True,2026-03-02 05:55:15.955005
270,2026-01-08 05:55:15.955005,25,18,4.800616559228357,3,False,Malaysia,False,2026-03-02 05:55:15.955005
335,2026-01-15 05:55:15.955005,26,11,21.78321012587721,3,True,Indonesia,True,2026-03-02 05:55:15.955005
117,2026-01-18 05:55:15.955005,11,0,29.43717159033883,2,False,Malaysia,True,2026-03-02 05:55:15.955005
7,2026-01-28 05:55:15.955005,13,6,24.332202719590274,1,True,Singapore,False,2026-03-02 05:55:15.955005
137,2026-02-26 05:55:15.955005,8,18,25.940485834376815,4,False,Singapore,True,2026-03-02 05:55:15.955005
371,2026-01-17 05:55:15.955005,26,12,11.429465552191074,4,True,Malaysia,True,2026-03-02 05:55:15.955005
176,2026-02-04 05:55:15.955005,12,11,10.421711587955341,3,False,Singapore,True,2026-03-02 05:55:15.955005
328,2026-01-10 05:55:15.955005,2,11,15.994402286013862,3,True,Singapore,False,2026-03-02 05:55:15.955005
498,2026-02-08 05:55:15.955005,20,12,2.326071828105908,2,False,Singapore,True,2026-03-02 05:55:15.955005
315,2026-01-22 05:55:15.955005,28,13,28.415385899239446,3,False,Singapore,False,2026-03-02 05:55:15.955005
215,2026-01-03 05:55:15.955005,13,11,5.169770017469574,1,True,Indonesia,False,2026-03-02 05:55:15.955005
477,2026-02-17 05:55:15.955005,20,19,27.18737813587468,3,True,Indonesia,True,2026-03-02 05:55:15.955005
82,2026-02-16 05:55:15.955005,9,11,3.4238844380103153,3,True,Indonesia,False,2026-03-02 05:55:15.955005
223,2026-01-19 05:55:15.955005,15,5,24.856122902678244,1,False,Singapore,True,2026-03-02 05:55:15.955005
478,2026-01-29 05:55:15.955005,6,9,5.4069132504682385,0,False,Singapore,False,2026-03-02 05:55:15.955005
372,2026-01-09 05:55:15.955005,3,19,2.1058168086527083,4,False,Indonesia,False,2026-03-02 05:55:15.955005
423,2026-01-31 05:55:15.955005,26,8,21.865194057522853,3,True,Singapore,True,2026-03-02 05:55:15.955005
483,2026-01-27 05:55:15.955005,19,1,9.127693705058421,1,False,Indonesia,False,2026-03-02 05:55:15.955005
402,2026-02-14 05:55:15.955005,22,6,21.720388430746137,4,True,Indonesia,True,2026-03-02 05:55:15.955005
443,2026-02-03 05:55:15.955005,24,8,17.097472263711772,2,False,Indonesia,False,2026-03-02 05:55:15.955005
490,2026-02-12 05:55:15.955005,10,11,4.1554143166719015,0,False,Singapore,False,2026-03-02 05:55:15.955005
103,2026-01-16 05:55:15.955005,15,4,28.03177212573375,3,False,Indonesia,True,2026-03-02 05:55:15.955005
273,2026-01-08 05:55:15.955005,19,0,14.117111068140849,0,True,Malaysia,True,2026-03-02 05:55:15.955005
14,2026-02-08 05:55:15.955005,3,14,22.298971056161953,3,False,Indonesia,True,2026-03-02 05:55:15.955005
159,2026-01-30 05:55:15.955005,21,7,15.529596588453128,3,False,Indonesia,False,2026-03-02 05:55:15.955005
152,2026-01-22 05:55:15.955005,21,0,18.52648277387494,3,True,Malaysia,True,2026-03-02 05:55:15.955005
483,2026-02-18 05:55:15.955005,22,17,9.78043417834408,0,False,Singapore,False,2026-03-02 05:55:15.955005
108,2026-01-03 05:55:15.955005,16,12,6.810448816100058,2,True,Indonesia,True,2026-03-02 05:55:15.955005
188,2026-02-11 05:55:15.955005,12,0,16.73453589883397,1,False,Malaysia,True,2026-03-02 05:55:15.955005
301,2026-01-27 05:55:15.955005,10,4,13.766350216159058,1,False,Singapore,False,2026-03-02 05:55:15.955005
98,2026-02-26 05:55:15.955005,29,17,12.31328318958406,2,True,Malaysia,False,2026-03-02 05:55:15.955005
131,2026-02-22 05:55:15.955005,2,15,20.504448657744067,2,False,Indonesia,False,2026-03-02 05:55:15.955005
293,2026-02-02 05:55:15.955005,8,9,21.024692328322942,3,True,Malaysia,False,2026-03-02 05:55:15.955005
171,2026-02-25 05:55:15.955005,5,3,2.331681626646628,3,True,Singapore,True,2026-03-02 05:55:15.955005
424,2026-02-06 05:55:15.955005,21,0,10.823590333066493,1,False,Indonesia,False,2026-03-02 05:55:15.955005
474,2026-01-31 05:55:15.955005,20,7,12.941171956564943,3,False,Malaysia,True,2026-03-02 05:55:15.955005
183,2026-02-09 05:55:15.955005,10,4,3.809872673760875,3,False,Singapore,False,2026-03-02 05:55:15.955005
471,2026-03-01 05:55:15.955005,15,1,7.841125134250363,2,False,Singapore,False,2026-03-02 05:55:15.955005
364,2026-01-17 05:55:15.955005,18,16,2.4976121194599425,0,False,Indonesia,False,2026-03-02 05:55:15.955005
39,2026-02-26 05:55:15.955005,26,6,29.891020859893597,4,True,Indonesia,False,2026-03-02 05:55:15.955005
15,2026-01-02 05:55:15.955005,4,16,22.36015888612549,4,True,Indonesia,False,2026-03-02 05:55:15.955005
376,2026-02-04 05:55:15.955005,13,5,3.5360545385798563,3,True,Indonesia,False,2026-03-02 05:55:15.955005
497,2026-02-06 05:55:15.955005,16,14,1.5872320139126712,3,True,Malaysia,False,2026-03-02 05:55:15.955005
4,2026-02-23 05:55:15.955005,2,4,21.859346204416127,4,True,Singapore,True,2026-03-02 05:55:15.955005
349,2026-01-07 05:55:15.955005,3,14,13.73657280479734,2,False,Indonesia,False,2026-03-02 05:55:15.955005
470,2026-03-02 05:55:15.955005,15,17,23.817104562872704,4,True,Indonesia,False,2026-03-02 05:55:15.955005
409,2026-02-11 05:55:15.955005,15,17,27.78080509673313,4,True,Indonesia,True,2026-03-02 05:55:15.955005
397,2026-01-18 05:55:15.955005,20,5,18.3797112814748,4,False,Malaysia,True,2026-03-02 05:55:15.955005
210,2026-02-08 05:55:15.955005,25,1,6.426144264600339,3,False,Singapore,True,2026-03-02 05:55:15.955005
161,2026-01-30 05:55:15.955005,24,16,23.683627045347123,3,False,Singapore,True,2026-03-02 05:55:15.955005
16,2026-02-20 05:55:15.955005,3,3,28.718540552056858,4,False,Indonesia,False,2026-03-02 05:55:15.955005
493,2026-01-23 05:55:15.955005,18,11,17.826707324738724,3,True,Singapore,True,2026-03-02 05:55:15.955005
426,2026-01-15 05:55:15.955005,25,18,20.777925971141272,4,False,Malaysia,True,2026-03-02 05:55:15.955005
108,2026-01-08 05:55:15.955005,16,1,10.786766156063518,2,True,Singapore,True,2026-03-02 05:55:15.955005
382,2026-02-07 05:55:15.955005,12,1,12.064303145149026,3,False,Indonesia,False,2026-03-02 05:55:15.955005
450,2026-02-20 05:55:15.955005,25,13,22.304980437738852,0,False,Singapore,False,2026-03-02 05:55:15.955005
311,2026-02-02 05:55:15.955005,21,14,27.905361853797757,3,True,Malaysia,False,2026-03-02 05:55:15.955005
227,2026-01-08 05:55:15.955005,22,19,19.240663229506215,2,True,Malaysia,False,2026-03-02 05:55:15.955005
170,2026-02-05 05:55:15.955005,25,1,23.905589346075075,2,False,Singapore,False,2026-03-02 05:55:15.955005
34,2026-02-15 05:55:15.955005,23,3,5.977415505045817,3,True,Singapore,False,2026-03-02 05:55:15.955005
414,2026-01-27 05:55:15.955005,27,18,7.146813617481233,1,False,Indonesia,False,2026-03-02 05:55:15.955005
251,2026-02-11 05:55:15.955005,0,8,16.42900591816831,4,False,Indonesia,False,2026-03-02 05:55:15.955005
247,2026-01-16 05:55:15.955005,11,6,6.120071575042375,4,True,Indonesia,False,2026-03-02 05:55:15.955005
269,2026-02-28 05:55:15.955005,3,12,19.414857036406783,2,True,Singapore,False,2026-03-02 05:55:15.955005
141,2026-03-02 05:55:15.955005,10,11,9.45794237644627,3,True,Malaysia,False,2026-03-02 05:55:15.955005
274,2026-01-04 05:55:15.955005,4,2,23.954445941339866,1,False,Malaysia,False,2026-03-02 05:55:15.955005
416,2026-01-09 05:55:15.955005,1,12,24.43520005181596,0,True,Singapore,False,2026-03-02 05:55:15.955005
96,2026-01-15 05:55:15.955005,16,14,14.44983621690524,4,True,Malaysia,False,2026-03-02 05:55:15.955005
227,2026-03-02 05:55:15.955005,7,13,6.243508416091423,1,False,Malaysia,False,2026-03-02 05:55:15.955005
379,2026-02-14 05:55:15.955005,5,8,19.756473871376045,4,True,Singapore,True,2026-03-02 05:55:15.955005
39,2026-03-01 05:55:15.955005,20,12,29.790823529644005,3,True,Malaysia,False,2026-03-02 05:55:15.955005
302,2026-02-02 05:55:15.955005,28,3,19.055136040333178,4,True,Singapore,True,2026-03-02 05:55:15.955005
500,2026-02-11 05:55:15.955005,8,7,2.0374660307062276,0,True,Indonesia,False,2026-03-02 05:55:15.955005
29,2026-02-25 05:55:15.955005,12,2,1.501525297245395,3,False,Malaysia,True,2026-03-02 05:55:15.955005
446,2026-02-23 05:55:15.955005,10,1,10.29049714427688,2,True,Singapore,True,2026-03-02 05:55:15.955005
497,2026-02-02 05:55:15.955005,28,18,6.677730398951741,1,False,Malaysia,True,2026-03-02 05:55:15.955005
477,2026-01-14 05:55:15.955005,15,7,24.578485007155937,4,False,Malaysia,True,2026-03-02 05:55:15.955005
318,2026-01-11 05:55:15.955005,15,16,25.499364344044015,3,True,Indonesia,True,2026-03-02 05:55:15.955005
245,2026-01-29 05:55:15.955005,26,12,8.49994436800381,3,False,Singapore,False,2026-03-02 05:55:15.955005
236,2026-02-28 05:55:15.955005,1,6,10.443698531546888,4,True,Indonesia,True,2026-03-02 05:55:15.955005
185,2026-01-02 05:55:15.955005,9,8,7.851162063738325,2,False,Malaysia,False,2026-03-02 05:55:15.955005
272,2026-01-27 05:55:15.955005,11,11,27.343093873766655,4,True,Malaysia,False,2026-03-02 05:55:15.955005
440,2026-02-26 05:55:15.955005,7,13,15.576830704046184,2,False,Malaysia,False,2026-03-02 05:55:15.955005
236,2026-02-04 05:55:15.955005,10,13,20.027974278378576,4,False,Singapore,False,2026-03-02 05:55:15.955005
239,2026-01-18 05:55:15.955005,29,14,13.048980514288495,3,False,Indonesia,True,2026-03-02 05:55:15.955005
377,2026-02-19 05:55:15.955005,9,2,19.299411611631403,0,False,Singapore,False,2026-03-02 05:55:15.955005
266,2026-02-11 05:55:15.955005,12,14,12.189805924930347,0,False,Malaysia,False,2026-03-02 05:55:15.955005
414,2026-01-17 05:55:15.955005,24,18,10.85067469414754,3,False,Indonesia,True,2026-03-02 05:55:15.955005
409,2026-02-11 05:55:15.955005,16,19,19.399922122030926,0,True,Malaysia,True,2026-03-02 05:55:15.955005
359,2026-02-22 05:55:15.955005,6,13,18.140800263420687,2,False,Indonesia,False,2026-03-02 05:55:15.955005
340,2026-01-23 05:55:15.955005,23,7,9.512310670870539,3,True,Singapore,True,2026-03-02 05:55:15.955005
389,2026-02-27 05:55:15.955005,2,4,5.331105059264729,2,False,Singapore,False,2026-03-02 05:55:15.955005
65,2026-01-11 05:55:15.955005,29,18,11.688724121305992,3,True,Singapore,False,2026-03-02 05:55:15.955005
478,2026-01-08 05:55:15.955005,19,3,13.040731535115366,2,False,Singapore,False,2026-03-02 05:55:15.955005
177,2026-02-12 05:55:15.955005,12,13,19.23184566931354,2,False,Singapore,False,2026-03-02 05:55:15.955005
3,2026-01-24 05:55:15.955005,18,15,27.521334145469048,0,False,Indonesia,True,2026-03-02 05:55:15.955005
429,2026-02-04 05:55:15.955005,6,19,2.049359128454829,3,False,Indonesia,False,2026-03-02 05:55:15.955005
142,2026-01-17 05:55:15.955005,8,5,8.066169363713502,4,False,Malaysia,False,2026-03-02 05:55:15.955005
376,2026-01-19 05:55:15.955005,18,5,6.6177623261072505,0,False,Indonesia,True,2026-03-02 05:55:15.955005
158,2026-02-18 05:55:15.955005,12,2,15.566537852119724,2,False,Malaysia,False,2026-03-02 05:55:15.955005
498,2026-02-18 05:55:15.955005,21,14,13.461323404251635,2,False,Singapore,False,2026-03-02 05:55:15.955005
324,2026-01-02 05:55:15.955005,7,2,22.142091090785463,4,True,Indonesia,False,2026-03-02 05:55:15.955005
146,2026-01-05 05:55:15.955005,21,10,8.03006146380105,4,True,Indonesia,False,2026-03-02 05:55:15.955005
446,2026-02-09 05:55:15.955005,17,2,18.240452606743,2,False,Singapore,True,2026-03-02 05:55:15.955005
293,2026-02-03 05:55:15.955005,28,9,26.63186064439882,4,True,Singapore,True,2026-03-02 05:55:15.955005
153,2026-01-10 05:55:15.955005,22,17,27.409654457630836,1,False,Singapore,False,2026-03-02 05:55:15.955005
432,2026-01-15 05:55:15.955005,1,0,28.804753537025903,0,True,Malaysia,False,2026-03-02 05:55:15.955005
193,2026-01-09 05:55:15.955005,17,15,23.42457341031967,3,False,Malaysia,True,2026-03-02 05:55:15.955005
437,2026-01-17 05:55:15.955005,17,15,27.273649281508536,4,True,Indonesia,True,2026-03-02 05:55:15.955005
494,2026-02-09 05:55:15.955005,10,9,7.801395287572952,4,True,Singapore,False,2026-03-02 05:55:15.955005
463,2026-01-19 05:55:15.955005,0,0,6.729847386163834,1,False,Indonesia,False,2026-03-02 05:55:15.955005
73,2026-02-12 05:55:15.955005,13,3,1.1881544296352673,3,True,Singapore,False,2026-03-02 05:55:15.955005
399,2026-02-23 05:55:15.955005,15,2,21.498486365443853,1,False,Singapore,False,2026-03-02 05:55:15.955005
305,2026-01-10 05:55:15.955005,10,4,28.186548446598586,3,False,Singapore,False,2026-03-02 05:55:15.955005
377,2026-02-23 05:55:15.955005,0,11,6.421125006208616,0,True,Singapore,False,2026-03-02 05:55:15.955005
344,2026-01-20 05:55:15.955005,29,11,19.471363687379487,4,False,Singapore,True,2026-03-02 05:55:15.955005
452,2026-02-05 05:55:15.955005,6,12,22.64733301743155,0,True,Malaysia,False,2026-03-02 05:55:15.955005
140,2026-01-14 05:55:15.955005,28,11,27.900812819293638,3,True,Indonesia,True,2026-03-02 05:55:15.955005
187,2026-01-11 05:55:15.955005,15,15,19.758946496499426,4,True,Singapore,False,2026-03-02 05:55:15.955005
293,2026-02-05 05:55:15.955005,29,12,29.138518249713815,1,True,Malaysia,False,2026-03-02 05:55:15.955005
61,2026-02-08 05:55:15.955005,13,4,10.995521089363885,2,True,Malaysia,False,2026-03-02 05:55:15.955005
485,2026-01-19 05:55:15.955005,14,3,11.147927479370821,1,True,Singapore,False,2026-03-02 05:55:15.955005
427,2026-02-18 05:55:15.955005,13,14,16.74736279041602,2,False,Singapore,False,2026-03-02 05:55:15.955005
380,2026-02-03 05:55:15.955005,27,11,12.121554552361307,1,True,Malaysia,False,2026-03-02 05:55:15.955005
198,2026-02-22 05:55:15.955005,20,18,1.0413461203384462,3,True,Singapore,False,2026-03-02 05:55:15.955005
295,2026-02-11 05:55:15.955005,10,18,22.221388727522633,0,True,Malaysia,False,2026-03-02 05:55:15.955005
440,2026-01-06 05:55:15.955005,15,10,22.79979420287602,2,False,Singapore,False,2026-03-02 05:55:15.955005
319,2026-02-12 05:55:15.955005,18,5,22.662263535916342,3,False,Malaysia,True,2026-03-02 05:55:15.955005
302,2026-01-14 05:55:15.955005,16,8,11.00559933170353,0,False,Singapore,False,2026-03-02 05:55:15.955005
344,2026-01-23 05:55:15.955005,26,0,16.146394726023985,0,True,Malaysia,True,2026-03-02 05:55:15.955005
11,2026-01-11 05:55:15.955005,25,11,11.439232027123413,4,True,Indonesia,True,2026-03-02 05:55:15.955005
62,2026-02-19 05:55:15.955005,5,13,1.4650556008887272,4,True,Singapore,False,2026-03-02 05:55:15.955005
333,2026-02-16 05:55:15.955005,10,5,17.311019296871144,4,False,Singapore,False,2026-03-02 05:55:15.955005
226,2026-01-31 05:55:15.955005,16,0,4.58905931643632,2,False,Malaysia,True,2026-03-02 05:55:15.955005
153,2026-01-07 05:55:15.955005,8,1,3.3211983986517772,2,False,Singapore,True,2026-03-02 05:55:15.955005
199,2026-02-17 05:55:15.955005,17,10,22.90947299220683,0,True,Indonesia,True,2026-03-02 05:55:15.955005
52,2026-02-20 05:55:15.955005,16,2,1.2756798701250631,2,True,Indonesia,False,2026-03-02 05:55:15.955005
260,2026-02-05 05:55:15.955005,11,9,28.81124486465306,0,False,Malaysia,False,2026-03-02 05:55:15.955005
59,2026-01-20 05:55:15.955005,22,5,15.94240555926473,3,True,Malaysia,False,2026-03-02 05:55:15.955005
72,2026-02-04 05:55:15.955005,21,5,29.507476490478304,1,False,Singapore,True,2026-03-02 05:55:15.955005
148,2026-02-20 05:55:15.955005,21,19,2.6819296017085446,0,False,Malaysia,False,2026-03-02 05:55:15.955005
349,2026-01-24 05:55:15.955005,29,1,17.922356917111482,0,False,Indonesia,False,2026-03-02 05:55:15.955005
63,2026-01-28 05:55:15.955005,4,9,11.130484043301424,3,True,Indonesia,False,2026-03-02 05:55:15.955005
310,2026-01-19 05:55:15.955005,10,5,25.46099229161429,4,False,Singapore,True,2026-03-02 05:55:15.955005
373,2026-02-12 05:55:15.955005,3,16,11.475459321794302,4,False,Indonesia,False,2026-03-02 05:55:15.955005
243,2026-02-25 05:55:15.955005,26,13,8.554139792663124,4,True,Malaysia,False,2026-03-02 05:55:15.955005
493,2026-01-16 05:55:15.955005,3,4,25.869040685897485,0,True,Singapore,False,2026-03-02 05:55:15.955005
366,2026-01-10 05:55:15.955005,2,16,11.86493965794457,0,False,Singapore,False,2026-03-02 05:55:15.955005
330,2026-01-24 05:55:15.955005,25,1,1.4881662759562826,2,True,Singapore,True,2026-03-02 05:55:15.955005
107,2026-01-13 05:55:15.955005,23,8,12.31838392434068,2,True,Malaysia,False,2026-03-02 05:55:15.955005
226,2026-01-20 05:55:15.955005,22,11,19.981145801317314,1,True,Singapore,False,2026-03-02 05:55:15.955005
313,2026-02-03 05:55:15.955005,24,18,8.376426625385074,1,True,Singapore,True,2026-03-02 05:55:15.955005
218,2026-03-02 05:55:15.955005,16,6,13.527640180329561,2,False,Indonesia,False,2026-03-02 05:55:15.955005
425,2026-01-27 05:55:15.955005,6,8,2.64473901018454,0,True,Indonesia,False,2026-03-02 05:55:15.955005
241,2026-01-22 05:55:15.955005,25,15,18.05469095390476,3,False,Singapore,True,2026-03-02 05:55:15.955005
259,2026-02-23 05:55:15.955005,3,19,22.93255279195142,2,True,Malaysia,False,2026-03-02 05:55:15.955005
376,2026-01-03 05:55:15.955005,22,10,12.986064280632197,0,True,Malaysia,False,2026-03-02 05:55:15.955005
262,2026-01-10 05:55:15.955005,12,11,13.186746351242341,2,False,Malaysia,False,2026-03-02 05:55:15.955005
5,2026-01-08 05:55:15.955005,11,14,3.5601924589625766,4,True,Malaysia,False,2026-03-02 05:55:15.955005
261,2026-01-15 05:55:15.955005,0,17,6.856285070847495,2,True,Indonesia,False,2026-03-02 05:55:15.955005
54,2026-01-06 05:55:15.955005,20,18,5.485583790709468,4,False,Malaysia,True,2026-03-02 05:55:15.955005
47,2026-02-24 05:55:15.955005,18,15,14.9689452911846,0,False,Malaysia,False,2026-03-02 05:55:15.955005
215,2026-02-20 05:55:15.955005,20,14,16.348410687571754,4,False,Singapore,False,2026-03-02 05:55:15.955005
177,2026-01-23 05:55:15.955005,19,4,28.51926380724354,2,True,Malaysia,True,2026-03-02 05:55:15.955005
9,2026-02-27 05:55:15.955005,17,10,3.1237136240397834,4,True,Malaysia,True,2026-03-02 05:55:15.955005
99,2026-02-06 05:55:15.955005,10,14,18.396171221496367,3,True,Malaysia,False,2026-03-02 05:55:15.955005
20,2026-02-19 05:55:15.955005,19,17,16.268457292519,4,False,Malaysia,True,2026-03-02 05:55:15.955005
378,2026-02-05 05:55:15.955005,2,12,15.970759840139046,4,True,Indonesia,False,2026-03-02 05:55:15.955005
241,2026-01-24 05:55:15.955005,28,3,26.321619334101968,1,False,Singapore,False,2026-03-02 05:55:15.955005
61,2026-01-16 05:55:15.955005,16,16,6.960615650169108,3,False,Indonesia,False,2026-03-02 05:55:15.955005
379,2026-02-19 05:55:15.955005,11,3,2.1824249558997724,0,False,Singapore,False,2026-03-02 05:55:15.955005
490,2026-01-19 05:55:15.955005,9,15,20.495873721391582,4,False,Singapore,True,2026-03-02 05:55:15.955005
419,2026-01-11 05:55:15.955005,7,14,11.009566459943423,3,False,Singapore,False,2026-03-02 05:55:15.955005
178,2026-01-09 05:55:15.955005,14,13,1.5101075701632132,0,True,Singapore,False,2026-03-02 05:55:15.955005
338,2026-01-25 05:55:15.955005,4,11,8.289846211422,3,False,Indonesia,False,2026-03-02 05:55:15.955005
62,2026-01-16 05:55:15.955005,3,2,9.970476452287544,1,False,Singapore,False,2026-03-02 05:55:15.955005
145,2026-01-09 05:55:15.955005,25,9,18.88831292674302,0,False,Malaysia,False,2026-03-02 05:55:15.955005
216,2026-02-07 05:55:15.955005,27,7,6.004988027428891,0,False,Malaysia,True,2026-03-02 05:55:15.955005
3,2026-02-15 05:55:15.955005,20,5,12.978576090648543,4,True,Singapore,False,2026-03-02 05:55:15.955005
160,2026-01-05 05:55:15.955005,19,13,14.991787888117143,2,True,Malaysia,False,2026-03-02 05:55:15.955005
227,2026-02-18 05:55:15.955005,18,16,14.317884349558637,0,True,Malaysia,True,2026-03-02 05:55:15.955005
486,2026-02-06 05:55:15.955005,20,18,29.24428223333667,0,False,Singapore,False,2026-03-02 05:55:15.955005
269,2026-01-08 05:55:15.955005,3,15,2.319622895918587,1,True,Singapore,False,2026-03-02 05:55:15.955005
120,2026-01-08 05:55:15.955005,14,14,28.57807740711958,1,True,Singapore,False,2026-03-02 05:55:15.955005
381,2026-01-05 05:55:15.955005,16,14,17.876179205826965,1,False,Indonesia,False,2026-03-02 05:55:15.955005
495,2026-01-10 05:55:15.955005,11,0,24.07610373412531,4,False,Singapore,True,2026-03-02 05:55:15.955005
89,2026-01-08 05:55:15.955005,2,11,13.481385922466186,0,False,Singapore,False,2026-03-02 05:55:15.955005
329,2026-02-27 05:55:15.955005,9,9,14.161298556452433,1,False,Indonesia,False,2026-03-02 05:55:15.955005
68,2026-02-20 05:55:15.955005,14,13,26.500468471458884,1,False,Malaysia,False,2026-03-02 05:55:15.955005
398,2026-01-30 05:55:15.955005,9,9,26.982100392465163,3,True,Indonesia,False,2026-03-02 05:55:15.955005
357,2026-01-13 05:55:15.955005,23,9,7.9219775615076315,3,True,Malaysia,True,2026-03-02 05:55:15.955005
98,2026-02-24 05:55:15.955005,22,19,6.778014478953927,1,True,Indonesia,True,2026-03-02 05:55:15.955005
267,2026-01-16 05:55:15.955005,17,10,15.390820042228581,4,True,Singapore,True,2026-03-02 05:55:15.955005
105,2026-01-04 05:55:15.955005,0,15,27.108033786703057,2,True,Indonesia,False,2026-03-02 05:55:15.955005
440,2026-02-20 05:55:15.955005,2,8,10.348297708779112,3,False,Singapore,False,2026-03-02 05:55:15.955005
323,2026-02-03 05:55:15.955005,20,14,19.908423844834807,3,True,Malaysia,True,2026-03-02 05:55:15.955005
123,2026-01-08 05:55:15.955005,25,13,21.536398944477433,0,True,Singapore,False,2026-03-02 05:55:15.955005
476,2026-01-21 05:55:15.955005,26,18,23.58156528193052,0,True,Indonesia,False,2026-03-02 05:55:15.955005
29,2026-02-08 05:55:15.955005,11,8,17.353809279707935,1,True,Indonesia,False,2026-03-02 05:55:15.955005
137,2026-01-17 05:55:15.955005,0,3,12.671200170090119,0,True,Malaysia,False,2026-03-02 05:55:15.955005
195,2026-02-08 05:55:15.955005,2,6,29.043463675170212,0,False,Singapore,False,2026-03-02 05:55:15.955005
409,2026-01-12 05:55:15.955005,2,7,18.728591845782727,2,False,Malaysia,False,2026-03-02 05:55:15.955005
226,2026-02-03 05:55:15.955005,4,7,22.128391137364854,4,True,Singapore,False,2026-03-02 05:55:15.955005
332,2026-01-19 05:55:15.955005,18,18,11.004502525180472,1,False,Singapore,False,2026-03-02 05:55:15.955005
170,2026-01-15 05:55:15.955005,28,14,20.428526249089323,2,True,Malaysia,False,2026-03-02 05:55:15.955005
9,2026-01-05 05:55:15.955005,24,15,8.47613220275965,1,True,Malaysia,True,2026-03-02 05:55:15.955005
463,2026-02-05 05:55:15.955005,0,8,8.10781060833045,4,False,Singapore,False,2026-03-02 05:55:15.955005
40,2026-02-06 05:55:15.955005,3,11,21.726943852473365,1,False,Malaysia,False,2026-03-02 05:55:15.955005
25,2026-01-08 05:55:15.955005,28,15,16.120447351625117,0,False,Singapore,True,2026-03-02 05:55:15.955005
261,2026-02-02 05:55:15.955005,28,3,20.815021702249304,4,True,Malaysia,False,2026-03-02 05:55:15.955005
395,2026-02-12 05:55:15.955005,25,4,8.81371623169466,2,True,Malaysia,False,2026-03-02 05:55:15.955005
443,2026-01-29 05:55:15.955005,25,7,18.362976890645182,2,True,Malaysia,False,2026-03-02 05:55:15.955005
226,2026-01-26 05:55:15.955005,3,0,13.874075841390264,3,False,Indonesia,True,2026-03-02 05:55:15.955005
472,2026-02-17 05:55:15.955005,16,5,18.311848318520312,2,False,Malaysia,False,2026-03-02 05:55:15.955005
124,2026-02-17 05:55:15.955005,13,14,9.435512235082362,3,True,Indonesia,False,2026-03-02 05:55:15.955005
463,2026-01-27 05:55:15.955005,17,3,21.74807794582459,0,False,Singapore,False,2026-03-02 05:55:15.955005
38,2026-02-01 05:55:15.955005,26,10,24.3719516186245,2,False,Singapore,False,2026-03-02 05:55:15.955005
328,2026-02-03 05:55:15.955005,0,4,8.537577741873985,4,True,Malaysia,False,2026-03-02 05:55:15.955005
251,2026-02-14 05:55:15.955005,21,17,9.71799623581362,3,False,Indonesia,True,2026-03-02 05:55:15.955005
389,2026-02-28 05:55:15.955005,15,14,20.173473821853698,2,False,Singapore,True,2026-03-02 05:55:15.955005
176,2026-02-15 05:55:15.955005,2,17,21.17197005480278,0,True,Indonesia,False,2026-03-02 05:55:15.955005
90,2026-01-16 05:55:15.955005,22,19,21.41889084752605,4,True,Indonesia,False,2026-03-02 05:55:15.955005
402,2026-02-01 05:55:15.955005,20,12,20.798256638499268,4,True,Singapore,True,2026-03-02 05:55:15.955005
454,2026-01-10 05:55:15.955005,8,4,12.391423791623625,0,False,Indonesia,False,2026-03-02 05:55:15.955005
37,2026-02-02 05:55:15.955005,22,0,12.450756557706672,2,True,Indonesia,True,2026-03-02 05:55:15.955005
316,2026-01-17 05:55:15.955005,3,17,8.389711085687061,1,False,Singapore,False,2026-03-02 05:55:15.955005
176,2026-02-16 05:55:15.955005,20,13,5.548177296994527,2,True,Malaysia,True,2026-03-02 05:55:15.955005
461,2026-01-16 05:55:15.955005,4,4,21.084744002510263,3,True,Malaysia,False,2026-03-02 05:55:15.955005
284,2026-01-06 05:55:15.955005,10,5,3.702474793197072,3,True,Indonesia,False,2026-03-02 05:55:15.955005
453,2026-02-06 05:55:15.955005,20,15,28.195976316816665,2,False,Malaysia,True,2026-03-02 05:55:15.955005
461,2026-01-11 05:55:15.955005,25,11,24.97390280647209,3,True,Singapore,False,2026-03-02 05:55:15.955005
81,2026-01-24 05:55:15.955005,8,19,25.867666458760425,1,True,Singapore,False,2026-03-02 05:55:15.955005
114,2026-01-20 05:55:15.955005,25,17,27.293395623840517,1,False,Singapore,False,2026-03-02 05:55:15.955005
40,2026-01-03 05:55:15.955005,2,1,12.849544150973962,4,False,Indonesia,False,2026-03-02 05:55:15.955005
301,2026-01-15 05:55:15.955005,5,12,25.55432097716163,3,True,Singapore,False,2026-03-02 05:55:15.955005
224,2026-01-09 05:55:15.955005,23,16,5.583777708457831,2,True,Indonesia,False,2026-03-02 05:55:15.955005
318,2026-01-08 05:55:15.955005,10,16,1.6276120436388346,4,True,Indonesia,False,2026-03-02 05:55:15.955005
349,2026-01-10 05:55:15.955005,8,15,23.761850445251653,1,False,Singapore,False,2026-03-02 05:55:15.955005
115,2026-01-04 05:55:15.955005,28,17,3.16910279191124,4,False,Singapore,True,2026-03-02 05:55:15.955005
186,2026-01-24 05:55:15.955005,14,7,29.667215352451727,0,True,Indonesia,False,2026-03-02 05:55:15.955005
323,2026-02-08 05:55:15.955005,22,2,20.569096458445124,3,True,Singapore,True,2026-03-02 05:55:15.955005
56,2026-02-06 05:55:15.955005,27,16,22.85004159702106,2,True,Malaysia,True,2026-03-02 05:55:15.955005
40,2026-01-20 05:55:15.955005,2,17,8.128311832058113,1,True,Indonesia,False,2026-03-02 05:55:15.955005
354,2026-02-24 05:55:15.955005,0,5,20.542096423670955,4,False,Indonesia,False,2026-03-02 05:55:15.955005
40,2026-02-09 05:55:15.955005,19,7,2.253378180393759,2,False,Singapore,False,2026-03-02 05:55:15.955005
347,2026-02-14 05:55:15.955005,28,12,25.296945877784427,3,False,Singapore,True,2026-03-02 05:55:15.955005
461,2026-02-13 05:55:15.955005,21,7,5.919098697915601,2,True,Indonesia,False,2026-03-02 05:55:15.955005
237,2026-01-13 05:55:15.955005,18,18,21.223383938179346,3,True,Indonesia,False,2026-03-02 05:55:15.955005
289,2026-01-21 05:55:15.955005,13,5,7.509934535749122,3,False,Indonesia,True,2026-03-02 05:55:15.955005
262,2026-02-21 05:55:15.955005,16,14,2.9851419133552395,3,True,Singapore,False,2026-03-02 05:55:15.955005
216,2026-02-21 05:55:15.955005,21,9,14.963316677932434,4,False,Indonesia,False,2026-03-02 05:55:15.955005
147,2026-01-05 05:55:15.955005,13,16,5.909300097910894,3,True,Malaysia,False,2026-03-02 05:55:15.955005
336,2026-02-24 05:55:15.955005,16,0,22.153875661469943,2,True,Malaysia,True,2026-03-02 05:55:15.955005
168,2026-01-14 05:55:15.955005,24,6,7.889409458121061,0,True,Singapore,False,2026-03-02 05:55:15.955005
92,2026-01-12 05:55:15.955005,26,12,10.931704130839037,2,False,Indonesia,False,2026-03-02 05:55:15.955005
353,2026-01-24 05:55:15.955005,13,2,17.455738286669714,4,True,Indonesia,True,2026-03-02 05:55:15.955005
59,2026-02-04 05:55:15.955005,11,18,9.264080049742036,3,True,Malaysia,False,2026-03-02 05:55:15.955005
59,2026-01-10 05:55:15.955005,15,14,11.961655370088888,0,False,Indonesia,False,2026-03-02 05:55:15.955005
304,2026-01-29 05:55:15.955005,0,4,24.653031360171212,4,True,Singapore,False,2026-03-02 05:55:15.955005
169,2026-03-02 05:55:15.955005,12,10,6.197085637269746,1,True,Singapore,False,2026-03-02 05:55:15.955005
269,2026-01-18 05:55:15.955005,5,17,3.383846094976077,1,False,Singapore,False,2026-03-02 05:55:15.955005
363,2026-01-09 05:55:15.955005,16,2,10.52237576885756,1,True,Indonesia,True,2026-03-02 05:55:15.955005
45,2026-01-02 05:55:15.955005,11,5,13.306926243402467,0,False,Indonesia,False,2026-03-02 05:55:15.955005
345,2026-01-28 05:55:15.955005,22,2,16.737119181960463,2,True,Malaysia,False,2026-03-02 05:55:15.955005
181,2026-02-27 05:55:15.955005,18,4,11.800287189075204,0,True,Malaysia,False,2026-03-02 05:55:15.955005
170,2026-02-14 05:55:15.955005,5,8,23.90743930646135,0,False,Singapore,False,2026-03-02 05:55:15.955005
356,2026-02-27 05:55:15.955005,6,18,2.140265142385725,0,True,Indonesia,False,2026-03-02 05:55:15.955005
191,2026-01-19 05:55:15.955005,0,12,13.521258607758181,1,False,Indonesia,False,2026-03-02 05:55:15.955005
155,2026-01-08 05:55:15.955005,0,5,12.085421525035734,2,True,Singapore,False,2026-03-02 05:55:15.955005
422,2026-02-05 05:55:15.955005,28,10,19.779776233398913,0,False,Singapore,False,2026-03-02 05:55:15.955005
188,2026-02-27 05:55:15.955005,4,13,29.022011305024485,2,True,Malaysia,False,2026-03-02 05:55:15.955005
7,2026-03-02 05:55:15.955005,5,5,15.800886792237003,3,True,Malaysia,False,2026-03-02 05:55:15.955005
133,2026-02-24 05:55:15.955005,15,5,29.619428561309896,0,True,Singapore,False,2026-03-02 05:55:15.955005
235,2026-02-01 05:55:15.955005,24,16,9.765232452482726,0,True,Indonesia,False,2026-03-02 05:55:15.955005
45,2026-01-12 05:55:15.955005,15,10,1.8951758437313693,0,True,Malaysia,False,2026-03-02 05:55:15.955005
314,2026-02-22 05:55:15.955005,13,14,5.80423185681597,3,False,Singapore,False,2026-03-02 05:55:15.955005
249,2026-01-27 05:55:15.955005,0,8,12.458621658462452,3,True,Indonesia,False,2026-03-02 05:55:15.955005
499,2026-02-23 05:55:15.955005,12,16,10.173683366468014,1,False,Singapore,False,2026-03-02 05:55:15.955005
31,2026-02-07 05:55:15.955005,19,6,3.8145697985179527,4,False,Indonesia,False,2026-03-02 05:55:15.955005
23,2026-02-12 05:55:15.955005,9,6,13.547143123030787,2,True,Malaysia,False,2026-03-02 05:55:15.955005
426,2026-01-26 05:55:15.955005,23,0,10.80535737812732,4,True,Indonesia,True,2026-03-02 05:55:15.955005
394,2026-01-12 05:55:15.955005,9,7,4.5559573932657145,0,True,Indonesia,False,2026-03-02 05:55:15.955005
160,2026-01-10 05:55:15.955005,8,4,9.587396787745359,0,False,Singapore,False,2026-03-02 05:55:15.955005
363,2026-01-03 05:55:15.955005,12,18,26.706645605306324,1,True,Indonesia,False,2026-03-02 05:55:15.955005
437,2026-01-19 05:55:15.955005,2,7,9.759417099190864,4,True,Malaysia,False,2026-03-02 05:55:15.955005
158,2026-02-04 05:55:15.955005,26,16,21.704707274019498,0,True,Singapore,True,2026-03-02 05:55:15.955005
39,2026-01-30 05:55:15.955005,17,18,18.749365310074914,4,True,Singapore,True,2026-03-02 05:55:15.955005
415,2026-02-17 05:55:15.955005,19,11,13.388253709842783,1,True,Singapore,False,2026-03-02 05:55:15.955005
82,2026-01-05 05:55:15.955005,1,14,7.931743467306406,4,True,Singapore,False,2026-03-02 05:55:15.955005
356,2026-02-13 05:55:15.955005,16,3,11.701426281032418,2,False,Singapore,False,2026-03-02 05:55:15.955005
258,2026-02-03 05:55:15.955005,27,11,18.17110919066024,1,True,Singapore,False,2026-03-02 05:55:15.955005
206,2026-01-02 05:55:15.955005,18,12,11.171843227731294,4,False,Singapore,True,2026-03-02 05:55:15.955005
77,2026-02-02 05:55:15.955005,22,13,7.231996573652723,0,False,Malaysia,False,2026-03-02 05:55:15.955005
477,2026-02-15 05:55:15.955005,12,4,4.377419717857331,3,True,Malaysia,True,2026-03-02 05:55:15.955005
12,2026-01-27 05:55:15.955005,12,15,26.513241199377394,3,True,Singapore,False,2026-03-02 05:55:15.955005
295,2026-01-15 05:55:15.955005,0,6,13.769076296805263,1,False,Indonesia,False,2026-03-02 05:55:15.955005
450,2026-01-03 05:55:15.955005,1,14,19.13104133054497,3,True,Singapore,True,2026-03-02 05:55:15.955005
224,2026-01-03 05:55:15.955005,0,12,15.221900472967352,2,True,Singapore,False,2026-03-02 05:55:15.955005
13,2026-01-31 05:55:15.955005,23,15,26.304429032380938,1,True,Singapore,True,2026-03-02 05:55:15.955005
46,2026-02-27 05:55:15.955005,4,11,16.861110720998113,0,True,Indonesia,False,2026-03-02 05:55:15.955005
155,2026-01-25 05:55:15.955005,23,6,14.942661120524287,0,False,Malaysia,True,2026-03-02 05:55:15.955005
113,2026-02-14 05:55:15.955005,2,15,27.813428722229666,1,False,Indonesia,False,2026-03-02 05:55:15.955005
233,2026-01-23 05:55:15.955005,28,12,21.87099828531528,3,False,Indonesia,False,2026-03-02 05:55:15.955005
17,2026-01-14 05:55:15.955005,27,2,4.234947313058862,3,True,Indonesia,True,2026-03-02 05:55:15.955005
360,2026-01-16 05:55:15.955005,6,14,6.153429374707607,0,False,Indonesia,False,2026-03-02 05:55:15.955005
223,2026-02-05 05:55:15.955005,23,2,23.826563025243814,2,False,Singapore,False,2026-03-02 05:55:15.955005
354,2026-01-14 05:55:15.955005,21,6,25.239688314218675,3,False,Malaysia,False,2026-03-02 05:55:15.955005
188,2026-01-23 05:55:15.955005,12,17,16.810534043618595,2,True,Indonesia,False,2026-03-02 05:55:15.955005
448,2026-01-21 05:55:15.955005,28,13,17.07920160813254,3,True,Malaysia,False,2026-03-02 05:55:15.955005
344,2026-02-27 05:55:15.955005,22,17,19.32605592269189,1,True,Singapore,False,2026-03-02 05:55:15.955005
365,2026-02-01 05:55:15.955005,29,18,13.734357454196545,4,True,Singapore,False,2026-03-02 05:55:15.955005
163,2026-02-01 05:55:15.955005,27,13,20.725774581033214,0,True,Malaysia,False,2026-03-02 05:55:15.955005
496,2026-02-09 05:55:15.955005,17,19,4.145956469426055,1,False,Singapore,False,2026-03-02 05:55:15.955005
326,2026-02-20 05:55:15.955005,23,5,28.877098028654206,3,False,Malaysia,False,2026-03-02 05:55:15.955005
467,2026-03-01 05:55:15.955005,20,7,22.754489890052728,0,True,Indonesia,True,2026-03-02 05:55:15.955005
414,2026-01-18 05:55:15.955005,6,6,19.3040519162612,4,True,Singapore,False,2026-03-02 05:55:15.955005
455,2026-02-19 05:55:15.955005,0,19,10.17333965327494,4,False,Singapore,False,2026-03-02 05:55:15.955005
74,2026-02-01 05:55:15.955005,4,17,5.667709136245145,3,False,Malaysia,False,2026-03-02 05:55:15.955005
233,2026-01-26 05:55:15.955005,16,17,12.870945951039394,0,True,Singapore,False,2026-03-02 05:55:15.955005
224,2026-02-13 05:55:15.955005,27,14,20.185725476647697,3,True,Indonesia,True,2026-03-02 05:55:15.955005
482,2026-02-05 05:55:15.955005,28,19,19.377582559270216,4,True,Singapore,True,2026-03-02 05:55:15.955005
319,2026-01-09 05:55:15.955005,7,18,12.096593496901573,1,False,Singapore,False,2026-03-02 05:55:15.955005
412,2026-02-24 05:55:15.955005,14,1,18.785305421160764,1,False,Singapore,True,2026-03-02 05:55:15.955005
60,2026-03-02 05:55:15.955005,19,7,24.59870057145888,2,True,Malaysia,False,2026-03-02 05:55:15.955005
335,2026-01-04 05:55:15.955005,3,10,1.762258397790605,4,True,Indonesia,False,2026-03-02 05:55:15.955005
222,2026-02-05 05:55:15.955005,1,17,14.068010389977996,4,False,Indonesia,False,2026-03-02 05:55:15.955005
37,2026-02-08 05:55:15.955005,4,12,22.99810162553694,3,False,Singapore,False,2026-03-02 05:55:15.955005
477,2026-02-05 05:55:15.955005,0,8,16.83818964343794,2,False,Singapore,False,2026-03-02 05:55:15.955005
278,2026-01-17 05:55:15.955005,24,8,19.892806549943028,2,True,Malaysia,False,2026-03-02 05:55:15.955005
196,2026-02-25 05:55:15.955005,4,16,15.98361538555492,0,True,Indonesia,False,2026-03-02 05:55:15.955005
404,2026-02-25 05:55:15.955005,5,6,29.764361795787018,3,True,Singapore,False,2026-03-02 05:55:15.955005
352,2026-01-18 05:55:15.955005,1,8,2.5840245581821084,1,True,Indonesia,False,2026-03-02 05:55:15.955005
484,2026-02-23 05:55:15.955005,25,0,15.240299831398941,0,False,Singapore,True,2026-03-02 05:55:15.955005
242,2026-02-07 05:55:15.955005,25,1,3.651079924321013,2,False,Singapore,True,2026-03-02 05:55:15.955005
324,2026-02-09 05:55:15.955005,0,3,5.633781301293542,1,True,Malaysia,False,2026-03-02 05:55:15.955005
219,2026-02-12 05:55:15.955005,3,13,12.108112162129594,4,True,Indonesia,False,2026-03-02 05:55:15.955005
192,2026-01-25 05:55:15.955005,6,3,5.510662653514132,3,True,Indonesia,False,2026-03-02 05:55:15.955005
17,2026-02-13 05:55:15.955005,21,1,28.94692781274288,2,True,Singapore,False,2026-03-02 05:55:15.955005
12,2026-01-31 05:55:15.955005,25,7,28.456903525029613,4,True,Singapore,True,2026-03-02 05:55:15.955005
406,2026-01-25 05:55:15.955005,0,17,10.74717974039751,2,True,Malaysia,False,2026-03-02 05:55:15.955005
401,2026-02-01 05:55:15.955005,0,18,19.552683649092707,1,True,Singapore,False,2026-03-02 05:55:15.955005
394,2026-01-05 05:55:15.955005,7,13,16.478846297219796,0,True,Indonesia,False,2026-03-02 05:55:15.955005
374,2026-01-20 05:55:15.955005,19,19,24.65202243495729,1,True,Malaysia,True,2026-03-02 05:55:15.955005
193,2026-01-29 05:55:15.955005,15,9,19.195922684691325,3,True,Indonesia,False,2026-03-02 05:55:15.955005
22,2026-02-21 05:55:15.955005,20,16,1.0073211802263011,3,False,Malaysia,False,2026-03-02 05:55:15.955005
474,2026-01-25 05:55:15.955005,12,7,23.132057182682427,2,False,Indonesia,False,2026-03-02 05:55:15.955005
120,2026-02-19 05:55:15.955005,22,13,22.658595517587425,1,False,Singapore,False,2026-03-02 05:55:15.955005
210,2026-01-08 05:55:15.955005,23,7,15.78195846142795,0,False,Indonesia,False,2026-03-02 05:55:15.955005
306,2026-02-01 05:55:15.955005,25,4,27.18465022375856,3,True,Indonesia,True,2026-03-02 05:55:15.955005
270,2026-02-04 05:55:15.955005,22,15,27.344939965021645,0,False,Malaysia,False,2026-03-02 05:55:15.955005
192,2026-01-23 05:55:15.955005,17,7,16.193438624427518,4,False,Indonesia,True,2026-03-02 05:55:15.955005
175,2026-02-22 05:55:15.955005,29,9,18.631658704699593,2,False,Singapore,True,2026-03-02 05:55:15.955005
285,2026-01-08 05:55:15.955005,19,7,29.8991400858155,0,False,Malaysia,True,2026-03-02 05:55:15.955005
204,2026-02-10 05:55:15.955005,9,8,9.665786809531108,2,False,Malaysia,False,2026-03-02 05:55:15.955005
164,2026-02-19 05:55:15.955005,11,17,10.413900027032843,4,True,Indonesia,False,2026-03-02 05:55:15.955005
251,2026-01-07 05:55:15.955005,0,2,6.3004431772413945,0,False,Malaysia,False,2026-03-02 05:55:15.955005
227,2026-02-02 05:55:15.955005,9,16,26.98014123557817,0,False,Singapore,False,2026-03-02 05:55:15.955005
436,2026-01-29 05:55:15.955005,8,19,22.590163308528723,4,True,Indonesia,True,2026-03-02 05:55:15.955005
381,2026-01-19 05:55:15.955005,2,14,4.063642617237015,1,False,Singapore,False,2026-03-02 05:55:15.955005
460,2026-01-09 05:55:15.955005,27,16,29.471253184741006,0,True,Indonesia,True,2026-03-02 05:55:15.955005
7,2026-02-16 05:55:15.955005,18,7,22.197889536672367,0,False,Indonesia,True,2026-03-02 05:55:15.955005
29,2026-03-01 05:55:15.955005,25,1,25.66514117854426,3,True,Malaysia,False,2026-03-02 05:55:15.955005
395,2026-01-10 05:55:15.955005,8,16,2.396372886022827,1,True,Malaysia,False,2026-03-02 05:55:15.955005
33,2026-01-23 05:55:15.955005,9,17,15.643866649322861,0,True,Malaysia,False,2026-03-02 05:55:15.955005
134,2026-01-09 05:55:15.955005,18,4,21.259350315084138,4,False,Indonesia,True,2026-03-02 05:55:15.955005
367,2026-01-18 05:55:15.955005,15,8,16.745450952583397,2,False,Malaysia,False,2026-03-02 05:55:15.955005
79,2026-01-08 05:55:15.955005,23,8,20.332776505279046,4,True,Singapore,False,2026-03-02 05:55:15.955005
416,2026-02-13 05:55:15.955005,17,1,24.718347844123702,1,True,Malaysia,False,2026-03-02 05:55:15.955005
435,2026-02-28 05:55:15.955005,13,1,11.855774825845689,3,True,Singapore,True,2026-03-02 05:55:15.955005
459,2026-02-24 05:55:15.955005,28,18,25.61139159294258,3,True,Malaysia,True,2026-03-02 05:55:15.955005
58,2026-01-19 05:55:15.955005,2,2,5.724567038193431,3,True,Indonesia,False,2026-03-02 05:55:15.955005
471,2026-02-13 05:55:15.955005,1,16,8.855695595764868,4,True,Malaysia,False,2026-03-02 05:55:15.955005
26,2026-01-18 05:55:15.955005,0,13,2.2570229778924475,2,True,Singapore,False,2026-03-02 05:55:15.955005
482,2026-01-24 05:55:15.955005,17,13,11.568377528722282,2,True,Singapore,True,2026-03-02 05:55:15.955005
430,2026-01-25 05:55:15.955005,23,13,12.01737679989949,0,True,Malaysia,True,2026-03-02 05:55:15.955005
226,2026-01-04 05:55:15.955005,8,5,24.352847319010277,2,True,Singapore,False,2026-03-02 05:55:15.955005
285,2026-01-29 05:55:15.955005,12,2,19.940789438400024,2,False,Indonesia,False,2026-03-02 05:55:15.955005
4,2026-01-18 05:55:15.955005,1,0,13.664954186514333,0,True,Malaysia,False,2026-03-02 05:55:15.955005
465,2026-01-03 05:55:15.955005,6,15,19.9113053800887,4,False,Singapore,False,2026-03-02 05:55:15.955005
99,2026-01-31 05:55:15.955005,15,3,2.5307171649550435,4,True,Malaysia,False,2026-03-02 05:55:15.955005
397,2026-01-04 05:55:15.955005,20,0,6.227874544532907,1,False,Malaysia,True,2026-03-02 05:55:15.955005
489,2026-02-20 05:55:15.955005,18,16,19.181487802010896,4,True,Malaysia,True,2026-03-02 05:55:15.955005
39,2026-02-27 05:55:15.955005,24,17,19.599637757533767,3,False,Malaysia,True,2026-03-02 05:55:15.955005
271,2026-01-03 05:55:15.955005,14,7,23.449905102515388,3,True,Malaysia,False,2026-03-02 05:55:15.955005
375,2026-02-13 05:55:15.955005,21,1,12.686993012554463,1,True,Indonesia,True,2026-03-02 05:55:15.955005
285,2026-02-27 05:55:15.955005,10,17,21.95406880186853,2,True,Malaysia,False,2026-03-02 05:55:15.955005
157,2026-01-13 05:55:15.955005,0,15,20.835429644245494,1,False,Indonesia,False,2026-03-02 05:55:15.955005
75,2026-01-28 05:55:15.955005,20,9,28.938407972725624,0,True,Malaysia,False,2026-03-02 05:55:15.955005
372,2026-02-02 05:55:15.955005,6,7,7.238776566315695,1,True,Singapore,False,2026-03-02 05:55:15.955005
288,2026-02-07 05:55:15.955005,19,11,16.998707348826546,1,True,Malaysia,True,2026-03-02 05:55:15.955005
130,2026-02-09 05:55:15.955005,7,15,18.45116882120361,3,False,Malaysia,False,2026-03-02 05:55:15.955005
175,2026-03-01 05:55:15.955005,9,11,29.9607886630924,0,False,Singapore,False,2026-03-02 05:55:15.955005
462,2026-01-18 05:55:15.955005,4,10,6.8343401228328995,0,True,Indonesia,False,2026-03-02 05:55:15.955005
84,2026-02-25 05:55:15.955005,8,19,16.173322579051472,1,True,Indonesia,False,2026-03-02 05:55:15.955005
22,2026-01-20 05:55:15.955005,24,18,11.039373923695527,0,False,Indonesia,False,2026-03-02 05:55:15.955005
459,2026-02-06 05:55:15.955005,24,0,16.250896088790995,0,False,Indonesia,False,2026-03-02 05:55:15.955005
27,2026-01-07 05:55:15.955005,0,2,7.731729460990072,4,True,Singapore,False,2026-03-02 05:55:15.955005
195,2026-01-05 05:55:15.955005,1,11,2.380758974397155,0,True,Indonesia,False,2026-03-02 05:55:15.955005
337,2026-02-10 05:55:15.955005,18,8,17.60439816303298,2,True,Indonesia,False,2026-03-02 05:55:15.955005
382,2026-01-07 05:55:15.955005,13,4,10.739775159964132,0,False,Indonesia,False,2026-03-02 05:55:15.955005
236,2026-01-03 05:55:15.955005,19,0,6.2763006507045755,3,False,Indonesia,True,2026-03-02 05:55:15.955005
440,2026-02-15 05:55:15.955005,9,9,10.39413141626298,4,True,Indonesia,False,2026-03-02 05:55:15.955005
92,2026-01-31 05:55:15.955005,8,16,2.429125841984603,3,False,Malaysia,False,2026-03-02 05:55:15.955005
477,2026-02-17 05:55:15.955005,9,3,28.562824788612996,3,False,Malaysia,False,2026-03-02 05:55:15.955005
21,2026-01-23 05:55:15.955005,28,14,17.853289534224555,2,True,Indonesia,True,2026-03-02 05:55:15.955005
303,2026-02-03 05:55:15.955005,5,18,24.62829175906372,4,True,Singapore,False,2026-03-02 05:55:15.955005
464,2026-01-30 05:55:15.955005,16,7,13.270427728884181,1,True,Singapore,False,2026-03-02 05:55:15.955005
357,2026-02-03 05:55:15.955005,27,14,27.196125359419387,0,False,Malaysia,True,2026-03-02 05:55:15.955005
443,2026-01-11 05:55:15.955005,24,6,15.016228425015347,2,False,Singapore,False,2026-03-02 05:55:15.955005
84,2026-01-07 05:55:15.955005,5,14,17.644414343819413,2,True,Malaysia,False,2026-03-02 05:55:15.955005
262,2026-01-13 05:55:15.955005,3,7,15.262025421817048,1,False,Indonesia,False,2026-03-02 05:55:15.955005
147,2026-02-22 05:55:15.955005,29,9,22.265070580161897,2,False,Indonesia,True,2026-03-02 05:55:15.955005
441,2026-01-04 05:55:15.955005,19,17,17.433026250459807,1,False,Singapore,True,2026-03-02 05:55:15.955005
453,2026-01-17 05:55:15.955005,2,3,8.876368783831534,1,False,Singapore,False,2026-03-02 05:55:15.955005
387,2026-02-09 05:55:15.955005,22,14,5.2206464083567425,1,True,Singapore,True,2026-03-02 05:55:15.955005
257,2026-01-30 05:55:15.955005,18,10,18.577607277606354,2,False,Indonesia,False,2026-03-02 05:55:15.955005
58,2026-02-26 05:55:15.955005,17,2,15.18621888486405,1,True,Indonesia,True,2026-03-02 05:55:15.955005
380,2026-02-08 05:55:15.955005,25,14,3.7832952041872754,2,False,Singapore,False,2026-03-02 05:55:15.955005
422,2026-02-26 05:55:15.955005,23,2,12.472906508004783,4,True,Singapore,True,2026-03-02 05:55:15.955005
15,2026-01-20 05:55:15.955005,3,14,15.928516238013154,1,False,Singapore,False,2026-03-02 05:55:15.955005
162,2026-01-09 05:55:15.955005,7,5,24.97990378094211,2,True,Singapore,False,2026-03-02 05:55:15.955005
445,2026-01-30 05:55:15.955005,16,0,3.206930619167508,2,True,Malaysia,False,2026-03-02 05:55:15.955005
163,2026-01-03 05:55:15.955005,4,13,11.106365099134084,2,False,Singapore,False,2026-03-02 05:55:15.955005
320,2026-02-21 05:55:15.955005,12,15,24.857027558601175,0,False,Singapore,False,2026-03-02 05:55:15.955005
497,2026-01-03 05:55:15.955005,24,0,19.804294021375785,0,True,Malaysia,True,2026-03-02 05:55:15.955005
281,2026-01-23 05:55:15.955005,0,16,9.408791332309816,1,False,Malaysia,False,2026-03-02 05:55:15.955005
280,2026-01-04 05:55:15.955005,26,7,25.51471853865663,4,True,Malaysia,True,2026-03-02 05:55:15.955005
12,2026-02-16 05:55:15.955005,12,17,15.305513836318077,1,True,Malaysia,False,2026-03-02 05:55:15.955005
274,2026-02-24 05:55:15.955005,3,15,15.452204848003355,3,True,Singapore,True,2026-03-02 05:55:15.955005
271,2026-02-02 05:55:15.955005,21,5,29.321032836811145,3,True,Indonesia,True,2026-03-02 05:55:15.955005
492,2026-01-03 05:55:15.955005,25,9,28.466378593854973,4,False,Indonesia,True,2026-03-02 05:55:15.955005
208,2026-01-15 05:55:15.955005,23,9,11.397447817725473,4,False,Indonesia,False,2026-03-02 05:55:15.955005
27,2026-02-28 05:55:15.955005,13,4,5.076794731229387,4,False,Indonesia,True,2026-03-02 05:55:15.955005
72,2026-02-12 05:55:15.955005,2,11,10.444335236064727,0,False,Indonesia,False,2026-03-02 05:55:15.955005
60,2026-02-21 05:55:15.955005,4,19,1.8840145490302531,0,False,Indonesia,False,2026-03-02 05:55:15.955005
430,2026-02-03 05:55:15.955005,6,16,1.6022687146013448,3,True,Malaysia,True,2026-03-02 05:55:15.955005
473,2026-02-02 05:55:15.955005,0,13,12.470141951291156,4,False,Malaysia,False,2026-03-02 05:55:15.955005
145,2026-02-16 05:55:15.955005,22,13,28.28957485821979,2,False,Indonesia,True,2026-03-02 05:55:15.955005
93,2026-01-27 05:55:15.955005,28,2,26.269362895734027,3,False,Singapore,True,2026-03-02 05:55:15.955005
309,2026-02-25 05:55:15.955005,11,11,15.831842183611068,4,True,Singapore,False,2026-03-02 05:55:15.955005
8,2026-02-19 05:55:15.955005,10,19,17.39156505395409,2,False,Indonesia,False,2026-03-02 05:55:15.955005
79,2026-01-15 05:55:15.955005,23,17,1.1720714056356378,4,False,Singapore,True,2026-03-02 05:55:15.955005
27,2026-01-24 05:55:15.955005,7,11,7.2495335191792,1,False,Malaysia,False,2026-03-02 05:55:15.955005
174,2026-02-18 05:55:15.955005,24,1,1.7184496810971286,2,False,Malaysia,False,2026-03-02 05:55:15.955005
50,2026-02-02 05:55:15.955005,5,1,22.88164644816624,1,False,Singapore,False,2026-03-02 05:55:15.955005
500,2026-02-12 05:55:15.955005,27,16,5.223728084768434,0,True,Indonesia,False,2026-03-02 05:55:15.955005
199,2026-02-28 05:55:15.955005,21,9,26.202365971827692,3,False,Malaysia,True,2026-03-02 05:55:15.955005
387,2026-02-23 05:55:15.955005,1,17,19.656405096597858,4,False,Singapore,False,2026-03-02 05:55:15.955005
349,2026-02-23 05:55:15.955005,18,18,7.653141618955687,3,False,Singapore,False,2026-03-02 05:55:15.955005
448,2026-01-07 05:55:15.955005,19,0,5.573889195414242,4,True,Malaysia,True,2026-03-02 05:55:15.955005
428,2026-01-04 05:55:15.955005,19,3,19.201116326768542,1,False,Malaysia,False,2026-03-02 05:55:15.955005
181,2026-02-11 05:55:15.955005,23,3,27.124272428187382,2,False,Indonesia,False,2026-03-02 05:55:15.955005
24,2026-01-15 05:55:15.955005,13,1,21.832446348517067,2,True,Singapore,False,2026-03-02 05:55:15.955005
316,2026-02-27 05:55:15.955005,0,18,11.10785289649795,4,False,Indonesia,False,2026-03-02 05:55:15.955005
378,2026-01-11 05:55:15.955005,9,11,18.034124262790765,1,True,Malaysia,False,2026-03-02 05:55:15.955005
387,2026-02-10 05:55:15.955005,15,9,10.01208916580022,4,False,Singapore,True,2026-03-02 05:55:15.955005
404,2026-02-28 05:55:15.955005,29,12,29.975337436581107,4,True,Malaysia,True,2026-03-02 05:55:15.955005
46,2026-01-17 05:55:15.955005,3,19,22.716336465393685,4,True,Malaysia,False,2026-03-02 05:55:15.955005
15,2026-02-23 05:55:15.955005,26,14,18.817067552945854,2,True,Malaysia,False,2026-03-02 05:55:15.955005
153,2026-02-08 05:55:15.955005,27,2,13.274515140209047,4,True,Indonesia,True,2026-03-02 05:55:15.955005
222,2026-02-15 05:55:15.955005,28,19,18.92641641752716,2,False,Malaysia,True,2026-03-02 05:55:15.955005
206,2026-02-18 05:55:15.955005,10,12,10.90686581155271,0,True,Indonesia,False,2026-03-02 05:55:15.955005
455,2026-02-28 05:55:15.955005,15,7,1.8370803442828918,1,True,Malaysia,True,2026-03-02 05:55:15.955005
273,2026-01-14 05:55:15.955005,26,6,12.457567148342353,0,False,Malaysia,False,2026-03-02 05:55:15.955005
382,2026-02-22 05:55:15.955005,19,7,27.983943767816143,4,False,Singapore,False,2026-03-02 05:55:15.955005
236,2026-01-02 05:55:15.955005,0,17,19.16273174844211,2,True,Malaysia,False,2026-03-02 05:55:15.955005
340,2026-02-17 05:55:15.955005,15,8,3.4347153890561466,1,True,Singapore,False,2026-03-02 05:55:15.955005
228,2026-02-18 05:55:15.955005,18,5,26.66481478845575,3,False,Singapore,False,2026-03-02 05:55:15.955005
9,2026-01-09 05:55:15.955005,20,3,8.79737063090393,1,True,Indonesia,False,2026-03-02 05:55:15.955005
166,2026-01-05 05:55:15.955005,21,14,8.069315299399095,1,False,Singapore,False,2026-03-02 05:55:15.955005
432,2026-02-24 05:55:15.955005,8,4,9.615638094629304,4,False,Singapore,False,2026-03-02 05:55:15.955005
444,2026-02-16 05:55:15.955005,8,4,17.738864847652767,0,True,Malaysia,False,2026-03-02 05:55:15.955005
319,2026-02-24 05:55:15.955005,8,6,16.795954709585324,0,False,Malaysia,False,2026-03-02 05:55:15.955005
214,2026-01-24 05:55:15.955005,26,8,15.25099888406357,3,False,Indonesia,True,2026-03-02 05:55:15.955005
117,2026-01-28 05:55:15.955005,16,6,21.808569041866182,4,True,Singapore,False,2026-03-02 05:55:15.955005
386,2026-01-21 05:55:15.955005,11,8,10.17959420871381,1,False,Singapore,False,2026-03-02 05:55:15.955005
344,2026-02-09 05:55:15.955005,24,19,23.679871125600503,0,False,Indonesia,True,2026-03-02 05:55:15.955005
72,2026-02-07 05:55:15.955005,12,9,6.084328672979375,0,True,Malaysia,False,2026-03-02 05:55:15.955005
395,2026-01-13 05:55:15.955005,7,3,23.69600288323327,2,False,Singapore,False,2026-03-02 05:55:15.955005
64,2026-01-25 05:55:15.955005,15,5,20.250493052258204,1,False,Indonesia,False,2026-03-02 05:55:15.955005
205,2026-01-18 05:55:15.955005,17,13,20.813040976880007,4,True,Malaysia,True,2026-03-02 05:55:15.955005
209,2026-03-02 05:55:15.955005,28,8,14.965048516690539,0,False,Indonesia,False,2026-03-02 05:55:15.955005
72,2026-02-21 05:55:15.955005,26,0,20.343044447745076,4,False,Indonesia,True,2026-03-02 05:55:15.955005
277,2026-01-19 05:55:15.955005,0,16,3.3141143502242647,1,False,Singapore,False,2026-03-02 05:55:15.955005
274,2026-02-15 05:55:15.955005,0,12,25.69498239443165,1,False,Malaysia,False,2026-03-02 05:55:15.955005
478,2026-01-16 05:55:15.955005,11,6,2.610869771141734,0,True,Singapore,False,2026-03-02 05:55:15.955005
320,2026-02-23 05:55:15.955005,5,8,5.313503786273427,3,False,Singapore,False,2026-03-02 05:55:15.955005
338,2026-01-06 05:55:15.955005,8,10,17.726901546419853,4,True,Malaysia,False,2026-03-02 05:55:15.955005
366,2026-01-13 05:55:15.955005,22,2,22.442932208244052,4,False,Malaysia,True,2026-03-02 05:55:15.955005
495,2026-02-06 05:55:15.955005,4,11,3.2112953660413504,2,True,Malaysia,False,2026-03-02 05:55:15.955005
95,2026-01-12 05:55:15.955005,26,2,27.702179609547276,1,False,Singapore,True,2026-03-02 05:55:15.955005
166,2026-02-19 05:55:15.955005,15,14,29.234621815220258,1,True,Malaysia,True,2026-03-02 05:55:15.955005
32,2026-02-06 05:55:15.955005,17,9,18.57255501722362,0,True,Malaysia,False,2026-03-02 05:55:15.955005
11,2026-02-14 05:55:15.955005,16,0,14.95606020592826,0,False,Malaysia,True,2026-03-02 05:55:15.955005
301,2026-01-02 05:55:15.955005,17,13,22.50045419611274,0,False,Indonesia,True,2026-03-02 05:55:15.955005
217,2026-02-05 05:55:15.955005,0,19,10.522363217488957,2,True,Malaysia,False,2026-03-02 05:55:15.955005
289,2026-01-16 05:55:15.955005,18,5,15.304668589048088,3,True,Singapore,False,2026-03-02 05:55:15.955005
102,2026-01-14 05:55:15.955005,21,1,27.568379777617636,0,True,Indonesia,True,2026-03-02 05:55:15.955005
425,2026-02-17 05:55:15.955005,28,7,28.714007332004474,0,True,Singapore,False,2026-03-02 05:55:15.955005
392,2026-01-21 05:55:15.955005,7,0,27.885004365484367,0,True,Indonesia,False,2026-03-02 05:55:15.955005
267,2026-01-26 05:55:15.955005,2,3,8.610993941951364,2,True,Malaysia,False,2026-03-02 05:55:15.955005
214,2026-01-05 05:55:15.955005,25,3,7.741602166286139,4,False,Indonesia,False,2026-03-02 05:55:15.955005
179,2026-02-08 05:55:15.955005,24,4,9.632270671950113,3,False,Singapore,False,2026-03-02 05:55:15.955005
88,2026-01-19 05:55:15.955005,25,19,13.798022259265347,4,True,Indonesia,True,2026-03-02 05:55:15.955005
41,2026-02-25 05:55:15.955005,4,8,10.110854970966944,1,True,Malaysia,False,2026-03-02 05:55:15.955005
401,2026-01-15 05:55:15.955005,22,12,11.85217107643268,1,False,Malaysia,False,2026-03-02 05:55:15.955005
76,2026-02-26 05:55:15.955005,7,17,18.998471611502026,0,True,Singapore,False,2026-03-02 05:55:15.955005
377,2026-01-19 05:55:15.955005,18,16,23.1132446357253,4,True,Indonesia,True,2026-03-02 05:55:15.955005
46,2026-02-06 05:55:15.955005,17,0,22.331187749769594,2,False,Singapore,False,2026-03-02 05:55:15.955005
160,2026-02-13 05:55:15.955005,17,14,24.618283445295408,3,False,Singapore,False,2026-03-02 05:55:15.955005
463,2026-02-18 05:55:15.955005,20,1,1.933347693246663,4,True,Singapore,False,2026-03-02 05:55:15.955005
80,2026-01-19 05:55:15.955005,0,15,2.3842799006839264,4,False,Malaysia,False,2026-03-02 05:55:15.955005
310,2026-02-17 05:55:15.955005,14,19,23.89210585997025,3,True,Indonesia,False,2026-03-02 05:55:15.955005
86,2026-02-03 05:55:15.955005,17,4,16.459285847414325,4,False,Malaysia,True,2026-03-02 05:55:15.955005
92,2026-02-13 05:55:15.955005,28,18,17.76607953910149,4,True,Malaysia,True,2026-03-02 05:55:15.955005
148,2026-01-03 05:55:15.955005,24,4,2.5250189462169352,3,True,Malaysia,True,2026-03-02 05:55:15.955005
161,2026-01-02 05:55:15.955005,6,1,8.404100233966856,2,True,Indonesia,False,2026-03-02 05:55:15.955005
202,2026-01-05 05:55:15.955005,15,6,19.512274841678853,3,True,Malaysia,False,2026-03-02 05:55:15.955005
424,2026-02-03 05:55:15.955005,15,2,25.916274813209608,0,False,Malaysia,False,2026-03-02 05:55:15.955005
416,2026-01-11 05:55:15.955005,14,16,27.592518518260675,0,False,Malaysia,False,2026-03-02 05:55:15.955005
242,2026-01-06 05:55:15.955005,5,2,15.51216537921737,0,False,Indonesia,True,2026-03-02 05:55:15.955005
353,2026-02-04 05:55:15.955005,8,12,16.81875274940773,0,True,Indonesia,False,2026-03-02 05:55:15.955005
2,2026-01-30 05:55:15.955005,6,6,25.158439301000737,1,False,Singapore,False,2026-03-02 05:55:15.955005
225,2026-01-15 05:55:15.955005,13,2,16.591113421673285,2,True,Malaysia,False,2026-03-02 05:55:15.955005
289,2026-02-22 05:55:15.955005,10,14,15.988897240582205,1,True,Malaysia,False,2026-03-02 05:55:15.955005
233,2026-01-22 05:55:15.955005,20,17,27.247437095067657,4,False,Indonesia,True,2026-03-02 05:55:15.955005
461,2026-01-30 05:55:15.955005,15,9,23.908048910620522,4,False,Indonesia,False,2026-03-02 05:55:15.955005
414,2026-02-11 05:55:15.955005,24,6,27.36310326447754,3,True,Malaysia,True,2026-03-02 05:55:15.955005
417,2026-02-03 05:55:15.955005,5,8,7.329164588653461,0,True,Singapore,False,2026-03-02 05:55:15.955005
77,2026-01-29 05:55:15.955005,21,4,16.206889113005346,3,False,Singapore,True,2026-03-02 05:55:15.955005
116,2026-02-27 05:55:15.955005,26,19,25.43169172920738,4,False,Malaysia,True,2026-03-02 05:55:15.955005
154,2026-01-16 05:55:15.955005,15,7,4.223286996546159,0,False,Singapore,False,2026-03-02 05:55:15.955005
406,2026-01-05 05:55:15.955005,19,13,24.045202474524892,2,False,Singapore,False,2026-03-02 05:55:15.955005
103,2026-01-28 05:55:15.955005,28,3,6.306228119031214,4,False,Malaysia,True,2026-03-02 05:55:15.955005
194,2026-01-14 05:55:15.955005,15,19,24.435443894574313,3,True,Singapore,True,2026-03-02 05:55:15.955005
166,2026-02-28 05:55:15.955005,11,13,18.748027189149177,3,True,Indonesia,False,2026-03-02 05:55:15.955005
359,2026-02-05 05:55:15.955005,16,11,6.603843753061147,4,True,Malaysia,True,2026-03-02 05:55:15.955005
90,2026-02-23 05:55:15.955005,4,1,14.727271200651233,1,False,Indonesia,False,2026-03-02 05:55:15.955005
174,2026-02-25 05:55:15.955005,26,12,20.775249827362376,2,True,Malaysia,False,2026-03-02 05:55:15.955005
122,2026-02-15 05:55:15.955005,24,0,19.381734125622728,4,False,Indonesia,True,2026-03-02 05:55:15.955005
498,2026-02-07 05:55:15.955005,12,19,13.390168690719428,4,False,Singapore,True,2026-03-02 05:55:15.955005
143,2026-01-14 05:55:15.955005,7,6,27.081629338706882,3,False,Indonesia,False,2026-03-02 05:55:15.955005
482,2026-01-23 05:55:15.955005,23,8,16.058639020147485,0,True,Indonesia,False,2026-03-02 05:55:15.955005
106,2026-02-01 05:55:15.955005,4,16,15.670151657331964,0,True,Indonesia,False,2026-03-02 05:55:15.955005
375,2026-01-17 05:55:15.955005,11,12,2.805267108302174,0,True,Indonesia,False,2026-03-02 05:55:15.955005
428,2026-02-18 05:55:15.955005,8,9,27.741491304131475,3,True,Indonesia,True,2026-03-02 05:55:15.955005
305,2026-02-26 05:55:15.955005,2,15,6.136380491672817,0,False,Malaysia,False,2026-03-02 05:55:15.955005
360,2026-02-06 05:55:15.955005,2,5,16.32199610966007,4,False,Indonesia,False,2026-03-02 05:55:15.955005
459,2026-02-11 05:55:15.955005,0,15,24.303460440608994,1,True,Indonesia,False,2026-03-02 05:55:15.955005
317,2026-01-08 05:55:15.955005,24,10,7.248145031713656,1,True,Malaysia,True,2026-03-02 05:55:15.955005
451,2026-02-13 05:55:15.955005,21,19,16.293825409154394,1,False,Malaysia,False,2026-03-02 05:55:15.955005
123,2026-01-15 05:55:15.955005,17,2,7.979862367476884,0,True,Singapore,False,2026-03-02 05:55:15.955005
390,2026-02-13 05:55:15.955005,23,8,23.031154936197442,1,True,Indonesia,True,2026-03-02 05:55:15.955005
9,2026-03-01 05:55:15.955005,11,14,17.365893868321372,0,False,Indonesia,False,2026-03-02 05:55:15.955005
262,2026-02-21 05:55:15.955005,8,12,25.823299951459163,4,True,Singapore,False,2026-03-02 05:55:15.955005
73,2026-01-07 05:55:15.955005,8,9,26.942182083444102,4,True,Indonesia,True,2026-03-02 05:55:15.955005
359,2026-01-17 05:55:15.955005,17,19,19.813270990916543,3,True,Singapore,False,2026-03-02 05:55:15.955005
223,2026-01-12 05:55:15.955005,17,12,22.03634613860939,3,False,Malaysia,False,2026-03-02 05:55:15.955005
416,2026-01-15 05:55:15.955005,28,16,16.927382896719045,2,True,Indonesia,False,2026-03-02 05:55:15.955005
41,2026-02-19 05:55:15.955005,6,6,12.148433258954103,4,True,Indonesia,False,2026-03-02 05:55:15.955005
370,2026-01-15 05:55:15.955005,26,5,19.795419767604205,0,False,Malaysia,False,2026-03-02 05:55:15.955005
204,2026-02-18 05:55:15.955005,3,12,27.340370081132537,2,False,Indonesia,False,2026-03-02 05:55:15.955005
264,2026-01-12 05:55:15.955005,12,16,13.0837310325117,4,False,Malaysia,False,2026-03-02 05:55:15.955005
328,2026-01-15 05:55:15.955005,16,14,10.117890764840064,0,False,Malaysia,True,2026-03-02 05:55:15.955005
178,2026-01-05 05:55:15.955005,23,3,12.264671218024649,4,False,Singapore,False,2026-03-02 05:55:15.955005
348,2026-01-07 05:55:15.955005,1,14,13.626531276136388,4,False,Malaysia,False,2026-03-02 05:55:15.955005
318,2026-02-20 05:55:15.955005,13,13,3.13326984035377,0,False,Singapore,False,2026-03-02 05:55:15.955005
84,2026-02-12 05:55:15.955005,2,10,15.454813372614838,4,True,Malaysia,False,2026-03-02 05:55:15.955005
318,2026-01-27 05:55:15.955005,4,3,15.335113193451729,4,False,Singapore,False,2026-03-02 05:55:15.955005
111,2026-01-23 05:55:15.955005,13,2,18.06487100157517,4,False,Singapore,False,2026-03-02 05:55:15.955005
251,2026-01-09 05:55:15.955005,2,1,11.521780883668614,3,False,Singapore,False,2026-03-02 05:55:15.955005
383,2026-02-05 05:55:15.955005,22,19,18.7801202827121,1,True,Singapore,False,2026-03-02 05:55:15.955005
7,2026-01-16 05:55:15.955005,6,9,26.468272997951885,4,True,Indonesia,True,2026-03-02 05:55:15.955005
459,2026-02-17 05:55:15.955005,29,12,28.708658724359765,0,False,Malaysia,False,2026-03-02 05:55:15.955005
84,2026-01-08 05:55:15.955005,17,19,17.92475426809044,4,False,Malaysia,True,2026-03-02 05:55:15.955005
208,2026-01-17 05:55:15.955005,12,17,2.2351376651390797,3,False,Malaysia,False,2026-03-02 05:55:15.955005
388,2026-01-18 05:55:15.955005,28,15,29.10784392074616,3,True,Malaysia,False,2026-03-02 05:55:15.955005
390,2026-02-07 05:55:15.955005,22,10,21.46999976599143,4,False,Singapore,True,2026-03-02 05:55:15.955005
314,2026-01-21 05:55:15.955005,26,9,10.74294580805591,2,True,Indonesia,False,2026-03-02 05:55:15.955005
22,2026-03-02 05:55:15.955005,21,8,5.267573327947978,1,True,Malaysia,False,2026-03-02 05:55:15.955005
410,2026-01-11 05:55:15.955005,9,11,5.1591397548519735,0,False,Malaysia,False,2026-03-02 05:55:15.955005
383,2026-01-19 05:55:15.955005,24,18,5.864587778048479,0,True,Malaysia,False,2026-03-02 05:55:15.955005
3,2026-01-07 05:55:15.955005,12,0,2.321603126800789,0,False,Singapore,False,2026-03-02 05:55:15.955005
127,2026-02-09 05:55:15.955005,15,17,27.162471470934435,0,True,Malaysia,True,2026-03-02 05:55:15.955005
297,2026-02-08 05:55:15.955005,8,13,16.682278751992754,3,True,Malaysia,False,2026-03-02 05:55:15.955005
188,2026-01-06 05:55:15.955005,1,0,21.29882296870128,1,True,Indonesia,False,2026-03-02 05:55:15.955005
362,2026-01-08 05:55:15.955005,22,16,25.015146768780916,4,False,Singapore,False,2026-03-02 05:55:15.955005
14,2026-02-12 05:55:15.955005,4,10,23.954689183662808,4,True,Indonesia,True,2026-03-02 05:55:15.955005
459,2026-02-13 05:55:15.955005,28,19,26.595563088136405,2,True,Malaysia,False,2026-03-02 05:55:15.955005
466,2026-02-19 05:55:15.955005,21,14,29.050384053223603,4,False,Singapore,False,2026-03-02 05:55:15.955005
12,2026-01-07 05:55:15.955005,16,3,13.733047827516247,1,True,Malaysia,False,2026-03-02 05:55:15.955005
87,2026-02-03 05:55:15.955005,22,14,28.559728533383325,4,True,Malaysia,False,2026-03-02 05:55:15.955005
12,2026-02-03 05:55:15.955005,21,13,21.975408501941676,3,False,Singapore,True,2026-03-02 05:55:15.955005
397,2026-01-02 05:55:15.955005,3,0,3.0493775189342758,4,False,Indonesia,True,2026-03-02 05:55:15.955005
25,2026-01-03 05:55:15.955005,16,8,20.771710515158016,0,False,Singapore,False,2026-03-02 05:55:15.955005
301,2026-01-29 05:55:15.955005,8,6,20.91478312854061,0,True,Singapore,False,2026-03-02 05:55:15.955005
243,2026-02-12 05:55:15.955005,19,10,27.269956349983286,0,True,Indonesia,False,2026-03-02 05:55:15.955005
122,2026-02-03 05:55:15.955005,1,1,11.815031841632669,0,True,Singapore,False,2026-03-02 05:55:15.955005
147,2026-01-03 05:55:15.955005,23,1,17.962433507882718,3,True,Indonesia,False,2026-03-02 05:55:15.955005
55,2026-01-10 05:55:15.955005,17,5,1.3534389793405328,3,True,Indonesia,True,2026-03-02 05:55:15.955005
238,2026-01-13 05:55:15.955005,20,18,10.630182023258744,3,False,Singapore,False,2026-03-02 05:55:15.955005
356,2026-01-25 05:55:15.955005,26,19,2.805068058604647,4,True,Singapore,False,2026-03-02 05:55:15.955005
173,2026-02-05 05:55:15.955005,21,13,16.134316210182014,0,False,Indonesia,False,2026-03-02 05:55:15.955005
392,2026-01-27 05:55:15.955005,10,2,24.705981864701645,2,True,Indonesia,True,2026-03-02 05:55:15.955005
221,2026-01-28 05:55:15.955005,12,6,6.986838071743,2,True,Indonesia,False,2026-03-02 05:55:15.955005
119,2026-01-27 05:55:15.955005,7,6,16.295790321175577,0,False,Indonesia,False,2026-03-02 05:55:15.955005
309,2026-01-22 05:55:15.955005,26,3,6.916250458812245,1,True,Indonesia,False,2026-03-02 05:55:15.955005
183,2026-02-15 05:55:15.955005,0,4,4.499965567540972,4,True,Singapore,False,2026-03-02 05:55:15.955005
288,2026-01-24 05:55:15.955005,16,16,15.81890696609593,2,False,Malaysia,False,2026-03-02 05:55:15.955005
307,2026-02-18 05:55:15.955005,11,3,3.2953100075421013,3,False,Singapore,False,2026-03-02 05:55:15.955005
300,2026-02-08 05:55:15.955005,3,12,18.033284303001693,1,True,Malaysia,False,2026-03-02 05:55:15.955005
82,2026-01-02 05:55:15.955005,20,15,1.9087863596250618,3,False,Indonesia,True,2026-03-02 05:55:15.955005
454,2026-01-08 05:55:15.955005,12,15,4.09473418418289,1,True,Singapore,False,2026-03-02 05:55:15.955005
402,2026-02-09 05:55:15.955005,28,1,16.949927079133378,1,False,Malaysia,False,2026-03-02 05:55:15.955005
211,2026-02-15 05:55:15.955005,8,17,18.150814974068503,4,True,Indonesia,False,2026-03-02 05:55:15.955005
150,2026-02-03 05:55:15.955005,26,0,1.8406209727189844,3,False,Singapore,False,2026-03-02 05:55:15.955005
37,2026-01-14 05:55:15.955005,29,17,17.627926852045196,3,False,Malaysia,False,2026-03-02 05:55:15.955005
352,2026-01-27 05:55:15.955005,6,7,25.316573234385473,2,True,Singapore,False,2026-03-02 05:55:15.955005
312,2026-01-02 05:55:15.955005,22,10,21.947169141524665,0,False,Malaysia,True,2026-03-02 05:55:15.955005
361,2026-01-17 05:55:15.955005,23,14,4.80436801370316,0,False,Singapore,True,2026-03-02 05:55:15.955005
59,2026-01-16 05:55:15.955005,4,15,18.18176477934483,2,False,Singapore,False,2026-03-02 05:55:15.955005
131,2026-02-23 05:55:15.955005,4,16,20.49532250215219,1,True,Malaysia,False,2026-03-02 05:55:15.955005
412,2026-01-18 05:55:15.955005,16,16,2.0797048508164613,2,False,Singapore,False,2026-03-02 05:55:15.955005
202,2026-01-07 05:55:15.955005,29,11,25.805082391825056,2,False,Singapore,True,2026-03-02 05:55:15.955005
243,2026-01-07 05:55:15.955005,8,9,27.281754521405077,3,False,Indonesia,False,2026-03-02 05:55:15.955005
35,2026-02-09 05:55:15.955005,5,19,25.663115927505498,2,True,Malaysia,False,2026-03-02 05:55:15.955005
445,2026-02-10 05:55:15.955005,24,5,24.914312571684285,1,True,Singapore,False,2026-03-02 05:55:15.955005
93,2026-02-05 05:55:15.955005,18,7,22.603990755365906,0,False,Malaysia,False,2026-03-02 05:55:15.955005
438,2026-01-22 05:55:15.955005,15,12,19.369528907176843,4,True,Singapore,False,2026-03-02 05:55:15.955005
447,2026-02-10 05:55:15.955005,20,1,20.680183144659306,2,False,Malaysia,True,2026-03-02 05:55:15.955005
207,2026-02-06 05:55:15.955005,1,18,24.38546350671451,2,True,Malaysia,False,2026-03-02 05:55:15.955005
353,2026-01-21 05:55:15.955005,9,9,20.212455292477834,3,False,Indonesia,False,2026-03-02 05:55:15.955005
391,2026-03-02 05:55:15.955005,15,3,10.504081743780057,3,True,Indonesia,True,2026-03-02 05:55:15.955005
332,2026-02-25 05:55:15.955005,4,11,11.902871962679264,2,False,Malaysia,False,2026-03-02 05:55:15.955005
305,2026-02-08 05:55:15.955005,14,17,27.014666582796472,2,False,Singapore,False,2026-03-02 05:55:15.955005
350,2026-01-11 05:55:15.955005,12,6,1.4965404881176951,1,True,Malaysia,False,2026-03-02 05:55:15.955005
213,2026-02-08 05:55:15.955005,12,19,21.26579685608418,0,False,Singapore,False,2026-03-02 05:55:15.955005
159,2026-01-19 05:55:15.955005,12,3,28.688549020331248,0,False,Malaysia,False,2026-03-02 05:55:15.955005
442,2026-01-19 05:55:15.955005,14,6,21.480616928781235,4,False,Indonesia,False,2026-03-02 05:55:15.955005
445,2026-02-08 05:55:15.955005,13,9,29.82344765872168,0,True,Indonesia,False,2026-03-02 05:55:15.955005
24,2026-01-30 05:55:15.955005,7,14,20.938802260321594,4,False,Singapore,False,2026-03-02 05:55:15.955005
404,2026-02-01 05:55:15.955005,10,11,1.9965278472889711,3,False,Malaysia,True,2026-03-02 05:55:15.955005
293,2026-02-18 05:55:15.955005,17,0,24.983286567760782,4,False,Singapore,True,2026-03-02 05:55:15.955005
4,2026-01-19 05:55:15.955005,23,19,9.254267446240254,4,True,Indonesia,True,2026-03-02 05:55:15.955005
220,2026-02-13 05:55:15.955005,3,17,13.935659544268788,0,False,Malaysia,False,2026-03-02 05:55:15.955005
364,2026-02-08 05:55:15.955005,25,15,10.05066556130538,2,True,Indonesia,False,2026-03-02 05:55:15.955005
382,2026-02-16 05:55:15.955005,9,4,8.788069080080703,3,False,Indonesia,False,2026-03-02 05:55:15.955005
20,2026-01-29 05:55:15.955005,0,18,13.510765406423776,1,True,Malaysia,False,2026-03-02 05:55:15.955005
444,2026-02-10 05:55:15.955005,28,3,11.98379200477954,4,True,Singapore,False,2026-03-02 05:55:15.955005
152,2026-01-05 05:55:15.955005,4,5,19.366818873435093,4,True,Malaysia,False,2026-03-02 05:55:15.955005
50,2026-01-23 05:55:15.955005,12,16,24.58138482863781,4,False,Indonesia,False,2026-03-02 05:55:15.955005
177,2026-02-08 05:55:15.955005,0,6,9.615570942429983,2,True,Indonesia,False,2026-03-02 05:55:15.955005
435,2026-02-04 05:55:15.955005,22,6,7.197913431838505,1,True,Indonesia,False,2026-03-02 05:55:15.955005
96,2026-01-17 05:55:15.955005,7,8,20.339962855239925,0,True,Indonesia,False,2026-03-02 05:55:15.955005
105,2026-01-18 05:55:15.955005,2,12,20.439281909092667,3,True,Singapore,False,2026-03-02 05:55:15.955005
420,2026-02-13 05:55:15.955005,2,19,27.132805939298983,2,True,Malaysia,False,2026-03-02 05:55:15.955005
250,2026-02-07 05:55:15.955005,6,13,1.4624249071460147,1,True,Malaysia,False,2026-03-02 05:55:15.955005
117,2026-01-11 05:55:15.955005,3,15,25.738179201378788,3,True,Singapore,False,2026-03-02 05:55:15.955005
354,2026-01-15 05:55:15.955005,2,8,16.10906301550235,0,True,Singapore,False,2026-03-02 05:55:15.955005
228,2026-01-22 05:55:15.955005,14,14,19.017760585990867,3,True,Indonesia,False,2026-03-02 05:55:15.955005
66,2026-01-11 05:55:15.955005,7,4,3.6497717762810282,4,False,Malaysia,False,2026-03-02 05:55:15.955005
335,2026-01-20 05:55:15.955005,2,17,13.545833053289325,4,True,Malaysia,False,2026-03-02 05:55:15.955005
418,2026-02-24 05:55:15.955005,28,19,7.59176980991719,2,True,Malaysia,False,2026-03-02 05:55:15.955005
420,2026-01-12 05:55:15.955005,29,7,8.372525872392764,3,True,Singapore,True,2026-03-02 05:55:15.955005
262,2026-01-14 05:55:15.955005,6,14,15.618758325604794,4,True,Indonesia,False,2026-03-02 05:55:15.955005
295,2026-02-11 05:55:15.955005,17,8,24.561222561690258,2,True,Indonesia,False,2026-03-02 05:55:15.955005
426,2026-02-04 05:55:15.955005,10,18,22.56964697420083,2,True,Malaysia,False,2026-03-02 05:55:15.955005
243,2026-02-25 05:55:15.955005,10,5,18.138998813492663,2,True,Indonesia,False,2026-03-02 05:55:15.955005
371,2026-02-04 05:55:15.955005,16,3,16.643127589850543,0,False,Singapore,True,2026-03-02 05:55:15.955005
186,2026-02-22 05:55:15.955005,27,10,13.391875253800208,4,False,Singapore,False,2026-03-02 05:55:15.955005
246,2026-01-09 05:55:15.955005,5,9,29.208589233280204,4,False,Malaysia,False,2026-03-02 05:55:15.955005
125,2026-01-17 05:55:15.955005,7,2,17.245584072792767,1,True,Indonesia,False,2026-03-02 05:55:15.955005
268,2026-01-05 05:55:15.955005,0,0,8.36502555105444,0,True,Singapore,False,2026-03-02 05:55:15.955005
131,2026-01-31 05:55:15.955005,28,11,7.672632969161148,4,False,Singapore,False,2026-03-02 05:55:15.955005
237,2026-02-10 05:55:15.955005,9,14,18.729237892479112,4,False,Singapore,True,2026-03-02 05:55:15.955005
18,2026-02-05 05:55:15.955005,27,14,16.161998292016932,1,True,Singapore,False,2026-03-02 05:55:15.955005
40,2026-01-22 05:55:15.955005,24,13,1.2232362856866708,3,True,Indonesia,False,2026-03-02 05:55:15.955005
21,2026-01-14 05:55:15.955005,18,6,25.0718957936776,3,False,Singapore,False,2026-03-02 05:55:15.955005
399,2026-01-17 05:55:15.955005,2,16,21.419548272740606,0,False,Singapore,False,2026-03-02 05:55:15.955005
225,2026-02-18 05:55:15.955005,3,18,20.193049400665,2,False,Indonesia,False,2026-03-02 05:55:15.955005
355,2026-01-13 05:55:15.955005,10,6,2.9946390732321095,1,False,Malaysia,False,2026-03-02 05:55:15.955005
282,2026-02-08 05:55:15.955005,14,2,11.49961965500225,1,True,Malaysia,False,2026-03-02 05:55:15.955005
8,2026-02-11 05:55:15.955005,0,2,28.1260855612508,4,False,Singapore,True,2026-03-02 05:55:15.955005
100,2026-01-25 05:55:15.955005,8,17,26.01508799889955,4,False,Malaysia,False,2026-03-02 05:55:15.955005
240,2026-01-08 05:55:15.955005,10,19,9.28074519821647,1,True,Indonesia,False,2026-03-02 05:55:15.955005
478,2026-01-09 05:55:15.955005,18,13,5.554707638875023,2,False,Singapore,False,2026-03-02 05:55:15.955005
87,2026-02-03 05:55:15.955005,12,2,14.023550757888735,3,False,Indonesia,True,2026-03-02 05:55:15.955005
298,2026-02-14 05:55:15.955005,25,6,11.319080981362166,0,False,Malaysia,False,2026-03-02 05:55:15.955005
428,2026-02-03 05:55:15.955005,15,6,20.78456492447374,3,True,Malaysia,True,2026-03-02 05:55:15.955005
14,2026-01-21 05:55:15.955005,3,4,29.02660949244527,0,True,Singapore,False,2026-03-02 05:55:15.955005
334,2026-03-01 05:55:15.955005,0,2,11.527042049494282,2,False,Malaysia,False,2026-03-02 05:55:15.955005
2,2026-02-06 05:55:15.955005,19,17,2.804501006915018,1,True,Singapore,False,2026-03-02 05:55:15.955005
375,2026-01-04 05:55:15.955005,12,14,27.030806241929174,2,True,Singapore,False,2026-03-02 05:55:15.955005
293,2026-01-12 05:55:15.955005,0,19,2.100542176956253,1,False,Indonesia,False,2026-03-02 05:55:15.955005
325,2026-01-21 05:55:15.955005,4,13,28.63021101744666,4,True,Malaysia,False,2026-03-02 05:55:15.955005
422,2026-02-25 05:55:15.955005,4,3,20.272803412262153,0,False,Malaysia,False,2026-03-02 05:55:15.955005
493,2026-02-20 05:55:15.955005,13,7,28.308987044816526,4,True,Singapore,False,2026-03-02 05:55:15.955005
41,2026-01-05 05:55:15.955005,26,12,6.79013091282037,1,False,Singapore,True,2026-03-02 05:55:15.955005
318,2026-01-24 05:55:15.955005,22,7,2.1802940623604212,0,True,Singapore,False,2026-03-02 05:55:15.955005
316,2026-02-25 05:55:15.955005,13,14,15.158089370018264,0,True,Singapore,False,2026-03-02 05:55:15.955005
381,2026-01-17 05:55:15.955005,7,16,14.068079022533631,4,False,Indonesia,False,2026-03-02 05:55:15.955005
111,2026-02-20 05:55:15.955005,3,4,10.613275924391603,0,False,Malaysia,False,2026-03-02 05:55:15.955005
14,2026-02-17 05:55:15.955005,6,19,28.772037757272226,1,False,Indonesia,False,2026-03-02 05:55:15.955005
231,2026-03-01 05:55:15.955005,19,3,24.854928232681534,1,False,Malaysia,False,2026-03-02 05:55:15.955005
473,2026-01-22 05:55:15.955005,18,10,20.185878619892204,4,True,Indonesia,False,2026-03-02 05:55:15.955005
84,2026-02-28 05:55:15.955005,14,17,5.722890457497004,2,True,Singapore,False,2026-03-02 05:55:15.955005
130,2026-01-07 05:55:15.955005,21,9,22.295378838337218,1,False,Indonesia,False,2026-03-02 05:55:15.955005
231,2026-01-09 05:55:15.955005,3,16,22.083361186291995,1,True,Indonesia,False,2026-03-02 05:55:15.955005
326,2026-01-27 05:55:15.955005,29,14,13.326977034864216,0,False,Singapore,False,2026-03-02 05:55:15.955005
145,2026-01-29 05:55:15.955005,18,5,27.818791381706397,0,True,Singapore,True,2026-03-02 05:55:15.955005
379,2026-02-07 05:55:15.955005,8,15,5.842358584641303,1,False,Malaysia,False,2026-03-02 05:55:15.955005
345,2026-02-12 05:55:15.955005,20,14,8.752789309938265,4,True,Malaysia,False,2026-03-02 05:55:15.955005
28,2026-02-13 05:55:15.955005,12,7,2.8335058382683758,2,False,Indonesia,False,2026-03-02 05:55:15.955005
66,2026-01-13 05:55:15.955005,13,8,24.068077787150038,0,True,Indonesia,False,2026-03-02 05:55:15.955005
163,2026-01-10 05:55:15.955005,22,10,19.03102219676652,0,True,Indonesia,False,2026-03-02 05:55:15.955005
229,2026-02-07 05:55:15.955005,27,1,10.133268864756236,2,False,Singapore,True,2026-03-02 05:55:15.955005
261,2026-01-17 05:55:15.955005,13,12,5.750596244235146,0,True,Malaysia,False,2026-03-02 05:55:15.955005
449,2026-01-27 05:55:15.955005,21,3,2.164285330833471,4,True,Indonesia,True,2026-03-02 05:55:15.955005
424,2026-03-02 05:55:15.955005,9,8,5.835621490152161,0,False,Malaysia,False,2026-03-02 05:55:15.955005
460,2026-01-26 05:55:15.955005,15,4,14.145254743792087,0,False,Malaysia,False,2026-03-02 05:55:15.955005
440,2026-02-06 05:55:15.955005,4,18,8.168132101307577,1,False,Singapore,False,2026-03-02 05:55:15.955005
164,2026-01-17 05:55:15.955005,22,2,8.510483145527035,4,False,Singapore,True,2026-03-02 05:55:15.955005
301,2026-01-13 05:55:15.955005,26,2,26.391714633363716,4,True,Indonesia,True,2026-03-02 05:55:15.955005
407,2026-01-02 05:55:15.955005,5,5,15.938992530371918,1,False,Indonesia,False,2026-03-02 05:55:15.955005
303,2026-01-19 05:55:15.955005,25,9,22.148307220724025,3,False,Indonesia,False,2026-03-02 05:55:15.955005
287,2026-01-28 05:55:15.955005,1,4,2.0356175218161496,2,False,Indonesia,False,2026-03-02 05:55:15.955005
395,2026-02-06 05:55:15.955005,12,2,11.589737314662832,4,True,Indonesia,True,2026-03-02 05:55:15.955005
10,2026-02-15 05:55:15.955005,28,6,14.895911074467813,3,True,Malaysia,False,2026-03-02 05:55:15.955005
195,2026-01-28 05:55:15.955005,12,17,6.406088801095356,2,True,Malaysia,False,2026-03-02 05:55:15.955005
118,2026-02-02 05:55:15.955005,18,7,4.485554701920622,4,True,Singapore,False,2026-03-02 05:55:15.955005
270,2026-02-12 05:55:15.955005,17,0,26.238809576495434,0,False,Singapore,True,2026-03-02 05:55:15.955005
80,2026-02-08 05:55:15.955005,27,3,28.2435171858941,4,True,Malaysia,True,2026-03-02 05:55:15.955005
458,2026-02-12 05:55:15.955005,18,6,3.285394243316815,2,True,Singapore,False,2026-03-02 05:55:15.955005
93,2026-02-06 05:55:15.955005,0,13,11.12154266373085,3,False,Singapore,False,2026-03-02 05:55:15.955005
266,2026-02-15 05:55:15.955005,7,12,28.79028321618974,0,False,Indonesia,False,2026-03-02 05:55:15.955005
332,2026-01-08 05:55:15.955005,21,9,3.411690260841482,2,True,Singapore,True,2026-03-02 05:55:15.955005
350,2026-01-11 05:55:15.955005,15,17,19.665599813483063,2,False,Singapore,False,2026-03-02 05:55:15.955005
361,2026-02-22 05:55:15.955005,28,0,29.19441975804316,4,True,Singapore,True,2026-03-02 05:55:15.955005
257,2026-03-02 05:55:15.955005,1,3,29.36848638885986,1,True,Malaysia,False,2026-03-02 05:55:15.955005
133,2026-01-20 05:55:15.955005,7,15,14.665476596208554,1,True,Malaysia,False,2026-03-02 05:55:15.955005
276,2026-02-12 05:55:15.955005,5,15,5.719724125689037,0,False,Indonesia,False,2026-03-02 05:55:15.955005
264,2026-01-29 05:55:15.955005,15,17,6.860445134345726,2,False,Singapore,False,2026-03-02 05:55:15.955005
171,2026-01-28 05:55:15.955005,22,7,26.798440458607445,3,True,Malaysia,False,2026-03-02 05:55:15.955005
460,2026-02-15 05:55:15.955005,10,9,27.43880712556234,0,True,Indonesia,False,2026-03-02 05:55:15.955005
1,2026-01-18 05:55:15.955005,16,15,18.628509672333088,0,False,Singapore,True,2026-03-02 05:55:15.955005
313,2026-01-22 05:55:15.955005,22,10,23.219115584627428,4,True,Indonesia,False,2026-03-02 05:55:15.955005
64,2026-01-07 05:55:15.955005,18,5,22.458006292641837,3,False,Indonesia,True,2026-03-02 05:55:15.955005
374,2026-02-13 05:55:15.955005,10,0,20.192826341684103,2,False,Singapore,True,2026-03-02 05:55:15.955005
468,2026-01-28 05:55:15.955005,27,11,24.991031691286235,2,False,Malaysia,False,2026-03-02 05:55:15.955005
284,2026-02-06 05:55:15.955005,7,5,20.876792068169312,2,False,Singapore,False,2026-03-02 05:55:15.955005
121,2026-01-17 05:55:15.955005,21,12,16.48606686667748,0,True,Singapore,True,2026-03-02 05:55:15.955005
107,2026-02-25 05:55:15.955005,3,16,7.871734515056547,4,False,Singapore,False,2026-03-02 05:55:15.955005
421,2026-02-10 05:55:15.955005,10,0,22.572756179439953,0,False,Malaysia,False,2026-03-02 05:55:15.955005
175,2026-01-04 05:55:15.955005,7,7,14.729698167309959,1,False,Singapore,False,2026-03-02 05:55:15.955005
485,2026-02-25 05:55:15.955005,8,7,9.548958836217771,1,True,Malaysia,False,2026-03-02 05:55:15.955005
204,2026-01-30 05:55:15.955005,25,10,24.256441996511484,2,True,Indonesia,False,2026-03-02 05:55:15.955005
165,2026-01-21 05:55:15.955005,1,13,21.20469441023782,4,True,Malaysia,False,2026-03-02 05:55:15.955005
305,2026-01-14 05:55:15.955005,15,9,28.1828473306163,2,True,Indonesia,True,2026-03-02 05:55:15.955005
497,2026-01-19 05:55:15.955005,5,14,5.797807560547454,2,True,Indonesia,False,2026-03-02 05:55:15.955005
120,2026-01-23 05:55:15.955005,20,6,19.826489254458302,0,False,Singapore,True,2026-03-02 05:55:15.955005
44,2026-01-31 05:55:15.955005,20,6,8.082944574557104,2,True,Malaysia,False,2026-03-02 05:55:15.955005
312,2026-01-20 05:55:15.955005,25,9,27.20390657374761,2,True,Indonesia,True,2026-03-02 05:55:15.955005
156,2026-02-21 05:55:15.955005,26,3,3.8854830134418545,4,False,Indonesia,True,2026-03-02 05:55:15.955005
367,2026-02-01 05:55:15.955005,18,17,20.02869238690144,4,True,Malaysia,True,2026-03-02 05:55:15.955005
207,2026-01-05 05:55:15.955005,27,9,23.941485924312868,4,True,Malaysia,False,2026-03-02 05:55:15.955005
390,2026-01-10 05:55:15.955005,7,18,11.292617370576508,2,False,Indonesia,False,2026-03-02 05:55:15.955005
108,2026-02-13 05:55:15.955005,13,13,28.67000430213047,4,True,Indonesia,False,2026-03-02 05:55:15.955005
251,2026-01-02 05:55:15.955005,23,12,25.67118985299508,4,True,Malaysia,False,2026-03-02 05:55:15.955005
445,2026-02-07 05:55:15.955005,15,14,9.543930690862197,3,False,Malaysia,True,2026-03-02 05:55:15.955005
404,2026-01-10 05:55:15.955005,11,15,1.2186916887639616,3,True,Indonesia,False,2026-03-02 05:55:15.955005
370,2026-02-22 05:55:15.955005,4,1,9.603058107423765,1,True,Singapore,False,2026-03-02 05:55:15.955005
334,2026-01-31 05:55:15.955005,23,3,9.158003643651533,0,False,Malaysia,True,2026-03-02 05:55:15.955005
130,2026-02-16 05:55:15.955005,25,17,26.808973617526362,0,True,Indonesia,True,2026-03-02 05:55:15.955005
457,2026-02-27 05:55:15.955005,23,16,29.046514169387677,4,True,Indonesia,True,2026-03-02 05:55:15.955005
293,2026-01-22 05:55:15.955005,18,9,3.0427595931375504,1,True,Singapore,False,2026-03-02 05:55:15.955005
20,2026-02-22 05:55:15.955005,17,8,14.667550027466184,1,True,Malaysia,False,2026-03-02 05:55:15.955005
282,2026-01-17 05:55:15.955005,8,14,16.901627957364077,3,True,Indonesia,False,2026-03-02 05:55:15.955005
285,2026-02-22 05:55:15.955005,1,11,3.694438178561396,1,False,Singapore,False,2026-03-02 05:55:15.955005
1,2026-02-05 05:55:15.955005,24,8,11.947433564988154,2,True,Malaysia,False,2026-03-02 05:55:15.955005
119,2026-02-27 05:55:15.955005,19,13,10.195390104395567,4,False,Singapore,True,2026-03-02 05:55:15.955005
35,2026-02-14 05:55:15.955005,11,12,16.545634275485533,2,True,Indonesia,False,2026-03-02 05:55:15.955005
198,2026-02-15 05:55:15.955005,28,5,20.1745360922262,0,True,Singapore,True,2026-03-02 05:55:15.955005
485,2026-02-16 05:55:15.955005,1,18,21.40106820440043,3,False,Indonesia,False,2026-03-02 05:55:15.955005
245,2026-01-27 05:55:15.955005,9,3,4.965895684788238,2,False,Indonesia,False,2026-03-02 05:55:15.955005
59,2026-01-05 05:55:15.955005,0,19,24.57548335639402,4,False,Singapore,True,2026-03-02 05:55:15.955005
325,2026-01-10 05:55:15.955005,3,16,20.67771886393201,2,True,Singapore,False,2026-03-02 05:55:15.955005
161,2026-02-26 05:55:15.955005,24,18,26.783172585654867,2,True,Indonesia,True,2026-03-02 05:55:15.955005
497,2026-01-07 05:55:15.955005,11,2,14.03074572362759,1,False,Singapore,True,2026-03-02 05:55:15.955005
179,2026-02-26 05:55:15.955005,8,13,26.922803118943555,3,True,Malaysia,False,2026-03-02 05:55:15.955005
206,2026-02-11 05:55:15.955005,3,16,26.107449548326187,0,True,Malaysia,False,2026-03-02 05:55:15.955005
12,2026-02-16 05:55:15.955005,8,12,13.713870638418818,4,True,Singapore,False,2026-03-02 05:55:15.955005
490,2026-02-13 05:55:15.955005,27,8,12.05315614349638,4,True,Singapore,False,2026-03-02 05:55:15.955005
276,2026-01-15 05:55:15.955005,5,0,28.051548434137448,0,True,Malaysia,False,2026-03-02 05:55:15.955005
181,2026-03-01 05:55:15.955005,0,16,21.73977730161469,4,False,Indonesia,False,2026-03-02 05:55:15.955005
242,2026-02-02 05:55:15.955005,9,15,27.919115046704196,1,True,Indonesia,False,2026-03-02 05:55:15.955005
216,2026-02-18 05:55:15.955005,28,17,24.112268587978576,2,False,Malaysia,True,2026-03-02 05:55:15.955005
251,2026-02-27 05:55:15.955005,13,1,18.669625739451014,1,True,Indonesia,False,2026-03-02 05:55:15.955005
299,2026-01-20 05:55:15.955005,21,13,4.359730533109171,1,True,Singapore,False,2026-03-02 05:55:15.955005
126,2026-01-17 05:55:15.955005,24,16,9.452939504793855,1,True,Singapore,False,2026-03-02 05:55:15.955005
482,2026-02-21 05:55:15.955005,28,2,29.096429805853354,0,True,Malaysia,False,2026-03-02 05:55:15.955005
217,2026-01-31 05:55:15.955005,17,1,10.26324086271193,3,False,Malaysia,True,2026-03-02 05:55:15.955005
306,2026-01-21 05:55:15.955005,5,7,3.704391223775753,0,True,Malaysia,False,2026-03-02 05:55:15.955005
285,2026-02-23 05:55:15.955005,17,1,21.519047321660274,0,True,Malaysia,True,2026-03-02 05:55:15.955005
185,2026-02-28 05:55:15.955005,19,1,22.286123381766842,1,False,Indonesia,True,2026-03-02 05:55:15.955005
39,2026-01-14 05:55:15.955005,15,8,9.278273888327373,3,True,Indonesia,False,2026-03-02 05:55:15.955005
223,2026-01-16 05:55:15.955005,14,19,9.632487401042809,0,True,Indonesia,False,2026-03-02 05:55:15.955005
184,2026-02-22 05:55:15.955005,15,5,14.597896579754734,3,True,Singapore,True,2026-03-02 05:55:15.955005
495,2026-02-01 05:55:15.955005,7,11,1.6318795431054105,1,False,Singapore,False,2026-03-02 05:55:15.955005
427,2026-01-09 05:55:15.955005,12,8,23.890367300473745,0,True,Malaysia,False,2026-03-02 05:55:15.955005
178,2026-02-20 05:55:15.955005,22,6,10.195574830949642,3,False,Malaysia,True,2026-03-02 05:55:15.955005
407,2026-01-27 05:55:15.955005,10,11,25.75912995805735,4,False,Indonesia,False,2026-03-02 05:55:15.955005
428,2026-01-25 05:55:15.955005,27,4,24.27628222640098,0,True,Indonesia,False,2026-03-02 05:55:15.955005
294,2026-01-20 05:55:15.955005,28,15,20.18065896044471,0,True,Indonesia,False,2026-03-02 05:55:15.955005
340,2026-02-18 05:55:15.955005,24,4,10.421371145879373,0,True,Malaysia,False,2026-03-02 05:55:15.955005
151,2026-01-26 05:55:15.955005,6,11,15.97318028817393,3,True,Indonesia,False,2026-03-02 05:55:15.955005
384,2026-01-06 05:55:15.955005,16,19,13.900048470340812,2,False,Malaysia,False,2026-03-02 05:55:15.955005
126,2026-02-18 05:55:15.955005,17,8,10.827574701211553,0,True,Malaysia,True,2026-03-02 05:55:15.955005
301,2026-02-19 05:55:15.955005,21,6,25.595952389792167,4,True,Singapore,True,2026-03-02 05:55:15.955005
308,2026-01-25 05:55:15.955005,22,18,15.021705162752294,4,True,Singapore,True,2026-03-02 05:55:15.955005
336,2026-02-21 05:55:15.955005,18,19,25.14896983611725,1,False,Malaysia,False,2026-03-02 05:55:15.955005
434,2026-01-02 05:55:15.955005,24,10,4.051335750112904,2,True,Indonesia,False,2026-03-02 05:55:15.955005
234,2026-01-06 05:55:15.955005,12,11,5.089718869409737,2,True,Malaysia,False,2026-03-02 05:55:15.955005
380,2026-02-22 05:55:15.955005,14,2,29.342288848276326,3,True,Malaysia,True,2026-03-02 05:55:15.955005
375,2026-01-10 05:55:15.955005,22,16,18.0452854155766,1,True,Malaysia,False,2026-03-02 05:55:15.955005
8,2026-02-24 05:55:15.955005,29,6,15.783320531472421,3,True,Malaysia,False,2026-03-02 05:55:15.955005
498,2026-03-01 05:55:15.955005,21,9,16.17152583117924,1,True,Singapore,False,2026-03-02 05:55:15.955005
341,2026-01-08 05:55:15.955005,28,14,7.242794446952935,2,True,Singapore,False,2026-03-02 05:55:15.955005
129,2026-01-06 05:55:15.955005,21,1,21.842414535557218,3,False,Malaysia,True,2026-03-02 05:55:15.955005
264,2026-01-02 05:55:15.955005,0,12,3.4586380881628767,1,False,Singapore,False,2026-03-02 05:55:15.955005
157,2026-02-08 05:55:15.955005,28,3,17.626387679987673,2,True,Singapore,False,2026-03-02 05:55:15.955005
352,2026-01-23 05:55:15.955005,15,17,17.55229510099114,2,True,Indonesia,True,2026-03-02 05:55:15.955005
358,2026-01-22 05:55:15.955005,4,0,27.511464299871818,0,True,Singapore,True,2026-03-02 05:55:15.955005
5,2026-01-23 05:55:15.955005,25,1,16.25930149304095,3,False,Singapore,True,2026-03-02 05:55:15.955005
495,2026-02-10 05:55:15.955005,2,1,4.974818183251206,0,True,Malaysia,False,2026-03-02 05:55:15.955005
86,2026-02-08 05:55:15.955005,22,3,17.609844518196713,2,True,Singapore,True,2026-03-02 05:55:15.955005
175,2026-02-02 05:55:15.955005,9,2,3.6485016865946385,3,False,Singapore,False,2026-03-02 05:55:15.955005
290,2026-02-17 05:55:15.955005,18,16,6.910021223697728,3,False,Singapore,False,2026-03-02 05:55:15.955005
193,2026-02-05 05:55:15.955005,4,13,1.9021489414350679,4,True,Malaysia,True,2026-03-02 05:55:15.955005
311,2026-01-11 05:55:15.955005,6,1,15.88551389132545,1,True,Malaysia,False,2026-03-02 05:55:15.955005
119,2026-02-26 05:55:15.955005,13,15,3.4514458435135986,4,False,Singapore,True,2026-03-02 05:55:15.955005
218,2026-01-07 05:55:15.955005,2,10,14.612436977408542,4,False,Malaysia,True,2026-03-02 05:55:15.955005
427,2026-01-31 05:55:15.955005,12,12,28.055406024400178,2,False,Malaysia,False,2026-03-02 05:55:15.955005
458,2026-02-06 05:55:15.955005,12,0,21.87308097756063,1,False,Indonesia,False,2026-03-02 05:55:15.955005
414,2026-01-31 05:55:15.955005,9,1,3.2449385525334984,4,True,Singapore,False,2026-03-02 05:55:15.955005
114,2026-01-12 05:55:15.955005,1,1,7.502084554056452,4,True,Indonesia,True,2026-03-02 05:55:15.955005
466,2026-02-11 05:55:15.955005,5,4,20.53621017690959,3,False,Singapore,False,2026-03-02 05:55:15.955005
145,2026-01-18 05:55:15.955005,7,3,26.946353969701327,2,True,Singapore,False,2026-03-02 05:55:15.955005
26,2026-01-07 05:55:15.955005,3,11,1.9546390161546592,4,True,Indonesia,True,2026-03-02 05:55:15.955005
136,2026-02-14 05:55:15.955005,24,2,24.561082819897226,1,False,Indonesia,False,2026-03-02 05:55:15.955005
303,2026-01-17 05:55:15.955005,11,19,17.292602529810953,0,False,Singapore,False,2026-03-02 05:55:15.955005
232,2026-03-01 05:55:15.955005,27,9,16.836648433595386,0,False,Indonesia,False,2026-03-02 05:55:15.955005
369,2026-02-06 05:55:15.955005,14,19,28.77658229984738,2,True,Indonesia,False,2026-03-02 05:55:15.955005
76,2026-02-18 05:55:15.955005,7,17,22.68169376530642,0,True,Malaysia,False,2026-03-02 05:55:15.955005
475,2026-01-04 05:55:15.955005,6,9,25.653447173627246,3,True,Singapore,False,2026-03-02 05:55:15.955005
328,2026-01-23 05:55:15.955005,13,0,11.265871516795334,3,False,Malaysia,True,2026-03-02 05:55:15.955005
345,2026-02-03 05:55:15.955005,22,5,17.076557184023887,1,True,Singapore,False,2026-03-02 05:55:15.955005
302,2026-01-20 05:55:15.955005,18,10,18.84676464540535,2,False,Malaysia,False,2026-03-02 05:55:15.955005
452,2026-01-07 05:55:15.955005,13,1,10.325934270511487,2,True,Singapore,True,2026-03-02 05:55:15.955005
289,2026-02-25 05:55:15.955005,21,6,17.537195623474584,0,False,Malaysia,True,2026-03-02 05:55:15.955005
1,2026-02-28 05:55:15.955005,12,19,7.863006004911701,4,True,Singapore,True,2026-03-02 05:55:15.955005
147,2026-01-04 05:55:15.955005,28,17,5.157894460978947,4,True,Malaysia,True,2026-03-02 05:55:15.955005
287,2026-01-27 05:55:15.955005,20,18,11.845137519042646,4,False,Indonesia,False,2026-03-02 05:55:15.955005
464,2026-02-13 05:55:15.955005,0,3,22.43939923364667,1,False,Singapore,False,2026-03-02 05:55:15.955005
142,2026-02-20 05:55:15.955005,26,12,27.569427294142738,2,True,Indonesia,False,2026-03-02 05:55:15.955005
53,2026-01-08 05:55:15.955005,18,17,14.273707493448743,0,True,Malaysia,False,2026-03-02 05:55:15.955005
304,2026-02-11 05:55:15.955005,28,19,19.64188695998752,1,False,Singapore,False,2026-03-02 05:55:15.955005
69,2026-02-26 05:55:15.955005,27,12,3.988076798277914,3,True,Malaysia,False,2026-03-02 05:55:15.955005
361,2026-02-12 05:55:15.955005,0,18,27.229448998017535,3,True,Malaysia,False,2026-03-02 05:55:15.955005
90,2026-02-09 05:55:15.955005,3,16,17.4895221935281,3,False,Indonesia,False,2026-03-02 05:55:15.955005
446,2026-01-03 05:55:15.955005,9,0,23.629809181129552,2,False,Singapore,True,2026-03-02 05:55:15.955005
220,2026-01-02 05:55:15.955005,2,5,24.03879482672042,3,True,Malaysia,False,2026-03-02 05:55:15.955005
450,2026-02-12 05:55:15.955005,26,18,8.437935264675072,4,False,Indonesia,False,2026-03-02 05:55:15.955005
498,2026-01-15 05:55:15.955005,19,19,16.34605914227364,3,True,Indonesia,False,2026-03-02 05:55:15.955005
192,2026-02-15 05:55:15.955005,8,0,28.853912795268347,1,True,Indonesia,False,2026-03-02 05:55:15.955005
454,2026-02-07 05:55:15.955005,2,7,3.5994017998040055,3,False,Indonesia,False,2026-03-02 05:55:15.955005
63,2026-01-21 05:55:15.955005,27,16,20.80844704285734,4,True,Malaysia,True,2026-03-02 05:55:15.955005
73,2026-02-27 05:55:15.955005,5,14,28.905658263019987,3,True,Malaysia,False,2026-03-02 05:55:15.955005
161,2026-02-16 05:55:15.955005,5,17,9.716736133566643,0,True,Malaysia,False,2026-03-02 05:55:15.955005
169,2026-02-06 05:55:15.955005,22,6,25.981989720726094,4,True,Singapore,False,2026-03-02 05:55:15.955005
89,2026-01-18 05:55:15.955005,24,15,28.07606881683988,2,True,Singapore,False,2026-03-02 05:55:15.955005
176,2026-01-07 05:55:15.955005,11,6,22.665500072449927,3,False,Indonesia,True,2026-03-02 05:55:15.955005
269,2026-01-27 05:55:15.955005,22,16,7.70852105690179,1,False,Malaysia,False,2026-03-02 05:55:15.955005
73,2026-01-07 05:55:15.955005,29,3,10.686020845971223,3,True,Indonesia,True,2026-03-02 05:55:15.955005
245,2026-02-17 05:55:15.955005,0,11,2.038469538114191,1,True,Malaysia,False,2026-03-02 05:55:15.955005
77,2026-01-13 05:55:15.955005,15,12,25.1121437931153,0,False,Singapore,False,2026-03-02 05:55:15.955005
159,2026-02-12 05:55:15.955005,23,3,25.638724408821318,2,True,Indonesia,False,2026-03-02 05:55:15.955005
489,2026-01-24 05:55:15.955005,4,0,19.34859898901959,4,False,Malaysia,False,2026-03-02 05:55:15.955005
459,2026-01-26 05:55:15.955005,8,0,11.223307686651689,4,False,Malaysia,False,2026-03-02 05:55:15.955005
324,2026-02-24 05:55:15.955005,9,6,3.227519801557696,2,False,Malaysia,False,2026-03-02 05:55:15.955005
98,2026-02-01 05:55:15.955005,12,8,22.838670687532375,0,True,Indonesia,False,2026-03-02 05:55:15.955005
381,2026-02-12 05:55:15.955005,14,0,22.069259614687763,0,True,Singapore,False,2026-03-02 05:55:15.955005
102,2026-01-13 05:55:15.955005,11,15,27.46547313042813,3,True,Malaysia,False,2026-03-02 05:55:15.955005
494,2026-02-06 05:55:15.955005,4,17,22.185428609155505,0,True,Indonesia,False,2026-03-02 05:55:15.955005
132,2026-02-15 05:55:15.955005,4,14,25.032153325076052,3,False,Malaysia,False,2026-03-02 05:55:15.955005
102,2026-01-15 05:55:15.955005,27,5,22.632683919215985,1,True,Indonesia,True,2026-03-02 05:55:15.955005
19,2026-01-08 05:55:15.955005,27,1,19.289928461057176,2,True,Singapore,False,2026-03-02 05:55:15.955005
454,2026-01-22 05:55:15.955005,29,8,13.382025431539267,1,True,Malaysia,False,2026-03-02 05:55:15.955005
482,2026-01-11 05:55:15.955005,17,3,27.161401950626058,1,False,Indonesia,True,2026-03-02 05:55:15.955005
82,2026-02-23 05:55:15.955005,11,12,19.878088585316625,1,True,Malaysia,False,2026-03-02 05:55:15.955005
397,2026-02-13 05:55:15.955005,26,10,12.552304337011362,1,False,Indonesia,True,2026-03-02 05:55:15.955005
489,2026-02-03 05:55:15.955005,2,12,3.4206095602767594,4,True,Singapore,True,2026-03-02 05:55:15.955005
279,2026-02-15 05:55:15.955005,25,10,9.430440821227082,0,True,Singapore,False,2026-03-02 05:55:15.955005
339,2026-01-10 05:55:15.955005,24,18,16.768075310074778,2,True,Indonesia,False,2026-03-02 05:55:15.955005
365,2026-02-12 05:55:15.955005,6,7,8.993425730469642,2,True,Singapore,False,2026-03-02 05:55:15.955005
331,2026-01-20 05:55:15.955005,16,6,7.415825089619162,1,True,Malaysia,False,2026-03-02 05:55:15.955005
129,2026-02-14 05:55:15.955005,18,15,16.294411908547566,2,False,Singapore,True,2026-03-02 05:55:15.955005
344,2026-01-17 05:55:15.955005,27,2,5.924790030976303,3,True,Malaysia,True,2026-03-02 05:55:15.955005
310,2026-02-18 05:55:15.955005,17,16,24.211891836428,2,False,Singapore,True,2026-03-02 05:55:15.955005
455,2026-02-24 05:55:15.955005,0,17,15.046676388937081,1,True,Singapore,False,2026-03-02 05:55:15.955005
89,2026-02-04 05:55:15.955005,24,14,17.642020444916856,2,True,Malaysia,True,2026-03-02 05:55:15.955005
213,2026-02-21 05:55:15.955005,23,16,5.2741147603231076,0,False,Singapore,False,2026-03-02 05:55:15.955005
143,2026-01-28 05:55:15.955005,4,10,10.412713733251653,1,True,Malaysia,False,2026-03-02 05:55:15.955005
65,2026-01-26 05:55:15.955005,26,4,12.892600814573434,4,False,Malaysia,False,2026-03-02 05:55:15.955005
76,2026-02-06 05:55:15.955005,27,15,24.438172084978586,0,False,Singapore,False,2026-03-02 05:55:15.955005
199,2026-02-25 05:55:15.955005,1,14,23.334626169498424,2,True,Singapore,False,2026-03-02 05:55:15.955005
143,2026-02-07 05:55:15.955005,0,9,7.46634676884276,4,True,Malaysia,False,2026-03-02 05:55:15.955005
405,2026-02-13 05:55:15.955005,6,13,18.869193366603223,0,True,Indonesia,False,2026-03-02 05:55:15.955005
403,2026-02-08 05:55:15.955005,28,1,8.06023437538793,3,True,Singapore,True,2026-03-02 05:55:15.955005
316,2026-02-25 05:55:15.955005,10,15,29.659167515017113,0,True,Singapore,False,2026-03-02 05:55:15.955005
93,2026-02-02 05:55:15.955005,10,18,28.611592465795248,4,False,Indonesia,True,2026-03-02 05:55:15.955005
473,2026-02-06 05:55:15.955005,17,7,17.334676895097996,3,False,Indonesia,True,2026-03-02 05:55:15.955005
417,2026-01-07 05:55:15.955005,16,14,21.268174584930147,2,True,Singapore,False,2026-03-02 05:55:15.955005
305,2026-02-14 05:55:15.955005,1,9,24.241481084050704,1,True,Singapore,False,2026-03-02 05:55:15.955005
224,2026-01-16 05:55:15.955005,6,4,21.908954181302214,2,False,Singapore,False,2026-03-02 05:55:15.955005
497,2026-02-07 05:55:15.955005,6,19,21.295032041390204,1,False,Indonesia,False,2026-03-02 05:55:15.955005
291,2026-02-20 05:55:15.955005,9,15,28.798066230536314,1,False,Singapore,False,2026-03-02 05:55:15.955005
428,2026-02-05 05:55:15.955005,21,11,18.297227082911217,4,True,Indonesia,True,2026-03-02 05:55:15.955005
102,2026-01-11 05:55:15.955005,20,12,19.452777482752612,3,True,Indonesia,False,2026-03-02 05:55:15.955005
474,2026-01-28 05:55:15.955005,2,8,25.628793762707254,3,False,Malaysia,False,2026-03-02 05:55:15.955005
267,2026-02-03 05:55:15.955005,29,16,20.426835167893795,0,False,Indonesia,False,2026-03-02 05:55:15.955005
355,2026-02-28 05:55:15.955005,11,19,22.25504603850815,2,True,Malaysia,False,2026-03-02 05:55:15.955005
456,2026-02-20 05:55:15.955005,2,11,7.790891899702631,4,False,Indonesia,True,2026-03-02 05:55:15.955005
110,2026-01-24 05:55:15.955005,10,4,11.766740799337056,2,True,Indonesia,False,2026-03-02 05:55:15.955005
462,2026-02-17 05:55:15.955005,28,11,5.271739025644898,0,False,Malaysia,True,2026-03-02 05:55:15.955005
330,2026-01-11 05:55:15.955005,11,0,15.667197827709359,0,True,Malaysia,True,2026-03-02 05:55:15.955005
450,2026-02-05 05:55:15.955005,24,19,14.216094619727143,4,False,Malaysia,True,2026-03-02 05:55:15.955005
430,2026-01-14 05:55:15.955005,3,15,29.91772161410425,0,False,Malaysia,False,2026-03-02 05:55:15.955005
265,2026-02-10 05:55:15.955005,24,11,18.72505093165073,4,False,Malaysia,True,2026-03-02 05:55:15.955005
3,2026-01-08 05:55:15.955005,15,8,23.806899872638276,0,False,Malaysia,False,2026-03-02 05:55:15.955005
85,2026-01-06 05:55:15.955005,19,12,10.686425451971973,3,True,Malaysia,True,2026-03-02 05:55:15.955005
282,2026-01-23 05:55:15.955005,17,16,25.1148146089411,4,False,Indonesia,True,2026-03-02 05:55:15.955005
328,2026-02-01 05:55:15.955005,3,16,18.83746402814282,3,True,Indonesia,True,2026-03-02 05:55:15.955005
304,2026-01-03 05:55:15.955005,21,3,21.212777616354714,3,False,Malaysia,False,2026-03-02 05:55:15.955005
450,2026-02-23 05:55:15.955005,5,13,9.538492560534177,4,False,Singapore,False,2026-03-02 05:55:15.955005
454,2026-01-11 05:55:15.955005,20,18,16.910513359171738,2,True,Malaysia,False,2026-03-02 05:55:15.955005
412,2026-02-11 05:55:15.955005,14,6,19.38707222899465,1,False,Singapore,False,2026-03-02 05:55:15.955005
117,2026-01-14 05:55:15.955005,0,2,18.08374559868085,0,False,Indonesia,False,2026-03-02 05:55:15.955005
221,2026-01-30 05:55:15.955005,2,0,27.54061763131243,0,True,Indonesia,False,2026-03-02 05:55:15.955005
154,2026-02-09 05:55:15.955005,4,11,27.049907270284052,2,False,Singapore,False,2026-03-02 05:55:15.955005
153,2026-01-03 05:55:15.955005,21,14,29.158537678429248,1,False,Indonesia,False,2026-03-02 05:55:15.955005
12,2026-02-24 05:55:15.955005,29,10,20.35541217420269,2,False,Malaysia,False,2026-03-02 05:55:15.955005
133,2026-02-22 05:55:15.955005,16,9,29.185509773644853,1,True,Singapore,True,2026-03-02 05:55:15.955005
482,2026-01-17 05:55:15.955005,29,1,25.141862000925357,4,False,Singapore,True,2026-03-02 05:55:15.955005
304,2026-03-02 05:55:15.955005,13,3,8.854132069858819,4,True,Indonesia,False,2026-03-02 05:55:15.955005
293,2026-02-02 05:55:15.955005,8,16,13.395634416987615,3,True,Singapore,False,2026-03-02 05:55:15.955005
463,2026-02-23 05:55:15.955005,29,16,7.913380823481284,3,True,Singapore,True,2026-03-02 05:55:15.955005
300,2026-01-06 05:55:15.955005,2,7,1.121717664086391,4,True,Singapore,False,2026-03-02 05:55:15.955005
228,2026-01-08 05:55:15.955005,25,13,6.45341384126035,3,False,Indonesia,False,2026-03-02 05:55:15.955005
271,2026-02-27 05:55:15.955005,12,3,1.1177570023193943,4,False,Singapore,False,2026-03-02 05:55:15.955005
43,2026-01-27 05:55:15.955005,2,5,21.87531537916421,2,True,Singapore,False,2026-03-02 05:55:15.955005
432,2026-01-03 05:55:15.955005,10,18,13.340494633914787,0,False,Malaysia,False,2026-03-02 05:55:15.955005
343,2026-02-28 05:55:15.955005,1,3,10.06466708525789,4,False,Malaysia,False,2026-03-02 05:55:15.955005
326,2026-01-08 05:55:15.955005,23,2,23.08990584176045,4,False,Singapore,True,2026-03-02 05:55:15.955005
302,2026-01-17 05:55:15.955005,14,19,25.142116463969707,4,False,Indonesia,True,2026-03-02 05:55:15.955005
498,2026-01-22 05:55:15.955005,12,5,29.283686620846517,3,False,Singapore,False,2026-03-02 05:55:15.955005
364,2026-02-24 05:55:15.955005,18,6,19.618393955581993,3,False,Indonesia,False,2026-03-02 05:55:15.955005
379,2026-02-04 05:55:15.955005,21,13,14.3843397976615,3,True,Malaysia,True,2026-03-02 05:55:15.955005
427,2026-03-02 05:55:15.955005,15,11,9.852664746615641,3,False,Malaysia,False,2026-03-02 05:55:15.955005
493,2026-02-04 05:55:15.955005,17,15,7.447228067212563,2,True,Singapore,False,2026-03-02 05:55:15.955005
21,2026-02-15 05:55:15.955005,6,19,7.174852563995435,4,False,Indonesia,False,2026-03-02 05:55:15.955005
407,2026-01-24 05:55:15.955005,12,7,12.866491866874163,2,True,Indonesia,False,2026-03-02 05:55:15.955005
107,2026-02-24 05:55:15.955005,3,1,29.761804303349965,3,False,Indonesia,False,2026-03-02 05:55:15.955005
336,2026-01-18 05:55:15.955005,8,12,1.0247572256846946,2,True,Singapore,False,2026-03-02 05:55:15.955005
303,2026-02-08 05:55:15.955005,29,7,6.718971019699023,4,True,Indonesia,True,2026-03-02 05:55:15.955005
117,2026-01-21 05:55:15.955005,9,19,6.463396489703641,4,False,Malaysia,False,2026-03-02 05:55:15.955005
124,2026-01-03 05:55:15.955005,8,15,21.796465080436477,3,False,Indonesia,False,2026-03-02 05:55:15.955005
399,2026-02-20 05:55:15.955005,6,3,11.222057100343793,4,True,Indonesia,False,2026-03-02 05:55:15.955005
281,2026-01-20 05:55:15.955005,14,15,14.260563333162798,2,False,Singapore,False,2026-03-02 05:55:15.955005
292,2026-01-09 05:55:15.955005,27,19,5.310099783627244,1,False,Singapore,False,2026-03-02 05:55:15.955005
203,2026-01-29 05:55:15.955005,7,5,12.744914127431484,4,False,Singapore,True,2026-03-02 05:55:15.955005
51,2026-01-12 05:55:15.955005,18,3,3.9927945452692453,2,False,Singapore,False,2026-03-02 05:55:15.955005
271,2026-01-26 05:55:15.955005,10,15,16.45825534876891,2,True,Singapore,False,2026-03-02 05:55:15.955005
324,2026-01-25 05:55:15.955005,4,12,3.8402125961028224,2,False,Indonesia,False,2026-03-02 05:55:15.955005
277,2026-01-21 05:55:15.955005,1,4,23.92474305402153,4,False,Indonesia,False,2026-03-02 05:55:15.955005
141,2026-01-03 05:55:15.955005,9,14,17.431449808674195,1,False,Singapore,False,2026-03-02 05:55:15.955005
470,2026-02-14 05:55:15.955005,15,7,21.99506833943199,3,False,Singapore,True,2026-03-02 05:55:15.955005
275,2026-01-27 05:55:15.955005,22,6,13.136975212927831,3,True,Indonesia,False,2026-03-02 05:55:15.955005
290,2026-01-14 05:55:15.955005,12,13,12.063247504024591,4,False,Singapore,False,2026-03-02 05:55:15.955005
334,2026-02-26 05:55:15.955005,7,6,3.8480577824170443,4,False,Malaysia,False,2026-03-02 05:55:15.955005
381,2026-01-14 05:55:15.955005,8,6,16.191812604241857,0,False,Indonesia,False,2026-03-02 05:55:15.955005
452,2026-01-30 05:55:15.955005,10,17,15.920562780855668,1,True,Malaysia,False,2026-03-02 05:55:15.955005
496,2026-02-28 05:55:15.955005,10,9,14.574959289038555,2,False,Indonesia,False,2026-03-02 05:55:15.955005
373,2026-01-10 05:55:15.955005,22,17,22.47503257579103,2,True,Indonesia,False,2026-03-02 05:55:15.955005
52,2026-01-15 05:55:15.955005,25,13,25.14262760093828,3,False,Indonesia,True,2026-03-02 05:55:15.955005
494,2026-01-27 05:55:15.955005,15,9,22.772900573506735,4,False,Indonesia,True,2026-03-02 05:55:15.955005
27,2026-01-10 05:55:15.955005,9,6,5.172106541398471,1,True,Indonesia,False,2026-03-02 05:55:15.955005
157,2026-02-17 05:55:15.955005,28,6,19.039725769181135,3,True,Indonesia,True,2026-03-02 05:55:15.955005
239,2026-01-14 05:55:15.955005,23,6,3.329370064996468,1,False,Indonesia,True,2026-03-02 05:55:15.955005
156,2026-01-31 05:55:15.955005,11,4,21.14404633577382,4,False,Singapore,True,2026-03-02 05:55:15.955005
291,2026-01-31 05:55:15.955005,24,0,12.073333800272675,2,False,Singapore,True,2026-03-02 05:55:15.955005
136,2026-02-14 05:55:15.955005,5,13,4.8424697317223115,0,False,Singapore,False,2026-03-02 05:55:15.955005
144,2026-01-02 05:55:15.955005,27,17,25.999474852307706,1,False,Malaysia,False,2026-03-02 05:55:15.955005
106,2026-02-07 05:55:15.955005,11,12,18.806241832129185,2,True,Indonesia,False,2026-03-02 05:55:15.955005
420,2026-01-10 05:55:15.955005,9,7,11.287024070478298,1,False,Singapore,False,2026-03-02 05:55:15.955005
158,2026-02-08 05:55:15.955005,17,7,1.8910882098644866,1,True,Singapore,True,2026-03-02 05:55:15.955005
146,2026-02-13 05:55:15.955005,17,9,16.581997511104703,1,True,Singapore,True,2026-03-02 05:55:15.955005
2,2026-01-12 05:55:15.955005,3,16,27.773550476100745,4,False,Indonesia,False,2026-03-02 05:55:15.955005
433,2026-01-08 05:55:15.955005,8,5,18.295015148368606,3,False,Indonesia,False,2026-03-02 05:55:15.955005
77,2026-02-17 05:55:15.955005,6,14,29.1778675339653,1,True,Malaysia,False,2026-03-02 05:55:15.955005
132,2026-01-12 05:55:15.955005,17,14,4.957082429843297,4,True,Malaysia,True,2026-03-02 05:55:15.955005
90,2026-02-16 05:55:15.955005,7,15,17.48084803325027,0,False,Indonesia,False,2026-03-02 05:55:15.955005
345,2026-02-16 05:55:15.955005,10,7,24.145626392186454,3,True,Malaysia,False,2026-03-02 05:55:15.955005
350,2026-02-25 05:55:15.955005,6,18,16.240681202645767,4,True,Singapore,False,2026-03-02 05:55:15.955005
459,2026-02-04 05:55:15.955005,8,19,3.640924323636705,0,True,Malaysia,False,2026-03-02 05:55:15.955005
263,2026-02-16 05:55:15.955005,7,14,17.90369404486931,3,False,Singapore,False,2026-03-02 05:55:15.955005
351,2026-01-12 05:55:15.955005,2,2,18.740399269431677,4,False,Malaysia,False,2026-03-02 05:55:15.955005
108,2026-01-26 05:55:15.955005,16,5,22.132568205785226,0,True,Singapore,True,2026-03-02 05:55:15.955005
74,2026-01-07 05:55:15.955005,1,7,23.075133939798743,4,True,Malaysia,False,2026-03-02 05:55:15.955005
39,2026-02-23 05:55:15.955005,14,15,23.35240795810761,0,False,Malaysia,False,2026-03-02 05:55:15.955005
397,2026-02-16 05:55:15.955005,13,14,20.239887415530013,1,False,Indonesia,False,2026-03-02 05:55:15.955005
159,2026-02-28 05:55:15.955005,28,12,7.2585244061410865,1,True,Indonesia,False,2026-03-02 05:55:15.955005
71,2026-01-15 05:55:15.955005,17,19,12.722836919344902,3,False,Singapore,True,2026-03-02 05:55:15.955005
447,2026-02-18 05:55:15.955005,15,14,23.50776920581756,0,False,Indonesia,False,2026-03-02 05:55:15.955005
312,2026-01-21 05:55:15.955005,19,17,28.649382518623582,1,False,Singapore,False,2026-03-02 05:55:15.955005
241,2026-01-28 05:55:15.955005,21,12,3.289461980262038,3,False,Indonesia,False,2026-03-02 05:55:15.955005
426,2026-02-07 05:55:15.955005,3,7,16.53056365611865,2,False,Indonesia,False,2026-03-02 05:55:15.955005
445,2026-01-22 05:55:15.955005,24,13,10.063145868404886,1,True,Singapore,False,2026-03-02 05:55:15.955005
298,2026-01-30 05:55:15.955005,19,10,7.536422935188063,1,True,Malaysia,False,2026-03-02 05:55:15.955005
440,2026-01-30 05:55:15.955005,5,5,15.668509822071735,4,False,Singapore,False,2026-03-02 05:55:15.955005
36,2026-02-01 05:55:15.955005,5,0,18.576590876139566,2,False,Singapore,False,2026-03-02 05:55:15.955005
84,2026-01-10 05:55:15.955005,25,1,1.2833947111649562,0,False,Singapore,True,2026-03-02 05:55:15.955005
452,2026-01-13 05:55:15.955005,10,12,23.625990593834537,3,False,Indonesia,False,2026-03-02 05:55:15.955005
374,2026-02-18 05:55:15.955005,25,0,24.776581806523982,2,True,Indonesia,False,2026-03-02 05:55:15.955005
263,2026-03-02 05:55:15.955005,16,3,28.999813912470056,0,True,Indonesia,False,2026-03-02 05:55:15.955005
310,2026-01-28 05:55:15.955005,23,1,6.2386682635161534,1,False,Singapore,False,2026-03-02 05:55:15.955005
385,2026-02-16 05:55:15.955005,27,19,18.242024308467492,3,False,Malaysia,False,2026-03-02 05:55:15.955005
172,2026-01-18 05:55:15.955005,2,15,13.372135830815441,3,False,Malaysia,True,2026-03-02 05:55:15.955005
376,2026-02-17 05:55:15.955005,12,2,10.710007695105169,2,False,Singapore,False,2026-03-02 05:55:15.955005
173,2026-01-05 05:55:15.955005,21,16,17.403370091687634,4,False,Singapore,True,2026-03-02 05:55:15.955005
362,2026-02-02 05:55:15.955005,2,4,23.68910970348296,0,True,Malaysia,False,2026-03-02 05:55:15.955005
47,2026-01-28 05:55:15.955005,15,7,1.6685307199110933,2,True,Indonesia,True,2026-03-02 05:55:15.955005
379,2026-02-13 05:55:15.955005,14,11,29.112603264419416,4,False,Singapore,True,2026-03-02 05:55:15.955005
141,2026-01-08 05:55:15.955005,10,11,24.486565985465614,4,False,Malaysia,False,2026-03-02 05:55:15.955005
375,2026-02-24 05:55:15.955005,17,0,22.783457405721773,4,True,Malaysia,False,2026-03-02 05:55:15.955005
406,2026-02-02 05:55:15.955005,14,0,23.0512340832346,3,True,Malaysia,True,2026-03-02 05:55:15.955005
118,2026-01-07 05:55:15.955005,4,14,12.282760578940925,0,True,Indonesia,False,2026-03-02 05:55:15.955005
277,2026-01-31 05:55:15.955005,15,16,22.7969959744996,0,False,Malaysia,True,2026-03-02 05:55:15.955005
214,2026-02-06 05:55:15.955005,29,1,12.216336049485772,2,True,Malaysia,False,2026-03-02 05:55:15.955005
220,2026-01-24 05:55:15.955005,15,16,27.062498057669,1,False,Malaysia,False,2026-03-02 05:55:15.955005
393,2026-02-17 05:55:15.955005,16,19,6.13944911588762,2,False,Singapore,False,2026-03-02 05:55:15.955005
26,2026-02-23 05:55:15.955005,8,8,9.478075302239393,0,True,Singapore,False,2026-03-02 05:55:15.955005
9,2026-02-04 05:55:15.955005,26,11,16.988788738273207,3,False,Singapore,False,2026-03-02 05:55:15.955005
271,2026-01-08 05:55:15.955005,22,3,10.257120040730904,2,True,Malaysia,True,2026-03-02 05:55:15.955005
10,2026-03-01 05:55:15.955005,2,12,13.302880113562928,1,False,Malaysia,False,2026-03-02 05:55:15.955005
472,2026-02-14 05:55:15.955005,19,3,15.280257992559246,2,True,Indonesia,True,2026-03-02 05:55:15.955005
378,2026-01-25 05:55:15.955005,12,6,25.83424711559175,4,True,Malaysia,False,2026-03-02 05:55:15.955005
121,2026-02-17 05:55:15.955005,21,13,16.17257535465209,1,True,Indonesia,True,2026-03-02 05:55:15.955005
125,2026-02-06 05:55:15.955005,2,8,11.511335609822254,4,True,Malaysia,False,2026-03-02 05:55:15.955005
170,2026-01-06 05:55:15.955005,27,0,8.184348757018357,3,False,Indonesia,True,2026-03-02 05:55:15.955005
72,2026-02-01 05:55:15.955005,6,0,12.851603384973718,0,True,Singapore,False,2026-03-02 05:55:15.955005
152,2026-02-02 05:55:15.955005,28,19,15.956347028016728,2,True,Malaysia,True,2026-03-02 05:55:15.955005
208,2026-02-11 05:55:15.955005,5,3,22.637330858893854,2,True,Indonesia,False,2026-03-02 05:55:15.955005
49,2026-02-10 05:55:15.955005,8,0,4.510414508997822,4,True,Singapore,True,2026-03-02 05:55:15.955005
154,2026-01-09 05:55:15.955005,11,9,7.426666458935376,4,False,Singapore,False,2026-03-02 05:55:15.955005
347,2026-02-09 05:55:15.955005,14,1,12.009966460191523,0,True,Malaysia,True,2026-03-02 05:55:15.955005
293,2026-01-27 05:55:15.955005,20,14,11.451553748465923,2,False,Indonesia,False,2026-03-02 05:55:15.955005
68,2026-01-25 05:55:15.955005,19,2,12.36069454055114,0,False,Indonesia,True,2026-03-02 05:55:15.955005
50,2026-02-15 05:55:15.955005,2,8,24.012116674569413,4,False,Indonesia,False,2026-03-02 05:55:15.955005
152,2026-01-12 05:55:15.955005,9,16,10.40047768590302,4,True,Singapore,True,2026-03-02 05:55:15.955005
19,2026-01-04 05:55:15.955005,0,12,15.555047231677275,1,False,Indonesia,False,2026-03-02 05:55:15.955005
100,2026-01-13 05:55:15.955005,18,2,19.093303952878998,4,True,Singapore,True,2026-03-02 05:55:15.955005
60,2026-01-19 05:55:15.955005,18,3,7.733177955324548,4,True,Indonesia,True,2026-03-02 05:55:15.955005
167,2026-02-14 05:55:15.955005,22,3,21.84216622727863,0,True,Singapore,True,2026-03-02 05:55:15.955005
202,2026-02-15 05:55:15.955005,22,10,16.866228272410147,1,False,Malaysia,False,2026-03-02 05:55:15.955005
345,2026-01-04 05:55:15.955005,12,6,13.956653727909963,1,True,Singapore,False,2026-03-02 05:55:15.955005
146,2026-01-07 05:55:15.955005,11,10,24.483736775411103,2,False,Indonesia,False,2026-03-02 05:55:15.955005
403,2026-03-01 05:55:15.955005,0,10,8.061362516370277,3,False,Singapore,True,2026-03-02 05:55:15.955005
164,2026-02-27 05:55:15.955005,18,9,26.612103147815372,2,False,Indonesia,False,2026-03-02 05:55:15.955005
458,2026-02-10 05:55:15.955005,28,4,17.270413325634408,2,False,Malaysia,True,2026-03-02 05:55:15.955005
481,2026-01-23 05:55:15.955005,23,12,18.666071502010087,2,True,Singapore,True,2026-03-02 05:55:15.955005
439,2026-01-28 05:55:15.955005,15,11,26.37670996089934,1,True,Malaysia,False,2026-03-02 05:55:15.955005
242,2026-02-01 05:55:15.955005,24,9,24.709897947630743,0,True,Singapore,True,2026-03-02 05:55:15.955005
69,2026-02-25 05:55:15.955005,22,6,18.44529999583511,4,True,Singapore,True,2026-03-02 05:55:15.955005
175,2026-02-14 05:55:15.955005,22,18,22.84244341159705,1,True,Malaysia,False,2026-03-02 05:55:15.955005
49,2026-01-23 05:55:15.955005,27,18,13.566265216754008,4,False,Malaysia,True,2026-03-02 05:55:15.955005
483,2026-02-06 05:55:15.955005,14,18,16.87395485149264,4,False,Singapore,False,2026-03-02 05:55:15.955005
108,2026-02-26 05:55:15.955005,15,11,2.800033964546823,3,False,Singapore,True,2026-03-02 05:55:15.955005
226,2026-02-26 05:55:15.955005,10,19,3.6058796220013583,2,True,Singapore,False,2026-03-02 05:55:15.955005
161,2026-02-11 05:55:15.955005,23,14,25.053336721403628,3,False,Malaysia,False,2026-03-02 05:55:15.955005
119,2026-02-15 05:55:15.955005,5,4,2.730478014792403,2,True,Indonesia,False,2026-03-02 05:55:15.955005
149,2026-01-11 05:55:15.955005,10,13,5.912574643345611,1,False,Malaysia,False,2026-03-02 05:55:15.955005
465,2026-01-21 05:55:15.955005,2,11,24.079147109562804,4,False,Singapore,False,2026-03-02 05:55:15.955005
150,2026-01-25 05:55:15.955005,14,10,1.0332325682194323,3,False,Singapore,False,2026-03-02 05:55:15.955005
432,2026-01-22 05:55:15.955005,0,4,9.189725536530064,1,True,Malaysia,False,2026-03-02 05:55:15.955005
293,2026-02-22 05:55:15.955005,6,15,17.937121076972034,1,True,Singapore,False,2026-03-02 05:55:15.955005
143,2026-02-26 05:55:15.955005,0,17,18.2680480126096,2,True,Singapore,False,2026-03-02 05:55:15.955005
419,2026-01-20 05:55:15.955005,16,11,23.537434338654734,4,True,Singapore,False,2026-03-02 05:55:15.955005
476,2026-01-05 05:55:15.955005,8,4,15.671861380272942,2,False,Singapore,False,2026-03-02 05:55:15.955005
455,2026-03-01 05:55:15.955005,28,15,15.77265421639814,2,True,Singapore,True,2026-03-02 05:55:15.955005
160,2026-02-22 05:55:15.955005,25,11,22.034006690680314,1,True,Indonesia,True,2026-03-02 05:55:15.955005
11,2026-01-19 05:55:15.955005,22,1,15.460109434722222,2,False,Malaysia,True,2026-03-02 05:55:15.955005
138,2026-01-26 05:55:15.955005,12,5,18.64624151034489,0,False,Malaysia,False,2026-03-02 05:55:15.955005
457,2026-02-09 05:55:15.955005,10,3,27.03544797939648,4,False,Malaysia,False,2026-03-02 05:55:15.955005
78,2026-02-09 05:55:15.955005,28,12,12.642079220758786,2,True,Indonesia,False,2026-03-02 05:55:15.955005
77,2026-02-09 05:55:15.955005,19,9,12.168627056657444,2,False,Indonesia,False,2026-03-02 05:55:15.955005
441,2026-01-28 05:55:15.955005,5,16,1.102920764078368,3,False,Malaysia,True,2026-03-02 05:55:15.955005
254,2026-01-07 05:55:15.955005,0,13,18.789361584115724,4,True,Malaysia,True,2026-03-02 05:55:15.955005
409,2026-02-02 05:55:15.955005,6,14,1.8633853148068273,4,False,Malaysia,False,2026-03-02 05:55:15.955005
258,2026-01-24 05:55:15.955005,11,7,15.620306202121172,2,True,Singapore,False,2026-03-02 05:55:15.955005
320,2026-01-03 05:55:15.955005,21,17,24.322779881934572,0,True,Indonesia,True,2026-03-02 05:55:15.955005
291,2026-01-16 05:55:15.955005,19,2,16.94771104507023,3,True,Indonesia,True,2026-03-02 05:55:15.955005
263,2026-01-29 05:55:15.955005,22,16,8.819448791283603,0,False,Singapore,False,2026-03-02 05:55:15.955005
85,2026-02-13 05:55:15.955005,18,6,23.798884222031766,2,False,Indonesia,True,2026-03-02 05:55:15.955005
146,2026-02-24 05:55:15.955005,16,12,8.821793118393627,4,False,Malaysia,True,2026-03-02 05:55:15.955005
323,2026-03-02 05:55:15.955005,3,15,22.25792164743106,4,True,Indonesia,False,2026-03-02 05:55:15.955005
42,2026-01-29 05:55:15.955005,2,4,18.697495200516705,0,False,Singapore,False,2026-03-02 05:55:15.955005
374,2026-03-02 05:55:15.955005,0,3,5.929892605692035,1,True,Malaysia,False,2026-03-02 05:55:15.955005
125,2026-02-07 05:55:15.955005,17,9,27.248882370481386,2,False,Indonesia,False,2026-03-02 05:55:15.955005
167,2026-02-27 05:55:15.955005,26,12,6.818666805758675,4,True,Malaysia,False,2026-03-02 05:55:15.955005
425,2026-02-27 05:55:15.955005,20,9,29.698025150079424,1,True,Indonesia,False,2026-03-02 05:55:15.955005
241,2026-02-13 05:55:15.955005,14,13,1.2120041709932825,4,True,Malaysia,False,2026-03-02 05:55:15.955005
459,2026-02-04 05:55:15.955005,7,11,8.641017937144188,4,True,Singapore,False,2026-03-02 05:55:15.955005
487,2026-01-19 05:55:15.955005,0,0,6.7959486209517666,1,True,Singapore,True,2026-03-02 05:55:15.955005
280,2026-01-03 05:55:15.955005,19,19,1.4058088949434162,0,True,Indonesia,False,2026-03-02 05:55:15.955005
188,2026-01-30 05:55:15.955005,13,19,22.23866910427215,2,True,Indonesia,False,2026-03-02 05:55:15.955005
302,2026-01-29 05:55:15.955005,3,6,21.109348260888293,1,True,Malaysia,False,2026-03-02 05:55:15.955005
19,2026-02-03 05:55:15.955005,4,8,23.978177966292982,1,True,Singapore,False,2026-03-02 05:55:15.955005
68,2026-01-20 05:55:15.955005,22,7,8.444257847472393,4,True,Malaysia,False,2026-03-02 05:55:15.955005
218,2026-01-21 05:55:15.955005,12,12,13.885719845406129,1,True,Singapore,False,2026-03-02 05:55:15.955005
102,2026-01-07 05:55:15.955005,27,13,20.114292127024875,2,True,Malaysia,False,2026-03-02 05:55:15.955005
42,2026-01-26 05:55:15.955005,23,11,13.753286612756163,0,False,Malaysia,False,2026-03-02 05:55:15.955005
288,2026-01-02 05:55:15.955005,14,7,21.222447339219556,0,False,Malaysia,False,2026-03-02 05:55:15.955005
167,2026-02-25 05:55:15.955005,5,17,19.385228844772822,0,True,Indonesia,False,2026-03-02 05:55:15.955005
109,2026-02-15 05:55:15.955005,0,15,4.324786287643118,2,False,Singapore,False,2026-03-02 05:55:15.955005
494,2026-01-28 05:55:15.955005,22,10,23.650250511232073,4,True,Indonesia,False,2026-03-02 05:55:15.955005
36,2026-02-08 05:55:15.955005,18,15,21.89961441368303,2,False,Indonesia,True,2026-03-02 05:55:15.955005
232,2026-01-12 05:55:15.955005,12,13,20.019197240904752,1,True,Malaysia,False,2026-03-02 05:55:15.955005
229,2026-01-20 05:55:15.955005,28,2,5.497714581859068,3,False,Singapore,False,2026-03-02 05:55:15.955005
353,2026-02-07 05:55:15.955005,28,1,8.771897015065546,3,True,Indonesia,True,2026-03-02 05:55:15.955005
164,2026-01-06 05:55:15.955005,5,2,12.402133916040412,3,False,Malaysia,False,2026-03-02 05:55:15.955005
387,2026-01-13 05:55:15.955005,14,3,9.117959028036859,0,True,Singapore,False,2026-03-02 05:55:15.955005
73,2026-02-18 05:55:15.955005,15,4,7.606498429607813,2,False,Singapore,True,2026-03-02 05:55:15.955005
136,2026-01-06 05:55:15.955005,23,9,24.355372434691496,2,False,Indonesia,False,2026-03-02 05:55:15.955005
353,2026-02-13 05:55:15.955005,22,19,19.50873514444587,0,False,Malaysia,True,2026-03-02 05:55:15.955005
379,2026-01-08 05:55:15.955005,15,1,17.39869181495726,1,True,Indonesia,True,2026-03-02 05:55:15.955005
70,2026-02-18 05:55:15.955005,9,11,7.5526286147443615,3,False,Singapore,False,2026-03-02 05:55:15.955005
425,2026-01-13 05:55:15.955005,21,4,27.624220305790598,3,False,Indonesia,False,2026-03-02 05:55:15.955005
487,2026-01-25 05:55:15.955005,8,4,6.544308133822172,0,True,Malaysia,False,2026-03-02 05:55:15.955005
196,2026-01-19 05:55:15.955005,8,0,24.053577051915635,3,True,Singapore,True,2026-03-02 05:55:15.955005
269,2026-01-23 05:55:15.955005,16,3,29.0335073344535,4,False,Malaysia,True,2026-03-02 05:55:15.955005
49,2026-01-20 05:55:15.955005,16,11,22.085689147502848,2,True,Malaysia,False,2026-03-02 05:55:15.955005
316,2026-02-14 05:55:15.955005,16,11,29.792904480354263,3,False,Singapore,True,2026-03-02 05:55:15.955005
130,2026-02-16 05:55:15.955005,23,15,19.880482392360456,3,False,Malaysia,True,2026-03-02 05:55:15.955005
444,2026-02-13 05:55:15.955005,11,16,7.306349964512955,4,True,Malaysia,False,2026-03-02 05:55:15.955005
5,2026-02-08 05:55:15.955005,12,9,6.910765317778828,1,False,Malaysia,False,2026-03-02 05:55:15.955005
428,2026-01-08 05:55:15.955005,29,16,10.412364243408813,1,False,Singapore,True,2026-03-02 05:55:15.955005
27,2026-01-11 05:55:15.955005,11,16,1.2067705864091758,4,True,Malaysia,False,2026-03-02 05:55:15.955005
160,2026-02-01 05:55:15.955005,13,17,20.769255632402203,1,True,Indonesia,False,2026-03-02 05:55:15.955005
149,2026-01-04 05:55:15.955005,9,1,8.791365754207,0,False,Indonesia,False,2026-03-02 05:55:15.955005
264,2026-01-28 05:55:15.955005,22,3,24.64031373648983,4,False,Malaysia,True,2026-03-02 05:55:15.955005
230,2026-01-04 05:55:15.955005,18,18,11.416006866219707,2,False,Indonesia,False,2026-03-02 05:55:15.955005
200,2026-02-27 05:55:15.955005,28,10,14.91873831043607,2,True,Indonesia,False,2026-03-02 05:55:15.955005
50,2026-02-28 05:55:15.955005,1,16,29.004978580250707,2,False,Singapore,False,2026-03-02 05:55:15.955005
67,2026-02-24 05:55:15.955005,3,11,8.022991568371037,3,False,Malaysia,False,2026-03-02 05:55:15.955005
300,2026-01-06 05:55:15.955005,18,1,21.91636882546245,4,False,Singapore,True,2026-03-02 05:55:15.955005
381,2026-02-13 05:55:15.955005,6,5,22.898415889857098,4,True,Malaysia,False,2026-03-02 05:55:15.955005
58,2026-01-20 05:55:15.955005,25,8,7.40894656818542,1,False,Indonesia,False,2026-03-02 05:55:15.955005
259,2026-02-24 05:55:15.955005,14,4,15.528908261753672,4,False,Singapore,False,2026-03-02 05:55:15.955005
342,2026-01-22 05:55:15.955005,14,19,11.155855834076082,4,True,Singapore,False,2026-03-02 05:55:15.955005
326,2026-02-25 05:55:15.955005,23,8,23.385281058602587,1,True,Indonesia,False,2026-03-02 05:55:15.955005
130,2026-02-09 05:55:15.955005,5,7,19.052016251842087,4,False,Indonesia,False,2026-03-02 05:55:15.955005
215,2026-01-04 05:55:15.955005,2,19,14.803508590955865,4,True,Malaysia,True,2026-03-02 05:55:15.955005
172,2026-03-02 05:55:15.955005,5,7,23.60153468638383,0,False,Malaysia,False,2026-03-02 05:55:15.955005
258,2026-02-27 05:55:15.955005,15,5,7.819511530244093,1,False,Indonesia,False,2026-03-02 05:55:15.955005
102,2026-01-16 05:55:15.955005,1,2,22.855034536946413,0,True,Indonesia,True,2026-03-02 05:55:15.955005
209,2026-01-13 05:55:15.955005,27,4,26.095855050691906,3,False,Singapore,False,2026-03-02 05:55:15.955005
291,2026-01-10 05:55:15.955005,6,8,26.4800263074196,1,False,Singapore,False,2026-03-02 05:55:15.955005
354,2026-01-12 05:55:15.955005,29,6,23.726534197568512,4,False,Malaysia,False,2026-03-02 05:55:15.955005
471,2026-01-19 05:55:15.955005,10,3,12.832410842949795,4,False,Singapore,True,2026-03-02 05:55:15.955005
286,2026-02-02 05:55:15.955005,25,6,29.47243265881698,0,False,Indonesia,False,2026-03-02 05:55:15.955005
116,2026-02-10 05:55:15.955005,29,4,12.008215670850756,0,True,Indonesia,False,2026-03-02 05:55:15.955005
264,2026-02-05 05:55:15.955005,6,10,19.520136573970344,3,False,Indonesia,False,2026-03-02 05:55:15.955005
150,2026-02-17 05:55:15.955005,3,14,5.671151164014591,3,False,Indonesia,False,2026-03-02 05:55:15.955005
300,2026-02-22 05:55:15.955005,28,1,29.43301806045539,4,True,Malaysia,True,2026-03-02 05:55:15.955005
442,2026-01-03 05:55:15.955005,23,12,21.415591734075235,2,True,Indonesia,False,2026-03-02 05:55:15.955005
36,2026-01-15 05:55:15.955005,19,15,22.847948812144683,3,True,Indonesia,True,2026-03-02 05:55:15.955005
453,2026-02-19 05:55:15.955005,6,6,2.9075243989231936,4,True,Indonesia,False,2026-03-02 05:55:15.955005
333,2026-01-20 05:55:15.955005,3,7,23.139116612399484,3,True,Indonesia,False,2026-03-02 05:55:15.955005
477,2026-01-11 05:55:15.955005,28,5,23.46697944739744,1,True,Malaysia,False,2026-03-02 05:55:15.955005
287,2026-01-06 05:55:15.955005,11,6,20.481409064504664,0,True,Malaysia,False,2026-03-02 05:55:15.955005
303,2026-01-11 05:55:15.955005,4,17,9.465378799919966,4,True,Singapore,False,2026-03-02 05:55:15.955005
311,2026-02-25 05:55:15.955005,22,19,15.201011222665564,3,False,Malaysia,True,2026-03-02 05:55:15.955005
208,2026-02-11 05:55:15.955005,28,6,4.202596767952778,0,False,Malaysia,True,2026-03-02 05:55:15.955005
106,2026-02-07 05:55:15.955005,29,2,14.676024927315426,2,True,Malaysia,False,2026-03-02 05:55:15.955005
446,2026-02-04 05:55:15.955005,29,4,8.070891725411741,3,False,Singapore,False,2026-03-02 05:55:15.955005
158,2026-01-24 05:55:15.955005,28,0,11.123812608328379,4,False,Indonesia,False,2026-03-02 05:55:15.955005
121,2026-02-23 05:55:15.955005,25,14,5.715411843707259,1,False,Singapore,False,2026-03-02 05:55:15.955005
55,2026-03-02 05:55:15.955005,18,2,7.671576664660014,0,False,Indonesia,True,2026-03-02 05:55:15.955005
400,2026-01-08 05:55:15.955005,25,7,3.220490612783371,0,False,Malaysia,True,2026-03-02 05:55:15.955005
12,2026-01-13 05:55:15.955005,4,8,27.67713962667072,1,True,Indonesia,False,2026-03-02 05:55:15.955005
145,2026-01-13 05:55:15.955005,26,14,16.381909951286698,4,True,Singapore,False,2026-03-02 05:55:15.955005
400,2026-02-07 05:55:15.955005,29,9,12.505517166619452,2,False,Indonesia,False,2026-03-02 05:55:15.955005
396,2026-01-15 05:55:15.955005,18,1,16.515847170294734,1,True,Indonesia,True,2026-03-02 05:55:15.955005
136,2026-02-24 05:55:15.955005,20,19,19.220503625965026,2,False,Malaysia,False,2026-03-02 05:55:15.955005
468,2026-02-12 05:55:15.955005,29,4,27.734485007711122,4,False,Indonesia,False,2026-03-02 05:55:15.955005
3,2026-02-09 05:55:15.955005,2,18,6.182095616303086,3,False,Indonesia,False,2026-03-02 05:55:15.955005
144,2026-01-05 05:55:15.955005,26,12,9.571022460421311,3,True,Malaysia,False,2026-03-02 05:55:15.955005
30,2026-01-07 05:55:15.955005,25,10,29.297890753979328,4,False,Singapore,False,2026-03-02 05:55:15.955005
237,2026-01-02 05:55:15.955005,10,0,11.764596612807207,2,False,Malaysia,False,2026-03-02 05:55:15.955005
279,2026-01-27 05:55:15.955005,6,14,1.6542878719625014,1,False,Indonesia,False,2026-03-02 05:55:15.955005
348,2026-02-01 05:55:15.955005,28,17,5.281661286477606,4,True,Malaysia,True,2026-03-02 05:55:15.955005
115,2026-02-02 05:55:15.955005,16,15,1.7638223507080086,4,False,Malaysia,False,2026-03-02 05:55:15.955005
104,2026-02-09 05:55:15.955005,24,8,29.707771130201124,3,True,Indonesia,True,2026-03-02 05:55:15.955005
118,2026-02-20 05:55:15.955005,8,0,9.087254620745469,1,False,Singapore,False,2026-03-02 05:55:15.955005
5,2026-02-11 05:55:15.955005,20,10,27.782739951150553,3,False,Malaysia,False,2026-03-02 05:55:15.955005
468,2026-02-02 05:55:15.955005,8,8,29.880701997031757,2,False,Singapore,False,2026-03-02 05:55:15.955005
360,2026-01-11 05:55:15.955005,9,10,18.39539541315031,2,True,Malaysia,False,2026-03-02 05:55:15.955005
248,2026-01-21 05:55:15.955005,12,12,1.962693136901291,0,False,Indonesia,False,2026-03-02 05:55:15.955005
364,2026-01-20 05:55:15.955005,14,1,3.366157281220882,4,False,Indonesia,False,2026-03-02 05:55:15.955005
321,2026-01-28 05:55:15.955005,21,13,14.966082598128455,1,False,Malaysia,False,2026-03-02 05:55:15.955005
121,2026-03-02 05:55:15.955005,4,5,12.778988374433093,1,False,Malaysia,False,2026-03-02 05:55:15.955005
286,2026-01-31 05:55:15.955005,28,7,18.57914186767126,3,False,Malaysia,False,2026-03-02 05:55:15.955005
149,2026-02-01 05:55:15.955005,2,17,13.726586481629555,3,False,Indonesia,False,2026-03-02 05:55:15.955005
84,2026-01-14 05:55:15.955005,26,15,28.088228628873047,1,True,Malaysia,False,2026-03-02 05:55:15.955005
454,2026-02-13 05:55:15.955005,26,11,16.50745174699182,3,False,Indonesia,True,2026-03-02 05:55:15.955005
406,2026-01-07 05:55:15.955005,7,10,21.118055782410824,0,True,Malaysia,False,2026-03-02 05:55:15.955005
466,2026-01-04 05:55:15.955005,19,5,26.9980729066324,4,False,Indonesia,True,2026-03-02 05:55:15.955005
456,2026-02-14 05:55:15.955005,9,2,5.259284399163014,0,True,Malaysia,True,2026-03-02 05:55:15.955005
231,2026-01-24 05:55:15.955005,12,13,7.662304969437328,2,False,Singapore,False,2026-03-02 05:55:15.955005
288,2026-02-17 05:55:15.955005,28,1,4.112241153746437,1,True,Singapore,False,2026-03-02 05:55:15.955005
161,2026-02-08 05:55:15.955005,2,10,5.049513577667456,0,False,Indonesia,False,2026-03-02 05:55:15.955005
272,2026-02-06 05:55:15.955005,28,2,15.86493504109276,0,True,Malaysia,True,2026-03-02 05:55:15.955005
460,2026-02-16 05:55:15.955005,21,17,10.314198510056457,3,False,Singapore,True,2026-03-02 05:55:15.955005
38,2026-01-16 05:55:15.955005,7,0,13.272012346275892,3,True,Malaysia,False,2026-03-02 05:55:15.955005
500,2026-01-06 05:55:15.955005,28,0,29.49220512202779,3,False,Malaysia,True,2026-03-02 05:55:15.955005
226,2026-02-09 05:55:15.955005,8,11,5.544426086082495,2,False,Malaysia,False,2026-03-02 05:55:15.955005
142,2026-02-28 05:55:15.955005,29,14,16.68355005314419,0,False,Singapore,True,2026-03-02 05:55:15.955005
292,2026-01-06 05:55:15.955005,21,4,3.8672634965558776,4,True,Indonesia,True,2026-03-02 05:55:15.955005
481,2026-01-07 05:55:15.955005,20,5,10.23639308465248,3,True,Singapore,False,2026-03-02 05:55:15.955005
151,2026-02-12 05:55:15.955005,11,15,16.29825178656336,2,True,Indonesia,False,2026-03-02 05:55:15.955005
114,2026-01-05 05:55:15.955005,10,11,28.452320632994795,2,False,Singapore,False,2026-03-02 05:55:15.955005
237,2026-01-18 05:55:15.955005,1,11,12.345618417221008,3,True,Malaysia,True,2026-03-02 05:55:15.955005
66,2026-01-28 05:55:15.955005,17,2,2.8822941902254247,1,False,Malaysia,True,2026-03-02 05:55:15.955005
361,2026-01-27 05:55:15.955005,8,1,12.256681990849192,0,False,Malaysia,True,2026-03-02 05:55:15.955005
341,2026-01-12 05:55:15.955005,1,6,5.226494100345354,3,False,Singapore,True,2026-03-02 05:55:15.955005
258,2026-03-02 05:55:15.955005,1,1,7.669698785451914,4,False,Singapore,True,2026-03-02 05:55:15.955005
475,2026-01-10 05:55:15.955005,2,6,18.92462807178472,0,False,Indonesia,False,2026-03-02 05:55:15.955005
249,2026-02-10 05:55:15.955005,15,10,2.955292119906769,2,False,Singapore,False,2026-03-02 05:55:15.955005
457,2026-02-02 05:55:15.955005,18,10,14.476988931251084,4,False,Indonesia,False,2026-03-02 05:55:15.955005
449,2026-02-25 05:55:15.955005,3,13,18.674385994312168,0,True,Singapore,False,2026-03-02 05:55:15.955005
331,2026-01-25 05:55:15.955005,22,2,13.23389337865741,4,True,Malaysia,True,2026-03-02 05:55:15.955005
323,2026-03-02 05:55:15.955005,24,13,1.5546641680881805,2,False,Singapore,False,2026-03-02 05:55:15.955005
180,2026-01-11 05:55:15.955005,17,10,29.580061350183097,3,False,Malaysia,False,2026-03-02 05:55:15.955005
190,2026-03-02 05:55:15.955005,19,3,11.646357252875523,4,True,Singapore,False,2026-03-02 05:55:15.955005
407,2026-02-04 05:55:15.955005,24,16,23.57873842106474,3,False,Indonesia,False,2026-03-02 05:55:15.955005
154,2026-02-10 05:55:15.955005,29,15,10.443748273436144,2,True,Singapore,False,2026-03-02 05:55:15.955005
196,2026-01-09 05:55:15.955005,17,2,14.775485952809147,2,False,Malaysia,False,2026-03-02 05:55:15.955005
466,2026-02-15 05:55:15.955005,9,9,12.2654456357189,4,False,Singapore,False,2026-03-02 05:55:15.955005
311,2026-01-18 05:55:15.955005,10,14,10.933637655778623,4,True,Indonesia,False,2026-03-02 05:55:15.955005
262,2026-01-03 05:55:15.955005,28,7,1.6336899390255835,2,True,Indonesia,False,2026-03-02 05:55:15.955005
419,2026-01-08 05:55:15.955005,16,17,11.440607197780603,4,False,Indonesia,False,2026-03-02 05:55:15.955005
406,2026-01-22 05:55:15.955005,25,2,26.79520972158637,4,False,Indonesia,True,2026-03-02 05:55:15.955005
427,2026-02-05 05:55:15.955005,23,6,21.02140681921683,4,True,Singapore,False,2026-03-02 05:55:15.955005
143,2026-02-15 05:55:15.955005,24,9,5.2172629137677555,4,True,Indonesia,False,2026-03-02 05:55:15.955005
342,2026-02-03 05:55:15.955005,22,19,18.143495134059435,0,True,Singapore,True,2026-03-02 05:55:15.955005
316,2026-03-02 05:55:15.955005,23,8,26.874694938517273,2,False,Singapore,False,2026-03-02 05:55:15.955005
101,2026-01-26 05:55:15.955005,19,13,21.30098718798081,2,True,Singapore,False,2026-03-02 05:55:15.955005
244,2026-02-21 05:55:15.955005,15,13,5.311847378344205,1,False,Indonesia,True,2026-03-02 05:55:15.955005
490,2026-01-19 05:55:15.955005,19,10,26.167142405300403,3,True,Indonesia,True,2026-03-02 05:55:15.955005
12,2026-02-14 05:55:15.955005,12,0,9.744776385377095,1,True,Singapore,False,2026-03-02 05:55:15.955005
239,2026-01-05 05:55:15.955005,1,3,14.168208185057912,4,True,Singapore,False,2026-03-02 05:55:15.955005
49,2026-01-03 05:55:15.955005,23,5,16.258140030985246,4,True,Singapore,True,2026-03-02 05:55:15.955005
42,2026-02-08 05:55:15.955005,26,4,25.664691526967662,0,False,Malaysia,False,2026-03-02 05:55:15.955005
166,2026-02-24 05:55:15.955005,1,2,28.016617359282172,0,False,Malaysia,True,2026-03-02 05:55:15.955005
82,2026-01-18 05:55:15.955005,24,1,27.959933455926127,0,True,Indonesia,False,2026-03-02 05:55:15.955005
429,2026-01-09 05:55:15.955005,13,2,1.2306712570776785,0,False,Malaysia,True,2026-03-02 05:55:15.955005
291,2026-02-24 05:55:15.955005,3,8,27.734766081978258,0,False,Singapore,False,2026-03-02 05:55:15.955005
158,2026-01-18 05:55:15.955005,16,18,2.5772220140455975,0,False,Singapore,True,2026-03-02 05:55:15.955005
216,2026-02-16 05:55:15.955005,12,18,8.707436047705626,0,True,Indonesia,False,2026-03-02 05:55:15.955005
490,2026-01-28 05:55:15.955005,3,16,15.934647787107155,0,True,Indonesia,False,2026-03-02 05:55:15.955005
158,2026-01-16 05:55:15.955005,2,17,14.917844981127427,0,False,Malaysia,False,2026-03-02 05:55:15.955005
462,2026-01-17 05:55:15.955005,11,10,18.536584022734367,2,True,Singapore,False,2026-03-02 05:55:15.955005
134,2026-02-27 05:55:15.955005,21,11,14.90394063337317,0,True,Indonesia,False,2026-03-02 05:55:15.955005
67,2026-02-17 05:55:15.955005,22,2,28.096894709572204,3,True,Indonesia,True,2026-03-02 05:55:15.955005
336,2026-02-17 05:55:15.955005,7,17,7.975916598223023,0,True,Malaysia,False,2026-03-02 05:55:15.955005
7,2026-02-15 05:55:15.955005,1,5,8.94671612711609,4,False,Indonesia,False,2026-03-02 05:55:15.955005
436,2026-02-24 05:55:15.955005,5,6,27.70140013509863,4,False,Malaysia,False,2026-03-02 05:55:15.955005
14,2026-01-30 05:55:15.955005,21,0,3.2254458986124304,0,True,Singapore,True,2026-03-02 05:55:15.955005
73,2026-02-12 05:55:15.955005,9,5,18.677263835239486,0,False,Malaysia,False,2026-03-02 05:55:15.955005
399,2026-03-01 05:55:15.955005,11,17,20.770342609902713,4,False,Indonesia,False,2026-03-02 05:55:15.955005
405,2026-02-21 05:55:15.955005,20,12,15.660709979462444,3,False,Malaysia,True,2026-03-02 05:55:15.955005
163,2026-01-12 05:55:15.955005,9,18,21.13272448587098,1,False,Malaysia,False,2026-03-02 05:55:15.955005
66,2026-02-14 05:55:15.955005,9,6,6.009884734347043,2,False,Singapore,False,2026-03-02 05:55:15.955005
347,2026-01-25 05:55:15.955005,22,18,25.726334750374658,4,True,Malaysia,True,2026-03-02 05:55:15.955005
130,2026-02-19 05:55:15.955005,2,8,5.060744994626682,0,False,Indonesia,False,2026-03-02 05:55:15.955005
419,2026-02-25 05:55:15.955005,19,2,12.623560885156742,2,False,Indonesia,True,2026-03-02 05:55:15.955005
466,2026-02-09 05:55:15.955005,9,11,3.182470437937968,0,True,Singapore,False,2026-03-02 05:55:15.955005
206,2026-01-30 05:55:15.955005,28,19,16.811121285704605,1,True,Singapore,False,2026-03-02 05:55:15.955005
276,2026-01-21 05:55:15.955005,8,17,20.422628415343535,1,True,Singapore,False,2026-03-02 05:55:15.955005
466,2026-02-11 05:55:15.955005,19,7,28.295427417763428,4,False,Indonesia,False,2026-03-02 05:55:15.955005
256,2026-03-02 05:55:15.955005,18,8,22.440749680984023,2,False,Malaysia,False,2026-03-02 05:55:15.955005
266,2026-01-08 05:55:15.955005,13,12,16.69198457717038,2,True,Indonesia,False,2026-03-02 05:55:15.955005
25,2026-01-15 05:55:15.955005,1,7,28.04589349793968,1,False,Indonesia,False,2026-03-02 05:55:15.955005
450,2026-01-09 05:55:15.955005,4,9,14.87466830318542,0,True,Singapore,False,2026-03-02 05:55:15.955005
281,2026-01-04 05:55:15.955005,19,16,17.274963939867213,4,True,Singapore,False,2026-03-02 05:55:15.955005
253,2026-02-25 05:55:15.955005,28,6,18.286857302432775,3,False,Malaysia,True,2026-03-02 05:55:15.955005
310,2026-02-12 05:55:15.955005,28,16,12.889412050710439,1,True,Malaysia,False,2026-03-02 05:55:15.955005
289,2026-02-13 05:55:15.955005,7,17,25.3159980264089,1,False,Malaysia,False,2026-03-02 05:55:15.955005
164,2026-02-25 05:55:15.955005,6,1,6.370102226506715,4,True,Malaysia,False,2026-03-02 05:55:15.955005
95,2026-01-17 05:55:15.955005,5,2,17.090423520776632,0,True,Indonesia,True,2026-03-02 05:55:15.955005
270,2026-01-29 05:55:15.955005,10,18,21.944764429428627,2,True,Malaysia,False,2026-03-02 05:55:15.955005
321,2026-02-08 05:55:15.955005,11,0,27.215308984420737,1,False,Indonesia,False,2026-03-02 05:55:15.955005
110,2026-02-08 05:55:15.955005,17,9,26.633633496594072,4,True,Indonesia,True,2026-03-02 05:55:15.955005
336,2026-02-05 05:55:15.955005,18,13,15.753468393474115,4,True,Malaysia,False,2026-03-02 05:55:15.955005
310,2026-02-18 05:55:15.955005,9,12,19.651682083736908,4,True,Malaysia,False,2026-03-02 05:55:15.955005
238,2026-02-24 05:55:15.955005,24,8,12.43289434774973,2,False,Indonesia,True,2026-03-02 05:55:15.955005
381,2026-02-16 05:55:15.955005,28,5,14.57715512352581,1,False,Singapore,False,2026-03-02 05:55:15.955005
436,2026-01-18 05:55:15.955005,24,5,27.281707984618436,4,False,Malaysia,True,2026-03-02 05:55:15.955005
387,2026-02-04 05:55:15.955005,20,18,27.990415802581747,2,False,Singapore,False,2026-03-02 05:55:15.955005
483,2026-02-05 05:55:15.955005,13,9,26.96700768394357,0,False,Indonesia,False,2026-03-02 05:55:15.955005
425,2026-01-29 05:55:15.955005,2,2,5.012754992595508,3,True,Singapore,False,2026-03-02 05:55:15.955005
390,2026-02-16 05:55:15.955005,17,17,25.65243661858845,1,True,Indonesia,False,2026-03-02 05:55:15.955005
25,2026-01-26 05:55:15.955005,23,18,28.50254819962293,2,True,Singapore,False,2026-03-02 05:55:15.955005
141,2026-01-17 05:55:15.955005,14,4,11.476241142634535,3,True,Singapore,False,2026-03-02 05:55:15.955005
117,2026-01-07 05:55:15.955005,5,10,16.040742393228406,3,False,Singapore,True,2026-03-02 05:55:15.955005
482,2026-02-04 05:55:15.955005,9,9,23.59376241857688,2,True,Indonesia,False,2026-03-02 05:55:15.955005
392,2026-01-05 05:55:15.955005,26,16,17.30026598940381,2,False,Indonesia,False,2026-03-02 05:55:15.955005
405,2026-02-26 05:55:15.955005,11,3,29.811022129481234,2,False,Indonesia,False,2026-03-02 05:55:15.955005
482,2026-03-01 05:55:15.955005,6,17,14.215687589548022,4,False,Malaysia,False,2026-03-02 05:55:15.955005
452,2026-01-07 05:55:15.955005,16,17,21.70433862501395,0,True,Indonesia,False,2026-03-02 05:55:15.955005
25,2026-01-04 05:55:15.955005,0,0,23.98514306569978,4,False,Malaysia,False,2026-03-02 05:55:15.955005
79,2026-01-29 05:55:15.955005,25,13,15.328912056994744,3,True,Indonesia,True,2026-03-02 05:55:15.955005
68,2026-02-15 05:55:15.955005,17,7,25.852530365629896,3,False,Malaysia,True,2026-03-02 05:55:15.955005
173,2026-02-08 05:55:15.955005,25,1,16.838483145008695,3,True,Singapore,True,2026-03-02 05:55:15.955005
444,2026-01-24 05:55:15.955005,14,18,12.937873107247311,2,True,Singapore,False,2026-03-02 05:55:15.955005
12,2026-01-07 05:55:15.955005,18,14,4.1268865417064635,1,False,Indonesia,True,2026-03-02 05:55:15.955005
288,2026-02-15 05:55:15.955005,27,1,12.408993714162301,4,False,Malaysia,True,2026-03-02 05:55:15.955005
128,2026-02-17 05:55:15.955005,0,3,22.28415718726524,1,True,Singapore,False,2026-03-02 05:55:15.955005
96,2026-02-02 05:55:15.955005,29,0,27.71730593872311,0,True,Singapore,False,2026-03-02 05:55:15.955005
92,2026-02-05 05:55:15.955005,4,18,8.298702711948998,0,False,Malaysia,False,2026-03-02 05:55:15.955005
141,2026-01-27 05:55:15.955005,14,9,11.301830002584577,4,False,Indonesia,False,2026-03-02 05:55:15.955005
31,2026-02-16 05:55:15.955005,2,0,5.46486882902836,3,False,Singapore,True,2026-03-02 05:55:15.955005
334,2026-02-28 05:55:15.955005,0,19,21.030963932640095,0,True,Indonesia,False,2026-03-02 05:55:15.955005
20,2026-02-08 05:55:15.955005,7,14,28.845464470287833,1,False,Indonesia,False,2026-03-02 05:55:15.955005
146,2026-02-02 05:55:15.955005,11,3,19.58761437559709,1,True,Malaysia,False,2026-03-02 05:55:15.955005
477,2026-01-28 05:55:15.955005,26,6,18.895219370180563,2,False,Malaysia,False,2026-03-02 05:55:15.955005
316,2026-01-29 05:55:15.955005,21,6,17.051207984512583,3,False,Singapore,True,2026-03-02 05:55:15.955005
447,2026-01-21 05:55:15.955005,24,17,3.5652164798805592,2,False,Malaysia,False,2026-03-02 05:55:15.955005
390,2026-01-21 05:55:15.955005,18,12,22.155610966452123,4,True,Singapore,False,2026-03-02 05:55:15.955005
160,2026-02-08 05:55:15.955005,24,9,18.459436762931173,0,True,Singapore,True,2026-03-02 05:55:15.955005
349,2026-02-24 05:55:15.955005,24,7,20.182826296832324,2,True,Singapore,False,2026-03-02 05:55:15.955005
43,2026-02-28 05:55:15.955005,11,9,27.065521697795226,2,True,Indonesia,False,2026-03-02 05:55:15.955005
254,2026-01-04 05:55:15.955005,12,13,23.734862824769518,4,False,Indonesia,False,2026-03-02 05:55:15.955005
130,2026-01-30 05:55:15.955005,27,13,23.646542312481255,1,False,Malaysia,False,2026-03-02 05:55:15.955005
60,2026-01-31 05:55:15.955005,0,19,27.88832929750108,1,False,Malaysia,False,2026-03-02 05:55:15.955005
151,2026-02-13 05:55:15.955005,18,10,29.708113592426987,4,True,Singapore,True,2026-03-02 05:55:15.955005
467,2026-01-19 05:55:15.955005,5,5,17.85719922687073,1,True,Singapore,False,2026-03-02 05:55:15.955005
287,2026-02-24 05:55:15.955005,7,0,4.1575668649038064,4,False,Indonesia,False,2026-03-02 05:55:15.955005
499,2026-01-21 05:55:15.955005,3,18,14.314767325487654,1,False,Indonesia,False,2026-03-02 05:55:15.955005
5,2026-03-02 05:55:15.955005,4,6,23.840433247387686,4,True,Singapore,False,2026-03-02 05:55:15.955005
467,2026-02-17 05:55:15.955005,24,17,1.8040344180936265,1,True,Singapore,True,2026-03-02 05:55:15.955005
418,2026-01-10 05:55:15.955005,21,2,2.649735712328323,2,True,Malaysia,True,2026-03-02 05:55:15.955005
266,2026-01-30 05:55:15.955005,27,19,2.9475756891018188,2,True,Singapore,True,2026-03-02 05:55:15.955005
345,2026-02-25 05:55:15.955005,6,10,22.200036991521014,1,False,Singapore,False,2026-03-02 05:55:15.955005
130,2026-01-23 05:55:15.955005,22,4,15.53383222833199,4,True,Singapore,True,2026-03-02 05:55:15.955005
382,2026-02-21 05:55:15.955005,3,18,11.698040362097213,2,False,Indonesia,False,2026-03-02 05:55:15.955005
267,2026-02-24 05:55:15.955005,19,1,4.062894312590344,0,False,Indonesia,True,2026-03-02 05:55:15.955005
178,2026-02-05 05:55:15.955005,3,3,22.234967255970783,1,False,Malaysia,False,2026-03-02 05:55:15.955005
253,2026-01-28 05:55:15.955005,29,9,10.30957450597609,0,True,Malaysia,False,2026-03-02 05:55:15.955005
415,2026-02-01 05:55:15.955005,14,1,8.694398031875348,0,False,Malaysia,True,2026-03-02 05:55:15.955005
56,2026-01-26 05:55:15.955005,26,7,19.91725684505298,3,False,Singapore,False,2026-03-02 05:55:15.955005
463,2026-02-10 05:55:15.955005,20,0,17.211315885308412,0,False,Singapore,True,2026-03-02 05:55:15.955005
457,2026-01-02 05:55:15.955005,4,5,11.509908612585747,0,True,Indonesia,False,2026-03-02 05:55:15.955005
471,2026-02-14 05:55:15.955005,23,10,19.603136653362053,3,False,Singapore,True,2026-03-02 05:55:15.955005
83,2026-01-29 05:55:15.955005,8,9,8.865424091139428,3,False,Singapore,True,2026-03-02 05:55:15.955005
393,2026-02-21 05:55:15.955005,1,12,24.050077586525475,3,False,Indonesia,False,2026-03-02 05:55:15.955005
99,2026-01-11 05:55:15.955005,26,0,7.6502495589219635,4,True,Malaysia,True,2026-03-02 05:55:15.955005
149,2026-01-15 05:55:15.955005,6,1,5.606293166078453,3,True,Singapore,False,2026-03-02 05:55:15.955005
329,2026-01-20 05:55:15.955005,16,2,23.69074287546737,4,False,Indonesia,True,2026-03-02 05:55:15.955005
156,2026-01-11 05:55:15.955005,15,8,21.528868890240062,1,False,Indonesia,False,2026-03-02 05:55:15.955005
190,2026-02-19 05:55:15.955005,16,4,6.296530295352155,4,True,Malaysia,True,2026-03-02 05:55:15.955005
494,2026-01-06 05:55:15.955005,19,9,4.371126828008201,1,True,Indonesia,False,2026-03-02 05:55:15.955005
371,2026-02-15 05:55:15.955005,25,9,25.31357356611407,3,True,Malaysia,False,2026-03-02 05:55:15.955005
263,2026-01-21 05:55:15.955005,22,11,23.521355983703952,3,False,Malaysia,False,2026-03-02 05:55:15.955005
80,2026-01-30 05:55:15.955005,1,17,10.490463837290262,1,True,Malaysia,False,2026-03-02 05:55:15.955005
400,2026-02-16 05:55:15.955005,10,0,20.087724838187633,2,True,Malaysia,True,2026-03-02 05:55:15.955005
252,2026-02-04 05:55:15.955005,1,2,4.600645409886513,4,True,Malaysia,True,2026-03-02 05:55:15.955005
97,2026-02-03 05:55:15.955005,0,4,15.704382112382666,0,True,Indonesia,False,2026-03-02 05:55:15.955005
260,2026-02-14 05:55:15.955005,25,16,1.5431784697521764,3,False,Singapore,True,2026-03-02 05:55:15.955005
260,2026-01-16 05:55:15.955005,1,7,12.356454546725109,4,True,Malaysia,False,2026-03-02 05:55:15.955005
103,2026-01-03 05:55:15.955005,28,16,3.1704418226707474,4,False,Malaysia,False,2026-03-02 05:55:15.955005
40,2026-01-12 05:55:15.955005,22,8,14.779268224549593,3,True,Singapore,False,2026-03-02 05:55:15.955005
273,2026-01-04 05:55:15.955005,8,5,13.228767758733936,1,False,Singapore,False,2026-03-02 05:55:15.955005
101,2026-03-01 05:55:15.955005,21,16,13.887165772503625,3,False,Malaysia,False,2026-03-02 05:55:15.955005
359,2026-01-26 05:55:15.955005,25,7,2.314607759391828,4,False,Singapore,False,2026-03-02 05:55:15.955005
380,2026-01-12 05:55:15.955005,1,6,11.48687389717314,2,False,Malaysia,False,2026-03-02 05:55:15.955005
308,2026-02-24 05:55:15.955005,27,6,22.93803162389758,1,True,Indonesia,False,2026-03-02 05:55:15.955005
221,2026-02-18 05:55:15.955005,14,14,11.698516827254982,3,False,Singapore,True,2026-03-02 05:55:15.955005
308,2026-02-16 05:55:15.955005,9,6,21.73998662567784,0,False,Singapore,False,2026-03-02 05:55:15.955005
420,2026-02-06 05:55:15.955005,14,7,11.714882985378264,3,False,Indonesia,False,2026-03-02 05:55:15.955005
124,2026-02-08 05:55:15.955005,9,8,13.273943803215406,4,False,Singapore,False,2026-03-02 05:55:15.955005
422,2026-01-02 05:55:15.955005,28,14,17.352871272048716,4,False,Indonesia,False,2026-03-02 05:55:15.955005
231,2026-02-09 05:55:15.955005,24,1,28.56977616740539,0,True,Malaysia,True,2026-03-02 05:55:15.955005
178,2026-02-05 05:55:15.955005,22,6,4.1569529527530005,1,False,Singapore,False,2026-03-02 05:55:15.955005
63,2026-01-29 05:55:15.955005,26,14,1.9544992911740366,4,False,Singapore,True,2026-03-02 05:55:15.955005
485,2026-02-20 05:55:15.955005,16,17,18.63075833049131,1,False,Indonesia,False,2026-03-02 05:55:15.955005
116,2026-02-21 05:55:15.955005,27,17,28.523815578924363,1,False,Malaysia,False,2026-03-02 05:55:15.955005
191,2026-02-06 05:55:15.955005,8,9,29.70197084408673,3,False,Malaysia,True,2026-03-02 05:55:15.955005
62,2026-01-25 05:55:15.955005,17,17,15.040763174368053,1,True,Indonesia,False,2026-03-02 05:55:15.955005
256,2026-01-14 05:55:15.955005,3,0,14.574367011467855,4,True,Singapore,False,2026-03-02 05:55:15.955005
483,2026-01-19 05:55:15.955005,8,6,19.70394935161069,4,True,Singapore,False,2026-03-02 05:55:15.955005
7,2026-01-09 05:55:15.955005,15,2,17.113407958944123,2,False,Indonesia,False,2026-03-02 05:55:15.955005
155,2026-01-24 05:55:15.955005,3,13,19.388553670809426,1,False,Indonesia,False,2026-03-02 05:55:15.955005
92,2026-01-21 05:55:15.955005,15,11,26.345983340598934,2,True,Indonesia,False,2026-03-02 05:55:15.955005
470,2026-01-17 05:55:15.955005,18,13,22.64287891514067,3,False,Singapore,False,2026-03-02 05:55:15.955005
14,2026-02-07 05:55:15.955005,0,3,15.40944435891707,2,True,Indonesia,False,2026-03-02 05:55:15.955005
455,2026-01-22 05:55:15.955005,22,12,14.394069311004918,1,False,Malaysia,False,2026-03-02 05:55:15.955005
229,2026-01-16 05:55:15.955005,5,15,19.548450706880363,4,False,Indonesia,True,2026-03-02 05:55:15.955005
86,2026-01-06 05:55:15.955005,9,15,14.215482248188627,3,False,Malaysia,True,2026-03-02 05:55:15.955005
133,2026-01-29 05:55:15.955005,15,4,14.275601186703556,1,True,Malaysia,False,2026-03-02 05:55:15.955005
183,2026-02-14 05:55:15.955005,3,19,1.4728711518086397,3,True,Indonesia,False,2026-03-02 05:55:15.955005
386,2026-02-07 05:55:15.955005,21,5,6.047859984811944,0,True,Malaysia,False,2026-03-02 05:55:15.955005
62,2026-01-25 05:55:15.955005,21,5,15.166895559876838,1,True,Singapore,False,2026-03-02 05:55:15.955005
219,2026-01-05 05:55:15.955005,12,17,24.856950312460704,0,True,Indonesia,False,2026-03-02 05:55:15.955005
405,2026-03-01 05:55:15.955005,15,5,9.0830831950866,2,True,Singapore,True,2026-03-02 05:55:15.955005
246,2026-01-30 05:55:15.955005,19,6,16.15665956080332,1,False,Singapore,False,2026-03-02 05:55:15.955005
230,2026-01-05 05:55:15.955005,29,15,11.003900458017734,0,True,Malaysia,False,2026-03-02 05:55:15.955005
79,2026-01-02 05:55:15.955005,28,8,4.039315696648082,4,True,Singapore,True,2026-03-02 05:55:15.955005
149,2026-02-07 05:55:15.955005,5,12,28.790656009067717,2,True,Singapore,False,2026-03-02 05:55:15.955005
138,2026-02-22 05:55:15.955005,25,11,25.78554223725875,1,True,Indonesia,False,2026-03-02 05:55:15.955005
471,2026-02-27 05:55:15.955005,10,18,3.2762803095402857,1,False,Indonesia,False,2026-03-02 05:55:15.955005
314,2026-02-14 05:55:15.955005,23,0,21.873830611580253,4,True,Singapore,True,2026-03-02 05:55:15.955005
376,2026-02-14 05:55:15.955005,28,7,11.079817226367506,4,True,Malaysia,False,2026-03-02 05:55:15.955005
423,2026-01-09 05:55:15.955005,2,3,29.850644404791986,0,True,Malaysia,False,2026-03-02 05:55:15.955005
389,2026-01-12 05:55:15.955005,19,18,9.769557075040353,0,True,Indonesia,False,2026-03-02 05:55:15.955005
65,2026-01-14 05:55:15.955005,9,4,7.923414915515398,0,False,Indonesia,False,2026-03-02 05:55:15.955005
13,2026-02-01 05:55:15.955005,28,16,17.46882590085675,3,False,Indonesia,True,2026-03-02 05:55:15.955005
213,2026-01-22 05:55:15.955005,27,2,25.218658736952918,2,False,Malaysia,False,2026-03-02 05:55:15.955005
474,2026-01-04 05:55:15.955005,29,18,6.5830472827741415,1,True,Indonesia,False,2026-03-02 05:55:15.955005
242,2026-02-20 05:55:15.955005,0,0,21.572680321860606,2,True,Singapore,False,2026-03-02 05:55:15.955005
493,2026-02-10 05:55:15.955005,19,0,2.780790911092529,4,True,Malaysia,True,2026-03-02 05:55:15.955005
213,2026-02-10 05:55:15.955005,10,19,27.64910755020442,2,False,Singapore,False,2026-03-02 05:55:15.955005
181,2026-02-13 05:55:15.955005,25,8,3.3511725682716644,2,False,Indonesia,True,2026-03-02 05:55:15.955005
338,2026-01-07 05:55:15.955005,25,4,27.512709913980714,0,True,Malaysia,False,2026-03-02 05:55:15.955005
485,2026-02-02 05:55:15.955005,11,6,15.233410234128382,4,True,Indonesia,False,2026-03-02 05:55:15.955005
173,2026-02-07 05:55:15.955005,13,5,13.994642271081675,2,True,Malaysia,False,2026-03-02 05:55:15.955005
160,2026-02-21 05:55:15.955005,24,16,29.22590530551092,1,False,Indonesia,False,2026-03-02 05:55:15.955005
164,2026-01-17 05:55:15.955005,7,16,29.721141153248354,0,True,Malaysia,False,2026-03-02 05:55:15.955005
465,2026-02-14 05:55:15.955005,10,12,19.85516565286935,2,False,Malaysia,False,2026-03-02 05:55:15.955005
483,2026-02-13 05:55:15.955005,3,11,4.686459463854407,4,False,Malaysia,False,2026-03-02 05:55:15.955005
497,2026-01-20 05:55:15.955005,27,3,15.678932484000873,1,False,Singapore,False,2026-03-02 05:55:15.955005
188,2026-01-14 05:55:15.955005,6,7,16.34572992771421,4,False,Indonesia,False,2026-03-02 05:55:15.955005
395,2026-02-11 05:55:15.955005,9,4,15.918946415923982,4,True,Indonesia,False,2026-03-02 05:55:15.955005
191,2026-01-25 05:55:15.955005,18,4,17.515263317080283,4,False,Malaysia,False,2026-03-02 05:55:15.955005
405,2026-01-17 05:55:15.955005,24,12,1.5430167000373294,3,True,Singapore,False,2026-03-02 05:55:15.955005
308,2026-02-13 05:55:15.955005,25,10,21.625591162644568,1,False,Malaysia,False,2026-03-02 05:55:15.955005
256,2026-02-14 05:55:15.955005,3,7,21.659434756636653,4,True,Indonesia,False,2026-03-02 05:55:15.955005
183,2026-02-22 05:55:15.955005,1,7,4.34862348015875,3,False,Indonesia,False,2026-03-02 05:55:15.955005
117,2026-02-17 05:55:15.955005,25,0,17.53694383092822,0,False,Malaysia,True,2026-03-02 05:55:15.955005
282,2026-01-13 05:55:15.955005,20,12,17.482474290637462,3,False,Malaysia,True,2026-03-02 05:55:15.955005
196,2026-02-02 05:55:15.955005,17,4,20.791062185521604,0,True,Malaysia,False,2026-03-02 05:55:15.955005
34,2026-01-31 05:55:15.955005,13,7,3.4765330719173515,3,False,Indonesia,True,2026-03-02 05:55:15.955005
52,2026-02-27 05:55:15.955005,25,16,19.168595910716796,4,False,Malaysia,False,2026-03-02 05:55:15.955005
112,2026-02-13 05:55:15.955005,15,12,9.141806571643894,3,False,Malaysia,True,2026-03-02 05:55:15.955005
252,2026-01-03 05:55:15.955005,21,8,15.703086724388985,3,False,Indonesia,False,2026-03-02 05:55:15.955005
82,2026-02-11 05:55:15.955005,10,1,23.426383028418226,4,True,Malaysia,True,2026-03-02 05:55:15.955005
232,2026-01-06 05:55:15.955005,9,18,21.463732154527385,0,True,Singapore,False,2026-03-02 05:55:15.955005
227,2026-01-06 05:55:15.955005,16,19,4.448187512661808,4,True,Indonesia,False,2026-03-02 05:55:15.955005
233,2026-01-15 05:55:15.955005,13,16,18.144358826366123,1,True,Malaysia,False,2026-03-02 05:55:15.955005
221,2026-01-19 05:55:15.955005,21,6,29.10437939728142,3,False,Malaysia,True,2026-03-02 05:55:15.955005
436,2026-01-18 05:55:15.955005,3,2,5.546313682715065,1,False,Indonesia,False,2026-03-02 05:55:15.955005
413,2026-02-22 05:55:15.955005,18,18,25.73430554403703,4,False,Indonesia,True,2026-03-02 05:55:15.955005
422,2026-02-18 05:55:15.955005,1,18,21.373894336059532,4,True,Singapore,False,2026-03-02 05:55:15.955005
42,2026-02-16 05:55:15.955005,6,8,23.44609607438303,2,False,Malaysia,False,2026-03-02 05:55:15.955005
21,2026-02-04 05:55:15.955005,8,9,9.176791487136718,1,True,Malaysia,False,2026-03-02 05:55:15.955005
42,2026-02-16 05:55:15.955005,27,13,9.348778952015431,2,True,Malaysia,False,2026-03-02 05:55:15.955005
397,2026-02-03 05:55:15.955005,18,17,27.274564217518154,1,True,Indonesia,False,2026-03-02 05:55:15.955005
113,2026-01-25 05:55:15.955005,15,14,11.4351289306842,2,False,Indonesia,False,2026-03-02 05:55:15.955005
105,2026-01-07 05:55:15.955005,21,0,2.827446330091504,2,False,Indonesia,True,2026-03-02 05:55:15.955005
192,2026-02-12 05:55:15.955005,24,5,18.417304403804053,1,False,Malaysia,True,2026-03-02 05:55:15.955005
17,2026-02-05 05:55:15.955005,15,14,4.6197124022134375,4,True,Malaysia,False,2026-03-02 05:55:15.955005
120,2026-01-10 05:55:15.955005,17,5,24.101291000829338,0,False,Indonesia,False,2026-03-02 05:55:15.955005
393,2026-02-05 05:55:15.955005,22,17,19.610646832530666,4,False,Singapore,True,2026-03-02 05:55:15.955005
425,2026-02-06 05:55:15.955005,20,0,26.36706865141504,0,True,Malaysia,True,2026-03-02 05:55:15.955005
129,2026-02-05 05:55:15.955005,20,2,23.76028024369642,1,False,Singapore,True,2026-03-02 05:55:15.955005
130,2026-02-05 05:55:15.955005,10,16,4.2512958018076885,3,False,Indonesia,False,2026-03-02 05:55:15.955005
60,2026-01-16 05:55:15.955005,6,15,12.051049616598245,4,True,Malaysia,True,2026-03-02 05:55:15.955005
48,2026-02-03 05:55:15.955005,8,7,23.46224724752303,2,True,Singapore,False,2026-03-02 05:55:15.955005
29,2026-01-13 05:55:15.955005,3,16,13.102902724723448,4,False,Malaysia,False,2026-03-02 05:55:15.955005
97,2026-02-13 05:55:15.955005,24,7,29.198599058619372,1,True,Singapore,False,2026-03-02 05:55:15.955005
10,2026-01-30 05:55:15.955005,29,16,22.336473046910026,3,False,Malaysia,True,2026-03-02 05:55:15.955005
242,2026-01-09 05:55:15.955005,12,8,1.4494975840193098,3,False,Singapore,False,2026-03-02 05:55:15.955005
314,2026-02-28 05:55:15.955005,26,11,26.519585055264255,4,True,Singapore,False,2026-03-02 05:55:15.955005
444,2026-03-01 05:55:15.955005,25,18,3.9233387611881705,4,True,Indonesia,False,2026-03-02 05:55:15.955005
232,2026-01-29 05:55:15.955005,24,3,5.0751880012224895,4,True,Indonesia,False,2026-03-02 05:55:15.955005
277,2026-01-20 05:55:15.955005,28,10,22.300279617720477,1,True,Singapore,True,2026-03-02 05:55:15.955005
284,2026-02-12 05:55:15.955005,3,3,26.084088223483928,0,False,Malaysia,False,2026-03-02 05:55:15.955005
203,2026-02-14 05:55:15.955005,18,13,16.554139209087126,0,True,Singapore,True,2026-03-02 05:55:15.955005
247,2026-01-18 05:55:15.955005,1,13,9.382442255427597,2,True,Malaysia,False,2026-03-02 05:55:15.955005
290,2026-01-29 05:55:15.955005,8,5,11.18815081234209,1,True,Malaysia,False,2026-03-02 05:55:15.955005
264,2026-02-19 05:55:15.955005,11,16,10.943790558285624,3,True,Malaysia,True,2026-03-02 05:55:15.955005
443,2026-01-13 05:55:15.955005,1,1,10.473665010475855,2,False,Malaysia,False,2026-03-02 05:55:15.955005
214,2026-01-06 05:55:15.955005,5,7,8.044380482827844,3,True,Indonesia,False,2026-03-02 05:55:15.955005
200,2026-02-28 05:55:15.955005,4,3,18.65714574424776,3,True,Singapore,False,2026-03-02 05:55:15.955005
433,2026-01-19 05:55:15.955005,29,9,27.11175423838695,4,False,Malaysia,False,2026-03-02 05:55:15.955005
79,2026-01-13 05:55:15.955005,4,6,9.905389979416894,3,True,Indonesia,False,2026-03-02 05:55:15.955005
401,2026-01-07 05:55:15.955005,19,3,6.41413462638095,3,False,Malaysia,True,2026-03-02 05:55:15.955005
444,2026-02-05 05:55:15.955005,21,15,25.31875232477132,1,False,Malaysia,False,2026-03-02 05:55:15.955005
343,2026-01-27 05:55:15.955005,4,13,22.511716595801396,4,False,Indonesia,True,2026-03-02 05:55:15.955005
344,2026-02-23 05:55:15.955005,26,15,27.994273915237404,4,False,Indonesia,True,2026-03-02 05:55:15.955005
173,2026-01-10 05:55:15.955005,3,8,5.8000723325423795,2,True,Malaysia,False,2026-03-02 05:55:15.955005
467,2026-01-26 05:55:15.955005,28,3,5.183288109381154,4,False,Singapore,True,2026-03-02 05:55:15.955005
69,2026-01-09 05:55:15.955005,8,5,16.701452434844903,0,True,Indonesia,False,2026-03-02 05:55:15.955005
416,2026-01-08 05:55:15.955005,28,0,18.818575990217763,1,False,Singapore,False,2026-03-02 05:55:15.955005
428,2026-02-24 05:55:15.955005,21,6,14.925029813928097,2,False,Malaysia,False,2026-03-02 05:55:15.955005
449,2026-01-16 05:55:15.955005,26,0,18.37003245339239,0,True,Malaysia,False,2026-03-02 05:55:15.955005
87,2026-01-16 05:55:15.955005,9,18,6.231013297377069,3,True,Malaysia,False,2026-03-02 05:55:15.955005
101,2026-01-26 05:55:15.955005,15,7,14.908798870758417,0,False,Malaysia,False,2026-03-02 05:55:15.955005
8,2026-02-15 05:55:15.955005,9,2,20.084684267250367,2,True,Malaysia,False,2026-03-02 05:55:15.955005
333,2026-02-07 05:55:15.955005,28,0,13.548487028212408,4,False,Malaysia,False,2026-03-02 05:55:15.955005
200,2026-01-08 05:55:15.955005,9,0,20.70397273868134,1,True,Singapore,False,2026-03-02 05:55:15.955005
87,2026-03-02 05:55:15.955005,28,6,14.08454713606135,2,False,Indonesia,False,2026-03-02 05:55:15.955005
43,2026-01-13 05:55:15.955005,18,12,10.67438784442604,0,True,Malaysia,False,2026-03-02 05:55:15.955005
385,2026-02-06 05:55:15.955005,9,0,9.804546365525677,0,True,Indonesia,False,2026-03-02 05:55:15.955005
109,2026-02-21 05:55:15.955005,5,15,12.916159710669053,2,False,Singapore,False,2026-03-02 05:55:15.955005
435,2026-01-08 05:55:15.955005,29,13,1.669599057783824,2,False,Malaysia,False,2026-03-02 05:55:15.955005
408,2026-02-15 05:55:15.955005,16,3,20.387229014937297,2,False,Malaysia,False,2026-03-02 05:55:15.955005
483,2026-02-15 05:55:15.955005,4,11,25.508063588427593,4,True,Indonesia,False,2026-03-02 05:55:15.955005
152,2026-01-04 05:55:15.955005,25,11,11.28418573885044,2,True,Indonesia,False,2026-03-02 05:55:15.955005
17,2026-02-23 05:55:15.955005,5,16,2.3349609481098383,3,False,Indonesia,False,2026-03-02 05:55:15.955005
133,2026-02-02 05:55:15.955005,26,14,29.616492324181174,1,True,Malaysia,False,2026-03-02 05:55:15.955005
148,2026-01-23 05:55:15.955005,23,9,8.647249408080942,1,False,Indonesia,False,2026-03-02 05:55:15.955005
277,2026-02-03 05:55:15.955005,26,2,4.672012529032417,3,True,Indonesia,True,2026-03-02 05:55:15.955005
232,2026-02-25 05:55:15.955005,14,19,11.72282273121781,0,True,Singapore,False,2026-03-02 05:55:15.955005
314,2026-02-15 05:55:15.955005,24,19,22.418154178373143,0,True,Malaysia,False,2026-03-02 05:55:15.955005
415,2026-02-11 05:55:15.955005,26,11,9.523581309826405,0,False,Malaysia,True,2026-03-02 05:55:15.955005
366,2026-02-15 05:55:15.955005,18,0,17.666392913665145,0,True,Malaysia,True,2026-03-02 05:55:15.955005
228,2026-02-24 05:55:15.955005,17,0,13.051239838677123,4,True,Indonesia,True,2026-03-02 05:55:15.955005
139,2026-01-21 05:55:15.955005,28,9,4.415155776021936,3,True,Singapore,True,2026-03-02 05:55:15.955005
436,2026-02-17 05:55:15.955005,3,17,10.578323362271197,1,True,Indonesia,False,2026-03-02 05:55:15.955005
399,2026-01-19 05:55:15.955005,7,14,22.021244665707933,3,False,Malaysia,False,2026-03-02 05:55:15.955005
211,2026-02-05 05:55:15.955005,26,1,18.748113022611925,1,True,Indonesia,False,2026-03-02 05:55:15.955005
391,2026-02-05 05:55:15.955005,15,16,4.473573016623269,0,True,Malaysia,True,2026-03-02 05:55:15.955005
499,2026-02-17 05:55:15.955005,23,7,5.736349881714948,4,True,Indonesia,False,2026-03-02 05:55:15.955005
28,2026-02-24 05:55:15.955005,18,8,19.581267419915918,2,True,Indonesia,False,2026-03-02 05:55:15.955005
51,2026-01-29 05:55:15.955005,19,19,24.589047015305198,2,False,Malaysia,True,2026-03-02 05:55:15.955005
491,2026-02-05 05:55:15.955005,2,10,11.134760382786908,0,True,Indonesia,False,2026-03-02 05:55:15.955005
442,2026-01-05 05:55:15.955005,9,5,18.264011803460054,0,True,Malaysia,False,2026-03-02 05:55:15.955005
261,2026-01-17 05:55:15.955005,1,13,5.948664073811053,3,True,Indonesia,False,2026-03-02 05:55:15.955005
261,2026-02-11 05:55:15.955005,3,0,10.029913770254392,4,True,Indonesia,False,2026-03-02 05:55:15.955005
350,2026-02-28 05:55:15.955005,5,6,1.5878359645185254,4,False,Indonesia,False,2026-03-02 05:55:15.955005
352,2026-01-10 05:55:15.955005,10,8,23.280002486186156,3,True,Malaysia,False,2026-03-02 05:55:15.955005
8,2026-02-27 05:55:15.955005,13,10,12.629284773416037,4,True,Indonesia,False,2026-03-02 05:55:15.955005
320,2026-02-05 05:55:15.955005,15,15,24.667641635964664,4,False,Indonesia,True,2026-03-02 05:55:15.955005
138,2026-02-20 05:55:15.955005,26,18,21.54281688465906,2,True,Singapore,False,2026-03-02 05:55:15.955005
38,2026-03-01 05:55:15.955005,20,1,25.03358370612583,4,False,Singapore,True,2026-03-02 05:55:15.955005
111,2026-02-17 05:55:15.955005,18,14,9.284101417903601,0,True,Malaysia,False,2026-03-02 05:55:15.955005
480,2026-01-18 05:55:15.955005,1,2,6.368153182407513,2,True,Malaysia,False,2026-03-02 05:55:15.955005
368,2026-02-01 05:55:15.955005,24,3,29.185264796898444,0,True,Malaysia,False,2026-03-02 05:55:15.955005
220,2026-01-13 05:55:15.955005,16,19,21.802505824185218,0,True,Malaysia,False,2026-03-02 05:55:15.955005
337,2026-02-19 05:55:15.955005,8,6,25.18722576987344,3,True,Indonesia,True,2026-03-02 05:55:15.955005
223,2026-02-05 05:55:15.955005,16,11,1.380867837588078,4,True,Indonesia,True,2026-03-02 05:55:15.955005
136,2026-01-18 05:55:15.955005,14,3,11.279386988580711,4,True,Malaysia,False,2026-03-02 05:55:15.955005
256,2026-01-29 05:55:15.955005,29,9,22.54168402674262,4,True,Malaysia,False,2026-03-02 05:55:15.955005
360,2026-02-18 05:55:15.955005,6,5,3.261502156709516,4,True,Singapore,False,2026-03-02 05:55:15.955005
409,2026-02-17 05:55:15.955005,21,13,17.452857957499134,2,True,Malaysia,True,2026-03-02 05:55:15.955005
329,2026-02-07 05:55:15.955005,22,2,13.443110256195094,1,True,Singapore,True,2026-03-02 05:55:15.955005
450,2026-01-28 05:55:15.955005,18,16,1.5108787070921115,0,True,Malaysia,False,2026-03-02 05:55:15.955005
463,2026-01-18 05:55:15.955005,29,10,7.84329173646409,1,False,Malaysia,False,2026-03-02 05:55:15.955005
434,2026-02-05 05:55:15.955005,2,9,9.258967682934712,1,True,Indonesia,False,2026-03-02 05:55:15.955005
451,2026-02-10 05:55:15.955005,28,9,4.243938444043351,1,False,Malaysia,True,2026-03-02 05:55:15.955005
49,2026-02-03 05:55:15.955005,26,9,19.314570382537152,2,False,Singapore,False,2026-03-02 05:55:15.955005
292,2026-01-14 05:55:15.955005,0,2,8.029538411304781,1,True,Indonesia,False,2026-03-02 05:55:15.955005
382,2026-01-26 05:55:15.955005,3,14,9.050965488962262,2,False,Singapore,False,2026-03-02 05:55:15.955005
324,2026-01-22 05:55:15.955005,27,16,27.048919347804276,3,True,Malaysia,False,2026-03-02 05:55:15.955005
78,2026-03-01 05:55:15.955005,17,17,14.546569688101044,3,True,Indonesia,True,2026-03-02 05:55:15.955005
105,2026-01-20 05:55:15.955005,25,18,12.371716262108897,3,False,Singapore,True,2026-03-02 05:55:15.955005
169,2026-02-22 05:55:15.955005,7,18,21.9922601111268,2,False,Malaysia,False,2026-03-02 05:55:15.955005
217,2026-02-08 05:55:15.955005,18,11,27.37880010960445,2,False,Singapore,False,2026-03-02 05:55:15.955005
378,2026-02-16 05:55:15.955005,22,4,1.726053750885871,0,True,Malaysia,False,2026-03-02 05:55:15.955005
119,2026-02-18 05:55:15.955005,22,15,13.998926550106498,1,False,Singapore,True,2026-03-02 05:55:15.955005
190,2026-02-08 05:55:15.955005,27,14,18.71265932626047,4,False,Malaysia,False,2026-03-02 05:55:15.955005
255,2026-02-14 05:55:15.955005,24,14,10.238329845653698,4,False,Singapore,True,2026-03-02 05:55:15.955005
370,2026-01-14 05:55:15.955005,5,5,23.39982394157401,1,True,Indonesia,False,2026-03-02 05:55:15.955005
266,2026-01-02 05:55:15.955005,0,11,29.17283503783794,4,True,Malaysia,False,2026-03-02 05:55:15.955005
149,2026-03-01 05:55:15.955005,7,1,28.359393621258214,4,False,Malaysia,True,2026-03-02 05:55:15.955005
164,2026-02-11 05:55:15.955005,0,19,8.713493642018314,4,False,Singapore,False,2026-03-02 05:55:15.955005
140,2026-02-11 05:55:15.955005,18,8,7.563810074687094,2,False,Malaysia,False,2026-03-02 05:55:15.955005
347,2026-01-03 05:55:15.955005,10,3,28.76722539961541,2,False,Indonesia,False,2026-03-02 05:55:15.955005
488,2026-01-16 05:55:15.955005,20,4,14.30022613551251,2,False,Singapore,False,2026-03-02 05:55:15.955005
258,2026-02-28 05:55:15.955005,23,7,7.040633969456061,1,False,Singapore,True,2026-03-02 05:55:15.955005
374,2026-01-07 05:55:15.955005,24,9,21.50291194528213,3,False,Singapore,False,2026-03-02 05:55:15.955005
269,2026-02-19 05:55:15.955005,14,6,9.248189393209955,4,True,Indonesia,True,2026-03-02 05:55:15.955005
181,2026-01-22 05:55:15.955005,22,13,8.750162277060518,0,False,Indonesia,True,2026-03-02 05:55:15.955005
160,2026-03-01 05:55:15.955005,24,4,26.498222249255758,2,False,Malaysia,False,2026-03-02 05:55:15.955005
351,2026-01-26 05:55:15.955005,10,15,5.7118954479302,0,True,Singapore,False,2026-03-02 05:55:15.955005
400,2026-02-17 05:55:15.955005,18,14,2.867395447520855,4,False,Indonesia,True,2026-03-02 05:55:15.955005
288,2026-02-15 05:55:15.955005,28,4,8.80640676497893,3,True,Malaysia,True,2026-03-02 05:55:15.955005
288,2026-02-12 05:55:15.955005,20,2,18.60141697230791,0,False,Indonesia,True,2026-03-02 05:55:15.955005
380,2026-01-28 05:55:15.955005,9,9,4.569547748694847,4,True,Indonesia,False,2026-03-02 05:55:15.955005
226,2026-01-18 05:55:15.955005,23,4,14.676245496027018,4,False,Indonesia,True,2026-03-02 05:55:15.955005
11,2026-01-16 05:55:15.955005,11,14,19.192776202334276,2,False,Malaysia,False,2026-03-02 05:55:15.955005
10,2026-02-25 05:55:15.955005,0,17,25.613372785202042,3,True,Indonesia,False,2026-03-02 05:55:15.955005
271,2026-02-18 05:55:15.955005,23,7,7.666218144865376,4,True,Indonesia,False,2026-03-02 05:55:15.955005
273,2026-01-26 05:55:15.955005,6,1,24.703043378100894,3,True,Indonesia,False,2026-03-02 05:55:15.955005
424,2026-02-09 05:55:15.955005,16,7,7.812281572805919,2,False,Singapore,False,2026-03-02 05:55:15.955005
402,2026-02-13 05:55:15.955005,28,7,20.626229695949576,0,False,Indonesia,True,2026-03-02 05:55:15.955005
183,2026-02-19 05:55:15.955005,28,3,13.489533572991197,1,False,Singapore,True,2026-03-02 05:55:15.955005
457,2026-01-10 05:55:15.955005,25,18,4.325756028981434,1,False,Indonesia,False,2026-03-02 05:55:15.955005
153,2026-01-03 05:55:15.955005,27,17,21.713640421833613,1,False,Singapore,True,2026-03-02 05:55:15.955005
488,2026-01-08 05:55:15.955005,9,0,7.315115937921516,3,True,Indonesia,False,2026-03-02 05:55:15.955005
315,2026-02-01 05:55:15.955005,27,19,6.1220793547131525,1,False,Singapore,False,2026-03-02 05:55:15.955005
334,2026-01-09 05:55:15.955005,5,14,11.391364929092113,0,True,Singapore,False,2026-03-02 05:55:15.955005
124,2026-01-11 05:55:15.955005,16,17,19.945417098025022,4,True,Singapore,True,2026-03-02 05:55:15.955005
473,2026-01-22 05:55:15.955005,17,11,7.785897884928206,3,False,Indonesia,False,2026-03-02 05:55:15.955005
114,2026-02-24 05:55:15.955005,4,0,6.326184624674687,0,False,Malaysia,False,2026-03-02 05:55:15.955005
278,2026-01-30 05:55:15.955005,17,6,1.2886551456875657,3,True,Singapore,False,2026-03-02 05:55:15.955005
500,2026-01-14 05:55:15.955005,29,18,14.677649815949984,3,False,Singapore,True,2026-03-02 05:55:15.955005
414,2026-02-12 05:55:15.955005,25,0,13.430721510140298,3,True,Singapore,True,2026-03-02 05:55:15.955005
468,2026-02-25 05:55:15.955005,16,6,7.782164565483912,2,False,Singapore,False,2026-03-02 05:55:15.955005
213,2026-02-11 05:55:15.955005,21,1,2.5559127562810318,4,True,Singapore,True,2026-03-02 05:55:15.955005
172,2026-02-04 05:55:15.955005,15,6,13.44842036327927,1,False,Malaysia,True,2026-03-02 05:55:15.955005
288,2026-01-09 05:55:15.955005,7,18,23.857948221077308,2,False,Indonesia,False,2026-03-02 05:55:15.955005
435,2026-01-19 05:55:15.955005,23,12,21.74318180848813,4,False,Malaysia,True,2026-03-02 05:55:15.955005
174,2026-01-25 05:55:15.955005,12,4,25.96305180594494,1,True,Indonesia,False,2026-03-02 05:55:15.955005
113,2026-01-14 05:55:15.955005,28,18,1.2778979436815132,2,False,Malaysia,True,2026-03-02 05:55:15.955005
376,2026-02-24 05:55:15.955005,23,0,29.026160187333357,2,True,Indonesia,True,2026-03-02 05:55:15.955005
405,2026-01-03 05:55:15.955005,15,0,10.900955326196001,0,False,Singapore,False,2026-03-02 05:55:15.955005
483,2026-02-26 05:55:15.955005,10,17,29.72153608666698,2,False,Indonesia,False,2026-03-02 05:55:15.955005
122,2026-02-20 05:55:15.955005,5,0,8.325964357451465,3,True,Indonesia,False,2026-03-02 05:55:15.955005
32,2026-02-16 05:55:15.955005,26,4,14.674555239769099,2,True,Singapore,False,2026-03-02 05:55:15.955005
222,2026-02-28 05:55:15.955005,2,8,11.263902620683806,3,True,Singapore,False,2026-03-02 05:55:15.955005
119,2026-01-04 05:55:15.955005,0,11,11.317060734834776,4,False,Indonesia,True,2026-03-02 05:55:15.955005
39,2026-02-26 05:55:15.955005,17,8,25.426180863698256,4,False,Indonesia,True,2026-03-02 05:55:15.955005
497,2026-02-08 05:55:15.955005,4,17,22.646149252382823,3,False,Singapore,False,2026-03-02 05:55:15.955005
268,2026-01-09 05:55:15.955005,12,10,29.772391621671396,0,False,Malaysia,False,2026-03-02 05:55:15.955005
233,2026-01-25 05:55:15.955005,9,0,18.791925798807863,0,False,Singapore,False,2026-03-02 05:55:15.955005
431,2026-02-22 05:55:15.955005,4,18,14.434441527440578,4,False,Indonesia,False,2026-03-02 05:55:15.955005
18,2026-02-16 05:55:15.955005,25,9,3.6121420254598426,2,False,Indonesia,True,2026-03-02 05:55:15.955005
149,2026-02-28 05:55:15.955005,13,1,29.90028116590185,4,True,Indonesia,False,2026-03-02 05:55:15.955005
397,2026-02-02 05:55:15.955005,16,6,16.994388935036206,4,False,Singapore,True,2026-03-02 05:55:15.955005
149,2026-02-25 05:55:15.955005,0,19,21.31384662101411,3,True,Singapore,False,2026-03-02 05:55:15.955005
126,2026-02-14 05:55:15.955005,24,1,12.79552922854803,0,False,Malaysia,True,2026-03-02 05:55:15.955005
392,2026-02-05 05:55:15.955005,1,18,16.883755537197843,3,True,Indonesia,True,2026-03-02 05:55:15.955005
302,2026-02-10 05:55:15.955005,6,5,28.33475422489373,4,True,Indonesia,False,2026-03-02 05:55:15.955005
360,2026-02-23 05:55:15.955005,9,9,5.82616370001648,1,True,Singapore,False,2026-03-02 05:55:15.955005
238,2026-02-10 05:55:15.955005,19,8,9.478804945577384,2,False,Indonesia,False,2026-03-02 05:55:15.955005
135,2026-01-05 05:55:15.955005,6,7,5.409732105562938,4,True,Malaysia,False,2026-03-02 05:55:15.955005
151,2026-02-20 05:55:15.955005,23,10,23.974261210338465,3,True,Singapore,False,2026-03-02 05:55:15.955005
236,2026-01-24 05:55:15.955005,15,8,2.799312552233057,1,True,Indonesia,False,2026-03-02 05:55:15.955005
224,2026-02-23 05:55:15.955005,4,19,3.367317845688811,1,True,Singapore,False,2026-03-02 05:55:15.955005
203,2026-01-20 05:55:15.955005,28,19,9.656329270833693,4,False,Singapore,True,2026-03-02 05:55:15.955005
256,2026-02-07 05:55:15.955005,27,8,15.911457246709327,0,False,Malaysia,False,2026-03-02 05:55:15.955005
86,2026-01-27 05:55:15.955005,11,7,12.78196921622801,1,False,Singapore,False,2026-03-02 05:55:15.955005
150,2026-01-07 05:55:15.955005,16,14,2.299673009453411,2,False,Indonesia,False,2026-03-02 05:55:15.955005
235,2026-02-17 05:55:15.955005,15,1,28.767255178257596,3,True,Malaysia,True,2026-03-02 05:55:15.955005
345,2026-01-07 05:55:15.955005,19,0,28.633216090384426,3,False,Singapore,True,2026-03-02 05:55:15.955005
22,2026-02-17 05:55:15.955005,25,8,9.101333373982037,3,True,Indonesia,True,2026-03-02 05:55:15.955005
348,2026-02-21 05:55:15.955005,15,8,22.214242842788863,4,False,Singapore,False,2026-03-02 05:55:15.955005
285,2026-02-19 05:55:15.955005,18,12,17.77868693011349,3,True,Singapore,False,2026-03-02 05:55:15.955005
269,2026-01-24 05:55:15.955005,25,7,7.886824155163098,3,True,Malaysia,True,2026-03-02 05:55:15.955005
466,2026-01-18 05:55:15.955005,14,4,8.602975000506849,2,True,Malaysia,False,2026-03-02 05:55:15.955005
258,2026-01-07 05:55:15.955005,11,2,15.243442055003063,0,True,Malaysia,True,2026-03-02 05:55:15.955005
29,2026-01-16 05:55:15.955005,20,3,13.157871303423443,4,False,Malaysia,True,2026-03-02 05:55:15.955005
213,2026-01-28 05:55:15.955005,9,16,9.445650518706662,4,False,Indonesia,False,2026-03-02 05:55:15.955005
463,2026-01-21 05:55:15.955005,28,15,24.41783629284932,3,True,Singapore,False,2026-03-02 05:55:15.955005
436,2026-02-21 05:55:15.955005,25,15,14.962424611484163,2,True,Malaysia,False,2026-03-02 05:55:15.955005
283,2026-01-04 05:55:15.955005,28,19,19.990593809284707,1,False,Indonesia,True,2026-03-02 05:55:15.955005
50,2026-02-14 05:55:15.955005,21,2,6.488931504868389,3,False,Malaysia,True,2026-03-02 05:55:15.955005
95,2026-02-14 05:55:15.955005,1,5,16.471722212978115,3,False,Singapore,False,2026-03-02 05:55:15.955005
463,2026-02-28 05:55:15.955005,6,0,10.221305433952024,4,True,Malaysia,True,2026-03-02 05:55:15.955005
499,2026-01-31 05:55:15.955005,12,15,16.26599470145147,4,True,Singapore,False,2026-03-02 05:55:15.955005
407,2026-01-11 05:55:15.955005,2,14,23.643949168916915,3,True,Singapore,False,2026-03-02 05:55:15.955005
88,2026-03-02 05:55:15.955005,14,6,23.29848309264659,4,True,Indonesia,False,2026-03-02 05:55:15.955005
44,2026-02-19 05:55:15.955005,0,1,11.272399662994001,2,False,Malaysia,False,2026-03-02 05:55:15.955005
461,2026-01-23 05:55:15.955005,25,9,21.134036395309536,1,True,Malaysia,False,2026-03-02 05:55:15.955005
278,2026-02-27 05:55:15.955005,2,14,28.297408561434032,1,False,Singapore,False,2026-03-02 05:55:15.955005
171,2026-01-20 05:55:15.955005,24,5,19.144410567822288,1,True,Malaysia,True,2026-03-02 05:55:15.955005
421,2026-02-18 05:55:15.955005,9,1,5.303893578096478,3,False,Singapore,False,2026-03-02 05:55:15.955005
189,2026-01-28 05:55:15.955005,26,16,20.711550249093758,3,True,Indonesia,False,2026-03-02 05:55:15.955005
353,2026-01-20 05:55:15.955005,26,0,4.042227204130028,3,False,Malaysia,False,2026-03-02 05:55:15.955005
184,2026-02-10 05:55:15.955005,14,0,26.291201854997787,2,False,Singapore,False,2026-03-02 05:55:15.955005
3,2026-02-09 05:55:15.955005,21,3,15.983154378256268,1,True,Malaysia,False,2026-03-02 05:55:15.955005
191,2026-01-05 05:55:15.955005,26,19,12.169081353035807,4,False,Malaysia,True,2026-03-02 05:55:15.955005
118,2026-02-27 05:55:15.955005,5,15,2.653191244841079,4,False,Indonesia,True,2026-03-02 05:55:15.955005
19,2026-02-13 05:55:15.955005,19,7,12.042728303171181,0,False,Singapore,False,2026-03-02 05:55:15.955005
23,2026-02-26 05:55:15.955005,14,0,27.192993369557893,0,True,Indonesia,False,2026-03-02 05:55:15.955005
413,2026-02-12 05:55:15.955005,23,18,1.6085068923027923,4,True,Indonesia,True,2026-03-02 05:55:15.955005
30,2026-03-01 05:55:15.955005,20,10,14.764796575672342,1,True,Indonesia,False,2026-03-02 05:55:15.955005
295,2026-02-19 05:55:15.955005,6,16,28.003584642208047,3,True,Singapore,False,2026-03-02 05:55:15.955005
108,2026-02-14 05:55:15.955005,24,9,12.45038899318561,4,False,Singapore,False,2026-03-02 05:55:15.955005
367,2026-02-21 05:55:15.955005,28,11,13.417094936402362,4,False,Malaysia,True,2026-03-02 05:55:15.955005
281,2026-01-28 05:55:15.955005,28,8,17.77824160077448,0,True,Singapore,True,2026-03-02 05:55:15.955005
128,2026-02-25 05:55:15.955005,29,6,14.425182673738322,1,False,Indonesia,False,2026-03-02 05:55:15.955005
229,2026-02-23 05:55:15.955005,20,11,5.8894490458890205,4,True,Singapore,False,2026-03-02 05:55:15.955005
111,2026-01-11 05:55:15.955005,26,14,1.5381106330259517,3,True,Malaysia,True,2026-03-02 05:55:15.955005
136,2026-02-20 05:55:15.955005,29,7,18.684538081382346,3,False,Indonesia,False,2026-03-02 05:55:15.955005
362,2026-01-05 05:55:15.955005,4,16,27.70339102322655,2,True,Malaysia,False,2026-03-02 05:55:15.955005
186,2026-02-19 05:55:15.955005,29,4,4.084559857787803,3,False,Singapore,True,2026-03-02 05:55:15.955005
144,2026-02-22 05:55:15.955005,3,13,7.117628858329848,4,True,Malaysia,True,2026-03-02 05:55:15.955005
72,2026-03-01 05:55:15.955005,21,1,11.736655088924232,4,True,Malaysia,True,2026-03-02 05:55:15.955005
129,2026-02-23 05:55:15.955005,17,15,24.45352464161247,3,True,Singapore,False,2026-03-02 05:55:15.955005
364,2026-01-04 05:55:15.955005,2,16,8.80854917765835,0,False,Malaysia,False,2026-03-02 05:55:15.955005
261,2026-02-20 05:55:15.955005,16,2,26.579577724084285,1,True,Singapore,True,2026-03-02 05:55:15.955005
3,2026-01-02 05:55:15.955005,17,0,2.593778364851926,4,False,Indonesia,True,2026-03-02 05:55:15.955005
449,2026-01-09 05:55:15.955005,17,17,28.28774201650911,3,True,Malaysia,True,2026-03-02 05:55:15.955005
388,2026-01-26 05:55:15.955005,23,17,17.261665258339182,3,True,Indonesia,False,2026-03-02 05:55:15.955005
104,2026-02-21 05:55:15.955005,23,3,20.10455267614343,4,False,Singapore,True,2026-03-02 05:55:15.955005
483,2026-02-10 05:55:15.955005,1,14,11.662996153554241,2,False,Singapore,False,2026-03-02 05:55:15.955005
224,2026-02-11 05:55:15.955005,12,18,23.67783427982075,1,False,Malaysia,False,2026-03-02 05:55:15.955005
320,2026-01-14 05:55:15.955005,29,18,5.830421252447776,4,False,Malaysia,False,2026-03-02 05:55:15.955005
362,2026-02-23 05:55:15.955005,21,9,2.4184429330761237,3,False,Singapore,True,2026-03-02 05:55:15.955005
354,2026-01-26 05:55:15.955005,14,4,12.469991350119157,2,False,Singapore,False,2026-03-02 05:55:15.955005
491,2026-02-02 05:55:15.955005,4,18,25.757175705450145,4,True,Indonesia,False,2026-03-02 05:55:15.955005
473,2026-01-20 05:55:15.955005,2,10,22.892878262493145,1,False,Indonesia,False,2026-03-02 05:55:15.955005
10,2026-02-19 05:55:15.955005,4,6,15.997523144179782,2,True,Malaysia,False,2026-03-02 05:55:15.955005
405,2026-02-17 05:55:15.955005,4,4,17.59199466779525,3,True,Malaysia,False,2026-03-02 05:55:15.955005
384,2026-01-14 05:55:15.955005,4,19,4.766891962663907,0,True,Malaysia,False,2026-03-02 05:55:15.955005
302,2026-01-08 05:55:15.955005,2,11,25.379763749909884,1,False,Malaysia,False,2026-03-02 05:55:15.955005
231,2026-01-12 05:55:15.955005,2,18,23.82183080596171,2,True,Malaysia,False,2026-03-02 05:55:15.955005
219,2026-02-10 05:55:15.955005,19,14,20.03764142272134,4,True,Malaysia,True,2026-03-02 05:55:15.955005
411,2026-02-09 05:55:15.955005,22,11,14.519540053539215,4,True,Malaysia,True,2026-03-02 05:55:15.955005
66,2026-02-10 05:55:15.955005,27,3,28.969318780105862,2,False,Malaysia,True,2026-03-02 05:55:15.955005
425,2026-01-18 05:55:15.955005,27,11,26.491927184417662,4,True,Indonesia,False,2026-03-02 05:55:15.955005
112,2026-01-12 05:55:15.955005,27,17,19.68848431192394,2,False,Singapore,False,2026-03-02 05:55:15.955005
13,2026-02-01 05:55:15.955005,29,16,11.782228933801349,1,True,Singapore,True,2026-03-02 05:55:15.955005
393,2026-01-23 05:55:15.955005,17,18,18.922646081763858,4,False,Malaysia,True,2026-03-02 05:55:15.955005
500,2026-02-11 05:55:15.955005,25,15,17.687786869389296,1,False,Singapore,True,2026-03-02 05:55:15.955005
420,2026-02-07 05:55:15.955005,19,10,12.433017647212575,3,True,Malaysia,True,2026-03-02 05:55:15.955005
86,2026-02-08 05:55:15.955005,3,1,9.893545178954206,3,True,Indonesia,False,2026-03-02 05:55:15.955005
234,2026-02-24 05:55:15.955005,0,15,12.803312974882349,3,False,Malaysia,False,2026-03-02 05:55:15.955005
90,2026-02-22 05:55:15.955005,25,0,17.643430774968536,3,False,Indonesia,True,2026-03-02 05:55:15.955005
314,2026-03-02 05:55:15.955005,15,16,13.415910496621738,4,False,Indonesia,True,2026-03-02 05:55:15.955005
54,2026-02-05 05:55:15.955005,7,17,8.64366015784013,2,True,Indonesia,False,2026-03-02 05:55:15.955005
12,2026-01-24 05:55:15.955005,16,12,23.067936215063455,4,True,Malaysia,True,2026-03-02 05:55:15.955005
209,2026-01-24 05:55:15.955005,7,4,16.412557382764973,4,True,Indonesia,False,2026-03-02 05:55:15.955005
462,2026-01-08 05:55:15.955005,6,5,2.962579733542399,1,True,Malaysia,False,2026-03-02 05:55:15.955005
14,2026-01-18 05:55:15.955005,24,0,11.68117866315764,2,True,Indonesia,True,2026-03-02 05:55:15.955005
121,2026-02-09 05:55:15.955005,7,9,26.662490259147813,0,False,Indonesia,False,2026-03-02 05:55:15.955005
418,2026-01-18 05:55:15.955005,20,4,22.901859404798607,0,False,Singapore,False,2026-03-02 05:55:15.955005
437,2026-02-21 05:55:15.955005,23,0,10.374156734376205,2,False,Malaysia,True,2026-03-02 05:55:15.955005
377,2026-01-07 05:55:15.955005,29,10,28.207311409290764,0,False,Singapore,True,2026-03-02 05:55:15.955005
20,2026-01-04 05:55:15.955005,26,6,3.2214843423880946,2,False,Indonesia,False,2026-03-02 05:55:15.955005
75,2026-02-25 05:55:15.955005,25,17,28.875806412873477,1,False,Singapore,False,2026-03-02 05:55:15.955005
400,2026-02-14 05:55:15.955005,11,19,8.125447682055594,1,True,Indonesia,False,2026-03-02 05:55:15.955005
243,2026-01-11 05:55:15.955005,15,9,1.2637312287701588,4,False,Singapore,True,2026-03-02 05:55:15.955005
223,2026-01-12 05:55:15.955005,11,14,13.580433059031476,0,True,Singapore,False,2026-03-02 05:55:15.955005
70,2026-01-24 05:55:15.955005,18,3,11.41014246092325,2,True,Malaysia,False,2026-03-02 05:55:15.955005
312,2026-02-07 05:55:15.955005,9,15,16.63358115099702,1,True,Malaysia,False,2026-03-02 05:55:15.955005
211,2026-01-11 05:55:15.955005,6,14,24.106412956525517,4,True,Singapore,False,2026-03-02 05:55:15.955005
101,2026-02-21 05:55:15.955005,11,14,25.430493262362965,0,False,Singapore,False,2026-03-02 05:55:15.955005
186,2026-01-06 05:55:15.955005,19,11,12.635669988739062,0,False,Malaysia,False,2026-03-02 05:55:15.955005
132,2026-02-23 05:55:15.955005,4,7,13.465526567484156,0,True,Indonesia,False,2026-03-02 05:55:15.955005
111,2026-02-10 05:55:15.955005,15,7,5.297154179554736,1,True,Indonesia,False,2026-03-02 05:55:15.955005
381,2026-01-06 05:55:15.955005,8,17,2.3788806575537413,1,False,Indonesia,False,2026-03-02 05:55:15.955005
132,2026-02-25 05:55:15.955005,6,5,19.595234716815717,0,False,Indonesia,False,2026-03-02 05:55:15.955005
20,2026-02-10 05:55:15.955005,19,4,2.868691141028076,1,False,Singapore,False,2026-03-02 05:55:15.955005
394,2026-01-05 05:55:15.955005,21,1,22.28107346322222,0,True,Indonesia,False,2026-03-02 05:55:15.955005
24,2026-01-23 05:55:15.955005,25,11,16.633614205645177,3,False,Singapore,True,2026-03-02 05:55:15.955005
227,2026-02-07 05:55:15.955005,13,3,6.758906368556419,1,False,Singapore,False,2026-03-02 05:55:15.955005
154,2026-01-29 05:55:15.955005,10,12,16.64616536186684,2,True,Indonesia,False,2026-03-02 05:55:15.955005
293,2026-01-03 05:55:15.955005,6,16,6.306933781460867,1,True,Indonesia,False,2026-03-02 05:55:15.955005
230,2026-02-13 05:55:15.955005,28,15,13.723379017801948,0,False,Indonesia,True,2026-03-02 05:55:15.955005
469,2026-01-06 05:55:15.955005,9,8,24.18724917102464,2,True,Malaysia,False,2026-03-02 05:55:15.955005
310,2026-02-03 05:55:15.955005,28,0,14.395659508908485,4,True,Singapore,True,2026-03-02 05:55:15.955005
488,2026-01-05 05:55:15.955005,8,14,5.3122802306288985,2,True,Indonesia,False,2026-03-02 05:55:15.955005
359,2026-01-10 05:55:15.955005,3,11,21.99103177286541,2,True,Malaysia,False,2026-03-02 05:55:15.955005
405,2026-01-30 05:55:15.955005,15,4,6.4162840718302565,1,True,Singapore,False,2026-03-02 05:55:15.955005
202,2026-02-19 05:55:15.955005,9,17,22.417946356733175,2,False,Singapore,False,2026-03-02 05:55:15.955005
38,2026-01-14 05:55:15.955005,18,19,14.901216387259165,2,False,Singapore,False,2026-03-02 05:55:15.955005
430,2026-01-20 05:55:15.955005,23,1,14.158511013734746,0,False,Indonesia,True,2026-03-02 05:55:15.955005
260,2026-02-04 05:55:15.955005,16,3,25.691616097866767,1,False,Indonesia,False,2026-03-02 05:55:15.955005
188,2026-02-21 05:55:15.955005,8,14,21.549502205879392,0,False,Singapore,False,2026-03-02 05:55:15.955005
57,2026-01-16 05:55:15.955005,12,5,1.9544131116932384,1,True,Singapore,False,2026-03-02 05:55:15.955005
429,2026-01-05 05:55:15.955005,0,11,9.58905512344647,4,False,Malaysia,False,2026-03-02 05:55:15.955005
20,2026-01-10 05:55:15.955005,1,17,26.25669916464706,2,False,Malaysia,False,2026-03-02 05:55:15.955005
273,2026-01-20 05:55:15.955005,12,19,1.5314588878107607,1,True,Singapore,False,2026-03-02 05:55:15.955005
119,2026-01-30 05:55:15.955005,23,3,16.81234994159714,2,False,Malaysia,True,2026-03-02 05:55:15.955005
71,2026-01-20 05:55:15.955005,8,0,22.106944406044374,2,False,Singapore,False,2026-03-02 05:55:15.955005
4,2026-02-05 05:55:15.955005,6,14,19.0338264790527,3,False,Malaysia,False,2026-03-02 05:55:15.955005
221,2026-02-06 05:55:15.955005,15,17,23.055433861028657,0,False,Singapore,False,2026-03-02 05:55:15.955005
14,2026-02-20 05:55:15.955005,18,13,22.045063618527628,1,True,Indonesia,False,2026-03-02 05:55:15.955005
3,2026-02-08 05:55:15.955005,6,2,21.068890159440286,4,True,Singapore,False,2026-03-02 05:55:15.955005
216,2026-01-28 05:55:15.955005,5,14,24.824655966843913,3,True,Indonesia,False,2026-03-02 05:55:15.955005
229,2026-01-05 05:55:15.955005,17,4,19.725029385036613,0,True,Singapore,False,2026-03-02 05:55:15.955005
336,2026-01-10 05:55:15.955005,18,2,12.67013633345248,4,False,Indonesia,True,2026-03-02 05:55:15.955005
186,2026-01-22 05:55:15.955005,10,6,14.685364187523039,4,False,Malaysia,True,2026-03-02 05:55:15.955005
55,2026-02-08 05:55:15.955005,28,5,21.785018697762066,2,False,Indonesia,False,2026-03-02 05:55:15.955005
500,2026-02-02 05:55:15.955005,11,0,26.412874860337023,0,False,Malaysia,True,2026-03-02 05:55:15.955005
388,2026-01-31 05:55:15.955005,28,18,8.894345224353494,3,False,Singapore,True,2026-03-02 05:55:15.955005
376,2026-02-24 05:55:15.955005,25,6,10.920227083161052,1,False,Malaysia,False,2026-03-02 05:55:15.955005
254,2026-01-22 05:55:15.955005,9,3,27.99144249450997,1,False,Malaysia,False,2026-03-02 05:55:15.955005
24,2026-01-29 05:55:15.955005,12,11,17.776841979873915,3,True,Malaysia,False,2026-03-02 05:55:15.955005
162,2026-02-10 05:55:15.955005,11,19,6.18989269691503,2,True,Singapore,False,2026-03-02 05:55:15.955005
158,2026-03-01 05:55:15.955005,20,17,20.247159028459098,2,True,Indonesia,False,2026-03-02 05:55:15.955005
82,2026-02-13 05:55:15.955005,9,8,29.732102510642008,4,True,Malaysia,False,2026-03-02 05:55:15.955005
403,2026-01-15 05:55:15.955005,19,18,24.8801533696416,0,True,Singapore,False,2026-03-02 05:55:15.955005
159,2026-01-29 05:55:15.955005,17,3,22.626492959990678,4,True,Malaysia,False,2026-03-02 05:55:15.955005
188,2026-01-25 05:55:15.955005,3,0,7.033352973721808,1,True,Indonesia,False,2026-03-02 05:55:15.955005
60,2026-01-28 05:55:15.955005,27,8,26.40805375583621,3,False,Malaysia,True,2026-03-02 05:55:15.955005
403,2026-02-11 05:55:15.955005,23,14,16.247876462530847,0,False,Malaysia,True,2026-03-02 05:55:15.955005
305,2026-01-27 05:55:15.955005,4,7,26.789410640086714,3,False,Malaysia,False,2026-03-02 05:55:15.955005
319,2026-01-11 05:55:15.955005,4,14,10.5650070533215,0,False,Indonesia,False,2026-03-02 05:55:15.955005
366,2026-01-12 05:55:15.955005,28,14,2.79948052642755,1,True,Indonesia,False,2026-03-02 05:55:15.955005
211,2026-01-08 05:55:15.955005,27,17,14.803303091132637,1,True,Singapore,False,2026-03-02 05:55:15.955005
406,2026-02-13 05:55:15.955005,11,6,8.825290539718452,0,True,Malaysia,False,2026-03-02 05:55:15.955005
152,2026-01-16 05:55:15.955005,25,17,21.741649403512646,2,True,Malaysia,False,2026-03-02 05:55:15.955005
109,2026-02-07 05:55:15.955005,2,15,28.75609003282494,0,False,Malaysia,False,2026-03-02 05:55:15.955005
76,2026-02-23 05:55:15.955005,28,1,21.038250383395354,1,False,Malaysia,True,2026-03-02 05:55:15.955005
30,2026-02-01 05:55:15.955005,7,3,26.7210839615669,3,False,Indonesia,False,2026-03-02 05:55:15.955005
314,2026-01-18 05:55:15.955005,21,19,14.137696394434984,4,False,Indonesia,True,2026-03-02 05:55:15.955005
486,2026-01-09 05:55:15.955005,1,15,23.37758137866375,3,True,Malaysia,False,2026-03-02 05:55:15.955005
117,2026-02-21 05:55:15.955005,17,2,25.4482596634794,1,True,Malaysia,False,2026-03-02 05:55:15.955005
415,2026-02-08 05:55:15.955005,8,1,21.61539319992273,3,False,Malaysia,False,2026-03-02 05:55:15.955005
356,2026-01-10 05:55:15.955005,12,2,15.725541296017374,2,False,Malaysia,False,2026-03-02 05:55:15.955005
192,2026-01-13 05:55:15.955005,6,4,19.150117178845672,2,False,Singapore,False,2026-03-02 05:55:15.955005
19,2026-02-20 05:55:15.955005,9,1,21.31470287468753,0,False,Singapore,False,2026-03-02 05:55:15.955005
432,2026-03-01 05:55:15.955005,8,18,8.33944769342138,3,False,Malaysia,True,2026-03-02 05:55:15.955005
173,2026-01-04 05:55:15.955005,29,19,24.47779856653456,3,False,Malaysia,True,2026-03-02 05:55:15.955005
228,2026-02-05 05:55:15.955005,21,1,28.559411630050928,1,True,Malaysia,True,2026-03-02 05:55:15.955005
350,2026-01-26 05:55:15.955005,14,1,14.491940140218144,0,True,Singapore,True,2026-03-02 05:55:15.955005
183,2026-01-29 05:55:15.955005,4,19,21.330948310186443,0,False,Indonesia,False,2026-03-02 05:55:15.955005
113,2026-01-15 05:55:15.955005,11,17,22.373751267920266,3,True,Singapore,False,2026-03-02 05:55:15.955005
183,2026-02-18 05:55:15.955005,0,19,20.20517887812293,4,True,Singapore,True,2026-03-02 05:55:15.955005
481,2026-01-22 05:55:15.955005,11,13,16.86633814153043,3,True,Malaysia,False,2026-03-02 05:55:15.955005
146,2026-02-06 05:55:15.955005,21,14,26.567790682669507,3,False,Malaysia,True,2026-03-02 05:55:15.955005
319,2026-02-27 05:55:15.955005,5,11,14.018874568797939,3,True,Indonesia,True,2026-03-02 05:55:15.955005
116,2026-01-20 05:55:15.955005,18,10,2.771985738111504,2,True,Malaysia,True,2026-03-02 05:55:15.955005
113,2026-02-12 05:55:15.955005,18,10,25.492134895652647,0,True,Malaysia,True,2026-03-02 05:55:15.955005
251,2026-02-13 05:55:15.955005,15,6,20.54545689717997,2,True,Indonesia,False,2026-03-02 05:55:15.955005
476,2026-01-25 05:55:15.955005,18,11,25.62850016848975,4,True,Malaysia,True,2026-03-02 05:55:15.955005
251,2026-02-01 05:55:15.955005,2,15,5.017875830896135,1,True,Malaysia,False,2026-03-02 05:55:15.955005
303,2026-02-12 05:55:15.955005,22,4,1.8918352747817737,4,True,Malaysia,True,2026-03-02 05:55:15.955005
459,2026-01-04 05:55:15.955005,9,1,28.09686167109254,0,False,Singapore,True,2026-03-02 05:55:15.955005
313,2026-02-08 05:55:15.955005,26,15,5.284120869666654,1,True,Malaysia,False,2026-03-02 05:55:15.955005
118,2026-01-03 05:55:15.955005,17,14,24.479917630043104,4,True,Singapore,True,2026-03-02 05:55:15.955005
301,2026-01-08 05:55:15.955005,25,10,24.873088323238438,0,True,Malaysia,False,2026-03-02 05:55:15.955005
161,2026-02-15 05:55:15.955005,12,5,21.552450815921087,4,False,Malaysia,False,2026-03-02 05:55:15.955005
401,2026-03-02 05:55:15.955005,25,12,4.806604121693257,1,True,Singapore,False,2026-03-02 05:55:15.955005
198,2026-02-19 05:55:15.955005,17,18,20.35456011226342,1,False,Singapore,False,2026-03-02 05:55:15.955005
260,2026-02-07 05:55:15.955005,2,9,26.783510916479102,4,True,Malaysia,False,2026-03-02 05:55:15.955005
148,2026-01-28 05:55:15.955005,25,18,13.340417699225615,2,False,Indonesia,True,2026-03-02 05:55:15.955005
240,2026-01-09 05:55:15.955005,27,4,12.991988776979367,4,False,Malaysia,False,2026-03-02 05:55:15.955005
47,2026-01-05 05:55:15.955005,22,6,13.842890977803153,4,False,Singapore,False,2026-03-02 05:55:15.955005
475,2026-02-23 05:55:15.955005,2,10,3.385884829609987,4,True,Malaysia,True,2026-03-02 05:55:15.955005
399,2026-02-13 05:55:15.955005,22,13,26.86874150186923,2,False,Malaysia,True,2026-03-02 05:55:15.955005
198,2026-01-05 05:55:15.955005,24,15,26.2063030554348,3,True,Singapore,False,2026-03-02 05:55:15.955005
47,2026-01-14 05:55:15.955005,26,17,29.9393703319183,1,True,Indonesia,False,2026-03-02 05:55:15.955005
78,2026-02-26 05:55:15.955005,25,3,17.97031110345399,0,True,Indonesia,False,2026-03-02 05:55:15.955005
124,2026-02-05 05:55:15.955005,11,0,22.784557457090187,1,False,Singapore,False,2026-03-02 05:55:15.955005
75,2026-02-01 05:55:15.955005,26,14,6.877485282911836,1,True,Singapore,True,2026-03-02 05:55:15.955005
359,2026-01-08 05:55:15.955005,19,13,20.358335728500915,3,False,Malaysia,False,2026-03-02 05:55:15.955005
137,2026-02-18 05:55:15.955005,6,18,19.84225261396433,1,True,Singapore,False,2026-03-02 05:55:15.955005
90,2026-02-12 05:55:15.955005,24,4,27.13505333940676,1,True,Singapore,False,2026-03-02 05:55:15.955005
400,2026-02-02 05:55:15.955005,29,3,25.09298896233315,2,True,Malaysia,False,2026-03-02 05:55:15.955005
325,2026-02-28 05:55:15.955005,23,12,28.21552741591513,2,True,Malaysia,True,2026-03-02 05:55:15.955005
500,2026-02-05 05:55:15.955005,7,17,26.196170708346617,2,True,Malaysia,False,2026-03-02 05:55:15.955005
61,2026-01-22 05:55:15.955005,8,11,26.192122952066708,2,True,Indonesia,False,2026-03-02 05:55:15.955005
138,2026-01-03 05:55:15.955005,13,14,2.84797647397283,2,True,Indonesia,False,2026-03-02 05:55:15.955005
50,2026-01-04 05:55:15.955005,4,8,25.53289662818272,0,False,Singapore,False,2026-03-02 05:55:15.955005
259,2026-01-04 05:55:15.955005,29,3,18.616873440590425,3,True,Malaysia,False,2026-03-02 05:55:15.955005
461,2026-02-19 05:55:15.955005,20,4,12.032889101212875,4,True,Singapore,True,2026-03-02 05:55:15.955005
107,2026-03-01 05:55:15.955005,18,8,2.638924107253807,2,False,Singapore,False,2026-03-02 05:55:15.955005
113,2026-02-20 05:55:15.955005,20,12,20.652539468273353,3,False,Indonesia,True,2026-03-02 05:55:15.955005
350,2026-01-18 05:55:15.955005,15,9,10.517850765590907,4,False,Indonesia,True,2026-03-02 05:55:15.955005
254,2026-02-03 05:55:15.955005,23,15,14.565511684595007,1,True,Singapore,False,2026-03-02 05:55:15.955005
118,2026-02-13 05:55:15.955005,11,12,20.770124674598893,1,False,Malaysia,False,2026-03-02 05:55:15.955005
493,2026-02-18 05:55:15.955005,20,3,27.44146186370014,3,True,Indonesia,True,2026-03-02 05:55:15.955005
198,2026-01-25 05:55:15.955005,3,12,24.937670552544954,0,False,Indonesia,False,2026-03-02 05:55:15.955005
337,2026-02-09 05:55:15.955005,7,7,14.067316744004396,0,True,Indonesia,False,2026-03-02 05:55:15.955005
365,2026-02-19 05:55:15.955005,6,12,12.245711565944989,3,False,Singapore,True,2026-03-02 05:55:15.955005
51,2026-03-01 05:55:15.955005,14,14,7.953612426477377,0,True,Indonesia,False,2026-03-02 05:55:15.955005
245,2026-01-25 05:55:15.955005,29,19,11.800375784103078,0,True,Malaysia,False,2026-03-02 05:55:15.955005
403,2026-02-24 05:55:15.955005,29,19,4.220345231465051,1,True,Indonesia,False,2026-03-02 05:55:15.955005
426,2026-02-05 05:55:15.955005,5,12,29.16205974257788,0,False,Singapore,False,2026-03-02 05:55:15.955005
35,2026-02-05 05:55:15.955005,4,4,17.643605874827788,0,False,Singapore,False,2026-03-02 05:55:15.955005
302,2026-02-07 05:55:15.955005,13,5,4.706369441061174,3,False,Singapore,False,2026-03-02 05:55:15.955005
410,2026-02-19 05:55:15.955005,20,4,11.231374268711267,0,False,Singapore,False,2026-03-02 05:55:15.955005
499,2026-02-15 05:55:15.955005,12,12,16.864135164999023,2,False,Malaysia,False,2026-03-02 05:55:15.955005
69,2026-02-08 05:55:15.955005,9,4,16.453683462585218,2,True,Singapore,False,2026-03-02 05:55:15.955005
349,2026-01-22 05:55:15.955005,17,12,2.0295976928403383,3,False,Indonesia,True,2026-03-02 05:55:15.955005
320,2026-01-02 05:55:15.955005,28,19,28.574389992644228,2,True,Malaysia,False,2026-03-02 05:55:15.955005
421,2026-02-22 05:55:15.955005,3,7,8.985894762773395,1,True,Singapore,False,2026-03-02 05:55:15.955005
468,2026-01-30 05:55:15.955005,7,8,1.4693553990248445,3,True,Singapore,False,2026-03-02 05:55:15.955005
49,2026-02-16 05:55:15.955005,23,18,3.216876259558192,0,True,Malaysia,False,2026-03-02 05:55:15.955005
405,2026-01-25 05:55:15.955005,10,19,17.82565219419133,2,False,Indonesia,False,2026-03-02 05:55:15.955005
74,2026-02-18 05:55:15.955005,16,14,4.995780099577809,1,False,Malaysia,False,2026-03-02 05:55:15.955005
192,2026-02-26 05:55:15.955005,17,9,2.210018992751595,3,False,Indonesia,False,2026-03-02 05:55:15.955005
261,2026-02-20 05:55:15.955005,20,10,12.00916752596863,3,False,Indonesia,False,2026-03-02 05:55:15.955005
356,2026-02-21 05:55:15.955005,24,4,19.060074577865468,0,False,Singapore,False,2026-03-02 05:55:15.955005
70,2026-01-10 05:55:15.955005,25,8,4.243354340406759,4,False,Malaysia,False,2026-03-02 05:55:15.955005
90,2026-02-18 05:55:15.955005,10,10,10.086507132388151,2,True,Malaysia,False,2026-03-02 05:55:15.955005
260,2026-01-21 05:55:15.955005,15,18,13.115059477111725,1,False,Singapore,False,2026-03-02 05:55:15.955005
126,2026-01-09 05:55:15.955005,11,1,5.624342835816248,3,True,Singapore,True,2026-03-02 05:55:15.955005
231,2026-01-16 05:55:15.955005,12,5,15.676143055534594,2,True,Indonesia,False,2026-03-02 05:55:15.955005
295,2026-01-12 05:55:15.955005,26,0,3.471208520151356,1,True,Singapore,False,2026-03-02 05:55:15.955005
498,2026-02-16 05:55:15.955005,15,2,2.3490363940069914,1,True,Malaysia,True,2026-03-02 05:55:15.955005
419,2026-01-20 05:55:15.955005,22,2,16.07522564749891,3,False,Singapore,True,2026-03-02 05:55:15.955005
129,2026-01-06 05:55:15.955005,25,13,8.189012209775393,2,False,Singapore,False,2026-03-02 05:55:15.955005
280,2026-02-24 05:55:15.955005,20,19,3.765840429042798,1,True,Singapore,False,2026-03-02 05:55:15.955005
313,2026-01-22 05:55:15.955005,0,4,13.293465037141337,3,False,Singapore,False,2026-03-02 05:55:15.955005
100,2026-02-03 05:55:15.955005,15,16,27.539081446004445,2,True,Singapore,False,2026-03-02 05:55:15.955005
326,2026-01-30 05:55:15.955005,14,14,22.001580952970492,2,True,Indonesia,False,2026-03-02 05:55:15.955005
297,2026-01-27 05:55:15.955005,5,5,24.6528615450638,3,True,Singapore,True,2026-03-02 05:55:15.955005
182,2026-02-16 05:55:15.955005,11,13,26.285505674000458,2,True,Singapore,False,2026-03-02 05:55:15.955005
174,2026-01-14 05:55:15.955005,7,13,29.20620450049615,4,False,Malaysia,False,2026-03-02 05:55:15.955005
316,2026-01-26 05:55:15.955005,6,16,23.134150631911016,1,True,Singapore,False,2026-03-02 05:55:15.955005
364,2026-02-10 05:55:15.955005,1,7,18.64382973624491,1,False,Malaysia,False,2026-03-02 05:55:15.955005
188,2026-02-25 05:55:15.955005,11,7,11.597350528765169,2,True,Malaysia,False,2026-03-02 05:55:15.955005
57,2026-03-02 05:55:15.955005,20,18,6.267653860173766,3,False,Malaysia,True,2026-03-02 05:55:15.955005
31,2026-02-27 05:55:15.955005,13,8,20.913136345515536,0,False,Malaysia,False,2026-03-02 05:55:15.955005
84,2026-02-20 05:55:15.955005,15,10,29.853549597536315,2,False,Indonesia,False,2026-03-02 05:55:15.955005
152,2026-01-18 05:55:15.955005,10,12,14.553401853948653,0,True,Indonesia,False,2026-03-02 05:55:15.955005
473,2026-02-05 05:55:15.955005,19,12,21.98670167469142,2,True,Malaysia,False,2026-03-02 05:55:15.955005
36,2026-01-25 05:55:15.955005,8,18,15.357681049801528,0,False,Indonesia,False,2026-03-02 05:55:15.955005
213,2026-02-08 05:55:15.955005,9,18,13.526069277540822,2,False,Indonesia,False,2026-03-02 05:55:15.955005
414,2026-02-02 05:55:15.955005,16,4,12.898862793237539,3,True,Singapore,False,2026-03-02 05:55:15.955005
408,2026-02-10 05:55:15.955005,11,15,15.634115805019231,0,False,Indonesia,False,2026-03-02 05:55:15.955005
364,2026-01-14 05:55:15.955005,5,8,11.639974194095876,4,False,Malaysia,False,2026-03-02 05:55:15.955005
106,2026-01-17 05:55:15.955005,18,19,22.714426332832424,3,False,Malaysia,False,2026-03-02 05:55:15.955005
414,2026-01-17 05:55:15.955005,10,2,26.353888771153983,2,True,Malaysia,False,2026-03-02 05:55:15.955005
342,2026-01-13 05:55:15.955005,8,18,26.60367389271034,0,True,Malaysia,False,2026-03-02 05:55:15.955005
220,2026-02-04 05:55:15.955005,20,4,7.603262689348952,1,True,Singapore,True,2026-03-02 05:55:15.955005
391,2026-01-23 05:55:15.955005,28,7,26.981365023213232,3,True,Indonesia,True,2026-03-02 05:55:15.955005
163,2026-01-22 05:55:15.955005,5,13,10.904985723798047,0,True,Malaysia,False,2026-03-02 05:55:15.955005
439,2026-02-18 05:55:15.955005,26,2,9.969922299073632,3,True,Singapore,True,2026-03-02 05:55:15.955005
220,2026-02-08 05:55:15.955005,24,12,22.07592566454884,0,False,Malaysia,False,2026-03-02 05:55:15.955005
270,2026-01-03 05:55:15.955005,24,10,9.836193862502393,1,False,Indonesia,True,2026-03-02 05:55:15.955005
120,2026-02-15 05:55:15.955005,23,7,2.536025762681593,4,False,Singapore,False,2026-03-02 05:55:15.955005
394,2026-02-01 05:55:15.955005,24,18,11.834915396998932,1,False,Indonesia,False,2026-03-02 05:55:15.955005
336,2026-02-27 05:55:15.955005,15,9,21.92250241039212,2,False,Singapore,True,2026-03-02 05:55:15.955005
400,2026-01-22 05:55:15.955005,19,17,10.481794187835119,3,False,Malaysia,True,2026-03-02 05:55:15.955005
182,2026-02-15 05:55:15.955005,15,17,19.25721262385925,4,True,Malaysia,True,2026-03-02 05:55:15.955005
479,2026-01-31 05:55:15.955005,5,6,20.143463883630783,3,False,Indonesia,False,2026-03-02 05:55:15.955005
106,2026-01-09 05:55:15.955005,4,15,22.27834434006433,0,False,Indonesia,False,2026-03-02 05:55:15.955005
217,2026-01-20 05:55:15.955005,20,5,27.016783523017157,2,True,Singapore,False,2026-03-02 05:55:15.955005
205,2026-02-06 05:55:15.955005,3,15,13.544370478784511,2,True,Indonesia,False,2026-03-02 05:55:15.955005
70,2026-01-18 05:55:15.955005,1,15,5.826530223211255,3,False,Indonesia,False,2026-03-02 05:55:15.955005
44,2026-02-19 05:55:15.955005,27,0,10.248845747524793,2,False,Malaysia,False,2026-03-02 05:55:15.955005
329,2026-02-05 05:55:15.955005,5,18,13.532850400045591,3,False,Malaysia,False,2026-03-02 05:55:15.955005
301,2026-01-25 05:55:15.955005,8,2,21.70285261051528,0,True,Malaysia,False,2026-03-02 05:55:15.955005
228,2026-01-14 05:55:15.955005,27,5,1.3805416412873717,0,True,Malaysia,False,2026-03-02 05:55:15.955005
184,2026-01-29 05:55:15.955005,16,3,10.15777611975649,3,True,Malaysia,False,2026-03-02 05:55:15.955005
107,2026-02-03 05:55:15.955005,13,3,23.615434849560188,1,True,Malaysia,False,2026-03-02 05:55:15.955005
84,2026-02-22 05:55:15.955005,6,3,20.454873396590166,1,False,Malaysia,False,2026-03-02 05:55:15.955005
338,2026-02-19 05:55:15.955005,21,9,22.22045923398255,0,False,Singapore,False,2026-03-02 05:55:15.955005
250,2026-02-26 05:55:15.955005,18,8,24.542512313736648,4,False,Malaysia,True,2026-03-02 05:55:15.955005
363,2026-01-08 05:55:15.955005,0,7,23.713835847460906,1,True,Malaysia,False,2026-03-02 05:55:15.955005
441,2026-01-10 05:55:15.955005,28,18,20.783311818430565,3,True,Malaysia,False,2026-03-02 05:55:15.955005
21,2026-01-08 05:55:15.955005,19,16,13.750184438747127,0,False,Malaysia,False,2026-03-02 05:55:15.955005
196,2026-02-03 05:55:15.955005,29,16,29.524351537466462,2,False,Malaysia,True,2026-03-02 05:55:15.955005
178,2026-01-06 05:55:15.955005,24,0,17.503122672112138,2,False,Indonesia,True,2026-03-02 05:55:15.955005
417,2026-01-27 05:55:15.955005,14,19,6.880307071696334,1,True,Indonesia,False,2026-03-02 05:55:15.955005
475,2026-02-26 05:55:15.955005,17,13,9.491572798038748,4,False,Malaysia,False,2026-03-02 05:55:15.955005
7,2026-01-28 05:55:15.955005,2,19,21.11331122314363,1,True,Malaysia,False,2026-03-02 05:55:15.955005
70,2026-01-16 05:55:15.955005,17,10,27.817447390784444,4,False,Malaysia,False,2026-03-02 05:55:15.955005
127,2026-01-28 05:55:15.955005,29,2,6.1828837469710285,1,False,Singapore,False,2026-03-02 05:55:15.955005
399,2026-02-18 05:55:15.955005,1,7,3.388048376627804,2,True,Malaysia,False,2026-03-02 05:55:15.955005
466,2026-01-23 05:55:15.955005,9,9,26.564400393218175,4,True,Singapore,True,2026-03-02 05:55:15.955005
160,2026-01-20 05:55:15.955005,10,16,27.543061388472196,2,True,Singapore,False,2026-03-02 05:55:15.955005
248,2026-01-17 05:55:15.955005,26,7,9.015001014161085,3,False,Malaysia,False,2026-03-02 05:55:15.955005
203,2026-01-14 05:55:15.955005,23,0,11.941286006765957,3,True,Indonesia,True,2026-03-02 05:55:15.955005
148,2026-01-04 05:55:15.955005,2,19,20.145451927437893,0,False,Malaysia,False,2026-03-02 05:55:15.955005
472,2026-02-17 05:55:15.955005,6,6,10.56797060443177,2,True,Malaysia,False,2026-03-02 05:55:15.955005
143,2026-02-20 05:55:15.955005,7,8,26.437602539831534,2,False,Indonesia,False,2026-03-02 05:55:15.955005
432,2026-01-20 05:55:15.955005,18,11,4.119782378702019,0,True,Indonesia,False,2026-03-02 05:55:15.955005
199,2026-01-24 05:55:15.955005,17,8,2.1014844078456614,3,True,Malaysia,True,2026-03-02 05:55:15.955005
405,2026-02-27 05:55:15.955005,12,19,7.046099995540896,3,False,Malaysia,False,2026-03-02 05:55:15.955005
426,2026-01-09 05:55:15.955005,12,2,9.2965455679441,4,True,Singapore,True,2026-03-02 05:55:15.955005
154,2026-01-29 05:55:15.955005,23,3,4.274871147377377,4,False,Indonesia,False,2026-03-02 05:55:15.955005
492,2026-02-24 05:55:15.955005,18,9,2.905022450878755,3,False,Singapore,True,2026-03-02 05:55:15.955005
376,2026-01-06 05:55:15.955005,22,3,22.91262369155215,1,False,Singapore,False,2026-03-02 05:55:15.955005
384,2026-01-21 05:55:15.955005,11,8,5.764020411165464,2,True,Singapore,False,2026-03-02 05:55:15.955005
142,2026-02-23 05:55:15.955005,16,0,27.503743772922817,4,False,Singapore,True,2026-03-02 05:55:15.955005
313,2026-01-25 05:55:15.955005,29,4,11.671990181994785,1,True,Indonesia,False,2026-03-02 05:55:15.955005
165,2026-01-11 05:55:15.955005,27,8,20.447568481919017,4,True,Indonesia,True,2026-03-02 05:55:15.955005
314,2026-02-21 05:55:15.955005,21,4,7.536661328295207,0,False,Indonesia,False,2026-03-02 05:55:15.955005
21,2026-01-19 05:55:15.955005,11,5,7.969360286264139,2,True,Malaysia,False,2026-03-02 05:55:15.955005
82,2026-01-05 05:55:15.955005,27,18,17.666566883159685,4,False,Singapore,False,2026-03-02 05:55:15.955005
69,2026-02-16 05:55:15.955005,12,7,17.258644829233596,3,False,Malaysia,False,2026-03-02 05:55:15.955005
131,2026-01-24 05:55:15.955005,24,9,23.29314761235036,0,False,Indonesia,False,2026-03-02 05:55:15.955005
87,2026-02-16 05:55:15.955005,11,10,22.976585865133714,0,False,Indonesia,False,2026-03-02 05:55:15.955005
218,2026-02-26 05:55:15.955005,18,12,20.44994517524617,3,False,Malaysia,True,2026-03-02 05:55:15.955005
421,2026-02-02 05:55:15.955005,13,19,14.024786410911238,0,False,Singapore,False,2026-03-02 05:55:15.955005
472,2026-02-12 05:55:15.955005,6,3,26.828571202137898,2,True,Indonesia,False,2026-03-02 05:55:15.955005
305,2026-01-08 05:55:15.955005,12,10,19.054776216417665,4,True,Singapore,False,2026-03-02 05:55:15.955005
403,2026-01-11 05:55:15.955005,5,11,29.71575622340836,0,True,Singapore,False,2026-03-02 05:55:15.955005
371,2026-02-21 05:55:15.955005,23,4,24.7617247200964,2,True,Indonesia,True,2026-03-02 05:55:15.955005
345,2026-02-19 05:55:15.955005,18,9,2.2849845259114607,3,True,Malaysia,False,2026-03-02 05:55:15.955005
341,2026-01-08 05:55:15.955005,18,6,10.297223305329215,4,False,Singapore,True,2026-03-02 05:55:15.955005
384,2026-02-27 05:55:15.955005,3,8,17.584395777657598,3,True,Malaysia,False,2026-03-02 05:55:15.955005
396,2026-01-31 05:55:15.955005,18,8,21.922616598273127,4,False,Singapore,False,2026-03-02 05:55:15.955005
445,2026-02-13 05:55:15.955005,8,9,16.959758435096305,0,True,Singapore,False,2026-03-02 05:55:15.955005
425,2026-02-15 05:55:15.955005,15,9,23.797782251403273,0,True,Indonesia,False,2026-03-02 05:55:15.955005
161,2026-01-22 05:55:15.955005,26,1,9.197013929962994,4,False,Malaysia,False,2026-03-02 05:55:15.955005
178,2026-01-26 05:55:15.955005,3,3,6.333449485751927,2,True,Singapore,False,2026-03-02 05:55:15.955005
117,2026-02-06 05:55:15.955005,5,7,2.563583829903333,2,True,Malaysia,False,2026-03-02 05:55:15.955005
196,2026-02-08 05:55:15.955005,7,13,17.62609859257414,2,True,Singapore,False,2026-03-02 05:55:15.955005
383,2026-02-19 05:55:15.955005,26,16,20.96938609958936,1,False,Malaysia,True,2026-03-02 05:55:15.955005
490,2026-01-28 05:55:15.955005,28,12,10.458341796461486,2,True,Malaysia,False,2026-03-02 05:55:15.955005
327,2026-01-26 05:55:15.955005,23,17,18.793941360820423,0,False,Indonesia,False,2026-03-02 05:55:15.955005
86,2026-01-25 05:55:15.955005,15,17,2.512559694746548,1,True,Singapore,False,2026-03-02 05:55:15.955005
289,2026-02-28 05:55:15.955005,4,12,3.8795070426073055,2,False,Singapore,False,2026-03-02 05:55:15.955005
81,2026-02-22 05:55:15.955005,20,7,21.35088839549645,0,True,Singapore,False,2026-03-02 05:55:15.955005
152,2026-01-09 05:55:15.955005,21,11,11.674021451301664,1,False,Singapore,False,2026-03-02 05:55:15.955005
61,2026-02-13 05:55:15.955005,9,0,20.468686901987162,0,False,Indonesia,False,2026-03-02 05:55:15.955005
61,2026-01-19 05:55:15.955005,22,19,25.119912488117624,4,True,Indonesia,False,2026-03-02 05:55:15.955005
354,2026-01-27 05:55:15.955005,12,17,25.72605068680739,0,True,Singapore,False,2026-03-02 05:55:15.955005
28,2026-01-05 05:55:15.955005,28,2,5.992861718469078,1,True,Malaysia,True,2026-03-02 05:55:15.955005
442,2026-01-07 05:55:15.955005,25,11,15.102281598189048,2,False,Indonesia,False,2026-03-02 05:55:15.955005
43,2026-01-28 05:55:15.955005,13,18,22.283874985342106,1,True,Malaysia,False,2026-03-02 05:55:15.955005
169,2026-01-21 05:55:15.955005,6,12,23.4454372917404,2,False,Malaysia,False,2026-03-02 05:55:15.955005
423,2026-02-17 05:55:15.955005,28,9,23.75560344113745,2,True,Malaysia,True,2026-03-02 05:55:15.955005
86,2026-02-27 05:55:15.955005,19,14,7.616852697036949,3,True,Singapore,False,2026-03-02 05:55:15.955005
177,2026-02-02 05:55:15.955005,5,19,6.583509713989427,4,False,Indonesia,False,2026-03-02 05:55:15.955005
17,2026-01-21 05:55:15.955005,6,1,18.11036157993718,3,True,Singapore,True,2026-03-02 05:55:15.955005
98,2026-01-17 05:55:15.955005,4,18,22.49148813440837,1,True,Malaysia,False,2026-03-02 05:55:15.955005
454,2026-01-12 05:55:15.955005,20,2,10.255045950491605,3,True,Singapore,True,2026-03-02 05:55:15.955005
494,2026-02-16 05:55:15.955005,17,13,4.036449549010225,2,False,Malaysia,False,2026-03-02 05:55:15.955005
198,2026-02-03 05:55:15.955005,22,6,21.78564510439225,1,False,Singapore,False,2026-03-02 05:55:15.955005
98,2026-01-20 05:55:15.955005,11,7,9.69123711002013,3,False,Singapore,False,2026-03-02 05:55:15.955005
65,2026-02-15 05:55:15.955005,5,10,5.824519005039933,0,False,Indonesia,False,2026-03-02 05:55:15.955005
330,2026-02-19 05:55:15.955005,26,19,5.283982323516818,4,True,Indonesia,False,2026-03-02 05:55:15.955005
341,2026-01-10 05:55:15.955005,0,5,10.132376878274773,0,True,Malaysia,False,2026-03-02 05:55:15.955005
5,2026-02-26 05:55:15.955005,3,10,18.18766391149862,1,True,Malaysia,False,2026-03-02 05:55:15.955005
2,2026-01-28 05:55:15.955005,18,16,11.393664922120681,3,False,Malaysia,True,2026-03-02 05:55:15.955005
22,2026-01-20 05:55:15.955005,11,9,1.5991936962095161,2,True,Singapore,False,2026-03-02 05:55:15.955005
112,2026-03-02 05:55:15.955005,14,16,3.810344605656521,3,False,Malaysia,False,2026-03-02 05:55:15.955005
57,2026-01-23 05:55:15.955005,2,1,9.424594168759953,1,True,Indonesia,False,2026-03-02 05:55:15.955005
66,2026-01-30 05:55:15.955005,22,5,20.131429982265665,1,False,Malaysia,False,2026-03-02 05:55:15.955005
330,2026-02-05 05:55:15.955005,26,4,3.856937130587481,1,False,Malaysia,False,2026-03-02 05:55:15.955005
98,2026-02-14 05:55:15.955005,27,3,17.259048751519774,1,True,Singapore,False,2026-03-02 05:55:15.955005
144,2026-01-14 05:55:15.955005,25,1,4.476690253896123,3,False,Indonesia,True,2026-03-02 05:55:15.955005
368,2026-01-03 05:55:15.955005,19,11,7.136844493132063,0,False,Malaysia,False,2026-03-02 05:55:15.955005
435,2026-02-04 05:55:15.955005,27,2,5.993467299117119,2,True,Indonesia,False,2026-03-02 05:55:15.955005
125,2026-02-07 05:55:15.955005,7,5,2.949630431553504,2,False,Malaysia,False,2026-03-02 05:55:15.955005
167,2026-01-27 05:55:15.955005,10,13,20.46856470421112,4,False,Indonesia,True,2026-03-02 05:55:15.955005
86,2026-01-16 05:55:15.955005,15,7,14.438702874195,1,True,Malaysia,False,2026-03-02 05:55:15.955005
76,2026-01-20 05:55:15.955005,8,13,25.10054978602281,1,False,Malaysia,False,2026-03-02 05:55:15.955005
344,2026-01-08 05:55:15.955005,2,2,3.867834359487192,1,False,Singapore,False,2026-03-02 05:55:15.955005
495,2026-01-23 05:55:15.955005,4,15,5.197255066804095,0,False,Singapore,False,2026-03-02 05:55:15.955005
424,2026-02-05 05:55:15.955005,19,14,9.887274209163069,1,True,Indonesia,False,2026-03-02 05:55:15.955005
294,2026-01-13 05:55:15.955005,13,6,23.210113621225435,4,True,Indonesia,False,2026-03-02 05:55:15.955005
444,2026-01-24 05:55:15.955005,27,14,9.867005871515266,4,True,Indonesia,True,2026-03-02 05:55:15.955005
59,2026-02-08 05:55:15.955005,25,12,12.844142517462085,0,True,Indonesia,False,2026-03-02 05:55:15.955005
138,2026-02-09 05:55:15.955005,14,5,9.746503422617772,1,False,Singapore,False,2026-03-02 05:55:15.955005
99,2026-02-27 05:55:15.955005,5,14,3.326504462229869,3,True,Indonesia,True,2026-03-02 05:55:15.955005
192,2026-01-13 05:55:15.955005,26,16,28.243575063989432,3,True,Malaysia,True,2026-03-02 05:55:15.955005
243,2026-01-03 05:55:15.955005,25,3,16.907630770064475,2,True,Malaysia,True,2026-03-02 05:55:15.955005
319,2026-02-22 05:55:15.955005,3,13,23.847162457379405,0,True,Malaysia,False,2026-03-02 05:55:15.955005
49,2026-02-27 05:55:15.955005,7,14,20.092355673373586,3,False,Singapore,False,2026-03-02 05:55:15.955005
448,2026-02-24 05:55:15.955005,18,11,15.913374092797277,2,False,Indonesia,True,2026-03-02 05:55:15.955005
32,2026-02-08 05:55:15.955005,26,18,3.6006694431220234,4,True,Malaysia,True,2026-03-02 05:55:15.955005
391,2026-03-01 05:55:15.955005,4,9,19.639272812838826,2,False,Malaysia,False,2026-03-02 05:55:15.955005
277,2026-01-13 05:55:15.955005,12,5,5.505740322168132,1,True,Singapore,False,2026-03-02 05:55:15.955005
20,2026-02-07 05:55:15.955005,15,8,13.017111911332021,1,True,Singapore,False,2026-03-02 05:55:15.955005
154,2026-01-22 05:55:15.955005,0,1,19.24428116093248,4,False,Singapore,True,2026-03-02 05:55:15.955005
383,2026-01-07 05:55:15.955005,12,3,23.68464101369158,0,False,Malaysia,False,2026-03-02 05:55:15.955005
68,2026-01-31 05:55:15.955005,21,8,20.866310095549967,1,False,Singapore,False,2026-03-02 05:55:15.955005
366,2026-01-15 05:55:15.955005,10,14,20.474472342584235,1,False,Malaysia,False,2026-03-02 05:55:15.955005
372,2026-01-31 05:55:15.955005,20,12,5.322224066081017,2,False,Indonesia,True,2026-03-02 05:55:15.955005
214,2026-01-15 05:55:15.955005,7,19,11.03772766207605,2,False,Malaysia,False,2026-03-02 05:55:15.955005
143,2026-01-22 05:55:15.955005,24,7,2.2444559071456305,2,True,Indonesia,False,2026-03-02 05:55:15.955005
376,2026-01-14 05:55:15.955005,7,18,21.86482990211747,3,False,Malaysia,False,2026-03-02 05:55:15.955005
232,2026-01-11 05:55:15.955005,23,18,28.624993458205154,4,True,Indonesia,True,2026-03-02 05:55:15.955005
213,2026-01-19 05:55:15.955005,27,15,8.659201315193197,0,True,Malaysia,False,2026-03-02 05:55:15.955005
79,2026-01-28 05:55:15.955005,13,10,3.5432045657069704,2,True,Malaysia,False,2026-03-02 05:55:15.955005
214,2026-01-07 05:55:15.955005,12,9,14.791532225855955,0,True,Malaysia,False,2026-03-02 05:55:15.955005
116,2026-02-07 05:55:15.955005,2,7,25.844248470699497,2,True,Malaysia,False,2026-03-02 05:55:15.955005
92,2026-01-13 05:55:15.955005,3,0,17.00725166288161,1,False,Singapore,False,2026-03-02 05:55:15.955005
270,2026-01-02 05:55:15.955005,26,9,2.356537355513286,0,False,Malaysia,True,2026-03-02 05:55:15.955005
411,2026-02-05 05:55:15.955005,19,17,29.253894975310434,3,True,Malaysia,True,2026-03-02 05:55:15.955005
381,2026-02-15 05:55:15.955005,14,2,25.03084738891542,2,True,Singapore,False,2026-03-02 05:55:15.955005
489,2026-01-05 05:55:15.955005,14,10,4.816228234493795,4,False,Singapore,False,2026-03-02 05:55:15.955005
168,2026-01-15 05:55:15.955005,29,17,27.73213493860176,1,True,Singapore,False,2026-03-02 05:55:15.955005
58,2026-02-18 05:55:15.955005,26,2,14.06996036955047,2,False,Singapore,True,2026-03-02 05:55:15.955005
284,2026-02-16 05:55:15.955005,20,7,11.785041726673295,0,False,Singapore,True,2026-03-02 05:55:15.955005
26,2026-02-04 05:55:15.955005,12,13,14.370546585288459,2,False,Singapore,False,2026-03-02 05:55:15.955005
369,2026-02-27 05:55:15.955005,8,5,25.20258674925747,1,True,Singapore,False,2026-03-02 05:55:15.955005
447,2026-02-15 05:55:15.955005,27,14,20.124910670316787,4,True,Singapore,True,2026-03-02 05:55:15.955005
66,2026-02-01 05:55:15.955005,24,13,2.7182051195920987,4,True,Singapore,True,2026-03-02 05:55:15.955005
409,2026-01-18 05:55:15.955005,9,6,28.770526762368956,4,True,Singapore,False,2026-03-02 05:55:15.955005
248,2026-02-01 05:55:15.955005,28,9,5.285739870871215,1,True,Singapore,False,2026-03-02 05:55:15.955005
254,2026-01-26 05:55:15.955005,11,14,22.621470600325182,2,True,Indonesia,False,2026-03-02 05:55:15.955005
387,2026-02-28 05:55:15.955005,13,9,19.4479593824158,1,True,Malaysia,False,2026-03-02 05:55:15.955005
456,2026-02-09 05:55:15.955005,0,16,6.438313390450265,1,True,Malaysia,False,2026-03-02 05:55:15.955005
44,2026-01-13 05:55:15.955005,13,18,5.9512302072784395,2,False,Singapore,False,2026-03-02 05:55:15.955005
97,2026-02-09 05:55:15.955005,13,16,26.23950021743607,3,True,Singapore,True,2026-03-02 05:55:15.955005
42,2026-01-12 05:55:15.955005,7,11,13.171152781488317,4,False,Indonesia,False,2026-03-02 05:55:15.955005
500,2026-01-05 05:55:15.955005,15,14,19.982718911050018,0,False,Singapore,False,2026-03-02 05:55:15.955005
227,2026-01-12 05:55:15.955005,13,11,15.618059111843523,0,False,Indonesia,False,2026-03-02 05:55:15.955005
262,2026-01-07 05:55:15.955005,0,8,22.093251995202827,2,True,Malaysia,False,2026-03-02 05:55:15.955005
167,2026-01-02 05:55:15.955005,15,4,14.898028876140586,0,True,Malaysia,False,2026-03-02 05:55:15.955005
436,2026-01-13 05:55:15.955005,17,3,9.334017542411484,3,True,Singapore,True,2026-03-02 05:55:15.955005
279,2026-02-19 05:55:15.955005,6,11,11.538117758898396,1,False,Indonesia,False,2026-03-02 05:55:15.955005
89,2026-01-07 05:55:15.955005,14,15,25.913253139059936,4,True,Indonesia,False,2026-03-02 05:55:15.955005
379,2026-02-10 05:55:15.955005,23,8,14.573006094759084,0,True,Malaysia,True,2026-03-02 05:55:15.955005
178,2026-01-06 05:55:15.955005,16,2,7.1900306350936685,0,False,Malaysia,True,2026-03-02 05:55:15.955005
427,2026-02-27 05:55:15.955005,18,2,28.103556254240345,2,True,Indonesia,True,2026-03-02 05:55:15.955005
403,2026-01-31 05:55:15.955005,22,17,24.10141323845293,2,False,Indonesia,False,2026-03-02 05:55:15.955005
197,2026-01-18 05:55:15.955005,12,16,2.6143182356297747,1,False,Malaysia,False,2026-03-02 05:55:15.955005
307,2026-01-31 05:55:15.955005,8,9,29.969345897435016,4,False,Indonesia,True,2026-03-02 05:55:15.955005
267,2026-01-04 05:55:15.955005,23,1,21.152874196762966,0,True,Malaysia,True,2026-03-02 05:55:15.955005
268,2026-02-08 05:55:15.955005,23,10,5.647731372177021,1,False,Indonesia,True,2026-03-02 05:55:15.955005
74,2026-01-08 05:55:15.955005,14,2,7.8778627576592966,4,False,Singapore,False,2026-03-02 05:55:15.955005
8,2026-01-09 05:55:15.955005,24,1,21.08091895600486,1,True,Malaysia,False,2026-03-02 05:55:15.955005
408,2026-02-11 05:55:15.955005,25,8,23.61307060309454,0,False,Indonesia,False,2026-03-02 05:55:15.955005
476,2026-02-16 05:55:15.955005,2,18,7.9320423513443785,2,True,Malaysia,False,2026-03-02 05:55:15.955005
297,2026-02-08 05:55:15.955005,23,1,8.452096763078853,2,True,Indonesia,True,2026-03-02 05:55:15.955005
164,2026-02-03 05:55:15.955005,0,18,9.906500151289764,2,False,Singapore,False,2026-03-02 05:55:15.955005
485,2026-02-15 05:55:15.955005,15,1,18.342532580262464,3,True,Singapore,False,2026-03-02 05:55:15.955005
85,2026-01-25 05:55:15.955005,7,14,5.982669170737031,1,True,Singapore,False,2026-03-02 05:55:15.955005
72,2026-02-10 05:55:15.955005,28,2,4.023052767658548,0,True,Malaysia,False,2026-03-02 05:55:15.955005
55,2026-02-16 05:55:15.955005,22,4,20.687058583479892,1,True,Singapore,True,2026-03-02 05:55:15.955005
393,2026-02-14 05:55:15.955005,12,10,23.593840254001933,2,False,Malaysia,False,2026-03-02 05:55:15.955005
47,2026-01-12 05:55:15.955005,7,6,15.526952728078658,1,True,Singapore,False,2026-03-02 05:55:15.955005
399,2026-01-25 05:55:15.955005,16,5,11.551148597783175,4,True,Malaysia,False,2026-03-02 05:55:15.955005
432,2026-02-18 05:55:15.955005,21,13,13.529238692267816,1,True,Singapore,True,2026-03-02 05:55:15.955005
238,2026-02-12 05:55:15.955005,22,0,12.263827182286605,3,True,Indonesia,True,2026-03-02 05:55:15.955005
104,2026-02-01 05:55:15.955005,13,16,28.83956233889258,3,False,Indonesia,False,2026-03-02 05:55:15.955005
210,2026-01-17 05:55:15.955005,26,16,23.274607251355068,2,False,Malaysia,False,2026-03-02 05:55:15.955005
42,2026-02-13 05:55:15.955005,20,13,7.034529230653198,0,True,Singapore,False,2026-03-02 05:55:15.955005
316,2026-02-17 05:55:15.955005,29,9,12.141485409565423,4,False,Singapore,False,2026-03-02 05:55:15.955005
468,2026-01-26 05:55:15.955005,20,7,16.776356449530184,0,True,Indonesia,True,2026-03-02 05:55:15.955005
454,2026-01-26 05:55:15.955005,6,7,18.776589999846966,0,False,Singapore,False,2026-03-02 05:55:15.955005
268,2026-02-11 05:55:15.955005,26,13,14.577332984834246,4,True,Singapore,True,2026-03-02 05:55:15.955005
386,2026-01-10 05:55:15.955005,14,6,24.493672415346815,3,True,Malaysia,True,2026-03-02 05:55:15.955005
263,2026-02-12 05:55:15.955005,15,5,23.26057456428872,2,False,Indonesia,False,2026-03-02 05:55:15.955005
336,2026-01-17 05:55:15.955005,18,3,15.649579640216835,1,False,Singapore,True,2026-03-02 05:55:15.955005
387,2026-01-18 05:55:15.955005,5,0,25.778452216670182,3,False,Singapore,False,2026-03-02 05:55:15.955005
365,2026-02-24 05:55:15.955005,22,14,22.781596382829193,2,False,Malaysia,False,2026-03-02 05:55:15.955005
259,2026-01-05 05:55:15.955005,0,14,23.578873612898654,3,False,Malaysia,False,2026-03-02 05:55:15.955005
283,2026-01-18 05:55:15.955005,11,0,28.73562260356908,4,True,Malaysia,True,2026-03-02 05:55:15.955005
114,2026-01-09 05:55:15.955005,17,19,8.727541295066878,0,True,Malaysia,True,2026-03-02 05:55:15.955005
363,2026-02-27 05:55:15.955005,15,2,8.761796708638627,4,True,Singapore,False,2026-03-02 05:55:15.955005
40,2026-01-03 05:55:15.955005,11,4,26.779615415028562,1,True,Singapore,False,2026-03-02 05:55:15.955005
486,2026-01-28 05:55:15.955005,19,4,23.394564828184706,4,False,Singapore,False,2026-03-02 05:55:15.955005
417,2026-03-01 05:55:15.955005,12,3,27.869820701633195,0,False,Malaysia,False,2026-03-02 05:55:15.955005
220,2026-02-26 05:55:15.955005,7,16,2.830774649409139,3,True,Singapore,False,2026-03-02 05:55:15.955005
129,2026-01-07 05:55:15.955005,26,19,19.2049552405863,2,True,Indonesia,False,2026-03-02 05:55:15.955005
8,2026-02-21 05:55:15.955005,28,13,5.194221805579976,1,False,Indonesia,False,2026-03-02 05:55:15.955005
101,2026-01-30 05:55:15.955005,29,7,15.613018750484896,3,False,Singapore,True,2026-03-02 05:55:15.955005
416,2026-01-20 05:55:15.955005,25,1,5.516661023749883,2,False,Malaysia,True,2026-03-02 05:55:15.955005
380,2026-01-21 05:55:15.955005,21,7,4.714276760561499,0,False,Indonesia,False,2026-03-02 05:55:15.955005
176,2026-02-18 05:55:15.955005,0,0,1.3528820160789614,4,False,Singapore,True,2026-03-02 05:55:15.955005
107,2026-01-23 05:55:15.955005,25,3,19.276925559104228,3,True,Indonesia,True,2026-03-02 05:55:15.955005
101,2026-02-26 05:55:15.955005,20,18,11.411655884012497,2,True,Indonesia,True,2026-03-02 05:55:15.955005
260,2026-01-04 05:55:15.955005,6,4,4.050460261490179,2,True,Indonesia,False,2026-03-02 05:55:15.955005
478,2026-02-21 05:55:15.955005,14,4,10.362295554207986,4,True,Indonesia,False,2026-03-02 05:55:15.955005
454,2026-02-21 05:55:15.955005,28,19,5.8993786520959635,3,False,Singapore,False,2026-03-02 05:55:15.955005
366,2026-01-24 05:55:15.955005,21,18,28.309150113548124,3,True,Indonesia,True,2026-03-02 05:55:15.955005
246,2026-02-04 05:55:15.955005,12,11,10.280141687079094,0,True,Singapore,False,2026-03-02 05:55:15.955005
275,2026-01-02 05:55:15.955005,12,19,10.684652175392307,3,True,Indonesia,False,2026-03-02 05:55:15.955005
32,2026-01-11 05:55:15.955005,27,0,25.355882098587983,4,True,Indonesia,True,2026-03-02 05:55:15.955005
137,2026-02-10 05:55:15.955005,8,6,19.78491707729412,3,True,Indonesia,False,2026-03-02 05:55:15.955005
12,2026-02-23 05:55:15.955005,23,16,21.594976614687038,0,False,Singapore,False,2026-03-02 05:55:15.955005
395,2026-03-02 05:55:15.955005,14,1,19.444052315679855,2,True,Indonesia,True,2026-03-02 05:55:15.955005
302,2026-02-03 05:55:15.955005,3,10,28.439692234508396,3,True,Indonesia,False,2026-03-02 05:55:15.955005
375,2026-01-13 05:55:15.955005,12,6,7.00302411518331,4,False,Malaysia,False,2026-03-02 05:55:15.955005
16,2026-01-23 05:55:15.955005,26,16,29.682138010918077,3,False,Indonesia,False,2026-03-02 05:55:15.955005
129,2026-02-17 05:55:15.955005,11,2,25.097729149138882,1,False,Malaysia,False,2026-03-02 05:55:15.955005
63,2026-02-10 05:55:15.955005,4,5,18.080205077413922,0,False,Singapore,False,2026-03-02 05:55:15.955005
109,2026-02-01 05:55:15.955005,6,10,20.20877710749122,2,True,Indonesia,False,2026-03-02 05:55:15.955005
375,2026-02-10 05:55:15.955005,7,17,19.815950418517808,1,False,Indonesia,False,2026-03-02 05:55:15.955005
21,2026-01-13 05:55:15.955005,4,17,2.6934904977154632,4,True,Malaysia,False,2026-03-02 05:55:15.955005
158,2026-02-22 05:55:15.955005,8,9,7.32247845742622,3,False,Malaysia,False,2026-03-02 05:55:15.955005
269,2026-02-14 05:55:15.955005,13,4,28.882655651217725,0,True,Indonesia,False,2026-03-02 05:55:15.955005
162,2026-02-26 05:55:15.955005,25,14,16.496568436921997,3,False,Singapore,True,2026-03-02 05:55:15.955005
260,2026-01-04 05:55:15.955005,11,19,11.972254494595449,3,False,Malaysia,False,2026-03-02 05:55:15.955005
412,2026-01-05 05:55:15.955005,3,3,23.099115438283174,3,True,Indonesia,False,2026-03-02 05:55:15.955005
102,2026-01-31 05:55:15.955005,19,0,16.21104933701848,3,True,Malaysia,False,2026-03-02 05:55:15.955005
223,2026-01-10 05:55:15.955005,28,14,1.3817203715250301,0,False,Singapore,False,2026-03-02 05:55:15.955005
59,2026-01-22 05:55:15.955005,7,16,22.35089030473842,1,True,Malaysia,False,2026-03-02 05:55:15.955005
247,2026-01-24 05:55:15.955005,16,18,22.234309241532976,4,True,Indonesia,True,2026-03-02 05:55:15.955005
128,2026-01-19 05:55:15.955005,7,13,5.789312651189258,1,True,Malaysia,False,2026-03-02 05:55:15.955005
283,2026-02-12 05:55:15.955005,20,18,28.743142564302186,0,True,Singapore,False,2026-03-02 05:55:15.955005
325,2026-01-26 05:55:15.955005,28,17,7.4933358146923155,4,False,Indonesia,True,2026-03-02 05:55:15.955005
25,2026-01-12 05:55:15.955005,29,1,14.27473165408378,2,True,Indonesia,False,2026-03-02 05:55:15.955005
131,2026-01-29 05:55:15.955005,26,5,4.327342876566526,1,False,Indonesia,True,2026-03-02 05:55:15.955005
353,2026-02-18 05:55:15.955005,0,12,18.495187264067063,0,True,Indonesia,False,2026-03-02 05:55:15.955005
196,2026-02-17 05:55:15.955005,19,16,11.888082481659161,0,False,Singapore,False,2026-03-02 05:55:15.955005
281,2026-01-06 05:55:15.955005,1,5,11.242030404081458,0,False,Indonesia,False,2026-03-02 05:55:15.955005
404,2026-01-29 05:55:15.955005,3,4,24.982329439407472,4,False,Singapore,False,2026-03-02 05:55:15.955005
418,2026-02-02 05:55:15.955005,23,6,1.2772896726638692,3,False,Singapore,True,2026-03-02 05:55:15.955005
154,2026-01-19 05:55:15.955005,20,0,24.140456355880254,2,True,Malaysia,False,2026-03-02 05:55:15.955005
382,2026-01-13 05:55:15.955005,0,12,17.57200840669428,4,True,Malaysia,False,2026-03-02 05:55:15.955005
133,2026-01-26 05:55:15.955005,6,18,29.59685689092577,4,False,Indonesia,False,2026-03-02 05:55:15.955005
227,2026-01-04 05:55:15.955005,0,0,18.093853397523223,1,True,Indonesia,False,2026-03-02 05:55:15.955005
189,2026-01-18 05:55:15.955005,8,12,2.6059948902907797,2,True,Singapore,False,2026-03-02 05:55:15.955005
476,2026-02-21 05:55:15.955005,2,10,2.4687144668680636,0,False,Malaysia,False,2026-03-02 05:55:15.955005
477,2026-01-31 05:55:15.955005,11,6,26.611436604783126,4,True,Indonesia,True,2026-03-02 05:55:15.955005
265,2026-02-25 05:55:15.955005,18,19,25.39521021982054,2,True,Indonesia,False,2026-03-02 05:55:15.955005
372,2026-01-05 05:55:15.955005,14,2,11.030812191878674,1,True,Singapore,True,2026-03-02 05:55:15.955005
486,2026-03-02 05:55:15.955005,21,0,18.92294204125298,3,True,Malaysia,True,2026-03-02 05:55:15.955005
434,2026-02-24 05:55:15.955005,15,7,15.19814935461241,2,False,Indonesia,True,2026-03-02 05:55:15.955005
134,2026-01-04 05:55:15.955005,9,16,29.047757598945513,0,False,Indonesia,False,2026-03-02 05:55:15.955005
211,2026-02-04 05:55:15.955005,21,12,28.548866125429853,4,True,Indonesia,False,2026-03-02 05:55:15.955005
60,2026-02-10 05:55:15.955005,28,13,29.531331247682463,3,False,Indonesia,True,2026-03-02 05:55:15.955005
428,2026-02-03 05:55:15.955005,26,4,26.127014638393664,1,False,Indonesia,False,2026-03-02 05:55:15.955005
377,2026-02-15 05:55:15.955005,26,5,27.376996132477938,0,False,Indonesia,True,2026-03-02 05:55:15.955005
395,2026-01-06 05:55:15.955005,5,5,7.301084584246956,3,False,Malaysia,True,2026-03-02 05:55:15.955005
450,2026-01-16 05:55:15.955005,28,7,25.099196880703463,1,True,Singapore,False,2026-03-02 05:55:15.955005
431,2026-02-08 05:55:15.955005,16,12,21.556856282923967,0,True,Singapore,True,2026-03-02 05:55:15.955005
364,2026-01-10 05:55:15.955005,20,17,28.920808756014033,4,True,Singapore,False,2026-03-02 05:55:15.955005
364,2026-02-11 05:55:15.955005,27,3,17.566593024835964,1,False,Indonesia,False,2026-03-02 05:55:15.955005
457,2026-01-24 05:55:15.955005,21,16,3.469847834606134,3,True,Singapore,True,2026-03-02 05:55:15.955005
213,2026-01-08 05:55:15.955005,23,4,18.324567844427435,0,True,Malaysia,True,2026-03-02 05:55:15.955005
216,2026-02-06 05:55:15.955005,28,2,20.910846912617345,2,True,Indonesia,True,2026-03-02 05:55:15.955005
226,2026-02-03 05:55:15.955005,16,3,7.389309832660421,0,False,Malaysia,False,2026-03-02 05:55:15.955005
470,2026-02-26 05:55:15.955005,20,4,12.429288121869124,3,True,Indonesia,False,2026-03-02 05:55:15.955005
131,2026-01-06 05:55:15.955005,18,13,18.35659900749872,3,False,Indonesia,True,2026-03-02 05:55:15.955005
76,2026-02-10 05:55:15.955005,17,14,11.84906638217866,2,False,Singapore,False,2026-03-02 05:55:15.955005
476,2026-02-13 05:55:15.955005,10,19,11.873483799921255,3,False,Malaysia,False,2026-03-02 05:55:15.955005
286,2026-01-15 05:55:15.955005,23,16,4.859512536011124,0,False,Singapore,False,2026-03-02 05:55:15.955005
474,2026-02-25 05:55:15.955005,6,5,28.281654969252315,1,False,Indonesia,False,2026-03-02 05:55:15.955005
496,2026-01-05 05:55:15.955005,9,9,22.7643371503578,0,True,Malaysia,False,2026-03-02 05:55:15.955005
277,2026-02-02 05:55:15.955005,6,15,1.0360597271169583,3,False,Malaysia,False,2026-03-02 05:55:15.955005
156,2026-02-12 05:55:15.955005,4,16,23.202785236642793,2,False,Indonesia,False,2026-03-02 05:55:15.955005
248,2026-01-29 05:55:15.955005,11,13,22.454054787077904,2,False,Singapore,False,2026-03-02 05:55:15.955005
218,2026-03-02 05:55:15.955005,15,19,1.2821978445101667,4,True,Indonesia,False,2026-03-02 05:55:15.955005
190,2026-01-17 05:55:15.955005,28,11,11.718524630799173,2,True,Malaysia,False,2026-03-02 05:55:15.955005
417,2026-02-28 05:55:15.955005,24,8,18.59568301944039,2,True,Malaysia,False,2026-03-02 05:55:15.955005
469,2026-01-20 05:55:15.955005,20,14,14.12976890388304,3,True,Malaysia,False,2026-03-02 05:55:15.955005
163,2026-02-10 05:55:15.955005,17,11,23.561597442894712,1,False,Indonesia,False,2026-03-02 05:55:15.955005
180,2026-01-27 05:55:15.955005,2,13,13.338291646398586,1,False,Malaysia,False,2026-03-02 05:55:15.955005
34,2026-01-21 05:55:15.955005,19,17,5.462026114161274,3,True,Malaysia,False,2026-03-02 05:55:15.955005
41,2026-01-22 05:55:15.955005,14,19,29.316053103941027,2,False,Singapore,False,2026-03-02 05:55:15.955005
307,2026-02-28 05:55:15.955005,4,5,8.019159790505352,0,True,Singapore,False,2026-03-02 05:55:15.955005
431,2026-02-06 05:55:15.955005,12,3,21.813077005698638,1,True,Malaysia,False,2026-03-02 05:55:15.955005
338,2026-01-17 05:55:15.955005,18,11,5.151533038258086,3,True,Singapore,False,2026-03-02 05:55:15.955005
314,2026-01-24 05:55:15.955005,11,12,10.541365799734047,0,False,Indonesia,False,2026-03-02 05:55:15.955005
75,2026-01-17 05:55:15.955005,29,18,13.81880064448229,2,True,Singapore,False,2026-03-02 05:55:15.955005
441,2026-01-07 05:55:15.955005,22,12,6.574728131284854,3,True,Singapore,True,2026-03-02 05:55:15.955005
279,2026-02-11 05:55:15.955005,20,11,14.048827714689676,1,False,Singapore,True,2026-03-02 05:55:15.955005
176,2026-01-10 05:55:15.955005,4,19,5.55772186676075,0,False,Singapore,False,2026-03-02 05:55:15.955005
384,2026-01-18 05:55:15.955005,5,2,17.211189630590813,0,False,Indonesia,False,2026-03-02 05:55:15.955005
150,2026-01-17 05:55:15.955005,6,2,20.247684323085625,1,False,Singapore,False,2026-03-02 05:55:15.955005
273,2026-01-28 05:55:15.955005,25,13,2.810594236812312,0,False,Malaysia,False,2026-03-02 05:55:15.955005
325,2026-02-10 05:55:15.955005,9,17,26.262831511382874,1,False,Singapore,False,2026-03-02 05:55:15.955005
108,2026-01-06 05:55:15.955005,15,18,6.36908566621903,3,True,Singapore,False,2026-03-02 05:55:15.955005
139,2026-01-07 05:55:15.955005,7,9,7.53551033428939,4,False,Malaysia,False,2026-03-02 05:55:15.955005
350,2026-01-14 05:55:15.955005,8,16,20.179145362408825,2,False,Indonesia,False,2026-03-02 05:55:15.955005
271,2026-02-08 05:55:15.955005,26,14,14.593780752598008,3,False,Malaysia,True,2026-03-02 05:55:15.955005
347,2026-02-25 05:55:15.955005,3,18,15.482472375960905,2,True,Malaysia,False,2026-03-02 05:55:15.955005
419,2026-01-11 05:55:15.955005,20,8,4.716494552330848,2,False,Malaysia,False,2026-03-02 05:55:15.955005
289,2026-01-09 05:55:15.955005,20,3,24.36633883441584,1,True,Malaysia,False,2026-03-02 05:55:15.955005
212,2026-02-18 05:55:15.955005,7,14,18.89457313702209,4,True,Singapore,False,2026-03-02 05:55:15.955005
381,2026-01-13 05:55:15.955005,24,18,4.926079255974225,2,True,Singapore,False,2026-03-02 05:55:15.955005
272,2026-02-08 05:55:15.955005,6,15,11.845981643742284,2,True,Singapore,False,2026-03-02 05:55:15.955005
418,2026-02-22 05:55:15.955005,14,7,24.501888049315873,3,False,Singapore,False,2026-03-02 05:55:15.955005
66,2026-02-14 05:55:15.955005,20,16,17.482296333612,4,False,Indonesia,False,2026-03-02 05:55:15.955005
483,2026-03-01 05:55:15.955005,2,0,4.1508145948549835,4,False,Singapore,True,2026-03-02 05:55:15.955005
424,2026-02-12 05:55:15.955005,16,6,11.810534327889314,2,False,Singapore,False,2026-03-02 05:55:15.955005
248,2026-02-12 05:55:15.955005,10,17,8.038137555216302,4,False,Indonesia,False,2026-03-02 05:55:15.955005
156,2026-01-06 05:55:15.955005,8,11,16.006501055958065,3,False,Malaysia,False,2026-03-02 05:55:15.955005
47,2026-02-24 05:55:15.955005,4,15,25.4574727372877,1,True,Singapore,False,2026-03-02 05:55:15.955005
423,2026-01-08 05:55:15.955005,24,0,13.651746909328175,2,True,Singapore,True,2026-03-02 05:55:15.955005
454,2026-01-20 05:55:15.955005,9,14,13.566918880681369,0,False,Malaysia,False,2026-03-02 05:55:15.955005
201,2026-01-20 05:55:15.955005,14,6,27.255176167484073,2,False,Singapore,False,2026-03-02 05:55:15.955005
148,2026-01-03 05:55:15.955005,27,16,17.7093769627109,2,False,Malaysia,False,2026-03-02 05:55:15.955005
124,2026-02-11 05:55:15.955005,28,2,17.4195415345248,1,False,Malaysia,True,2026-03-02 05:55:15.955005
1,2026-02-22 05:55:15.955005,13,10,8.595386864386292,0,False,Malaysia,False,2026-03-02 05:55:15.955005
456,2026-02-14 05:55:15.955005,3,5,18.623959687276663,0,False,Singapore,False,2026-03-02 05:55:15.955005
247,2026-02-04 05:55:15.955005,20,5,17.701403555104495,0,True,Malaysia,False,2026-03-02 05:55:15.955005
343,2026-01-15 05:55:15.955005,19,14,12.508692639914056,1,True,Singapore,False,2026-03-02 05:55:15.955005
128,2026-03-01 05:55:15.955005,1,6,29.730171411076235,4,False,Indonesia,True,2026-03-02 05:55:15.955005
191,2026-01-26 05:55:15.955005,11,10,26.574837983494515,0,False,Malaysia,False,2026-03-02 05:55:15.955005
67,2026-02-12 05:55:15.955005,0,16,22.73800241222765,4,False,Singapore,False,2026-03-02 05:55:15.955005
4,2026-02-14 05:55:15.955005,23,17,16.583022063977015,3,True,Malaysia,True,2026-03-02 05:55:15.955005
442,2026-02-26 05:55:15.955005,19,18,14.399734254944278,1,True,Singapore,False,2026-03-02 05:55:15.955005
409,2026-01-23 05:55:15.955005,4,7,6.362024461472782,4,True,Singapore,True,2026-03-02 05:55:15.955005
303,2026-02-13 05:55:15.955005,5,19,9.866386746424087,0,True,Indonesia,False,2026-03-02 05:55:15.955005
294,2026-01-09 05:55:15.955005,29,7,23.444863194873097,0,True,Malaysia,False,2026-03-02 05:55:15.955005
143,2026-01-08 05:55:15.955005,23,10,14.158719664188991,4,False,Singapore,False,2026-03-02 05:55:15.955005
191,2026-01-03 05:55:15.955005,10,2,26.58581598051554,4,False,Indonesia,True,2026-03-02 05:55:15.955005
21,2026-02-24 05:55:15.955005,7,13,5.289422954020335,3,True,Singapore,False,2026-03-02 05:55:15.955005
227,2026-02-14 05:55:15.955005,6,8,15.742065784395457,1,False,Singapore,False,2026-03-02 05:55:15.955005
313,2026-01-23 05:55:15.955005,3,0,19.762004836617955,2,True,Indonesia,False,2026-03-02 05:55:15.955005
117,2026-01-26 05:55:15.955005,5,0,15.988605232929853,3,True,Malaysia,False,2026-03-02 05:55:15.955005
437,2026-01-22 05:55:15.955005,15,11,26.787579855964626,3,True,Indonesia,True,2026-03-02 05:55:15.955005
302,2026-01-17 05:55:15.955005,19,10,29.697335173045055,3,False,Malaysia,False,2026-03-02 05:55:15.955005
500,2026-02-27 05:55:15.955005,14,0,4.359205091899723,0,False,Singapore,False,2026-03-02 05:55:15.955005
142,2026-01-24 05:55:15.955005,13,19,4.76869221823071,4,False,Singapore,True,2026-03-02 05:55:15.955005
484,2026-02-06 05:55:15.955005,22,11,4.779399293243511,1,False,Indonesia,False,2026-03-02 05:55:15.955005
460,2026-02-26 05:55:15.955005,11,16,20.7541357860453,0,False,Indonesia,False,2026-03-02 05:55:15.955005
401,2026-02-01 05:55:15.955005,28,14,11.8076067693793,3,True,Indonesia,False,2026-03-02 05:55:15.955005
39,2026-02-19 05:55:15.955005,11,1,22.266125176711277,1,True,Singapore,False,2026-03-02 05:55:15.955005
393,2026-02-27 05:55:15.955005,15,17,12.758672713722383,0,True,Malaysia,False,2026-03-02 05:55:15.955005
355,2026-02-07 05:55:15.955005,14,15,19.200594918629847,2,False,Indonesia,False,2026-03-02 05:55:15.955005
252,2026-02-02 05:55:15.955005,28,3,23.32588216468791,3,False,Malaysia,False,2026-03-02 05:55:15.955005
333,2026-02-22 05:55:15.955005,12,7,16.898261408992695,0,False,Indonesia,False,2026-03-02 05:55:15.955005
207,2026-02-27 05:55:15.955005,10,1,16.645604123050177,0,True,Indonesia,True,2026-03-02 05:55:15.955005
210,2026-01-11 05:55:15.955005,29,13,3.5587954332833993,3,True,Indonesia,False,2026-03-02 05:55:15.955005
115,2026-02-07 05:55:15.955005,16,14,12.91267054437361,2,True,Indonesia,False,2026-03-02 05:55:15.955005
225,2026-02-17 05:55:15.955005,20,8,16.82753744352319,4,False,Singapore,False,2026-03-02 05:55:15.955005
134,2026-02-26 05:55:15.955005,14,1,14.39744394432589,2,False,Singapore,False,2026-03-02 05:55:15.955005
251,2026-02-13 05:55:15.955005,13,16,27.122678005464337,3,True,Indonesia,False,2026-03-02 05:55:15.955005
219,2026-01-20 05:55:15.955005,9,9,27.28938833146519,4,True,Singapore,False,2026-03-02 05:55:15.955005
407,2026-01-05 05:55:15.955005,11,8,24.83560403707409,0,True,Singapore,False,2026-03-02 05:55:15.955005
443,2026-02-12 05:55:15.955005,15,1,11.88364418582048,2,True,Singapore,False,2026-03-02 05:55:15.955005
91,2026-02-19 05:55:15.955005,14,18,21.801675398938496,2,False,Singapore,False,2026-03-02 05:55:15.955005
354,2026-02-13 05:55:15.955005,9,16,12.463365371018684,4,True,Malaysia,False,2026-03-02 05:55:15.955005
376,2026-02-14 05:55:15.955005,3,10,7.745214370297012,0,False,Malaysia,False,2026-03-02 05:55:15.955005
46,2026-02-01 05:55:15.955005,26,16,10.944176662975567,2,False,Singapore,False,2026-03-02 05:55:15.955005
38,2026-02-07 05:55:15.955005,22,9,3.057974365280529,4,False,Malaysia,False,2026-03-02 05:55:15.955005
142,2026-02-20 05:55:15.955005,28,17,10.621547761134769,2,False,Indonesia,False,2026-03-02 05:55:15.955005
100,2026-01-27 05:55:15.955005,8,5,14.361524300573976,0,False,Malaysia,False,2026-03-02 05:55:15.955005
328,2026-02-08 05:55:15.955005,20,15,28.708945948644068,0,True,Indonesia,False,2026-03-02 05:55:15.955005
190,2026-02-14 05:55:15.955005,19,17,10.088907000369122,1,False,Malaysia,True,2026-03-02 05:55:15.955005
35,2026-03-02 05:55:15.955005,8,19,27.171152636960098,4,True,Malaysia,False,2026-03-02 05:55:15.955005
147,2026-02-16 05:55:15.955005,20,17,7.636889998881414,3,True,Indonesia,True,2026-03-02 05:55:15.955005
30,2026-01-30 05:55:15.955005,24,0,6.538098035018233,2,False,Indonesia,True,2026-03-02 05:55:15.955005
334,2026-01-02 05:55:15.955005,23,2,16.050868236532786,0,True,Singapore,False,2026-03-02 05:55:15.955005
84,2026-02-22 05:55:15.955005,19,14,20.502829709624773,2,True,Malaysia,False,2026-03-02 05:55:15.955005
369,2026-02-16 05:55:15.955005,10,19,2.2856352732661613,2,True,Indonesia,False,2026-03-02 05:55:15.955005
281,2026-02-03 05:55:15.955005,10,9,7.4109100863692845,3,True,Singapore,True,2026-03-02 05:55:15.955005
424,2026-02-07 05:55:15.955005,6,4,14.214826328538177,0,False,Indonesia,False,2026-03-02 05:55:15.955005
344,2026-01-02 05:55:15.955005,20,14,10.599125743512262,1,True,Singapore,False,2026-03-02 05:55:15.955005
270,2026-01-27 05:55:15.955005,9,13,21.666011301101335,4,True,Singapore,False,2026-03-02 05:55:15.955005
154,2026-02-09 05:55:15.955005,3,14,15.823657285198188,2,False,Indonesia,False,2026-03-02 05:55:15.955005
102,2026-02-04 05:55:15.955005,4,9,5.650414062513106,3,False,Indonesia,False,2026-03-02 05:55:15.955005
215,2026-02-12 05:55:15.955005,4,8,26.939496000137623,3,False,Malaysia,False,2026-03-02 05:55:15.955005
150,2026-01-17 05:55:15.955005,10,11,9.494264589017426,4,False,Malaysia,False,2026-03-02 05:55:15.955005
432,2026-02-19 05:55:15.955005,8,6,22.20280215996828,4,False,Singapore,False,2026-03-02 05:55:15.955005
83,2026-02-11 05:55:15.955005,27,4,23.617557594056887,0,True,Indonesia,True,2026-03-02 05:55:15.955005
110,2026-03-02 05:55:15.955005,15,9,28.931573307426962,2,False,Malaysia,False,2026-03-02 05:55:15.955005
435,2026-02-10 05:55:15.955005,8,7,15.45671652919894,2,True,Singapore,False,2026-03-02 05:55:15.955005
387,2026-01-13 05:55:15.955005,21,19,18.85922994846853,4,False,Malaysia,True,2026-03-02 05:55:15.955005
426,2026-01-17 05:55:15.955005,29,15,10.711412510906479,1,True,Singapore,False,2026-03-02 05:55:15.955005
275,2026-03-02 05:55:15.955005,3,11,20.667199508949928,2,True,Malaysia,False,2026-03-02 05:55:15.955005
201,2026-02-21 05:55:15.955005,1,8,14.438121090123271,3,False,Indonesia,True,2026-03-02 05:55:15.955005
284,2026-01-15 05:55:15.955005,13,9,13.691918577008245,4,True,Singapore,False,2026-03-02 05:55:15.955005
468,2026-01-03 05:55:15.955005,2,15,25.808558344367057,2,False,Singapore,False,2026-03-02 05:55:15.955005
173,2026-01-03 05:55:15.955005,17,9,2.4548964614619715,0,True,Malaysia,False,2026-03-02 05:55:15.955005
327,2026-01-30 05:55:15.955005,20,8,26.57691040712419,4,False,Malaysia,True,2026-03-02 05:55:15.955005
206,2026-01-23 05:55:15.955005,5,2,25.710025297028153,3,True,Malaysia,True,2026-03-02 05:55:15.955005
63,2026-01-02 05:55:15.955005,10,18,15.684621353291885,0,True,Indonesia,False,2026-03-02 05:55:15.955005
73,2026-02-09 05:55:15.955005,20,10,15.21588277196322,4,False,Malaysia,True,2026-03-02 05:55:15.955005
251,2026-02-13 05:55:15.955005,17,5,11.492413673029215,4,False,Malaysia,True,2026-03-02 05:55:15.955005
124,2026-01-14 05:55:15.955005,11,5,29.831039958770297,2,False,Indonesia,False,2026-03-02 05:55:15.955005
375,2026-01-16 05:55:15.955005,4,14,4.223910649861395,0,False,Malaysia,False,2026-03-02 05:55:15.955005
121,2026-01-30 05:55:15.955005,8,14,18.1162418332296,4,False,Indonesia,False,2026-03-02 05:55:15.955005
275,2026-02-04 05:55:15.955005,19,12,20.768766113260092,3,False,Indonesia,True,2026-03-02 05:55:15.955005
431,2026-02-03 05:55:15.955005,27,4,28.09557023829139,0,False,Malaysia,False,2026-03-02 05:55:15.955005
500,2026-02-13 05:55:15.955005,25,13,23.625901408846083,2,False,Indonesia,False,2026-03-02 05:55:15.955005
398,2026-01-03 05:55:15.955005,17,1,19.67156888153486,1,False,Malaysia,False,2026-03-02 05:55:15.955005
120,2026-01-23 05:55:15.955005,18,11,4.3875571875515575,4,False,Indonesia,True,2026-03-02 05:55:15.955005
422,2026-01-13 05:55:15.955005,2,19,11.838271988112554,1,True,Singapore,False,2026-03-02 05:55:15.955005
437,2026-02-02 05:55:15.955005,8,13,5.026407633891573,4,True,Malaysia,False,2026-03-02 05:55:15.955005
317,2026-02-13 05:55:15.955005,3,18,26.555169241499897,2,False,Singapore,False,2026-03-02 05:55:15.955005
164,2026-01-18 05:55:15.955005,16,19,22.739013511345647,2,False,Singapore,False,2026-03-02 05:55:15.955005
424,2026-02-23 05:55:15.955005,16,14,22.968566817119648,2,True,Singapore,True,2026-03-02 05:55:15.955005
465,2026-01-08 05:55:15.955005,22,19,19.915439015432778,2,False,Singapore,True,2026-03-02 05:55:15.955005
286,2026-01-31 05:55:15.955005,22,16,15.70426257116458,0,True,Malaysia,True,2026-03-02 05:55:15.955005
265,2026-01-28 05:55:15.955005,1,13,5.349160724441419,0,True,Indonesia,False,2026-03-02 05:55:15.955005
320,2026-02-24 05:55:15.955005,8,17,10.5611517144465,4,True,Malaysia,False,2026-03-02 05:55:15.955005
161,2026-01-26 05:55:15.955005,8,4,4.970557981829826,0,True,Malaysia,False,2026-03-02 05:55:15.955005
376,2026-02-13 05:55:15.955005,4,11,22.022481142717954,4,True,Indonesia,False,2026-03-02 05:55:15.955005
308,2026-01-02 05:55:15.955005,14,9,5.646634504638146,0,False,Singapore,False,2026-03-02 05:55:15.955005
89,2026-01-24 05:55:15.955005,14,7,21.36129295497888,0,True,Indonesia,False,2026-03-02 05:55:15.955005
142,2026-01-03 05:55:15.955005,2,5,21.075406298281237,0,False,Singapore,False,2026-03-02 05:55:15.955005
203,2026-02-22 05:55:15.955005,18,14,14.319829890747378,3,True,Malaysia,False,2026-03-02 05:55:15.955005
309,2026-01-03 05:55:15.955005,27,11,4.921630969423516,2,True,Indonesia,True,2026-03-02 05:55:15.955005
227,2026-02-22 05:55:15.955005,2,5,10.129223957887064,3,True,Indonesia,False,2026-03-02 05:55:15.955005
489,2026-01-16 05:55:15.955005,5,11,10.282700163190992,0,False,Singapore,False,2026-03-02 05:55:15.955005
443,2026-02-23 05:55:15.955005,3,14,21.311168861155508,0,True,Indonesia,False,2026-03-02 05:55:15.955005
334,2026-01-11 05:55:15.955005,23,11,4.298547562998006,3,True,Malaysia,True,2026-03-02 05:55:15.955005
222,2026-01-27 05:55:15.955005,12,8,25.04299074026663,4,False,Indonesia,False,2026-03-02 05:55:15.955005
41,2026-02-13 05:55:15.955005,26,18,23.069211415391504,2,False,Indonesia,False,2026-03-02 05:55:15.955005
196,2026-02-26 05:55:15.955005,12,1,6.402900627053944,4,True,Malaysia,False,2026-03-02 05:55:15.955005
68,2026-02-17 05:55:15.955005,26,12,21.855767071587792,2,True,Singapore,False,2026-03-02 05:55:15.955005
476,2026-02-03 05:55:15.955005,10,12,20.386882262566832,1,True,Indonesia,False,2026-03-02 05:55:15.955005
264,2026-02-01 05:55:15.955005,4,7,22.695503203216862,2,False,Singapore,False,2026-03-02 05:55:15.955005
2,2026-02-27 05:55:15.955005,0,12,6.4789281080121395,4,True,Indonesia,False,2026-03-02 05:55:15.955005
361,2026-01-23 05:55:15.955005,8,3,5.57011934253759,2,False,Malaysia,False,2026-03-02 05:55:15.955005
125,2026-02-11 05:55:15.955005,16,5,7.858035591759872,1,True,Singapore,False,2026-03-02 05:55:15.955005
110,2026-02-06 05:55:15.955005,21,5,11.610279391320294,1,False,Indonesia,False,2026-03-02 05:55:15.955005
86,2026-02-03 05:55:15.955005,0,11,24.016284450038235,0,False,Singapore,False,2026-03-02 05:55:15.955005
425,2026-02-19 05:55:15.955005,2,11,22.39979418688665,1,True,Indonesia,False,2026-03-02 05:55:15.955005
120,2026-03-01 05:55:15.955005,14,16,27.83809617607746,3,True,Malaysia,True,2026-03-02 05:55:15.955005
127,2026-01-19 05:55:15.955005,25,6,2.7002572138598477,4,False,Malaysia,False,2026-03-02 05:55:15.955005
255,2026-02-17 05:55:15.955005,20,14,1.3351321494113824,3,True,Indonesia,False,2026-03-02 05:55:15.955005
183,2026-02-09 05:55:15.955005,25,16,21.275026061323175,3,False,Indonesia,True,2026-03-02 05:55:15.955005
16,2026-01-31 05:55:15.955005,22,9,9.099337378030805,4,False,Singapore,True,2026-03-02 05:55:15.955005
477,2026-02-08 05:55:15.955005,29,19,10.688287970480708,3,True,Indonesia,True,2026-03-02 05:55:15.955005
62,2026-01-14 05:55:15.955005,9,5,16.857258751520853,3,False,Singapore,False,2026-03-02 05:55:15.955005
369,2026-02-11 05:55:15.955005,7,8,3.9699805706771567,3,True,Indonesia,False,2026-03-02 05:55:15.955005
432,2026-01-24 05:55:15.955005,11,14,19.63813807989344,1,False,Malaysia,False,2026-03-02 05:55:15.955005
158,2026-01-07 05:55:15.955005,24,15,10.429275940703356,4,True,Singapore,False,2026-03-02 05:55:15.955005
268,2026-02-27 05:55:15.955005,21,7,19.34873860472876,4,True,Singapore,False,2026-03-02 05:55:15.955005
35,2026-02-16 05:55:15.955005,14,15,25.18620047912819,4,True,Malaysia,True,2026-03-02 05:55:15.955005
267,2026-02-07 05:55:15.955005,26,4,5.96222866678546,3,False,Singapore,True,2026-03-02 05:55:15.955005
64,2026-02-06 05:55:15.955005,8,17,27.995319694521086,1,True,Malaysia,False,2026-03-02 05:55:15.955005
494,2026-03-02 05:55:15.955005,23,19,16.38995609081087,4,False,Malaysia,True,2026-03-02 05:55:15.955005
50,2026-02-24 05:55:15.955005,24,13,27.76490519004508,2,False,Malaysia,False,2026-03-02 05:55:15.955005
469,2026-01-05 05:55:15.955005,9,1,7.024172383851566,4,True,Indonesia,True,2026-03-02 05:55:15.955005
255,2026-01-31 05:55:15.955005,19,2,18.53231727352289,0,False,Malaysia,False,2026-03-02 05:55:15.955005
149,2026-02-19 05:55:15.955005,8,13,12.712726402384536,2,True,Singapore,False,2026-03-02 05:55:15.955005
325,2026-01-20 05:55:15.955005,14,6,23.45244354352438,4,False,Indonesia,True,2026-03-02 05:55:15.955005
304,2026-02-26 05:55:15.955005,22,14,18.571359353185596,3,False,Malaysia,False,2026-03-02 05:55:15.955005
276,2026-01-18 05:55:15.955005,20,16,15.340948251791234,4,True,Malaysia,True,2026-03-02 05:55:15.955005
357,2026-01-12 05:55:15.955005,20,0,27.47657678649925,1,True,Malaysia,True,2026-03-02 05:55:15.955005
451,2026-01-20 05:55:15.955005,0,8,11.936394860978726,1,False,Singapore,False,2026-03-02 05:55:15.955005
172,2026-01-24 05:55:15.955005,1,13,7.379425942047263,4,True,Indonesia,False,2026-03-02 05:55:15.955005
417,2026-01-02 05:55:15.955005,25,15,18.63493441871066,3,True,Indonesia,True,2026-03-02 05:55:15.955005
201,2026-02-19 05:55:15.955005,18,12,19.0968246780116,3,False,Indonesia,False,2026-03-02 05:55:15.955005
445,2026-01-23 05:55:15.955005,29,5,13.733744025584386,3,True,Singapore,False,2026-03-02 05:55:15.955005
393,2026-02-13 05:55:15.955005,13,0,15.111691266992088,4,False,Malaysia,False,2026-03-02 05:55:15.955005
324,2026-03-01 05:55:15.955005,7,3,28.8270490146971,4,True,Indonesia,False,2026-03-02 05:55:15.955005
35,2026-02-21 05:55:15.955005,5,2,22.247885050507236,0,True,Malaysia,False,2026-03-02 05:55:15.955005
465,2026-02-16 05:55:15.955005,11,16,4.207450792994733,1,False,Singapore,False,2026-03-02 05:55:15.955005
482,2026-02-01 05:55:15.955005,25,1,7.151772055247719,2,False,Indonesia,False,2026-03-02 05:55:15.955005
216,2026-01-18 05:55:15.955005,26,18,29.29172239863121,2,True,Singapore,True,2026-03-02 05:55:15.955005
480,2026-01-04 05:55:15.955005,28,19,22.067501060012408,1,True,Indonesia,False,2026-03-02 05:55:15.955005
65,2026-02-14 05:55:15.955005,14,7,27.53630865819494,0,False,Indonesia,False,2026-03-02 05:55:15.955005
8,2026-02-27 05:55:15.955005,13,14,9.81198245567294,1,True,Malaysia,False,2026-03-02 05:55:15.955005
301,2026-02-24 05:55:15.955005,20,5,22.514138942511178,0,True,Singapore,False,2026-03-02 05:55:15.955005
343,2026-01-21 05:55:15.955005,28,19,21.706078547181832,0,True,Indonesia,False,2026-03-02 05:55:15.955005
431,2026-01-31 05:55:15.955005,0,1,9.546009577741877,3,True,Indonesia,True,2026-03-02 05:55:15.955005
424,2026-01-11 05:55:15.955005,27,14,16.973673438070456,1,False,Singapore,False,2026-03-02 05:55:15.955005
332,2026-01-02 05:55:15.955005,10,19,19.195038226838562,2,True,Malaysia,False,2026-03-02 05:55:15.955005
438,2026-01-03 05:55:15.955005,27,11,14.952822513996486,4,False,Singapore,True,2026-03-02 05:55:15.955005
76,2026-01-07 05:55:15.955005,24,2,24.98818249308237,4,False,Indonesia,True,2026-03-02 05:55:15.955005
174,2026-01-23 05:55:15.955005,2,9,25.153202212141696,1,True,Singapore,False,2026-03-02 05:55:15.955005
47,2026-01-07 05:55:15.955005,18,13,25.667415900745144,4,False,Malaysia,False,2026-03-02 05:55:15.955005
15,2026-01-28 05:55:15.955005,17,13,24.299283503846723,0,True,Malaysia,True,2026-03-02 05:55:15.955005
361,2026-02-25 05:55:15.955005,19,2,15.154420838717193,4,True,Malaysia,False,2026-03-02 05:55:15.955005
147,2026-01-12 05:55:15.955005,27,0,12.06171064632121,0,False,Malaysia,False,2026-03-02 05:55:15.955005
26,2026-01-24 05:55:15.955005,1,19,25.109912227716745,0,False,Malaysia,False,2026-03-02 05:55:15.955005
308,2026-01-17 05:55:15.955005,28,0,15.215842298131738,2,False,Malaysia,False,2026-03-02 05:55:15.955005
93,2026-01-04 05:55:15.955005,24,1,8.144770560211473,4,True,Malaysia,True,2026-03-02 05:55:15.955005
406,2026-01-11 05:55:15.955005,27,18,15.712962437344272,2,True,Indonesia,False,2026-03-02 05:55:15.955005
232,2026-01-28 05:55:15.955005,25,9,5.113644835658022,4,True,Singapore,True,2026-03-02 05:55:15.955005
21,2026-01-18 05:55:15.955005,6,3,21.057255227365168,0,False,Malaysia,False,2026-03-02 05:55:15.955005
307,2026-02-16 05:55:15.955005,7,3,10.741717167093285,4,False,Singapore,False,2026-03-02 05:55:15.955005
38,2026-02-17 05:55:15.955005,18,12,8.559105154976177,2,False,Singapore,False,2026-03-02 05:55:15.955005
276,2026-02-25 05:55:15.955005,21,8,28.738753640807605,3,False,Indonesia,False,2026-03-02 05:55:15.955005
157,2026-01-12 05:55:15.955005,14,6,23.52954887699092,2,False,Singapore,False,2026-03-02 05:55:15.955005
179,2026-01-25 05:55:15.955005,9,15,23.825015578994016,3,True,Singapore,True,2026-03-02 05:55:15.955005
132,2026-01-12 05:55:15.955005,21,17,19.08793710909632,1,True,Malaysia,False,2026-03-02 05:55:15.955005
311,2026-01-30 05:55:15.955005,28,2,25.336011504798616,2,False,Malaysia,False,2026-03-02 05:55:15.955005
455,2026-02-28 05:55:15.955005,0,19,23.015711953738055,4,False,Singapore,False,2026-03-02 05:55:15.955005
348,2026-02-28 05:55:15.955005,5,19,18.36443741987488,3,False,Malaysia,False,2026-03-02 05:55:15.955005
28,2026-02-09 05:55:15.955005,12,9,28.872607653699802,4,False,Indonesia,False,2026-03-02 05:55:15.955005
260,2026-02-09 05:55:15.955005,13,15,6.556253540848268,3,True,Singapore,True,2026-03-02 05:55:15.955005
406,2026-02-21 05:55:15.955005,2,2,28.35801185084778,2,False,Singapore,True,2026-03-02 05:55:15.955005
76,2026-01-11 05:55:15.955005,10,10,12.641706697967084,2,False,Indonesia,False,2026-03-02 05:55:15.955005
429,2026-02-28 05:55:15.955005,2,9,16.323570518643113,4,False,Indonesia,False,2026-03-02 05:55:15.955005
67,2026-02-19 05:55:15.955005,18,15,4.559440266784959,2,True,Indonesia,True,2026-03-02 05:55:15.955005
342,2026-02-02 05:55:15.955005,9,7,16.66311572873194,4,True,Indonesia,True,2026-03-02 05:55:15.955005
492,2026-01-14 05:55:15.955005,26,8,18.72499580388761,0,False,Singapore,False,2026-03-02 05:55:15.955005
194,2026-02-14 05:55:15.955005,14,14,29.933344712447195,3,True,Malaysia,False,2026-03-02 05:55:15.955005
472,2026-02-24 05:55:15.955005,10,2,29.28057992107427,4,False,Malaysia,True,2026-03-02 05:55:15.955005
162,2026-02-18 05:55:15.955005,14,3,29.02552146435433,3,False,Malaysia,False,2026-03-02 05:55:15.955005
347,2026-01-06 05:55:15.955005,25,12,11.103253742959664,0,False,Malaysia,True,2026-03-02 05:55:15.955005
439,2026-03-01 05:55:15.955005,26,11,29.74672846360626,3,True,Indonesia,False,2026-03-02 05:55:15.955005
361,2026-02-27 05:55:15.955005,23,8,14.208866396258214,4,False,Malaysia,True,2026-03-02 05:55:15.955005
257,2026-02-21 05:55:15.955005,12,13,25.703251504095114,2,False,Malaysia,False,2026-03-02 05:55:15.955005
72,2026-01-23 05:55:15.955005,4,18,7.273279101550187,3,True,Singapore,False,2026-03-02 05:55:15.955005
87,2026-02-07 05:55:15.955005,3,6,15.669162210041469,3,True,Singapore,False,2026-03-02 05:55:15.955005
422,2026-02-14 05:55:15.955005,12,15,29.014350787700558,0,False,Malaysia,False,2026-03-02 05:55:15.955005
262,2026-01-10 05:55:15.955005,8,19,28.4639105107794,1,False,Indonesia,False,2026-03-02 05:55:15.955005
214,2026-02-25 05:55:15.955005,24,4,20.828311456821375,2,True,Malaysia,False,2026-03-02 05:55:15.955005
153,2026-02-12 05:55:15.955005,16,9,24.136615354038735,4,True,Indonesia,True,2026-03-02 05:55:15.955005
210,2026-02-26 05:55:15.955005,1,17,6.1163742014696405,0,True,Singapore,False,2026-03-02 05:55:15.955005
401,2026-01-30 05:55:15.955005,23,10,21.928097935040565,4,False,Indonesia,True,2026-03-02 05:55:15.955005
61,2026-02-21 05:55:15.955005,4,6,18.923473441725797,4,False,Malaysia,False,2026-03-02 05:55:15.955005
268,2026-02-22 05:55:15.955005,15,13,3.6550003367861366,3,True,Singapore,True,2026-03-02 05:55:15.955005
262,2026-02-04 05:55:15.955005,6,19,4.281611191100612,0,True,Malaysia,False,2026-03-02 05:55:15.955005
218,2026-02-18 05:55:15.955005,0,17,4.144864914786595,0,False,Malaysia,False,2026-03-02 05:55:15.955005
283,2026-02-12 05:55:15.955005,27,10,22.006351110065236,2,True,Indonesia,False,2026-03-02 05:55:15.955005
136,2026-02-10 05:55:15.955005,25,11,5.1097410391796005,1,False,Malaysia,True,2026-03-02 05:55:15.955005
467,2026-02-07 05:55:15.955005,11,17,14.564235862319643,4,False,Malaysia,False,2026-03-02 05:55:15.955005
380,2026-01-24 05:55:15.955005,20,1,11.352472370454974,2,False,Singapore,True,2026-03-02 05:55:15.955005
362,2026-02-27 05:55:15.955005,10,0,16.964620082336317,2,True,Indonesia,True,2026-03-02 05:55:15.955005
449,2026-02-07 05:55:15.955005,11,9,21.487818129362683,4,False,Indonesia,False,2026-03-02 05:55:15.955005
441,2026-01-03 05:55:15.955005,18,0,20.85695357941863,3,True,Singapore,True,2026-03-02 05:55:15.955005
93,2026-01-27 05:55:15.955005,25,5,15.950077561516922,3,True,Singapore,False,2026-03-02 05:55:15.955005
109,2026-02-28 05:55:15.955005,11,6,14.46571133470118,4,True,Indonesia,False,2026-03-02 05:55:15.955005
241,2026-02-27 05:55:15.955005,11,16,12.536652258545503,0,True,Singapore,False,2026-03-02 05:55:15.955005
355,2026-01-05 05:55:15.955005,13,8,25.995388500827,1,False,Indonesia,False,2026-03-02 05:55:15.955005
424,2026-01-25 05:55:15.955005,1,6,10.594702341306704,3,False,Singapore,False,2026-03-02 05:55:15.955005
142,2026-01-22 05:55:15.955005,1,16,8.521608813857352,1,False,Indonesia,False,2026-03-02 05:55:15.955005
291,2026-01-14 05:55:15.955005,24,2,22.556149316002866,2,True,Indonesia,True,2026-03-02 05:55:15.955005
432,2026-01-08 05:55:15.955005,28,15,11.433140389205068,2,False,Singapore,False,2026-03-02 05:55:15.955005
237,2026-01-27 05:55:15.955005,3,4,25.562959392960785,4,False,Malaysia,False,2026-03-02 05:55:15.955005
340,2026-01-31 05:55:15.955005,19,19,10.508772840477198,4,False,Malaysia,False,2026-03-02 05:55:15.955005
312,2026-01-06 05:55:15.955005,22,17,21.356399912663058,4,False,Singapore,False,2026-03-02 05:55:15.955005
177,2026-01-18 05:55:15.955005,25,0,2.3081611822747465,3,True,Indonesia,True,2026-03-02 05:55:15.955005
141,2026-02-06 05:55:15.955005,15,3,12.18132352319928,1,True,Singapore,True,2026-03-02 05:55:15.955005
189,2026-01-22 05:55:15.955005,9,10,10.953675074058992,2,False,Malaysia,False,2026-03-02 05:55:15.955005
486,2026-02-18 05:55:15.955005,12,19,24.68368343900178,1,True,Indonesia,False,2026-03-02 05:55:15.955005
49,2026-02-27 05:55:15.955005,1,8,29.04460669362099,3,True,Indonesia,False,2026-03-02 05:55:15.955005
302,2026-01-16 05:55:15.955005,2,7,14.365557024095882,1,True,Indonesia,False,2026-03-02 05:55:15.955005
369,2026-02-17 05:55:15.955005,18,7,24.920252037458983,1,False,Malaysia,True,2026-03-02 05:55:15.955005
190,2026-02-18 05:55:15.955005,5,4,21.291146327763588,4,False,Malaysia,False,2026-03-02 05:55:15.955005
136,2026-02-04 05:55:15.955005,18,11,29.054193642247103,1,True,Indonesia,False,2026-03-02 05:55:15.955005
43,2026-02-25 05:55:15.955005,26,0,24.522146915941917,1,True,Indonesia,True,2026-03-02 05:55:15.955005
404,2026-02-14 05:55:15.955005,20,14,3.2468639129481853,1,True,Malaysia,False,2026-03-02 05:55:15.955005
380,2026-01-26 05:55:15.955005,19,17,21.685169949084848,0,True,Malaysia,False,2026-03-02 05:55:15.955005
353,2026-01-22 05:55:15.955005,18,5,16.529491747248834,2,False,Indonesia,False,2026-03-02 05:55:15.955005
90,2026-01-13 05:55:15.955005,7,9,1.4766456800374876,2,True,Singapore,False,2026-03-02 05:55:15.955005
295,2026-01-27 05:55:15.955005,13,13,8.288075803037867,1,False,Singapore,False,2026-03-02 05:55:15.955005
341,2026-02-14 05:55:15.955005,9,7,27.730902105779897,4,True,Singapore,False,2026-03-02 05:55:15.955005
245,2026-01-21 05:55:15.955005,2,2,27.855779810815836,4,False,Malaysia,True,2026-03-02 05:55:15.955005
433,2026-03-01 05:55:15.955005,5,18,24.1666633458184,4,True,Singapore,True,2026-03-02 05:55:15.955005
192,2026-01-05 05:55:15.955005,28,11,29.471608495061695,2,False,Singapore,False,2026-03-02 05:55:15.955005
318,2026-02-18 05:55:15.955005,14,11,24.38981151410194,3,False,Malaysia,False,2026-03-02 05:55:15.955005
106,2026-01-10 05:55:15.955005,22,14,1.2959214312721106,1,True,Singapore,False,2026-03-02 05:55:15.955005
363,2026-03-01 05:55:15.955005,22,6,9.347195868743842,2,True,Indonesia,False,2026-03-02 05:55:15.955005
310,2026-01-10 05:55:15.955005,17,3,1.888101284895123,4,False,Malaysia,False,2026-03-02 05:55:15.955005
382,2026-02-03 05:55:15.955005,13,8,3.729131093389224,2,False,Indonesia,False,2026-03-02 05:55:15.955005
233,2026-01-19 05:55:15.955005,18,15,7.346383691572505,2,True,Singapore,False,2026-03-02 05:55:15.955005
265,2026-01-03 05:55:15.955005,27,12,15.603197843440151,2,True,Indonesia,False,2026-03-02 05:55:15.955005
344,2026-02-05 05:55:15.955005,25,3,25.578428100398515,4,True,Malaysia,True,2026-03-02 05:55:15.955005
37,2026-02-09 05:55:15.955005,9,8,25.997035928556134,3,True,Singapore,True,2026-03-02 05:55:15.955005
305,2026-01-15 05:55:15.955005,14,17,18.869853898161598,0,False,Malaysia,False,2026-03-02 05:55:15.955005
41,2026-01-19 05:55:15.955005,3,14,27.917102232920815,1,False,Singapore,False,2026-03-02 05:55:15.955005
17,2026-01-07 05:55:15.955005,22,14,15.501807471116035,1,False,Malaysia,False,2026-03-02 05:55:15.955005
344,2026-02-28 05:55:15.955005,1,5,26.782045279862846,2,True,Malaysia,False,2026-03-02 05:55:15.955005
277,2026-01-27 05:55:15.955005,2,10,14.167892433628351,3,True,Indonesia,False,2026-03-02 05:55:15.955005
307,2026-01-02 05:55:15.955005,6,7,9.039525215234587,4,True,Malaysia,False,2026-03-02 05:55:15.955005
59,2026-01-04 05:55:15.955005,22,16,27.5759746249124,0,False,Malaysia,False,2026-03-02 05:55:15.955005
423,2026-02-19 05:55:15.955005,15,16,12.25011719468721,0,True,Indonesia,False,2026-03-02 05:55:15.955005
183,2026-02-07 05:55:15.955005,9,17,15.598719156489388,2,False,Singapore,False,2026-03-02 05:55:15.955005
41,2026-02-26 05:55:15.955005,18,3,10.536958343389639,2,True,Singapore,False,2026-03-02 05:55:15.955005
39,2026-02-11 05:55:15.955005,27,14,20.222290408431164,4,False,Malaysia,False,2026-03-02 05:55:15.955005
397,2026-01-23 05:55:15.955005,16,1,29.85590552517503,4,False,Indonesia,True,2026-03-02 05:55:15.955005
192,2026-01-23 05:55:15.955005,27,1,1.7398929170783197,4,False,Singapore,True,2026-03-02 05:55:15.955005
267,2026-02-18 05:55:15.955005,18,9,27.095592174205944,2,True,Indonesia,False,2026-03-02 05:55:15.955005
494,2026-01-21 05:55:15.955005,4,2,1.1138556526886967,3,True,Malaysia,True,2026-03-02 05:55:15.955005
147,2026-01-05 05:55:15.955005,22,7,11.562608553240121,2,True,Indonesia,False,2026-03-02 05:55:15.955005
395,2026-01-09 05:55:15.955005,19,19,5.889597382395914,2,True,Malaysia,False,2026-03-02 05:55:15.955005
333,2026-01-17 05:55:15.955005,12,6,22.96291163950399,0,False,Singapore,False,2026-03-02 05:55:15.955005
127,2026-02-19 05:55:15.955005,12,11,2.467714381958031,4,False,Singapore,True,2026-03-02 05:55:15.955005
46,2026-02-18 05:55:15.955005,10,18,17.05106365394551,1,True,Singapore,False,2026-03-02 05:55:15.955005
45,2026-01-06 05:55:15.955005,10,14,9.552857881514067,4,True,Singapore,False,2026-03-02 05:55:15.955005
1,2026-02-21 05:55:15.955005,15,13,4.8764372170763615,3,True,Indonesia,True,2026-03-02 05:55:15.955005
168,2026-01-29 05:55:15.955005,14,15,23.382728150976583,3,True,Indonesia,False,2026-03-02 05:55:15.955005
108,2026-01-05 05:55:15.955005,16,13,7.305088193402445,4,False,Indonesia,True,2026-03-02 05:55:15.955005
19,2026-01-22 05:55:15.955005,21,2,7.486581149593228,4,True,Malaysia,True,2026-03-02 05:55:15.955005
332,2026-01-08 05:55:15.955005,17,17,8.977226768999767,2,False,Singapore,True,2026-03-02 05:55:15.955005
72,2026-02-15 05:55:15.955005,27,5,18.016236151012794,1,False,Singapore,False,2026-03-02 05:55:15.955005
456,2026-01-17 05:55:15.955005,18,16,20.1303120190317,2,False,Singapore,False,2026-03-02 05:55:15.955005
445,2026-01-27 05:55:15.955005,3,13,1.510473187339004,0,True,Indonesia,False,2026-03-02 05:55:15.955005
109,2026-02-28 05:55:15.955005,21,13,8.014219447299919,0,True,Indonesia,False,2026-03-02 05:55:15.955005
268,2026-01-06 05:55:15.955005,21,19,13.498154432653202,3,True,Singapore,False,2026-03-02 05:55:15.955005
445,2026-02-26 05:55:15.955005,22,12,10.62733161267576,3,True,Malaysia,False,2026-03-02 05:55:15.955005
240,2026-02-05 05:55:15.955005,4,2,26.640949096815696,1,False,Indonesia,False,2026-03-02 05:55:15.955005
417,2026-02-20 05:55:15.955005,6,12,23.843553195706146,3,True,Singapore,False,2026-03-02 05:55:15.955005
301,2026-02-24 05:55:15.955005,1,1,19.150816250625997,0,False,Singapore,False,2026-03-02 05:55:15.955005
90,2026-01-09 05:55:15.955005,0,8,10.803230063914153,1,True,Singapore,False,2026-03-02 05:55:15.955005
103,2026-01-06 05:55:15.955005,11,12,21.319498000538633,0,False,Malaysia,False,2026-03-02 05:55:15.955005
476,2026-02-21 05:55:15.955005,9,7,25.46550237252804,4,False,Singapore,False,2026-03-02 05:55:15.955005
250,2026-01-20 05:55:15.955005,7,15,18.250080943410616,4,False,Indonesia,False,2026-03-02 05:55:15.955005
453,2026-01-10 05:55:15.955005,0,2,23.749382539907995,1,True,Malaysia,True,2026-03-02 05:55:15.955005
8,2026-01-28 05:55:15.955005,11,12,22.724043880592685,2,False,Malaysia,False,2026-03-02 05:55:15.955005
153,2026-02-28 05:55:15.955005,1,3,17.580382023649346,3,False,Singapore,False,2026-03-02 05:55:15.955005
347,2026-02-23 05:55:15.955005,26,17,10.053313287823817,1,True,Indonesia,False,2026-03-02 05:55:15.955005
174,2026-01-31 05:55:15.955005,27,1,22.627682582036883,3,False,Indonesia,False,2026-03-02 05:55:15.955005
343,2026-02-20 05:55:15.955005,9,19,6.997094624370587,0,True,Singapore,False,2026-03-02 05:55:15.955005
158,2026-01-17 05:55:15.955005,21,14,23.60516204767448,2,True,Singapore,False,2026-03-02 05:55:15.955005
493,2026-02-24 05:55:15.955005,16,16,24.33185407213346,3,False,Indonesia,False,2026-03-02 05:55:15.955005
431,2026-01-17 05:55:15.955005,25,9,24.842201507540818,4,False,Malaysia,True,2026-03-02 05:55:15.955005
215,2026-03-01 05:55:15.955005,2,0,14.71456315837527,4,True,Malaysia,False,2026-03-02 05:55:15.955005
177,2026-02-25 05:55:15.955005,6,5,6.581942265342228,0,False,Singapore,False,2026-03-02 05:55:15.955005
175,2026-01-21 05:55:15.955005,11,2,3.8919844019159933,1,True,Singapore,False,2026-03-02 05:55:15.955005
340,2026-01-30 05:55:15.955005,7,18,22.557476264149802,3,True,Indonesia,False,2026-03-02 05:55:15.955005
338,2026-02-11 05:55:15.955005,19,6,26.70158015136458,0,False,Indonesia,False,2026-03-02 05:55:15.955005
146,2026-01-05 05:55:15.955005,11,12,19.874312406270292,4,True,Indonesia,False,2026-03-02 05:55:15.955005
450,2026-01-28 05:55:15.955005,2,12,5.180641751262718,4,False,Indonesia,False,2026-03-02 05:55:15.955005
324,2026-01-12 05:55:15.955005,16,16,28.11199700700965,4,False,Singapore,False,2026-03-02 05:55:15.955005
478,2026-02-15 05:55:15.955005,27,0,29.683958421640266,2,True,Singapore,True,2026-03-02 05:55:15.955005
161,2026-02-06 05:55:15.955005,8,13,13.567979688112736,2,False,Indonesia,False,2026-03-02 05:55:15.955005
127,2026-02-19 05:55:15.955005,9,2,18.249933388939365,4,False,Singapore,False,2026-03-02 05:55:15.955005
420,2026-02-24 05:55:15.955005,21,13,23.539627080048074,1,False,Singapore,False,2026-03-02 05:55:15.955005
82,2026-01-23 05:55:15.955005,5,0,22.355303911451294,2,False,Indonesia,False,2026-03-02 05:55:15.955005
485,2026-02-14 05:55:15.955005,24,15,29.065828566070028,3,False,Malaysia,False,2026-03-02 05:55:15.955005
147,2026-01-17 05:55:15.955005,0,9,4.331609641284878,2,False,Malaysia,False,2026-03-02 05:55:15.955005
239,2026-02-20 05:55:15.955005,21,12,17.841021118141366,3,True,Indonesia,False,2026-03-02 05:55:15.955005
412,2026-02-25 05:55:15.955005,11,3,21.066011170519673,2,False,Malaysia,False,2026-03-02 05:55:15.955005
424,2026-02-08 05:55:15.955005,4,8,26.81285430144243,4,True,Singapore,False,2026-03-02 05:55:15.955005
84,2026-02-04 05:55:15.955005,12,13,26.34917920382637,3,True,Malaysia,False,2026-03-02 05:55:15.955005
113,2026-01-16 05:55:15.955005,26,3,29.36199401327741,1,False,Indonesia,False,2026-03-02 05:55:15.955005
225,2026-02-25 05:55:15.955005,14,9,15.850275164192691,2,False,Indonesia,False,2026-03-02 05:55:15.955005
332,2026-01-24 05:55:15.955005,21,7,25.09206513758357,2,True,Malaysia,False,2026-03-02 05:55:15.955005
378,2026-03-01 05:55:15.955005,29,2,13.391169535692503,4,True,Malaysia,True,2026-03-02 05:55:15.955005
243,2026-02-09 05:55:15.955005,10,6,13.247102457824935,3,False,Singapore,False,2026-03-02 05:55:15.955005
143,2026-02-11 05:55:15.955005,7,9,8.347102569712913,4,True,Malaysia,False,2026-03-02 05:55:15.955005
41,2026-02-06 05:55:15.955005,4,2,24.728881323557665,3,True,Malaysia,False,2026-03-02 05:55:15.955005
423,2026-02-16 05:55:15.955005,1,1,29.58863806859195,2,False,Malaysia,False,2026-03-02 05:55:15.955005
258,2026-01-02 05:55:15.955005,11,14,8.433910122070479,2,True,Singapore,False,2026-03-02 05:55:15.955005
447,2026-01-13 05:55:15.955005,27,8,2.6278160526110974,2,True,Malaysia,False,2026-03-02 05:55:15.955005
285,2026-02-02 05:55:15.955005,1,14,24.650730685151213,2,False,Singapore,False,2026-03-02 05:55:15.955005
105,2026-02-23 05:55:15.955005,25,16,18.98667152350793,0,False,Singapore,False,2026-03-02 05:55:15.955005
202,2026-01-25 05:55:15.955005,15,6,28.83126521597913,2,False,Indonesia,True,2026-03-02 05:55:15.955005
450,2026-01-13 05:55:15.955005,20,19,8.314937353231615,2,False,Indonesia,False,2026-03-02 05:55:15.955005
307,2026-01-10 05:55:15.955005,2,17,3.059802082037151,3,True,Singapore,False,2026-03-02 05:55:15.955005
331,2026-01-29 05:55:15.955005,9,14,15.280825565128545,2,True,Singapore,False,2026-03-02 05:55:15.955005
461,2026-02-09 05:55:15.955005,18,17,3.478514665989277,2,True,Singapore,False,2026-03-02 05:55:15.955005
266,2026-01-12 05:55:15.955005,7,11,8.591910031978516,3,True,Indonesia,False,2026-03-02 05:55:15.955005
398,2026-01-15 05:55:15.955005,6,7,4.65335796375588,2,True,Singapore,False,2026-03-02 05:55:15.955005
210,2026-02-26 05:55:15.955005,0,1,7.499833210142282,2,False,Indonesia,False,2026-03-02 05:55:15.955005
51,2026-01-23 05:55:15.955005,11,1,4.078194931820364,4,True,Indonesia,False,2026-03-02 05:55:15.955005
118,2026-02-13 05:55:15.955005,28,4,28.663273983391274,0,True,Singapore,False,2026-03-02 05:55:15.955005
201,2026-01-24 05:55:15.955005,27,0,9.078318690042328,3,False,Singapore,True,2026-03-02 05:55:15.955005
377,2026-01-08 05:55:15.955005,4,3,13.873029993784398,4,True,Singapore,False,2026-03-02 05:55:15.955005
39,2026-01-09 05:55:15.955005,15,5,27.059742421392446,1,True,Indonesia,False,2026-03-02 05:55:15.955005
28,2026-01-25 05:55:15.955005,24,12,20.642326050882755,1,False,Malaysia,True,2026-03-02 05:55:15.955005
259,2026-02-01 05:55:15.955005,3,18,18.923086936291455,0,False,Singapore,False,2026-03-02 05:55:15.955005
84,2026-01-11 05:55:15.955005,16,10,21.46133252046428,1,True,Malaysia,False,2026-03-02 05:55:15.955005
454,2026-01-31 05:55:15.955005,23,12,25.035845456056073,0,False,Malaysia,False,2026-03-02 05:55:15.955005
155,2026-02-21 05:55:15.955005,20,7,26.452408767701066,1,True,Malaysia,False,2026-03-02 05:55:15.955005
117,2026-02-16 05:55:15.955005,1,6,19.636550449285767,1,True,Malaysia,False,2026-03-02 05:55:15.955005
2,2026-01-20 05:55:15.955005,11,12,26.810210966127674,4,False,Malaysia,False,2026-03-02 05:55:15.955005
93,2026-01-03 05:55:15.955005,0,0,16.526528295338828,1,True,Indonesia,False,2026-03-02 05:55:15.955005
166,2026-01-14 05:55:15.955005,29,5,9.04143483178428,0,False,Indonesia,True,2026-03-02 05:55:15.955005
387,2026-01-18 05:55:15.955005,11,6,26.522224557631485,2,False,Indonesia,False,2026-03-02 05:55:15.955005
400,2026-02-13 05:55:15.955005,11,15,16.702711994979527,2,True,Malaysia,False,2026-03-02 05:55:15.955005
350,2026-02-08 05:55:15.955005,11,14,27.277990039449794,2,True,Indonesia,False,2026-03-02 05:55:15.955005
296,2026-01-29 05:55:15.955005,18,19,2.164866604566855,0,False,Singapore,False,2026-03-02 05:55:15.955005
258,2026-02-15 05:55:15.955005,24,1,12.52795679469583,0,False,Malaysia,True,2026-03-02 05:55:15.955005
81,2026-01-08 05:55:15.955005,16,15,28.486345532511578,2,False,Singapore,False,2026-03-02 05:55:15.955005
425,2026-01-24 05:55:15.955005,19,16,8.23985268999078,1,False,Malaysia,True,2026-03-02 05:55:15.955005
268,2026-01-27 05:55:15.955005,23,14,28.304551135116284,2,True,Malaysia,True,2026-03-02 05:55:15.955005
419,2026-01-28 05:55:15.955005,23,2,28.66317137274825,3,False,Malaysia,True,2026-03-02 05:55:15.955005
235,2026-02-03 05:55:15.955005,25,3,26.58212711254997,0,True,Malaysia,False,2026-03-02 05:55:15.955005
321,2026-03-01 05:55:15.955005,27,11,17.34637330770566,3,False,Singapore,False,2026-03-02 05:55:15.955005
311,2026-02-01 05:55:15.955005,10,4,19.761244023338516,3,False,Malaysia,False,2026-03-02 05:55:15.955005
301,2026-02-18 05:55:15.955005,12,16,26.218892955046208,0,True,Malaysia,False,2026-03-02 05:55:15.955005
463,2026-01-21 05:55:15.955005,26,5,23.501015389286348,2,True,Indonesia,True,2026-03-02 05:55:15.955005
474,2026-02-15 05:55:15.955005,7,9,19.272721634206935,4,False,Malaysia,False,2026-03-02 05:55:15.955005
357,2026-01-03 05:55:15.955005,9,17,29.485522828250378,3,True,Malaysia,False,2026-03-02 05:55:15.955005
213,2026-02-26 05:55:15.955005,7,9,20.88462245367713,2,True,Malaysia,False,2026-03-02 05:55:15.955005
62,2026-01-07 05:55:15.955005,19,5,29.28897778098507,4,True,Malaysia,True,2026-03-02 05:55:15.955005
49,2026-02-03 05:55:15.955005,7,5,2.6642657636056315,3,True,Malaysia,False,2026-03-02 05:55:15.955005
127,2026-01-09 05:55:15.955005,8,19,5.029850751524162,2,False,Malaysia,False,2026-03-02 05:55:15.955005
223,2026-01-23 05:55:15.955005,6,14,14.092306534014227,3,True,Singapore,True,2026-03-02 05:55:15.955005
409,2026-01-17 05:55:15.955005,13,3,12.161504365645138,2,False,Singapore,False,2026-03-02 05:55:15.955005
279,2026-02-11 05:55:15.955005,27,15,23.699310399353806,1,False,Malaysia,True,2026-03-02 05:55:15.955005
408,2026-02-07 05:55:15.955005,1,7,5.657806767606909,1,False,Singapore,False,2026-03-02 05:55:15.955005
294,2026-02-04 05:55:15.955005,24,6,29.306760194233167,0,False,Indonesia,True,2026-03-02 05:55:15.955005
284,2026-02-01 05:55:15.955005,10,18,10.136910382566507,4,True,Indonesia,False,2026-03-02 05:55:15.955005
277,2026-01-04 05:55:15.955005,7,16,13.438787524464622,3,False,Malaysia,False,2026-03-02 05:55:15.955005
438,2026-01-17 05:55:15.955005,12,12,8.967605940760665,3,False,Malaysia,False,2026-03-02 05:55:15.955005
107,2026-02-04 05:55:15.955005,20,14,17.80154490246987,2,True,Singapore,False,2026-03-02 05:55:15.955005
146,2026-02-05 05:55:15.955005,14,1,2.7002323122549345,4,True,Indonesia,False,2026-03-02 05:55:15.955005
420,2026-02-24 05:55:15.955005,27,9,5.340647661543015,3,True,Malaysia,False,2026-03-02 05:55:15.955005
99,2026-01-20 05:55:15.955005,2,12,22.628133399143003,4,False,Indonesia,False,2026-03-02 05:55:15.955005
429,2026-01-15 05:55:15.955005,22,17,6.408516918739314,4,True,Singapore,False,2026-03-02 05:55:15.955005
375,2026-01-09 05:55:15.955005,13,10,7.8299190951432225,1,False,Malaysia,False,2026-03-02 05:55:15.955005
73,2026-01-03 05:55:15.955005,29,12,23.996484836020294,3,False,Malaysia,False,2026-03-02 05:55:15.955005
437,2026-01-24 05:55:15.955005,14,18,3.7057341723603545,3,False,Malaysia,False,2026-03-02 05:55:15.955005
486,2026-02-26 05:55:15.955005,1,4,13.686740860354385,0,True,Indonesia,False,2026-03-02 05:55:15.955005
122,2026-02-08 05:55:15.955005,28,2,1.6688382229195826,4,False,Singapore,True,2026-03-02 05:55:15.955005
30,2026-02-03 05:55:15.955005,18,18,11.057414580219211,2,False,Indonesia,False,2026-03-02 05:55:15.955005
188,2026-01-28 05:55:15.955005,11,12,21.27046067571188,1,True,Indonesia,False,2026-03-02 05:55:15.955005
364,2026-01-09 05:55:15.955005,24,4,3.612995111799621,0,False,Malaysia,False,2026-03-02 05:55:15.955005
354,2026-02-16 05:55:15.955005,19,11,26.761704176584043,1,True,Singapore,True,2026-03-02 05:55:15.955005
288,2026-01-30 05:55:15.955005,3,13,27.375472245280765,2,True,Singapore,False,2026-03-02 05:55:15.955005
451,2026-02-05 05:55:15.955005,2,5,4.044720878628918,0,True,Malaysia,False,2026-03-02 05:55:15.955005
195,2026-01-14 05:55:15.955005,4,8,29.731240654897523,1,True,Singapore,False,2026-03-02 05:55:15.955005
156,2026-01-31 05:55:15.955005,2,16,9.628357048469178,2,True,Malaysia,False,2026-03-02 05:55:15.955005
172,2026-02-12 05:55:15.955005,24,7,3.438948462816575,0,True,Malaysia,True,2026-03-02 05:55:15.955005
335,2026-02-22 05:55:15.955005,14,12,1.1469463204206058,2,False,Singapore,False,2026-03-02 05:55:15.955005
41,2026-02-02 05:55:15.955005,18,4,12.847163977152015,0,True,Singapore,False,2026-03-02 05:55:15.955005
63,2026-01-08 05:55:15.955005,1,16,19.264489585477413,3,False,Singapore,False,2026-03-02 05:55:15.955005
23,2026-01-04 05:55:15.955005,11,2,10.633198247196084,3,False,Singapore,False,2026-03-02 05:55:15.955005
360,2026-01-11 05:55:15.955005,4,5,25.264803598764058,1,False,Indonesia,False,2026-03-02 05:55:15.955005
75,2026-01-23 05:55:15.955005,21,13,21.781581991386453,4,False,Malaysia,False,2026-03-02 05:55:15.955005
48,2026-02-27 05:55:15.955005,16,14,11.154684427072947,4,True,Malaysia,True,2026-03-02 05:55:15.955005
160,2026-02-28 05:55:15.955005,13,13,22.294980331649533,2,False,Malaysia,False,2026-03-02 05:55:15.955005
313,2026-01-06 05:55:15.955005,27,10,28.274144372108246,0,True,Malaysia,True,2026-03-02 05:55:15.955005
118,2026-02-02 05:55:15.955005,26,10,3.6997839577474956,3,False,Indonesia,True,2026-03-02 05:55:15.955005
100,2026-01-10 05:55:15.955005,21,8,9.877014844570889,4,True,Singapore,False,2026-03-02 05:55:15.955005
380,2026-02-20 05:55:15.955005,9,5,14.436452234384106,3,True,Singapore,False,2026-03-02 05:55:15.955005
417,2026-01-29 05:55:15.955005,2,14,15.441713704888288,2,False,Singapore,False,2026-03-02 05:55:15.955005
408,2026-01-24 05:55:15.955005,3,11,16.723673701696136,2,True,Malaysia,False,2026-03-02 05:55:15.955005
167,2026-01-04 05:55:15.955005,5,5,9.718180289620808,0,True,Indonesia,False,2026-03-02 05:55:15.955005
290,2026-02-20 05:55:15.955005,23,0,20.350529733488123,4,True,Indonesia,True,2026-03-02 05:55:15.955005
440,2026-02-04 05:55:15.955005,24,15,19.70745060236506,2,True,Singapore,False,2026-03-02 05:55:15.955005
156,2026-01-29 05:55:15.955005,21,19,17.756823681876803,2,False,Malaysia,True,2026-03-02 05:55:15.955005
421,2026-02-10 05:55:15.955005,15,14,4.2990899296154215,3,False,Singapore,False,2026-03-02 05:55:15.955005
7,2026-01-23 05:55:15.955005,6,1,14.832068841782391,1,False,Malaysia,True,2026-03-02 05:55:15.955005
196,2026-01-31 05:55:15.955005,14,16,11.330579737191892,4,False,Singapore,False,2026-03-02 05:55:15.955005
421,2026-01-24 05:55:15.955005,29,2,15.240115625305556,0,True,Singapore,True,2026-03-02 05:55:15.955005
56,2026-01-16 05:55:15.955005,20,2,27.734126629935755,0,False,Indonesia,False,2026-03-02 05:55:15.955005
321,2026-03-01 05:55:15.955005,29,4,14.93540895159384,3,False,Malaysia,True,2026-03-02 05:55:15.955005
193,2026-02-04 05:55:15.955005,27,16,1.4054429633458434,0,True,Indonesia,True,2026-03-02 05:55:15.955005
47,2026-01-26 05:55:15.955005,24,16,13.726265404439797,2,True,Indonesia,False,2026-03-02 05:55:15.955005
148,2026-02-20 05:55:15.955005,19,19,24.798797221432082,4,False,Singapore,True,2026-03-02 05:55:15.955005
275,2026-01-15 05:55:15.955005,25,5,23.62176677332688,0,False,Malaysia,True,2026-03-02 05:55:15.955005
157,2026-02-13 05:55:15.955005,10,0,15.88831213231725,4,False,Malaysia,True,2026-03-02 05:55:15.955005
202,2026-01-03 05:55:15.955005,21,6,8.243301372920143,0,True,Singapore,False,2026-03-02 05:55:15.955005
444,2026-03-02 05:55:15.955005,20,14,14.487571224521808,1,False,Singapore,False,2026-03-02 05:55:15.955005
402,2026-01-27 05:55:15.955005,0,6,17.347364363127557,1,True,Singapore,False,2026-03-02 05:55:15.955005
476,2026-01-27 05:55:15.955005,4,18,29.99627170994988,4,True,Malaysia,False,2026-03-02 05:55:15.955005
419,2026-01-31 05:55:15.955005,12,19,19.681164614911943,1,False,Singapore,False,2026-03-02 05:55:15.955005
427,2026-02-03 05:55:15.955005,20,10,21.13368297181579,1,True,Singapore,False,2026-03-02 05:55:15.955005
495,2026-01-23 05:55:15.955005,13,13,15.252170163473506,2,True,Indonesia,False,2026-03-02 05:55:15.955005
479,2026-03-02 05:55:15.955005,8,12,11.280196972693366,0,False,Singapore,False,2026-03-02 05:55:15.955005
475,2026-02-06 05:55:15.955005,16,19,24.575636525768974,1,True,Singapore,False,2026-03-02 05:55:15.955005
126,2026-01-19 05:55:15.955005,14,8,15.35303740583785,4,True,Malaysia,False,2026-03-02 05:55:15.955005
395,2026-01-24 05:55:15.955005,20,8,29.84601376897123,2,True,Singapore,False,2026-03-02 05:55:15.955005
305,2026-02-11 05:55:15.955005,6,15,14.25649665377328,1,False,Malaysia,False,2026-03-02 05:55:15.955005
369,2026-02-28 05:55:15.955005,26,11,2.972008225779744,4,True,Indonesia,False,2026-03-02 05:55:15.955005
294,2026-01-11 05:55:15.955005,21,9,20.7947659756124,0,True,Indonesia,False,2026-03-02 05:55:15.955005
64,2026-03-01 05:55:15.955005,21,5,2.352602076848521,1,True,Malaysia,False,2026-03-02 05:55:15.955005
325,2026-02-13 05:55:15.955005,11,17,8.264546309656396,4,False,Singapore,False,2026-03-02 05:55:15.955005
392,2026-01-18 05:55:15.955005,22,1,11.258409330617196,4,False,Malaysia,True,2026-03-02 05:55:15.955005
418,2026-02-21 05:55:15.955005,5,19,22.4450239830185,3,False,Singapore,True,2026-03-02 05:55:15.955005
176,2026-02-26 05:55:15.955005,20,8,15.332841865820772,4,False,Singapore,True,2026-03-02 05:55:15.955005
116,2026-02-22 05:55:15.955005,15,18,1.8307320079974416,3,False,Singapore,False,2026-03-02 05:55:15.955005
440,2026-03-01 05:55:15.955005,25,5,18.888645687001745,0,False,Malaysia,False,2026-03-02 05:55:15.955005
204,2026-01-28 05:55:15.955005,4,1,12.931650885373209,0,False,Indonesia,False,2026-03-02 05:55:15.955005
486,2026-01-02 05:55:15.955005,8,14,27.73320078904611,2,True,Malaysia,False,2026-03-02 05:55:15.955005
321,2026-01-24 05:55:15.955005,13,16,15.487307023066826,3,True,Singapore,True,2026-03-02 05:55:15.955005
31,2026-01-31 05:55:15.955005,7,15,21.56027923224083,4,False,Malaysia,False,2026-03-02 05:55:15.955005
388,2026-02-21 05:55:15.955005,13,7,7.347186277556859,2,False,Indonesia,False,2026-03-02 05:55:15.955005
113,2026-01-12 05:55:15.955005,11,9,23.068233371417943,2,False,Malaysia,False,2026-03-02 05:55:15.955005
365,2026-02-19 05:55:15.955005,9,9,21.9077040040265,0,True,Indonesia,False,2026-03-02 05:55:15.955005
434,2026-01-26 05:55:15.955005,29,17,27.21836954769794,4,True,Indonesia,False,2026-03-02 05:55:15.955005
325,2026-01-08 05:55:15.955005,19,9,1.9808276098567772,3,True,Singapore,True,2026-03-02 05:55:15.955005
414,2026-02-10 05:55:15.955005,19,8,13.977520230906084,0,True,Indonesia,False,2026-03-02 05:55:15.955005
376,2026-01-13 05:55:15.955005,25,18,20.695506679449274,2,False,Malaysia,False,2026-03-02 05:55:15.955005
344,2026-01-15 05:55:15.955005,20,0,3.759753102326236,1,True,Malaysia,False,2026-03-02 05:55:15.955005
443,2026-02-25 05:55:15.955005,12,3,12.90751794731846,2,True,Singapore,False,2026-03-02 05:55:15.955005
67,2026-01-14 05:55:15.955005,28,2,28.322251488919665,1,True,Malaysia,False,2026-03-02 05:55:15.955005
75,2026-01-13 05:55:15.955005,18,9,13.642100235842719,0,False,Singapore,True,2026-03-02 05:55:15.955005
45,2026-02-28 05:55:15.955005,14,11,29.576738720938312,3,False,Malaysia,True,2026-03-02 05:55:15.955005
260,2026-02-21 05:55:15.955005,7,17,2.648332771314769,4,False,Malaysia,False,2026-03-02 05:55:15.955005
154,2026-02-26 05:55:15.955005,22,19,21.817063508085848,1,True,Indonesia,False,2026-03-02 05:55:15.955005
155,2026-01-16 05:55:15.955005,20,5,17.849470851199815,4,True,Indonesia,False,2026-03-02 05:55:15.955005
430,2026-02-05 05:55:15.955005,9,1,15.515650636831637,0,True,Indonesia,True,2026-03-02 05:55:15.955005
363,2026-02-10 05:55:15.955005,2,9,29.15457464306527,0,False,Malaysia,False,2026-03-02 05:55:15.955005
448,2026-01-17 05:55:15.955005,20,1,4.75986161424273,0,False,Singapore,True,2026-03-02 05:55:15.955005
475,2026-02-05 05:55:15.955005,2,8,26.983969598746487,3,True,Singapore,False,2026-03-02 05:55:15.955005
234,2026-01-24 05:55:15.955005,25,9,21.045971922961698,1,True,Singapore,True,2026-03-02 05:55:15.955005
51,2026-01-18 05:55:15.955005,4,1,8.510886125689348,4,False,Indonesia,False,2026-03-02 05:55:15.955005
306,2026-02-05 05:55:15.955005,15,7,27.148405223336507,2,True,Malaysia,False,2026-03-02 05:55:15.955005
262,2026-02-23 05:55:15.955005,16,16,13.449552617969385,0,True,Indonesia,False,2026-03-02 05:55:15.955005
315,2026-02-26 05:55:15.955005,5,16,24.612592514119054,4,True,Malaysia,True,2026-03-02 05:55:15.955005
125,2026-02-16 05:55:15.955005,25,3,12.276258994374599,4,False,Malaysia,False,2026-03-02 05:55:15.955005
399,2026-01-03 05:55:15.955005,19,17,25.67699399556399,3,False,Malaysia,False,2026-03-02 05:55:15.955005
245,2026-02-15 05:55:15.955005,19,11,19.46224443490641,1,False,Indonesia,True,2026-03-02 05:55:15.955005
30,2026-03-02 05:55:15.955005,15,16,5.090352373928088,3,False,Malaysia,False,2026-03-02 05:55:15.955005
426,2026-02-15 05:55:15.955005,23,8,19.8402317406163,3,False,Indonesia,False,2026-03-02 05:55:15.955005
485,2026-01-25 05:55:15.955005,1,18,6.548998118354306,4,False,Indonesia,False,2026-03-02 05:55:15.955005
122,2026-02-28 05:55:15.955005,19,13,12.945756208930717,1,False,Malaysia,True,2026-03-02 05:55:15.955005
125,2026-01-10 05:55:15.955005,14,13,5.938571943308978,1,False,Malaysia,False,2026-03-02 05:55:15.955005
37,2026-01-15 05:55:15.955005,17,16,1.638467354346439,1,False,Malaysia,True,2026-03-02 05:55:15.955005
170,2026-01-31 05:55:15.955005,0,1,7.144709644048768,0,True,Indonesia,True,2026-03-02 05:55:15.955005
124,2026-02-18 05:55:15.955005,25,7,16.554788687999647,1,True,Malaysia,False,2026-03-02 05:55:15.955005
357,2026-01-06 05:55:15.955005,28,4,14.965268065543034,4,True,Malaysia,False,2026-03-02 05:55:15.955005
35,2026-02-15 05:55:15.955005,28,6,15.543415770545847,0,True,Singapore,False,2026-03-02 05:55:15.955005
87,2026-01-07 05:55:15.955005,18,15,8.182919474951438,2,False,Singapore,False,2026-03-02 05:55:15.955005
134,2026-01-19 05:55:15.955005,11,15,20.8696748178114,3,True,Singapore,False,2026-03-02 05:55:15.955005
196,2026-02-10 05:55:15.955005,7,16,21.423635317790026,1,True,Malaysia,False,2026-03-02 05:55:15.955005
274,2026-03-01 05:55:15.955005,5,6,11.381066941230301,2,True,Indonesia,False,2026-03-02 05:55:15.955005
201,2026-01-08 05:55:15.955005,11,19,26.553932565751055,1,False,Singapore,False,2026-03-02 05:55:15.955005
369,2026-02-04 05:55:15.955005,6,7,19.676673282430887,3,True,Indonesia,False,2026-03-02 05:55:15.955005
285,2026-01-24 05:55:15.955005,17,7,21.67813898250032,4,True,Singapore,False,2026-03-02 05:55:15.955005
77,2026-02-05 05:55:15.955005,21,10,9.042857620229244,4,True,Singapore,True,2026-03-02 05:55:15.955005
59,2026-01-04 05:55:15.955005,13,14,1.0177374195120241,3,False,Indonesia,True,2026-03-02 05:55:15.955005
431,2026-01-03 05:55:15.955005,7,17,26.095892750961177,2,True,Singapore,False,2026-03-02 05:55:15.955005
126,2026-01-24 05:55:15.955005,23,5,24.850307152814445,0,False,Indonesia,True,2026-03-02 05:55:15.955005
500,2026-01-16 05:55:15.955005,19,11,4.572564753242077,0,False,Malaysia,True,2026-03-02 05:55:15.955005
401,2026-02-06 05:55:15.955005,21,14,11.849048913732888,1,True,Malaysia,False,2026-03-02 05:55:15.955005
109,2026-02-20 05:55:15.955005,13,5,20.178839943268894,3,False,Indonesia,False,2026-03-02 05:55:15.955005
224,2026-02-23 05:55:15.955005,4,17,19.91121485934312,3,False,Indonesia,False,2026-03-02 05:55:15.955005
496,2026-02-23 05:55:15.955005,8,19,25.950159709448137,0,True,Malaysia,False,2026-03-02 05:55:15.955005
278,2026-01-29 05:55:15.955005,7,8,5.067776687427428,2,False,Indonesia,False,2026-03-02 05:55:15.955005
68,2026-01-09 05:55:15.955005,1,7,13.468252685768444,3,True,Malaysia,False,2026-03-02 05:55:15.955005
69,2026-02-24 05:55:15.955005,27,13,3.8195081198663186,4,True,Malaysia,False,2026-03-02 05:55:15.955005
165,2026-01-24 05:55:15.955005,15,18,12.298262204720215,4,True,Indonesia,False,2026-03-02 05:55:15.955005
489,2026-02-10 05:55:15.955005,12,18,1.4381159220434272,3,False,Singapore,False,2026-03-02 05:55:15.955005
305,2026-02-23 05:55:15.955005,6,7,27.04991888819368,2,True,Indonesia,False,2026-03-02 05:55:15.955005
397,2026-01-11 05:55:15.955005,15,1,16.284275908031752,4,True,Malaysia,True,2026-03-02 05:55:15.955005
162,2026-01-08 05:55:15.955005,6,3,25.644265563268256,2,True,Singapore,False,2026-03-02 05:55:15.955005
365,2026-02-10 05:55:15.955005,26,5,2.737236329097549,0,False,Singapore,False,2026-03-02 05:55:15.955005
342,2026-01-06 05:55:15.955005,13,2,7.596285203714698,1,True,Malaysia,False,2026-03-02 05:55:15.955005
309,2026-02-11 05:55:15.955005,13,2,8.522019861414238,0,False,Singapore,True,2026-03-02 05:55:15.955005
379,2026-02-23 05:55:15.955005,11,18,12.214053344524853,1,False,Singapore,False,2026-03-02 05:55:15.955005
343,2026-01-04 05:55:15.955005,0,10,24.28312479952884,4,True,Indonesia,False,2026-03-02 05:55:15.955005
435,2026-01-16 05:55:15.955005,0,9,12.210178338213286,1,False,Malaysia,False,2026-03-02 05:55:15.955005
387,2026-01-31 05:55:15.955005,11,11,6.934952359743483,1,True,Singapore,False,2026-03-02 05:55:15.955005
42,2026-01-12 05:55:15.955005,19,13,2.884717549824284,3,False,Malaysia,False,2026-03-02 05:55:15.955005
354,2026-01-05 05:55:15.955005,20,17,3.3052607022279363,1,True,Indonesia,False,2026-03-02 05:55:15.955005
416,2026-02-02 05:55:15.955005,14,8,23.041368972868344,3,True,Indonesia,True,2026-03-02 05:55:15.955005
109,2026-01-14 05:55:15.955005,3,14,13.899286740062358,1,False,Indonesia,False,2026-03-02 05:55:15.955005
51,2026-02-22 05:55:15.955005,6,2,22.059252538000443,3,True,Singapore,True,2026-03-02 05:55:15.955005
250,2026-02-16 05:55:15.955005,15,10,20.78632653114723,4,True,Indonesia,False,2026-03-02 05:55:15.955005
497,2026-02-01 05:55:15.955005,2,9,4.9255113910474755,4,False,Malaysia,True,2026-03-02 05:55:15.955005
341,2026-02-05 05:55:15.955005,6,17,5.143750091575749,1,False,Indonesia,False,2026-03-02 05:55:15.955005
430,2026-02-21 05:55:15.955005,28,3,22.904918447589885,2,False,Singapore,False,2026-03-02 05:55:15.955005
383,2026-02-02 05:55:15.955005,23,12,21.9167805110771,4,False,Indonesia,False,2026-03-02 05:55:15.955005
492,2026-01-08 05:55:15.955005,21,5,11.962892239355,0,False,Singapore,True,2026-03-02 05:55:15.955005
21,2026-02-15 05:55:15.955005,5,12,3.2452456366523625,0,True,Malaysia,False,2026-03-02 05:55:15.955005
300,2026-01-26 05:55:15.955005,15,19,1.350842629255114,3,True,Indonesia,True,2026-03-02 05:55:15.955005
139,2026-02-11 05:55:15.955005,23,4,9.3565515343906,2,True,Indonesia,False,2026-03-02 05:55:15.955005
359,2026-01-17 05:55:15.955005,7,19,1.2674459340295812,3,False,Malaysia,False,2026-03-02 05:55:15.955005
324,2026-01-08 05:55:15.955005,22,13,7.672106012007399,1,False,Malaysia,True,2026-03-02 05:55:15.955005
499,2026-01-25 05:55:15.955005,21,12,13.165521466128817,4,True,Singapore,True,2026-03-02 05:55:15.955005
385,2026-02-09 05:55:15.955005,5,13,4.521057194046671,2,False,Indonesia,False,2026-03-02 05:55:15.955005
92,2026-02-24 05:55:15.955005,9,7,4.024054977114841,3,True,Indonesia,False,2026-03-02 05:55:15.955005
447,2026-02-08 05:55:15.955005,15,15,26.99668563584336,3,True,Indonesia,False,2026-03-02 05:55:15.955005
280,2026-01-21 05:55:15.955005,10,12,17.978630841663787,0,False,Indonesia,False,2026-03-02 05:55:15.955005
125,2026-01-22 05:55:15.955005,12,14,28.099214916120662,1,False,Malaysia,False,2026-03-02 05:55:15.955005
483,2026-02-02 05:55:15.955005,28,18,11.028958749784698,3,False,Indonesia,True,2026-03-02 05:55:15.955005
397,2026-02-15 05:55:15.955005,5,0,20.637203182545733,0,False,Indonesia,False,2026-03-02 05:55:15.955005
111,2026-01-24 05:55:15.955005,23,1,6.936058564031921,2,False,Indonesia,True,2026-03-02 05:55:15.955005
354,2026-02-03 05:55:15.955005,0,17,18.931869201118296,3,False,Singapore,False,2026-03-02 05:55:15.955005
139,2026-01-14 05:55:15.955005,20,18,4.7579861702895485,0,True,Singapore,False,2026-03-02 05:55:15.955005
484,2026-01-24 05:55:15.955005,18,7,1.060338536112287,1,False,Singapore,True,2026-03-02 05:55:15.955005
435,2026-01-31 05:55:15.955005,11,2,28.014422240877792,4,True,Malaysia,True,2026-03-02 05:55:15.955005
273,2026-02-17 05:55:15.955005,23,13,17.09193690908107,2,True,Malaysia,True,2026-03-02 05:55:15.955005
99,2026-01-09 05:55:15.955005,26,8,27.881279220679144,3,True,Malaysia,True,2026-03-02 05:55:15.955005
252,2026-01-29 05:55:15.955005,5,7,10.68111418736009,0,False,Indonesia,False,2026-03-02 05:55:15.955005
338,2026-01-05 05:55:15.955005,29,16,10.505796005690947,3,True,Indonesia,True,2026-03-02 05:55:15.955005
104,2026-02-22 05:55:15.955005,17,15,12.618995051417919,4,False,Malaysia,True,2026-03-02 05:55:15.955005
214,2026-01-05 05:55:15.955005,12,9,21.47518853478688,3,False,Singapore,True,2026-03-02 05:55:15.955005
249,2026-02-04 05:55:15.955005,6,9,17.408450391399054,3,False,Indonesia,True,2026-03-02 05:55:15.955005
152,2026-02-07 05:55:15.955005,22,5,27.83529230587442,0,False,Singapore,True,2026-03-02 05:55:15.955005
250,2026-02-18 05:55:15.955005,12,16,1.7377861328407413,4,False,Indonesia,False,2026-03-02 05:55:15.955005
275,2026-02-05 05:55:15.955005,20,15,21.537682201203555,2,True,Indonesia,False,2026-03-02 05:55:15.955005
165,2026-02-02 05:55:15.955005,7,14,10.579502991630076,0,False,Singapore,False,2026-03-02 05:55:15.955005
487,2026-01-11 05:55:15.955005,29,13,6.226775902735374,4,True,Malaysia,False,2026-03-02 05:55:15.955005
341,2026-01-13 05:55:15.955005,20,3,15.80147305308287,4,False,Singapore,True,2026-03-02 05:55:15.955005
8,2026-01-19 05:55:15.955005,16,3,15.646849741219883,3,False,Malaysia,True,2026-03-02 05:55:15.955005
284,2026-02-03 05:55:15.955005,8,1,4.973319831964424,1,False,Malaysia,True,2026-03-02 05:55:15.955005
5,2026-02-03 05:55:15.955005,19,10,6.8549856278538055,1,True,Indonesia,False,2026-03-02 05:55:15.955005
145,2026-02-23 05:55:15.955005,12,3,12.836775282145092,2,True,Indonesia,False,2026-03-02 05:55:15.955005
101,2026-02-08 05:55:15.955005,1,15,12.855530959377145,3,True,Indonesia,False,2026-03-02 05:55:15.955005
164,2026-02-02 05:55:15.955005,3,3,10.209186048970857,1,True,Malaysia,False,2026-03-02 05:55:15.955005
374,2026-02-26 05:55:15.955005,29,0,5.307809393789447,0,False,Malaysia,True,2026-03-02 05:55:15.955005
147,2026-01-20 05:55:15.955005,28,18,1.1268366939284062,2,False,Singapore,True,2026-03-02 05:55:15.955005
64,2026-02-24 05:55:15.955005,24,1,29.136816810412597,3,True,Indonesia,False,2026-03-02 05:55:15.955005
91,2026-01-20 05:55:15.955005,1,8,28.361477661413883,0,True,Indonesia,False,2026-03-02 05:55:15.955005
117,2026-01-26 05:55:15.955005,3,12,15.02586099610792,1,True,Malaysia,False,2026-03-02 05:55:15.955005
354,2026-01-21 05:55:15.955005,17,17,29.856500844975166,1,True,Indonesia,True,2026-03-02 05:55:15.955005
267,2026-02-04 05:55:15.955005,4,15,20.535975592685055,1,False,Malaysia,False,2026-03-02 05:55:15.955005
310,2026-01-04 05:55:15.955005,18,15,2.9968685906187047,1,False,Singapore,True,2026-03-02 05:55:15.955005
173,2026-01-16 05:55:15.955005,9,9,4.413827773396194,4,False,Singapore,False,2026-03-02 05:55:15.955005
47,2026-03-01 05:55:15.955005,17,8,27.567214472219494,2,True,Indonesia,False,2026-03-02 05:55:15.955005
140,2026-02-06 05:55:15.955005,29,10,19.271513862339223,2,True,Singapore,False,2026-03-02 05:55:15.955005
246,2026-02-22 05:55:15.955005,24,3,25.452325173063183,1,False,Indonesia,True,2026-03-02 05:55:15.955005
149,2026-01-09 05:55:15.955005,20,9,27.049819839381485,2,True,Indonesia,False,2026-03-02 05:55:15.955005
246,2026-02-04 05:55:15.955005,9,2,13.990318327189197,0,True,Malaysia,False,2026-03-02 05:55:15.955005
395,2026-03-02 05:55:15.955005,4,5,2.407252595724098,0,True,Malaysia,False,2026-03-02 05:55:15.955005
487,2026-02-08 05:55:15.955005,16,2,6.460130118022339,2,False,Indonesia,True,2026-03-02 05:55:15.955005
476,2026-02-21 05:55:15.955005,21,8,2.930586471770618,1,True,Singapore,True,2026-03-02 05:55:15.955005
5,2026-01-20 05:55:15.955005,12,2,6.473455525256712,3,False,Singapore,True,2026-03-02 05:55:15.955005
465,2026-01-10 05:55:15.955005,22,17,12.905454867220428,1,True,Indonesia,False,2026-03-02 05:55:15.955005
184,2026-02-06 05:55:15.955005,16,7,4.4277075049345775,4,True,Indonesia,False,2026-03-02 05:55:15.955005
20,2026-01-08 05:55:15.955005,8,7,5.835264186354955,3,False,Singapore,False,2026-03-02 05:55:15.955005
425,2026-02-28 05:55:15.955005,23,14,13.928831680078698,4,False,Singapore,False,2026-03-02 05:55:15.955005
46,2026-02-25 05:55:15.955005,11,12,10.864957561266197,2,False,Malaysia,False,2026-03-02 05:55:15.955005
12,2026-01-04 05:55:15.955005,13,6,14.56208560145319,4,False,Malaysia,False,2026-03-02 05:55:15.955005
70,2026-02-25 05:55:15.955005,13,18,13.4459888050128,2,True,Singapore,False,2026-03-02 05:55:15.955005
17,2026-01-09 05:55:15.955005,7,7,19.68986275341662,4,True,Malaysia,False,2026-03-02 05:55:15.955005
371,2026-03-01 05:55:15.955005,22,9,28.17849691739978,3,False,Malaysia,False,2026-03-02 05:55:15.955005
147,2026-01-04 05:55:15.955005,4,16,4.128065814883032,4,False,Indonesia,False,2026-03-02 05:55:15.955005
154,2026-01-04 05:55:15.955005,18,0,3.8785443299666524,1,True,Malaysia,True,2026-03-02 05:55:15.955005
304,2026-02-13 05:55:15.955005,27,12,25.73137722163616,2,True,Malaysia,False,2026-03-02 05:55:15.955005
108,2026-02-08 05:55:15.955005,13,12,15.685504434921315,0,True,Indonesia,False,2026-03-02 05:55:15.955005
236,2026-03-01 05:55:15.955005,8,15,23.225745683484824,4,False,Singapore,False,2026-03-02 05:55:15.955005
308,2026-02-19 05:55:15.955005,29,8,7.247235204611161,2,False,Malaysia,True,2026-03-02 05:55:15.955005
352,2026-02-09 05:55:15.955005,6,9,25.037014621859,0,True,Malaysia,False,2026-03-02 05:55:15.955005
70,2026-01-25 05:55:15.955005,26,5,27.79155210158818,2,False,Singapore,True,2026-03-02 05:55:15.955005
183,2026-02-11 05:55:15.955005,25,4,19.429007450848157,2,True,Malaysia,False,2026-03-02 05:55:15.955005
250,2026-01-23 05:55:15.955005,25,1,4.070491622740265,0,False,Singapore,True,2026-03-02 05:55:15.955005
228,2026-02-07 05:55:15.955005,7,10,26.963549610533825,0,False,Indonesia,False,2026-03-02 05:55:15.955005
102,2026-01-14 05:55:15.955005,13,8,23.982144093732067,3,True,Singapore,False,2026-03-02 05:55:15.955005
75,2026-02-11 05:55:15.955005,21,5,22.775455518920204,4,True,Singapore,False,2026-03-02 05:55:15.955005
417,2026-03-02 05:55:15.955005,27,7,2.065117478271551,4,False,Singapore,False,2026-03-02 05:55:15.955005
446,2026-03-02 05:55:15.955005,13,8,24.169913232452163,2,True,Indonesia,False,2026-03-02 05:55:15.955005
216,2026-02-14 05:55:15.955005,10,8,5.000579303582353,1,False,Singapore,False,2026-03-02 05:55:15.955005
407,2026-01-03 05:55:15.955005,13,7,7.449199109709763,1,True,Singapore,False,2026-03-02 05:55:15.955005
399,2026-03-02 05:55:15.955005,20,11,17.736910211208468,2,True,Indonesia,True,2026-03-02 05:55:15.955005
411,2026-01-09 05:55:15.955005,7,7,8.684442414589608,3,False,Malaysia,False,2026-03-02 05:55:15.955005
203,2026-01-10 05:55:15.955005,2,2,20.179097983045672,0,True,Malaysia,False,2026-03-02 05:55:15.955005
192,2026-01-17 05:55:15.955005,27,12,18.634042983273368,2,False,Singapore,True,2026-03-02 05:55:15.955005
249,2026-02-01 05:55:15.955005,28,18,4.136338342384616,4,False,Indonesia,True,2026-03-02 05:55:15.955005
499,2026-01-21 05:55:15.955005,28,1,20.024422808153684,1,False,Indonesia,True,2026-03-02 05:55:15.955005
242,2026-01-15 05:55:15.955005,22,16,27.79469238492297,1,False,Singapore,True,2026-03-02 05:55:15.955005
465,2026-02-28 05:55:15.955005,17,15,5.672187250389161,1,True,Singapore,True,2026-03-02 05:55:15.955005
179,2026-01-16 05:55:15.955005,2,3,18.314798607343736,3,False,Malaysia,False,2026-03-02 05:55:15.955005
437,2026-01-07 05:55:15.955005,12,17,10.914095786164129,4,False,Malaysia,False,2026-03-02 05:55:15.955005
462,2026-02-20 05:55:15.955005,11,13,14.328738481434515,3,False,Singapore,False,2026-03-02 05:55:15.955005
219,2026-02-07 05:55:15.955005,14,1,9.323005193290127,0,True,Indonesia,False,2026-03-02 05:55:15.955005
82,2026-02-09 05:55:15.955005,17,12,11.269788454083162,2,False,Singapore,False,2026-03-02 05:55:15.955005
92,2026-01-18 05:55:15.955005,4,19,1.838442874730161,2,False,Indonesia,False,2026-03-02 05:55:15.955005
435,2026-01-17 05:55:15.955005,6,16,29.465000399599397,1,True,Malaysia,False,2026-03-02 05:55:15.955005
175,2026-02-05 05:55:15.955005,10,14,19.119197740109698,1,False,Singapore,False,2026-03-02 05:55:15.955005
239,2026-02-18 05:55:15.955005,25,19,15.520462124322673,0,False,Indonesia,False,2026-03-02 05:55:15.955005
260,2026-03-02 05:55:15.955005,26,4,12.127745135509475,3,True,Malaysia,True,2026-03-02 05:55:15.955005
391,2026-02-07 05:55:15.955005,10,6,16.6418622058968,4,False,Singapore,False,2026-03-02 05:55:15.955005
365,2026-02-21 05:55:15.955005,26,17,12.023073962758316,0,False,Singapore,False,2026-03-02 05:55:15.955005
163,2026-01-27 05:55:15.955005,14,10,11.437329897316525,2,True,Malaysia,False,2026-03-02 05:55:15.955005
48,2026-02-07 05:55:15.955005,9,17,14.45444970993838,2,True,Singapore,False,2026-03-02 05:55:15.955005
329,2026-02-03 05:55:15.955005,14,4,9.003507976464533,3,True,Malaysia,False,2026-03-02 05:55:15.955005
328,2026-01-26 05:55:15.955005,12,12,6.221447099036778,0,False,Indonesia,False,2026-03-02 05:55:15.955005
116,2026-02-15 05:55:15.955005,13,17,17.14157104722851,4,False,Singapore,False,2026-03-02 05:55:15.955005
429,2026-01-22 05:55:15.955005,16,1,25.44019764835873,0,True,Malaysia,True,2026-03-02 05:55:15.955005
337,2026-02-15 05:55:15.955005,12,19,5.432017154050877,0,False,Malaysia,False,2026-03-02 05:55:15.955005
337,2026-01-03 05:55:15.955005,9,3,1.9492958775223408,3,True,Indonesia,False,2026-03-02 05:55:15.955005
369,2026-02-14 05:55:15.955005,24,12,8.157540609467048,4,False,Singapore,True,2026-03-02 05:55:15.955005
225,2026-01-11 05:55:15.955005,0,15,29.411898660160514,2,True,Malaysia,False,2026-03-02 05:55:15.955005
352,2026-01-08 05:55:15.955005,0,5,25.03398413855684,1,True,Malaysia,False,2026-03-02 05:55:15.955005
328,2026-02-16 05:55:15.955005,29,7,18.2801155523293,4,True,Malaysia,True,2026-03-02 05:55:15.955005
147,2026-02-15 05:55:15.955005,14,15,27.94821854205094,2,False,Singapore,False,2026-03-02 05:55:15.955005
63,2026-02-16 05:55:15.955005,15,12,13.913094388280095,3,True,Singapore,False,2026-03-02 05:55:15.955005
294,2026-01-05 05:55:15.955005,11,3,29.515137474680042,4,True,Indonesia,False,2026-03-02 05:55:15.955005
323,2026-01-28 05:55:15.955005,25,1,9.592759308459238,4,False,Indonesia,True,2026-03-02 05:55:15.955005
443,2026-02-20 05:55:15.955005,23,8,7.968866735962234,2,True,Indonesia,False,2026-03-02 05:55:15.955005
325,2026-03-02 05:55:15.955005,5,17,19.503397833263318,2,False,Singapore,False,2026-03-02 05:55:15.955005
13,2026-02-16 05:55:15.955005,5,16,11.966465070560451,0,True,Malaysia,False,2026-03-02 05:55:15.955005
431,2026-02-05 05:55:15.955005,11,7,19.164600717311476,0,True,Singapore,False,2026-03-02 05:55:15.955005
494,2026-01-11 05:55:15.955005,24,14,9.844870030777887,4,True,Singapore,False,2026-03-02 05:55:15.955005
189,2026-02-27 05:55:15.955005,14,8,18.91962944830174,1,True,Singapore,False,2026-03-02 05:55:15.955005
287,2026-01-19 05:55:15.955005,3,16,8.996641556966054,3,True,Indonesia,False,2026-03-02 05:55:15.955005
208,2026-02-26 05:55:15.955005,23,1,2.478189995747808,2,True,Malaysia,True,2026-03-02 05:55:15.955005
114,2026-01-27 05:55:15.955005,3,5,27.451941155772317,0,True,Singapore,False,2026-03-02 05:55:15.955005
480,2026-02-18 05:55:15.955005,29,4,26.612950854330403,3,False,Indonesia,True,2026-03-02 05:55:15.955005
22,2026-02-21 05:55:15.955005,1,16,29.153146328907486,4,True,Singapore,False,2026-03-02 05:55:15.955005
349,2026-02-20 05:55:15.955005,26,1,21.779288110420737,2,False,Malaysia,True,2026-03-02 05:55:15.955005
214,2026-02-13 05:55:15.955005,23,17,20.798914154323786,2,False,Indonesia,True,2026-03-02 05:55:15.955005
171,2026-01-28 05:55:15.955005,11,9,17.21108903217009,0,False,Singapore,False,2026-03-02 05:55:15.955005
323,2026-01-23 05:55:15.955005,6,9,4.6523300742231575,1,False,Indonesia,False,2026-03-02 05:55:15.955005
54,2026-01-21 05:55:15.955005,19,5,6.4878240175288315,2,False,Malaysia,False,2026-03-02 05:55:15.955005
394,2026-01-20 05:55:15.955005,8,11,9.39462097150355,1,False,Malaysia,False,2026-03-02 05:55:15.955005
298,2026-01-12 05:55:15.955005,8,16,26.814534514628438,3,True,Indonesia,False,2026-03-02 05:55:15.955005
320,2026-02-08 05:55:15.955005,7,12,6.016116213489179,2,True,Singapore,False,2026-03-02 05:55:15.955005
126,2026-02-24 05:55:15.955005,13,19,27.763322060148827,2,True,Malaysia,False,2026-03-02 05:55:15.955005
277,2026-01-03 05:55:15.955005,0,15,16.1607862584911,1,True,Malaysia,False,2026-03-02 05:55:15.955005
464,2026-01-23 05:55:15.955005,22,9,21.751519428719092,0,True,Singapore,False,2026-03-02 05:55:15.955005
204,2026-02-28 05:55:15.955005,20,1,4.197090113736429,4,False,Indonesia,True,2026-03-02 05:55:15.955005
194,2026-02-19 05:55:15.955005,22,1,8.801972914501416,3,False,Indonesia,True,2026-03-02 05:55:15.955005
169,2026-02-24 05:55:15.955005,11,6,28.797039637261364,2,False,Singapore,False,2026-03-02 05:55:15.955005
152,2026-01-13 05:55:15.955005,24,5,8.71834846096221,0,True,Malaysia,True,2026-03-02 05:55:15.955005
35,2026-02-05 05:55:15.955005,1,0,9.599129891343237,2,True,Malaysia,False,2026-03-02 05:55:15.955005
184,2026-01-29 05:55:15.955005,12,11,6.730324160391305,3,True,Singapore,False,2026-03-02 05:55:15.955005
286,2026-01-25 05:55:15.955005,29,12,4.743136293898056,4,True,Singapore,False,2026-03-02 05:55:15.955005
57,2026-01-14 05:55:15.955005,26,11,7.764471602165941,2,False,Indonesia,True,2026-03-02 05:55:15.955005
222,2026-02-16 05:55:15.955005,3,18,19.627479866573154,1,False,Indonesia,False,2026-03-02 05:55:15.955005
303,2026-03-01 05:55:15.955005,19,8,14.205664271603343,0,True,Singapore,False,2026-03-02 05:55:15.955005
163,2026-01-21 05:55:15.955005,17,9,17.058919253799058,4,False,Malaysia,False,2026-03-02 05:55:15.955005
19,2026-02-24 05:55:15.955005,18,16,4.548580034214704,2,True,Indonesia,False,2026-03-02 05:55:15.955005
370,2026-01-30 05:55:15.955005,15,17,24.261376967724104,4,True,Singapore,False,2026-03-02 05:55:15.955005
264,2026-02-27 05:55:15.955005,26,7,23.738746316815593,1,True,Malaysia,False,2026-03-02 05:55:15.955005
282,2026-02-11 05:55:15.955005,13,6,1.6261074231375863,2,False,Indonesia,False,2026-03-02 05:55:15.955005
113,2026-01-12 05:55:15.955005,29,8,12.121937740798844,4,False,Singapore,False,2026-03-02 05:55:15.955005
488,2026-01-09 05:55:15.955005,28,9,2.9943474571632867,2,False,Singapore,False,2026-03-02 05:55:15.955005
327,2026-01-26 05:55:15.955005,7,11,23.971067603033784,2,True,Malaysia,False,2026-03-02 05:55:15.955005
30,2026-01-30 05:55:15.955005,11,14,22.380820810645428,4,True,Malaysia,False,2026-03-02 05:55:15.955005
135,2026-02-03 05:55:15.955005,8,14,27.157654734501527,2,True,Singapore,False,2026-03-02 05:55:15.955005
67,2026-02-18 05:55:15.955005,5,3,7.8557148096403235,1,False,Malaysia,False,2026-03-02 05:55:15.955005
65,2026-03-02 05:55:15.955005,25,3,14.232580610706169,4,True,Singapore,False,2026-03-02 05:55:15.955005
292,2026-01-02 05:55:15.955005,17,0,6.350148437767534,4,True,Malaysia,True,2026-03-02 05:55:15.955005
25,2026-01-06 05:55:15.955005,1,11,11.765813099749465,1,False,Malaysia,False,2026-03-02 05:55:15.955005
37,2026-01-27 05:55:15.955005,22,1,16.145054295439635,1,True,Indonesia,False,2026-03-02 05:55:15.955005
1,2026-01-14 05:55:15.955005,7,14,2.54659290531908,1,False,Indonesia,False,2026-03-02 05:55:15.955005
399,2026-02-01 05:55:15.955005,23,16,21.731241909644172,2,False,Malaysia,False,2026-03-02 05:55:15.955005
37,2026-01-08 05:55:15.955005,13,6,16.75550745076118,2,True,Singapore,False,2026-03-02 05:55:15.955005
141,2026-01-26 05:55:15.955005,5,5,25.039811499109526,3,True,Malaysia,True,2026-03-02 05:55:15.955005
232,2026-01-05 05:55:15.955005,9,11,8.88163453454472,2,True,Indonesia,False,2026-03-02 05:55:15.955005
136,2026-01-07 05:55:15.955005,7,18,27.19631205280838,1,True,Singapore,False,2026-03-02 05:55:15.955005
389,2026-02-06 05:55:15.955005,29,0,29.962133337882857,3,False,Malaysia,True,2026-03-02 05:55:15.955005
188,2026-02-15 05:55:15.955005,16,13,27.65965471295256,1,False,Malaysia,True,2026-03-02 05:55:15.955005
128,2026-01-04 05:55:15.955005,24,3,23.55888179916147,0,False,Malaysia,False,2026-03-02 05:55:15.955005
201,2026-02-12 05:55:15.955005,28,4,24.55869528333964,4,False,Malaysia,True,2026-03-02 05:55:15.955005
127,2026-03-02 05:55:15.955005,11,0,17.638583033793008,0,False,Indonesia,False,2026-03-02 05:55:15.955005
257,2026-02-26 05:55:15.955005,16,0,6.514462024465704,1,False,Indonesia,False,2026-03-02 05:55:15.955005
164,2026-01-11 05:55:15.955005,12,5,20.634179869283802,2,False,Indonesia,False,2026-03-02 05:55:15.955005
35,2026-02-09 05:55:15.955005,18,4,21.669837059738015,4,True,Indonesia,True,2026-03-02 05:55:15.955005
194,2026-02-07 05:55:15.955005,11,1,29.576169067769264,2,True,Singapore,False,2026-03-02 05:55:15.955005
191,2026-01-19 05:55:15.955005,15,4,16.697738171433333,2,True,Singapore,True,2026-03-02 05:55:15.955005
104,2026-01-17 05:55:15.955005,24,8,8.869701435726636,4,True,Singapore,False,2026-03-02 05:55:15.955005
23,2026-01-10 05:55:15.955005,26,18,20.826503130445698,4,True,Malaysia,True,2026-03-02 05:55:15.955005
265,2026-01-25 05:55:15.955005,4,14,29.401898770327183,0,True,Singapore,False,2026-03-02 05:55:15.955005
290,2026-01-09 05:55:15.955005,24,12,6.139203339803726,1,False,Indonesia,True,2026-03-02 05:55:15.955005
430,2026-01-26 05:55:15.955005,15,11,10.453939637532477,2,True,Indonesia,False,2026-03-02 05:55:15.955005
462,2026-01-26 05:55:15.955005,24,4,16.71454765940775,1,True,Malaysia,False,2026-03-02 05:55:15.955005
384,2026-02-27 05:55:15.955005,5,1,5.93622441157814,1,False,Singapore,False,2026-03-02 05:55:15.955005
260,2026-01-26 05:55:15.955005,10,3,1.6443985460782122,3,False,Malaysia,False,2026-03-02 05:55:15.955005
414,2026-01-10 05:55:15.955005,16,17,10.772510550796268,0,True,Malaysia,False,2026-03-02 05:55:15.955005
479,2026-01-09 05:55:15.955005,25,9,26.095753243530684,2,False,Singapore,False,2026-03-02 05:55:15.955005
358,2026-02-13 05:55:15.955005,22,12,2.26058358038773,4,True,Malaysia,False,2026-03-02 05:55:15.955005
75,2026-01-12 05:55:15.955005,13,11,13.438942711490606,4,False,Singapore,False,2026-03-02 05:55:15.955005
355,2026-02-15 05:55:15.955005,5,1,23.103822414856392,1,True,Singapore,False,2026-03-02 05:55:15.955005
72,2026-01-21 05:55:15.955005,24,14,28.642295310415673,0,True,Malaysia,False,2026-03-02 05:55:15.955005
259,2026-02-13 05:55:15.955005,22,13,29.578786571128536,0,True,Indonesia,True,2026-03-02 05:55:15.955005
398,2026-02-09 05:55:15.955005,29,9,13.237112037653509,2,False,Singapore,False,2026-03-02 05:55:15.955005
188,2026-03-01 05:55:15.955005,27,7,28.56114453699441,2,False,Indonesia,False,2026-03-02 05:55:15.955005
461,2026-02-10 05:55:15.955005,10,14,2.0271502251450486,1,True,Indonesia,False,2026-03-02 05:55:15.955005
173,2026-01-26 05:55:15.955005,11,12,22.631591201958134,1,False,Singapore,False,2026-03-02 05:55:15.955005
480,2026-01-18 05:55:15.955005,12,7,19.639635004374774,1,False,Indonesia,False,2026-03-02 05:55:15.955005
290,2026-01-23 05:55:15.955005,3,13,8.236133869998417,3,True,Malaysia,False,2026-03-02 05:55:15.955005
45,2026-01-15 05:55:15.955005,6,0,15.712236519709817,0,True,Malaysia,False,2026-03-02 05:55:15.955005
61,2026-01-23 05:55:15.955005,1,12,4.757058395054373,1,False,Indonesia,False,2026-03-02 05:55:15.955005
83,2026-02-02 05:55:15.955005,5,7,26.27631737759527,0,False,Malaysia,False,2026-03-02 05:55:15.955005
123,2026-01-08 05:55:15.955005,5,17,11.37904448082379,4,True,Singapore,False,2026-03-02 05:55:15.955005
358,2026-02-05 05:55:15.955005,17,8,19.15528964350578,4,False,Singapore,True,2026-03-02 05:55:15.955005
16,2026-02-10 05:55:15.955005,29,12,5.604512302330606,0,False,Indonesia,True,2026-03-02 05:55:15.955005
66,2026-02-14 05:55:15.955005,19,2,6.978780494305006,4,False,Malaysia,True,2026-03-02 05:55:15.955005
424,2026-02-15 05:55:15.955005,7,17,29.76673475329141,4,True,Indonesia,False,2026-03-02 05:55:15.955005
145,2026-01-02 05:55:15.955005,7,9,22.83950543879855,4,False,Malaysia,False,2026-03-02 05:55:15.955005
375,2026-01-31 05:55:15.955005,28,4,28.897184223448054,2,False,Singapore,False,2026-03-02 05:55:15.955005
162,2026-01-11 05:55:15.955005,7,5,9.57968379114928,2,True,Malaysia,False,2026-03-02 05:55:15.955005
234,2026-02-22 05:55:15.955005,7,7,5.772323421974791,0,False,Malaysia,False,2026-03-02 05:55:15.955005
380,2026-01-31 05:55:15.955005,0,6,15.588985440886097,0,True,Indonesia,False,2026-03-02 05:55:15.955005
144,2026-02-17 05:55:15.955005,1,17,15.345380184592958,3,True,Singapore,True,2026-03-02 05:55:15.955005
358,2026-01-13 05:55:15.955005,11,13,6.073448898981648,2,True,Malaysia,False,2026-03-02 05:55:15.955005
188,2026-01-25 05:55:15.955005,14,14,22.263367517860896,0,True,Singapore,False,2026-03-02 05:55:15.955005
322,2026-03-01 05:55:15.955005,3,9,11.491548498723288,2,True,Malaysia,False,2026-03-02 05:55:15.955005
450,2026-01-10 05:55:15.955005,27,11,6.404591696985001,3,True,Singapore,True,2026-03-02 05:55:15.955005
474,2026-01-14 05:55:15.955005,24,6,10.627518441755363,0,False,Malaysia,False,2026-03-02 05:55:15.955005
13,2026-01-16 05:55:15.955005,2,6,17.346102289415438,0,True,Singapore,False,2026-03-02 05:55:15.955005
184,2026-02-17 05:55:15.955005,13,10,22.067657033232855,0,False,Malaysia,False,2026-03-02 05:55:15.955005
111,2026-01-03 05:55:15.955005,21,12,14.974835695667052,0,True,Singapore,False,2026-03-02 05:55:15.955005
415,2026-01-29 05:55:15.955005,22,14,16.24225470502283,1,True,Malaysia,False,2026-03-02 05:55:15.955005
290,2026-01-27 05:55:15.955005,7,17,5.0294321423397035,2,False,Malaysia,False,2026-03-02 05:55:15.955005
295,2026-01-04 05:55:15.955005,12,6,27.52603681653873,2,True,Singapore,False,2026-03-02 05:55:15.955005
451,2026-01-23 05:55:15.955005,22,5,27.93300174176929,2,True,Indonesia,False,2026-03-02 05:55:15.955005
392,2026-01-04 05:55:15.955005,18,10,20.819371122122106,3,True,Malaysia,True,2026-03-02 05:55:15.955005
215,2026-01-15 05:55:15.955005,21,7,1.5113108590867164,1,True,Malaysia,True,2026-03-02 05:55:15.955005
462,2026-01-11 05:55:15.955005,4,19,16.575152261196457,2,False,Indonesia,False,2026-03-02 05:55:15.955005
120,2026-02-11 05:55:15.955005,12,0,19.247350190569794,2,True,Malaysia,False,2026-03-02 05:55:15.955005
382,2026-03-01 05:55:15.955005,27,7,29.84497246578519,0,True,Singapore,True,2026-03-02 05:55:15.955005
55,2026-01-11 05:55:15.955005,25,7,29.88594170064911,0,True,Indonesia,False,2026-03-02 05:55:15.955005
27,2026-01-21 05:55:15.955005,19,18,25.870725824441163,0,False,Malaysia,False,2026-03-02 05:55:15.955005
118,2026-02-12 05:55:15.955005,0,2,2.8510987687572924,2,True,Singapore,True,2026-03-02 05:55:15.955005
221,2026-01-03 05:55:15.955005,15,4,28.645015332583167,0,True,Singapore,True,2026-03-02 05:55:15.955005
231,2026-01-25 05:55:15.955005,29,2,18.767176167407975,2,False,Indonesia,False,2026-03-02 05:55:15.955005
53,2026-02-13 05:55:15.955005,28,14,24.225716343896202,3,True,Indonesia,False,2026-03-02 05:55:15.955005
295,2026-02-15 05:55:15.955005,22,13,12.808592640889753,3,False,Indonesia,True,2026-03-02 05:55:15.955005
321,2026-02-27 05:55:15.955005,23,14,10.270414665803104,4,False,Singapore,False,2026-03-02 05:55:15.955005
401,2026-02-19 05:55:15.955005,1,16,14.434080219030431,1,False,Malaysia,False,2026-03-02 05:55:15.955005
233,2026-02-02 05:55:15.955005,6,17,5.259360876095981,0,False,Singapore,False,2026-03-02 05:55:15.955005
158,2026-02-24 05:55:15.955005,5,1,11.354918023845876,0,False,Singapore,True,2026-03-02 05:55:15.955005
437,2026-02-17 05:55:15.955005,4,11,25.87090749328008,1,True,Indonesia,False,2026-03-02 05:55:15.955005
269,2026-01-07 05:55:15.955005,28,15,2.1005641015655634,1,True,Malaysia,True,2026-03-02 05:55:15.955005
21,2026-02-19 05:55:15.955005,3,3,5.37546335791353,4,False,Singapore,True,2026-03-02 05:55:15.955005
403,2026-01-27 05:55:15.955005,1,1,4.62836862983508,1,True,Indonesia,False,2026-03-02 05:55:15.955005
53,2026-02-26 05:55:15.955005,9,13,12.689190738306614,2,True,Indonesia,False,2026-03-02 05:55:15.955005
275,2026-02-14 05:55:15.955005,21,10,29.91262012583499,0,False,Malaysia,False,2026-03-02 05:55:15.955005
313,2026-01-04 05:55:15.955005,4,12,6.0273799761300975,1,False,Malaysia,False,2026-03-02 05:55:15.955005
281,2026-01-20 05:55:15.955005,17,6,5.218996838378545,2,True,Indonesia,False,2026-03-02 05:55:15.955005
214,2026-01-30 05:55:15.955005,9,9,27.53661616350848,1,True,Malaysia,False,2026-03-02 05:55:15.955005
31,2026-02-21 05:55:15.955005,22,0,26.579464992013005,2,False,Malaysia,True,2026-03-02 05:55:15.955005
337,2026-01-19 05:55:15.955005,21,3,1.934970729900079,3,True,Singapore,False,2026-03-02 05:55:15.955005
183,2026-02-14 05:55:15.955005,27,17,22.799472845200135,2,False,Malaysia,False,2026-03-02 05:55:15.955005
23,2026-02-26 05:55:15.955005,14,5,20.00850534281646,4,False,Indonesia,True,2026-03-02 05:55:15.955005
32,2026-01-17 05:55:15.955005,26,1,23.26448348572856,2,False,Malaysia,True,2026-03-02 05:55:15.955005
446,2026-01-20 05:55:15.955005,8,2,15.340571189081743,1,True,Singapore,True,2026-03-02 05:55:15.955005
74,2026-02-22 05:55:15.955005,10,13,29.74999733500057,3,False,Malaysia,False,2026-03-02 05:55:15.955005
10,2026-01-13 05:55:15.955005,25,7,2.2715635426179324,3,False,Singapore,False,2026-03-02 05:55:15.955005
484,2026-01-29 05:55:15.955005,20,15,7.796776005710366,2,False,Malaysia,False,2026-03-02 05:55:15.955005
456,2026-01-26 05:55:15.955005,24,18,12.499833622234839,1,False,Malaysia,False,2026-03-02 05:55:15.955005
54,2026-01-26 05:55:15.955005,24,17,14.043560305405391,3,False,Indonesia,True,2026-03-02 05:55:15.955005
52,2026-02-13 05:55:15.955005,28,5,27.71965467828604,2,True,Indonesia,True,2026-03-02 05:55:15.955005
148,2026-02-22 05:55:15.955005,16,13,17.240126558240508,2,True,Malaysia,True,2026-03-02 05:55:15.955005
160,2026-01-05 05:55:15.955005,20,2,2.3082188700914226,2,True,Malaysia,True,2026-03-02 05:55:15.955005
370,2026-02-02 05:55:15.955005,8,15,12.828025939344194,3,False,Singapore,False,2026-03-02 05:55:15.955005
14,2026-01-12 05:55:15.955005,22,0,13.078221958703027,0,True,Singapore,True,2026-03-02 05:55:15.955005
178,2026-02-17 05:55:15.955005,15,11,28.999237214695757,1,False,Indonesia,True,2026-03-02 05:55:15.955005
412,2026-02-06 05:55:15.955005,5,13,18.376715639612136,4,True,Malaysia,False,2026-03-02 05:55:15.955005
366,2026-02-16 05:55:15.955005,21,18,19.433881063609224,4,True,Malaysia,False,2026-03-02 05:55:15.955005
500,2026-02-25 05:55:15.955005,10,18,21.684337906286853,1,False,Singapore,False,2026-03-02 05:55:15.955005
53,2026-01-06 05:55:15.955005,22,8,23.331140154781576,0,True,Malaysia,False,2026-03-02 05:55:15.955005
408,2026-01-20 05:55:15.955005,16,6,19.416481035872188,1,True,Malaysia,True,2026-03-02 05:55:15.955005
335,2026-02-02 05:55:15.955005,3,13,7.878636182884129,2,True,Malaysia,False,2026-03-02 05:55:15.955005
22,2026-02-16 05:55:15.955005,28,4,26.34733151589376,1,False,Singapore,False,2026-03-02 05:55:15.955005
30,2026-02-02 05:55:15.955005,14,17,22.231474211908274,1,True,Singapore,False,2026-03-02 05:55:15.955005
191,2026-02-27 05:55:15.955005,0,8,22.51424406781172,3,False,Singapore,False,2026-03-02 05:55:15.955005
260,2026-02-13 05:55:15.955005,21,6,29.900145437807726,4,False,Malaysia,False,2026-03-02 05:55:15.955005
205,2026-01-12 05:55:15.955005,29,8,24.273269511036162,4,False,Singapore,True,2026-03-02 05:55:15.955005
59,2026-01-05 05:55:15.955005,28,3,25.045390691499442,2,True,Indonesia,False,2026-03-02 05:55:15.955005
471,2026-01-13 05:55:15.955005,19,16,28.590759955594592,2,True,Indonesia,True,2026-03-02 05:55:15.955005
264,2026-01-18 05:55:15.955005,0,11,5.382885995617922,3,False,Singapore,False,2026-03-02 05:55:15.955005
466,2026-01-23 05:55:15.955005,8,5,15.434093917863969,2,False,Singapore,False,2026-03-02 05:55:15.955005
12,2026-02-15 05:55:15.955005,11,17,17.836443684132842,0,True,Malaysia,False,2026-03-02 05:55:15.955005
119,2026-02-20 05:55:15.955005,3,7,10.548996147451271,3,True,Singapore,True,2026-03-02 05:55:15.955005
415,2026-02-17 05:55:15.955005,27,14,25.34269697294066,3,True,Singapore,False,2026-03-02 05:55:15.955005
462,2026-02-28 05:55:15.955005,21,2,23.11016902772598,1,True,Indonesia,True,2026-03-02 05:55:15.955005
290,2026-01-11 05:55:15.955005,12,1,21.905609160735597,1,False,Indonesia,False,2026-03-02 05:55:15.955005
338,2026-01-12 05:55:15.955005,6,8,29.91733375298684,0,True,Indonesia,False,2026-03-02 05:55:15.955005
248,2026-01-20 05:55:15.955005,7,7,8.522059828843325,3,False,Indonesia,False,2026-03-02 05:55:15.955005
354,2026-01-24 05:55:15.955005,27,3,22.328260298587217,3,False,Singapore,False,2026-03-02 05:55:15.955005
127,2026-01-17 05:55:15.955005,12,1,16.990729772271116,1,True,Indonesia,False,2026-03-02 05:55:15.955005
75,2026-01-20 05:55:15.955005,10,13,10.076686292322407,4,True,Malaysia,True,2026-03-02 05:55:15.955005
361,2026-02-13 05:55:15.955005,8,1,5.657019250970649,4,True,Malaysia,False,2026-03-02 05:55:15.955005
204,2026-01-04 05:55:15.955005,24,1,26.980631274958867,1,True,Singapore,True,2026-03-02 05:55:15.955005
49,2026-02-11 05:55:15.955005,23,6,18.268208998527513,2,True,Malaysia,True,2026-03-02 05:55:15.955005
79,2026-01-04 05:55:15.955005,15,11,24.923081291583046,3,True,Indonesia,False,2026-03-02 05:55:15.955005
441,2026-01-14 05:55:15.955005,9,5,16.815004536044803,0,True,Indonesia,False,2026-03-02 05:55:15.955005
479,2026-02-06 05:55:15.955005,10,17,7.379335338966567,4,False,Malaysia,False,2026-03-02 05:55:15.955005
241,2026-01-05 05:55:15.955005,11,3,10.788915579909432,2,False,Singapore,False,2026-03-02 05:55:15.955005
349,2026-01-24 05:55:15.955005,27,18,12.064626431732849,3,True,Indonesia,True,2026-03-02 05:55:15.955005
154,2026-02-18 05:55:15.955005,13,12,29.215109562607367,2,False,Indonesia,False,2026-03-02 05:55:15.955005
274,2026-02-27 05:55:15.955005,18,19,1.1633650730600924,3,False,Malaysia,False,2026-03-02 05:55:15.955005
96,2026-01-07 05:55:15.955005,11,1,29.584314667710704,3,True,Singapore,True,2026-03-02 05:55:15.955005
214,2026-02-17 05:55:15.955005,17,7,29.433387418185088,1,False,Singapore,False,2026-03-02 05:55:15.955005
294,2026-01-29 05:55:15.955005,20,18,29.88837292537396,1,True,Malaysia,True,2026-03-02 05:55:15.955005
209,2026-02-03 05:55:15.955005,16,8,14.821057188669405,0,True,Indonesia,False,2026-03-02 05:55:15.955005
343,2026-01-10 05:55:15.955005,2,3,28.950460119008987,0,False,Malaysia,False,2026-03-02 05:55:15.955005
88,2026-01-25 05:55:15.955005,0,15,12.472376273644993,2,True,Malaysia,False,2026-03-02 05:55:15.955005
306,2026-02-23 05:55:15.955005,28,18,1.7625387793832146,1,True,Malaysia,False,2026-03-02 05:55:15.955005
264,2026-01-18 05:55:15.955005,18,9,7.506068404781171,3,True,Indonesia,True,2026-03-02 05:55:15.955005
425,2026-01-28 05:55:15.955005,28,5,28.413591103184153,1,False,Indonesia,False,2026-03-02 05:55:15.955005
390,2026-01-18 05:55:15.955005,3,15,1.3991761067265993,3,False,Malaysia,False,2026-03-02 05:55:15.955005
325,2026-02-26 05:55:15.955005,22,9,16.833829927266276,1,True,Singapore,False,2026-03-02 05:55:15.955005
428,2026-01-08 05:55:15.955005,27,12,3.1924460779456925,3,True,Malaysia,True,2026-03-02 05:55:15.955005
377,2026-02-26 05:55:15.955005,15,8,9.305500774399777,2,False,Indonesia,False,2026-03-02 05:55:15.955005
320,2026-01-31 05:55:15.955005,11,6,3.5546926706447133,1,False,Singapore,False,2026-03-02 05:55:15.955005
157,2026-01-17 05:55:15.955005,20,3,25.926330012278637,4,True,Singapore,False,2026-03-02 05:55:15.955005
156,2026-02-22 05:55:15.955005,20,18,18.141050579783467,4,False,Indonesia,False,2026-03-02 05:55:15.955005
139,2026-01-20 05:55:15.955005,12,3,27.161087505831073,3,True,Indonesia,False,2026-03-02 05:55:15.955005
121,2026-01-30 05:55:15.955005,16,18,20.96224278666662,2,False,Malaysia,False,2026-03-02 05:55:15.955005
65,2026-01-29 05:55:15.955005,7,18,29.15984480610789,3,False,Indonesia,False,2026-03-02 05:55:15.955005
107,2026-02-28 05:55:15.955005,12,11,15.786451988051791,2,False,Singapore,False,2026-03-02 05:55:15.955005
147,2026-02-01 05:55:15.955005,19,12,19.52260687112336,0,False,Malaysia,False,2026-03-02 05:55:15.955005
137,2026-01-12 05:55:15.955005,25,3,17.71295577678264,1,True,Malaysia,False,2026-03-02 05:55:15.955005
411,2026-02-19 05:55:15.955005,4,9,15.043552453951769,2,True,Singapore,False,2026-03-02 05:55:15.955005
162,2026-02-02 05:55:15.955005,17,6,25.532821597267368,3,False,Indonesia,False,2026-03-02 05:55:15.955005
428,2026-02-28 05:55:15.955005,14,4,19.691228934440446,0,True,Malaysia,False,2026-03-02 05:55:15.955005
452,2026-02-05 05:55:15.955005,11,16,24.23805568080871,3,True,Singapore,False,2026-03-02 05:55:15.955005
100,2026-01-05 05:55:15.955005,28,17,23.804554161469984,4,False,Singapore,False,2026-03-02 05:55:15.955005
338,2026-02-01 05:55:15.955005,16,10,6.540309659003564,4,False,Singapore,True,2026-03-02 05:55:15.955005
399,2026-02-22 05:55:15.955005,24,14,19.854742443011666,1,True,Indonesia,False,2026-03-02 05:55:15.955005
307,2026-02-05 05:55:15.955005,14,6,6.789792556258689,1,False,Indonesia,False,2026-03-02 05:55:15.955005
141,2026-03-01 05:55:15.955005,1,17,17.916293869069357,0,True,Indonesia,False,2026-03-02 05:55:15.955005
83,2026-02-28 05:55:15.955005,5,5,20.645605848942715,4,False,Indonesia,False,2026-03-02 05:55:15.955005
177,2026-01-16 05:55:15.955005,16,17,29.91981707604002,2,True,Singapore,False,2026-03-02 05:55:15.955005
198,2026-02-27 05:55:15.955005,15,15,1.8857173663424125,4,False,Malaysia,True,2026-03-02 05:55:15.955005
112,2026-02-06 05:55:15.955005,16,1,3.646029429297907,1,False,Singapore,False,2026-03-02 05:55:15.955005
56,2026-01-11 05:55:15.955005,24,18,3.2337741947657133,3,True,Malaysia,False,2026-03-02 05:55:15.955005
460,2026-02-18 05:55:15.955005,19,0,12.552477301735461,0,False,Malaysia,False,2026-03-02 05:55:15.955005
179,2026-01-23 05:55:15.955005,8,10,24.8260624830886,4,True,Malaysia,False,2026-03-02 05:55:15.955005
421,2026-01-18 05:55:15.955005,26,19,25.477633650826935,2,True,Indonesia,True,2026-03-02 05:55:15.955005
401,2026-01-27 05:55:15.955005,4,4,22.372408275913397,2,False,Singapore,False,2026-03-02 05:55:15.955005
186,2026-01-07 05:55:15.955005,22,15,27.009469013068482,2,False,Malaysia,False,2026-03-02 05:55:15.955005
471,2026-02-08 05:55:15.955005,0,0,10.362938380914123,0,False,Singapore,False,2026-03-02 05:55:15.955005
218,2026-02-22 05:55:15.955005,5,18,3.5564846833166746,2,False,Indonesia,False,2026-03-02 05:55:15.955005
413,2026-03-01 05:55:15.955005,23,13,2.6864378117056535,2,True,Malaysia,True,2026-03-02 05:55:15.955005
417,2026-01-08 05:55:15.955005,13,2,25.711848868962203,4,True,Indonesia,False,2026-03-02 05:55:15.955005
316,2026-01-21 05:55:15.955005,16,1,22.18265253625705,0,False,Indonesia,False,2026-03-02 05:55:15.955005
475,2026-01-18 05:55:15.955005,24,4,21.259843874322506,3,True,Singapore,True,2026-03-02 05:55:15.955005
217,2026-01-31 05:55:15.955005,18,16,10.850613817824396,3,False,Malaysia,False,2026-03-02 05:55:15.955005
120,2026-01-18 05:55:15.955005,0,17,12.017250469928559,2,True,Indonesia,False,2026-03-02 05:55:15.955005
439,2026-01-15 05:55:15.955005,0,0,28.785292338080257,1,False,Singapore,False,2026-03-02 05:55:15.955005
394,2026-03-01 05:55:15.955005,12,14,2.8503375788401155,0,False,Malaysia,False,2026-03-02 05:55:15.955005
175,2026-01-30 05:55:15.955005,13,8,23.438220371195985,1,True,Malaysia,False,2026-03-02 05:55:15.955005
23,2026-02-13 05:55:15.955005,26,4,9.9793663875434,0,False,Indonesia,True,2026-03-02 05:55:15.955005
213,2026-02-18 05:55:15.955005,5,12,2.1325839339641264,0,True,Indonesia,False,2026-03-02 05:55:15.955005
405,2026-01-16 05:55:15.955005,26,18,22.534533211531226,4,False,Indonesia,False,2026-03-02 05:55:15.955005
235,2026-02-26 05:55:15.955005,5,9,10.596444684672864,2,True,Indonesia,False,2026-03-02 05:55:15.955005
13,2026-01-04 05:55:15.955005,0,19,21.9422780435411,4,True,Malaysia,False,2026-03-02 05:55:15.955005
101,2026-01-20 05:55:15.955005,29,13,21.521977110425482,1,True,Indonesia,True,2026-03-02 05:55:15.955005
417,2026-01-18 05:55:15.955005,13,11,16.508819387560337,1,True,Indonesia,False,2026-03-02 05:55:15.955005
24,2026-02-21 05:55:15.955005,2,10,23.543820747105915,3,False,Indonesia,False,2026-03-02 05:55:15.955005
364,2026-01-06 05:55:15.955005,22,6,17.85011140096606,4,False,Malaysia,True,2026-03-02 05:55:15.955005
11,2026-01-19 05:55:15.955005,9,16,9.31246873259956,4,False,Singapore,False,2026-03-02 05:55:15.955005
273,2026-02-06 05:55:15.955005,18,17,22.28934373086815,4,True,Singapore,False,2026-03-02 05:55:15.955005
452,2026-01-28 05:55:15.955005,18,6,18.085054660453984,3,False,Malaysia,True,2026-03-02 05:55:15.955005
431,2026-01-25 05:55:15.955005,18,19,1.369091169007696,4,False,Singapore,False,2026-03-02 05:55:15.955005
281,2026-02-01 05:55:15.955005,27,5,27.147681155338972,4,False,Malaysia,False,2026-03-02 05:55:15.955005
94,2026-02-24 05:55:15.955005,22,10,16.82366493140509,4,False,Indonesia,True,2026-03-02 05:55:15.955005
201,2026-02-25 05:55:15.955005,3,11,26.19019069890642,4,True,Singapore,False,2026-03-02 05:55:15.955005
21,2026-01-08 05:55:15.955005,19,15,26.599368330485095,1,False,Malaysia,True,2026-03-02 05:55:15.955005
340,2026-01-07 05:55:15.955005,18,18,13.904033045317567,2,False,Malaysia,False,2026-03-02 05:55:15.955005
467,2026-02-28 05:55:15.955005,9,18,15.722139897085697,1,True,Indonesia,False,2026-03-02 05:55:15.955005
211,2026-02-18 05:55:15.955005,26,10,13.056877242592455,4,False,Malaysia,True,2026-03-02 05:55:15.955005
140,2026-02-28 05:55:15.955005,24,15,14.033666483933319,0,True,Singapore,True,2026-03-02 05:55:15.955005
293,2026-02-05 05:55:15.955005,1,11,26.959267610180106,0,False,Indonesia,False,2026-03-02 05:55:15.955005
298,2026-01-05 05:55:15.955005,3,7,23.85617640506942,3,True,Malaysia,False,2026-03-02 05:55:15.955005
401,2026-02-07 05:55:15.955005,23,2,4.669244613151761,1,True,Indonesia,True,2026-03-02 05:55:15.955005
101,2026-01-09 05:55:15.955005,5,1,18.69892566466278,3,False,Malaysia,False,2026-03-02 05:55:15.955005
304,2026-02-25 05:55:15.955005,29,5,29.881292571203925,3,False,Singapore,False,2026-03-02 05:55:15.955005
359,2026-01-19 05:55:15.955005,6,15,18.27097033574209,0,False,Singapore,False,2026-03-02 05:55:15.955005
28,2026-01-02 05:55:15.955005,15,19,23.79027714220006,1,False,Indonesia,False,2026-03-02 05:55:15.955005
41,2026-01-04 05:55:15.955005,28,14,23.302782728053955,2,False,Malaysia,False,2026-03-02 05:55:15.955005
355,2026-01-13 05:55:15.955005,6,13,11.159208250297528,1,False,Indonesia,False,2026-03-02 05:55:15.955005
303,2026-01-20 05:55:15.955005,17,1,11.783629778414808,3,True,Indonesia,False,2026-03-02 05:55:15.955005
496,2026-02-19 05:55:15.955005,19,19,21.998216231921692,4,True,Singapore,True,2026-03-02 05:55:15.955005
146,2026-01-13 05:55:15.955005,25,17,15.499522416540218,3,True,Indonesia,True,2026-03-02 05:55:15.955005
256,2026-01-26 05:55:15.955005,25,13,17.546550564781253,1,True,Malaysia,False,2026-03-02 05:55:15.955005
462,2026-03-01 05:55:15.955005,21,17,21.67426792058029,0,False,Singapore,False,2026-03-02 05:55:15.955005
227,2026-02-20 05:55:15.955005,18,1,23.549675784132457,1,True,Malaysia,True,2026-03-02 05:55:15.955005
236,2026-01-23 05:55:15.955005,8,0,8.873980754259069,2,True,Indonesia,False,2026-03-02 05:55:15.955005
361,2026-01-28 05:55:15.955005,28,19,5.257019023671925,4,True,Singapore,False,2026-03-02 05:55:15.955005
380,2026-02-05 05:55:15.955005,19,1,9.462044754988032,4,False,Malaysia,False,2026-03-02 05:55:15.955005
455,2026-02-13 05:55:15.955005,9,8,15.71861142767019,3,False,Malaysia,False,2026-03-02 05:55:15.955005
489,2026-02-10 05:55:15.955005,12,8,10.922098201614133,1,False,Indonesia,False,2026-03-02 05:55:15.955005
13,2026-01-26 05:55:15.955005,17,15,17.48252000658022,0,True,Malaysia,False,2026-03-02 05:55:15.955005
210,2026-01-22 05:55:15.955005,15,10,2.550505999643225,2,False,Indonesia,False,2026-03-02 05:55:15.955005
229,2026-01-10 05:55:15.955005,21,5,15.782761936799249,3,True,Indonesia,True,2026-03-02 05:55:15.955005
397,2026-01-16 05:55:15.955005,16,11,11.671562301193529,1,True,Indonesia,False,2026-03-02 05:55:15.955005
100,2026-01-18 05:55:15.955005,21,2,16.505335891893587,0,True,Indonesia,True,2026-03-02 05:55:15.955005
31,2026-02-09 05:55:15.955005,12,11,13.253467291664327,1,False,Singapore,False,2026-03-02 05:55:15.955005
386,2026-01-09 05:55:15.955005,11,0,9.242549668488731,0,False,Malaysia,False,2026-03-02 05:55:15.955005
16,2026-01-03 05:55:15.955005,9,8,27.219129258271437,1,False,Malaysia,False,2026-03-02 05:55:15.955005
137,2026-02-01 05:55:15.955005,0,19,6.35818466421935,1,True,Singapore,False,2026-03-02 05:55:15.955005
329,2026-01-12 05:55:15.955005,29,5,20.75960169183623,3,False,Indonesia,False,2026-03-02 05:55:15.955005
166,2026-01-19 05:55:15.955005,7,10,27.814696664890008,1,False,Indonesia,False,2026-03-02 05:55:15.955005
459,2026-01-02 05:55:15.955005,20,2,16.62142883087756,1,False,Indonesia,True,2026-03-02 05:55:15.955005
310,2026-02-01 05:55:15.955005,21,3,26.41584616880498,3,True,Indonesia,False,2026-03-02 05:55:15.955005
440,2026-02-23 05:55:15.955005,17,9,4.620692874565247,3,True,Singapore,True,2026-03-02 05:55:15.955005
470,2026-01-28 05:55:15.955005,1,18,15.319874337435834,4,True,Malaysia,True,2026-03-02 05:55:15.955005
481,2026-01-05 05:55:15.955005,15,5,14.253733133947241,4,True,Indonesia,False,2026-03-02 05:55:15.955005
100,2026-01-15 05:55:15.955005,11,0,1.2354454040728509,3,False,Indonesia,True,2026-03-02 05:55:15.955005
109,2026-02-22 05:55:15.955005,8,7,13.8544628994207,2,False,Indonesia,False,2026-03-02 05:55:15.955005
343,2026-01-11 05:55:15.955005,2,7,11.701862935095336,0,True,Malaysia,False,2026-03-02 05:55:15.955005
173,2026-02-11 05:55:15.955005,21,5,20.424163105463844,3,False,Malaysia,True,2026-03-02 05:55:15.955005
237,2026-01-22 05:55:15.955005,25,16,28.211563578719037,4,True,Singapore,False,2026-03-02 05:55:15.955005
162,2026-02-06 05:55:15.955005,20,18,3.487941559599059,1,False,Malaysia,False,2026-03-02 05:55:15.955005
393,2026-02-12 05:55:15.955005,29,0,10.49681521472407,3,False,Malaysia,False,2026-03-02 05:55:15.955005
216,2026-02-26 05:55:15.955005,27,14,13.877877384433305,3,False,Indonesia,False,2026-03-02 05:55:15.955005
264,2026-02-20 05:55:15.955005,3,12,14.200375962997116,4,True,Malaysia,True,2026-03-02 05:55:15.955005
263,2026-02-16 05:55:15.955005,25,2,23.469481904425358,4,False,Indonesia,True,2026-03-02 05:55:15.955005
292,2026-02-23 05:55:15.955005,1,1,13.858474309169784,2,False,Singapore,False,2026-03-02 05:55:15.955005
274,2026-02-12 05:55:15.955005,7,2,1.7876777421559475,4,False,Indonesia,True,2026-03-02 05:55:15.955005
3,2026-02-08 05:55:15.955005,9,8,21.593018743192108,4,False,Singapore,True,2026-03-02 05:55:15.955005
28,2026-02-04 05:55:15.955005,15,15,26.66006115922448,4,True,Malaysia,True,2026-03-02 05:55:15.955005
326,2026-01-22 05:55:15.955005,22,12,15.903236663940513,1,True,Singapore,False,2026-03-02 05:55:15.955005
492,2026-01-30 05:55:15.955005,10,18,17.852147129256654,3,True,Indonesia,True,2026-03-02 05:55:15.955005
428,2026-02-05 05:55:15.955005,17,17,5.725156730102336,3,False,Malaysia,True,2026-03-02 05:55:15.955005
149,2026-02-04 05:55:15.955005,21,11,7.398732395689754,4,False,Malaysia,False,2026-03-02 05:55:15.955005
28,2026-02-12 05:55:15.955005,13,11,7.819936934613741,2,False,Indonesia,False,2026-03-02 05:55:15.955005
488,2026-01-12 05:55:15.955005,7,0,13.491517271557564,4,True,Malaysia,False,2026-03-02 05:55:15.955005
310,2026-01-20 05:55:15.955005,22,19,27.91621140597362,2,True,Indonesia,False,2026-03-02 05:55:15.955005
438,2026-02-02 05:55:15.955005,14,7,16.131758234731695,3,False,Singapore,False,2026-03-02 05:55:15.955005
65,2026-01-23 05:55:15.955005,16,16,6.570831710839227,2,True,Singapore,False,2026-03-02 05:55:15.955005
356,2026-01-02 05:55:15.955005,20,19,8.71654434019954,2,True,Malaysia,True,2026-03-02 05:55:15.955005
21,2026-01-21 05:55:15.955005,17,6,12.136435862088344,0,False,Indonesia,True,2026-03-02 05:55:15.955005
252,2026-01-29 05:55:15.955005,5,8,19.074510295091184,2,True,Indonesia,False,2026-03-02 05:55:15.955005
235,2026-02-12 05:55:15.955005,22,16,13.760961437116155,2,False,Singapore,True,2026-03-02 05:55:15.955005
227,2026-01-25 05:55:15.955005,29,9,12.380900481130823,1,True,Indonesia,False,2026-03-02 05:55:15.955005
13,2026-02-12 05:55:15.955005,13,3,17.37712941157085,3,True,Malaysia,False,2026-03-02 05:55:15.955005
313,2026-01-29 05:55:15.955005,22,6,8.0132148536795,4,True,Malaysia,True,2026-03-02 05:55:15.955005
49,2026-01-15 05:55:15.955005,2,6,3.288194904952883,0,True,Singapore,False,2026-03-02 05:55:15.955005
118,2026-02-15 05:55:15.955005,6,7,1.7080151298444415,2,False,Indonesia,False,2026-03-02 05:55:15.955005
54,2026-02-08 05:55:15.955005,14,7,8.286515740546685,1,False,Malaysia,False,2026-03-02 05:55:15.955005
138,2026-02-24 05:55:15.955005,20,15,3.6561689901895926,1,True,Malaysia,False,2026-03-02 05:55:15.955005
53,2026-02-05 05:55:15.955005,23,11,10.753878517102237,4,False,Malaysia,False,2026-03-02 05:55:15.955005
44,2026-01-30 05:55:15.955005,27,14,23.415072670432913,4,True,Indonesia,True,2026-03-02 05:55:15.955005
303,2026-02-19 05:55:15.955005,15,7,21.772535584118312,3,False,Singapore,True,2026-03-02 05:55:15.955005
53,2026-02-23 05:55:15.955005,15,8,18.716901060852834,2,True,Singapore,False,2026-03-02 05:55:15.955005
74,2026-02-26 05:55:15.955005,7,2,25.722507072504882,1,False,Malaysia,False,2026-03-02 05:55:15.955005
46,2026-01-20 05:55:15.955005,6,15,9.179961111784024,0,True,Singapore,False,2026-03-02 05:55:15.955005
13,2026-02-03 05:55:15.955005,5,14,26.666558837869005,3,True,Malaysia,False,2026-03-02 05:55:15.955005
165,2026-01-09 05:55:15.955005,1,3,12.577935920406196,2,False,Malaysia,False,2026-03-02 05:55:15.955005
102,2026-02-26 05:55:15.955005,21,19,12.62590622973217,4,True,Indonesia,False,2026-03-02 05:55:15.955005
280,2026-01-13 05:55:15.955005,12,15,12.755196795140124,2,True,Malaysia,False,2026-03-02 05:55:15.955005
258,2026-02-05 05:55:15.955005,11,9,3.8447366209884617,4,True,Malaysia,False,2026-03-02 05:55:15.955005
470,2026-02-26 05:55:15.955005,14,10,29.289224451600617,2,True,Indonesia,False,2026-03-02 05:55:15.955005
337,2026-02-09 05:55:15.955005,26,4,5.016696556929617,0,False,Indonesia,False,2026-03-02 05:55:15.955005
356,2026-02-16 05:55:15.955005,8,10,10.885686009606351,3,False,Singapore,False,2026-03-02 05:55:15.955005
398,2026-02-18 05:55:15.955005,1,12,10.259709289475957,4,True,Indonesia,False,2026-03-02 05:55:15.955005
138,2026-02-03 05:55:15.955005,16,14,3.1657035516845795,0,True,Malaysia,True,2026-03-02 05:55:15.955005
163,2026-01-29 05:55:15.955005,26,5,5.415543773244424,1,False,Indonesia,True,2026-03-02 05:55:15.955005
409,2026-01-19 05:55:15.955005,28,15,2.3008917493761887,0,False,Indonesia,False,2026-03-02 05:55:15.955005
387,2026-02-08 05:55:15.955005,4,14,9.47973031325489,0,True,Singapore,False,2026-03-02 05:55:15.955005
111,2026-01-29 05:55:15.955005,10,10,26.133050796838287,0,True,Indonesia,False,2026-03-02 05:55:15.955005
102,2026-01-19 05:55:15.955005,21,19,10.84382396638415,4,False,Malaysia,False,2026-03-02 05:55:15.955005
17,2026-02-13 05:55:15.955005,18,1,4.5870631299539975,1,True,Malaysia,True,2026-03-02 05:55:15.955005
268,2026-01-12 05:55:15.955005,23,1,19.72512218313362,3,False,Malaysia,False,2026-03-02 05:55:15.955005
182,2026-01-09 05:55:15.955005,6,11,29.901426449592407,0,False,Indonesia,False,2026-03-02 05:55:15.955005
372,2026-02-01 05:55:15.955005,1,15,7.737389896425899,4,False,Indonesia,False,2026-03-02 05:55:15.955005
24,2026-02-05 05:55:15.955005,15,18,9.107559155746515,4,True,Malaysia,True,2026-03-02 05:55:15.955005
29,2026-02-15 05:55:15.955005,11,1,29.183564574142867,3,False,Indonesia,True,2026-03-02 05:55:15.955005
171,2026-02-18 05:55:15.955005,22,16,6.184512338964127,2,False,Singapore,True,2026-03-02 05:55:15.955005
409,2026-01-23 05:55:15.955005,14,13,15.825207956315753,1,True,Singapore,False,2026-03-02 05:55:15.955005
228,2026-01-29 05:55:15.955005,0,15,7.949911857466752,1,False,Singapore,False,2026-03-02 05:55:15.955005
378,2026-02-05 05:55:15.955005,24,4,28.03820503913607,0,False,Singapore,True,2026-03-02 05:55:15.955005
188,2026-01-14 05:55:15.955005,12,9,29.46410942271253,2,False,Malaysia,False,2026-03-02 05:55:15.955005
346,2026-03-02 05:55:15.955005,22,16,24.626237537480446,1,False,Indonesia,False,2026-03-02 05:55:15.955005
230,2026-01-13 05:55:15.955005,5,12,10.128730658571506,0,False,Singapore,False,2026-03-02 05:55:15.955005
321,2026-01-24 05:55:15.955005,12,15,12.701136783134645,2,False,Malaysia,False,2026-03-02 05:55:15.955005
340,2026-03-01 05:55:15.955005,17,8,8.02686482632622,4,True,Singapore,True,2026-03-02 05:55:15.955005
119,2026-01-13 05:55:15.955005,2,3,26.831981043260754,0,True,Indonesia,False,2026-03-02 05:55:15.955005
156,2026-02-25 05:55:15.955005,0,15,27.522190052956585,2,True,Singapore,False,2026-03-02 05:55:15.955005
272,2026-01-16 05:55:15.955005,14,10,13.147249205135369,3,False,Singapore,False,2026-03-02 05:55:15.955005
175,2026-01-12 05:55:15.955005,25,6,20.039459027187053,1,False,Singapore,False,2026-03-02 05:55:15.955005
465,2026-01-24 05:55:15.955005,12,16,5.801042213466122,0,False,Singapore,False,2026-03-02 05:55:15.955005
104,2026-01-20 05:55:15.955005,4,12,13.613141110538862,4,True,Indonesia,False,2026-03-02 05:55:15.955005
92,2026-02-07 05:55:15.955005,24,3,19.313474093531433,0,True,Malaysia,False,2026-03-02 05:55:15.955005
186,2026-02-13 05:55:15.955005,12,13,12.176690437022568,1,False,Singapore,False,2026-03-02 05:55:15.955005
460,2026-02-04 05:55:15.955005,21,9,11.370386244907337,1,True,Malaysia,False,2026-03-02 05:55:15.955005
283,2026-01-21 05:55:15.955005,4,9,1.0289707757413373,2,True,Indonesia,False,2026-03-02 05:55:15.955005
181,2026-02-23 05:55:15.955005,27,9,24.32451044953631,4,False,Indonesia,False,2026-03-02 05:55:15.955005
170,2026-02-03 05:55:15.955005,18,11,26.790790748621998,2,True,Singapore,False,2026-03-02 05:55:15.955005
187,2026-02-21 05:55:15.955005,20,1,29.114442356829134,4,True,Malaysia,True,2026-03-02 05:55:15.955005
175,2026-02-14 05:55:15.955005,23,8,21.85887016700725,0,True,Singapore,False,2026-03-02 05:55:15.955005
222,2026-01-07 05:55:15.955005,27,4,16.914977058726652,0,True,Indonesia,False,2026-03-02 05:55:15.955005
233,2026-02-02 05:55:15.955005,17,7,8.809251074452572,2,False,Singapore,True,2026-03-02 05:55:15.955005
162,2026-01-04 05:55:15.955005,20,13,29.979684802941456,3,False,Singapore,True,2026-03-02 05:55:15.955005
421,2026-02-25 05:55:15.955005,21,6,18.10283278143106,1,True,Malaysia,False,2026-03-02 05:55:15.955005
134,2026-02-17 05:55:15.955005,9,6,20.75346809758294,2,True,Indonesia,False,2026-03-02 05:55:15.955005
391,2026-02-09 05:55:15.955005,23,8,20.78977869670421,2,True,Singapore,False,2026-03-02 05:55:15.955005
480,2026-01-08 05:55:15.955005,7,2,25.512302076958264,0,True,Singapore,True,2026-03-02 05:55:15.955005
224,2026-02-25 05:55:15.955005,14,13,1.280503626560657,1,False,Singapore,False,2026-03-02 05:55:15.955005
153,2026-02-05 05:55:15.955005,20,16,7.387161272509783,2,False,Malaysia,False,2026-03-02 05:55:15.955005
33,2026-01-23 05:55:15.955005,24,17,20.300486004930406,0,True,Indonesia,False,2026-03-02 05:55:15.955005
55,2026-02-19 05:55:15.955005,19,11,26.959226367912464,0,True,Singapore,False,2026-03-02 05:55:15.955005
442,2026-01-27 05:55:15.955005,27,13,20.87482467571933,2,True,Singapore,False,2026-03-02 05:55:15.955005
7,2026-02-17 05:55:15.955005,24,12,12.991247453316724,2,True,Singapore,True,2026-03-02 05:55:15.955005
244,2026-02-09 05:55:15.955005,26,13,11.485109380237587,0,False,Indonesia,False,2026-03-02 05:55:15.955005
313,2026-01-11 05:55:15.955005,22,8,22.40049224021629,2,True,Malaysia,False,2026-03-02 05:55:15.955005
126,2026-02-08 05:55:15.955005,21,18,22.49589321697861,1,True,Malaysia,True,2026-03-02 05:55:15.955005
12,2026-01-14 05:55:15.955005,3,1,18.604681782665022,0,False,Singapore,False,2026-03-02 05:55:15.955005
16,2026-02-24 05:55:15.955005,1,10,9.452543698822774,0,True,Singapore,False,2026-03-02 05:55:15.955005
208,2026-01-22 05:55:15.955005,23,16,27.829489733325765,2,False,Malaysia,False,2026-03-02 05:55:15.955005
43,2026-01-12 05:55:15.955005,5,1,17.004518321440536,2,False,Malaysia,False,2026-03-02 05:55:15.955005
373,2026-02-06 05:55:15.955005,27,18,23.924278331201588,2,True,Malaysia,False,2026-03-02 05:55:15.955005
484,2026-02-18 05:55:15.955005,2,6,7.214939602693117,1,False,Singapore,False,2026-03-02 05:55:15.955005
461,2026-02-10 05:55:15.955005,6,17,10.977182869827107,0,True,Singapore,False,2026-03-02 05:55:15.955005
135,2026-01-21 05:55:15.955005,9,12,26.36280597523293,3,True,Malaysia,False,2026-03-02 05:55:15.955005
228,2026-02-21 05:55:15.955005,22,4,2.4531038682590838,1,False,Malaysia,False,2026-03-02 05:55:15.955005
111,2026-01-09 05:55:15.955005,5,17,15.8571440264432,1,False,Indonesia,False,2026-03-02 05:55:15.955005
307,2026-01-07 05:55:15.955005,15,15,14.969458915476261,0,False,Singapore,False,2026-03-02 05:55:15.955005
457,2026-01-03 05:55:15.955005,1,14,22.785675478334383,3,True,Indonesia,True,2026-03-02 05:55:15.955005
160,2026-02-22 05:55:15.955005,23,7,9.174919347380639,0,True,Malaysia,False,2026-03-02 05:55:15.955005
331,2026-02-16 05:55:15.955005,16,14,7.352937833928385,1,True,Singapore,True,2026-03-02 05:55:15.955005
264,2026-01-10 05:55:15.955005,12,0,27.857852324423778,2,True,Singapore,False,2026-03-02 05:55:15.955005
225,2026-03-01 05:55:15.955005,0,16,17.57957990679548,0,True,Indonesia,False,2026-03-02 05:55:15.955005
471,2026-02-06 05:55:15.955005,5,14,4.03599748022598,0,False,Indonesia,False,2026-03-02 05:55:15.955005
217,2026-02-18 05:55:15.955005,4,13,6.598048704215311,2,False,Indonesia,False,2026-03-02 05:55:15.955005
456,2026-01-28 05:55:15.955005,24,13,29.9659557259132,3,False,Indonesia,True,2026-03-02 05:55:15.955005
45,2026-01-11 05:55:15.955005,12,9,6.67266089131358,3,True,Singapore,False,2026-03-02 05:55:15.955005
214,2026-01-04 05:55:15.955005,27,1,18.70378982925668,0,True,Malaysia,False,2026-03-02 05:55:15.955005
59,2026-01-28 05:55:15.955005,22,5,13.183714290872924,2,True,Malaysia,True,2026-03-02 05:55:15.955005
132,2026-01-27 05:55:15.955005,17,16,26.682373750645226,0,True,Malaysia,False,2026-03-02 05:55:15.955005
104,2026-01-24 05:55:15.955005,28,4,22.899889176564503,2,True,Indonesia,False,2026-03-02 05:55:15.955005
195,2026-02-28 05:55:15.955005,11,4,18.311590491592657,1,False,Malaysia,False,2026-03-02 05:55:15.955005
413,2026-01-20 05:55:15.955005,6,14,1.3114304721414922,2,True,Indonesia,False,2026-03-02 05:55:15.955005
489,2026-01-06 05:55:15.955005,14,14,26.51406101731033,0,False,Indonesia,False,2026-03-02 05:55:15.955005
157,2026-01-03 05:55:15.955005,2,19,13.895356654322772,4,True,Malaysia,False,2026-03-02 05:55:15.955005
98,2026-02-25 05:55:15.955005,15,10,28.01575193753872,3,False,Malaysia,True,2026-03-02 05:55:15.955005
226,2026-01-07 05:55:15.955005,0,4,15.370631372771836,0,True,Malaysia,False,2026-03-02 05:55:15.955005
412,2026-01-14 05:55:15.955005,26,0,21.13251018629904,2,True,Singapore,False,2026-03-02 05:55:15.955005
205,2026-01-13 05:55:15.955005,15,10,3.0094868345326224,2,False,Indonesia,True,2026-03-02 05:55:15.955005
79,2026-02-12 05:55:15.955005,23,10,22.609397952276787,3,True,Singapore,False,2026-03-02 05:55:15.955005
124,2026-02-28 05:55:15.955005,29,5,10.801884908045764,0,True,Malaysia,False,2026-03-02 05:55:15.955005
471,2026-02-13 05:55:15.955005,11,7,11.189411415621645,4,True,Singapore,False,2026-03-02 05:55:15.955005
428,2026-01-23 05:55:15.955005,18,1,4.441019496572308,1,False,Singapore,True,2026-03-02 05:55:15.955005
218,2026-02-22 05:55:15.955005,26,14,5.258857310565866,4,False,Malaysia,False,2026-03-02 05:55:15.955005
4,2026-01-10 05:55:15.955005,7,8,6.387012629980094,1,True,Malaysia,False,2026-03-02 05:55:15.955005
90,2026-02-19 05:55:15.955005,22,14,10.51797888857125,1,False,Indonesia,False,2026-03-02 05:55:15.955005
104,2026-02-26 05:55:15.955005,11,7,26.86712747049256,0,False,Indonesia,False,2026-03-02 05:55:15.955005
393,2026-02-28 05:55:15.955005,14,15,11.679546908672334,1,False,Singapore,False,2026-03-02 05:55:15.955005
119,2026-02-20 05:55:15.955005,1,13,22.006518490333335,2,False,Malaysia,False,2026-03-02 05:55:15.955005
133,2026-01-05 05:55:15.955005,28,14,3.3996776128062707,1,False,Indonesia,True,2026-03-02 05:55:15.955005
312,2026-02-01 05:55:15.955005,29,19,18.141865178887784,1,True,Indonesia,True,2026-03-02 05:55:15.955005
96,2026-02-27 05:55:15.955005,29,12,14.974845706842746,3,True,Singapore,False,2026-03-02 05:55:15.955005
468,2026-02-26 05:55:15.955005,16,8,29.360780461680633,3,True,Singapore,True,2026-03-02 05:55:15.955005
434,2026-03-02 05:55:15.955005,6,0,25.540025326489925,0,False,Singapore,True,2026-03-02 05:55:15.955005
331,2026-02-04 05:55:15.955005,12,5,14.190063400720843,0,False,Malaysia,False,2026-03-02 05:55:15.955005
143,2026-02-03 05:55:15.955005,0,7,23.479140157314824,2,False,Indonesia,False,2026-03-02 05:55:15.955005
288,2026-02-02 05:55:15.955005,5,19,6.598123497519548,3,True,Indonesia,False,2026-03-02 05:55:15.955005
28,2026-02-13 05:55:15.955005,12,17,17.307753494361563,4,True,Indonesia,False,2026-03-02 05:55:15.955005
278,2026-02-19 05:55:15.955005,10,17,3.163952611492537,0,True,Singapore,False,2026-03-02 05:55:15.955005
233,2026-02-18 05:55:15.955005,9,16,11.094581935298809,0,True,Malaysia,False,2026-03-02 05:55:15.955005
17,2026-01-21 05:55:15.955005,15,15,7.550003267042939,3,True,Singapore,True,2026-03-02 05:55:15.955005
59,2026-03-01 05:55:15.955005,26,12,21.848384644431118,3,True,Singapore,False,2026-03-02 05:55:15.955005
90,2026-01-25 05:55:15.955005,25,3,15.212630045216482,2,True,Malaysia,False,2026-03-02 05:55:15.955005
492,2026-01-17 05:55:15.955005,23,3,22.781043886592304,3,True,Malaysia,True,2026-03-02 05:55:15.955005
199,2026-02-15 05:55:15.955005,22,13,15.943567691311921,1,False,Singapore,False,2026-03-02 05:55:15.955005
362,2026-01-14 05:55:15.955005,19,4,3.5080488223975173,4,False,Malaysia,True,2026-03-02 05:55:15.955005
441,2026-02-07 05:55:15.955005,16,15,22.325661842243278,1,False,Singapore,True,2026-03-02 05:55:15.955005
26,2026-01-27 05:55:15.955005,16,13,25.163648655646362,1,True,Indonesia,False,2026-03-02 05:55:15.955005
25,2026-02-09 05:55:15.955005,3,13,27.202405551470985,1,True,Malaysia,False,2026-03-02 05:55:15.955005
394,2026-01-26 05:55:15.955005,4,13,17.587766413894535,0,True,Indonesia,False,2026-03-02 05:55:15.955005
301,2026-02-20 05:55:15.955005,27,13,22.853975410985356,1,False,Malaysia,False,2026-03-02 05:55:15.955005
339,2026-01-07 05:55:15.955005,22,18,22.809285769596183,0,True,Singapore,True,2026-03-02 05:55:15.955005
267,2026-01-04 05:55:15.955005,13,2,5.5167430341693855,3,False,Singapore,True,2026-03-02 05:55:15.955005
461,2026-01-16 05:55:15.955005,19,16,5.762399936327552,4,False,Singapore,True,2026-03-02 05:55:15.955005
181,2026-02-02 05:55:15.955005,9,13,3.0556796684646574,4,True,Singapore,False,2026-03-02 05:55:15.955005
456,2026-01-27 05:55:15.955005,13,9,10.277495419068742,1,False,Singapore,False,2026-03-02 05:55:15.955005
360,2026-01-14 05:55:15.955005,27,12,14.731749044490872,4,True,Singapore,False,2026-03-02 05:55:15.955005
68,2026-01-08 05:55:15.955005,0,3,29.93903772987229,0,False,Malaysia,False,2026-03-02 05:55:15.955005
495,2026-02-16 05:55:15.955005,10,10,13.498806919976916,3,True,Malaysia,False,2026-03-02 05:55:15.955005
351,2026-01-02 05:55:15.955005,25,14,22.061035066713757,1,True,Indonesia,False,2026-03-02 05:55:15.955005
412,2026-01-31 05:55:15.955005,22,14,21.108513761903506,2,True,Malaysia,True,2026-03-02 05:55:15.955005
459,2026-01-20 05:55:15.955005,17,1,6.929976557266808,4,False,Malaysia,False,2026-03-02 05:55:15.955005
491,2026-01-21 05:55:15.955005,15,10,2.696707392033656,4,True,Indonesia,True,2026-03-02 05:55:15.955005
321,2026-01-19 05:55:15.955005,28,1,16.834195794474034,1,True,Indonesia,True,2026-03-02 05:55:15.955005
49,2026-02-15 05:55:15.955005,26,4,21.308862177119806,4,True,Singapore,True,2026-03-02 05:55:15.955005
175,2026-02-21 05:55:15.955005,17,12,29.949301915401424,4,True,Indonesia,False,2026-03-02 05:55:15.955005
52,2026-01-13 05:55:15.955005,7,0,11.399720516153952,2,True,Indonesia,True,2026-03-02 05:55:15.955005
102,2026-01-30 05:55:15.955005,27,6,26.994572300351805,0,False,Malaysia,False,2026-03-02 05:55:15.955005
216,2026-01-11 05:55:15.955005,9,6,12.076041220206408,1,False,Singapore,False,2026-03-02 05:55:15.955005
438,2026-03-01 05:55:15.955005,25,9,20.992939544484873,1,False,Indonesia,True,2026-03-02 05:55:15.955005
188,2026-02-07 05:55:15.955005,9,5,18.349334984994506,2,True,Singapore,False,2026-03-02 05:55:15.955005
57,2026-02-08 05:55:15.955005,4,19,2.5363850057753106,2,True,Singapore,False,2026-03-02 05:55:15.955005
47,2026-03-01 05:55:15.955005,9,11,3.2732643821374965,0,True,Indonesia,False,2026-03-02 05:55:15.955005
159,2026-01-24 05:55:15.955005,17,12,1.6021586020093683,3,False,Indonesia,False,2026-03-02 05:55:15.955005
489,2026-01-31 05:55:15.955005,20,10,11.754188453225694,1,False,Indonesia,False,2026-03-02 05:55:15.955005
174,2026-01-11 05:55:15.955005,23,17,22.62823041421431,4,True,Indonesia,True,2026-03-02 05:55:15.955005
242,2026-01-22 05:55:15.955005,5,1,6.009906425730959,0,False,Singapore,True,2026-03-02 05:55:15.955005
282,2026-02-05 05:55:15.955005,2,15,18.569736083132977,1,False,Malaysia,False,2026-03-02 05:55:15.955005
241,2026-02-02 05:55:15.955005,7,1,9.376005620901259,0,True,Singapore,True,2026-03-02 05:55:15.955005
370,2026-02-28 05:55:15.955005,29,18,24.11278609539309,3,False,Singapore,True,2026-03-02 05:55:15.955005
5,2026-01-04 05:55:15.955005,8,5,24.153488321086737,1,True,Singapore,False,2026-03-02 05:55:15.955005
84,2026-02-17 05:55:15.955005,4,0,23.487020934026283,4,False,Indonesia,True,2026-03-02 05:55:15.955005
308,2026-02-06 05:55:15.955005,28,10,16.220171900239926,1,False,Indonesia,False,2026-03-02 05:55:15.955005
361,2026-01-14 05:55:15.955005,1,17,9.252434592315698,0,False,Malaysia,False,2026-03-02 05:55:15.955005
459,2026-03-02 05:55:15.955005,1,9,24.4738772724804,3,True,Malaysia,True,2026-03-02 05:55:15.955005
248,2026-01-09 05:55:15.955005,6,17,6.396916296238004,0,False,Malaysia,False,2026-03-02 05:55:15.955005
54,2026-02-28 05:55:15.955005,16,0,9.403028458831026,0,True,Singapore,False,2026-03-02 05:55:15.955005
161,2026-01-08 05:55:15.955005,9,18,6.334483478658027,2,False,Malaysia,False,2026-03-02 05:55:15.955005
434,2026-02-05 05:55:15.955005,11,15,20.552094651241784,0,True,Singapore,False,2026-03-02 05:55:15.955005
422,2026-02-13 05:55:15.955005,1,6,20.900844815358724,3,True,Indonesia,True,2026-03-02 05:55:15.955005
411,2026-02-22 05:55:15.955005,9,14,19.922789790815838,4,True,Singapore,False,2026-03-02 05:55:15.955005
226,2026-01-24 05:55:15.955005,19,0,13.052442539075367,2,False,Indonesia,True,2026-03-02 05:55:15.955005
15,2026-02-08 05:55:15.955005,0,8,3.904959208841564,0,True,Indonesia,False,2026-03-02 05:55:15.955005
224,2026-02-10 05:55:15.955005,3,1,27.423917950935614,1,False,Malaysia,False,2026-03-02 05:55:15.955005
61,2026-01-05 05:55:15.955005,12,16,15.724197956354907,2,True,Indonesia,False,2026-03-02 05:55:15.955005
122,2026-03-02 05:55:15.955005,11,9,12.802193652421654,3,True,Malaysia,False,2026-03-02 05:55:15.955005
277,2026-02-10 05:55:15.955005,10,5,18.075921904200502,1,True,Malaysia,False,2026-03-02 05:55:15.955005
46,2026-02-04 05:55:15.955005,28,4,6.590922638754069,3,True,Malaysia,False,2026-03-02 05:55:15.955005
453,2026-01-20 05:55:15.955005,9,7,4.843914594041357,1,False,Singapore,False,2026-03-02 05:55:15.955005
390,2026-01-03 05:55:15.955005,14,7,12.760231422280363,4,False,Malaysia,False,2026-03-02 05:55:15.955005
294,2026-02-25 05:55:15.955005,4,4,7.589400128897405,3,True,Malaysia,False,2026-03-02 05:55:15.955005
62,2026-01-07 05:55:15.955005,24,11,8.084418541577772,1,False,Indonesia,False,2026-03-02 05:55:15.955005
86,2026-01-18 05:55:15.955005,16,6,26.88283314557735,3,False,Singapore,True,2026-03-02 05:55:15.955005
446,2026-01-26 05:55:15.955005,27,12,16.39201613838892,2,True,Malaysia,True,2026-03-02 05:55:15.955005
210,2026-02-03 05:55:15.955005,4,12,15.020602865377183,3,False,Malaysia,True,2026-03-02 05:55:15.955005
78,2026-01-17 05:55:15.955005,1,16,20.994908218129325,3,False,Malaysia,False,2026-03-02 05:55:15.955005
202,2026-02-14 05:55:15.955005,8,3,28.59489529662545,1,True,Indonesia,False,2026-03-02 05:55:15.955005
302,2026-01-03 05:55:15.955005,5,17,4.253758369646358,3,False,Indonesia,False,2026-03-02 05:55:15.955005
397,2026-01-22 05:55:15.955005,17,9,25.17250244616846,4,True,Indonesia,True,2026-03-02 05:55:15.955005
223,2026-01-04 05:55:15.955005,13,2,17.93655621616753,0,False,Malaysia,False,2026-03-02 05:55:15.955005
222,2026-01-10 05:55:15.955005,18,11,5.238795260543281,2,True,Malaysia,False,2026-03-02 05:55:15.955005
3,2026-02-28 05:55:15.955005,13,0,9.617330241980758,1,False,Malaysia,False,2026-03-02 05:55:15.955005
478,2026-02-19 05:55:15.955005,7,10,14.988481077477445,3,False,Malaysia,False,2026-03-02 05:55:15.955005
6,2026-01-23 05:55:15.955005,16,17,21.044137192745264,3,False,Malaysia,False,2026-03-02 05:55:15.955005
93,2026-02-19 05:55:15.955005,27,12,8.035603491650114,3,False,Indonesia,False,2026-03-02 05:55:15.955005
8,2026-03-01 05:55:15.955005,2,16,16.511485648560104,2,False,Malaysia,False,2026-03-02 05:55:15.955005
428,2026-01-06 05:55:15.955005,28,7,20.85547719505999,0,True,Singapore,False,2026-03-02 05:55:15.955005
493,2026-01-16 05:55:15.955005,9,19,14.013481774577679,4,False,Malaysia,False,2026-03-02 05:55:15.955005
235,2026-02-09 05:55:15.955005,16,18,26.0277528724851,4,True,Indonesia,True,2026-03-02 05:55:15.955005
108,2026-02-08 05:55:15.955005,26,16,26.214313982371728,1,True,Malaysia,False,2026-03-02 05:55:15.955005
161,2026-02-01 05:55:15.955005,10,1,14.650045311572926,0,False,Singapore,False,2026-03-02 05:55:15.955005
209,2026-02-26 05:55:15.955005,7,2,29.21484560185809,0,True,Malaysia,False,2026-03-02 05:55:15.955005
240,2026-02-22 05:55:15.955005,0,2,3.1919676797579717,2,False,Singapore,False,2026-03-02 05:55:15.955005
331,2026-02-10 05:55:15.955005,12,5,1.097508971365162,3,False,Singapore,False,2026-03-02 05:55:15.955005
333,2026-02-20 05:55:15.955005,20,9,12.039379650313652,0,False,Indonesia,False,2026-03-02 05:55:15.955005
50,2026-02-26 05:55:15.955005,3,17,18.43181477980277,3,False,Singapore,False,2026-03-02 05:55:15.955005
11,2026-01-27 05:55:15.955005,6,17,19.246804566040165,2,True,Malaysia,False,2026-03-02 05:55:15.955005
351,2026-02-04 05:55:15.955005,13,13,14.81692635252103,1,False,Singapore,False,2026-03-02 05:55:15.955005
156,2026-01-13 05:55:15.955005,4,15,4.621616083978739,1,False,Malaysia,False,2026-03-02 05:55:15.955005
492,2026-03-01 05:55:15.955005,23,6,5.944428131848933,3,False,Malaysia,True,2026-03-02 05:55:15.955005
70,2026-02-07 05:55:15.955005,27,0,25.712291531708267,3,True,Malaysia,True,2026-03-02 05:55:15.955005
169,2026-01-31 05:55:15.955005,29,16,26.169422820438577,0,True,Malaysia,True,2026-03-02 05:55:15.955005
272,2026-01-29 05:55:15.955005,10,4,20.543057597960885,2,True,Indonesia,False,2026-03-02 05:55:15.955005
68,2026-01-23 05:55:15.955005,16,0,20.262321196087587,1,True,Malaysia,True,2026-03-02 05:55:15.955005
355,2026-02-01 05:55:15.955005,4,16,18.33278171280642,0,False,Indonesia,False,2026-03-02 05:55:15.955005
252,2026-01-16 05:55:15.955005,19,9,6.884850685357659,4,True,Singapore,True,2026-03-02 05:55:15.955005
48,2026-01-25 05:55:15.955005,2,11,13.419270307537193,0,True,Malaysia,False,2026-03-02 05:55:15.955005
184,2026-01-11 05:55:15.955005,4,19,21.18094489243798,3,True,Singapore,False,2026-03-02 05:55:15.955005
320,2026-02-03 05:55:15.955005,25,1,16.58031588809682,4,True,Indonesia,True,2026-03-02 05:55:15.955005
187,2026-01-02 05:55:15.955005,14,15,1.5388296875978762,0,False,Malaysia,False,2026-03-02 05:55:15.955005
90,2026-01-31 05:55:15.955005,18,14,28.65314739488285,2,False,Malaysia,True,2026-03-02 05:55:15.955005
446,2026-02-20 05:55:15.955005,15,12,25.49966552459216,1,True,Indonesia,False,2026-03-02 05:55:15.955005
332,2026-02-08 05:55:15.955005,7,17,8.555805409182398,4,True,Singapore,False,2026-03-02 05:55:15.955005
139,2026-01-05 05:55:15.955005,12,19,18.877309119822588,2,False,Indonesia,False,2026-03-02 05:55:15.955005
357,2026-03-01 05:55:15.955005,15,13,27.773942128117444,0,False,Singapore,False,2026-03-02 05:55:15.955005
89,2026-01-22 05:55:15.955005,2,17,3.7843193512958897,3,False,Singapore,False,2026-03-02 05:55:15.955005
274,2026-01-21 05:55:15.955005,0,1,15.587854943104318,3,False,Singapore,True,2026-03-02 05:55:15.955005
19,2026-02-04 05:55:15.955005,8,1,14.23104774954254,2,True,Malaysia,True,2026-03-02 05:55:15.955005
471,2026-01-27 05:55:15.955005,8,2,12.895945153222437,3,True,Indonesia,True,2026-03-02 05:55:15.955005
311,2026-03-01 05:55:15.955005,21,4,25.232069657894826,1,False,Malaysia,False,2026-03-02 05:55:15.955005
358,2026-01-23 05:55:15.955005,25,15,12.038738254226264,2,True,Indonesia,False,2026-03-02 05:55:15.955005
374,2026-01-25 05:55:15.955005,16,14,2.8462366639892203,2,True,Singapore,True,2026-03-02 05:55:15.955005
466,2026-02-10 05:55:15.955005,23,11,2.9092945227647724,3,True,Malaysia,True,2026-03-02 05:55:15.955005
154,2026-01-04 05:55:15.955005,1,8,2.2395935892136607,2,False,Malaysia,False,2026-03-02 05:55:15.955005
390,2026-02-26 05:55:15.955005,8,13,12.86521723434708,0,False,Malaysia,False,2026-03-02 05:55:15.955005
260,2026-01-10 05:55:15.955005,29,15,21.83378205325244,4,False,Singapore,True,2026-03-02 05:55:15.955005
108,2026-01-17 05:55:15.955005,23,10,6.907951395984949,4,False,Indonesia,True,2026-03-02 05:55:15.955005
371,2026-02-10 05:55:15.955005,18,5,19.747587092514934,3,True,Singapore,True,2026-03-02 05:55:15.955005
285,2026-02-02 05:55:15.955005,12,9,20.92556569100742,1,False,Malaysia,False,2026-03-02 05:55:15.955005
59,2026-02-11 05:55:15.955005,4,7,8.40086159645234,1,False,Malaysia,False,2026-03-02 05:55:15.955005
125,2026-01-24 05:55:15.955005,8,15,18.41617202575825,3,True,Singapore,False,2026-03-02 05:55:15.955005
354,2026-02-11 05:55:15.955005,12,2,20.861181860778572,3,False,Malaysia,True,2026-03-02 05:55:15.955005
273,2026-01-12 05:55:15.955005,0,1,14.531795061261645,2,True,Malaysia,False,2026-03-02 05:55:15.955005
107,2026-02-06 05:55:15.955005,24,15,10.764781321122756,1,False,Indonesia,False,2026-03-02 05:55:15.955005
299,2026-03-01 05:55:15.955005,14,18,18.955394995655492,4,True,Indonesia,False,2026-03-02 05:55:15.955005
245,2026-01-05 05:55:15.955005,3,8,29.35756553251365,3,True,Indonesia,False,2026-03-02 05:55:15.955005
336,2026-01-30 05:55:15.955005,3,15,13.378400871700364,4,True,Indonesia,False,2026-03-02 05:55:15.955005
450,2026-02-05 05:55:15.955005,19,3,12.36031779226851,4,True,Indonesia,False,2026-03-02 05:55:15.955005
418,2026-02-25 05:55:15.955005,9,9,14.463740170357287,1,False,Indonesia,False,2026-03-02 05:55:15.955005
247,2026-01-21 05:55:15.955005,27,18,3.210333409906398,4,True,Malaysia,False,2026-03-02 05:55:15.955005
8,2026-01-05 05:55:15.955005,24,12,17.04173511047031,2,True,Malaysia,False,2026-03-02 05:55:15.955005
141,2026-02-28 05:55:15.955005,29,17,10.532224229300645,2,False,Indonesia,False,2026-03-02 05:55:15.955005
362,2026-01-29 05:55:15.955005,5,14,4.521241547606612,1,True,Singapore,False,2026-03-02 05:55:15.955005
8,2026-03-02 05:55:15.955005,26,3,14.521445492403828,2,True,Indonesia,False,2026-03-02 05:55:15.955005
478,2026-01-11 05:55:15.955005,23,8,1.0981356106453455,3,False,Malaysia,True,2026-03-02 05:55:15.955005
352,2026-02-26 05:55:15.955005,11,3,12.651772109720008,1,False,Singapore,False,2026-03-02 05:55:15.955005
484,2026-02-18 05:55:15.955005,29,15,4.066322769867064,4,False,Singapore,False,2026-03-02 05:55:15.955005
495,2026-02-12 05:55:15.955005,19,14,1.7044883985936283,3,True,Singapore,True,2026-03-02 05:55:15.955005
94,2026-02-19 05:55:15.955005,15,1,24.90977634109056,1,True,Malaysia,False,2026-03-02 05:55:15.955005
321,2026-01-14 05:55:15.955005,2,13,27.57121529519641,4,False,Singapore,True,2026-03-02 05:55:15.955005
427,2026-02-06 05:55:15.955005,13,2,7.0225648024140925,4,False,Malaysia,False,2026-03-02 05:55:15.955005
39,2026-01-05 05:55:15.955005,0,3,16.63964965119358,4,False,Malaysia,False,2026-03-02 05:55:15.955005
81,2026-01-11 05:55:15.955005,9,0,9.060786556798563,4,True,Indonesia,True,2026-03-02 05:55:15.955005
187,2026-01-27 05:55:15.955005,14,8,15.313745721493284,4,True,Malaysia,False,2026-03-02 05:55:15.955005
84,2026-02-19 05:55:15.955005,6,16,13.662308305930647,1,False,Singapore,False,2026-03-02 05:55:15.955005
88,2026-02-01 05:55:15.955005,3,13,8.802480597334084,2,True,Malaysia,False,2026-03-02 05:55:15.955005
242,2026-02-26 05:55:15.955005,13,16,21.311413809423634,4,True,Malaysia,False,2026-03-02 05:55:15.955005
342,2026-01-28 05:55:15.955005,23,0,4.668237820287373,3,True,Indonesia,True,2026-03-02 05:55:15.955005
93,2026-02-09 05:55:15.955005,15,9,2.5391106829696466,1,False,Indonesia,True,2026-03-02 05:55:15.955005
86,2026-01-23 05:55:15.955005,13,15,23.262587558081094,0,False,Malaysia,False,2026-03-02 05:55:15.955005
44,2026-02-18 05:55:15.955005,2,18,20.311970905399715,2,True,Malaysia,False,2026-03-02 05:55:15.955005
137,2026-01-05 05:55:15.955005,16,2,15.45725760024554,3,False,Malaysia,False,2026-03-02 05:55:15.955005
421,2026-01-15 05:55:15.955005,20,11,14.565903343703706,4,True,Indonesia,True,2026-03-02 05:55:15.955005
74,2026-01-08 05:55:15.955005,13,2,15.42493000525136,1,True,Indonesia,False,2026-03-02 05:55:15.955005
36,2026-02-28 05:55:15.955005,17,14,13.673698206861514,1,False,Singapore,True,2026-03-02 05:55:15.955005
101,2026-01-02 05:55:15.955005,2,16,12.393876579104194,4,False,Singapore,False,2026-03-02 05:55:15.955005
476,2026-01-09 05:55:15.955005,29,17,15.49102748369749,3,False,Singapore,True,2026-03-02 05:55:15.955005
156,2026-02-11 05:55:15.955005,21,6,16.326939963633052,1,True,Singapore,False,2026-03-02 05:55:15.955005
426,2026-01-31 05:55:15.955005,18,18,21.065167108425005,2,False,Indonesia,False,2026-03-02 05:55:15.955005
255,2026-02-26 05:55:15.955005,2,6,21.625007661286656,3,True,Indonesia,False,2026-03-02 05:55:15.955005
171,2026-02-07 05:55:15.955005,11,4,11.951243324064194,4,True,Malaysia,False,2026-03-02 05:55:15.955005
469,2026-01-22 05:55:15.955005,21,7,12.992675159561173,3,True,Singapore,False,2026-03-02 05:55:15.955005
216,2026-01-08 05:55:15.955005,4,15,11.837217922350467,3,True,Malaysia,False,2026-03-02 05:55:15.955005
170,2026-01-29 05:55:15.955005,9,15,16.5595374351456,0,True,Malaysia,False,2026-03-02 05:55:15.955005
252,2026-02-23 05:55:15.955005,8,18,14.147252599511663,4,False,Indonesia,False,2026-03-02 05:55:15.955005
360,2026-02-07 05:55:15.955005,0,14,26.798297430949614,2,True,Malaysia,False,2026-03-02 05:55:15.955005
322,2026-01-12 05:55:15.955005,12,6,21.194476740577706,4,True,Malaysia,True,2026-03-02 05:55:15.955005
55,2026-02-11 05:55:15.955005,2,4,27.06103512887892,0,False,Indonesia,False,2026-03-02 05:55:15.955005
456,2026-01-02 05:55:15.955005,18,10,21.56497275522334,4,True,Indonesia,True,2026-03-02 05:55:15.955005
432,2026-02-15 05:55:15.955005,10,9,29.15877230719061,4,False,Indonesia,False,2026-03-02 05:55:15.955005
91,2026-01-12 05:55:15.955005,15,8,19.436366569402804,2,True,Indonesia,False,2026-03-02 05:55:15.955005
278,2026-01-10 05:55:15.955005,5,0,28.942954006728584,0,False,Singapore,False,2026-03-02 05:55:15.955005
101,2026-02-19 05:55:15.955005,23,19,5.586926821873356,4,False,Singapore,True,2026-03-02 05:55:15.955005
155,2026-02-18 05:55:15.955005,2,0,2.521852744052712,4,False,Singapore,False,2026-03-02 05:55:15.955005
377,2026-01-17 05:55:15.955005,18,7,17.794630370911918,1,False,Malaysia,False,2026-03-02 05:55:15.955005
349,2026-01-20 05:55:15.955005,5,2,29.52130296819347,4,False,Singapore,False,2026-03-02 05:55:15.955005
451,2026-01-23 05:55:15.955005,7,1,13.110552171769507,2,True,Indonesia,True,2026-03-02 05:55:15.955005
364,2026-02-06 05:55:15.955005,21,3,7.149257503595829,1,False,Singapore,True,2026-03-02 05:55:15.955005
141,2026-01-16 05:55:15.955005,12,18,16.124702026611907,0,False,Indonesia,False,2026-03-02 05:55:15.955005
173,2026-01-30 05:55:15.955005,11,10,19.81516011278777,3,False,Singapore,False,2026-03-02 05:55:15.955005
10,2026-02-07 05:55:15.955005,29,4,10.140182169960779,2,True,Singapore,False,2026-03-02 05:55:15.955005
228,2026-01-14 05:55:15.955005,9,9,21.728311396478524,0,False,Indonesia,False,2026-03-02 05:55:15.955005
265,2026-01-15 05:55:15.955005,2,7,29.27832070432605,1,True,Indonesia,False,2026-03-02 05:55:15.955005
438,2026-01-18 05:55:15.955005,3,12,27.011930529607888,3,True,Malaysia,False,2026-03-02 05:55:15.955005
248,2026-02-22 05:55:15.955005,0,4,9.455975831853662,0,False,Malaysia,False,2026-03-02 05:55:15.955005
247,2026-01-22 05:55:15.955005,12,11,10.474986811193352,2,True,Malaysia,False,2026-03-02 05:55:15.955005
155,2026-01-12 05:55:15.955005,23,12,11.77469550903807,1,True,Singapore,False,2026-03-02 05:55:15.955005
34,2026-02-08 05:55:15.955005,3,7,12.442030573415714,2,True,Singapore,False,2026-03-02 05:55:15.955005
499,2026-01-12 05:55:15.955005,21,14,3.9092654766051034,2,True,Indonesia,False,2026-03-02 05:55:15.955005
129,2026-02-18 05:55:15.955005,10,12,23.09692232778939,1,True,Indonesia,False,2026-03-02 05:55:15.955005
160,2026-01-02 05:55:15.955005,18,0,11.594838644710313,4,False,Malaysia,False,2026-03-02 05:55:15.955005
89,2026-01-03 05:55:15.955005,10,5,26.514779324458114,2,True,Indonesia,False,2026-03-02 05:55:15.955005
93,2026-01-30 05:55:15.955005,11,10,27.88127807048315,1,True,Singapore,False,2026-03-02 05:55:15.955005
327,2026-01-12 05:55:15.955005,10,12,1.7085079699229553,2,True,Indonesia,False,2026-03-02 05:55:15.955005
241,2026-02-16 05:55:15.955005,5,19,29.666589027917983,4,True,Indonesia,False,2026-03-02 05:55:15.955005
323,2026-01-26 05:55:15.955005,11,0,21.590659213505354,1,True,Indonesia,True,2026-03-02 05:55:15.955005
468,2026-01-13 05:55:15.955005,26,10,16.09137455379591,0,False,Indonesia,False,2026-03-02 05:55:15.955005
404,2026-02-26 05:55:15.955005,8,10,12.296300642804045,0,True,Indonesia,False,2026-03-02 05:55:15.955005
117,2026-02-09 05:55:15.955005,24,7,16.037025845681676,0,True,Malaysia,False,2026-03-02 05:55:15.955005
94,2026-02-15 05:55:15.955005,9,2,10.414116995374888,3,True,Malaysia,False,2026-03-02 05:55:15.955005
163,2026-01-21 05:55:15.955005,2,18,19.057946597199898,2,False,Singapore,False,2026-03-02 05:55:15.955005
99,2026-02-21 05:55:15.955005,2,11,3.696428016898946,2,False,Malaysia,False,2026-03-02 05:55:15.955005
113,2026-02-07 05:55:15.955005,19,5,19.012555484442498,1,False,Indonesia,True,2026-03-02 05:55:15.955005
359,2026-02-13 05:55:15.955005,27,7,8.985000654014879,3,True,Malaysia,False,2026-03-02 05:55:15.955005
91,2026-01-13 05:55:15.955005,22,4,1.5114100425180448,2,True,Singapore,False,2026-03-02 05:55:15.955005
346,2026-02-13 05:55:15.955005,15,9,17.02846721872345,1,True,Malaysia,True,2026-03-02 05:55:15.955005
206,2026-02-24 05:55:15.955005,2,15,17.774984919728194,4,True,Singapore,False,2026-03-02 05:55:15.955005
17,2026-02-27 05:55:15.955005,9,11,13.370501136634545,2,True,Singapore,False,2026-03-02 05:55:15.955005
274,2026-02-05 05:55:15.955005,23,16,3.0963007439591888,2,True,Singapore,False,2026-03-02 05:55:15.955005
173,2026-02-26 05:55:15.955005,10,5,26.906945631321555,4,True,Indonesia,True,2026-03-02 05:55:15.955005
116,2026-01-02 05:55:15.955005,7,8,18.731493409608778,4,True,Singapore,False,2026-03-02 05:55:15.955005
349,2026-01-07 05:55:15.955005,5,9,4.355685687500118,2,True,Malaysia,False,2026-03-02 05:55:15.955005
468,2026-02-15 05:55:15.955005,19,19,15.816986721230283,4,True,Malaysia,True,2026-03-02 05:55:15.955005
181,2026-01-27 05:55:15.955005,10,13,15.420375162505673,1,True,Malaysia,False,2026-03-02 05:55:15.955005
91,2026-02-05 05:55:15.955005,27,13,2.7516541949948823,2,False,Singapore,False,2026-03-02 05:55:15.955005
82,2026-02-13 05:55:15.955005,26,16,18.598931404485477,2,False,Singapore,True,2026-03-02 05:55:15.955005
324,2026-02-02 05:55:15.955005,20,15,24.44146556872537,0,False,Indonesia,False,2026-03-02 05:55:15.955005
449,2026-02-08 05:55:15.955005,11,3,22.72123357320587,2,False,Singapore,False,2026-03-02 05:55:15.955005
114,2026-01-09 05:55:15.955005,15,1,6.886113010761317,0,True,Malaysia,True,2026-03-02 05:55:15.955005
257,2026-02-17 05:55:15.955005,17,15,26.00648335707213,4,False,Indonesia,True,2026-03-02 05:55:15.955005
58,2026-02-16 05:55:15.955005,12,0,10.933722804121176,4,False,Malaysia,False,2026-03-02 05:55:15.955005
154,2026-01-13 05:55:15.955005,21,2,28.4487429704663,1,False,Indonesia,False,2026-03-02 05:55:15.955005
365,2026-01-29 05:55:15.955005,2,10,3.080690962545698,0,False,Singapore,False,2026-03-02 05:55:15.955005
404,2026-02-06 05:55:15.955005,14,15,15.100051967075437,2,False,Indonesia,False,2026-03-02 05:55:15.955005
116,2026-02-10 05:55:15.955005,21,17,18.316606938148926,0,True,Singapore,False,2026-03-02 05:55:15.955005
343,2026-02-14 05:55:15.955005,27,14,8.181852855763537,4,False,Singapore,False,2026-03-02 05:55:15.955005
266,2026-02-08 05:55:15.955005,20,8,23.370025472886603,4,False,Malaysia,True,2026-03-02 05:55:15.955005
315,2026-01-05 05:55:15.955005,13,11,19.179974714510795,1,True,Singapore,False,2026-03-02 05:55:15.955005
203,2026-01-19 05:55:15.955005,17,17,1.525173681350711,4,False,Singapore,False,2026-03-02 05:55:15.955005
41,2026-02-14 05:55:15.955005,27,4,18.64268913019084,0,True,Singapore,False,2026-03-02 05:55:15.955005
105,2026-01-04 05:55:15.955005,28,7,15.252868798134946,2,True,Malaysia,False,2026-03-02 05:55:15.955005
389,2026-02-17 05:55:15.955005,13,2,6.684846849401723,2,True,Singapore,False,2026-03-02 05:55:15.955005
378,2026-02-02 05:55:15.955005,4,1,29.87669858472636,0,True,Malaysia,True,2026-03-02 05:55:15.955005
193,2026-02-11 05:55:15.955005,20,18,27.017703650000833,1,False,Indonesia,False,2026-03-02 05:55:15.955005
401,2026-02-01 05:55:15.955005,13,7,9.48272315584284,2,False,Malaysia,False,2026-03-02 05:55:15.955005
278,2026-02-12 05:55:15.955005,24,1,16.691056703159873,0,True,Malaysia,True,2026-03-02 05:55:15.955005
354,2026-01-09 05:55:15.955005,26,18,10.178562057398432,0,False,Singapore,True,2026-03-02 05:55:15.955005
237,2026-01-23 05:55:15.955005,7,0,23.489376797446265,4,True,Malaysia,False,2026-03-02 05:55:15.955005
425,2026-01-06 05:55:15.955005,27,12,27.979611562697198,4,False,Indonesia,False,2026-03-02 05:55:15.955005
221,2026-02-18 05:55:15.955005,27,19,11.406029600517122,1,False,Malaysia,False,2026-03-02 05:55:15.955005
68,2026-02-13 05:55:15.955005,22,16,24.361943225165195,1,True,Singapore,False,2026-03-02 05:55:15.955005
197,2026-02-08 05:55:15.955005,14,2,15.45381873868294,1,False,Indonesia,False,2026-03-02 05:55:15.955005
256,2026-01-16 05:55:15.955005,27,8,12.500778278035742,0,True,Singapore,False,2026-03-02 05:55:15.955005
139,2026-01-29 05:55:15.955005,28,4,28.214233710864324,0,True,Singapore,False,2026-03-02 05:55:15.955005
312,2026-01-23 05:55:15.955005,14,5,15.801735972851912,4,False,Malaysia,True,2026-03-02 05:55:15.955005
435,2026-01-22 05:55:15.955005,29,3,14.554904507466482,2,False,Singapore,False,2026-03-02 05:55:15.955005
149,2026-02-13 05:55:15.955005,18,16,20.50059765690795,1,True,Indonesia,False,2026-03-02 05:55:15.955005
99,2026-02-22 05:55:15.955005,25,15,8.57579182953025,3,True,Indonesia,True,2026-03-02 05:55:15.955005
76,2026-01-29 05:55:15.955005,19,15,10.418993252861156,1,False,Indonesia,False,2026-03-02 05:55:15.955005
282,2026-01-30 05:55:15.955005,5,10,28.029329250920057,4,False,Indonesia,False,2026-03-02 05:55:15.955005
371,2026-01-08 05:55:15.955005,18,1,20.67736551767133,0,False,Malaysia,False,2026-03-02 05:55:15.955005
403,2026-02-14 05:55:15.955005,26,16,24.97247728535916,4,False,Indonesia,False,2026-03-02 05:55:15.955005
109,2026-02-12 05:55:15.955005,24,14,8.862241096127459,4,True,Malaysia,False,2026-03-02 05:55:15.955005
188,2026-02-04 05:55:15.955005,7,17,16.76991550796629,4,False,Singapore,False,2026-03-02 05:55:15.955005
199,2026-02-25 05:55:15.955005,5,9,29.170491742695447,3,False,Singapore,True,2026-03-02 05:55:15.955005
303,2026-01-27 05:55:15.955005,19,5,10.24241307181831,3,True,Malaysia,False,2026-03-02 05:55:15.955005
327,2026-01-06 05:55:15.955005,22,15,5.653817813194214,1,False,Singapore,True,2026-03-02 05:55:15.955005
154,2026-01-25 05:55:15.955005,28,4,15.815694238515256,0,True,Singapore,True,2026-03-02 05:55:15.955005
40,2026-01-28 05:55:15.955005,14,11,12.246811573021409,4,True,Indonesia,True,2026-03-02 05:55:15.955005
133,2026-02-11 05:55:15.955005,26,5,5.627739750814692,2,False,Singapore,False,2026-03-02 05:55:15.955005
405,2026-02-06 05:55:15.955005,2,13,26.76799009839767,1,False,Singapore,False,2026-03-02 05:55:15.955005
462,2026-02-27 05:55:15.955005,9,15,29.730993406059557,1,True,Malaysia,False,2026-03-02 05:55:15.955005
132,2026-02-21 05:55:15.955005,14,6,17.488883240009937,4,True,Indonesia,False,2026-03-02 05:55:15.955005
279,2026-02-21 05:55:15.955005,23,1,23.465626282830165,1,False,Singapore,False,2026-03-02 05:55:15.955005
362,2026-02-07 05:55:15.955005,15,5,25.912112716842685,4,True,Singapore,False,2026-03-02 05:55:15.955005
84,2026-02-10 05:55:15.955005,16,8,21.32847817463298,1,True,Malaysia,False,2026-03-02 05:55:15.955005
399,2026-02-20 05:55:15.955005,18,6,2.280525424240205,0,True,Singapore,True,2026-03-02 05:55:15.955005
242,2026-02-04 05:55:15.955005,10,1,5.571392719787716,1,True,Indonesia,True,2026-03-02 05:55:15.955005
116,2026-02-15 05:55:15.955005,15,18,3.0586865433902073,1,True,Indonesia,True,2026-03-02 05:55:15.955005
109,2026-02-05 05:55:15.955005,4,7,1.2865085926196402,2,True,Indonesia,False,2026-03-02 05:55:15.955005
221,2026-02-01 05:55:15.955005,4,10,9.87389585395986,0,True,Malaysia,False,2026-03-02 05:55:15.955005
392,2026-01-13 05:55:15.955005,25,3,12.378322853965232,0,False,Indonesia,False,2026-03-02 05:55:15.955005
41,2026-02-15 05:55:15.955005,13,15,7.989862237741846,0,True,Indonesia,False,2026-03-02 05:55:15.955005
368,2026-02-24 05:55:15.955005,17,17,2.873534794503307,1,False,Indonesia,False,2026-03-02 05:55:15.955005
147,2026-02-15 05:55:15.955005,25,12,16.36602963426365,3,True,Indonesia,True,2026-03-02 05:55:15.955005
112,2026-01-27 05:55:15.955005,7,4,8.926260278757109,1,False,Indonesia,False,2026-03-02 05:55:15.955005
103,2026-01-04 05:55:15.955005,4,1,24.085077491043307,4,True,Indonesia,True,2026-03-02 05:55:15.955005
46,2026-02-15 05:55:15.955005,6,10,1.2335260271331547,2,False,Malaysia,False,2026-03-02 05:55:15.955005
412,2026-01-22 05:55:15.955005,15,0,25.4332844873407,0,False,Indonesia,False,2026-03-02 05:55:15.955005
494,2026-02-19 05:55:15.955005,22,12,28.687856689432753,4,False,Singapore,True,2026-03-02 05:55:15.955005
475,2026-01-27 05:55:15.955005,13,4,21.76791683145352,4,False,Malaysia,False,2026-03-02 05:55:15.955005
324,2026-01-13 05:55:15.955005,4,17,22.27567789261443,3,True,Singapore,True,2026-03-02 05:55:15.955005
378,2026-02-10 05:55:15.955005,23,13,28.073307036479264,0,True,Singapore,False,2026-03-02 05:55:15.955005
271,2026-01-12 05:55:15.955005,8,12,7.063067273710125,1,True,Indonesia,False,2026-03-02 05:55:15.955005
483,2026-01-19 05:55:15.955005,3,6,29.842401478048725,0,True,Singapore,False,2026-03-02 05:55:15.955005
421,2026-01-26 05:55:15.955005,3,7,23.430954897977713,2,False,Singapore,False,2026-03-02 05:55:15.955005
385,2026-01-14 05:55:15.955005,15,17,22.070550541506016,0,True,Singapore,False,2026-03-02 05:55:15.955005
195,2026-02-14 05:55:15.955005,23,6,11.471626790863489,4,True,Indonesia,False,2026-03-02 05:55:15.955005
367,2026-01-30 05:55:15.955005,16,19,16.827547076762706,4,True,Indonesia,True,2026-03-02 05:55:15.955005
280,2026-01-21 05:55:15.955005,14,16,19.963615859927064,1,True,Indonesia,False,2026-03-02 05:55:15.955005
283,2026-02-25 05:55:15.955005,3,15,18.989942978199263,1,False,Malaysia,False,2026-03-02 05:55:15.955005
40,2026-02-07 05:55:15.955005,5,10,21.44455451584984,1,True,Indonesia,False,2026-03-02 05:55:15.955005
447,2026-02-04 05:55:15.955005,15,18,3.389070433273908,2,True,Indonesia,False,2026-03-02 05:55:15.955005
189,2026-02-11 05:55:15.955005,28,0,11.313804552119207,0,False,Singapore,False,2026-03-02 05:55:15.955005
164,2026-02-06 05:55:15.955005,3,7,13.586000481268837,3,False,Indonesia,False,2026-03-02 05:55:15.955005
482,2026-03-01 05:55:15.955005,5,0,8.558249638374027,0,True,Singapore,True,2026-03-02 05:55:15.955005
477,2026-02-22 05:55:15.955005,4,8,6.006190837807489,1,False,Indonesia,False,2026-03-02 05:55:15.955005
24,2026-02-03 05:55:15.955005,15,18,5.028896917473022,2,True,Indonesia,False,2026-03-02 05:55:15.955005
24,2026-01-09 05:55:15.955005,29,8,11.625118375440968,0,True,Indonesia,False,2026-03-02 05:55:15.955005
490,2026-01-24 05:55:15.955005,24,9,15.30980931631441,4,True,Indonesia,True,2026-03-02 05:55:15.955005
4,2026-02-28 05:55:15.955005,15,10,2.8263167642531606,0,True,Indonesia,False,2026-03-02 05:55:15.955005
323,2026-02-11 05:55:15.955005,9,0,28.447284743125937,4,False,Indonesia,False,2026-03-02 05:55:15.955005
290,2026-02-25 05:55:15.955005,8,19,23.192056362961992,0,False,Indonesia,False,2026-03-02 05:55:15.955005
441,2026-01-23 05:55:15.955005,3,7,22.19470142237853,0,False,Singapore,False,2026-03-02 05:55:15.955005
433,2026-01-29 05:55:15.955005,28,19,6.012955224673082,0,False,Malaysia,False,2026-03-02 05:55:15.955005
471,2026-01-07 05:55:15.955005,13,11,18.51022227235348,1,True,Malaysia,False,2026-03-02 05:55:15.955005
181,2026-03-02 05:55:15.955005,3,0,16.362023457451357,4,False,Indonesia,True,2026-03-02 05:55:15.955005
248,2026-01-25 05:55:15.955005,11,9,29.49159652781412,2,False,Malaysia,False,2026-03-02 05:55:15.955005
116,2026-02-25 05:55:15.955005,23,3,22.68248133232458,3,True,Singapore,True,2026-03-02 05:55:15.955005
279,2026-01-17 05:55:15.955005,9,14,17.697094627770703,4,True,Singapore,False,2026-03-02 05:55:15.955005
365,2026-01-28 05:55:15.955005,3,18,25.673567327633545,1,False,Singapore,False,2026-03-02 05:55:15.955005
69,2026-01-15 05:55:15.955005,17,5,5.497733854960575,4,True,Malaysia,True,2026-03-02 05:55:15.955005
351,2026-02-16 05:55:15.955005,12,4,1.4412793610383388,2,True,Malaysia,False,2026-03-02 05:55:15.955005
254,2026-01-17 05:55:15.955005,12,4,21.016766669021173,4,True,Malaysia,False,2026-03-02 05:55:15.955005
181,2026-02-05 05:55:15.955005,13,17,3.8510323468798866,1,False,Indonesia,False,2026-03-02 05:55:15.955005
318,2026-01-05 05:55:15.955005,17,2,4.347575559521767,1,False,Singapore,False,2026-03-02 05:55:15.955005
169,2026-02-17 05:55:15.955005,0,1,22.595741066311387,3,False,Singapore,True,2026-03-02 05:55:15.955005
313,2026-01-04 05:55:15.955005,20,3,8.845510479885684,2,True,Indonesia,False,2026-03-02 05:55:15.955005
249,2026-01-08 05:55:15.955005,15,17,19.230305251497896,3,False,Malaysia,True,2026-03-02 05:55:15.955005
188,2026-02-24 05:55:15.955005,14,8,27.604800856689703,0,True,Singapore,False,2026-03-02 05:55:15.955005
54,2026-01-16 05:55:15.955005,21,18,10.17776141749789,1,False,Malaysia,True,2026-03-02 05:55:15.955005
326,2026-01-04 05:55:15.955005,24,9,7.297180577357645,3,True,Indonesia,True,2026-03-02 05:55:15.955005
357,2026-01-31 05:55:15.955005,4,14,4.0903236284905,1,True,Malaysia,False,2026-03-02 05:55:15.955005
313,2026-02-07 05:55:15.955005,28,0,4.783408481172057,1,False,Indonesia,True,2026-03-02 05:55:15.955005
138,2026-01-03 05:55:15.955005,5,10,2.804458165986439,0,False,Malaysia,False,2026-03-02 05:55:15.955005
168,2026-01-31 05:55:15.955005,5,13,3.541628986062464,1,False,Indonesia,False,2026-03-02 05:55:15.955005
391,2026-02-02 05:55:15.955005,2,9,13.528133075465464,3,False,Singapore,False,2026-03-02 05:55:15.955005
103,2026-01-20 05:55:15.955005,15,18,10.305086305695122,2,True,Indonesia,True,2026-03-02 05:55:15.955005
422,2026-01-30 05:55:15.955005,11,15,21.490263615366942,4,False,Malaysia,False,2026-03-02 05:55:15.955005
85,2026-02-14 05:55:15.955005,3,7,26.237008089163055,3,True,Singapore,False,2026-03-02 05:55:15.955005
317,2026-02-17 05:55:15.955005,0,1,23.758422891129143,0,True,Malaysia,False,2026-03-02 05:55:15.955005
212,2026-01-22 05:55:15.955005,3,6,16.388480443303912,4,False,Malaysia,False,2026-03-02 05:55:15.955005
3,2026-01-26 05:55:15.955005,0,18,3.9708213707469495,1,True,Indonesia,False,2026-03-02 05:55:15.955005
384,2026-01-04 05:55:15.955005,20,6,21.583251234305052,3,False,Indonesia,True,2026-03-02 05:55:15.955005
179,2026-01-14 05:55:15.955005,26,14,11.522033017079334,4,False,Malaysia,False,2026-03-02 05:55:15.955005
342,2026-02-07 05:55:15.955005,26,7,3.4838614235468954,3,False,Indonesia,False,2026-03-02 05:55:15.955005
303,2026-01-17 05:55:15.955005,7,13,25.431525809166143,1,True,Malaysia,False,2026-03-02 05:55:15.955005
452,2026-01-08 05:55:15.955005,23,0,10.80827899829266,3,False,Indonesia,True,2026-03-02 05:55:15.955005
476,2026-02-04 05:55:15.955005,4,12,7.329216142835569,0,False,Indonesia,False,2026-03-02 05:55:15.955005
332,2026-02-06 05:55:15.955005,29,2,26.27210987394645,4,True,Malaysia,True,2026-03-02 05:55:15.955005
38,2026-01-03 05:55:15.955005,25,5,27.161882184963144,4,False,Singapore,False,2026-03-02 05:55:15.955005
499,2026-01-30 05:55:15.955005,1,18,10.830154278555236,4,False,Indonesia,False,2026-03-02 05:55:15.955005
420,2026-01-10 05:55:15.955005,11,14,11.289241159159829,3,True,Malaysia,False,2026-03-02 05:55:15.955005
239,2026-02-13 05:55:15.955005,21,3,17.80922729991118,1,False,Singapore,False,2026-03-02 05:55:15.955005
169,2026-01-16 05:55:15.955005,16,2,22.269803320509087,3,True,Indonesia,True,2026-03-02 05:55:15.955005
453,2026-02-13 05:55:15.955005,6,3,2.8313268552990403,3,True,Indonesia,False,2026-03-02 05:55:15.955005
397,2026-01-25 05:55:15.955005,10,4,18.206966058465678,4,True,Malaysia,False,2026-03-02 05:55:15.955005
343,2026-02-05 05:55:15.955005,3,17,28.631781791723867,1,True,Indonesia,False,2026-03-02 05:55:15.955005
314,2026-02-22 05:55:15.955005,4,9,8.600723018218657,2,True,Malaysia,False,2026-03-02 05:55:15.955005
306,2026-01-02 05:55:15.955005,5,7,27.35598920881108,1,True,Malaysia,False,2026-03-02 05:55:15.955005
30,2026-01-27 05:55:15.955005,10,11,28.554881882129717,3,True,Indonesia,False,2026-03-02 05:55:15.955005
190,2026-02-23 05:55:15.955005,0,2,8.805455588161603,0,True,Singapore,False,2026-03-02 05:55:15.955005
357,2026-02-11 05:55:15.955005,24,17,22.871854110675166,1,True,Indonesia,False,2026-03-02 05:55:15.955005
25,2026-01-08 05:55:15.955005,9,7,7.92447524126724,4,False,Singapore,True,2026-03-02 05:55:15.955005
112,2026-01-20 05:55:15.955005,19,0,22.390723690231848,0,False,Indonesia,True,2026-03-02 05:55:15.955005
411,2026-02-09 05:55:15.955005,23,13,24.12517916737595,2,False,Singapore,False,2026-03-02 05:55:15.955005
435,2026-02-12 05:55:15.955005,20,12,8.168965407608834,2,True,Indonesia,False,2026-03-02 05:55:15.955005
206,2026-02-01 05:55:15.955005,10,11,21.760216763913814,0,True,Singapore,False,2026-03-02 05:55:15.955005
185,2026-01-09 05:55:15.955005,23,2,24.551031627058606,2,True,Singapore,True,2026-03-02 05:55:15.955005
382,2026-02-03 05:55:15.955005,16,17,11.39878729110044,0,False,Indonesia,True,2026-03-02 05:55:15.955005
496,2026-01-27 05:55:15.955005,7,12,5.863380503702081,3,False,Indonesia,False,2026-03-02 05:55:15.955005
379,2026-01-19 05:55:15.955005,26,14,3.6669724522078937,0,False,Malaysia,False,2026-03-02 05:55:15.955005
47,2026-02-20 05:55:15.955005,12,9,17.686069404688315,3,True,Singapore,False,2026-03-02 05:55:15.955005
374,2026-01-31 05:55:15.955005,26,0,29.364845460155685,4,True,Indonesia,True,2026-03-02 05:55:15.955005
228,2026-01-13 05:55:15.955005,19,5,24.865559280644266,4,False,Malaysia,True,2026-03-02 05:55:15.955005
39,2026-01-14 05:55:15.955005,17,8,13.63934952910203,2,False,Indonesia,False,2026-03-02 05:55:15.955005
16,2026-01-23 05:55:15.955005,26,9,16.562006182793798,0,True,Singapore,False,2026-03-02 05:55:15.955005
22,2026-01-26 05:55:15.955005,21,14,9.10630867694275,3,False,Indonesia,False,2026-03-02 05:55:15.955005
213,2026-02-01 05:55:15.955005,15,8,5.728910153441843,4,False,Indonesia,False,2026-03-02 05:55:15.955005
310,2026-02-08 05:55:15.955005,1,13,14.980353588735925,4,True,Malaysia,False,2026-03-02 05:55:15.955005
149,2026-02-12 05:55:15.955005,4,10,14.44154541884837,4,False,Indonesia,True,2026-03-02 05:55:15.955005
456,2026-02-19 05:55:15.955005,17,6,16.135968631309048,2,True,Malaysia,True,2026-03-02 05:55:15.955005
241,2026-02-16 05:55:15.955005,2,1,28.631332981354284,4,True,Singapore,True,2026-03-02 05:55:15.955005
272,2026-01-31 05:55:15.955005,26,13,18.512963704198395,1,True,Singapore,False,2026-03-02 05:55:15.955005
59,2026-01-19 05:55:15.955005,21,5,18.56738326204884,2,False,Indonesia,False,2026-03-02 05:55:15.955005
287,2026-01-25 05:55:15.955005,16,4,4.712718122971227,0,True,Malaysia,False,2026-03-02 05:55:15.955005
426,2026-01-25 05:55:15.955005,15,4,29.89817711912779,1,True,Singapore,False,2026-03-02 05:55:15.955005
202,2026-02-16 05:55:15.955005,5,18,23.412503382805387,2,True,Indonesia,False,2026-03-02 05:55:15.955005
32,2026-02-02 05:55:15.955005,18,18,26.438896978726138,2,False,Indonesia,True,2026-03-02 05:55:15.955005
443,2026-01-12 05:55:15.955005,6,5,13.014711943098828,3,False,Indonesia,True,2026-03-02 05:55:15.955005
162,2026-01-19 05:55:15.955005,17,9,15.561714777783122,1,False,Indonesia,False,2026-03-02 05:55:15.955005
255,2026-02-05 05:55:15.955005,13,13,16.140430465706018,1,True,Indonesia,False,2026-03-02 05:55:15.955005
254,2026-01-18 05:55:15.955005,5,16,6.62874163939855,1,False,Malaysia,False,2026-03-02 05:55:15.955005
9,2026-03-01 05:55:15.955005,7,2,20.99518553348176,4,False,Indonesia,True,2026-03-02 05:55:15.955005
465,2026-02-11 05:55:15.955005,14,0,27.186324984906243,4,False,Indonesia,True,2026-03-02 05:55:15.955005
139,2026-02-16 05:55:15.955005,14,9,5.7474687260141515,0,False,Indonesia,False,2026-03-02 05:55:15.955005
480,2026-01-10 05:55:15.955005,14,2,3.5032299310987707,0,True,Indonesia,True,2026-03-02 05:55:15.955005
10,2026-02-27 05:55:15.955005,15,4,22.408348260669925,0,True,Indonesia,True,2026-03-02 05:55:15.955005
214,2026-02-09 05:55:15.955005,0,18,8.92285311851648,4,True,Indonesia,False,2026-03-02 05:55:15.955005
273,2026-01-12 05:55:15.955005,10,9,19.092013706902552,3,True,Indonesia,False,2026-03-02 05:55:15.955005
324,2026-01-24 05:55:15.955005,26,15,21.17699180177324,0,True,Singapore,False,2026-03-02 05:55:15.955005
48,2026-02-08 05:55:15.955005,28,0,10.335412143872832,2,True,Singapore,True,2026-03-02 05:55:15.955005
436,2026-01-03 05:55:15.955005,24,5,24.639193325347748,4,False,Indonesia,False,2026-03-02 05:55:15.955005
111,2026-02-05 05:55:15.955005,4,8,16.94968048131229,3,False,Malaysia,False,2026-03-02 05:55:15.955005
153,2026-01-11 05:55:15.955005,4,4,26.20098283060228,2,False,Indonesia,False,2026-03-02 05:55:15.955005
123,2026-02-20 05:55:15.955005,28,13,23.135513024209477,2,False,Malaysia,False,2026-03-02 05:55:15.955005
405,2026-02-03 05:55:15.955005,27,9,26.18869332908616,4,True,Malaysia,False,2026-03-02 05:55:15.955005
357,2026-01-06 05:55:15.955005,20,1,1.5846800814189286,1,True,Malaysia,True,2026-03-02 05:55:15.955005
102,2026-03-01 05:55:15.955005,5,4,8.061681561419247,3,False,Malaysia,False,2026-03-02 05:55:15.955005
241,2026-01-03 05:55:15.955005,1,0,3.6102302729322204,4,False,Malaysia,True,2026-03-02 05:55:15.955005
321,2026-02-23 05:55:15.955005,5,9,13.820407498491125,1,True,Singapore,False,2026-03-02 05:55:15.955005
191,2026-02-02 05:55:15.955005,13,8,26.808843526844228,4,False,Indonesia,False,2026-03-02 05:55:15.955005
217,2026-02-20 05:55:15.955005,10,2,14.558667605739206,4,False,Singapore,True,2026-03-02 05:55:15.955005
51,2026-01-25 05:55:15.955005,3,14,25.64167829283143,2,False,Singapore,False,2026-03-02 05:55:15.955005
292,2026-02-13 05:55:15.955005,23,3,10.488168902560218,4,True,Indonesia,True,2026-03-02 05:55:15.955005
81,2026-01-07 05:55:15.955005,28,12,10.84753211135232,1,True,Singapore,False,2026-03-02 05:55:15.955005
489,2026-01-12 05:55:15.955005,26,5,26.97129017947945,2,True,Indonesia,False,2026-03-02 05:55:15.955005
383,2026-02-17 05:55:15.955005,24,19,13.348697248839345,1,False,Indonesia,False,2026-03-02 05:55:15.955005
88,2026-01-08 05:55:15.955005,8,16,23.903199146045324,1,True,Indonesia,False,2026-03-02 05:55:15.955005
194,2026-02-21 05:55:15.955005,23,4,7.862662888575139,2,False,Indonesia,True,2026-03-02 05:55:15.955005
104,2026-01-27 05:55:15.955005,2,14,28.515224060651427,1,False,Malaysia,False,2026-03-02 05:55:15.955005
271,2026-02-22 05:55:15.955005,25,7,17.662769149386563,0,True,Malaysia,False,2026-03-02 05:55:15.955005
96,2026-01-27 05:55:15.955005,15,4,23.020383488773653,4,True,Singapore,True,2026-03-02 05:55:15.955005
423,2026-02-20 05:55:15.955005,10,12,3.5959552940516795,2,True,Indonesia,False,2026-03-02 05:55:15.955005
379,2026-01-18 05:55:15.955005,26,0,15.287262549085332,2,True,Indonesia,False,2026-03-02 05:55:15.955005
198,2026-02-19 05:55:15.955005,3,0,27.130116434286673,0,True,Indonesia,True,2026-03-02 05:55:15.955005
1,2026-02-28 05:55:15.955005,0,6,26.434120242255833,0,True,Indonesia,False,2026-03-02 05:55:15.955005
495,2026-01-09 05:55:15.955005,24,4,2.357604759792599,0,True,Malaysia,False,2026-03-02 05:55:15.955005
407,2026-01-23 05:55:15.955005,20,13,9.807255604739455,0,False,Malaysia,False,2026-03-02 05:55:15.955005
378,2026-02-17 05:55:15.955005,21,14,13.856280187893322,3,True,Malaysia,True,2026-03-02 05:55:15.955005
167,2026-01-06 05:55:15.955005,15,16,5.995679616317858,2,False,Singapore,False,2026-03-02 05:55:15.955005
126,2026-02-03 05:55:15.955005,18,17,22.169951018709142,1,True,Indonesia,False,2026-03-02 05:55:15.955005
313,2026-02-20 05:55:15.955005,15,6,6.350847872362635,2,False,Malaysia,True,2026-03-02 05:55:15.955005
81,2026-01-23 05:55:15.955005,10,17,11.052551136726699,2,False,Malaysia,False,2026-03-02 05:55:15.955005
418,2026-02-06 05:55:15.955005,25,18,20.23513846887673,2,True,Indonesia,True,2026-03-02 05:55:15.955005
251,2026-02-10 05:55:15.955005,7,19,14.980590991209919,0,True,Malaysia,False,2026-03-02 05:55:15.955005
169,2026-02-21 05:55:15.955005,22,6,22.41856012041192,0,True,Indonesia,False,2026-03-02 05:55:15.955005
477,2026-01-19 05:55:15.955005,0,7,28.87502913546293,3,False,Indonesia,False,2026-03-02 05:55:15.955005
73,2026-02-16 05:55:15.955005,25,12,4.379853943740727,2,True,Malaysia,True,2026-03-02 05:55:15.955005
141,2026-02-12 05:55:15.955005,27,17,21.577463775543766,4,True,Singapore,True,2026-03-02 05:55:15.955005
70,2026-01-14 05:55:15.955005,20,10,7.679980513331321,3,False,Indonesia,True,2026-03-02 05:55:15.955005
262,2026-02-09 05:55:15.955005,25,8,13.019825094819508,0,False,Singapore,True,2026-03-02 05:55:15.955005
340,2026-02-10 05:55:15.955005,8,0,1.9530190480590548,2,False,Malaysia,False,2026-03-02 05:55:15.955005
308,2026-01-02 05:55:15.955005,27,7,4.941314086488269,0,False,Indonesia,True,2026-03-02 05:55:15.955005
245,2026-01-10 05:55:15.955005,26,11,10.273541382418092,1,False,Indonesia,False,2026-03-02 05:55:15.955005
3,2026-01-18 05:55:15.955005,11,1,10.917588353351563,0,False,Malaysia,True,2026-03-02 05:55:15.955005
337,2026-01-30 05:55:15.955005,21,14,27.087971277400776,0,False,Singapore,False,2026-03-02 05:55:15.955005
63,2026-01-12 05:55:15.955005,7,17,22.512574368728938,3,False,Malaysia,True,2026-03-02 05:55:15.955005
49,2026-02-08 05:55:15.955005,25,16,29.193306077424193,1,True,Malaysia,False,2026-03-02 05:55:15.955005
76,2026-02-18 05:55:15.955005,16,14,18.373073799721976,4,True,Malaysia,False,2026-03-02 05:55:15.955005
368,2026-02-26 05:55:15.955005,9,19,8.00969823064822,4,False,Singapore,False,2026-03-02 05:55:15.955005
175,2026-02-27 05:55:15.955005,26,19,10.501995867727643,4,False,Indonesia,False,2026-03-02 05:55:15.955005
109,2026-02-03 05:55:15.955005,6,8,10.275241775467045,2,False,Indonesia,False,2026-03-02 05:55:15.955005
183,2026-02-17 05:55:15.955005,18,2,10.468335502234297,4,False,Malaysia,True,2026-03-02 05:55:15.955005
192,2026-02-23 05:55:15.955005,24,19,20.515961020242653,2,False,Malaysia,False,2026-03-02 05:55:15.955005
65,2026-02-22 05:55:15.955005,5,18,16.393429914622068,0,True,Singapore,False,2026-03-02 05:55:15.955005
337,2026-01-05 05:55:15.955005,20,17,12.177301164512684,4,False,Malaysia,False,2026-03-02 05:55:15.955005
451,2026-01-11 05:55:15.955005,23,19,5.3236032931327815,3,False,Singapore,False,2026-03-02 05:55:15.955005
474,2026-01-27 05:55:15.955005,23,7,1.6420357253222313,1,True,Singapore,False,2026-03-02 05:55:15.955005
271,2026-01-25 05:55:15.955005,27,0,7.3462056500430855,1,False,Singapore,True,2026-03-02 05:55:15.955005
100,2026-02-10 05:55:15.955005,27,14,4.1166707150917565,0,False,Malaysia,True,2026-03-02 05:55:15.955005
32,2026-01-04 05:55:15.955005,18,18,23.77790589471494,1,True,Indonesia,False,2026-03-02 05:55:15.955005
352,2026-02-13 05:55:15.955005,17,9,4.262440776602676,1,False,Singapore,True,2026-03-02 05:55:15.955005
128,2026-01-29 05:55:15.955005,14,11,22.00261888189825,0,False,Indonesia,False,2026-03-02 05:55:15.955005
452,2026-02-23 05:55:15.955005,1,5,12.184102003506396,0,False,Singapore,False,2026-03-02 05:55:15.955005
402,2026-01-11 05:55:15.955005,13,12,3.127973302569503,0,True,Malaysia,False,2026-03-02 05:55:15.955005
369,2026-01-13 05:55:15.955005,20,3,24.569171433515987,3,False,Singapore,True,2026-03-02 05:55:15.955005
339,2026-02-14 05:55:15.955005,9,12,17.809286536861787,0,False,Singapore,False,2026-03-02 05:55:15.955005
43,2026-01-19 05:55:15.955005,27,16,7.8370838730436185,0,True,Indonesia,True,2026-03-02 05:55:15.955005
372,2026-01-31 05:55:15.955005,15,0,26.94575405564737,0,True,Malaysia,False,2026-03-02 05:55:15.955005
419,2026-01-28 05:55:15.955005,6,4,2.312491102245992,4,False,Singapore,False,2026-03-02 05:55:15.955005
488,2026-02-25 05:55:15.955005,7,16,6.8527686377351245,4,False,Malaysia,False,2026-03-02 05:55:15.955005
78,2026-02-09 05:55:15.955005,9,17,22.80936090636997,3,False,Indonesia,True,2026-03-02 05:55:15.955005
314,2026-02-17 05:55:15.955005,14,6,21.571959978986786,3,False,Malaysia,False,2026-03-02 05:55:15.955005
289,2026-02-28 05:55:15.955005,7,15,9.388879118009863,1,False,Malaysia,False,2026-03-02 05:55:15.955005
270,2026-02-19 05:55:15.955005,12,7,2.7987213852307105,4,False,Indonesia,False,2026-03-02 05:55:15.955005
162,2026-01-26 05:55:15.955005,11,11,25.88426409452337,3,False,Singapore,False,2026-03-02 05:55:15.955005
189,2026-02-19 05:55:15.955005,7,13,10.097231504027175,3,True,Singapore,False,2026-03-02 05:55:15.955005
247,2026-01-17 05:55:15.955005,14,18,6.675689032919691,1,True,Malaysia,False,2026-03-02 05:55:15.955005
388,2026-03-01 05:55:15.955005,25,10,15.965792848468336,0,False,Singapore,False,2026-03-02 05:55:15.955005
216,2026-03-01 05:55:15.955005,11,11,27.39658877919097,2,True,Indonesia,False,2026-03-02 05:55:15.955005
315,2026-02-16 05:55:15.955005,10,12,2.262850757457885,1,False,Malaysia,False,2026-03-02 05:55:15.955005
413,2026-02-08 05:55:15.955005,18,7,23.208318552895744,2,False,Malaysia,False,2026-03-02 05:55:15.955005
339,2026-02-02 05:55:15.955005,13,0,17.60172361022256,1,False,Singapore,False,2026-03-02 05:55:15.955005
390,2026-02-14 05:55:15.955005,26,8,13.338024380002691,1,False,Singapore,False,2026-03-02 05:55:15.955005
377,2026-01-30 05:55:15.955005,17,1,22.57833287904674,0,True,Singapore,False,2026-03-02 05:55:15.955005
481,2026-02-24 05:55:15.955005,12,13,29.008908308807335,3,False,Malaysia,False,2026-03-02 05:55:15.955005
433,2026-02-01 05:55:15.955005,3,12,7.6469801237180395,4,False,Singapore,False,2026-03-02 05:55:15.955005
168,2026-02-03 05:55:15.955005,16,15,5.1657735870914685,1,False,Malaysia,False,2026-03-02 05:55:15.955005
339,2026-02-17 05:55:15.955005,18,1,27.473570611458214,0,False,Singapore,True,2026-03-02 05:55:15.955005
193,2026-01-18 05:55:15.955005,26,3,20.399639246261806,2,True,Malaysia,True,2026-03-02 05:55:15.955005
453,2026-02-01 05:55:15.955005,8,11,13.701594625297012,3,False,Malaysia,True,2026-03-02 05:55:15.955005
283,2026-02-14 05:55:15.955005,22,15,17.62452753766421,1,True,Malaysia,True,2026-03-02 05:55:15.955005
336,2026-01-30 05:55:15.955005,6,9,22.622803250111076,2,True,Singapore,False,2026-03-02 05:55:15.955005
390,2026-01-16 05:55:15.955005,0,2,23.417925062465798,1,False,Singapore,True,2026-03-02 05:55:15.955005
488,2026-02-25 05:55:15.955005,6,3,27.676931243749973,4,False,Indonesia,True,2026-03-02 05:55:15.955005
13,2026-01-11 05:55:15.955005,25,5,13.378440877973057,4,False,Malaysia,True,2026-03-02 05:55:15.955005
240,2026-02-07 05:55:15.955005,6,4,9.508916390562455,3,True,Singapore,False,2026-03-02 05:55:15.955005
320,2026-02-25 05:55:15.955005,19,17,19.550263736905414,2,True,Indonesia,True,2026-03-02 05:55:15.955005
446,2026-02-04 05:55:15.955005,6,2,13.056109079106381,4,False,Indonesia,True,2026-03-02 05:55:15.955005
483,2026-02-13 05:55:15.955005,7,9,18.24335516452036,0,False,Singapore,False,2026-03-02 05:55:15.955005
147,2026-02-07 05:55:15.955005,15,10,13.179588155222556,3,True,Malaysia,True,2026-03-02 05:55:15.955005
204,2026-01-25 05:55:15.955005,2,18,5.43687781366706,1,False,Indonesia,False,2026-03-02 05:55:15.955005
80,2026-01-06 05:55:15.955005,12,13,14.613375798109795,2,True,Indonesia,False,2026-03-02 05:55:15.955005
379,2026-02-07 05:55:15.955005,9,10,21.03661683628995,2,True,Malaysia,False,2026-03-02 05:55:15.955005
43,2026-01-24 05:55:15.955005,17,3,24.179230422361844,0,True,Singapore,True,2026-03-02 05:55:15.955005
458,2026-01-28 05:55:15.955005,6,5,15.306462027099858,4,True,Malaysia,True,2026-03-02 05:55:15.955005
89,2026-01-22 05:55:15.955005,20,16,5.791898816101627,2,False,Malaysia,True,2026-03-02 05:55:15.955005
148,2026-01-15 05:55:15.955005,20,18,13.025943579833516,0,False,Singapore,False,2026-03-02 05:55:15.955005
95,2026-02-16 05:55:15.955005,29,12,23.802523936409248,0,True,Indonesia,True,2026-03-02 05:55:15.955005
452,2026-02-20 05:55:15.955005,4,9,12.972918847895112,1,False,Malaysia,False,2026-03-02 05:55:15.955005
428,2026-02-09 05:55:15.955005,22,10,21.199393014522446,0,True,Indonesia,False,2026-03-02 05:55:15.955005
151,2026-01-08 05:55:15.955005,24,5,15.709196768664604,3,False,Indonesia,True,2026-03-02 05:55:15.955005
2,2026-02-07 05:55:15.955005,26,1,7.995470628172504,2,True,Indonesia,True,2026-03-02 05:55:15.955005
376,2026-03-02 05:55:15.955005,23,0,24.088364732669156,3,False,Singapore,False,2026-03-02 05:55:15.955005
22,2026-02-13 05:55:15.955005,21,10,3.442190168049924,0,False,Indonesia,False,2026-03-02 05:55:15.955005
371,2026-01-18 05:55:15.955005,6,15,16.221818199899367,0,True,Malaysia,False,2026-03-02 05:55:15.955005
313,2026-02-19 05:55:15.955005,24,2,7.057839993058743,3,False,Malaysia,True,2026-03-02 05:55:15.955005
485,2026-01-05 05:55:15.955005,29,4,2.944903227699894,1,True,Malaysia,False,2026-03-02 05:55:15.955005
328,2026-01-19 05:55:15.955005,26,14,15.585084175414217,0,False,Singapore,False,2026-03-02 05:55:15.955005
7,2026-02-03 05:55:15.955005,21,14,15.487302522112785,3,True,Malaysia,False,2026-03-02 05:55:15.955005
206,2026-01-22 05:55:15.955005,16,3,21.500126148595903,3,False,Singapore,False,2026-03-02 05:55:15.955005
440,2026-01-02 05:55:15.955005,3,3,22.59777009850524,2,False,Indonesia,False,2026-03-02 05:55:15.955005
375,2026-02-24 05:55:15.955005,23,7,22.105953172094008,1,True,Indonesia,False,2026-03-02 05:55:15.955005
451,2026-02-08 05:55:15.955005,22,6,12.877203254585897,4,True,Singapore,False,2026-03-02 05:55:15.955005
114,2026-02-10 05:55:15.955005,15,16,19.319003829570313,3,False,Singapore,False,2026-03-02 05:55:15.955005
272,2026-01-28 05:55:15.955005,18,14,17.731412036674847,2,False,Singapore,False,2026-03-02 05:55:15.955005
83,2026-02-20 05:55:15.955005,9,4,13.225290927390668,4,True,Indonesia,True,2026-03-02 05:55:15.955005
179,2026-02-09 05:55:15.955005,2,12,18.319168131393802,2,True,Singapore,False,2026-03-02 05:55:15.955005
210,2026-01-20 05:55:15.955005,26,3,28.470188424481613,2,True,Indonesia,False,2026-03-02 05:55:15.955005
500,2026-01-27 05:55:15.955005,2,16,6.593918566759943,1,True,Indonesia,False,2026-03-02 05:55:15.955005
464,2026-01-10 05:55:15.955005,27,16,27.267390777780264,0,False,Malaysia,False,2026-03-02 05:55:15.955005
328,2026-02-02 05:55:15.955005,16,13,2.5502099055127525,1,False,Indonesia,False,2026-03-02 05:55:15.955005
124,2026-01-20 05:55:15.955005,9,13,9.943287174148159,4,False,Singapore,False,2026-03-02 05:55:15.955005
481,2026-02-03 05:55:15.955005,16,16,9.356212209734318,1,False,Singapore,False,2026-03-02 05:55:15.955005
113,2026-01-03 05:55:15.955005,21,7,19.164588128546267,0,False,Singapore,True,2026-03-02 05:55:15.955005
12,2026-02-13 05:55:15.955005,29,1,4.805523601541419,1,False,Indonesia,True,2026-03-02 05:55:15.955005
126,2026-02-17 05:55:15.955005,29,12,26.588080743352858,1,True,Indonesia,False,2026-03-02 05:55:15.955005
53,2026-02-13 05:55:15.955005,16,15,25.027990845486197,1,False,Malaysia,True,2026-03-02 05:55:15.955005
331,2026-02-03 05:55:15.955005,20,15,19.909908770873056,3,True,Malaysia,False,2026-03-02 05:55:15.955005
389,2026-02-07 05:55:15.955005,3,5,14.294001121973734,3,True,Singapore,True,2026-03-02 05:55:15.955005
283,2026-02-23 05:55:15.955005,20,3,28.055725222120273,1,True,Indonesia,False,2026-03-02 05:55:15.955005
140,2026-01-20 05:55:15.955005,22,2,25.09165008689612,0,True,Singapore,True,2026-03-02 05:55:15.955005
401,2026-01-08 05:55:15.955005,5,5,15.480139294356102,0,False,Singapore,False,2026-03-02 05:55:15.955005
390,2026-01-17 05:55:15.955005,11,3,21.354327279175024,0,True,Singapore,False,2026-03-02 05:55:15.955005
97,2026-01-09 05:55:15.955005,24,17,17.440968613210853,0,True,Malaysia,False,2026-03-02 05:55:15.955005
5,2026-02-23 05:55:15.955005,21,5,18.050324913259672,2,False,Singapore,False,2026-03-02 05:55:15.955005
57,2026-02-27 05:55:15.955005,24,4,10.598306013686667,1,True,Malaysia,False,2026-03-02 05:55:15.955005
412,2026-02-04 05:55:15.955005,19,8,14.400453534122006,1,True,Indonesia,False,2026-03-02 05:55:15.955005
334,2026-01-26 05:55:15.955005,16,10,3.265521492902582,2,False,Singapore,False,2026-03-02 05:55:15.955005
69,2026-02-26 05:55:15.955005,16,5,11.363112058273183,0,True,Malaysia,False,2026-03-02 05:55:15.955005
118,2026-01-29 05:55:15.955005,9,15,21.179026945502407,4,False,Indonesia,False,2026-03-02 05:55:15.955005
376,2026-01-13 05:55:15.955005,6,18,28.643264884679404,4,False,Malaysia,True,2026-03-02 05:55:15.955005
59,2026-01-28 05:55:15.955005,28,10,28.92885927012759,2,False,Singapore,False,2026-03-02 05:55:15.955005
33,2026-02-01 05:55:15.955005,15,14,17.11596320462186,4,False,Indonesia,False,2026-03-02 05:55:15.955005
318,2026-02-23 05:55:15.955005,28,8,18.59204530247788,3,False,Indonesia,True,2026-03-02 05:55:15.955005
50,2026-01-23 05:55:15.955005,12,18,6.3859143795280575,1,True,Indonesia,False,2026-03-02 05:55:15.955005
368,2026-01-15 05:55:15.955005,2,18,21.16393513471239,4,False,Malaysia,False,2026-03-02 05:55:15.955005
489,2026-02-05 05:55:15.955005,1,8,3.049104987557201,3,False,Malaysia,False,2026-03-02 05:55:15.955005
19,2026-01-05 05:55:15.955005,15,3,9.25588488818389,1,False,Malaysia,False,2026-03-02 05:55:15.955005
214,2026-01-25 05:55:15.955005,29,9,20.382537071277824,3,False,Indonesia,True,2026-03-02 05:55:15.955005
197,2026-01-28 05:55:15.955005,5,8,9.998993814761189,1,False,Singapore,False,2026-03-02 05:55:15.955005
379,2026-02-24 05:55:15.955005,5,18,2.445559349319175,1,True,Singapore,False,2026-03-02 05:55:15.955005
450,2026-01-22 05:55:15.955005,12,14,25.12424187117795,4,True,Indonesia,False,2026-03-02 05:55:15.955005
478,2026-02-03 05:55:15.955005,6,18,9.999570206902328,2,False,Singapore,False,2026-03-02 05:55:15.955005
47,2026-01-23 05:55:15.955005,4,1,2.8300515209016743,4,True,Indonesia,True,2026-03-02 05:55:15.955005
167,2026-01-23 05:55:15.955005,23,9,3.1688567705830906,0,False,Singapore,True,2026-03-02 05:55:15.955005
452,2026-02-03 05:55:15.955005,6,18,8.301005164873855,3,False,Singapore,False,2026-03-02 05:55:15.955005
289,2026-02-17 05:55:15.955005,1,16,6.162462469424261,0,False,Singapore,False,2026-03-02 05:55:15.955005
141,2026-01-09 05:55:15.955005,16,19,23.454703415624376,1,True,Malaysia,False,2026-03-02 05:55:15.955005
84,2026-01-12 05:55:15.955005,12,1,10.328837353343998,4,False,Malaysia,False,2026-03-02 05:55:15.955005
182,2026-01-24 05:55:15.955005,29,18,24.336177766155142,0,False,Indonesia,False,2026-03-02 05:55:15.955005
391,2026-02-27 05:55:15.955005,24,16,6.041533936871431,0,True,Malaysia,False,2026-03-02 05:55:15.955005
79,2026-01-20 05:55:15.955005,20,17,15.29349620677843,0,False,Indonesia,False,2026-03-02 05:55:15.955005
215,2026-02-13 05:55:15.955005,27,16,20.953076873040736,1,True,Malaysia,False,2026-03-02 05:55:15.955005
14,2026-01-18 05:55:15.955005,26,1,19.90773476210979,1,True,Singapore,True,2026-03-02 05:55:15.955005
215,2026-01-14 05:55:15.955005,20,18,18.432752887977795,1,False,Malaysia,True,2026-03-02 05:55:15.955005
403,2026-02-06 05:55:15.955005,27,0,27.819826456003923,0,True,Malaysia,False,2026-03-02 05:55:15.955005
128,2026-02-24 05:55:15.955005,15,10,7.627229283495587,3,False,Malaysia,True,2026-03-02 05:55:15.955005
310,2026-01-24 05:55:15.955005,25,9,15.317856929401056,4,True,Indonesia,True,2026-03-02 05:55:15.955005
477,2026-02-03 05:55:15.955005,19,4,26.635783952099853,4,True,Indonesia,True,2026-03-02 05:55:15.955005
248,2026-02-26 05:55:15.955005,1,15,3.258919202259554,1,True,Singapore,False,2026-03-02 05:55:15.955005
404,2026-02-28 05:55:15.955005,4,4,2.620759779339182,0,False,Singapore,False,2026-03-02 05:55:15.955005
29,2026-01-18 05:55:15.955005,17,11,7.765766339190451,3,True,Singapore,False,2026-03-02 05:55:15.955005
280,2026-01-31 05:55:15.955005,27,3,19.357615366602538,2,False,Malaysia,True,2026-03-02 05:55:15.955005
338,2026-01-15 05:55:15.955005,6,5,8.5365091670444,1,False,Singapore,False,2026-03-02 05:55:15.955005
319,2026-01-20 05:55:15.955005,10,18,6.51695663045517,2,False,Indonesia,False,2026-03-02 05:55:15.955005
202,2026-01-04 05:55:15.955005,24,8,14.30526714539047,4,True,Singapore,True,2026-03-02 05:55:15.955005
361,2026-02-11 05:55:15.955005,24,11,18.794343994312932,4,True,Singapore,False,2026-03-02 05:55:15.955005
57,2026-02-12 05:55:15.955005,10,14,8.208173503485472,3,False,Singapore,False,2026-03-02 05:55:15.955005
392,2026-01-14 05:55:15.955005,21,15,9.72004441498852,3,False,Singapore,True,2026-03-02 05:55:15.955005
218,2026-01-02 05:55:15.955005,16,12,18.793219839533904,2,False,Singapore,True,2026-03-02 05:55:15.955005
62,2026-02-20 05:55:15.955005,15,6,28.42641423769413,4,False,Indonesia,True,2026-03-02 05:55:15.955005
157,2026-01-22 05:55:15.955005,12,19,20.56751009570456,3,False,Malaysia,False,2026-03-02 05:55:15.955005
202,2026-02-28 05:55:15.955005,21,3,23.70422016395224,3,False,Singapore,False,2026-03-02 05:55:15.955005
17,2026-02-08 05:55:15.955005,4,10,11.637492747908594,4,True,Malaysia,False,2026-03-02 05:55:15.955005
322,2026-02-24 05:55:15.955005,19,7,8.895376422149516,4,False,Singapore,True,2026-03-02 05:55:15.955005
6,2026-02-08 05:55:15.955005,15,5,14.173764552876053,0,False,Malaysia,True,2026-03-02 05:55:15.955005
58,2026-02-24 05:55:15.955005,27,9,24.406852032638536,3,False,Indonesia,False,2026-03-02 05:55:15.955005
325,2026-01-16 05:55:15.955005,21,6,14.23268961192612,2,False,Malaysia,False,2026-03-02 05:55:15.955005
412,2026-01-28 05:55:15.955005,21,6,25.55503685490597,1,True,Singapore,False,2026-03-02 05:55:15.955005
318,2026-01-20 05:55:15.955005,15,3,29.674387440158686,1,True,Malaysia,False,2026-03-02 05:55:15.955005
169,2026-02-12 05:55:15.955005,15,2,3.0887733061797538,4,False,Malaysia,True,2026-03-02 05:55:15.955005
453,2026-01-04 05:55:15.955005,13,6,2.316894526427407,2,False,Singapore,False,2026-03-02 05:55:15.955005
82,2026-02-22 05:55:15.955005,5,3,5.3381013844874925,0,False,Malaysia,False,2026-03-02 05:55:15.955005
474,2026-01-14 05:55:15.955005,1,12,12.14672059629604,3,True,Singapore,False,2026-03-02 05:55:15.955005
468,2026-01-11 05:55:15.955005,13,19,4.80022406521754,0,True,Indonesia,False,2026-03-02 05:55:15.955005
425,2026-02-13 05:55:15.955005,15,16,26.249269850943925,2,True,Singapore,False,2026-03-02 05:55:15.955005
433,2026-01-21 05:55:15.955005,22,6,1.6712412797848502,0,False,Indonesia,False,2026-03-02 05:55:15.955005
219,2026-01-14 05:55:15.955005,29,16,10.157988773738852,4,True,Malaysia,False,2026-03-02 05:55:15.955005
177,2026-01-17 05:55:15.955005,19,3,6.356144255331955,1,False,Singapore,False,2026-03-02 05:55:15.955005
204,2026-01-20 05:55:15.955005,12,10,28.01464057456844,4,False,Malaysia,True,2026-03-02 05:55:15.955005
71,2026-02-06 05:55:15.955005,14,2,20.41494914181081,3,False,Indonesia,True,2026-03-02 05:55:15.955005
387,2026-01-10 05:55:15.955005,11,10,27.44887743708986,4,False,Indonesia,False,2026-03-02 05:55:15.955005
266,2026-02-17 05:55:15.955005,8,2,29.19753259900141,2,False,Malaysia,True,2026-03-02 05:55:15.955005
98,2026-01-18 05:55:15.955005,25,11,15.415849066643707,2,True,Singapore,False,2026-03-02 05:55:15.955005
345,2026-02-06 05:55:15.955005,17,0,7.795254133392762,3,True,Singapore,True,2026-03-02 05:55:15.955005
291,2026-02-12 05:55:15.955005,20,3,6.618134799701089,3,True,Singapore,True,2026-03-02 05:55:15.955005
208,2026-01-23 05:55:15.955005,13,13,7.464646988889375,1,False,Singapore,False,2026-03-02 05:55:15.955005
2,2026-01-07 05:55:15.955005,19,0,21.549205921038084,0,True,Indonesia,False,2026-03-02 05:55:15.955005
124,2026-02-16 05:55:15.955005,24,13,2.172926115567021,1,False,Singapore,False,2026-03-02 05:55:15.955005
280,2026-02-15 05:55:15.955005,3,12,2.489471117948731,4,False,Malaysia,False,2026-03-02 05:55:15.955005
74,2026-02-04 05:55:15.955005,7,12,18.63614532911135,0,False,Indonesia,False,2026-03-02 05:55:15.955005
166,2026-01-22 05:55:15.955005,7,14,19.61965725538479,3,True,Malaysia,False,2026-03-02 05:55:15.955005
22,2026-02-21 05:55:15.955005,21,16,20.29262480535134,2,True,Malaysia,False,2026-03-02 05:55:15.955005
154,2026-02-27 05:55:15.955005,21,11,11.784534633069146,4,True,Malaysia,False,2026-03-02 05:55:15.955005
427,2026-01-11 05:55:15.955005,15,13,24.37240177271044,1,True,Indonesia,True,2026-03-02 05:55:15.955005
439,2026-02-12 05:55:15.955005,26,11,16.47511304407191,3,False,Singapore,False,2026-03-02 05:55:15.955005
295,2026-02-03 05:55:15.955005,23,17,4.058503270273164,0,False,Malaysia,True,2026-03-02 05:55:15.955005
219,2026-02-10 05:55:15.955005,27,3,24.11587990495301,0,False,Malaysia,True,2026-03-02 05:55:15.955005
157,2026-01-03 05:55:15.955005,28,13,28.63896580184329,2,False,Singapore,False,2026-03-02 05:55:15.955005
495,2026-01-15 05:55:15.955005,27,18,2.7410530770684014,3,False,Singapore,False,2026-03-02 05:55:15.955005
230,2026-02-17 05:55:15.955005,9,12,12.349188822316817,3,True,Singapore,True,2026-03-02 05:55:15.955005
20,2026-01-29 05:55:15.955005,24,17,15.137965300207682,4,True,Singapore,False,2026-03-02 05:55:15.955005
475,2026-01-14 05:55:15.955005,20,10,5.247652042271191,4,False,Malaysia,True,2026-03-02 05:55:15.955005
41,2026-02-21 05:55:15.955005,26,5,26.163559485703438,0,False,Indonesia,False,2026-03-02 05:55:15.955005
438,2026-02-12 05:55:15.955005,16,8,9.240339701811276,1,False,Singapore,False,2026-03-02 05:55:15.955005
148,2026-02-01 05:55:15.955005,0,11,23.707247658206644,0,False,Singapore,False,2026-03-02 05:55:15.955005
108,2026-02-09 05:55:15.955005,17,18,20.458839978821164,4,False,Malaysia,False,2026-03-02 05:55:15.955005
403,2026-02-28 05:55:15.955005,9,13,18.343328851543678,4,True,Singapore,False,2026-03-02 05:55:15.955005
84,2026-01-25 05:55:15.955005,25,14,6.572142612200078,4,False,Malaysia,True,2026-03-02 05:55:15.955005
483,2026-01-21 05:55:15.955005,20,10,7.400402095976265,0,True,Malaysia,False,2026-03-02 05:55:15.955005
367,2026-02-13 05:55:15.955005,3,5,2.37310373765051,3,True,Malaysia,True,2026-03-02 05:55:15.955005
322,2026-02-20 05:55:15.955005,0,13,7.980660463685725,1,False,Malaysia,False,2026-03-02 05:55:15.955005
414,2026-01-14 05:55:15.955005,3,2,11.01786467435491,1,False,Singapore,False,2026-03-02 05:55:15.955005
309,2026-03-01 05:55:15.955005,3,18,25.161213812010335,4,True,Indonesia,False,2026-03-02 05:55:15.955005
290,2026-02-19 05:55:15.955005,25,19,11.625387334729353,2,True,Singapore,False,2026-03-02 05:55:15.955005
406,2026-01-08 05:55:15.955005,3,10,22.884031700202588,0,True,Indonesia,False,2026-03-02 05:55:15.955005
323,2026-02-25 05:55:15.955005,16,16,13.74382615756914,3,False,Singapore,True,2026-03-02 05:55:15.955005
134,2026-01-19 05:55:15.955005,8,16,23.761181047822763,4,True,Malaysia,False,2026-03-02 05:55:15.955005
207,2026-01-03 05:55:15.955005,29,2,29.311876412674156,2,False,Singapore,False,2026-03-02 05:55:15.955005
283,2026-01-22 05:55:15.955005,18,13,7.955405183669823,4,True,Malaysia,False,2026-03-02 05:55:15.955005
266,2026-01-18 05:55:15.955005,12,6,26.007906746952408,2,False,Singapore,False,2026-03-02 05:55:15.955005
73,2026-02-02 05:55:15.955005,3,18,19.032898502867464,1,False,Malaysia,False,2026-03-02 05:55:15.955005
481,2026-01-03 05:55:15.955005,4,2,24.70153358607099,2,True,Indonesia,False,2026-03-02 05:55:15.955005
352,2026-02-01 05:55:15.955005,28,1,19.89599116576635,1,False,Malaysia,False,2026-03-02 05:55:15.955005
48,2026-03-01 05:55:15.955005,12,16,13.294535710950354,1,False,Singapore,False,2026-03-02 05:55:15.955005
326,2026-02-22 05:55:15.955005,22,8,7.61417324381192,0,True,Malaysia,False,2026-03-02 05:55:15.955005
233,2026-01-15 05:55:15.955005,15,5,3.0310215346037856,2,False,Indonesia,False,2026-03-02 05:55:15.955005
443,2026-03-01 05:55:15.955005,21,8,16.53003256936079,3,True,Indonesia,True,2026-03-02 05:55:15.955005
100,2026-02-02 05:55:15.955005,4,4,29.719456741279103,3,True,Singapore,False,2026-03-02 05:55:15.955005
59,2026-01-29 05:55:15.955005,7,1,22.40321234541198,2,True,Malaysia,False,2026-03-02 05:55:15.955005
258,2026-02-21 05:55:15.955005,15,14,10.493020700571481,0,False,Singapore,True,2026-03-02 05:55:15.955005
413,2026-01-28 05:55:15.955005,29,8,24.988939202515322,3,False,Malaysia,False,2026-03-02 05:55:15.955005
452,2026-01-18 05:55:15.955005,0,18,23.30053600511579,4,True,Indonesia,True,2026-03-02 05:55:15.955005
65,2026-01-07 05:55:15.955005,22,9,9.167438007250247,3,False,Singapore,False,2026-03-02 05:55:15.955005
83,2026-02-23 05:55:15.955005,27,3,1.4149172040328057,0,True,Indonesia,True,2026-03-02 05:55:15.955005
154,2026-01-25 05:55:15.955005,5,9,4.426716517484538,1,True,Malaysia,False,2026-03-02 05:55:15.955005
473,2026-01-08 05:55:15.955005,10,7,26.44187951904967,1,True,Indonesia,False,2026-03-02 05:55:15.955005
266,2026-01-02 05:55:15.955005,15,12,25.260328023841282,1,False,Malaysia,False,2026-03-02 05:55:15.955005
309,2026-01-29 05:55:15.955005,4,6,9.56106102547251,0,False,Singapore,False,2026-03-02 05:55:15.955005
